raw_index,ordinal,render_key,generator_index,generator_name,sample_index,source_type,picture_category,asset_id,seed,color_hex,image_path,png_bytes,png_sha256,tsne_x,tsne_y
0,1,G0001__S01__seed_0021,G0001,Accessories_Cushion,1,picture_backed,Accessories,seed_0021,21,#e818e8,/mnt/zsn/lyb/arti-skill/exp/uniform531_n5_studio_256_v1/G0001__S01__seed_0021__Accessories_Cushion.png,83613,6203eee7da9aa8e9220318db47be0ae833b5647a7ea2f184774ca590cedcd9ed,-23.642601,-5.10978651
1,2,G0001__S02__seed_0019,G0001,Accessories_Cushion,2,picture_backed,Accessories,seed_0019,19,#e818e8,/mnt/zsn/lyb/arti-skill/exp/uniform531_n5_studio_256_v1/G0001__S02__seed_0019__Accessories_Cushion.png,77872,10c47a72280123c82fd20c11a10a7048178fb986ce07fb32d0c9e3b2afad8b63,-20.928133,-5.58698273
2,3,G0001__S03__seed_0024,G0001,Accessories_Cushion,3,picture_backed,Accessories,seed_0024,24,#e818e8,/mnt/zsn/lyb/arti-skill/exp/uniform531_n5_studio_256_v1/G0001__S03__seed_0024__Accessories_Cushion.png,76317,f807694af2e37ec42bbc8dd695acabc2d569bf1318d10958b65448becab9355d,-22.5011902,-5.34139872
3,4,G0001__S04__seed_0012,G0001,Accessories_Cushion,4,picture_backed,Accessories,seed_0012,12,#e818e8,/mnt/zsn/lyb/arti-skill/exp/uniform531_n5_studio_256_v1/G0001__S04__seed_0012__Accessories_Cushion.png,74261,037c2b09aa3530e1afa88fabc1f6d0ad42c5a47557df8e9f690d9a29dd1f777c,-5.45673132,-18.7859707
4,5,G0001__S05__seed_0034,G0001,Accessories_Cushion,5,picture_backed,Accessories,seed_0034,34,#e818e8,/mnt/zsn/lyb/arti-skill/exp/uniform531_n5_studio_256_v1/G0001__S05__seed_0034__Accessories_Cushion.png,79160,d64831a551b583f9538f4c2341ee31b477cc46b8e179e06b361a7bcd04f13e6c,-21.9194126,-5.50969219
5,6,G0002__S01__seed_0001,G0002,Accessories_glasses,1,picture_backed,Accessories,seed_0001,1,#18e818,/mnt/zsn/lyb/arti-skill/exp/uniform531_n5_studio_256_v1/G0002__S01__seed_0001__Accessories_glasses.png,75913,4adb9a22304e8be063cce7c79571a58ab651bd9baf8e67697d3b4f2119de7869,31.0296803,27.5305614
6,7,G0002__S02__seed_0015,G0002,Accessories_glasses,2,picture_backed,Accessories,seed_0015,18,#18e818,/mnt/zsn/lyb/arti-skill/exp/uniform531_n5_studio_256_v1/G0002__S02__seed_0015__Accessories_glasses.png,75587,ff96a70bf376c786b948b9b83e5552beccff3ac32530bbd144396b566dc42ae0,31.5550156,28.5969353
7,8,G0002__S03__seed_0030,G0002,Accessories_glasses,3,picture_backed,Accessories,seed_0030,40,#18e818,/mnt/zsn/lyb/arti-skill/exp/uniform531_n5_studio_256_v1/G0002__S03__seed_0030__Accessories_glasses.png,79015,b3898edf141ea6ae140f65d8f5c6871d8d2fd95e8fb4c1637f77bf0294db58a8,31.0381107,27.5567684
8,9,G0002__S04__seed_0019,G0002,Accessories_glasses,4,picture_backed,Accessories,seed_0019,23,#18e818,/mnt/zsn/lyb/arti-skill/exp/uniform531_n5_studio_256_v1/G0002__S04__seed_0019__Accessories_glasses.png,75760,e53b4561b5be0f6b417ad494b2bda799555bd4154617c350bd32fbdfd260c001,31.5214291,28.5099201
9,10,G0002__S05__seed_0005,G0002,Accessories_glasses,5,picture_backed,Accessories,seed_0005,6,#18e818,/mnt/zsn/lyb/arti-skill/exp/uniform531_n5_studio_256_v1/G0002__S05__seed_0005__Accessories_glasses.png,77033,09f86c8d73394b24d3a635ecfac0748589190da18b6b8eaa55652abb820feea4,31.4134102,28.3196583
10,11,G0003__S01__seed_0038,G0003,adjustable_monitor_arm,1,picture_backed,Workspace,seed_0038,38,#184818,/mnt/zsn/lyb/arti-skill/exp/uniform531_n5_studio_256_v1/G0003__S01__seed_0038__adjustable_monitor_arm.png,73987,ba0f367bc542d7b7612ce8992216613af800339ab751c882e858b98490ef81a7,26.3379116,18.9995918
11,12,G0003__S02__seed_0042,G0003,adjustable_monitor_arm,2,picture_backed,Workspace,seed_0042,42,#184818,/mnt/zsn/lyb/arti-skill/exp/uniform531_n5_studio_256_v1/G0003__S02__seed_0042__adjustable_monitor_arm.png,77902,089f8b95dd484ebac12547061aeca6d34286e495aa4305953defac79cad37a4a,25.7247391,19.2886772
12,13,G0003__S03__seed_0024,G0003,adjustable_monitor_arm,3,picture_backed,Workspace,seed_0024,24,#184818,/mnt/zsn/lyb/arti-skill/exp/uniform531_n5_studio_256_v1/G0003__S03__seed_0024__adjustable_monitor_arm.png,74596,57dab0275543e8bbf860026ed9e6ed155dc6f0c902401e126df3edb44b88d628,26.4428291,20.6352043
13,14,G0003__S04__seed_0015,G0003,adjustable_monitor_arm,4,picture_backed,Workspace,seed_0015,15,#184818,/mnt/zsn/lyb/arti-skill/exp/uniform531_n5_studio_256_v1/G0003__S04__seed_0015__adjustable_monitor_arm.png,72187,d153e55bd816749cd83938ec93640bfa18b30a87405ca309c6b9bc7e8ba2f534,25.5133705,20.7377357
14,15,G0003__S05__seed_0013,G0003,adjustable_monitor_arm,5,picture_backed,Workspace,seed_0013,13,#184818,/mnt/zsn/lyb/arti-skill/exp/uniform531_n5_studio_256_v1/G0003__S05__seed_0013__adjustable_monitor_arm.png,72698,ede1e493865cfc45bcc3b1851aabf5f619d3ab552bb073c2a774a5333d8b4d08,25.1846142,20.3838158
15,16,G0004__S01__seed_0017,G0004,animal_feeding_bowl_stand,1,picture_backed,Pet_Animal related,seed_0017,20,#2818e8,/mnt/zsn/lyb/arti-skill/exp/uniform531_n5_studio_256_v1/G0004__S01__seed_0017__animal_feeding_bowl_stand.png,79329,ab636276521262b1e2c38432eb8dad5fea7fd348865d5159fe632a49e3f37e93,14.9837055,12.1651325
16,17,G0004__S02__seed_0009,G0004,animal_feeding_bowl_stand,2,picture_backed,Pet_Animal related,seed_0009,10,#2818e8,/mnt/zsn/lyb/arti-skill/exp/uniform531_n5_studio_256_v1/G0004__S02__seed_0009__animal_feeding_bowl_stand.png,84660,a821663a125c73afab3878fbb175fee0dc98a7df60be2cc4e169a41fc6cd5d97,15.0096989,12.7305079
17,18,G0004__S03__seed_0014,G0004,animal_feeding_bowl_stand,3,picture_backed,Pet_Animal related,seed_0014,17,#2818e8,/mnt/zsn/lyb/arti-skill/exp/uniform531_n5_studio_256_v1/G0004__S03__seed_0014__animal_feeding_bowl_stand.png,83125,8970a874aadfa71f490e4436bd5dc281412bfd04fd7f3175d1aa52002a544730,14.997303,12.8815603
18,19,G0004__S04__seed_0004,G0004,animal_feeding_bowl_stand,4,picture_backed,Pet_Animal related,seed_0004,5,#2818e8,/mnt/zsn/lyb/arti-skill/exp/uniform531_n5_studio_256_v1/G0004__S04__seed_0004__animal_feeding_bowl_stand.png,76089,7d7b9c5b8d87685398143695b8bce79c8846a7a938ba022c4e7bbfc9de16051a,19.0842552,-24.2211838
19,20,G0004__S05__seed_0018,G0004,animal_feeding_bowl_stand,5,picture_backed,Pet_Animal related,seed_0018,21,#2818e8,/mnt/zsn/lyb/arti-skill/exp/uniform531_n5_studio_256_v1/G0004__S05__seed_0018__animal_feeding_bowl_stand.png,81662,64643b216195f5861ce35801a346ea1f61f8e3246a452a6205880393c6113bfa,15.0089483,12.9008989
20,21,G0005__S01__seed_0114,G0005,aquarium,1,picture_backed,Pet_Animal related,seed_0114,114,#d87818,/mnt/zsn/lyb/arti-skill/exp/uniform531_n5_studio_256_v1/G0005__S01__seed_0114__aquarium.png,82824,56df2d852ca683e987a9921a4eb416c84b9ffca742eefa79f7af5124624aa3cd,-13.6936245,-33.9192772
21,22,G0005__S02__seed_0098,G0005,aquarium,2,picture_backed,Pet_Animal related,seed_0098,98,#d87818,/mnt/zsn/lyb/arti-skill/exp/uniform531_n5_studio_256_v1/G0005__S02__seed_0098__aquarium.png,86638,ec3207ba32063ac9f1e7063b097198e1a5f366c10da8e67c1e433e4e07c33040,-12.5293541,-34.6272469
22,23,G0005__S03__seed_0105,G0005,aquarium,3,picture_backed,Pet_Animal related,seed_0105,105,#d87818,/mnt/zsn/lyb/arti-skill/exp/uniform531_n5_studio_256_v1/G0005__S03__seed_0105__aquarium.png,81299,c729729c1ca89ce9a03f0a1f3c4f720f68f080ab65ded5a1fffa8b24ab17df73,-12.107235,-33.7694435
23,24,G0005__S04__seed_0108,G0005,aquarium,4,picture_backed,Pet_Animal related,seed_0108,108,#d87818,/mnt/zsn/lyb/arti-skill/exp/uniform531_n5_studio_256_v1/G0005__S04__seed_0108__aquarium.png,86894,17df3c9436050bef0b16dad8c88fe0e3e98f3c3928dd976c81fe0d54d25404d8,-13.2486429,-33.6449013
24,25,G0005__S05__seed_0006,G0005,aquarium,5,picture_backed,Pet_Animal related,seed_0006,6,#d87818,/mnt/zsn/lyb/arti-skill/exp/uniform531_n5_studio_256_v1/G0005__S05__seed_0006__aquarium.png,83501,28ff86447357b077d30a8b577765cce6a8c511fd44f73065c8b1f8594817265e,-13.7209854,-33.8720322
25,26,G0006__S01__seed_0190,G0006,Art_Drawing_Models_Articulated_mannequin_Poseable_figure_mannequin,1,picture_backed,Art_Drawing Models,seed_0190,190,#18a8e8,/mnt/zsn/lyb/arti-skill/exp/uniform531_n5_studio_256_v1/G0006__S01__seed_0190__Art_Drawing_Models_Articulated_mannequin_Poseable_figure_mannequin.png,72350,7f78d601dd47c4ecc4dd03c61927cd56072bcbf600a053afd1a13b81e6ae715c,32.2233162,-28.3032551
26,27,G0006__S02__seed_0218,G0006,Art_Drawing_Models_Articulated_mannequin_Poseable_figure_mannequin,2,picture_backed,Art_Drawing Models,seed_0218,218,#18a8e8,/mnt/zsn/lyb/arti-skill/exp/uniform531_n5_studio_256_v1/G0006__S02__seed_0218__Art_Drawing_Models_Articulated_mannequin_Poseable_figure_mannequin.png,77339,bb7a7e0dfcceb2d555905df7bf90f4a2a95ea1df072e40e6cfc45c7c3a34af47,32.5678558,-27.9969654
27,28,G0006__S03__seed_0075,G0006,Art_Drawing_Models_Articulated_mannequin_Poseable_figure_mannequin,3,picture_backed,Art_Drawing Models,seed_0075,75,#18a8e8,/mnt/zsn/lyb/arti-skill/exp/uniform531_n5_studio_256_v1/G0006__S03__seed_0075__Art_Drawing_Models_Articulated_mannequin_Poseable_figure_mannequin.png,76467,a7aa948248ae05dc4238691e1feddd6d0222bbb07c7296f656f887f8301fb891,32.674202,-28.061945
28,29,G0006__S04__seed_0061,G0006,Art_Drawing_Models_Articulated_mannequin_Poseable_figure_mannequin,4,picture_backed,Art_Drawing Models,seed_0061,61,#18a8e8,/mnt/zsn/lyb/arti-skill/exp/uniform531_n5_studio_256_v1/G0006__S04__seed_0061__Art_Drawing_Models_Articulated_mannequin_Poseable_figure_mannequin.png,75519,c9b4dd6be84f2aa0337db46799b613eb860dd44075d48c8b15feff8af7d39746,32.8534508,-28.6008701
29,30,G0006__S05__seed_0177,G0006,Art_Drawing_Models_Articulated_mannequin_Poseable_figure_mannequin,5,picture_backed,Art_Drawing Models,seed_0177,177,#18a8e8,/mnt/zsn/lyb/arti-skill/exp/uniform531_n5_studio_256_v1/G0006__S05__seed_0177__Art_Drawing_Models_Articulated_mannequin_Poseable_figure_mannequin.png,80483,98ab1deae436e24d674c9c13a80478abbb519c518efac52e616a60eb6a07d115,33.2018089,-28.6454926
30,31,G0007__S01__seed_0069,G0007,articulated_task_lamp,1,builtin_no_picture,builtin_no_picture,seed_0069,70,#881868,/mnt/zsn/lyb/arti-skill/exp/uniform531_n5_studio_256_v1/G0007__S01__seed_0069__articulated_task_lamp.png,78776,5ac0ef702497791eca2a7a77feb5c77f9a849d677d3eb8ab6ce4aaf706a6f6c7,28.0049515,8.36436462
31,32,G0007__S02__seed_0076,G0007,articulated_task_lamp,2,builtin_no_picture,builtin_no_picture,seed_0076,77,#881868,/mnt/zsn/lyb/arti-skill/exp/uniform531_n5_studio_256_v1/G0007__S02__seed_0076__articulated_task_lamp.png,75063,98b495990aeee8905ab47fdc1c72ef3ce3d594fa53ad6b78906ee972ad84d44b,28.2833157,9.74228382
32,33,G0007__S03__seed_0053,G0007,articulated_task_lamp,3,builtin_no_picture,builtin_no_picture,seed_0053,54,#881868,/mnt/zsn/lyb/arti-skill/exp/uniform531_n5_studio_256_v1/G0007__S03__seed_0053__articulated_task_lamp.png,77293,d226c3a0a8a264d578a3cfd970ad074fcf25c4808001fb8334f2316f04ab09cb,28.2194004,7.49176121
33,34,G0007__S04__seed_0015,G0007,articulated_task_lamp,4,builtin_no_picture,builtin_no_picture,seed_0015,15,#881868,/mnt/zsn/lyb/arti-skill/exp/uniform531_n5_studio_256_v1/G0007__S04__seed_0015__articulated_task_lamp.png,76824,7ae648c190acd57fb6b11afc5bf7ec61610859d8a620de9b61c58517432a2b45,28.1908894,9.4031105
34,35,G0007__S05__seed_0025,G0007,articulated_task_lamp,5,builtin_no_picture,builtin_no_picture,seed_0025,25,#881868,/mnt/zsn/lyb/arti-skill/exp/uniform531_n5_studio_256_v1/G0007__S05__seed_0025__articulated_task_lamp.png,74976,6201da3ac784db015e391295c25185e54a3306f6ccf038e60c46fa16ac2bd185,28.4947014,8.6039238
35,36,G0008__S01__seed_0012,G0008,astronomical_telescope_on_tripod,1,builtin_no_picture,builtin_no_picture,seed_0012,14,#189838,/mnt/zsn/lyb/arti-skill/exp/uniform531_n5_studio_256_v1/G0008__S01__seed_0012__astronomical_telescope_on_tripod.png,77660,3273c5598a29677ec142641b1a0705338570ff8bbbe6a2ebb23ec2aced4d10f9,37.9748268,-18.3345871
36,37,G0008__S02__seed_0001,G0008,astronomical_telescope_on_tripod,2,builtin_no_picture,builtin_no_picture,seed_0001,1,#189838,/mnt/zsn/lyb/arti-skill/exp/uniform531_n5_studio_256_v1/G0008__S02__seed_0001__astronomical_telescope_on_tripod.png,76754,92574370ca58a36d116d31b4d09590ceee08fd53bd7e9e19ff4dcd23b38a674f,38.2157478,-16.8532772
37,38,G0008__S03__seed_0003,G0008,astronomical_telescope_on_tripod,3,builtin_no_picture,builtin_no_picture,seed_0003,3,#189838,/mnt/zsn/lyb/arti-skill/exp/uniform531_n5_studio_256_v1/G0008__S03__seed_0003__astronomical_telescope_on_tripod.png,79407,0f4973f0e338882b5e05f495ca7ebf90952e55e3185e16d777b3cb71a3de12e7,37.7305565,-16.656353
38,39,G0008__S04__seed_0017,G0008,astronomical_telescope_on_tripod,4,builtin_no_picture,builtin_no_picture,seed_0017,19,#189838,/mnt/zsn/lyb/arti-skill/exp/uniform531_n5_studio_256_v1/G0008__S04__seed_0017__astronomical_telescope_on_tripod.png,78999,ed6a5a4648f863ca1e879657cd06138902124f170630ec6d988b3948ff2961ca,38.1237335,-17.4498405
39,40,G0008__S05__seed_0010,G0008,astronomical_telescope_on_tripod,5,builtin_no_picture,builtin_no_picture,seed_0010,11,#189838,/mnt/zsn/lyb/arti-skill/exp/uniform531_n5_studio_256_v1/G0008__S05__seed_0010__astronomical_telescope_on_tripod.png,80410,35fa0bfd4ec255dc15974e50c741212c282a97187d7a9a472713681f21511cf0,37.9628944,-16.8262482
40,41,G0009__S01__seed_0727,G0009,Astronomy_Antenna_dish,1,picture_backed,Astronomy,seed_0727,727,#e8a8e8,/mnt/zsn/lyb/arti-skill/exp/uniform531_n5_studio_256_v1/G0009__S01__seed_0727__Astronomy_Antenna_dish.png,81651,35ec0c1c04b2b900fd317ec2033b9b80ba7a9383ce8b7f9e88fe87a94076d297,21.2889633,-24.3284245
41,42,G0009__S02__seed_0689,G0009,Astronomy_Antenna_dish,2,picture_backed,Astronomy,seed_0689,689,#e8a8e8,/mnt/zsn/lyb/arti-skill/exp/uniform531_n5_studio_256_v1/G0009__S02__seed_0689__Astronomy_Antenna_dish.png,80868,baf0284587392804aafd98fe9866e5b87b923fe00a2c7333dcab2b91a6971d26,21.2695103,-24.3409653
42,43,G0009__S03__seed_0401,G0009,Astronomy_Antenna_dish,3,picture_backed,Astronomy,seed_0401,401,#e8a8e8,/mnt/zsn/lyb/arti-skill/exp/uniform531_n5_studio_256_v1/G0009__S03__seed_0401__Astronomy_Antenna_dish.png,84738,d1439edaa2b1722b20c01fe02c2b645459131703420f1f105bc438d686096eba,19.7121544,-24.6477356
43,44,G0009__S04__seed_0017,G0009,Astronomy_Antenna_dish,4,picture_backed,Astronomy,seed_0017,17,#e8a8e8,/mnt/zsn/lyb/arti-skill/exp/uniform531_n5_studio_256_v1/G0009__S04__seed_0017__Astronomy_Antenna_dish.png,78175,54c18e571c493742a678ed8cfc0580a58a7b0ad4e57101ba319985bf58ceb335,20.4274502,-24.5182476
44,45,G0009__S05__seed_0777,G0009,Astronomy_Antenna_dish,5,picture_backed,Astronomy,seed_0777,777,#e8a8e8,/mnt/zsn/lyb/arti-skill/exp/uniform531_n5_studio_256_v1/G0009__S05__seed_0777__Astronomy_Antenna_dish.png,79112,7e68dbf1b092ccb6dd7ab17a6ebd6492da82550f216a15a2f77cd0b8a9158cf6,20.9644909,-24.4271851
45,46,G0010__S01__seed_0044,G0010,Astronomy_Astronaut_helmet,1,picture_backed,Astronomy,seed_0044,44,#286898,/mnt/zsn/lyb/arti-skill/exp/uniform531_n5_studio_256_v1/G0010__S01__seed_0044__Astronomy_Astronaut_helmet.png,83289,e31739640ee8c04ab892543d73187c02e2238df06b6903ad42826792f4192d20,14.6039486,-31.8662815
46,47,G0010__S02__seed_0241,G0010,Astronomy_Astronaut_helmet,2,picture_backed,Astronomy,seed_0241,241,#286898,/mnt/zsn/lyb/arti-skill/exp/uniform531_n5_studio_256_v1/G0010__S02__seed_0241__Astronomy_Astronaut_helmet.png,83761,c5e3ae6cd1d271e03e9e157377adb60e2f00352cae2a3f37593b82fcca540177,14.263957,-32.5178223
47,48,G0010__S03__seed_0157,G0010,Astronomy_Astronaut_helmet,3,picture_backed,Astronomy,seed_0157,157,#286898,/mnt/zsn/lyb/arti-skill/exp/uniform531_n5_studio_256_v1/G0010__S03__seed_0157__Astronomy_Astronaut_helmet.png,79176,1311b8b66a1acd50b042baf8229195d61c44da3169c47a6e4dfde4c2b758598b,14.5758123,-31.2776451
48,49,G0010__S04__seed_0279,G0010,Astronomy_Astronaut_helmet,4,picture_backed,Astronomy,seed_0279,279,#286898,/mnt/zsn/lyb/arti-skill/exp/uniform531_n5_studio_256_v1/G0010__S04__seed_0279__Astronomy_Astronaut_helmet.png,84557,480634e87940f3236f021b9c23a2061f001cccc8fadc18dcc8ad61894bcc60c2,14.5326939,-31.9188499
49,50,G0010__S05__seed_0108,G0010,Astronomy_Astronaut_helmet,5,picture_backed,Astronomy,seed_0108,108,#286898,/mnt/zsn/lyb/arti-skill/exp/uniform531_n5_studio_256_v1/G0010__S05__seed_0108__Astronomy_Astronaut_helmet.png,78491,3e80bd48470e5c26cf7c4e3d5ce08cba7dfdd30dd5289e811e2b1d0fe448053f,13.8354607,-31.3024292
50,51,G0011__S01__seed_0322,G0011,Astronomy_Lunar_rover,1,picture_backed,Astronomy,seed_0322,322,#b8c888,/mnt/zsn/lyb/arti-skill/exp/uniform531_n5_studio_256_v1/G0011__S01__seed_0322__Astronomy_Lunar_rover.png,90231,806243bdd1fd705bf9f5a3d06e3b7d072aacb95a71f7b3c4802e2b07041498f7,14.1436672,59.6013718
51,52,G0011__S02__seed_0479,G0011,Astronomy_Lunar_rover,2,picture_backed,Astronomy,seed_0479,479,#b8c888,/mnt/zsn/lyb/arti-skill/exp/uniform531_n5_studio_256_v1/G0011__S02__seed_0479__Astronomy_Lunar_rover.png,86986,570fcde778a9d21073646969e6b25120a8a1e76c0b0df676aa956f43c08ef1ea,13.7777987,59.0638847
52,53,G0011__S03__seed_0061,G0011,Astronomy_Lunar_rover,3,picture_backed,Astronomy,seed_0061,61,#b8c888,/mnt/zsn/lyb/arti-skill/exp/uniform531_n5_studio_256_v1/G0011__S03__seed_0061__Astronomy_Lunar_rover.png,87495,ff6f17398998d6c504991b0c62aed80c126200ad920f55f7638aea7bcff3adfa,13.5720587,58.8136635
53,54,G0011__S04__seed_0273,G0011,Astronomy_Lunar_rover,4,picture_backed,Astronomy,seed_0273,273,#b8c888,/mnt/zsn/lyb/arti-skill/exp/uniform531_n5_studio_256_v1/G0011__S04__seed_0273__Astronomy_Lunar_rover.png,89026,99021d0190b66ba6bc300c9dd338225793c6cf7fd310a73d85b3465e95837caa,13.6028786,59.2349358
54,55,G0011__S05__seed_0474,G0011,Astronomy_Lunar_rover,5,picture_backed,Astronomy,seed_0474,474,#b8c888,/mnt/zsn/lyb/arti-skill/exp/uniform531_n5_studio_256_v1/G0011__S05__seed_0474__Astronomy_Lunar_rover.png,90033,a18060bbac48f87e4054480dba3887374e0997dd702cf4c51cc9a4b47e3ff51c,13.7606115,58.4930153
55,56,G0012__S01__seed_0018,G0012,Astronomy_Mars_rover,1,picture_backed,Astronomy,seed_0018,18,#e81868,/mnt/zsn/lyb/arti-skill/exp/uniform531_n5_studio_256_v1/G0012__S01__seed_0018__Astronomy_Mars_rover.png,84463,81eb1f99d28dd08eca374071fca3c30c9e7fb3d190d1ec31092fe98a8db539f2,4.49754572,52.5119247
56,57,G0012__S02__seed_0019,G0012,Astronomy_Mars_rover,2,picture_backed,Astronomy,seed_0019,19,#e81868,/mnt/zsn/lyb/arti-skill/exp/uniform531_n5_studio_256_v1/G0012__S02__seed_0019__Astronomy_Mars_rover.png,82977,b8faaf051503efb6f878dae8294b86fedb4d5169e931b46e325b4479ccceb141,4.53622675,52.5241585
57,58,G0012__S03__seed_0050,G0012,Astronomy_Mars_rover,3,picture_backed,Astronomy,seed_0050,50,#e81868,/mnt/zsn/lyb/arti-skill/exp/uniform531_n5_studio_256_v1/G0012__S03__seed_0050__Astronomy_Mars_rover.png,81611,2cb4731f27396fe28e2b942f91f9901506465ebbf9f25f6c04941df555ef1629,4.23985291,52.6259003
58,59,G0012__S04__seed_0007,G0012,Astronomy_Mars_rover,4,picture_backed,Astronomy,seed_0007,7,#e81868,/mnt/zsn/lyb/arti-skill/exp/uniform531_n5_studio_256_v1/G0012__S04__seed_0007__Astronomy_Mars_rover.png,80621,1a7cc5326482908e25f01a38b0adfd468aa11b543142d203af1bea904e5ca6c5,5.32383204,52.9690094
59,60,G0012__S05__seed_0091,G0012,Astronomy_Mars_rover,5,picture_backed,Astronomy,seed_0091,91,#e81868,/mnt/zsn/lyb/arti-skill/exp/uniform531_n5_studio_256_v1/G0012__S05__seed_0091__Astronomy_Mars_rover.png,84455,2d67dd21af2bb9b3427bfa5958d0d65ff68b4addac0757e7d82f19345552148f,4.39077425,52.38657
60,61,G0013__S01__seed_0000,G0013,Astronomy_Pressurised_module_door,1,picture_backed,Astronomy,seed_0000,0,#8858e8,/mnt/zsn/lyb/arti-skill/exp/uniform531_n5_studio_256_v1/G0013__S01__seed_0000__Astronomy_Pressurised_module_door.png,86801,a2d2232eabf53c9ecbbe4ef381889b3c3bf5d3c420b97eb4d47995cac0fe6d86,0.801923573,-26.1271343
61,62,G0013__S02__seed_0005,G0013,Astronomy_Pressurised_module_door,2,picture_backed,Astronomy,seed_0005,5,#8858e8,/mnt/zsn/lyb/arti-skill/exp/uniform531_n5_studio_256_v1/G0013__S02__seed_0005__Astronomy_Pressurised_module_door.png,86141,ebabb911fb15ba789eb7956e0790dccb085bacbaf8598fc83f56f8177158a876,0.804408073,-26.5091324
62,63,G0013__S03__seed_0158,G0013,Astronomy_Pressurised_module_door,3,picture_backed,Astronomy,seed_0158,163,#8858e8,/mnt/zsn/lyb/arti-skill/exp/uniform531_n5_studio_256_v1/G0013__S03__seed_0158__Astronomy_Pressurised_module_door.png,90443,c01050f46ba7e41ea09dee25ad337dc7bcd587ccefac944a6d0666e145b2c892,0.951254666,-26.4239063
63,64,G0013__S04__seed_0107,G0013,Astronomy_Pressurised_module_door,4,picture_backed,Astronomy,seed_0107,109,#8858e8,/mnt/zsn/lyb/arti-skill/exp/uniform531_n5_studio_256_v1/G0013__S04__seed_0107__Astronomy_Pressurised_module_door.png,82031,38bd900f7c16940929218103cf2997c1fead4ce1ccaa259aebce1f222300b628,0.431847572,-25.4888058
64,65,G0013__S05__seed_0043,G0013,Astronomy_Pressurised_module_door,5,picture_backed,Astronomy,seed_0043,44,#8858e8,/mnt/zsn/lyb/arti-skill/exp/uniform531_n5_studio_256_v1/G0013__S05__seed_0043__Astronomy_Pressurised_module_door.png,89034,f0ad09cf4196a913329f529305f7261e86c27d2221005fe87adedaa1e145a696,0.930479825,-26.3134117
65,66,G0014__S01__seed_0008,G0014,Astronomy_Retractable_landing_gear,1,picture_backed,Astronomy,seed_0008,8,#885828,/mnt/zsn/lyb/arti-skill/exp/uniform531_n5_studio_256_v1/G0014__S01__seed_0008__Astronomy_Retractable_landing_gear.png,76100,333e73293511698e7bb01608d1c1c6359038b5249808c3691c056ca7c05014c8,17.9630375,43.3854713
66,67,G0014__S02__seed_0049,G0014,Astronomy_Retractable_landing_gear,2,picture_backed,Astronomy,seed_0049,49,#885828,/mnt/zsn/lyb/arti-skill/exp/uniform531_n5_studio_256_v1/G0014__S02__seed_0049__Astronomy_Retractable_landing_gear.png,75223,80f338bff61e995542bb2e78379e76a9514304cd3f370ea82150c0734bd32c00,17.9082165,43.6100273
67,68,G0014__S03__seed_0038,G0014,Astronomy_Retractable_landing_gear,3,picture_backed,Astronomy,seed_0038,38,#885828,/mnt/zsn/lyb/arti-skill/exp/uniform531_n5_studio_256_v1/G0014__S03__seed_0038__Astronomy_Retractable_landing_gear.png,78416,dc4937fde268de18c1d08abdc9bad943e451eb0fa545aeb15e795f3573ce039b,17.8916702,43.8675194
68,69,G0014__S04__seed_0036,G0014,Astronomy_Retractable_landing_gear,4,picture_backed,Astronomy,seed_0036,36,#885828,/mnt/zsn/lyb/arti-skill/exp/uniform531_n5_studio_256_v1/G0014__S04__seed_0036__Astronomy_Retractable_landing_gear.png,76676,06f46b8ae246e9e388473166c3593b1ec1f7174a60a21f8519960833bd3c5429,18.2519817,43.2510986
69,70,G0014__S05__seed_0042,G0014,Astronomy_Retractable_landing_gear,5,picture_backed,Astronomy,seed_0042,42,#885828,/mnt/zsn/lyb/arti-skill/exp/uniform531_n5_studio_256_v1/G0014__S05__seed_0042__Astronomy_Retractable_landing_gear.png,75220,02414c1691589d2f5cc93d3ea2a21410677623a5176265eec2537748bb1e9102,17.9288216,43.3167686
70,71,G0015__S01__seed_0036,G0015,Astronomy_Return_capsule,1,picture_backed,Astronomy,seed_0036,54,#a87898,/mnt/zsn/lyb/arti-skill/exp/uniform531_n5_studio_256_v1/G0015__S01__seed_0036__Astronomy_Return_capsule.png,81604,346f8d67579afa6b30d1a6a4150a82e0a28f306a60f06d1b6a78e8f8f7ad3050,11.9246798,-32.0101051
71,72,G0015__S02__seed_0024,G0015,Astronomy_Return_capsule,2,picture_backed,Astronomy,seed_0024,39,#a87898,/mnt/zsn/lyb/arti-skill/exp/uniform531_n5_studio_256_v1/G0015__S02__seed_0024__Astronomy_Return_capsule.png,82180,ffddf84323b1f29217cd913a2b1a73dd24b6361801262c8f88746a029bfb887d,13.2310047,-32.4820404
72,73,G0015__S03__seed_0010,G0015,Astronomy_Return_capsule,3,picture_backed,Astronomy,seed_0010,14,#a87898,/mnt/zsn/lyb/arti-skill/exp/uniform531_n5_studio_256_v1/G0015__S03__seed_0010__Astronomy_Return_capsule.png,82916,3a4012952fd6350414c20a3fc49b6d83757528eb1cdb89e6add16d00df59e0b8,13.2096434,-32.4160805
73,74,G0015__S04__seed_0014,G0015,Astronomy_Return_capsule,4,picture_backed,Astronomy,seed_0014,20,#a87898,/mnt/zsn/lyb/arti-skill/exp/uniform531_n5_studio_256_v1/G0015__S04__seed_0014__Astronomy_Return_capsule.png,78741,b991301b5d15eed818832818430d61936933e1352a21863eb7b2934a67f77e33,10.1958017,-31.3357677
74,75,G0015__S05__seed_0044,G0015,Astronomy_Return_capsule,5,picture_backed,Astronomy,seed_0044,65,#a87898,/mnt/zsn/lyb/arti-skill/exp/uniform531_n5_studio_256_v1/G0015__S05__seed_0044__Astronomy_Return_capsule.png,78453,a9b3bb02125478b5609792cade2aeb55106d97a86d83d432f7fdb146dd9fce24,10.4521112,-31.3705139
75,76,G0016__S01__seed_0046,G0016,Astronomy_Rocket_engine,1,picture_backed,Astronomy,seed_0046,46,#382888,/mnt/zsn/lyb/arti-skill/exp/uniform531_n5_studio_256_v1/G0016__S01__seed_0046__Astronomy_Rocket_engine.png,83106,82262b705da94bb17a0431518ddc02454d6646e83888c3767dd90eed9d1cdfc7,16.9392185,-24.5188484
76,77,G0016__S02__seed_0067,G0016,Astronomy_Rocket_engine,2,picture_backed,Astronomy,seed_0067,67,#382888,/mnt/zsn/lyb/arti-skill/exp/uniform531_n5_studio_256_v1/G0016__S02__seed_0067__Astronomy_Rocket_engine.png,82000,21225886821cdc75256d9cf793192ab303a3150425434fe097696ebf781b018a,17.2107639,-24.5701542
77,78,G0016__S03__seed_0004,G0016,Astronomy_Rocket_engine,3,picture_backed,Astronomy,seed_0004,4,#382888,/mnt/zsn/lyb/arti-skill/exp/uniform531_n5_studio_256_v1/G0016__S03__seed_0004__Astronomy_Rocket_engine.png,81042,0cf08235890bc6dc35c2f9c8f4f90ba60a465748a8dbbb186374faa21083ed59,17.0015469,-23.9984837
78,79,G0016__S04__seed_0188,G0016,Astronomy_Rocket_engine,4,picture_backed,Astronomy,seed_0188,188,#382888,/mnt/zsn/lyb/arti-skill/exp/uniform531_n5_studio_256_v1/G0016__S04__seed_0188__Astronomy_Rocket_engine.png,82296,655b44928fd9b48c2097a4d8d663559cc01585b3c0ff3977699052cf18173944,17.2754593,-23.6971149
79,80,G0016__S05__seed_0122,G0016,Astronomy_Rocket_engine,5,picture_backed,Astronomy,seed_0122,122,#382888,/mnt/zsn/lyb/arti-skill/exp/uniform531_n5_studio_256_v1/G0016__S05__seed_0122__Astronomy_Rocket_engine.png,80912,508acfa75f7a1b0e4971ca74bd63b998b7ef6aea2214b50f76e0c23f2c1fbe57,17.2305546,-24.5673084
80,81,G0017__S01__seed_0024,G0017,Astronomy_Satellite,1,picture_backed,Astronomy,seed_0024,25,#682818,/mnt/zsn/lyb/arti-skill/exp/uniform531_n5_studio_256_v1/G0017__S01__seed_0024__Astronomy_Satellite.png,76433,51f4e91a6ae4e81d12d0d851c61d01675e4a9b5dca1bcfa03edbba9d4d087372,38.5183334,8.48683071
81,82,G0017__S02__seed_0041,G0017,Astronomy_Satellite,2,picture_backed,Astronomy,seed_0041,43,#682818,/mnt/zsn/lyb/arti-skill/exp/uniform531_n5_studio_256_v1/G0017__S02__seed_0041__Astronomy_Satellite.png,76466,17cd06f00ec1625f3d2a8cdbd79d1fcf404ae29a1666eafd4024d3bdd04f838d,38.638237,8.8344965
82,83,G0017__S03__seed_0018,G0017,Astronomy_Satellite,3,picture_backed,Astronomy,seed_0018,19,#682818,/mnt/zsn/lyb/arti-skill/exp/uniform531_n5_studio_256_v1/G0017__S03__seed_0018__Astronomy_Satellite.png,74154,993bbbb5b62be98d4a5ae3b384766511b7aff15e97fd59584d7cb4e97a1b8177,38.1782951,8.09224415
83,84,G0017__S04__seed_0094,G0017,Astronomy_Satellite,4,picture_backed,Astronomy,seed_0094,97,#682818,/mnt/zsn/lyb/arti-skill/exp/uniform531_n5_studio_256_v1/G0017__S04__seed_0094__Astronomy_Satellite.png,75575,f96656d33103e39312cb4d0a9fd03e26e42b119575906b101993e954918dee6e,38.3485146,8.09287071
84,85,G0017__S05__seed_0038,G0017,Astronomy_Satellite,5,picture_backed,Astronomy,seed_0038,40,#682818,/mnt/zsn/lyb/arti-skill/exp/uniform531_n5_studio_256_v1/G0017__S05__seed_0038__Astronomy_Satellite.png,75242,35daa541968388a632eae7632b709ba7a0a55f75d749a4d826dc0bcdf89aac58,38.6387405,8.89066982
85,86,G0018__S01__seed_0484,G0018,Astronomy_Space_shuttle,1,picture_backed,Astronomy,seed_0484,484,#48d8e8,/mnt/zsn/lyb/arti-skill/exp/uniform531_n5_studio_256_v1/G0018__S01__seed_0484__Astronomy_Space_shuttle.png,76020,a388cd143aebd899cb8edae69eccc36754bc5a478fa8e785b851ccea80b5caa7,31.0017395,40.4805641
86,87,G0018__S02__seed_0108,G0018,Astronomy_Space_shuttle,2,picture_backed,Astronomy,seed_0108,108,#48d8e8,/mnt/zsn/lyb/arti-skill/exp/uniform531_n5_studio_256_v1/G0018__S02__seed_0108__Astronomy_Space_shuttle.png,76395,f1f24ac23cd81d2ffd3812a2caca906988e71904a8004de7eab52e4bbedef088,30.9263763,41.0251808
87,88,G0018__S03__seed_0021,G0018,Astronomy_Space_shuttle,3,picture_backed,Astronomy,seed_0021,21,#48d8e8,/mnt/zsn/lyb/arti-skill/exp/uniform531_n5_studio_256_v1/G0018__S03__seed_0021__Astronomy_Space_shuttle.png,78077,07c1e9db89b2676f8429861f007e9be551c52a2f63b8d6406fbb968f3534d4a3,30.5541382,41.347229
88,89,G0018__S04__seed_0132,G0018,Astronomy_Space_shuttle,4,picture_backed,Astronomy,seed_0132,132,#48d8e8,/mnt/zsn/lyb/arti-skill/exp/uniform531_n5_studio_256_v1/G0018__S04__seed_0132__Astronomy_Space_shuttle.png,76382,39fb13e311a920bd90ce42a43420cc85380c4cc729b66e0d2cf6a9875a578e1b,30.5899963,40.6162987
89,90,G0018__S05__seed_0410,G0018,Astronomy_Space_shuttle,5,picture_backed,Astronomy,seed_0410,410,#48d8e8,/mnt/zsn/lyb/arti-skill/exp/uniform531_n5_studio_256_v1/G0018__S05__seed_0410__Astronomy_Space_shuttle.png,78338,6b90596d01a4bbc64441233f06f8a87fe938a9a7aa9a4560f9f413b232eb4f7f,30.7922955,40.7451859
90,91,G0019__S01__seed_0011,G0019,automotive_differential_differential_gear,1,picture_backed,Mechanical Components_Drivetrain,seed_0011,11,#18b898,/mnt/zsn/lyb/arti-skill/exp/uniform531_n5_studio_256_v1/G0019__S01__seed_0011__automotive_differential_differential_gear.png,77587,db7122f3c2e0e7ce2aad1065198a29af8c3f089dec14dbb8cadad7d059f90deb,17.9836769,-2.95617199
91,92,G0019__S02__seed_0000,G0019,automotive_differential_differential_gear,2,picture_backed,Mechanical Components_Drivetrain,seed_0000,0,#18b898,/mnt/zsn/lyb/arti-skill/exp/uniform531_n5_studio_256_v1/G0019__S02__seed_0000__automotive_differential_differential_gear.png,81000,05cfd5b07985f592a166731b9fb58b3aeadd32bf33895854c6f1ee80eb3fd21f,18.2886467,-3.67756224
92,93,G0019__S03__seed_0032,G0019,automotive_differential_differential_gear,3,picture_backed,Mechanical Components_Drivetrain,seed_0032,32,#18b898,/mnt/zsn/lyb/arti-skill/exp/uniform531_n5_studio_256_v1/G0019__S03__seed_0032__automotive_differential_differential_gear.png,80696,3398405e91afaf9fc7dcec9d47b821050f5674c85857928afd6b106a2ec14629,18.3999176,-3.68377233
93,94,G0019__S04__seed_0048,G0019,automotive_differential_differential_gear,4,picture_backed,Mechanical Components_Drivetrain,seed_0048,48,#18b898,/mnt/zsn/lyb/arti-skill/exp/uniform531_n5_studio_256_v1/G0019__S04__seed_0048__automotive_differential_differential_gear.png,82544,582a3342735c946ff33bd51332ef010ccf2c351934724c96de0a8e6a0981a928,18.3183746,-3.53847265
94,95,G0019__S05__seed_0055,G0019,automotive_differential_differential_gear,5,picture_backed,Mechanical Components_Drivetrain,seed_0055,55,#18b898,/mnt/zsn/lyb/arti-skill/exp/uniform531_n5_studio_256_v1/G0019__S05__seed_0055__automotive_differential_differential_gear.png,81798,a00f7f5c72d016a106e38fb1076487bb739a465a9e3bc8efd73c66a097f4c062,18.3575115,-3.59657335
95,96,G0020__S01__seed_0076,G0020,badge_id_holder_clip,1,picture_backed,Workspace,seed_0076,78,#7818b8,/mnt/zsn/lyb/arti-skill/exp/uniform531_n5_studio_256_v1/G0020__S01__seed_0076__badge_id_holder_clip.png,74981,9fa0bbb59cd48c103856b0015d7d3d6eadcc8b9163595ed9acff1bd496fd4f52,24.1899338,-19.0898914
96,97,G0020__S02__seed_0014,G0020,badge_id_holder_clip,2,picture_backed,Workspace,seed_0014,15,#7818b8,/mnt/zsn/lyb/arti-skill/exp/uniform531_n5_studio_256_v1/G0020__S02__seed_0014__badge_id_holder_clip.png,77394,6ab7a3e8088a6f408348d9c5e56fff9665752c227185573e36b58a049775ff3f,24.099493,-18.7129841
97,98,G0020__S03__seed_0106,G0020,badge_id_holder_clip,3,picture_backed,Workspace,seed_0106,109,#7818b8,/mnt/zsn/lyb/arti-skill/exp/uniform531_n5_studio_256_v1/G0020__S03__seed_0106__badge_id_holder_clip.png,77386,8524f03b08e350344772dad3865e9d1894cdebc3776c01c6349e0fcad05d37b9,24.1836205,-17.5524216
98,99,G0020__S04__seed_0002,G0020,badge_id_holder_clip,4,picture_backed,Workspace,seed_0002,3,#7818b8,/mnt/zsn/lyb/arti-skill/exp/uniform531_n5_studio_256_v1/G0020__S04__seed_0002__badge_id_holder_clip.png,77999,5fb357aa0d265cfc3d0d76afeb0f5e4da0658ad50514d8b88fd784acf7f5a09b,24.2475605,-17.6449947
99,100,G0020__S05__seed_0082,G0020,badge_id_holder_clip,5,picture_backed,Workspace,seed_0082,84,#7818b8,/mnt/zsn/lyb/arti-skill/exp/uniform531_n5_studio_256_v1/G0020__S05__seed_0082__badge_id_holder_clip.png,79585,63510a2a94af3ac0f246f0cc30216e0e9972452a183648da4e72b69c9263b8da,24.0188541,-18.4181442
100,101,G0021__S01__seed_1582,G0021,Bag_Suitcase_Box,1,picture_backed,Bag_Suitcase,seed_1582,2274,#c878e8,/mnt/zsn/lyb/arti-skill/exp/uniform531_n5_studio_256_v1/G0021__S01__seed_1582__Bag_Suitcase_Box.png,91888,45e2e5cd8e9235f67f8661c96f687b901fdfc78238e0a938c30e2a1eb031a00e,-27.0585079,-0.627489507
101,102,G0021__S02__seed_0881,G0021,Bag_Suitcase_Box,2,picture_backed,Bag_Suitcase,seed_0881,1279,#c878e8,/mnt/zsn/lyb/arti-skill/exp/uniform531_n5_studio_256_v1/G0021__S02__seed_0881__Bag_Suitcase_Box.png,83172,e6f18fab5f6344240499d913613ca36f54d9303f998dd18d0a1cfe268e1acbe1,-27.5711231,2.67005444
102,103,G0021__S03__seed_1672,G0021,Bag_Suitcase_Box,3,picture_backed,Bag_Suitcase,seed_1672,2395,#c878e8,/mnt/zsn/lyb/arti-skill/exp/uniform531_n5_studio_256_v1/G0021__S03__seed_1672__Bag_Suitcase_Box.png,85444,c850aaea76a31b817d08086bfe36f07db1c8c0fd62ba27f2850ed79bde76acfe,-35.6750298,6.89189148
103,104,G0021__S04__seed_1277,G0021,Bag_Suitcase_Box,4,picture_backed,Bag_Suitcase,seed_1277,1856,#c878e8,/mnt/zsn/lyb/arti-skill/exp/uniform531_n5_studio_256_v1/G0021__S04__seed_1277__Bag_Suitcase_Box.png,86223,b5564137a5ec49b6a16ba244238316fbb22dc07417d1c711bf601b503f4cff2b,-26.3877621,-2.25259805
104,105,G0021__S05__seed_0121,G0021,Bag_Suitcase_Box,5,picture_backed,Bag_Suitcase,seed_0121,168,#c878e8,/mnt/zsn/lyb/arti-skill/exp/uniform531_n5_studio_256_v1/G0021__S05__seed_0121__Bag_Suitcase_Box.png,89298,6e60c5062ad0ded1b749764c4f928f2a955531f0c2416b453074d21b4ceb77ac,-20.2772522,28.9368706
105,106,G0022__S01__seed_0012,G0022,Bag_Suitcase_Luggage_bag,1,picture_backed,Bag_Suitcase,seed_0012,12,#b81818,/mnt/zsn/lyb/arti-skill/exp/uniform531_n5_studio_256_v1/G0022__S01__seed_0012__Bag_Suitcase_Luggage_bag.png,77162,42f0573d052cc4017bd92706b5081158084af7da9a7d390b65754a3bf4f541f6,-28.4944115,-30.9289856
106,107,G0022__S02__seed_0020,G0022,Bag_Suitcase_Luggage_bag,2,picture_backed,Bag_Suitcase,seed_0020,20,#b81818,/mnt/zsn/lyb/arti-skill/exp/uniform531_n5_studio_256_v1/G0022__S02__seed_0020__Bag_Suitcase_Luggage_bag.png,82241,9718a60326eaf4b3bb87fb3f87db631b3bbebe7206a7a0b84d44f385f4991b14,-28.6507454,-30.7356873
107,108,G0022__S03__seed_0030,G0022,Bag_Suitcase_Luggage_bag,3,picture_backed,Bag_Suitcase,seed_0030,30,#b81818,/mnt/zsn/lyb/arti-skill/exp/uniform531_n5_studio_256_v1/G0022__S03__seed_0030__Bag_Suitcase_Luggage_bag.png,79961,28ad8bd522c97d39dd13f663480ae1be86fcd4d11edf097cab0ffe3300c8f056,-29.2506638,-30.2471771
108,109,G0022__S04__seed_0026,G0022,Bag_Suitcase_Luggage_bag,4,picture_backed,Bag_Suitcase,seed_0026,26,#b81818,/mnt/zsn/lyb/arti-skill/exp/uniform531_n5_studio_256_v1/G0022__S04__seed_0026__Bag_Suitcase_Luggage_bag.png,75213,7d309511f12aab147ad0110e7f238fea199c3b9a976e5112697b4110e0412a34,-28.6091099,-30.3742466
109,110,G0022__S05__seed_0033,G0022,Bag_Suitcase_Luggage_bag,5,picture_backed,Bag_Suitcase,seed_0033,33,#b81818,/mnt/zsn/lyb/arti-skill/exp/uniform531_n5_studio_256_v1/G0022__S05__seed_0033__Bag_Suitcase_Luggage_bag.png,81927,11227e33c552b82360a9bab9c22671a6fa956bcbcdd8cb92af2aae6f96105d59,-28.9851246,-30.2196941
110,111,G0023__S01__seed_0000,G0023,Bag_Suitcase_Shopping_bucket,1,picture_backed,Bag_Suitcase,seed_0000,0,#b818a8,/mnt/zsn/lyb/arti-skill/exp/uniform531_n5_studio_256_v1/G0023__S01__seed_0000__Bag_Suitcase_Shopping_bucket.png,74699,f80d20556b634e95975acd34ca06c5f65024bab1b7af50b68029eb43e9b00669,-35.5397034,-0.939457715
111,112,G0023__S02__seed_0208,G0023,Bag_Suitcase_Shopping_bucket,2,picture_backed,Bag_Suitcase,seed_0208,221,#b818a8,/mnt/zsn/lyb/arti-skill/exp/uniform531_n5_studio_256_v1/G0023__S02__seed_0208__Bag_Suitcase_Shopping_bucket.png,80594,f494e5dec43be4d09c3e0cbebf42ebc798a157cc05dd047121a616a39fc7472b,-1.68998563,-37.475029
112,113,G0023__S03__seed_0033,G0023,Bag_Suitcase_Shopping_bucket,3,picture_backed,Bag_Suitcase,seed_0033,35,#b818a8,/mnt/zsn/lyb/arti-skill/exp/uniform531_n5_studio_256_v1/G0023__S03__seed_0033__Bag_Suitcase_Shopping_bucket.png,72234,f64f08579ed46fdaade6e2ef5891fd198e1574aafef7537ff2f4b2d28b6ad1a8,-35.4945488,-1.15005124
113,114,G0023__S04__seed_0029,G0023,Bag_Suitcase_Shopping_bucket,4,picture_backed,Bag_Suitcase,seed_0029,31,#b818a8,/mnt/zsn/lyb/arti-skill/exp/uniform531_n5_studio_256_v1/G0023__S04__seed_0029__Bag_Suitcase_Shopping_bucket.png,78237,1021c5e26e9e9de1fa51654b308315a76790b7f4e8b759965b02e5574ec9abcf,-35.938015,-2.82345557
114,115,G0023__S05__seed_0162,G0023,Bag_Suitcase_Shopping_bucket,5,picture_backed,Bag_Suitcase,seed_0162,171,#b818a8,/mnt/zsn/lyb/arti-skill/exp/uniform531_n5_studio_256_v1/G0023__S05__seed_0162__Bag_Suitcase_Shopping_bucket.png,74431,66c76433cd3d2dacb8f9374cd979bc14cb30684e35804a4e0d0d26fcccb6a5a6,-35.5555038,-0.867346525
115,116,G0024__S01__seed_0004,G0024,Bag_Suitcase_Suitcase,1,picture_backed,Bag_Suitcase,seed_0004,4,#98a818,/mnt/zsn/lyb/arti-skill/exp/uniform531_n5_studio_256_v1/G0024__S01__seed_0004__Bag_Suitcase_Suitcase.png,89400,a40c961ab46c5e3cce29fa4500b5baf85e50e0ba760a9e12cd8aa9c75a0a1b7e,-26.5534859,-3.784343
116,117,G0024__S02__seed_0006,G0024,Bag_Suitcase_Suitcase,2,picture_backed,Bag_Suitcase,seed_0006,6,#98a818,/mnt/zsn/lyb/arti-skill/exp/uniform531_n5_studio_256_v1/G0024__S02__seed_0006__Bag_Suitcase_Suitcase.png,87367,afb597fab59bbc39ba260f4e6f9b3dd63c8cfde3acde087750e4342c172f618f,-26.1485252,-3.77343869
117,118,G0024__S03__seed_0012,G0024,Bag_Suitcase_Suitcase,3,picture_backed,Bag_Suitcase,seed_0012,12,#98a818,/mnt/zsn/lyb/arti-skill/exp/uniform531_n5_studio_256_v1/G0024__S03__seed_0012__Bag_Suitcase_Suitcase.png,88523,a2f3b7b9997bfd79406b7a44bf72202347cd80c7380083beead0f132cae11329,-26.0179634,-3.93875694
118,119,G0024__S04__seed_0007,G0024,Bag_Suitcase_Suitcase,4,picture_backed,Bag_Suitcase,seed_0007,7,#98a818,/mnt/zsn/lyb/arti-skill/exp/uniform531_n5_studio_256_v1/G0024__S04__seed_0007__Bag_Suitcase_Suitcase.png,84343,5c7e6c3d82b07b90c96ea90ca4cc52e14fb6546844d9e9ac40bab78daa3d1e7a,-26.8326721,-4.31373978
119,120,G0024__S05__seed_0026,G0024,Bag_Suitcase_Suitcase,5,picture_backed,Bag_Suitcase,seed_0026,26,#98a818,/mnt/zsn/lyb/arti-skill/exp/uniform531_n5_studio_256_v1/G0024__S05__seed_0026__Bag_Suitcase_Suitcase.png,87287,9e77cb6916c6dea66dd4855f944eb874d14cbf9a729428abbab3c4db627e5455,-25.5102482,-3.68276238
120,121,G0025__S01__seed_0037,G0025,Bag_Suitcase_Treasure_chest,1,picture_backed,Bag_Suitcase,seed_0037,37,#1878e8,/mnt/zsn/lyb/arti-skill/exp/uniform531_n5_studio_256_v1/G0025__S01__seed_0037__Bag_Suitcase_Treasure_chest.png,94881,20c267de0796b7015e256e0b59f64303bbf39387194c3e98a9fe958ba7cfdef9,-26.7337456,-2.83496594
121,122,G0025__S02__seed_0002,G0025,Bag_Suitcase_Treasure_chest,2,picture_backed,Bag_Suitcase,seed_0002,2,#1878e8,/mnt/zsn/lyb/arti-skill/exp/uniform531_n5_studio_256_v1/G0025__S02__seed_0002__Bag_Suitcase_Treasure_chest.png,87343,3607f09e8840d6be2c91112e01ca433961f6917485219bc898acdc5d367c86e2,-29.5041294,-1.69489622
122,123,G0025__S03__seed_0008,G0025,Bag_Suitcase_Treasure_chest,3,picture_backed,Bag_Suitcase,seed_0008,8,#1878e8,/mnt/zsn/lyb/arti-skill/exp/uniform531_n5_studio_256_v1/G0025__S03__seed_0008__Bag_Suitcase_Treasure_chest.png,90861,f5c2255a6310fb95b332e208d019ae5cb219350e39fe429f4ad1d96276a12f99,-28.1208706,-2.83668947
123,124,G0025__S04__seed_0016,G0025,Bag_Suitcase_Treasure_chest,4,picture_backed,Bag_Suitcase,seed_0016,16,#1878e8,/mnt/zsn/lyb/arti-skill/exp/uniform531_n5_studio_256_v1/G0025__S04__seed_0016__Bag_Suitcase_Treasure_chest.png,93743,3458cca194d8e594066b23a22db4d817400d8cc4d2a86b2fd6dfdd40b8e6e6d2,-28.9182205,-2.28986573
124,125,G0025__S05__seed_0059,G0025,Bag_Suitcase_Treasure_chest,5,picture_backed,Bag_Suitcase,seed_0059,59,#1878e8,/mnt/zsn/lyb/arti-skill/exp/uniform531_n5_studio_256_v1/G0025__S05__seed_0059__Bag_Suitcase_Treasure_chest.png,91535,14adc6224eada96aee16854540d61b1f6eed69410a846173efae4ac73315886e,-29.3980274,-1.79668379
125,126,G0026__S01__seed_0005,G0026,Bar_Piano,1,picture_backed,Bar,seed_0005,37,#788868,/mnt/zsn/lyb/arti-skill/exp/uniform531_n5_studio_256_v1/G0026__S01__seed_0005__Bar_Piano.png,91382,7a1c9bc65d71ff49c6f025624192af931e9c652cdea052d4031ba0d24e1d6d1c,-29.1213608,14.0773678
126,127,G0026__S02__seed_0006,G0026,Bar_Piano,2,picture_backed,Bar,seed_0006,38,#788868,/mnt/zsn/lyb/arti-skill/exp/uniform531_n5_studio_256_v1/G0026__S02__seed_0006__Bar_Piano.png,92507,855e82051952c03fb5a81a787bc4eeb560b2eb3bb7ced64ec55393f0c4f38c47,-29.2475224,13.9490805
127,128,G0026__S03__seed_0002,G0026,Bar_Piano,3,picture_backed,Bar,seed_0002,18,#788868,/mnt/zsn/lyb/arti-skill/exp/uniform531_n5_studio_256_v1/G0026__S03__seed_0002__Bar_Piano.png,94710,02f6075c95532ae12bd61d10585451d55e145efffe3134f95b678bd1f0e05ed7,-29.1776752,14.1534986
128,129,G0026__S04__seed_0004,G0026,Bar_Piano,4,picture_backed,Bar,seed_0004,27,#788868,/mnt/zsn/lyb/arti-skill/exp/uniform531_n5_studio_256_v1/G0026__S04__seed_0004__Bar_Piano.png,78528,58bad26525ea63ea1bd910b9e9d5c4ec8a90788263e737531f3f63752384380c,-29.5091228,13.4544458
129,130,G0026__S05__seed_0008,G0026,Bar_Piano,5,picture_backed,Bar,seed_0008,71,#788868,/mnt/zsn/lyb/arti-skill/exp/uniform531_n5_studio_256_v1/G0026__S05__seed_0008__Bar_Piano.png,88810,6064ffab1493de8b5f45ee1365653a2ca25b269eecab68e7359e45a68dfa466f,-29.2643852,14.1382198
130,131,G0027__S01__seed_0018,G0027,barcode_scanner,1,picture_backed,Retail_Shop Fixtures,seed_0018,18,#386848,/mnt/zsn/lyb/arti-skill/exp/uniform531_n5_studio_256_v1/G0027__S01__seed_0018__barcode_scanner.png,84620,118be9276da6bbdc43d0913f6f068a6621435371229deffed24ba0d780301db4,-13.4725981,-49.8962364
131,132,G0027__S02__seed_0017,G0027,barcode_scanner,2,picture_backed,Retail_Shop Fixtures,seed_0017,17,#386848,/mnt/zsn/lyb/arti-skill/exp/uniform531_n5_studio_256_v1/G0027__S02__seed_0017__barcode_scanner.png,79572,ec5e369fc2d908ce1e6a87358cdb1340781365555190173f688651d9a7ffa0c8,-13.3422432,-50.8707848
132,133,G0027__S03__seed_0002,G0027,barcode_scanner,3,picture_backed,Retail_Shop Fixtures,seed_0002,2,#386848,/mnt/zsn/lyb/arti-skill/exp/uniform531_n5_studio_256_v1/G0027__S03__seed_0002__barcode_scanner.png,79067,714b0730baea3f0d4f9bf770c06b1d64140e3a7a9160bd7f9153d2baa7ea5a32,-13.5426731,-50.7975464
133,134,G0027__S04__seed_0006,G0027,barcode_scanner,4,picture_backed,Retail_Shop Fixtures,seed_0006,6,#386848,/mnt/zsn/lyb/arti-skill/exp/uniform531_n5_studio_256_v1/G0027__S04__seed_0006__barcode_scanner.png,83491,99c929f755993d4677b6ac928544a663125c1b433c6e42b750c3a7ad896d3606,-13.4720888,-49.7664986
134,135,G0027__S05__seed_0012,G0027,barcode_scanner,5,picture_backed,Retail_Shop Fixtures,seed_0012,12,#386848,/mnt/zsn/lyb/arti-skill/exp/uniform531_n5_studio_256_v1/G0027__S05__seed_0012__barcode_scanner.png,83093,ffed850843bdc5b5d4248ac1e5a9dab6d94c8ac82aa783330764651c8f4f6987,-13.5667114,-50.7865906
135,136,G0028__S01__seed_1200,G0028,barrier_gate_boom,1,builtin_no_picture,builtin_no_picture,seed_1200,1200,#e89888,/mnt/zsn/lyb/arti-skill/exp/uniform531_n5_studio_256_v1/G0028__S01__seed_1200__barrier_gate_boom.png,72828,d5f7de07a76f55b2e9f68cbd13154edc12b82c407da53df2fa663eac9c4dc531,29.1169262,19.9984207
136,137,G0028__S02__seed_0262,G0028,barrier_gate_boom,2,builtin_no_picture,builtin_no_picture,seed_0262,262,#e89888,/mnt/zsn/lyb/arti-skill/exp/uniform531_n5_studio_256_v1/G0028__S02__seed_0262__barrier_gate_boom.png,76016,f37229179d0757e2d3bb7d33c94df3bb75ca3189687682078db4f254e251028d,28.7883778,20.9873219
137,138,G0028__S03__seed_1015,G0028,barrier_gate_boom,3,builtin_no_picture,builtin_no_picture,seed_1015,1015,#e89888,/mnt/zsn/lyb/arti-skill/exp/uniform531_n5_studio_256_v1/G0028__S03__seed_1015__barrier_gate_boom.png,70568,76f976a73cb31fc7dbd37eb14852e8890938c07e7fcf776a9adcf10fbac580f3,30.2000713,20.2975426
138,139,G0028__S04__seed_0156,G0028,barrier_gate_boom,4,builtin_no_picture,builtin_no_picture,seed_0156,156,#e89888,/mnt/zsn/lyb/arti-skill/exp/uniform531_n5_studio_256_v1/G0028__S04__seed_0156__barrier_gate_boom.png,70420,283446ea8259266cf3fa0ca47e951d4a8b1c567f608ba93febc052a82b336ecd,30.0406494,20.4093132
139,140,G0028__S05__seed_1398,G0028,barrier_gate_boom,5,builtin_no_picture,builtin_no_picture,seed_1398,1398,#e89888,/mnt/zsn/lyb/arti-skill/exp/uniform531_n5_studio_256_v1/G0028__S05__seed_1398__barrier_gate_boom.png,70101,bac1120e21c57b8cadaf484308c69bde57cfb22a11eaad4c977d659eba2a9d96,29.9255657,20.4093533
140,141,G0029__S01__seed_1475,G0029,barrier_gate_leaf_gate,1,builtin_no_picture,builtin_no_picture,seed_1475,1475,#584868,/mnt/zsn/lyb/arti-skill/exp/uniform531_n5_studio_256_v1/G0029__S01__seed_1475__barrier_gate_leaf_gate.png,83827,0a82a0dd7b2d028be27031cfb5de7fa499ac9024539d7b1e85d4c31f66fc87cd,-53.0187111,-41.9697647
141,142,G0029__S02__seed_1798,G0029,barrier_gate_leaf_gate,2,builtin_no_picture,builtin_no_picture,seed_1798,1798,#584868,/mnt/zsn/lyb/arti-skill/exp/uniform531_n5_studio_256_v1/G0029__S02__seed_1798__barrier_gate_leaf_gate.png,84834,971fd4503fa58e9d38a4498203f0e3cb72b363a3c811302b81ba230050ed6c3a,-52.8082085,-42.0090637
142,143,G0029__S03__seed_0469,G0029,barrier_gate_leaf_gate,3,builtin_no_picture,builtin_no_picture,seed_0469,469,#584868,/mnt/zsn/lyb/arti-skill/exp/uniform531_n5_studio_256_v1/G0029__S03__seed_0469__barrier_gate_leaf_gate.png,84811,b1ce38704c87622a68a3caec234dd219645bba060af21463ba528dd254cbc97d,-15.3173122,23.0351486
143,144,G0029__S04__seed_0442,G0029,barrier_gate_leaf_gate,4,builtin_no_picture,builtin_no_picture,seed_0442,442,#584868,/mnt/zsn/lyb/arti-skill/exp/uniform531_n5_studio_256_v1/G0029__S04__seed_0442__barrier_gate_leaf_gate.png,85199,a189b4f2e05cdaf8eacc2a25a612b5399c0a9ac2b2174ff08ee1b6660ab763ac,-53.0838585,-41.8871422
144,145,G0029__S05__seed_1688,G0029,barrier_gate_leaf_gate,5,builtin_no_picture,builtin_no_picture,seed_1688,1688,#584868,/mnt/zsn/lyb/arti-skill/exp/uniform531_n5_studio_256_v1/G0029__S05__seed_1688__barrier_gate_leaf_gate.png,84759,c70c0cd1b0f5d106927d0ffc8bdb0780e109123b3715ae5c5f55ab36db15835f,-52.2259712,-42.1559982
145,146,G0030__S01__seed_0736,G0030,Bathroom_Hair_dryer,1,picture_backed,Bathroom,seed_0736,744,#a84878,/mnt/zsn/lyb/arti-skill/exp/uniform531_n5_studio_256_v1/G0030__S01__seed_0736__Bathroom_Hair_dryer.png,75035,ccb743ff2159fd5c3a6d50e99c971a1d2d01d8d9b1a9240c218cf25d37550034,48.8478279,-20.599041
146,147,G0030__S02__seed_1177,G0030,Bathroom_Hair_dryer,2,picture_backed,Bathroom,seed_1177,1190,#a84878,/mnt/zsn/lyb/arti-skill/exp/uniform531_n5_studio_256_v1/G0030__S02__seed_1177__Bathroom_Hair_dryer.png,74840,58a9685a5b8550e01fe94e42681a3fc3a6b039d6d6dc12f7a6c3f4eb456eebb5,48.8717117,-20.6409225
147,148,G0030__S03__seed_0640,G0030,Bathroom_Hair_dryer,3,picture_backed,Bathroom,seed_0640,647,#a84878,/mnt/zsn/lyb/arti-skill/exp/uniform531_n5_studio_256_v1/G0030__S03__seed_0640__Bathroom_Hair_dryer.png,76508,4408af7e3d3c5a1fe1ab43a7f91dfd953739e9cfed4318ea935017b29644b8cc,48.9039116,-20.9798069
148,149,G0030__S04__seed_1791,G0030,Bathroom_Hair_dryer,4,picture_backed,Bathroom,seed_1791,1814,#a84878,/mnt/zsn/lyb/arti-skill/exp/uniform531_n5_studio_256_v1/G0030__S04__seed_1791__Bathroom_Hair_dryer.png,74295,90ba6dc35f73d0b66626152242c7a971fe3d5ba72f370e983af69f2573985804,48.6411171,-20.6370468
149,150,G0030__S05__seed_2202,G0030,Bathroom_Hair_dryer,5,picture_backed,Bathroom,seed_2202,2230,#a84878,/mnt/zsn/lyb/arti-skill/exp/uniform531_n5_studio_256_v1/G0030__S05__seed_2202__Bathroom_Hair_dryer.png,76746,ec62add9336239414ff6117d9756e228695a322e7c351c8e66914ca0cabad281,48.7587776,-20.9343891
150,151,G0031__S01__seed_0006,G0031,Bathroom_toilet,1,picture_backed,Bathroom,seed_0006,6,#e86898,/mnt/zsn/lyb/arti-skill/exp/uniform531_n5_studio_256_v1/G0031__S01__seed_0006__Bathroom_toilet.png,90528,429ed9503540592e47d4f9007fb9289fc6c9f6bcde16a31393ff0aa4855142e1,-10.4709311,-21.587471
151,152,G0031__S02__seed_0011,G0031,Bathroom_toilet,2,picture_backed,Bathroom,seed_0011,11,#e86898,/mnt/zsn/lyb/arti-skill/exp/uniform531_n5_studio_256_v1/G0031__S02__seed_0011__Bathroom_toilet.png,97603,8adeecbe153e27995f239e6dd7d1db96ebccf0e1d312e60d2507ba60ecf554bb,-10.6620016,-21.4361649
152,153,G0031__S03__seed_0012,G0031,Bathroom_toilet,3,picture_backed,Bathroom,seed_0012,12,#e86898,/mnt/zsn/lyb/arti-skill/exp/uniform531_n5_studio_256_v1/G0031__S03__seed_0012__Bathroom_toilet.png,86781,6c49fd5bb015285a8ebddc5a9322778b4e574d1cff9ff68e27bc92b6912371ea,-10.7611275,-21.3566437
153,154,G0031__S04__seed_0013,G0031,Bathroom_toilet,4,picture_backed,Bathroom,seed_0013,13,#e86898,/mnt/zsn/lyb/arti-skill/exp/uniform531_n5_studio_256_v1/G0031__S04__seed_0013__Bathroom_toilet.png,76450,020c5be4ae934cdc2adcd3d06d13339e39692c86b42c7c70c8ae2269939dda87,-10.7329159,-21.3584347
154,155,G0031__S05__seed_0016,G0031,Bathroom_toilet,5,picture_backed,Bathroom,seed_0016,16,#e86898,/mnt/zsn/lyb/arti-skill/exp/uniform531_n5_studio_256_v1/G0031__S05__seed_0016__Bathroom_toilet.png,86896,d5d47bce5d2564de3f792a41d42e6c7b4614e3b5576e271e69791135121ac9e3,-10.4786959,-21.7253609
155,156,G0032__S01__seed_0011,G0032,Bathroom_washmachine,1,picture_backed,Bathroom,seed_0011,11,#e8a818,/mnt/zsn/lyb/arti-skill/exp/uniform531_n5_studio_256_v1/G0032__S01__seed_0011__Bathroom_washmachine.png,83522,7b1f5ebf0c34e94f9c3883474c9dfaf78759b043f55f4d271724a2b883bc7184,-55.0101547,-11.7569027
156,157,G0032__S02__seed_0017,G0032,Bathroom_washmachine,2,picture_backed,Bathroom,seed_0017,17,#e8a818,/mnt/zsn/lyb/arti-skill/exp/uniform531_n5_studio_256_v1/G0032__S02__seed_0017__Bathroom_washmachine.png,81820,336be21f768947ce69e1d9fbb4722df1e1c8cfef8f206364b6715e7e354046d3,-55.1498833,-10.8437691
157,158,G0032__S03__seed_0012,G0032,Bathroom_washmachine,3,picture_backed,Bathroom,seed_0012,12,#e8a818,/mnt/zsn/lyb/arti-skill/exp/uniform531_n5_studio_256_v1/G0032__S03__seed_0012__Bathroom_washmachine.png,85494,ba3d9e8abac5a135dc96fdb2d8af5b80796ea5d5aa297cb58e8b64d9bdd0d171,-55.0120392,-11.9538078
158,159,G0032__S04__seed_0016,G0032,Bathroom_washmachine,4,picture_backed,Bathroom,seed_0016,16,#e8a818,/mnt/zsn/lyb/arti-skill/exp/uniform531_n5_studio_256_v1/G0032__S04__seed_0016__Bathroom_washmachine.png,83440,ad6406a95cc33c2ee49ad7be824046406121e6a67a060a68805771c60fc23db0,-54.9598045,-10.7794456
159,160,G0032__S05__seed_0018,G0032,Bathroom_washmachine,5,picture_backed,Bathroom,seed_0018,18,#e8a818,/mnt/zsn/lyb/arti-skill/exp/uniform531_n5_studio_256_v1/G0032__S05__seed_0018__Bathroom_washmachine.png,89348,9c534ced0eb8fa74cfba3d768f88502843dec70eb93bf4980c6b6f7a5bae993c,-55.5120354,-10.9535866
160,161,G0033__S01__seed_0020,G0033,bell_tower_with_swinging_bell,1,builtin_no_picture,builtin_no_picture,seed_0020,49,#98a8c8,/mnt/zsn/lyb/arti-skill/exp/uniform531_n5_studio_256_v1/G0033__S01__seed_0020__bell_tower_with_swinging_bell.png,93423,6a0b4aea8f808b02cec89753ecb2f83a1656aa994a2a6ae7a406d7969bf118ea,-8.78188419,-30.0474415
161,162,G0033__S02__seed_0027,G0033,bell_tower_with_swinging_bell,2,builtin_no_picture,builtin_no_picture,seed_0027,74,#98a8c8,/mnt/zsn/lyb/arti-skill/exp/uniform531_n5_studio_256_v1/G0033__S02__seed_0027__bell_tower_with_swinging_bell.png,85550,f26a2ddd4f1bacbd011b343817bbb6cb6f8fc6cffe66e16e7b8afd8fe46e5c8c,-9.0022316,-30.843708
162,163,G0033__S03__seed_0010,G0033,bell_tower_with_swinging_bell,3,builtin_no_picture,builtin_no_picture,seed_0010,29,#98a8c8,/mnt/zsn/lyb/arti-skill/exp/uniform531_n5_studio_256_v1/G0033__S03__seed_0010__bell_tower_with_swinging_bell.png,90926,c170346b0393064dacb6861c2cf0b1d3471c7b0061b7c6a6cba0d26a39c6769c,-8.87121868,-30.2870121
163,164,G0033__S04__seed_0036,G0033,bell_tower_with_swinging_bell,4,builtin_no_picture,builtin_no_picture,seed_0036,98,#98a8c8,/mnt/zsn/lyb/arti-skill/exp/uniform531_n5_studio_256_v1/G0033__S04__seed_0036__bell_tower_with_swinging_bell.png,86341,c291355b57b6bce7dd055aed20d1ea432dd951e508109348f82db35422e414a1,-9.11395264,-30.9976406
164,165,G0033__S05__seed_0070,G0033,bell_tower_with_swinging_bell,5,builtin_no_picture,builtin_no_picture,seed_0070,180,#98a8c8,/mnt/zsn/lyb/arti-skill/exp/uniform531_n5_studio_256_v1/G0033__S05__seed_0070__bell_tower_with_swinging_bell.png,98939,7f25f94b39c61294aa9f08e474023cb0dbe170674b67c98a2f0858978c45694c,-9.03112125,-30.5062408
165,166,G0034__S01__seed_0246,G0034,Bench_Wood_Swing,1,picture_backed,Bench,seed_0246,246,#4848b8,/mnt/zsn/lyb/arti-skill/exp/uniform531_n5_studio_256_v1/G0034__S01__seed_0246__Bench_Wood_Swing.png,93105,867cf2e5a27345151e2058ac3a0f703befad6a78fd4d61b0861777e97143a52e,-19.0976868,45.7107162
166,167,G0034__S02__seed_1267,G0034,Bench_Wood_Swing,2,picture_backed,Bench,seed_1267,1267,#4848b8,/mnt/zsn/lyb/arti-skill/exp/uniform531_n5_studio_256_v1/G0034__S02__seed_1267__Bench_Wood_Swing.png,85788,37f8081154250693e4d29632952a118575358bff55a2915588f23fef2aadba27,-18.5632896,46.3420296
167,168,G0034__S03__seed_1477,G0034,Bench_Wood_Swing,3,picture_backed,Bench,seed_1477,1477,#4848b8,/mnt/zsn/lyb/arti-skill/exp/uniform531_n5_studio_256_v1/G0034__S03__seed_1477__Bench_Wood_Swing.png,86282,d209d44ce1488710092bef8af3106536d118887b3e035c9873171c61a94341b2,-18.2805901,45.4619637
168,169,G0034__S04__seed_1508,G0034,Bench_Wood_Swing,4,picture_backed,Bench,seed_1508,1508,#4848b8,/mnt/zsn/lyb/arti-skill/exp/uniform531_n5_studio_256_v1/G0034__S04__seed_1508__Bench_Wood_Swing.png,89313,3ba2ad803b4c45e5812cd793ad2de8c1a6473b338a213062330581b281b06bf2,-18.735487,45.6885223
169,170,G0034__S05__seed_1192,G0034,Bench_Wood_Swing,5,picture_backed,Bench,seed_1192,1192,#4848b8,/mnt/zsn/lyb/arti-skill/exp/uniform531_n5_studio_256_v1/G0034__S05__seed_1192__Bench_Wood_Swing.png,83193,019440e549712396eeb25c8271408af6f400d94c82b93fe192283f2275fc9eff,-18.6317177,45.8406448
170,171,G0035__S01__seed_0895,G0035,bicycle_crankset_and_pedal_assembly,1,builtin_no_picture,builtin_no_picture,seed_0895,928,#48d888,/mnt/zsn/lyb/arti-skill/exp/uniform531_n5_studio_256_v1/G0035__S01__seed_0895__bicycle_crankset_and_pedal_assembly.png,75820,51492254fb30b242ea6b5fec6f9bdeb2b30c68de4ec1b04f13c35a8c49f23c35,15.1469765,-3.67022157
171,172,G0035__S02__seed_1028,G0035,bicycle_crankset_and_pedal_assembly,2,builtin_no_picture,builtin_no_picture,seed_1028,1065,#48d888,/mnt/zsn/lyb/arti-skill/exp/uniform531_n5_studio_256_v1/G0035__S02__seed_1028__bicycle_crankset_and_pedal_assembly.png,77425,c937f0429401773cc438e9cf995115eacb027981e817402d4f0fe59e6eed5132,26.9949074,5.59032869
172,173,G0035__S03__seed_0098,G0035,bicycle_crankset_and_pedal_assembly,3,builtin_no_picture,builtin_no_picture,seed_0098,101,#48d888,/mnt/zsn/lyb/arti-skill/exp/uniform531_n5_studio_256_v1/G0035__S03__seed_0098__bicycle_crankset_and_pedal_assembly.png,76632,fbe65e8b523359c19a0cce7aad8bc34576b353ffeb4cbbc07624070bd4a0b949,15.0461235,-3.74145818
173,174,G0035__S04__seed_0797,G0035,bicycle_crankset_and_pedal_assembly,4,builtin_no_picture,builtin_no_picture,seed_0797,827,#48d888,/mnt/zsn/lyb/arti-skill/exp/uniform531_n5_studio_256_v1/G0035__S04__seed_0797__bicycle_crankset_and_pedal_assembly.png,76832,168d2bd243c06068d6d895f65711ff8d92f617dda3e02391cdc5927de897e5e0,14.7768593,-3.64276981
174,175,G0035__S05__seed_0873,G0035,bicycle_crankset_and_pedal_assembly,5,builtin_no_picture,builtin_no_picture,seed_0873,905,#48d888,/mnt/zsn/lyb/arti-skill/exp/uniform531_n5_studio_256_v1/G0035__S05__seed_0873__bicycle_crankset_and_pedal_assembly.png,76039,c134f09f761472426e00b5514a36985106a8a94772f6cb6c1d89e675ac1efc2f,14.8841314,-3.68562531
175,176,G0036__S01__seed_0000,G0036,bird_cage,1,picture_backed,Pet_Animal related,seed_0000,0,#8888e8,/mnt/zsn/lyb/arti-skill/exp/uniform531_n5_studio_256_v1/G0036__S01__seed_0000__bird_cage.png,96539,365d457b7982d13b55b924119bc3eced711f66abc43f75f822a00022b4ee33aa,-36.2245941,-15.7337885
176,177,G0036__S02__seed_0023,G0036,bird_cage,2,picture_backed,Pet_Animal related,seed_0023,24,#8888e8,/mnt/zsn/lyb/arti-skill/exp/uniform531_n5_studio_256_v1/G0036__S02__seed_0023__bird_cage.png,97519,c4734aad57cd11423b4c92d909632dd830337a453e3a335dee59bbe96b3852d4,-36.6077194,-15.4618111
177,178,G0036__S03__seed_0162,G0036,bird_cage,3,picture_backed,Pet_Animal related,seed_0162,164,#8888e8,/mnt/zsn/lyb/arti-skill/exp/uniform531_n5_studio_256_v1/G0036__S03__seed_0162__bird_cage.png,102622,83532bd0d9e112b7f322908b38809d737b28bad4aba02ebab6b0c27e335d12d1,-36.407589,-15.6718721
178,179,G0036__S04__seed_0018,G0036,bird_cage,4,picture_backed,Pet_Animal related,seed_0018,19,#8888e8,/mnt/zsn/lyb/arti-skill/exp/uniform531_n5_studio_256_v1/G0036__S04__seed_0018__bird_cage.png,94727,e1a13fe7235e9854f5183e97978539a26feb06f3b6eda366b2ee09ac338ed3a8,-36.2902184,-15.0632286
179,180,G0036__S05__seed_0007,G0036,bird_cage,5,picture_backed,Pet_Animal related,seed_0007,8,#8888e8,/mnt/zsn/lyb/arti-skill/exp/uniform531_n5_studio_256_v1/G0036__S05__seed_0007__bird_cage.png,94028,0e61ed7a64a40d1d5b52bfbf5526e86592ab5a1d6b1a868040c6f9fb02b75c8b,-36.1940346,-15.239006
180,181,G0037__S01__seed_0940,G0037,blender_countertop,1,builtin_no_picture,builtin_no_picture,seed_0940,989,#a8d828,/mnt/zsn/lyb/arti-skill/exp/uniform531_n5_studio_256_v1/G0037__S01__seed_0940__blender_countertop.png,78242,20c6a168505fd149a95163e2194582eda053aff16dd4813b92425350a79fdbde,-15.6801043,-41.5353737
181,182,G0037__S02__seed_1285,G0037,blender_countertop,2,builtin_no_picture,builtin_no_picture,seed_1285,1355,#a8d828,/mnt/zsn/lyb/arti-skill/exp/uniform531_n5_studio_256_v1/G0037__S02__seed_1285__blender_countertop.png,76418,04b19763b328731e5a9bcac87b57b33726853066f971ac5f6de17a87811ec9db,-16.3658714,-41.9147377
182,183,G0037__S03__seed_0554,G0037,blender_countertop,3,builtin_no_picture,builtin_no_picture,seed_0554,578,#a8d828,/mnt/zsn/lyb/arti-skill/exp/uniform531_n5_studio_256_v1/G0037__S03__seed_0554__blender_countertop.png,75727,5e5dd03454ee642b45d7a41a91abc941758e6d111a97e5b1df0247331b0520e3,-15.7643147,-42.7566719
183,184,G0037__S04__seed_1471,G0037,blender_countertop,4,builtin_no_picture,builtin_no_picture,seed_1471,1550,#a8d828,/mnt/zsn/lyb/arti-skill/exp/uniform531_n5_studio_256_v1/G0037__S04__seed_1471__blender_countertop.png,77503,3e3610f238c02c37b31d501a4be8a078d938f994ef673f0e73b29750fc30c8a1,-16.3546028,-41.8350906
184,185,G0037__S05__seed_0463,G0037,blender_countertop,5,builtin_no_picture,builtin_no_picture,seed_0463,485,#a8d828,/mnt/zsn/lyb/arti-skill/exp/uniform531_n5_studio_256_v1/G0037__S05__seed_0463__blender_countertop.png,79029,93c520562e3b12c83eb920fa1492bb72af8db3ccaeb151b724aaec44238eb235,-16.5876617,-41.7757874
185,186,G0038__S01__seed_0505,G0038,box_fan_with_control_knob,1,builtin_no_picture,builtin_no_picture,seed_0505,515,#28b818,/mnt/zsn/lyb/arti-skill/exp/uniform531_n5_studio_256_v1/G0038__S01__seed_0505__box_fan_with_control_knob.png,84200,7c0bf0d5806730d84b591c6d31f3bc06c3fd03aec304e67bb8aea0f653ae2003,-20.7999916,-17.1486092
186,187,G0038__S02__seed_0052,G0038,box_fan_with_control_knob,2,builtin_no_picture,builtin_no_picture,seed_0052,54,#28b818,/mnt/zsn/lyb/arti-skill/exp/uniform531_n5_studio_256_v1/G0038__S02__seed_0052__box_fan_with_control_knob.png,87303,a338fc57b4d87f1e2eaa4d03b24ff4947be7ca791292297420c0d9d37c69f04d,-18.977911,-17.720356
187,188,G0038__S03__seed_0323,G0038,box_fan_with_control_knob,3,builtin_no_picture,builtin_no_picture,seed_0323,329,#28b818,/mnt/zsn/lyb/arti-skill/exp/uniform531_n5_studio_256_v1/G0038__S03__seed_0323__box_fan_with_control_knob.png,96533,0cda77f55619768d35ec277cedb2091e82af69802780eb50d46633373d5b35a7,-18.8467617,-17.6523457
188,189,G0038__S04__seed_1091,G0038,box_fan_with_control_knob,4,builtin_no_picture,builtin_no_picture,seed_1091,1107,#28b818,/mnt/zsn/lyb/arti-skill/exp/uniform531_n5_studio_256_v1/G0038__S04__seed_1091__box_fan_with_control_knob.png,83893,3fe18bd1ab7980d404b807904c2850edb0ea6f295cf7dcafa3acf426a7493b70,-20.6837006,-17.2325478
189,190,G0038__S05__seed_1162,G0038,box_fan_with_control_knob,5,builtin_no_picture,builtin_no_picture,seed_1162,1178,#28b818,/mnt/zsn/lyb/arti-skill/exp/uniform531_n5_studio_256_v1/G0038__S05__seed_1162__box_fan_with_control_knob.png,79556,7ef275958d3dc9fe4daaa17b02198e64cfed56b652a5f4548e16a475dbe8876f,-18.6328716,-17.3415089
190,191,G0039__S01__seed_0007,G0039,branching_tree_with_three_independent_rotary_branches,1,builtin_no_picture,builtin_no_picture,seed_0007,7,#4888a8,/mnt/zsn/lyb/arti-skill/exp/uniform531_n5_studio_256_v1/G0039__S01__seed_0007__branching_tree_with_three_independent_rotary_branches.png,78283,28f3e0dceb09d8e322278394efa3c479ba4c210073c31bcc9be53476b00f773a,29.8409061,1.71639204
191,192,G0039__S02__seed_0013,G0039,branching_tree_with_three_independent_rotary_branches,2,builtin_no_picture,builtin_no_picture,seed_0013,13,#4888a8,/mnt/zsn/lyb/arti-skill/exp/uniform531_n5_studio_256_v1/G0039__S02__seed_0013__branching_tree_with_three_independent_rotary_branches.png,81198,6afa3f29b01ca11076e0cdf3feda1ec204e676169b89e570ddd277ca20107349,30.4676952,-21.439537
192,193,G0039__S03__seed_0027,G0039,branching_tree_with_three_independent_rotary_branches,3,builtin_no_picture,builtin_no_picture,seed_0027,27,#4888a8,/mnt/zsn/lyb/arti-skill/exp/uniform531_n5_studio_256_v1/G0039__S03__seed_0027__branching_tree_with_three_independent_rotary_branches.png,76899,703dac6787295a0ba78404c719e1846f33e1cd465734fdd2a485ab2d50478fa2,35.3383636,7.50175571
193,194,G0039__S04__seed_0041,G0039,branching_tree_with_three_independent_rotary_branches,4,builtin_no_picture,builtin_no_picture,seed_0041,41,#4888a8,/mnt/zsn/lyb/arti-skill/exp/uniform531_n5_studio_256_v1/G0039__S04__seed_0041__branching_tree_with_three_independent_rotary_branches.png,76684,c93a07c6ce14f3962608a3e70a25b5ab1ba06a37b6e4312a34bf4f365ec1e800,35.3986473,7.54216146
194,195,G0039__S05__seed_0063,G0039,branching_tree_with_three_independent_rotary_branches,5,builtin_no_picture,builtin_no_picture,seed_0063,63,#4888a8,/mnt/zsn/lyb/arti-skill/exp/uniform531_n5_studio_256_v1/G0039__S05__seed_0063__branching_tree_with_three_independent_rotary_branches.png,79052,cd09d490ad02da9f7d8f7a02107b934df87403cd75b8744224199e711cda0c4c,29.6420269,1.66228151
195,196,G0040__S01__seed_0088,G0040,branching_tree_with_two_independent_rotary_branches,1,builtin_no_picture,builtin_no_picture,seed_0088,95,#d84828,/mnt/zsn/lyb/arti-skill/exp/uniform531_n5_studio_256_v1/G0040__S01__seed_0088__branching_tree_with_two_independent_rotary_branches.png,80025,657a88ca36cd8cdbde28749f675c2704f8ee5cea70bf679259f9456a6d64e6a8,29.2182522,2.28141427
196,197,G0040__S02__seed_0019,G0040,branching_tree_with_two_independent_rotary_branches,2,builtin_no_picture,builtin_no_picture,seed_0019,22,#d84828,/mnt/zsn/lyb/arti-skill/exp/uniform531_n5_studio_256_v1/G0040__S02__seed_0019__branching_tree_with_two_independent_rotary_branches.png,81271,f3a16c6c85710efd8bf35842f130099817b6ef6f87e84c43cba45716a4903bd3,29.036562,2.19280815
197,198,G0040__S03__seed_0054,G0040,branching_tree_with_two_independent_rotary_branches,3,builtin_no_picture,builtin_no_picture,seed_0054,60,#d84828,/mnt/zsn/lyb/arti-skill/exp/uniform531_n5_studio_256_v1/G0040__S03__seed_0054__branching_tree_with_two_independent_rotary_branches.png,73854,9a4a9720ec1b70ba1b95deda532f4246fb78f1650f491917218ca9e94d217701,30.8066902,-0.294247121
198,199,G0040__S04__seed_0047,G0040,branching_tree_with_two_independent_rotary_branches,4,builtin_no_picture,builtin_no_picture,seed_0047,52,#d84828,/mnt/zsn/lyb/arti-skill/exp/uniform531_n5_studio_256_v1/G0040__S04__seed_0047__branching_tree_with_two_independent_rotary_branches.png,81360,0578d996c1e399b86879a39380df520645e6ac2ad940283a87bb04a935d28aa2,27.7711391,2.12989306
199,200,G0040__S05__seed_0046,G0040,branching_tree_with_two_independent_rotary_branches,5,builtin_no_picture,builtin_no_picture,seed_0046,51,#d84828,/mnt/zsn/lyb/arti-skill/exp/uniform531_n5_studio_256_v1/G0040__S05__seed_0046__branching_tree_with_two_independent_rotary_branches.png,73202,2734fdc35091eb3ca0658908436a67fa7148ef3e837a0f3fdf7bb36b3341c92e,30.1757393,0.95182246
200,201,G0041__S01__seed_1835,G0041,camcorder_with_flipout_screen,1,builtin_no_picture,builtin_no_picture,seed_1835,2629,#7868a8,/mnt/zsn/lyb/arti-skill/exp/uniform531_n5_studio_256_v1/G0041__S01__seed_1835__camcorder_with_flipout_screen.png,75308,da4f08b3630080d2600c02d7ae8c9be5d04670b755371158e974e7b57a33918a,25.8759327,-13.3339453
201,202,G0041__S02__seed_1681,G0041,camcorder_with_flipout_screen,2,builtin_no_picture,builtin_no_picture,seed_1681,2402,#7868a8,/mnt/zsn/lyb/arti-skill/exp/uniform531_n5_studio_256_v1/G0041__S02__seed_1681__camcorder_with_flipout_screen.png,80124,bb8602ebdf729b9bf012e1f5e2c93b055022d7bcb9dee3b32f04049fa9475e3b,25.8997173,-13.4489603
202,203,G0041__S03__seed_3095,G0041,camcorder_with_flipout_screen,3,builtin_no_picture,builtin_no_picture,seed_3095,4432,#7868a8,/mnt/zsn/lyb/arti-skill/exp/uniform531_n5_studio_256_v1/G0041__S03__seed_3095__camcorder_with_flipout_screen.png,82141,3286332b4d873c307d5b3d76d50343d630572302af70cb8260394204d5fd75f1,25.972084,-13.7083797
203,204,G0041__S04__seed_0686,G0041,camcorder_with_flipout_screen,4,builtin_no_picture,builtin_no_picture,seed_0686,975,#7868a8,/mnt/zsn/lyb/arti-skill/exp/uniform531_n5_studio_256_v1/G0041__S04__seed_0686__camcorder_with_flipout_screen.png,75462,703eab998c1fe8a4537f998d851e4de696b5cfa0f904d792a5de6da623ec37fa,25.6398048,-12.5496082
204,205,G0041__S05__seed_0390,G0041,camcorder_with_flipout_screen,5,builtin_no_picture,builtin_no_picture,seed_0390,562,#7868a8,/mnt/zsn/lyb/arti-skill/exp/uniform531_n5_studio_256_v1/G0041__S05__seed_0390__camcorder_with_flipout_screen.png,78483,0b6eca1d7fdd405384cb3945b04feeb583c0dcb673b902bb60ad4b89b38eb086,25.8212986,-13.1151323
205,206,G0042__S01__seed_1994,G0042,camera_flash,1,builtin_no_picture,builtin_no_picture,seed_1994,1994,#a818e8,/mnt/zsn/lyb/arti-skill/exp/uniform531_n5_studio_256_v1/G0042__S01__seed_1994__camera_flash.png,78369,3a840489047a231ac5edea81066882edd42282676c29c39994477f1deb75ce71,-13.3228874,-47.7963753
206,207,G0042__S02__seed_1298,G0042,camera_flash,2,builtin_no_picture,builtin_no_picture,seed_1298,1298,#a818e8,/mnt/zsn/lyb/arti-skill/exp/uniform531_n5_studio_256_v1/G0042__S02__seed_1298__camera_flash.png,74724,0528e51ed45da412199d3b781a1531a69ed5eae56cc6af91e44af50647de9592,-12.6587667,-48.0743904
207,208,G0042__S03__seed_0587,G0042,camera_flash,3,builtin_no_picture,builtin_no_picture,seed_0587,587,#a818e8,/mnt/zsn/lyb/arti-skill/exp/uniform531_n5_studio_256_v1/G0042__S03__seed_0587__camera_flash.png,73389,32c6b5cf2b96d6a46701cf74f381a08bf4d1b5765e5f88ef5fdea72d2950ea91,-12.7382774,-47.9842606
208,209,G0042__S04__seed_0703,G0042,camera_flash,4,builtin_no_picture,builtin_no_picture,seed_0703,703,#a818e8,/mnt/zsn/lyb/arti-skill/exp/uniform531_n5_studio_256_v1/G0042__S04__seed_0703__camera_flash.png,78813,064c3b8eda885aaf53ffbf8c7f0e5a7fdbf98d17f68a51eccc743e624dba354e,-13.6897955,-47.9324684
209,210,G0042__S05__seed_1525,G0042,camera_flash,5,builtin_no_picture,builtin_no_picture,seed_1525,1525,#a818e8,/mnt/zsn/lyb/arti-skill/exp/uniform531_n5_studio_256_v1/G0042__S05__seed_1525__camera_flash.png,75760,11a781551f026a7af048bbe0e8c9f23038d3cf1e5c1bfbca5db861aeb11486a1,-13.5977955,-47.7010574
210,211,G0043__S01__seed_0477,G0043,camera_lens,1,builtin_no_picture,builtin_no_picture,seed_0477,477,#e818a8,/mnt/zsn/lyb/arti-skill/exp/uniform531_n5_studio_256_v1/G0043__S01__seed_0477__camera_lens.png,83165,850adedea22979700aa3efbb476b01728a77e8765e836ed9c824fd3cc01176b5,47.7353745,-30.5863132
211,212,G0043__S02__seed_0556,G0043,camera_lens,2,builtin_no_picture,builtin_no_picture,seed_0556,556,#e818a8,/mnt/zsn/lyb/arti-skill/exp/uniform531_n5_studio_256_v1/G0043__S02__seed_0556__camera_lens.png,89564,88781bbde1bde261073adf6a660b6afea840beca7a92952bef8e9dbcc3949a56,46.9445457,-30.8232327
212,213,G0043__S03__seed_0227,G0043,camera_lens,3,builtin_no_picture,builtin_no_picture,seed_0227,227,#e818a8,/mnt/zsn/lyb/arti-skill/exp/uniform531_n5_studio_256_v1/G0043__S03__seed_0227__camera_lens.png,86507,741bc8ded42d412eacbd03c59cdcda932c7f04565dd51966e13ba5bde622c5da,47.6391068,-30.9617214
213,214,G0043__S04__seed_1186,G0043,camera_lens,4,builtin_no_picture,builtin_no_picture,seed_1186,1186,#e818a8,/mnt/zsn/lyb/arti-skill/exp/uniform531_n5_studio_256_v1/G0043__S04__seed_1186__camera_lens.png,83460,95a49723f83d35e01411668b6d1b34bd8f6dd488baf614085465294578b7aedc,47.9813423,-31.0491924
214,215,G0043__S05__seed_1562,G0043,camera_lens,5,builtin_no_picture,builtin_no_picture,seed_1562,1562,#e818a8,/mnt/zsn/lyb/arti-skill/exp/uniform531_n5_studio_256_v1/G0043__S05__seed_1562__camera_lens.png,82585,c63d31ecbdf4519baa07fa5d86f66dccd96fdd8459a00935142e1f1c7a46bf36,47.8608894,-30.6551094
215,216,G0044__S01__seed_0005,G0044,camp_chair,1,picture_backed,Camping_Outdoor Gear,seed_0005,5,#687818,/mnt/zsn/lyb/arti-skill/exp/uniform531_n5_studio_256_v1/G0044__S01__seed_0005__camp_chair.png,85801,6ea5b65a41490b765754b8f6ca4e967d736384dfe1d6cf5e22ede516f8b48107,-31.6228352,40.2896309
216,217,G0044__S02__seed_0004,G0044,camp_chair,2,picture_backed,Camping_Outdoor Gear,seed_0004,4,#687818,/mnt/zsn/lyb/arti-skill/exp/uniform531_n5_studio_256_v1/G0044__S02__seed_0004__camp_chair.png,91267,1f000ed6840694d5d153437f5f2a9be6636255de55e974e91a74993fc28d8521,-28.6415081,38.4995117
217,218,G0044__S03__seed_0028,G0044,camp_chair,3,picture_backed,Camping_Outdoor Gear,seed_0028,28,#687818,/mnt/zsn/lyb/arti-skill/exp/uniform531_n5_studio_256_v1/G0044__S03__seed_0028__camp_chair.png,99036,eb6ecfdca131c0494342433b55dd4f7f330545513d6ea05ee792ed7a42a26b35,-28.5234737,38.6707497
218,219,G0044__S04__seed_0015,G0044,camp_chair,4,picture_backed,Camping_Outdoor Gear,seed_0015,15,#687818,/mnt/zsn/lyb/arti-skill/exp/uniform531_n5_studio_256_v1/G0044__S04__seed_0015__camp_chair.png,88271,7c6326da3df545f959479f3d41f9777e0060c63c4fd6a324fa1e8fd484a7c07f,-28.9161701,38.3581886
219,220,G0044__S05__seed_0001,G0044,camp_chair,5,picture_backed,Camping_Outdoor Gear,seed_0001,1,#687818,/mnt/zsn/lyb/arti-skill/exp/uniform531_n5_studio_256_v1/G0044__S05__seed_0001__camp_chair.png,86816,61599f24556a09eb2f9428fa3e559b3107dbc071b2d36878a4324e925fd80d3b,-28.2743797,38.816124
220,221,G0045__S01__seed_0105,G0045,camping_lantern,1,picture_backed,Camping_Outdoor Gear,seed_0105,128,#98a888,/mnt/zsn/lyb/arti-skill/exp/uniform531_n5_studio_256_v1/G0045__S01__seed_0105__camping_lantern.png,76371,1e602b7ae6b97658884254af8200a222d3ef4a9c23e0312ffc799dfc56c2ad16,13.7869434,-38.4164848
221,222,G0045__S02__seed_0069,G0045,camping_lantern,2,picture_backed,Camping_Outdoor Gear,seed_0069,88,#98a888,/mnt/zsn/lyb/arti-skill/exp/uniform531_n5_studio_256_v1/G0045__S02__seed_0069__camping_lantern.png,72935,20b63163a5a152e41f0f95b96fbb2055fb2e2cd5dbfbd107d9aea942ae5277bc,13.0782642,-25.5469322
222,223,G0045__S03__seed_0067,G0045,camping_lantern,3,picture_backed,Camping_Outdoor Gear,seed_0067,86,#98a888,/mnt/zsn/lyb/arti-skill/exp/uniform531_n5_studio_256_v1/G0045__S03__seed_0067__camping_lantern.png,73014,d899e83fe5ce128ccadab779dbb1c8fc964212516c5d91cc2c2d58316a822a59,13.5496264,-38.1616859
223,224,G0045__S04__seed_0019,G0045,camping_lantern,4,picture_backed,Camping_Outdoor Gear,seed_0019,26,#98a888,/mnt/zsn/lyb/arti-skill/exp/uniform531_n5_studio_256_v1/G0045__S04__seed_0019__camping_lantern.png,82118,a330ad47d23969c6a874894695307c7479c62abedcc0599899f32200ff801ad9,12.9808655,-37.6648445
224,225,G0045__S05__seed_0044,G0045,camping_lantern,5,picture_backed,Camping_Outdoor Gear,seed_0044,58,#98a888,/mnt/zsn/lyb/arti-skill/exp/uniform531_n5_studio_256_v1/G0045__S05__seed_0044__camping_lantern.png,81344,f0938ad858f85d68710556a67b78e035d72312eacc9cfaee4db0e57324181106,-9.95162868,-32.2871017
225,226,G0046__S01__seed_0238,G0046,candy_vending_machine,1,builtin_no_picture,builtin_no_picture,seed_0238,244,#184858,/mnt/zsn/lyb/arti-skill/exp/uniform531_n5_studio_256_v1/G0046__S01__seed_0238__candy_vending_machine.png,81303,04cfb4db5e0d5929191c4f5c266cdb9c90e13ce1a85f7eef1fa90433813dc08b,13.0252142,-20.8541584
226,227,G0046__S02__seed_0018,G0046,candy_vending_machine,2,builtin_no_picture,builtin_no_picture,seed_0018,19,#184858,/mnt/zsn/lyb/arti-skill/exp/uniform531_n5_studio_256_v1/G0046__S02__seed_0018__candy_vending_machine.png,83310,40529eea473ea94df1dab7e0efe77fcb73c641a147462019fac870ead43b2b90,-28.6675034,-24.7654247
227,228,G0046__S03__seed_0150,G0046,candy_vending_machine,3,builtin_no_picture,builtin_no_picture,seed_0150,153,#184858,/mnt/zsn/lyb/arti-skill/exp/uniform531_n5_studio_256_v1/G0046__S03__seed_0150__candy_vending_machine.png,86993,8f9d8821f1ca9b7f86054ad6ed8631dbe66f4d83dd51ec62657445ddd289d28f,13.4495487,-19.6056347
228,229,G0046__S04__seed_0624,G0046,candy_vending_machine,4,builtin_no_picture,builtin_no_picture,seed_0624,638,#184858,/mnt/zsn/lyb/arti-skill/exp/uniform531_n5_studio_256_v1/G0046__S04__seed_0624__candy_vending_machine.png,85379,e8c8872d2366a104ae603661c423593aa50534ff48f7d32a8ff98add7cc193c7,-48.6367226,-13.6120882
229,230,G0046__S05__seed_0528,G0046,candy_vending_machine,5,builtin_no_picture,builtin_no_picture,seed_0528,539,#184858,/mnt/zsn/lyb/arti-skill/exp/uniform531_n5_studio_256_v1/G0046__S05__seed_0528__candy_vending_machine.png,89749,1db27dcd6a940e1a0e96703615f8cf36bfc90b3235c6e0967d58c04f655135d6,13.4619493,-19.5868397
230,231,G0047__S01__seed_0032,G0047,cannon,1,builtin_no_picture,builtin_no_picture,seed_0032,42,#a858b8,/mnt/zsn/lyb/arti-skill/exp/uniform531_n5_studio_256_v1/G0047__S01__seed_0032__cannon.png,72921,7f9324e1ce5e7c6e0549260dc2032eab780a790eb3e45a82c48085b4b3bca599,42.8048172,5.36633205
231,232,G0047__S02__seed_0072,G0047,cannon,2,builtin_no_picture,builtin_no_picture,seed_0072,99,#a858b8,/mnt/zsn/lyb/arti-skill/exp/uniform531_n5_studio_256_v1/G0047__S02__seed_0072__cannon.png,78425,4471dc61a1a76fa487591f6104b030923d87fd8a014e65564c81207846785dfb,41.515934,5.04434681
232,233,G0047__S03__seed_0103,G0047,cannon,3,builtin_no_picture,builtin_no_picture,seed_0103,145,#a858b8,/mnt/zsn/lyb/arti-skill/exp/uniform531_n5_studio_256_v1/G0047__S03__seed_0103__cannon.png,73817,e9e691d95a7a3147ee25e78d15c7b32907ed7769b35d427cbc78b2bf7160f161,43.1501961,5.21837902
233,234,G0047__S04__seed_0112,G0047,cannon,4,builtin_no_picture,builtin_no_picture,seed_0112,158,#a858b8,/mnt/zsn/lyb/arti-skill/exp/uniform531_n5_studio_256_v1/G0047__S04__seed_0112__cannon.png,79911,739c387e96b85cae2ad4e309af3a12803a57e8807379d83ed2f920a466853383,41.1430473,4.96580887
234,235,G0047__S05__seed_0123,G0047,cannon,5,builtin_no_picture,builtin_no_picture,seed_0123,171,#a858b8,/mnt/zsn/lyb/arti-skill/exp/uniform531_n5_studio_256_v1/G0047__S05__seed_0123__cannon.png,74138,eec9159972bd712cd439452d7b0d99ccfc19b4ffe3c3bd992976d4ecddc35974,43.0443039,5.25860691
235,236,G0048__S01__seed_0000,G0048,cantilever_articulated_arm,1,builtin_no_picture,builtin_no_picture,seed_0000,0,#584818,/mnt/zsn/lyb/arti-skill/exp/uniform531_n5_studio_256_v1/G0048__S01__seed_0000__cantilever_articulated_arm.png,78077,7ca76510dc10c77f82e6076fd8f11a813674c21dc18d16a6d004d905557d9bd9,30.6363258,14.3842421
236,237,G0048__S02__seed_0030,G0048,cantilever_articulated_arm,2,builtin_no_picture,builtin_no_picture,seed_0030,30,#584818,/mnt/zsn/lyb/arti-skill/exp/uniform531_n5_studio_256_v1/G0048__S02__seed_0030__cantilever_articulated_arm.png,77889,968d9a9d1ec2beb4db96a80761449b3fb81988846949d6122bd3c3058037cacb,31.1531715,13.8199415
237,238,G0048__S03__seed_0113,G0048,cantilever_articulated_arm,3,builtin_no_picture,builtin_no_picture,seed_0113,113,#584818,/mnt/zsn/lyb/arti-skill/exp/uniform531_n5_studio_256_v1/G0048__S03__seed_0113__cantilever_articulated_arm.png,78999,fa3a531f0e2a4dcde4f783f2aa8c6a55da78c8da3e3f43909f6b2c5df5b18b09,30.8102016,14.8749037
238,239,G0048__S04__seed_0304,G0048,cantilever_articulated_arm,4,builtin_no_picture,builtin_no_picture,seed_0304,306,#584818,/mnt/zsn/lyb/arti-skill/exp/uniform531_n5_studio_256_v1/G0048__S04__seed_0304__cantilever_articulated_arm.png,80953,70a9ac8ad246339e6cb1d247be069c611b17c57dea8d7f312f0f683c616fbbfb,30.7052555,13.8966103
239,240,G0048__S05__seed_0365,G0048,cantilever_articulated_arm,5,builtin_no_picture,builtin_no_picture,seed_0365,367,#584818,/mnt/zsn/lyb/arti-skill/exp/uniform531_n5_studio_256_v1/G0048__S05__seed_0365__cantilever_articulated_arm.png,74882,1638dcfc4730f18b1efb795835c01c223d30e1a0d8e6840dff6666bba7a05a38,30.7308979,15.5803709
240,241,G0049__S01__seed_0054,G0049,car_axles,1,builtin_no_picture,builtin_no_picture,seed_0054,54,#581868,/mnt/zsn/lyb/arti-skill/exp/uniform531_n5_studio_256_v1/G0049__S01__seed_0054__car_axles.png,76446,047f06afaaba24346caed94d5357fcc1625f4d8a2a8e2af1b303409f8e395d6c,22.1255207,-5.2611227
241,242,G0049__S02__seed_0006,G0049,car_axles,2,builtin_no_picture,builtin_no_picture,seed_0006,6,#581868,/mnt/zsn/lyb/arti-skill/exp/uniform531_n5_studio_256_v1/G0049__S02__seed_0006__car_axles.png,75072,83144fcacb05ffceea7d4eb2c8a658a0db4dd8a214b07ec44a5bf3b73fa57bce,21.623867,-4.61645699
242,243,G0049__S03__seed_0009,G0049,car_axles,3,builtin_no_picture,builtin_no_picture,seed_0009,9,#581868,/mnt/zsn/lyb/arti-skill/exp/uniform531_n5_studio_256_v1/G0049__S03__seed_0009__car_axles.png,73494,2095e1f2ea6874ea962ccabc29f331f5f683a6ad77163de92e83534ea987ff49,21.0925503,-4.33828878
243,244,G0049__S04__seed_0115,G0049,car_axles,4,builtin_no_picture,builtin_no_picture,seed_0115,115,#581868,/mnt/zsn/lyb/arti-skill/exp/uniform531_n5_studio_256_v1/G0049__S04__seed_0115__car_axles.png,74114,ddcc429eee05d74e42136e3644ab7f277386824c6128a6ab82e3e3731945a70f,21.7919807,-4.86438084
244,245,G0049__S05__seed_0096,G0049,car_axles,5,builtin_no_picture,builtin_no_picture,seed_0096,96,#581868,/mnt/zsn/lyb/arti-skill/exp/uniform531_n5_studio_256_v1/G0049__S05__seed_0096__car_axles.png,74845,b96ca1236c3c3c79184d1174102bd6c4dcaf2d3511b9d6f855f9d435528a938b,20.2754097,-4.1558795
245,246,G0050__S01__seed_0130,G0050,cash_register,1,picture_backed,Retail_Shop Fixtures,seed_0130,130,#a86858,/mnt/zsn/lyb/arti-skill/exp/uniform531_n5_studio_256_v1/G0050__S01__seed_0130__cash_register.png,82745,3c2b89197b9b7fab01aa4017c8f644f1f8b2fef1167974ad1cd4566d5e6a3daa,-15.5533619,0.188500017
246,247,G0050__S02__seed_0247,G0050,cash_register,2,picture_backed,Retail_Shop Fixtures,seed_0247,247,#a86858,/mnt/zsn/lyb/arti-skill/exp/uniform531_n5_studio_256_v1/G0050__S02__seed_0247__cash_register.png,86106,c4f129d84081beeaf1a4279ad2af284496a8f8457a6c1bee712893772748debc,-15.7691889,1.54968381
247,248,G0050__S03__seed_1003,G0050,cash_register,3,picture_backed,Retail_Shop Fixtures,seed_1003,1003,#a86858,/mnt/zsn/lyb/arti-skill/exp/uniform531_n5_studio_256_v1/G0050__S03__seed_1003__cash_register.png,83645,65cc2e404f14f408d12b326589402b34c2772a6f85f51dade818834f1f06d1f0,-15.8429756,1.19142532
248,249,G0050__S04__seed_0257,G0050,cash_register,4,picture_backed,Retail_Shop Fixtures,seed_0257,257,#a86858,/mnt/zsn/lyb/arti-skill/exp/uniform531_n5_studio_256_v1/G0050__S04__seed_0257__cash_register.png,85587,dff8b5bb8aa82ca0cb88ed3a3ebb4bc0b51febdbf15623efefe1c4a4d34324b1,-15.4923096,0.139749542
249,250,G0050__S05__seed_0546,G0050,cash_register,5,picture_backed,Retail_Shop Fixtures,seed_0546,546,#a86858,/mnt/zsn/lyb/arti-skill/exp/uniform531_n5_studio_256_v1/G0050__S05__seed_0546__cash_register.png,87875,bbef410c0297152a4fd9246fcdfb0c7a44dc1497f7ce66a8ac8e70579a2beab1,-15.7564306,1.74676144
250,251,G0051__S01__seed_0928,G0051,casino_machine,1,builtin_no_picture,builtin_no_picture,seed_0928,999,#6828e8,/mnt/zsn/lyb/arti-skill/exp/uniform531_n5_studio_256_v1/G0051__S01__seed_0928__casino_machine.png,91604,beed2290518df9f45d7773080b69187fa0d724570e543c947a9714a4fc2f167b,-49.5811768,-12.529212
251,252,G0051__S02__seed_0120,G0051,casino_machine,2,builtin_no_picture,builtin_no_picture,seed_0120,130,#6828e8,/mnt/zsn/lyb/arti-skill/exp/uniform531_n5_studio_256_v1/G0051__S02__seed_0120__casino_machine.png,97168,402943e24cf4e398a212b4ef40df64c35a761fd09bf4efbd6b47aade0050ba40,-49.0447273,-12.692215
252,253,G0051__S03__seed_0582,G0051,casino_machine,3,builtin_no_picture,builtin_no_picture,seed_0582,621,#6828e8,/mnt/zsn/lyb/arti-skill/exp/uniform531_n5_studio_256_v1/G0051__S03__seed_0582__casino_machine.png,89456,895ca5d5c003a6dc32957576a23cd5549f2fb93a1aa6194b7c2353f9a38301e5,-50.3176842,-12.7129402
253,254,G0051__S04__seed_0128,G0051,casino_machine,4,builtin_no_picture,builtin_no_picture,seed_0128,139,#6828e8,/mnt/zsn/lyb/arti-skill/exp/uniform531_n5_studio_256_v1/G0051__S04__seed_0128__casino_machine.png,91864,6b23b8e18fb003f6d67581d97d0f0caf15f267801f3a717ebd54c620991d6278,-50.2884369,-12.7546616
254,255,G0051__S05__seed_1285,G0051,casino_machine,5,builtin_no_picture,builtin_no_picture,seed_1285,1385,#6828e8,/mnt/zsn/lyb/arti-skill/exp/uniform531_n5_studio_256_v1/G0051__S05__seed_1285__casino_machine.png,92173,d305cb1b12a57064c436925fd83f975561b2cdfa4952fb23cb4e4762da189a3f,-50.77108,-12.6234121
255,256,G0052__S01__seed_0021,G0052,cat_flap,1,picture_backed,Pet_Animal related,seed_0021,21,#a88818,/mnt/zsn/lyb/arti-skill/exp/uniform531_n5_studio_256_v1/G0052__S01__seed_0021__cat_flap.png,82402,dd03243c23bec81ba55b316cba0a991bd96fb0e8a111fa4eaf69301488c40d19,-57.9418831,-13.8098307
256,257,G0052__S02__seed_0006,G0052,cat_flap,2,picture_backed,Pet_Animal related,seed_0006,6,#a88818,/mnt/zsn/lyb/arti-skill/exp/uniform531_n5_studio_256_v1/G0052__S02__seed_0006__cat_flap.png,83826,d4dfb16ba2a54611fdc57a613601a2dd1b998db3f2c6ce2db909b2c4ae4a30d7,-44.6494789,-40.7954597
257,258,G0052__S03__seed_0008,G0052,cat_flap,3,picture_backed,Pet_Animal related,seed_0008,8,#a88818,/mnt/zsn/lyb/arti-skill/exp/uniform531_n5_studio_256_v1/G0052__S03__seed_0008__cat_flap.png,89098,04983127898008eaddb86e00826a7b0067065e3f1295b87b4409482b466e9ccb,-57.5833092,-13.2007618
258,259,G0052__S04__seed_0016,G0052,cat_flap,4,picture_backed,Pet_Animal related,seed_0016,16,#a88818,/mnt/zsn/lyb/arti-skill/exp/uniform531_n5_studio_256_v1/G0052__S04__seed_0016__cat_flap.png,77088,b4cc7a3f5610e8993ecc723d4192417a53aa242ba52d6f8a89bc63d2fc08b45b,-57.4690208,-13.3218517
259,260,G0052__S05__seed_0010,G0052,cat_flap,5,picture_backed,Pet_Animal related,seed_0010,10,#a88818,/mnt/zsn/lyb/arti-skill/exp/uniform531_n5_studio_256_v1/G0052__S05__seed_0010__cat_flap.png,85766,342ee62a9f06c690544046fc75c9ec254f8f0ca7f5f1c3fce2826d45446e2d9d,-56.5495415,-13.0457048
260,261,G0053__S01__seed_0041,G0053,cctv_mast_with_pantilt_camera_head,1,builtin_no_picture,builtin_no_picture,seed_0041,41,#883848,/mnt/zsn/lyb/arti-skill/exp/uniform531_n5_studio_256_v1/G0053__S01__seed_0041__cctv_mast_with_pantilt_camera_head.png,67881,f7a22d611271ec958bc8c68d7359d201f31696d7aebc34b00ce2b044fe1bc956,57.5503311,-9.29608536
261,262,G0053__S02__seed_0088,G0053,cctv_mast_with_pantilt_camera_head,2,builtin_no_picture,builtin_no_picture,seed_0088,88,#883848,/mnt/zsn/lyb/arti-skill/exp/uniform531_n5_studio_256_v1/G0053__S02__seed_0088__cctv_mast_with_pantilt_camera_head.png,69712,a606513a6e00ebb9773da565b92d159c73274a5a106c6bea5302774b9427643b,57.2073822,-8.85666084
262,263,G0053__S03__seed_0136,G0053,cctv_mast_with_pantilt_camera_head,3,builtin_no_picture,builtin_no_picture,seed_0136,136,#883848,/mnt/zsn/lyb/arti-skill/exp/uniform531_n5_studio_256_v1/G0053__S03__seed_0136__cctv_mast_with_pantilt_camera_head.png,70779,6ac65d99bca0adc87a5ec876928a7a3297ed3099c7e0395ab3bb27931ca3a6cc,56.9642334,-9.24131203
263,264,G0053__S04__seed_0057,G0053,cctv_mast_with_pantilt_camera_head,4,builtin_no_picture,builtin_no_picture,seed_0057,57,#883848,/mnt/zsn/lyb/arti-skill/exp/uniform531_n5_studio_256_v1/G0053__S04__seed_0057__cctv_mast_with_pantilt_camera_head.png,70943,d80939e40c03cd344d06b8942195bda27597736c47bfd6266771348c2ffe13a5,55.8657608,-9.44840527
264,265,G0053__S05__seed_0019,G0053,cctv_mast_with_pantilt_camera_head,5,builtin_no_picture,builtin_no_picture,seed_0019,19,#883848,/mnt/zsn/lyb/arti-skill/exp/uniform531_n5_studio_256_v1/G0053__S05__seed_0019__cctv_mast_with_pantilt_camera_head.png,70428,98524fbe6c1392fa1450458a8571434be945fdcbfcb8d786317e806aa15433dd,55.7556686,-9.54880524
265,266,G0054__S01__seed_0084,G0054,ceiling_fan,1,builtin_no_picture,builtin_no_picture,seed_0084,106,#188868,/mnt/zsn/lyb/arti-skill/exp/uniform531_n5_studio_256_v1/G0054__S01__seed_0084__ceiling_fan.png,70762,43a41023d671a7a2e940694b3064e98de482a0cd47c931d9a571fa584dffe0bd,46.3356323,17.829649
266,267,G0054__S02__seed_0218,G0054,ceiling_fan,2,builtin_no_picture,builtin_no_picture,seed_0218,277,#188868,/mnt/zsn/lyb/arti-skill/exp/uniform531_n5_studio_256_v1/G0054__S02__seed_0218__ceiling_fan.png,73384,81bd30785cc13057f3f294de10de03f605a53ff67c641bfbd51b03e8516c7744,46.1238556,17.7228413
267,268,G0054__S03__seed_0666,G0054,ceiling_fan,3,builtin_no_picture,builtin_no_picture,seed_0666,834,#188868,/mnt/zsn/lyb/arti-skill/exp/uniform531_n5_studio_256_v1/G0054__S03__seed_0666__ceiling_fan.png,71795,fc0c0792d9067cfde649cbd7b1319dc123a494954f25a26a3d4b7c3678e9eac0,46.4413338,17.3220062
268,269,G0054__S04__seed_0326,G0054,ceiling_fan,4,builtin_no_picture,builtin_no_picture,seed_0326,411,#188868,/mnt/zsn/lyb/arti-skill/exp/uniform531_n5_studio_256_v1/G0054__S04__seed_0326__ceiling_fan.png,75303,34e56b01d59a8fa6cb4eb72c8b9d1791a373bf5c6f3ae871828fae6bf960e0a7,46.066227,17.4312878
269,270,G0054__S05__seed_0234,G0054,ceiling_fan,5,builtin_no_picture,builtin_no_picture,seed_0234,296,#188868,/mnt/zsn/lyb/arti-skill/exp/uniform531_n5_studio_256_v1/G0054__S05__seed_0234__ceiling_fan.png,71998,14c57a04f006d9e9ded72ef1a51108953f88ed34fed4a0f88615f10a81386f9c,45.8853836,16.9050827
270,271,G0055__S01__seed_0960,G0055,ceiling_light_fixture_adjustable,1,builtin_no_picture,builtin_no_picture,seed_0960,1150,#a8c8d8,/mnt/zsn/lyb/arti-skill/exp/uniform531_n5_studio_256_v1/G0055__S01__seed_0960__ceiling_light_fixture_adjustable.png,78884,647d65beed7c3004d7ee65ec65fb97a4157e21c1f2e121f61b139affa6b0d5fd,1.17767859,-2.43686485
271,272,G0055__S02__seed_0539,G0055,ceiling_light_fixture_adjustable,2,builtin_no_picture,builtin_no_picture,seed_0539,644,#a8c8d8,/mnt/zsn/lyb/arti-skill/exp/uniform531_n5_studio_256_v1/G0055__S02__seed_0539__ceiling_light_fixture_adjustable.png,75765,8c73c9c4dc77e0b6b2600a414ab5b35b94874f1515fe8ceec9cd760f849fbbe8,1.37879598,-1.68462121
272,273,G0055__S03__seed_0094,G0055,ceiling_light_fixture_adjustable,3,builtin_no_picture,builtin_no_picture,seed_0094,109,#a8c8d8,/mnt/zsn/lyb/arti-skill/exp/uniform531_n5_studio_256_v1/G0055__S03__seed_0094__ceiling_light_fixture_adjustable.png,78736,9b684b870f03a71e596597a67992c54c92c7c006e61f243a3d5e7271ed0a5ef5,1.29396403,-2.2043767
273,274,G0055__S04__seed_0674,G0055,ceiling_light_fixture_adjustable,4,builtin_no_picture,builtin_no_picture,seed_0674,807,#a8c8d8,/mnt/zsn/lyb/arti-skill/exp/uniform531_n5_studio_256_v1/G0055__S04__seed_0674__ceiling_light_fixture_adjustable.png,77343,8d7f202bc315369b47cb31c7f0e70662d02f9565555a8b476359589895633d1a,1.43144381,-1.42180538
274,275,G0055__S05__seed_1917,G0055,ceiling_light_fixture_adjustable,5,builtin_no_picture,builtin_no_picture,seed_1917,2283,#a8c8d8,/mnt/zsn/lyb/arti-skill/exp/uniform531_n5_studio_256_v1/G0055__S05__seed_1917__ceiling_light_fixture_adjustable.png,77263,d755176eabcaa91bddb3b822dfe1536113c3c8dd9d91b33e71769ea2e80a1651,1.22747731,-2.2645936
275,276,G0056__S01__seed_0003,G0056,Chair_Chair,1,picture_backed,Chair,seed_0003,3,#184888,/mnt/zsn/lyb/arti-skill/exp/uniform531_n5_studio_256_v1/G0056__S01__seed_0003__Chair_Chair.png,75586,8c25c7eb89134c83f720c7a93b1887b3c5d0808890a4af33131568108be5055b,-0.824411511,35.9093781
276,277,G0056__S02__seed_0035,G0056,Chair_Chair,2,picture_backed,Chair,seed_0035,35,#184888,/mnt/zsn/lyb/arti-skill/exp/uniform531_n5_studio_256_v1/G0056__S02__seed_0035__Chair_Chair.png,82198,5f8bea28a4848dde9ef2eef619aaef2a5a4dd9b02123efc175355c3a29e6160d,-0.0702857524,34.7574158
277,278,G0056__S03__seed_0040,G0056,Chair_Chair,3,picture_backed,Chair,seed_0040,40,#184888,/mnt/zsn/lyb/arti-skill/exp/uniform531_n5_studio_256_v1/G0056__S03__seed_0040__Chair_Chair.png,83520,cb734d193d0abbbbd1e1253a8239db5c23c927dd6d635a657993dfe820f35def,-0.102632247,34.9057693
278,279,G0056__S04__seed_0042,G0056,Chair_Chair,4,picture_backed,Chair,seed_0042,42,#184888,/mnt/zsn/lyb/arti-skill/exp/uniform531_n5_studio_256_v1/G0056__S04__seed_0042__Chair_Chair.png,77541,9ec1ddc277d826e5484b2bf1f85c1ac93f657a9806da0f06330c8ec4942dcd3c,-0.622956514,36.0014801
279,280,G0056__S05__seed_0030,G0056,Chair_Chair,5,picture_backed,Chair,seed_0030,30,#184888,/mnt/zsn/lyb/arti-skill/exp/uniform531_n5_studio_256_v1/G0056__S05__seed_0030__Chair_Chair.png,82899,73c1c22c44a3aaa4c52ee65e98f98379d360e0f40c87b2ad282eb4940b9821a8,-0.0851750076,36.3938942
280,281,G0057__S01__seed_0282,G0057,Chair_Folding_chair,1,picture_backed,Chair,seed_0282,321,#4818b8,/mnt/zsn/lyb/arti-skill/exp/uniform531_n5_studio_256_v1/G0057__S01__seed_0282__Chair_Folding_chair.png,92745,921dea111aab0ae9c4ac4cbc7dc3b094ad61165224f10760f2e0f4ea45c857b1,-28.3976612,40.4760246
281,282,G0057__S02__seed_0138,G0057,Chair_Folding_chair,2,picture_backed,Chair,seed_0138,157,#4818b8,/mnt/zsn/lyb/arti-skill/exp/uniform531_n5_studio_256_v1/G0057__S02__seed_0138__Chair_Folding_chair.png,84122,3140868a31d0c80cefa49bd48f35eb51d38169a8cef3d337d63b4a71c6903321,-29.120472,40.6705093
282,283,G0057__S03__seed_0392,G0057,Chair_Folding_chair,3,picture_backed,Chair,seed_0392,450,#4818b8,/mnt/zsn/lyb/arti-skill/exp/uniform531_n5_studio_256_v1/G0057__S03__seed_0392__Chair_Folding_chair.png,82083,ef3032b3f5c785a249c8b0ab619380641145d675c503ad993b6105edfe8d15fa,-28.3453388,40.9437447
283,284,G0057__S04__seed_0595,G0057,Chair_Folding_chair,4,picture_backed,Chair,seed_0595,679,#4818b8,/mnt/zsn/lyb/arti-skill/exp/uniform531_n5_studio_256_v1/G0057__S04__seed_0595__Chair_Folding_chair.png,94586,d9297ff2fb932a33e588d51ce273bbb3da47fe8babdf4b77e52b71723ae53355,-28.5264416,40.1122169
284,285,G0057__S05__seed_0272,G0057,Chair_Folding_chair,5,picture_backed,Chair,seed_0272,309,#4818b8,/mnt/zsn/lyb/arti-skill/exp/uniform531_n5_studio_256_v1/G0057__S05__seed_0272__Chair_Folding_chair.png,90136,7531458e89e054609670f920b1bc2aa317c2e2c7eb5e78bf5b1c4b5d809972bc,-28.3450127,40.9782028
285,286,G0058__S01__seed_0621,G0058,chest_freezer_with_hinged_lid,1,builtin_no_picture,builtin_no_picture,seed_0621,621,#883898,/mnt/zsn/lyb/arti-skill/exp/uniform531_n5_studio_256_v1/G0058__S01__seed_0621__chest_freezer_with_hinged_lid.png,78630,a3da4fcbece7a3fdcddc6ae2c131a33dd01c5ec7c917ce474aff7d6a4240c74c,-29.3778801,4.68663549
286,287,G0058__S02__seed_0368,G0058,chest_freezer_with_hinged_lid,2,builtin_no_picture,builtin_no_picture,seed_0368,368,#883898,/mnt/zsn/lyb/arti-skill/exp/uniform531_n5_studio_256_v1/G0058__S02__seed_0368__chest_freezer_with_hinged_lid.png,75947,3ace7d9b2005c24870d88b024ae205ebc977ef249c922ddad41e1e546fd9e4b1,-23.1250591,-38.3356667
287,288,G0058__S03__seed_0584,G0058,chest_freezer_with_hinged_lid,3,builtin_no_picture,builtin_no_picture,seed_0584,584,#883898,/mnt/zsn/lyb/arti-skill/exp/uniform531_n5_studio_256_v1/G0058__S03__seed_0584__chest_freezer_with_hinged_lid.png,80312,175d980458db5822ac252348d29f5417a7d71c9ab46b5f2824f3cb38247a9dc6,-26.4414845,-6.3564806
288,289,G0058__S04__seed_0348,G0058,chest_freezer_with_hinged_lid,4,builtin_no_picture,builtin_no_picture,seed_0348,348,#883898,/mnt/zsn/lyb/arti-skill/exp/uniform531_n5_studio_256_v1/G0058__S04__seed_0348__chest_freezer_with_hinged_lid.png,81359,c39bb20c5a8e525b26a67fa234745f300d750b2a7a44d235c3ef0fb850f2c996,-32.6816864,-4.91016626
289,290,G0058__S05__seed_0104,G0058,chest_freezer_with_hinged_lid,5,builtin_no_picture,builtin_no_picture,seed_0104,104,#883898,/mnt/zsn/lyb/arti-skill/exp/uniform531_n5_studio_256_v1/G0058__S05__seed_0104__chest_freezer_with_hinged_lid.png,81914,40535ea07ce3e63e38561f3f8dd9edaa5ed180ce8bf765d35e50f3da81515890,-29.1820183,3.23168516
290,291,G0059__S01__seed_1864,G0059,clock_tower_with_rotating_hour_and_minute_hands,1,builtin_no_picture,builtin_no_picture,seed_1864,3858,#e858c8,/mnt/zsn/lyb/arti-skill/exp/uniform531_n5_studio_256_v1/G0059__S01__seed_1864__clock_tower_with_rotating_hour_and_minute_hands.png,75899,f84da999320256c29e1981a2cb49e746f3d732d9aae74a2549926cbed68e33e0,18.1325092,-39.5692215
291,292,G0059__S02__seed_0507,G0059,clock_tower_with_rotating_hour_and_minute_hands,2,builtin_no_picture,builtin_no_picture,seed_0507,1083,#e858c8,/mnt/zsn/lyb/arti-skill/exp/uniform531_n5_studio_256_v1/G0059__S02__seed_0507__clock_tower_with_rotating_hour_and_minute_hands.png,74890,9cb00af054c2c1c85e58033262281ab1b846859205565cb71530b5414f74dc11,18.9542313,-40.3387527
292,293,G0059__S03__seed_0126,G0059,clock_tower_with_rotating_hour_and_minute_hands,3,builtin_no_picture,builtin_no_picture,seed_0126,259,#e858c8,/mnt/zsn/lyb/arti-skill/exp/uniform531_n5_studio_256_v1/G0059__S03__seed_0126__clock_tower_with_rotating_hour_and_minute_hands.png,75573,44434ec35d46f27b96483c4ee796c6867d15de9e3ee943b844bfadd8a4e306ea,22.1148453,-38.7321014
293,294,G0059__S04__seed_2339,G0059,clock_tower_with_rotating_hour_and_minute_hands,4,builtin_no_picture,builtin_no_picture,seed_2339,4820,#e858c8,/mnt/zsn/lyb/arti-skill/exp/uniform531_n5_studio_256_v1/G0059__S04__seed_2339__clock_tower_with_rotating_hour_and_minute_hands.png,80928,0f9e57c19991c04fc70ea089f0595aa2deb26a91a26d5134217810e6b7ca1098,18.9505978,-40.3499756
294,295,G0059__S05__seed_2089,G0059,clock_tower_with_rotating_hour_and_minute_hands,5,builtin_no_picture,builtin_no_picture,seed_2089,4315,#e858c8,/mnt/zsn/lyb/arti-skill/exp/uniform531_n5_studio_256_v1/G0059__S05__seed_2089__clock_tower_with_rotating_hour_and_minute_hands.png,73898,4869125a7d2cea5a2f47f7969434d82061c74bb3f3d623d9b3a2c7b309d01330,18.6201096,-40.062397
295,296,G0060__S01__seed_0087,G0060,clothing_rack,1,picture_backed,Retail_Shop Fixtures,seed_0087,87,#c888b8,/mnt/zsn/lyb/arti-skill/exp/uniform531_n5_studio_256_v1/G0060__S01__seed_0087__clothing_rack.png,79934,fdf5251f5de83e0b280b2217101557b6ea3054c79f3aad4558b4ce4fd9ccc120,-13.1485233,47.1434708
296,297,G0060__S02__seed_0118,G0060,clothing_rack,2,picture_backed,Retail_Shop Fixtures,seed_0118,118,#c888b8,/mnt/zsn/lyb/arti-skill/exp/uniform531_n5_studio_256_v1/G0060__S02__seed_0118__clothing_rack.png,77843,1c1c5a8113b22017bd0040d5d2a7c43891e89a0e506e56bd0aba9755052d48f2,-13.4554281,47.4780083
297,298,G0060__S03__seed_0043,G0060,clothing_rack,3,picture_backed,Retail_Shop Fixtures,seed_0043,43,#c888b8,/mnt/zsn/lyb/arti-skill/exp/uniform531_n5_studio_256_v1/G0060__S03__seed_0043__clothing_rack.png,74495,921b9351af0a479b376f8048cae4e1fd92cc4992864372557d7a9509b362fa6b,-13.3232412,47.5508652
298,299,G0060__S04__seed_0045,G0060,clothing_rack,4,picture_backed,Retail_Shop Fixtures,seed_0045,45,#c888b8,/mnt/zsn/lyb/arti-skill/exp/uniform531_n5_studio_256_v1/G0060__S04__seed_0045__clothing_rack.png,76325,23c6d7df412bbd4c4acccc422d70ca01954478831d3dd56755021da8166589c3,-12.6280346,47.4398651
299,300,G0060__S05__seed_0114,G0060,clothing_rack,5,picture_backed,Retail_Shop Fixtures,seed_0114,114,#c888b8,/mnt/zsn/lyb/arti-skill/exp/uniform531_n5_studio_256_v1/G0060__S05__seed_0114__clothing_rack.png,81547,8f38f9aaa59df76f7ad8df07183852b2cb451f9c08cb554260f34b73f141553a,-13.2145872,47.2511368
300,301,G0061__S01__seed_0634,G0061,coaxial_rotary_stack,1,builtin_no_picture,builtin_no_picture,seed_0634,718,#b88868,/mnt/zsn/lyb/arti-skill/exp/uniform531_n5_studio_256_v1/G0061__S01__seed_0634__coaxial_rotary_stack.png,83376,cb148f150b8a8e2378dc1af8287900049d936b48755ca4255c0e5a0bbadb9380,6.56652021,-21.4486847
301,302,G0061__S02__seed_0877,G0061,coaxial_rotary_stack,2,builtin_no_picture,builtin_no_picture,seed_0877,994,#b88868,/mnt/zsn/lyb/arti-skill/exp/uniform531_n5_studio_256_v1/G0061__S02__seed_0877__coaxial_rotary_stack.png,81294,6aecad030deda51ad4e617d973b0553555d64dd1a830e32df3a4a492f62fc289,6.53706408,-20.6659622
302,303,G0061__S03__seed_1175,G0061,coaxial_rotary_stack,3,builtin_no_picture,builtin_no_picture,seed_1175,1320,#b88868,/mnt/zsn/lyb/arti-skill/exp/uniform531_n5_studio_256_v1/G0061__S03__seed_1175__coaxial_rotary_stack.png,81454,9f8e9825b63db0052f1418800d551b10ae97934fd3da2da661cd0de47012346e,5.99046946,-20.0870361
303,304,G0061__S04__seed_1190,G0061,coaxial_rotary_stack,4,builtin_no_picture,builtin_no_picture,seed_1190,1336,#b88868,/mnt/zsn/lyb/arti-skill/exp/uniform531_n5_studio_256_v1/G0061__S04__seed_1190__coaxial_rotary_stack.png,81437,f60325648dc0315fa7f2d4da6e8e0c9a403a5e7762221e6dbb4b696364f65e67,6.32225275,-20.4901752
304,305,G0061__S05__seed_1204,G0061,coaxial_rotary_stack,5,builtin_no_picture,builtin_no_picture,seed_1204,1353,#b88868,/mnt/zsn/lyb/arti-skill/exp/uniform531_n5_studio_256_v1/G0061__S05__seed_1204__coaxial_rotary_stack.png,79909,f31acedb31f6e6a29f1cb0cea0759f09caa422c72a294a74b7366d0f5bc22e31,5.95423698,-20.3308449
305,306,G0062__S01__seed_1343,G0062,Container_Barrel,1,picture_backed,Container,seed_1343,2016,#187818,/mnt/zsn/lyb/arti-skill/exp/uniform531_n5_studio_256_v1/G0062__S01__seed_1343__Container_Barrel.png,81708,32923948dd6c92e06620a1f642aff7bb8ca531b6b94804bd293ddab73568b501,1.96761239,-33.4989166
306,307,G0062__S02__seed_2408,G0062,Container_Barrel,2,picture_backed,Container,seed_2408,3632,#187818,/mnt/zsn/lyb/arti-skill/exp/uniform531_n5_studio_256_v1/G0062__S02__seed_2408__Container_Barrel.png,83659,de8a413c577e0c175a535c9819ec8afdad3a4f0c5aceb52b6a437e1f9b96d225,4.99329185,-38.3410912
307,308,G0062__S03__seed_0558,G0062,Container_Barrel,3,picture_backed,Container,seed_0558,851,#187818,/mnt/zsn/lyb/arti-skill/exp/uniform531_n5_studio_256_v1/G0062__S03__seed_0558__Container_Barrel.png,88672,dbe590d4cc88d503a95597bbbefcfec6057e450e177087919ad57c2a6537ace5,5.17987967,-38.2219048
308,309,G0062__S04__seed_0712,G0062,Container_Barrel,4,picture_backed,Container,seed_0712,1088,#187818,/mnt/zsn/lyb/arti-skill/exp/uniform531_n5_studio_256_v1/G0062__S04__seed_0712__Container_Barrel.png,85683,6d59904db5fdaa7fc461c07d9feadc00331a302af646e61b35da3c81c2f8586c,5.22073221,-38.3289185
309,310,G0062__S05__seed_2444,G0062,Container_Barrel,5,picture_backed,Container,seed_2444,3693,#187818,/mnt/zsn/lyb/arti-skill/exp/uniform531_n5_studio_256_v1/G0062__S05__seed_2444__Container_Barrel.png,83353,af2c2fc0aa99bd68ed2ed6cf91269768c15d3f35e3e0e8b86d881bf06e43b61b,4.79570103,-37.8093834
310,311,G0063__S01__seed_0104,G0063,Container_Basket,1,picture_backed,Container,seed_0104,104,#78c8a8,/mnt/zsn/lyb/arti-skill/exp/uniform531_n5_studio_256_v1/G0063__S01__seed_0104__Container_Basket.png,107271,3331158e693e798a61fa0ae0fd36c9b28af456192d2ba975a872febdbc3a33d8,-4.32454109,-34.1391602
311,312,G0063__S02__seed_0291,G0063,Container_Basket,2,picture_backed,Container,seed_0291,291,#78c8a8,/mnt/zsn/lyb/arti-skill/exp/uniform531_n5_studio_256_v1/G0063__S02__seed_0291__Container_Basket.png,105085,423954da147d630651571cda351a5a814680b8efcaf76b78d2ac3581d091347b,-4.24648476,-33.6663895
312,313,G0063__S03__seed_0520,G0063,Container_Basket,3,picture_backed,Container,seed_0520,520,#78c8a8,/mnt/zsn/lyb/arti-skill/exp/uniform531_n5_studio_256_v1/G0063__S03__seed_0520__Container_Basket.png,97806,35dc2e12a20948169a379e920d55ec4162b775f9d1cf2799d107b0c4e481b160,-4.26405954,-34.4145126
313,314,G0063__S04__seed_0405,G0063,Container_Basket,4,picture_backed,Container,seed_0405,405,#78c8a8,/mnt/zsn/lyb/arti-skill/exp/uniform531_n5_studio_256_v1/G0063__S04__seed_0405__Container_Basket.png,104321,be3e520a18e3f5ddeba61a04d3698db6f8df2fea1334d3dbad330c632210068a,-4.29060507,-34.3851242
314,315,G0063__S05__seed_0513,G0063,Container_Basket,5,picture_backed,Container,seed_0513,513,#78c8a8,/mnt/zsn/lyb/arti-skill/exp/uniform531_n5_studio_256_v1/G0063__S05__seed_0513__Container_Basket.png,101848,99860a5c0c2bdeac4c3975e5104f7c331aad28d7c9c5fcddd6c4c6939bd8c66d,-4.26963329,-34.3653831
315,316,G0064__S01__seed_0014,G0064,Container_Bottle,1,picture_backed,Container,seed_0014,25,#d8b8a8,/mnt/zsn/lyb/arti-skill/exp/uniform531_n5_studio_256_v1/G0064__S01__seed_0014__Container_Bottle.png,71398,80397009f623c1f223dc6baa1b18813a25b9fab24779d057dfb8fab20bb5b778,5.28903532,-52.4864273
316,317,G0064__S02__seed_0126,G0064,Container_Bottle,2,picture_backed,Container,seed_0126,196,#d8b8a8,/mnt/zsn/lyb/arti-skill/exp/uniform531_n5_studio_256_v1/G0064__S02__seed_0126__Container_Bottle.png,70650,58a8a7f5ffecab614f392312590bfc69e9595dbefe9830e3929baa81a798c472,4.59064913,-52.0869865
317,318,G0064__S03__seed_0011,G0064,Container_Bottle,3,picture_backed,Container,seed_0011,20,#d8b8a8,/mnt/zsn/lyb/arti-skill/exp/uniform531_n5_studio_256_v1/G0064__S03__seed_0011__Container_Bottle.png,70945,c3cac62d3141fa5a1d5552dee32488dde47d668c240123969b6a195fe311ec9f,4.72707939,-52.8083305
318,319,G0064__S04__seed_0047,G0064,Container_Bottle,4,picture_backed,Container,seed_0047,72,#d8b8a8,/mnt/zsn/lyb/arti-skill/exp/uniform531_n5_studio_256_v1/G0064__S04__seed_0047__Container_Bottle.png,74800,1a09d0bda8519322c8141dcc3b46badccba91a95daf5d10daf22e73e9ba87110,5.01137495,-51.3405762
319,320,G0064__S05__seed_0088,G0064,Container_Bottle,5,picture_backed,Container,seed_0088,137,#d8b8a8,/mnt/zsn/lyb/arti-skill/exp/uniform531_n5_studio_256_v1/G0064__S05__seed_0088__Container_Bottle.png,73369,ff8372c6adca7e0e354dbc85dc2d30a50195aff8d924d972d2efbe10f4a6f49a,5.03596163,-51.8514633
320,321,G0065__S01__seed_0020,G0065,Container_Bottle_serum,1,picture_backed,Container,seed_0020,25,#1858e8,/mnt/zsn/lyb/arti-skill/exp/uniform531_n5_studio_256_v1/G0065__S01__seed_0020__Container_Bottle_serum.png,74424,032573ac0c3fc5407f6d60b5888825216b3b793b50b3e0f46e680db48ac9e2df,5.29149437,-49.0307579
321,322,G0065__S02__seed_0026,G0065,Container_Bottle_serum,2,picture_backed,Container,seed_0026,31,#1858e8,/mnt/zsn/lyb/arti-skill/exp/uniform531_n5_studio_256_v1/G0065__S02__seed_0026__Container_Bottle_serum.png,78220,cc9bd5141bddb224e17964087db4f7b9aef21ae529b6c07bd93d9dd6f558ed91,4.95366192,-50.180027
322,323,G0065__S03__seed_0032,G0065,Container_Bottle_serum,3,picture_backed,Container,seed_0032,38,#1858e8,/mnt/zsn/lyb/arti-skill/exp/uniform531_n5_studio_256_v1/G0065__S03__seed_0032__Container_Bottle_serum.png,75545,b42910d3b2206b9d7f61987f38c838d412459b958e609ba741ab7f5d73fac4db,0.978581786,-52.989933
323,324,G0065__S04__seed_0006,G0065,Container_Bottle_serum,4,picture_backed,Container,seed_0006,7,#1858e8,/mnt/zsn/lyb/arti-skill/exp/uniform531_n5_studio_256_v1/G0065__S04__seed_0006__Container_Bottle_serum.png,74670,8b68b81cd037803fd58ba490a72364c4c13dd1be0ca8da453a22418ee51fe3a1,5.48317814,-54.1153297
324,325,G0065__S05__seed_0013,G0065,Container_Bottle_serum,5,picture_backed,Container,seed_0013,16,#1858e8,/mnt/zsn/lyb/arti-skill/exp/uniform531_n5_studio_256_v1/G0065__S05__seed_0013__Container_Bottle_serum.png,79691,c1a438395f56e8c7ee58bbdb59f94f98574173016f4ba613fb63886dbcb0015e,1.19786203,-53.6751633
325,326,G0066__S01__seed_0249,G0066,Container_Box,1,picture_backed,Container,seed_0249,336,#48b8c8,/mnt/zsn/lyb/arti-skill/exp/uniform531_n5_studio_256_v1/G0066__S01__seed_0249__Container_Box.png,82254,1576e1cb2c6c06958f050a86243416aab29e862d02449fab36e565815b7aae7e,-35.2827682,-24.5543137
326,327,G0066__S02__seed_0026,G0066,Container_Box,2,picture_backed,Container,seed_0026,29,#48b8c8,/mnt/zsn/lyb/arti-skill/exp/uniform531_n5_studio_256_v1/G0066__S02__seed_0026__Container_Box.png,92140,49af9553f4a4259196d43dcfb381e3f1605530b7db3f19e32a3757556407d433,-37.3142509,-24.0729198
327,328,G0066__S03__seed_0225,G0066,Container_Box,3,picture_backed,Container,seed_0225,303,#48b8c8,/mnt/zsn/lyb/arti-skill/exp/uniform531_n5_studio_256_v1/G0066__S03__seed_0225__Container_Box.png,88806,b72fa34d59d30118712f25ca07a321db0c9ab21d252710b407dd3dce66fd6c97,-61.4647522,2.55777025
328,329,G0066__S04__seed_0214,G0066,Container_Box,4,picture_backed,Container,seed_0214,287,#48b8c8,/mnt/zsn/lyb/arti-skill/exp/uniform531_n5_studio_256_v1/G0066__S04__seed_0214__Container_Box.png,87441,bd7f744d7aa96ba2d6f9fc9094aec5411a61e1a3bc4234ac1df4b044b4c746d6,-61.5719147,2.52838588
329,330,G0066__S05__seed_0174,G0066,Container_Box,5,picture_backed,Container,seed_0174,238,#48b8c8,/mnt/zsn/lyb/arti-skill/exp/uniform531_n5_studio_256_v1/G0066__S05__seed_0174__Container_Box.png,85768,29916ca5b309bd6ad161ed90de783059a23eb98c7083c82d7b37d2a16c37e0be,-37.0727806,-24.0230732
330,331,G0067__S01__seed_0010,G0067,Container_Can,1,picture_backed,Container,seed_0010,13,#1818a8,/mnt/zsn/lyb/arti-skill/exp/uniform531_n5_studio_256_v1/G0067__S01__seed_0010__Container_Can.png,77377,27a2ecc6d6582c8ef07b9c418e77efa529c0cffbd4434d070a6485b82bcc7083,-28.7702961,-8.31047726
331,332,G0067__S02__seed_0015,G0067,Container_Can,2,picture_backed,Container,seed_0015,20,#1818a8,/mnt/zsn/lyb/arti-skill/exp/uniform531_n5_studio_256_v1/G0067__S02__seed_0015__Container_Can.png,74435,f6cbdfc67bd8cc5b65ee2c3d4577b366e59cb3a9b2b14c08841433fa04398eb3,-6.69716883,-43.3956642
332,333,G0067__S03__seed_0009,G0067,Container_Can,3,picture_backed,Container,seed_0009,12,#1818a8,/mnt/zsn/lyb/arti-skill/exp/uniform531_n5_studio_256_v1/G0067__S03__seed_0009__Container_Can.png,80008,c58b9d1ecc2cf8a7f49e1ae780630e83e2bc934717bccef25a710e1c67542b23,-35.9117432,-22.9699879
333,334,G0067__S04__seed_0006,G0067,Container_Can,4,picture_backed,Container,seed_0006,8,#1818a8,/mnt/zsn/lyb/arti-skill/exp/uniform531_n5_studio_256_v1/G0067__S04__seed_0006__Container_Can.png,72218,c3492c306fb4696db952472072d155b8a41b02ae66d21a3ca52647ff07efbb16,0.234848082,-19.2790966
334,335,G0067__S05__seed_0017,G0067,Container_Can,5,picture_backed,Container,seed_0017,23,#1818a8,/mnt/zsn/lyb/arti-skill/exp/uniform531_n5_studio_256_v1/G0067__S05__seed_0017__Container_Can.png,73487,7717481c5de7895a2c3b27bc5f51ba77c188f28e010cee35bc190fe306012e71,-19.3381844,-42.279705
335,336,G0068__S01__seed_0036,G0068,Container_Cosmetic,1,picture_backed,Container,seed_0036,39,#785878,/mnt/zsn/lyb/arti-skill/exp/uniform531_n5_studio_256_v1/G0068__S01__seed_0036__Container_Cosmetic.png,74489,0d524a47866fdaacdfaf943e3eec329f5ad6f48b6e17327f7dd7b9e48776885b,-6.64982653,-16.7726326
336,337,G0068__S02__seed_0045,G0068,Container_Cosmetic,2,picture_backed,Container,seed_0045,50,#785878,/mnt/zsn/lyb/arti-skill/exp/uniform531_n5_studio_256_v1/G0068__S02__seed_0045__Container_Cosmetic.png,77481,564a25457baf6ac89354fcf522c298fe71af90e6d6a42ea7e0596bf268d93ee8,-5.93114281,-16.8346443
337,338,G0068__S03__seed_0063,G0068,Container_Cosmetic,3,picture_backed,Container,seed_0063,73,#785878,/mnt/zsn/lyb/arti-skill/exp/uniform531_n5_studio_256_v1/G0068__S03__seed_0063__Container_Cosmetic.png,75932,9f1a88d94b29a560d6ff8648d74be26f966010354bfa6880b349d5f618eaf705,-18.9782696,11.0812654
338,339,G0068__S04__seed_0089,G0068,Container_Cosmetic,4,picture_backed,Container,seed_0089,101,#785878,/mnt/zsn/lyb/arti-skill/exp/uniform531_n5_studio_256_v1/G0068__S04__seed_0089__Container_Cosmetic.png,81283,233597edb6898ab0ea2a85559d699f1a0d73fb50313182cb707f07d67f4b7774,-6.43670416,-16.8059845
339,340,G0068__S05__seed_0031,G0068,Container_Cosmetic,5,picture_backed,Container,seed_0031,32,#785878,/mnt/zsn/lyb/arti-skill/exp/uniform531_n5_studio_256_v1/G0068__S05__seed_0031__Container_Cosmetic.png,89158,ce8ad48c6dd6d9c5f4e5f80f6ea8deab074c9d28f8f1f4fd99049b32142faf7f,-19.6121731,10.9194908
340,341,G0069__S01__seed_2128,G0069,Container_Cup,1,picture_backed,Container,seed_2128,2937,#c84898,/mnt/zsn/lyb/arti-skill/exp/uniform531_n5_studio_256_v1/G0069__S01__seed_2128__Container_Cup.png,88443,bc3a824ae1f76b2df4a8ceb4be7e1b400d25667284857d583159030b0c4c5a88,7.90379572,-41.047966
341,342,G0069__S02__seed_1350,G0069,Container_Cup,2,picture_backed,Container,seed_1350,1850,#c84898,/mnt/zsn/lyb/arti-skill/exp/uniform531_n5_studio_256_v1/G0069__S02__seed_1350__Container_Cup.png,78304,f41c2545c206a633bc40b0435097fcb4582cefa6d0ea5e819392029419d84062,7.36638975,-39.9764786
342,343,G0069__S03__seed_1582,G0069,Container_Cup,3,picture_backed,Container,seed_1582,2178,#c84898,/mnt/zsn/lyb/arti-skill/exp/uniform531_n5_studio_256_v1/G0069__S03__seed_1582__Container_Cup.png,85321,6bd5ba20be8ea69e503a817268c588fae6f9b2ccb16c58ad98cf858671fd6cc1,3.58141351,-36.7057343
343,344,G0069__S04__seed_0596,G0069,Container_Cup,4,picture_backed,Container,seed_0596,825,#c84898,/mnt/zsn/lyb/arti-skill/exp/uniform531_n5_studio_256_v1/G0069__S04__seed_0596__Container_Cup.png,82692,a2422617ec43a19cdac79e6e590a4a630d672f23ae22f2f19bc7b4738dff50bb,7.02399063,-39.7712173
344,345,G0069__S05__seed_1556,G0069,Container_Cup,5,picture_backed,Container,seed_1556,2139,#c84898,/mnt/zsn/lyb/arti-skill/exp/uniform531_n5_studio_256_v1/G0069__S05__seed_1556__Container_Cup.png,80653,e9b61e1938af1b512c7f33451d4618bf9a5e52a913b6478f175d14f4204c8895,7.86422539,-40.8184242
345,346,G0070__S01__seed_0037,G0070,Container_Dispenser,1,picture_backed,Container,seed_0037,39,#a81858,/mnt/zsn/lyb/arti-skill/exp/uniform531_n5_studio_256_v1/G0070__S01__seed_0037__Container_Dispenser.png,77831,203763434f92e9b698db33aa935ce934c58a011066a5c8c9d0a68a834f9b17b9,3.56898427,-55.3246574
346,347,G0070__S02__seed_0055,G0070,Container_Dispenser,2,picture_backed,Container,seed_0055,57,#a81858,/mnt/zsn/lyb/arti-skill/exp/uniform531_n5_studio_256_v1/G0070__S02__seed_0055__Container_Dispenser.png,78060,6baf0a8e0023f20248e8683bd625e358be0d96803b64199518d365f94f31c2f7,3.0717876,-54.5381203
347,348,G0070__S03__seed_0034,G0070,Container_Dispenser,3,picture_backed,Container,seed_0034,36,#a81858,/mnt/zsn/lyb/arti-skill/exp/uniform531_n5_studio_256_v1/G0070__S03__seed_0034__Container_Dispenser.png,76560,4ddb1bc7bcffec5d4426cd7ff832118b483bb525840ee6294dc97c2f53f0cd89,3.24551177,-54.3757057
348,349,G0070__S04__seed_0048,G0070,Container_Dispenser,4,picture_backed,Container,seed_0048,50,#a81858,/mnt/zsn/lyb/arti-skill/exp/uniform531_n5_studio_256_v1/G0070__S04__seed_0048__Container_Dispenser.png,76854,ac3d5d203915f0a2ad3facd3d8af7b2ce5c80cf410adfd3f641fbb61a792756e,4.56285763,-54.5962257
349,350,G0070__S05__seed_0044,G0070,Container_Dispenser,5,picture_backed,Container,seed_0044,46,#a81858,/mnt/zsn/lyb/arti-skill/exp/uniform531_n5_studio_256_v1/G0070__S05__seed_0044__Container_Dispenser.png,79986,ed609c06ae688c80c27b2db73858afa2945252e32df46ef6b3e6a23fb224cbb3,3.03969097,-54.5704536
350,351,G0071__S01__seed_0035,G0071,Container_Gas_cylinder,1,picture_backed,Container,seed_0035,35,#e86858,/mnt/zsn/lyb/arti-skill/exp/uniform531_n5_studio_256_v1/G0071__S01__seed_0035__Container_Gas_cylinder.png,81617,7db9370e89e5bb579bb484f23b4b0f47e4ce399f34130ee75f938c1d3d6c9ca7,3.33181381,-45.6148376
351,352,G0071__S02__seed_0085,G0071,Container_Gas_cylinder,2,picture_backed,Container,seed_0085,85,#e86858,/mnt/zsn/lyb/arti-skill/exp/uniform531_n5_studio_256_v1/G0071__S02__seed_0085__Container_Gas_cylinder.png,77305,5d17c601679b99281bbe825a1fb07467536cad88677e3d0414587e15cfee3bee,3.22110915,-46.5190582
352,353,G0071__S03__seed_0048,G0071,Container_Gas_cylinder,3,picture_backed,Container,seed_0048,48,#e86858,/mnt/zsn/lyb/arti-skill/exp/uniform531_n5_studio_256_v1/G0071__S03__seed_0048__Container_Gas_cylinder.png,85876,4fffd30481eaeef90463cf6be04cbe0b6b28f6a429da56e3f676c0a87d08551f,3.32945919,-46.1819344
353,354,G0071__S04__seed_0061,G0071,Container_Gas_cylinder,4,picture_backed,Container,seed_0061,61,#e86858,/mnt/zsn/lyb/arti-skill/exp/uniform531_n5_studio_256_v1/G0071__S04__seed_0061__Container_Gas_cylinder.png,80024,b76f4d07d6a4ee15509f5060d0af5686769e67388e7bff69d865b4157033a086,3.28550315,-46.3275261
354,355,G0071__S05__seed_0007,G0071,Container_Gas_cylinder,5,picture_backed,Container,seed_0007,7,#e86858,/mnt/zsn/lyb/arti-skill/exp/uniform531_n5_studio_256_v1/G0071__S05__seed_0007__Container_Gas_cylinder.png,80546,99015e5e72ebe34795509fc86163ec4bd73699a9ebbf0e37321ab128d3108ddc,3.07970786,-45.2618179
355,356,G0072__S01__seed_0021,G0072,Container_Glass_bottle,1,picture_backed,Container,seed_0021,30,#b858e8,/mnt/zsn/lyb/arti-skill/exp/uniform531_n5_studio_256_v1/G0072__S01__seed_0021__Container_Glass_bottle.png,67529,20503b01d4172bc5fc4b0a885b63c86d846f96608ec12eaf6c039fdf357f61fd,6.12882662,-52.4290085
356,357,G0072__S02__seed_0026,G0072,Container_Glass_bottle,2,picture_backed,Container,seed_0026,36,#b858e8,/mnt/zsn/lyb/arti-skill/exp/uniform531_n5_studio_256_v1/G0072__S02__seed_0026__Container_Glass_bottle.png,75133,c5d53f293045e92671c68dd16ff206e7a62af3f61983e721f5ba4880e586eb26,6.19519949,-51.8500595
357,358,G0072__S03__seed_0024,G0072,Container_Glass_bottle,3,picture_backed,Container,seed_0024,33,#b858e8,/mnt/zsn/lyb/arti-skill/exp/uniform531_n5_studio_256_v1/G0072__S03__seed_0024__Container_Glass_bottle.png,75199,7273153a2792a890647b672155e55995b38907f6e85ca79edd811f9d9a86ebf5,46.0122948,-3.84930944
358,359,G0072__S04__seed_0001,G0072,Container_Glass_bottle,4,picture_backed,Container,seed_0001,1,#b858e8,/mnt/zsn/lyb/arti-skill/exp/uniform531_n5_studio_256_v1/G0072__S04__seed_0001__Container_Glass_bottle.png,74075,e6b917ae5944f5c625811421813d096885afa9aa12d260b96db8a2a223948dc1,46.0178413,-3.88549542
359,360,G0072__S05__seed_0011,G0072,Container_Glass_bottle,5,picture_backed,Container,seed_0011,17,#b858e8,/mnt/zsn/lyb/arti-skill/exp/uniform531_n5_studio_256_v1/G0072__S05__seed_0011__Container_Glass_bottle.png,70740,08874ab5ec0f0587476ac612df9ec9ae69e3846a1a370bb1b41d9b4681ceb3a7,5.78377342,-52.5110016
360,361,G0073__S01__seed_0026,G0073,Container_Jar,1,picture_backed,Container,seed_0026,45,#587878,/mnt/zsn/lyb/arti-skill/exp/uniform531_n5_studio_256_v1/G0073__S01__seed_0026__Container_Jar.png,72393,09e307efc8fbcd823b89f030bbca974e4d40700e4beb05ae76c5480bc49c4344,1.31653464,-46.8368683
361,362,G0073__S02__seed_0007,G0073,Container_Jar,2,picture_backed,Container,seed_0007,13,#587878,/mnt/zsn/lyb/arti-skill/exp/uniform531_n5_studio_256_v1/G0073__S02__seed_0007__Container_Jar.png,77417,51a9c8f1f7b8cf5461203aaf9c24aa7d9525877809bfbc58f3719d423d6d019e,1.52876043,-54.8954391
362,363,G0073__S03__seed_0020,G0073,Container_Jar,3,picture_backed,Container,seed_0020,36,#587878,/mnt/zsn/lyb/arti-skill/exp/uniform531_n5_studio_256_v1/G0073__S03__seed_0020__Container_Jar.png,75332,298790b8d9e1cd86f7901cff2300b93c24410cd282bbc6cb43e8c73441662110,1.57651496,-47.2704811
363,364,G0073__S04__seed_0013,G0073,Container_Jar,4,picture_backed,Container,seed_0013,24,#587878,/mnt/zsn/lyb/arti-skill/exp/uniform531_n5_studio_256_v1/G0073__S04__seed_0013__Container_Jar.png,78234,76b309e6d648863de947e7c72bcc9737e0936488e5fc4500e8ab3f4653ee43bc,11.6702108,-21.2457638
364,365,G0073__S05__seed_0031,G0073,Container_Jar,5,picture_backed,Container,seed_0031,54,#587878,/mnt/zsn/lyb/arti-skill/exp/uniform531_n5_studio_256_v1/G0073__S05__seed_0031__Container_Jar.png,78620,10e48b1f216f5a94d41307326d9f2fc70be724b1acb124b5a0060e5e4889fa21,8.78751659,-54.7753563
365,366,G0074__S01__seed_0092,G0074,Container_Kettle,1,picture_backed,Container,seed_0092,160,#7898a8,/mnt/zsn/lyb/arti-skill/exp/uniform531_n5_studio_256_v1/G0074__S01__seed_0092__Container_Kettle.png,81619,c0dd0679a986cc6d56292a6515efecbbfb8647342e008c2d3e82c2b0addbfe81,9.15640831,-36.5268059
366,367,G0074__S02__seed_0037,G0074,Container_Kettle,2,picture_backed,Container,seed_0037,66,#7898a8,/mnt/zsn/lyb/arti-skill/exp/uniform531_n5_studio_256_v1/G0074__S02__seed_0037__Container_Kettle.png,78693,09e37446d420b1c5bf1856d87b424d1113d7702ad8839d6c02281f262d63095c,7.94780445,-36.0535965
367,368,G0074__S03__seed_0044,G0074,Container_Kettle,3,picture_backed,Container,seed_0044,87,#7898a8,/mnt/zsn/lyb/arti-skill/exp/uniform531_n5_studio_256_v1/G0074__S03__seed_0044__Container_Kettle.png,83452,0f6ad303e0f457a77fe422ae71e7cc003e56298f8e90dc97c61a3b1d0571811b,8.73326778,-36.0434952
368,369,G0074__S04__seed_0032,G0074,Container_Kettle,4,picture_backed,Container,seed_0032,57,#7898a8,/mnt/zsn/lyb/arti-skill/exp/uniform531_n5_studio_256_v1/G0074__S04__seed_0032__Container_Kettle.png,83260,5fceb7692dcbe5212c8164b05177a231a2ed9d45e4b3902f60ae30332f9c6d46,8.93469334,-36.4571838
369,370,G0074__S05__seed_0080,G0074,Container_Kettle,5,picture_backed,Container,seed_0080,145,#7898a8,/mnt/zsn/lyb/arti-skill/exp/uniform531_n5_studio_256_v1/G0074__S05__seed_0080__Container_Kettle.png,89868,bc6fdbd46d1f7d0a2c24e470a3b1fb4adcd0526bae9886de8a87d5c09efaa1ee,8.73061466,-34.7892647
370,371,G0075__S01__seed_0006,G0075,Container_laundry_detergent_bottle,1,picture_backed,Container,seed_0006,6,#58a858,/mnt/zsn/lyb/arti-skill/exp/uniform531_n5_studio_256_v1/G0075__S01__seed_0006__Container_laundry_detergent_bottle.png,74343,03148adb02648380d70f21ee48af0b9dc0a714b627e3bd9f4c70951ecbb26387,-5.0383482,-53.3660431
371,372,G0075__S02__seed_0003,G0075,Container_laundry_detergent_bottle,2,picture_backed,Container,seed_0003,3,#58a858,/mnt/zsn/lyb/arti-skill/exp/uniform531_n5_studio_256_v1/G0075__S02__seed_0003__Container_laundry_detergent_bottle.png,74411,1bd0a61a9b271a288175c43e80a820769228fa2a72fa8b82b77fa0ddebf807fc,-4.36990166,-53.4091034
372,373,G0075__S03__seed_0027,G0075,Container_laundry_detergent_bottle,3,picture_backed,Container,seed_0027,28,#58a858,/mnt/zsn/lyb/arti-skill/exp/uniform531_n5_studio_256_v1/G0075__S03__seed_0027__Container_laundry_detergent_bottle.png,79482,9548120b0d0c15e64ce1cb2a4b904ffffe8553cd56b5c73f20facd4f8793e1b4,-3.73468947,-53.4887085
373,374,G0075__S04__seed_0019,G0075,Container_laundry_detergent_bottle,4,picture_backed,Container,seed_0019,20,#58a858,/mnt/zsn/lyb/arti-skill/exp/uniform531_n5_studio_256_v1/G0075__S04__seed_0019__Container_laundry_detergent_bottle.png,73465,cc3c8415906eb43b79819160fc5fae71b4e66cd7cba71a07a95a0356b49c963b,-5.11783361,-53.3390274
374,375,G0075__S05__seed_0031,G0075,Container_laundry_detergent_bottle,5,picture_backed,Container,seed_0031,32,#58a858,/mnt/zsn/lyb/arti-skill/exp/uniform531_n5_studio_256_v1/G0075__S05__seed_0031__Container_laundry_detergent_bottle.png,78758,268b7a21cb6399bbd30d9affd7135872ab1272ad9b39b0d306f701199f9dc862,-3.17267752,-53.4540329
375,376,G0076__S01__seed_0016,G0076,Container_Lipstick,1,picture_backed,Container,seed_0016,16,#682848,/mnt/zsn/lyb/arti-skill/exp/uniform531_n5_studio_256_v1/G0076__S01__seed_0016__Container_Lipstick.png,71564,b54086bb4148b48610fb365f4aa9ef8b20ca51a0900c76d9e85563e44265fd1c,-16.043951,-45.0433578
376,377,G0076__S02__seed_0008,G0076,Container_Lipstick,2,picture_backed,Container,seed_0008,8,#682848,/mnt/zsn/lyb/arti-skill/exp/uniform531_n5_studio_256_v1/G0076__S02__seed_0008__Container_Lipstick.png,72777,1397d2171de1bcd6a869f1d8d0a2eb48c83d84630cef199c86b0dbd0db8b9bfd,-5.08529139,-46.6657906
377,378,G0076__S03__seed_0015,G0076,Container_Lipstick,3,picture_backed,Container,seed_0015,15,#682848,/mnt/zsn/lyb/arti-skill/exp/uniform531_n5_studio_256_v1/G0076__S03__seed_0015__Container_Lipstick.png,71881,f80e6e7eec976e882090cecf3dcdac074dfa7a91b8e55b8ee290aab1829364e6,-5.76213932,-46.5998154
378,379,G0076__S04__seed_0002,G0076,Container_Lipstick,4,picture_backed,Container,seed_0002,2,#682848,/mnt/zsn/lyb/arti-skill/exp/uniform531_n5_studio_256_v1/G0076__S04__seed_0002__Container_Lipstick.png,70086,dd529acccae04a16d0e73c4accd033ae6de1f728c1992bc5e7132f46406a44ee,-15.9258223,-45.1310577
379,380,G0076__S05__seed_0024,G0076,Container_Lipstick,5,picture_backed,Container,seed_0024,25,#682848,/mnt/zsn/lyb/arti-skill/exp/uniform531_n5_studio_256_v1/G0076__S05__seed_0024__Container_Lipstick.png,69656,2f3249fb4c9ec9056e11c21bc1b12ea701b82fe9d2f2a7e06148007121406479,-5.00246334,-46.8667946
380,381,G0077__S01__seed_0163,G0077,Container_Locker,1,picture_backed,Container,seed_0163,177,#78c818,/mnt/zsn/lyb/arti-skill/exp/uniform531_n5_studio_256_v1/G0077__S01__seed_0163__Container_Locker.png,83659,6f34099b5df9607b161b31723b29d04e43345c7c3d861c9fdd4cf36e502200e0,-45.9587173,-26.2426281
381,382,G0077__S02__seed_0094,G0077,Container_Locker,2,picture_backed,Container,seed_0094,103,#78c818,/mnt/zsn/lyb/arti-skill/exp/uniform531_n5_studio_256_v1/G0077__S02__seed_0094__Container_Locker.png,86001,52a0401e9f9d2c9318935257ff60786aa9636116a6d0bb1cab672cf451c7c256,-36.1762848,-26.2560005
382,383,G0077__S03__seed_0143,G0077,Container_Locker,3,picture_backed,Container,seed_0143,155,#78c818,/mnt/zsn/lyb/arti-skill/exp/uniform531_n5_studio_256_v1/G0077__S03__seed_0143__Container_Locker.png,78381,7421b69fbc20fade28e582a40e16ecaf33e99a24c707f48d1efa9191e9adbed4,-60.8582649,-1.14365423
383,384,G0077__S04__seed_0125,G0077,Container_Locker,4,picture_backed,Container,seed_0125,136,#78c818,/mnt/zsn/lyb/arti-skill/exp/uniform531_n5_studio_256_v1/G0077__S04__seed_0125__Container_Locker.png,80415,e84d459d214d5c3aacbe4d5b2b3cbfaa3fc7252b7f999e46c5887ce35ac771f1,-36.3096466,-26.2827129
384,385,G0077__S05__seed_0047,G0077,Container_Locker,5,picture_backed,Container,seed_0047,53,#78c818,/mnt/zsn/lyb/arti-skill/exp/uniform531_n5_studio_256_v1/G0077__S05__seed_0047__Container_Locker.png,82776,d8f939d74be15437696fdf4bf6ba26edf74b62c16548b1b7ec99ded16467c2f9,-36.0005493,-26.2681942
385,386,G0078__S01__seed_0018,G0078,Container_Paint_spray,1,picture_backed,Container,seed_0018,18,#583888,/mnt/zsn/lyb/arti-skill/exp/uniform531_n5_studio_256_v1/G0078__S01__seed_0018__Container_Paint_spray.png,73668,80fd9b026edceffe136be9b5f30f63fcbbdba63b9059cca1a862b2d51d163d66,-3.24990058,-47.5115318
386,387,G0078__S02__seed_0041,G0078,Container_Paint_spray,2,picture_backed,Container,seed_0041,44,#583888,/mnt/zsn/lyb/arti-skill/exp/uniform531_n5_studio_256_v1/G0078__S02__seed_0041__Container_Paint_spray.png,72560,1ab1e8af4ddb11b8ef9091ec7911175f0c99921432a1bfeeeeb21510a0fb0ece,-3.93617749,-48.2689629
387,388,G0078__S03__seed_0020,G0078,Container_Paint_spray,3,picture_backed,Container,seed_0020,20,#583888,/mnt/zsn/lyb/arti-skill/exp/uniform531_n5_studio_256_v1/G0078__S03__seed_0020__Container_Paint_spray.png,77691,78d76bddd562277714d8ec5139b999eddd7ef9b97b6b657fb602fe9fd6c498dd,-3.22632599,-47.5398827
388,389,G0078__S04__seed_0003,G0078,Container_Paint_spray,4,picture_backed,Container,seed_0003,3,#583888,/mnt/zsn/lyb/arti-skill/exp/uniform531_n5_studio_256_v1/G0078__S04__seed_0003__Container_Paint_spray.png,78141,b4450bed72752f5d19f6d28d0901146ea0311087d90da2387647a14c624219ad,1.865188,-49.8682632
389,390,G0078__S05__seed_0008,G0078,Container_Paint_spray,5,picture_backed,Container,seed_0008,8,#583888,/mnt/zsn/lyb/arti-skill/exp/uniform531_n5_studio_256_v1/G0078__S05__seed_0008__Container_Paint_spray.png,74457,171e1c147707dd8360630a830106436e30e0a84cdb2fb58e420ec0400644d976,-3.8532064,-46.8242035
390,391,G0079__S01__seed_0009,G0079,Container_Plastic_can,1,picture_backed,Container,seed_0009,9,#b898e8,/mnt/zsn/lyb/arti-skill/exp/uniform531_n5_studio_256_v1/G0079__S01__seed_0009__Container_Plastic_can.png,72473,6da436e88c1f02e53ad609c099fd5cc6ec3f999b4024815ed287820cbdfcbb80,-22.8199024,-41.2493095
391,392,G0079__S02__seed_0036,G0079,Container_Plastic_can,2,picture_backed,Container,seed_0036,36,#b898e8,/mnt/zsn/lyb/arti-skill/exp/uniform531_n5_studio_256_v1/G0079__S02__seed_0036__Container_Plastic_can.png,75008,7639376f5819817cd21bf6e127ad035f68fd9bf5a74d031b91d38848d58c080f,-1.56490803,-53.8682671
392,393,G0079__S03__seed_0041,G0079,Container_Plastic_can,3,picture_backed,Container,seed_0041,41,#b898e8,/mnt/zsn/lyb/arti-skill/exp/uniform531_n5_studio_256_v1/G0079__S03__seed_0041__Container_Plastic_can.png,78079,a913e63aa96a8035d361eb7fc09343a5f338a0618339c7f60ce140e26074422c,-23.6966877,-41.1155357
393,394,G0079__S04__seed_0004,G0079,Container_Plastic_can,4,picture_backed,Container,seed_0004,4,#b898e8,/mnt/zsn/lyb/arti-skill/exp/uniform531_n5_studio_256_v1/G0079__S04__seed_0004__Container_Plastic_can.png,75959,dababa95eec5688148281b4b5fa08ff50a602ff88fbd51bba5fd7ae07d903b23,-1.07604849,-54.2121887
394,395,G0079__S05__seed_0030,G0079,Container_Plastic_can,5,picture_backed,Container,seed_0030,30,#b898e8,/mnt/zsn/lyb/arti-skill/exp/uniform531_n5_studio_256_v1/G0079__S05__seed_0030__Container_Plastic_can.png,77555,b402996a9a7f7d7d70db55a12e3e1542679352796d6a5db894f07384646ecc96,-1.28057146,-54.1652718
395,396,G0080__S01__seed_0002,G0080,Container_Primer_bottle,1,picture_backed,Container,seed_0002,2,#c85868,/mnt/zsn/lyb/arti-skill/exp/uniform531_n5_studio_256_v1/G0080__S01__seed_0002__Container_Primer_bottle.png,77262,c02a6194bc8caa806e26c707f6b5e96b2125b22cb8a653f533b27497018ff444,6.06971693,-54.5303078
396,397,G0080__S02__seed_0013,G0080,Container_Primer_bottle,2,picture_backed,Container,seed_0013,17,#c85868,/mnt/zsn/lyb/arti-skill/exp/uniform531_n5_studio_256_v1/G0080__S02__seed_0013__Container_Primer_bottle.png,73204,8b0bfc5ec7fba0c880b0f23e4d80313f43a47fd54f2f42a8450cd12e8f318a67,2.46448994,-50.7369003
397,398,G0080__S03__seed_0001,G0080,Container_Primer_bottle,3,picture_backed,Container,seed_0001,1,#c85868,/mnt/zsn/lyb/arti-skill/exp/uniform531_n5_studio_256_v1/G0080__S03__seed_0001__Container_Primer_bottle.png,81989,266b861f98829a57cdc186b98699f1c333e5bc5c6cc70df7033fb23799204db8,1.97110081,-54.0016708
398,399,G0080__S04__seed_0020,G0080,Container_Primer_bottle,4,picture_backed,Container,seed_0020,27,#c85868,/mnt/zsn/lyb/arti-skill/exp/uniform531_n5_studio_256_v1/G0080__S04__seed_0020__Container_Primer_bottle.png,72707,4399f0457710fb2a6c0f0578687f90456fff5dbc1b7fbf9a17a5b9a930cd379d,2.31552434,-51.8272476
399,400,G0080__S05__seed_0010,G0080,Container_Primer_bottle,5,picture_backed,Container,seed_0010,13,#c85868,/mnt/zsn/lyb/arti-skill/exp/uniform531_n5_studio_256_v1/G0080__S05__seed_0010__Container_Primer_bottle.png,75707,7e1577b80e95506925cecc07ae088ea1751beba50563d0346b7816b318950f3c,1.9913758,-54.357975
400,401,G0081__S01__seed_0020,G0081,Container_Pump,1,picture_backed,Container,seed_0020,20,#e888d8,/mnt/zsn/lyb/arti-skill/exp/uniform531_n5_studio_256_v1/G0081__S01__seed_0020__Container_Pump.png,73865,9e284d49843f3f2f1af882a4bc5e41695627e28966c73ea2a211e33e9c5d3f9a,5.97440863,-48.8166809
401,402,G0081__S02__seed_0024,G0081,Container_Pump,2,picture_backed,Container,seed_0024,25,#e888d8,/mnt/zsn/lyb/arti-skill/exp/uniform531_n5_studio_256_v1/G0081__S02__seed_0024__Container_Pump.png,76061,9c74ca2d8cddc7a1e4e66b2eb0ce4334f46e2549c31dbc9a83118f650bb263be,-0.763009071,-53.0715332
402,403,G0081__S03__seed_0015,G0081,Container_Pump,3,picture_backed,Container,seed_0015,15,#e888d8,/mnt/zsn/lyb/arti-skill/exp/uniform531_n5_studio_256_v1/G0081__S03__seed_0015__Container_Pump.png,73217,1929e801ce3111598df629219b0df87e86cbe94a20c929df49a6330ef92d60ad,-0.814731658,-52.3687668
403,404,G0081__S04__seed_0016,G0081,Container_Pump,4,picture_backed,Container,seed_0016,16,#e888d8,/mnt/zsn/lyb/arti-skill/exp/uniform531_n5_studio_256_v1/G0081__S04__seed_0016__Container_Pump.png,73387,972c26b60f62c598a98d5492390b7bbe951def4e0f382ef9dc551ed05fa846ef,6.13647079,-49.0818214
404,405,G0081__S05__seed_0023,G0081,Container_Pump,5,picture_backed,Container,seed_0023,24,#e888d8,/mnt/zsn/lyb/arti-skill/exp/uniform531_n5_studio_256_v1/G0081__S05__seed_0023__Container_Pump.png,71827,1cc45df0cde459f998fbccf3119e9a5003e84fd7c19dc5eb80679a8af8af6bf5,2.18279529,-52.6069145
405,406,G0082__S01__seed_0073,G0082,Container_Shipping_container,1,picture_backed,Container,seed_0073,73,#a84848,/mnt/zsn/lyb/arti-skill/exp/uniform531_n5_studio_256_v1/G0082__S01__seed_0073__Container_Shipping_container.png,96293,a0fc4f94a914eb528888aa0715b18fb4b75e2c599012709074a108fa378628d1,-52.6413155,-28.114666
406,407,G0082__S02__seed_0057,G0082,Container_Shipping_container,2,picture_backed,Container,seed_0057,57,#a84848,/mnt/zsn/lyb/arti-skill/exp/uniform531_n5_studio_256_v1/G0082__S02__seed_0057__Container_Shipping_container.png,87204,8b1da406786dc2c166628782fbc46c537b9889ce783b0931ff8983f4be9be492,-47.2085266,-23.7111855
407,408,G0082__S03__seed_0049,G0082,Container_Shipping_container,3,picture_backed,Container,seed_0049,49,#a84848,/mnt/zsn/lyb/arti-skill/exp/uniform531_n5_studio_256_v1/G0082__S03__seed_0049__Container_Shipping_container.png,74981,9429ff07b923a899e77a00c87b051d0cd3e399ef61b45adb6dc82faa98606204,-27.0905056,4.15235662
408,409,G0082__S04__seed_0000,G0082,Container_Shipping_container,4,picture_backed,Container,seed_0000,0,#a84848,/mnt/zsn/lyb/arti-skill/exp/uniform531_n5_studio_256_v1/G0082__S04__seed_0000__Container_Shipping_container.png,83357,3020a132dbd96374ada3f5b73ab5859052d1f7e50bfe67b333435388fdbdcf2b,-27.0737133,3.87476945
409,410,G0082__S05__seed_0009,G0082,Container_Shipping_container,5,picture_backed,Container,seed_0009,9,#a84848,/mnt/zsn/lyb/arti-skill/exp/uniform531_n5_studio_256_v1/G0082__S05__seed_0009__Container_Shipping_container.png,81084,665e374c2c002c97bab0e59ecad8de403217a6c1e85a63c5119c490fe3a9af11,-27.2393398,4.0669241
410,411,G0083__S01__seed_0078,G0083,Container_Tube,1,picture_backed,Container,seed_0078,162,#c89838,/mnt/zsn/lyb/arti-skill/exp/uniform531_n5_studio_256_v1/G0083__S01__seed_0078__Container_Tube.png,73515,7aa76475b5db4ddb4e244bd82c685049bef202d010fc3397ae12223c2aaaad78,-0.160713568,-51.6837883
411,412,G0083__S02__seed_0360,G0083,Container_Tube,2,picture_backed,Container,seed_0360,758,#c89838,/mnt/zsn/lyb/arti-skill/exp/uniform531_n5_studio_256_v1/G0083__S02__seed_0360__Container_Tube.png,74414,48077be73b097b000953779b20f4c4e5314847bb414f61a368808b351c654f3d,0.387463003,-51.9507141
412,413,G0083__S03__seed_0325,G0083,Container_Tube,3,picture_backed,Container,seed_0325,679,#c89838,/mnt/zsn/lyb/arti-skill/exp/uniform531_n5_studio_256_v1/G0083__S03__seed_0325__Container_Tube.png,74635,58b93646579824ae7935ce72642a0b26024a857f7e17896b1c6eba67634261c7,4.82737923,-48.7509041
413,414,G0083__S04__seed_0156,G0083,Container_Tube,4,picture_backed,Container,seed_0156,322,#c89838,/mnt/zsn/lyb/arti-skill/exp/uniform531_n5_studio_256_v1/G0083__S04__seed_0156__Container_Tube.png,73021,572c6b7c4f24c66e3ebbc6acb0909420ea9dbc95de8ed00a5faa2be163a4bff3,-1.69828904,-52.0568581
414,415,G0083__S05__seed_0007,G0083,Container_Tube,5,picture_backed,Container,seed_0007,20,#c89838,/mnt/zsn/lyb/arti-skill/exp/uniform531_n5_studio_256_v1/G0083__S05__seed_0007__Container_Tube.png,73451,fc49740df3a483e15249359c5bc07b2251dec954c806e8565f82093dc13c2d3b,3.48262262,-49.1556091
415,416,G0084__S01__seed_0530,G0084,crane_tower,1,builtin_no_picture,builtin_no_picture,seed_0530,757,#a878c8,/mnt/zsn/lyb/arti-skill/exp/uniform531_n5_studio_256_v1/G0084__S01__seed_0530__crane_tower.png,75089,104941aabb38edbf20028c895ca62360de409922f124deb09160ffef720e8cd7,26.3315449,24.2763119
416,417,G0084__S02__seed_0411,G0084,crane_tower,2,builtin_no_picture,builtin_no_picture,seed_0411,594,#a878c8,/mnt/zsn/lyb/arti-skill/exp/uniform531_n5_studio_256_v1/G0084__S02__seed_0411__crane_tower.png,75965,52bc6f52b8d84b22b9f69c7d2d30cec565e5b14a9ce05bd5d307e0a17cb973fb,26.0727539,24.4697781
417,418,G0084__S03__seed_0506,G0084,crane_tower,3,builtin_no_picture,builtin_no_picture,seed_0506,722,#a878c8,/mnt/zsn/lyb/arti-skill/exp/uniform531_n5_studio_256_v1/G0084__S03__seed_0506__crane_tower.png,78233,830d74fb504255ea82a37b977bf58d57d1e2f96d5c30bdb3314591958b3cc68d,25.4100456,24.6128807
418,419,G0084__S04__seed_0852,G0084,crane_tower,4,builtin_no_picture,builtin_no_picture,seed_0852,1227,#a878c8,/mnt/zsn/lyb/arti-skill/exp/uniform531_n5_studio_256_v1/G0084__S04__seed_0852__crane_tower.png,75561,1fbe8688dc7883e2b1474043bcce7749ce245cac19c4c74954b121706886bc09,25.7957592,24.5481319
419,420,G0084__S05__seed_0122,G0084,crane_tower,5,builtin_no_picture,builtin_no_picture,seed_0122,170,#a878c8,/mnt/zsn/lyb/arti-skill/exp/uniform531_n5_studio_256_v1/G0084__S05__seed_0122__crane_tower.png,83420,1c1fa40dc262303b42e5e6ba83b8457cdc205d748d4fbbf2867eb65730a30a67,25.3963509,24.6877995
420,421,G0085__S01__seed_0044,G0085,Curtain_blind,1,picture_backed,Curtain,seed_0044,45,#6858c8,/mnt/zsn/lyb/arti-skill/exp/uniform531_n5_studio_256_v1/G0085__S01__seed_0044__Curtain_blind.png,71839,41384b60c144e644bc203dc64baa63fcb6efeefa12d7a37dc670d71e1c1f3e06,-43.5687904,-35.1536903
421,422,G0085__S02__seed_0006,G0085,Curtain_blind,2,picture_backed,Curtain,seed_0006,6,#6858c8,/mnt/zsn/lyb/arti-skill/exp/uniform531_n5_studio_256_v1/G0085__S02__seed_0006__Curtain_blind.png,94059,e0353056e5b0936549c1dbcf4715724af37a2b2650bb920c9ffdd1c125695f42,-57.4208031,-36.7906761
422,423,G0085__S03__seed_0011,G0085,Curtain_blind,3,picture_backed,Curtain,seed_0011,11,#6858c8,/mnt/zsn/lyb/arti-skill/exp/uniform531_n5_studio_256_v1/G0085__S03__seed_0011__Curtain_blind.png,95763,5fe61b2922e53a7eafbf6887eb08f5d9930c7bed716300eadf602e5cd6d7693d,-57.5754929,-36.8423691
423,424,G0085__S04__seed_0035,G0085,Curtain_blind,4,picture_backed,Curtain,seed_0035,35,#6858c8,/mnt/zsn/lyb/arti-skill/exp/uniform531_n5_studio_256_v1/G0085__S04__seed_0035__Curtain_blind.png,79664,1d5c78f38b1e2ebdfb07c98e2a9f251772d497db1c4087c886f7e99391235b7e,-54.9885521,-32.6506577
424,425,G0085__S05__seed_0060,G0085,Curtain_blind,5,picture_backed,Curtain,seed_0060,61,#6858c8,/mnt/zsn/lyb/arti-skill/exp/uniform531_n5_studio_256_v1/G0085__S05__seed_0060__Curtain_blind.png,73850,fd0efd0ffebaf9e6141e7d5bcb4df6290c4b04651653f343ddd73a34e3aded15,-43.6302643,-35.2278824
425,426,G0086__S01__seed_0352,G0086,defibrillator_case,1,picture_backed,Emergency Equipment,seed_0352,377,#383868,/mnt/zsn/lyb/arti-skill/exp/uniform531_n5_studio_256_v1/G0086__S01__seed_0352__defibrillator_case.png,82659,58318a26fc1161e1b67611b490ed3abd4d772aab201c844b22086b7c9d3936c1,-33.5718002,-30.2253342
426,427,G0086__S02__seed_0761,G0086,defibrillator_case,2,picture_backed,Emergency Equipment,seed_0761,819,#383868,/mnt/zsn/lyb/arti-skill/exp/uniform531_n5_studio_256_v1/G0086__S02__seed_0761__defibrillator_case.png,89261,07fb1c25858f95b0a8b35c61dfc82ee580a3f19a4f7e92ccf37f579578cbac4b,-33.4962196,-30.1600723
427,428,G0086__S03__seed_0381,G0086,defibrillator_case,3,picture_backed,Emergency Equipment,seed_0381,406,#383868,/mnt/zsn/lyb/arti-skill/exp/uniform531_n5_studio_256_v1/G0086__S03__seed_0381__defibrillator_case.png,80821,14005b935a85f5d14bae057f24d84a3a2ce2092d3559b58193588d396eb6a347,-28.969635,-34.4733505
428,429,G0086__S04__seed_0278,G0086,defibrillator_case,4,picture_backed,Emergency Equipment,seed_0278,294,#383868,/mnt/zsn/lyb/arti-skill/exp/uniform531_n5_studio_256_v1/G0086__S04__seed_0278__defibrillator_case.png,96422,5e1bfab58f77cb42e11adf419a8a680f5a6ed71f99ca7e7280a7e6cec820ad0a,-29.0053692,-34.4766693
429,430,G0086__S05__seed_0020,G0086,defibrillator_case,5,picture_backed,Emergency Equipment,seed_0020,21,#383868,/mnt/zsn/lyb/arti-skill/exp/uniform531_n5_studio_256_v1/G0086__S05__seed_0020__defibrillator_case.png,81115,ae942e5083da910feaa46bc009a40b62c106c7e833d41eb24f6d5a4bf033487f,-22.8325558,-34.3753891
430,431,G0087__S01__seed_0004,G0087,desk_with_drawer,1,builtin_no_picture,builtin_no_picture,seed_0004,4,#c8a8c8,/mnt/zsn/lyb/arti-skill/exp/uniform531_n5_studio_256_v1/G0087__S01__seed_0004__desk_with_drawer.png,77432,841731225e6a932b2f0881738081b40fb36202af88de98450fac1d961c1b43be,-48.8096657,24.9151897
431,432,G0087__S02__seed_0011,G0087,desk_with_drawer,2,builtin_no_picture,builtin_no_picture,seed_0011,11,#c8a8c8,/mnt/zsn/lyb/arti-skill/exp/uniform531_n5_studio_256_v1/G0087__S02__seed_0011__desk_with_drawer.png,73144,167e957ee57c33a809e3c0111f9bfeaabcef4804eb94e3d5c338c5fda083588e,-45.3164215,25.3248978
432,433,G0087__S03__seed_0006,G0087,desk_with_drawer,3,builtin_no_picture,builtin_no_picture,seed_0006,6,#c8a8c8,/mnt/zsn/lyb/arti-skill/exp/uniform531_n5_studio_256_v1/G0087__S03__seed_0006__desk_with_drawer.png,83200,1111a2c35a508af49cd846d4d444631f59a6bcdb98e818ee76abb09cdd56740f,-48.7747192,24.8453941
433,434,G0087__S04__seed_0005,G0087,desk_with_drawer,4,builtin_no_picture,builtin_no_picture,seed_0005,5,#c8a8c8,/mnt/zsn/lyb/arti-skill/exp/uniform531_n5_studio_256_v1/G0087__S04__seed_0005__desk_with_drawer.png,80668,1d70c39a6d44b59963357d5bc2a1bf6f78ed117c7582fb693f04e3e32fad9727,-45.2509995,25.3048496
434,435,G0087__S05__seed_0034,G0087,desk_with_drawer,5,builtin_no_picture,builtin_no_picture,seed_0034,34,#c8a8c8,/mnt/zsn/lyb/arti-skill/exp/uniform531_n5_studio_256_v1/G0087__S05__seed_0034__desk_with_drawer.png,76230,e3859c6bc0200a1cc912ebeea607fe2901cbaf7021867a5d1192e62ff2a949e4,-49.1278954,25.3197746
435,436,G0088__S01__seed_0404,G0088,desk_with_drawer_card_catalog,1,builtin_no_picture,builtin_no_picture,seed_0404,404,#881818,/mnt/zsn/lyb/arti-skill/exp/uniform531_n5_studio_256_v1/G0088__S01__seed_0404__desk_with_drawer_card_catalog.png,84745,2b246b9aa43aec67cdb0fcaa95d5835d02ad72e7d4465833c27b50b1e1fdbd37,-61.1394844,10.8453665
436,437,G0088__S02__seed_0140,G0088,desk_with_drawer_card_catalog,2,builtin_no_picture,builtin_no_picture,seed_0140,140,#881818,/mnt/zsn/lyb/arti-skill/exp/uniform531_n5_studio_256_v1/G0088__S02__seed_0140__desk_with_drawer_card_catalog.png,86940,6c8aeebd12fec0caea30d600ae394d495b2c5f8a72148edd6ffba93a00530f34,-61.1620255,10.6528864
437,438,G0088__S03__seed_0351,G0088,desk_with_drawer_card_catalog,3,builtin_no_picture,builtin_no_picture,seed_0351,351,#881818,/mnt/zsn/lyb/arti-skill/exp/uniform531_n5_studio_256_v1/G0088__S03__seed_0351__desk_with_drawer_card_catalog.png,91430,42b641121217c9f4111db1739ee2085eadb3cf56495531e527578c1ed605bf22,-61.0018692,10.4249458
438,439,G0088__S04__seed_0025,G0088,desk_with_drawer_card_catalog,4,builtin_no_picture,builtin_no_picture,seed_0025,25,#881818,/mnt/zsn/lyb/arti-skill/exp/uniform531_n5_studio_256_v1/G0088__S04__seed_0025__desk_with_drawer_card_catalog.png,87846,772a72fa4bea9c1645c3cce3da6ca718dd187ce1b1a3cf4b182a005fccd8183d,-60.5794106,9.76034546
439,440,G0088__S05__seed_0055,G0088,desk_with_drawer_card_catalog,5,builtin_no_picture,builtin_no_picture,seed_0055,55,#881818,/mnt/zsn/lyb/arti-skill/exp/uniform531_n5_studio_256_v1/G0088__S05__seed_0055__desk_with_drawer_card_catalog.png,91747,b55ae8c4361003aa47b397f96dccc68e3ac010ccf8c2827fcc1224a0d6cb562b,-60.173912,8.86088657
440,441,G0089__S01__seed_0037,G0089,desktop_monitor_with_tilt_swivel_stand,1,builtin_no_picture,builtin_no_picture,seed_0037,37,#c81878,/mnt/zsn/lyb/arti-skill/exp/uniform531_n5_studio_256_v1/G0089__S01__seed_0037__desktop_monitor_with_tilt_swivel_stand.png,77356,70f64cb903b6768acca578cdf9ff990d724ccb671f81e5ea5fe4ad9c09e7c46c,-3.39831114,0.357605398
441,442,G0089__S02__seed_0031,G0089,desktop_monitor_with_tilt_swivel_stand,2,builtin_no_picture,builtin_no_picture,seed_0031,31,#c81878,/mnt/zsn/lyb/arti-skill/exp/uniform531_n5_studio_256_v1/G0089__S02__seed_0031__desktop_monitor_with_tilt_swivel_stand.png,77129,8a0a4703c6e641825df767c9b46f2f94be7a92356f383c2e9cf8ebd850cf241a,-4.39488077,0.909577429
442,443,G0089__S03__seed_0043,G0089,desktop_monitor_with_tilt_swivel_stand,3,builtin_no_picture,builtin_no_picture,seed_0043,43,#c81878,/mnt/zsn/lyb/arti-skill/exp/uniform531_n5_studio_256_v1/G0089__S03__seed_0043__desktop_monitor_with_tilt_swivel_stand.png,77180,a6a7589174909f8e98c5c5eff19c62a17aa56596ef055f2b8d903f2d2d1bb2ec,-2.9266274,0.30138427
443,444,G0089__S04__seed_0007,G0089,desktop_monitor_with_tilt_swivel_stand,4,builtin_no_picture,builtin_no_picture,seed_0007,7,#c81878,/mnt/zsn/lyb/arti-skill/exp/uniform531_n5_studio_256_v1/G0089__S04__seed_0007__desktop_monitor_with_tilt_swivel_stand.png,81701,33152470560794b92122b8c74a9d47c23c5fb89642cbb9f1ec57b79758273404,-3.89463043,-0.0116974656
444,445,G0089__S05__seed_0008,G0089,desktop_monitor_with_tilt_swivel_stand,5,builtin_no_picture,builtin_no_picture,seed_0008,8,#c81878,/mnt/zsn/lyb/arti-skill/exp/uniform531_n5_studio_256_v1/G0089__S05__seed_0008__desktop_monitor_with_tilt_swivel_stand.png,83038,523336edec27f381156090f90b1d40c7096e0472e7255b17d075a12a5c922deb,-3.97418213,-0.247259974
445,446,G0090__S01__seed_0333,G0090,desktop_pc_tower,1,builtin_no_picture,builtin_no_picture,seed_0333,333,#b8b838,/mnt/zsn/lyb/arti-skill/exp/uniform531_n5_studio_256_v1/G0090__S01__seed_0333__desktop_pc_tower.png,78632,faa1f597a984381bae68f5ebf9509508864258efe8bc29570761e9e822099e1b,-34.6941833,-27.0232353
446,447,G0090__S02__seed_0296,G0090,desktop_pc_tower,2,builtin_no_picture,builtin_no_picture,seed_0296,296,#b8b838,/mnt/zsn/lyb/arti-skill/exp/uniform531_n5_studio_256_v1/G0090__S02__seed_0296__desktop_pc_tower.png,98651,6d709b8d015d1ccc1938b1916004bb9006b965b66360f75bfff4a1eea125299a,-34.8745995,-24.6461563
447,448,G0090__S03__seed_0347,G0090,desktop_pc_tower,3,builtin_no_picture,builtin_no_picture,seed_0347,347,#b8b838,/mnt/zsn/lyb/arti-skill/exp/uniform531_n5_studio_256_v1/G0090__S03__seed_0347__desktop_pc_tower.png,72761,765c3bb29e3d30e9acc0c359518e1c3bd87d9cfb6300a16d27d2a230f96426cc,-34.7852745,-27.5480328
448,449,G0090__S04__seed_0057,G0090,desktop_pc_tower,4,builtin_no_picture,builtin_no_picture,seed_0057,57,#b8b838,/mnt/zsn/lyb/arti-skill/exp/uniform531_n5_studio_256_v1/G0090__S04__seed_0057__desktop_pc_tower.png,97135,bf07931f4a58e8a4c1f3fb2815b5387ea75894beac936d0d3066d98bc5eecbda,-34.844696,-24.7450314
449,450,G0090__S05__seed_0240,G0090,desktop_pc_tower,5,builtin_no_picture,builtin_no_picture,seed_0240,240,#b8b838,/mnt/zsn/lyb/arti-skill/exp/uniform531_n5_studio_256_v1/G0090__S05__seed_0240__desktop_pc_tower.png,72701,4c81152923a54c582bdb7e8563092600f50a811f1282fd6419e81dd4b7627d61,-34.6136818,-26.8897362
450,451,G0091__S01__seed_0009,G0091,differential_drive_wheel,1,picture_backed,Robotics,seed_0009,14,#781888,/mnt/zsn/lyb/arti-skill/exp/uniform531_n5_studio_256_v1/G0091__S01__seed_0009__differential_drive_wheel.png,86988,a1863adf0c4957198f3023d2689f8a97be04e617a0de2a359e4accd9507acd42,17.9060059,56.7786484
451,452,G0091__S02__seed_0001,G0091,differential_drive_wheel,2,picture_backed,Robotics,seed_0001,2,#781888,/mnt/zsn/lyb/arti-skill/exp/uniform531_n5_studio_256_v1/G0091__S02__seed_0001__differential_drive_wheel.png,84519,9311a15a766521bbfc829071ba2712793bdcf22702f4fe134bc3ed7fe84f07ad,13.0014982,51.142067
452,453,G0091__S03__seed_0006,G0091,differential_drive_wheel,3,picture_backed,Robotics,seed_0006,11,#781888,/mnt/zsn/lyb/arti-skill/exp/uniform531_n5_studio_256_v1/G0091__S03__seed_0006__differential_drive_wheel.png,83335,29a4d917c667b709b1f999fbfa20ae5c7a5d84beb6047c79f80ce3246efb0780,13.0456409,51.1220703
453,454,G0091__S04__seed_0010,G0091,differential_drive_wheel,4,picture_backed,Robotics,seed_0010,15,#781888,/mnt/zsn/lyb/arti-skill/exp/uniform531_n5_studio_256_v1/G0091__S04__seed_0010__differential_drive_wheel.png,85658,4569def0cd593c8fbc03a8c7d6312ad4826583933076e9ba6bbecd6a0bf9efb3,14.8562603,59.2047195
454,455,G0091__S05__seed_0016,G0091,differential_drive_wheel,5,picture_backed,Robotics,seed_0016,24,#781888,/mnt/zsn/lyb/arti-skill/exp/uniform531_n5_studio_256_v1/G0091__S05__seed_0016__differential_drive_wheel.png,88354,0b5c1bd7ed1a01263c100be4edbf5147eeb9ab1bb5662d2a5799f7b6824c6a48,17.9423313,56.7744141
455,456,G0092__S01__seed_0093,G0092,dishwasher_with_dropdown_door_and_sliding_racks,1,builtin_no_picture,builtin_no_picture,seed_0093,93,#9818b8,/mnt/zsn/lyb/arti-skill/exp/uniform531_n5_studio_256_v1/G0092__S01__seed_0093__dishwasher_with_dropdown_door_and_sliding_racks.png,80227,0be027f15ec306cd230c1bcbf2db07dfaf83e8a76ab836cd37748f4637d1e1d6,-31.1925869,-24.5969028
456,457,G0092__S02__seed_0032,G0092,dishwasher_with_dropdown_door_and_sliding_racks,2,builtin_no_picture,builtin_no_picture,seed_0032,32,#9818b8,/mnt/zsn/lyb/arti-skill/exp/uniform531_n5_studio_256_v1/G0092__S02__seed_0032__dishwasher_with_dropdown_door_and_sliding_racks.png,76822,6f0889f9c3dc02a6be9d54a0343f4a8f41e7ad5e02974158c82ba29297be97af,-30.882164,-24.7219753
457,458,G0092__S03__seed_0118,G0092,dishwasher_with_dropdown_door_and_sliding_racks,3,builtin_no_picture,builtin_no_picture,seed_0118,118,#9818b8,/mnt/zsn/lyb/arti-skill/exp/uniform531_n5_studio_256_v1/G0092__S03__seed_0118__dishwasher_with_dropdown_door_and_sliding_racks.png,80038,a1461275ad2e2bb951b43cef8150dae6eeedd52236de9ccc72cd1c327959be49,-30.9570942,-24.8623161
458,459,G0092__S04__seed_0059,G0092,dishwasher_with_dropdown_door_and_sliding_racks,4,builtin_no_picture,builtin_no_picture,seed_0059,59,#9818b8,/mnt/zsn/lyb/arti-skill/exp/uniform531_n5_studio_256_v1/G0092__S04__seed_0059__dishwasher_with_dropdown_door_and_sliding_racks.png,77338,9725b80ab5085fe61bc6cc4ae74e14d38c3782cfec1e51c539bd288acf3b7e8e,-30.7873192,-25.1161404
459,460,G0092__S05__seed_0024,G0092,dishwasher_with_dropdown_door_and_sliding_racks,5,builtin_no_picture,builtin_no_picture,seed_0024,24,#9818b8,/mnt/zsn/lyb/arti-skill/exp/uniform531_n5_studio_256_v1/G0092__S05__seed_0024__dishwasher_with_dropdown_door_and_sliding_racks.png,83975,1b6cebcccdf5a0225e1967eba073fe13240f6d065443c129d0f83d54ff0adceb,-31.8385391,-25.6060925
460,461,G0093__S01__seed_1379,G0093,display_freezer_with_sliding_glass_lids,1,builtin_no_picture,builtin_no_picture,seed_1379,1952,#6878d8,/mnt/zsn/lyb/arti-skill/exp/uniform531_n5_studio_256_v1/G0093__S01__seed_1379__display_freezer_with_sliding_glass_lids.png,86931,5a46f8c093074a468826ffe02a5eb74c38bd06e245a9adf576b3113251427e32,-31.5860043,1.48814225
461,462,G0093__S02__seed_0200,G0093,display_freezer_with_sliding_glass_lids,2,builtin_no_picture,builtin_no_picture,seed_0200,286,#6878d8,/mnt/zsn/lyb/arti-skill/exp/uniform531_n5_studio_256_v1/G0093__S02__seed_0200__display_freezer_with_sliding_glass_lids.png,99214,1b403d6d0a95eba487267100405d591bbaa2e4f52f78a0387c5622c28abb9e94,-31.7773151,1.60928094
462,463,G0093__S03__seed_1481,G0093,display_freezer_with_sliding_glass_lids,3,builtin_no_picture,builtin_no_picture,seed_1481,2080,#6878d8,/mnt/zsn/lyb/arti-skill/exp/uniform531_n5_studio_256_v1/G0093__S03__seed_1481__display_freezer_with_sliding_glass_lids.png,83865,854c713844ee6fa092cc22a37b10ff47d842a62e74c7ac2cbb69603222e24aa8,-31.0732651,2.0133059
463,464,G0093__S04__seed_0951,G0093,display_freezer_with_sliding_glass_lids,4,builtin_no_picture,builtin_no_picture,seed_0951,1322,#6878d8,/mnt/zsn/lyb/arti-skill/exp/uniform531_n5_studio_256_v1/G0093__S04__seed_0951__display_freezer_with_sliding_glass_lids.png,82893,b21cca4b328c98bac0813685093fca4ac5a665bb4ba27993a90c615591132d20,-32.321785,0.516904771
464,465,G0093__S05__seed_0858,G0093,display_freezer_with_sliding_glass_lids,5,builtin_no_picture,builtin_no_picture,seed_0858,1201,#6878d8,/mnt/zsn/lyb/arti-skill/exp/uniform531_n5_studio_256_v1/G0093__S05__seed_0858__display_freezer_with_sliding_glass_lids.png,86617,eb1505aa9b248e334c2866bc9b4296b826ee7d0ad72e2e4f4727e71da718294e,-32.3838615,0.375487834
465,466,G0094__S01__seed_0058,G0094,dj_equipment,1,builtin_no_picture,builtin_no_picture,seed_0058,58,#78b878,/mnt/zsn/lyb/arti-skill/exp/uniform531_n5_studio_256_v1/G0094__S01__seed_0058__dj_equipment.png,75556,d569a6ce507f4a9311d71333b645951f573536a01f6c4271d179358ddab43959,-12.7750139,-1.05784738
466,467,G0094__S02__seed_0114,G0094,dj_equipment,2,builtin_no_picture,builtin_no_picture,seed_0114,114,#78b878,/mnt/zsn/lyb/arti-skill/exp/uniform531_n5_studio_256_v1/G0094__S02__seed_0114__dj_equipment.png,81034,e8800f6286fb213018bdb60a56d1a1d92ae2cb629a5293f68b0c80bb762259d4,-12.6334944,-1.3484019
467,468,G0094__S03__seed_0030,G0094,dj_equipment,3,builtin_no_picture,builtin_no_picture,seed_0030,30,#78b878,/mnt/zsn/lyb/arti-skill/exp/uniform531_n5_studio_256_v1/G0094__S03__seed_0030__dj_equipment.png,82017,08ac8d45e4dc89419a1b20b4aa7303d35924eaa28bab8b8df7b546a1a2b2235f,-12.3500729,-1.37451267
468,469,G0094__S04__seed_0062,G0094,dj_equipment,4,builtin_no_picture,builtin_no_picture,seed_0062,62,#78b878,/mnt/zsn/lyb/arti-skill/exp/uniform531_n5_studio_256_v1/G0094__S04__seed_0062__dj_equipment.png,80088,c6339faf4aa758d04bfd7dadab8d3720b48d80719b74c18c84c40a5e9449114c,-12.7617149,-1.11704195
469,470,G0094__S05__seed_0026,G0094,dj_equipment,5,builtin_no_picture,builtin_no_picture,seed_0026,26,#78b878,/mnt/zsn/lyb/arti-skill/exp/uniform531_n5_studio_256_v1/G0094__S05__seed_0026__dj_equipment.png,78340,cfb4c56fa43a4f4fc0d916cf66b54230be5da2b5f1d1478fcb0eb52177286bd2,-12.5373335,-0.961942315
470,471,G0095__S01__seed_0053,G0095,Door_Door,1,picture_backed,Door,seed_0053,53,#385818,/mnt/zsn/lyb/arti-skill/exp/uniform531_n5_studio_256_v1/G0095__S01__seed_0053__Door_Door.png,81238,32562369e5ef27006c227394264ae08607785e42411a9fee43f1944c42719045,-44.4945984,-36.9250526
471,472,G0095__S02__seed_0057,G0095,Door_Door,2,picture_backed,Door,seed_0057,57,#385818,/mnt/zsn/lyb/arti-skill/exp/uniform531_n5_studio_256_v1/G0095__S02__seed_0057__Door_Door.png,79527,03608732ceb16ea74630d0905404c9983212a20e422bdb9125fd63a7005a5051,-50.2633705,-36.5489769
472,473,G0095__S03__seed_0017,G0095,Door_Door,3,picture_backed,Door,seed_0017,17,#385818,/mnt/zsn/lyb/arti-skill/exp/uniform531_n5_studio_256_v1/G0095__S03__seed_0017__Door_Door.png,82979,242a8c66a232b39e8413a8ec4a1d86acf7493180ee0b21c5a62c7a915cb84c0a,-47.4266701,-36.4498024
473,474,G0095__S04__seed_0044,G0095,Door_Door,4,picture_backed,Door,seed_0044,44,#385818,/mnt/zsn/lyb/arti-skill/exp/uniform531_n5_studio_256_v1/G0095__S04__seed_0044__Door_Door.png,87764,051671449dcb240cf7acdf752d7d8e215d8b789853457bc71b4546c43ad0ab5d,-49.5834885,-36.2550049
474,475,G0095__S05__seed_0067,G0095,Door_Door,5,picture_backed,Door,seed_0067,67,#385818,/mnt/zsn/lyb/arti-skill/exp/uniform531_n5_studio_256_v1/G0095__S05__seed_0067__Door_Door.png,87562,e08b420fb9636c9d45bc3476755da1ffaa4ffafba309672fa40a37d405fca977,-50.482872,-36.585865
475,476,G0096__S01__seed_1302,G0096,Door_Double_Door,1,picture_backed,Door,seed_1302,1302,#983818,/mnt/zsn/lyb/arti-skill/exp/uniform531_n5_studio_256_v1/G0096__S01__seed_1302__Door_Double_Door.png,91230,a5725990a81ac9eccd5b442fe30e66434b8293622753829f4e61146f301020f4,-54.3260498,-36.1882248
476,477,G0096__S02__seed_0711,G0096,Door_Double_Door,2,picture_backed,Door,seed_0711,711,#983818,/mnt/zsn/lyb/arti-skill/exp/uniform531_n5_studio_256_v1/G0096__S02__seed_0711__Door_Double_Door.png,81893,058a4e367890c67e6685bb3973b553d1a89df7c495b5cd47ccf7fd80b44ddbf4,-48.5844345,-42.1901245
477,478,G0096__S03__seed_1368,G0096,Door_Double_Door,3,picture_backed,Door,seed_1368,1368,#983818,/mnt/zsn/lyb/arti-skill/exp/uniform531_n5_studio_256_v1/G0096__S03__seed_1368__Door_Double_Door.png,81037,8cddc8ca71a5e23a28d20037cdbdf1d196b45428f4d2dfe0bbe96a0ffc98816a,-47.6282043,-39.7752151
478,479,G0096__S04__seed_0586,G0096,Door_Double_Door,4,picture_backed,Door,seed_0586,586,#983818,/mnt/zsn/lyb/arti-skill/exp/uniform531_n5_studio_256_v1/G0096__S04__seed_0586__Door_Double_Door.png,82435,6f63c40da2929720e573a460d7548d4862ce79c8752d0f4c5ba5c7523c226e73,-46.7405663,-39.3591652
479,480,G0096__S05__seed_0770,G0096,Door_Double_Door,5,picture_backed,Door,seed_0770,770,#983818,/mnt/zsn/lyb/arti-skill/exp/uniform531_n5_studio_256_v1/G0096__S05__seed_0770__Door_Double_Door.png,84289,ba8a5cae24e193499de847fc6f90a7f934759102781ac0e34ecdae713ac1e6ab,-48.4668045,-41.6193237
480,481,G0097__S01__seed_0114,G0097,Door_folding_door,1,picture_backed,Door,seed_0114,115,#c838c8,/mnt/zsn/lyb/arti-skill/exp/uniform531_n5_studio_256_v1/G0097__S01__seed_0114__Door_folding_door.png,95180,dc966dbe49302901f810d37283c4f79a031ffa019321da79612340a35a8e5658,-53.9998322,-33.6147537
481,482,G0097__S02__seed_0104,G0097,Door_folding_door,2,picture_backed,Door,seed_0104,104,#c838c8,/mnt/zsn/lyb/arti-skill/exp/uniform531_n5_studio_256_v1/G0097__S02__seed_0104__Door_folding_door.png,86747,0211fd382a949e8cb3e7cd0dd7ca2bee1b6307ecfbc7a582c3e3641442269228,-54.468647,-33.9482574
482,483,G0097__S03__seed_0721,G0097,Door_folding_door,3,picture_backed,Door,seed_0721,729,#c838c8,/mnt/zsn/lyb/arti-skill/exp/uniform531_n5_studio_256_v1/G0097__S03__seed_0721__Door_folding_door.png,87384,743f84327a03742db9704034a0b2488df05eca5b6c3fc7dd8c798d5ab2b45734,-53.2644768,-33.995842
483,484,G0097__S04__seed_0754,G0097,Door_folding_door,4,picture_backed,Door,seed_0754,762,#c838c8,/mnt/zsn/lyb/arti-skill/exp/uniform531_n5_studio_256_v1/G0097__S04__seed_0754__Door_folding_door.png,90715,a0eb0331f2234caea56250844a2d4fd148c8df485f738bc7e6f810b568d27aa3,-53.4711952,-32.8058281
484,485,G0097__S05__seed_0176,G0097,Door_folding_door,5,picture_backed,Door,seed_0176,178,#c838c8,/mnt/zsn/lyb/arti-skill/exp/uniform531_n5_studio_256_v1/G0097__S05__seed_0176__Door_folding_door.png,85905,98af1365fd5338a1d1184caf0af9229886ad7210a7f65e285356962885ebe942,-53.8892479,-32.3567123
485,486,G0098__S01__seed_0051,G0098,Door_Folding_gate,1,picture_backed,Door,seed_0051,56,#489888,/mnt/zsn/lyb/arti-skill/exp/uniform531_n5_studio_256_v1/G0098__S01__seed_0051__Door_Folding_gate.png,77534,264691337da39565e89be4684eebd0559a6c91de2a40c9c6710eb977f111b6b1,-46.1004562,-36.2157822
486,487,G0098__S02__seed_0114,G0098,Door_Folding_gate,2,picture_backed,Door,seed_0114,126,#489888,/mnt/zsn/lyb/arti-skill/exp/uniform531_n5_studio_256_v1/G0098__S02__seed_0114__Door_Folding_gate.png,80305,c2d6a9d0bfd3fe27ebf9087d1ccc8121e5a4704074a518b5824e0d9a785a7f4c,-51.4566231,-38.0887451
487,488,G0098__S03__seed_0082,G0098,Door_Folding_gate,3,picture_backed,Door,seed_0082,92,#489888,/mnt/zsn/lyb/arti-skill/exp/uniform531_n5_studio_256_v1/G0098__S03__seed_0082__Door_Folding_gate.png,76179,673ac1cdc58ff2a85c4f1f9ba8f50001eb8085a302c76753f0babf87bfb13b72,-52.4168358,-38.3456688
488,489,G0098__S04__seed_0038,G0098,Door_Folding_gate,4,picture_backed,Door,seed_0038,42,#489888,/mnt/zsn/lyb/arti-skill/exp/uniform531_n5_studio_256_v1/G0098__S04__seed_0038__Door_Folding_gate.png,84341,623657d2e2cda9206bea8217c461ab56c4228014f16293ef06afb0b406a986cf,-52.7689667,-39.8729706
489,490,G0098__S05__seed_0133,G0098,Door_Folding_gate,5,picture_backed,Door,seed_0133,147,#489888,/mnt/zsn/lyb/arti-skill/exp/uniform531_n5_studio_256_v1/G0098__S05__seed_0133__Door_Folding_gate.png,80356,13917bb344645b84c1ebc3d822b975514683a4a6f0d43abfbad416018967469f,-52.3349419,-38.4739952
490,491,G0099__S01__seed_1078,G0099,Door_Garage_shutter,1,picture_backed,Door,seed_1078,1078,#b86818,/mnt/zsn/lyb/arti-skill/exp/uniform531_n5_studio_256_v1/G0099__S01__seed_1078__Door_Garage_shutter.png,85577,3696636f956b9dae1ec621764ce4d150af3a9bdc7611611846fab4b644ee0f9e,-53.4064827,-34.1758881
491,492,G0099__S02__seed_1256,G0099,Door_Garage_shutter,2,picture_backed,Door,seed_1256,1256,#b86818,/mnt/zsn/lyb/arti-skill/exp/uniform531_n5_studio_256_v1/G0099__S02__seed_1256__Door_Garage_shutter.png,86217,55c5c764916801817395db5633b503c812952eb1c9821f9f20b1cababa773c86,-51.8592453,-36.1353416
492,493,G0099__S03__seed_1187,G0099,Door_Garage_shutter,3,picture_backed,Door,seed_1187,1187,#b86818,/mnt/zsn/lyb/arti-skill/exp/uniform531_n5_studio_256_v1/G0099__S03__seed_1187__Door_Garage_shutter.png,94956,4728df04af297976a11b339e7947022c82514c3a962f2dbea7809c7c6b0ea49b,-52.1169014,-35.8805618
493,494,G0099__S04__seed_2352,G0099,Door_Garage_shutter,4,picture_backed,Door,seed_2352,2352,#b86818,/mnt/zsn/lyb/arti-skill/exp/uniform531_n5_studio_256_v1/G0099__S04__seed_2352__Door_Garage_shutter.png,98631,4c07e2fcc7b3dee929c0e9fb348247c4380e3d01fbf10e84551b1a87226f11de,-54.2695618,-33.4116592
494,495,G0099__S05__seed_0463,G0099,Door_Garage_shutter,5,picture_backed,Door,seed_0463,463,#b86818,/mnt/zsn/lyb/arti-skill/exp/uniform531_n5_studio_256_v1/G0099__S05__seed_0463__Door_Garage_shutter.png,86160,08d26fe27329cb9a88547f1f87638db6c1ce7cc02e477b9df53dcf0fc7e26d17,-51.6857071,-36.1316872
495,496,G0100__S01__seed_0184,G0100,Door_Gate,1,picture_backed,Door,seed_0184,184,#b89898,/mnt/zsn/lyb/arti-skill/exp/uniform531_n5_studio_256_v1/G0100__S01__seed_0184__Door_Gate.png,87717,0f706a8965fa0f9066852c4d99c5dafed2517faaedac17a3762a5387e8d745ee,-50.38274,-44.1764221
496,497,G0100__S02__seed_0034,G0100,Door_Gate,2,picture_backed,Door,seed_0034,34,#b89898,/mnt/zsn/lyb/arti-skill/exp/uniform531_n5_studio_256_v1/G0100__S02__seed_0034__Door_Gate.png,98260,4b136589d98a7deb3ea9114a6e156d2461fe19bc4e15f9097c459897f358ca12,-50.5148239,-44.4057312
497,498,G0100__S03__seed_0067,G0100,Door_Gate,3,picture_backed,Door,seed_0067,67,#b89898,/mnt/zsn/lyb/arti-skill/exp/uniform531_n5_studio_256_v1/G0100__S03__seed_0067__Door_Gate.png,84590,2b9e81c74fe133de328d3a747aef8223880022d7589150def06812e82d84fbcb,-50.5001068,-44.9137306
498,499,G0100__S04__seed_0213,G0100,Door_Gate,4,picture_backed,Door,seed_0213,213,#b89898,/mnt/zsn/lyb/arti-skill/exp/uniform531_n5_studio_256_v1/G0100__S04__seed_0213__Door_Gate.png,90531,4dba27a3211cb585727c2e4dc8c94f6759e8625be44bd1b4da1bd2cd376e4225,-49.9658394,-44.8053131
499,500,G0100__S05__seed_0111,G0100,Door_Gate,5,picture_backed,Door,seed_0111,111,#b89898,/mnt/zsn/lyb/arti-skill/exp/uniform531_n5_studio_256_v1/G0100__S05__seed_0111__Door_Gate.png,93328,bcc48618c75eb2cb7b4de6522dc1344a1df84d87b020b3e7a2547ea759062529,-50.6618958,-44.8466263
500,501,G0101__S01__seed_1569,G0101,Door_Other,1,picture_backed,Door,seed_1569,1584,#585898,/mnt/zsn/lyb/arti-skill/exp/uniform531_n5_studio_256_v1/G0101__S01__seed_1569__Door_Other.png,90188,25548274b4722d16b4769565233789d46e1f2bdce40c3582d03a1d9a5bf175e9,-48.2141457,-45.4277039
501,502,G0101__S02__seed_0574,G0101,Door_Other,2,picture_backed,Door,seed_0574,581,#585898,/mnt/zsn/lyb/arti-skill/exp/uniform531_n5_studio_256_v1/G0101__S02__seed_0574__Door_Other.png,78229,e63f9465b262e76bc6cfada483f9473ec923b06c603684a5db8b042320fa157d,-48.3160934,-42.9414749
502,503,G0101__S03__seed_1463,G0101,Door_Other,3,picture_backed,Door,seed_1463,1476,#585898,/mnt/zsn/lyb/arti-skill/exp/uniform531_n5_studio_256_v1/G0101__S03__seed_1463__Door_Other.png,79806,96dd6af6517e19a243fdf0aa95cd6a8aee89293121a63a36a14eadde7d18a4d1,-48.462841,-45.2536697
503,504,G0101__S04__seed_2203,G0101,Door_Other,4,picture_backed,Door,seed_2203,2223,#585898,/mnt/zsn/lyb/arti-skill/exp/uniform531_n5_studio_256_v1/G0101__S04__seed_2203__Door_Other.png,82156,6b987d92f56a94b2cc4927bf4f8a34cc8b1d634d4dfec0566f610ff11433987f,-45.1868095,-44.0995445
504,505,G0101__S05__seed_1377,G0101,Door_Other,5,picture_backed,Door,seed_1377,1390,#585898,/mnt/zsn/lyb/arti-skill/exp/uniform531_n5_studio_256_v1/G0101__S05__seed_1377__Door_Other.png,89511,6ae4db6a0519165a10ea648f4145082970b3721ca709be7348295e33d2411d60,-45.8194656,-43.9049072
505,506,G0102__S01__seed_0009,G0102,Door_Scifi_Gate,1,picture_backed,Door,seed_0009,10,#385858,/mnt/zsn/lyb/arti-skill/exp/uniform531_n5_studio_256_v1/G0102__S01__seed_0009__Door_Scifi_Gate.png,89671,48d27dd4cbf4a9ae2a85e9750bc74827a8160f3dbf3f43dad03b23a3e468de8d,-50.6966324,-39.612587
506,507,G0102__S02__seed_0014,G0102,Door_Scifi_Gate,2,picture_backed,Door,seed_0014,15,#385858,/mnt/zsn/lyb/arti-skill/exp/uniform531_n5_studio_256_v1/G0102__S02__seed_0014__Door_Scifi_Gate.png,83117,05f5b92fb56f65a00e27001bf3f19012bffdf33d34ecc68638ecba893cc22667,-55.9483566,-39.5901413
507,508,G0102__S03__seed_0012,G0102,Door_Scifi_Gate,3,picture_backed,Door,seed_0012,13,#385858,/mnt/zsn/lyb/arti-skill/exp/uniform531_n5_studio_256_v1/G0102__S03__seed_0012__Door_Scifi_Gate.png,95413,59d60bfd49ca4c384cf73993a94020ed4ed2c5ec270e0e20a03ba0995ced0460,-55.993576,-39.6172562
508,509,G0102__S04__seed_0016,G0102,Door_Scifi_Gate,4,picture_backed,Door,seed_0016,17,#385858,/mnt/zsn/lyb/arti-skill/exp/uniform531_n5_studio_256_v1/G0102__S04__seed_0016__Door_Scifi_Gate.png,87552,79fe6d4a44c6654a4918c547e482bede031aba621ab7dd96c7f3c79cc7ba1d80,-56.0140343,-39.1800842
509,510,G0102__S05__seed_0019,G0102,Door_Scifi_Gate,5,picture_backed,Door,seed_0019,21,#385858,/mnt/zsn/lyb/arti-skill/exp/uniform531_n5_studio_256_v1/G0102__S05__seed_0019__Door_Scifi_Gate.png,91833,1fd15f0f550e49576f639d0c4a011f14deff4b71bf7bcd8454fddecea407d78e,15.6861715,-16.3630199
510,511,G0103__S01__seed_0086,G0103,Door_Sliding_Door,1,picture_backed,Door,seed_0086,86,#c8a878,/mnt/zsn/lyb/arti-skill/exp/uniform531_n5_studio_256_v1/G0103__S01__seed_0086__Door_Sliding_Door.png,81105,ea83f4c84e4c870849be054aee5a19d449e69f7cea7846c992276aa8092d0eb3,-53.7474403,-31.2939777
511,512,G0103__S02__seed_0087,G0103,Door_Sliding_Door,2,picture_backed,Door,seed_0087,87,#c8a878,/mnt/zsn/lyb/arti-skill/exp/uniform531_n5_studio_256_v1/G0103__S02__seed_0087__Door_Sliding_Door.png,85030,c9ca762653ee53920b5cca8d3b487a8b396078e19c7dc630e14c5f261cc70068,-51.6850548,-31.4005699
512,513,G0103__S03__seed_0154,G0103,Door_Sliding_Door,3,picture_backed,Door,seed_0154,154,#c8a878,/mnt/zsn/lyb/arti-skill/exp/uniform531_n5_studio_256_v1/G0103__S03__seed_0154__Door_Sliding_Door.png,90876,fbebbe7518ca1ed7a1ff8e900a2e3cf9ef97b0336d177279621520828a693ae7,-51.3516655,-30.9793949
513,514,G0103__S04__seed_0102,G0103,Door_Sliding_Door,4,picture_backed,Door,seed_0102,102,#c8a878,/mnt/zsn/lyb/arti-skill/exp/uniform531_n5_studio_256_v1/G0103__S04__seed_0102__Door_Sliding_Door.png,82541,fad47df60b040fbc1294ab68ed6203e5190e8c12e74d9b912c6e533d06600305,-50.4496384,-32.5100975
514,515,G0103__S05__seed_0175,G0103,Door_Sliding_Door,5,picture_backed,Door,seed_0175,175,#c8a878,/mnt/zsn/lyb/arti-skill/exp/uniform531_n5_studio_256_v1/G0103__S05__seed_0175__Door_Sliding_Door.png,77075,a56e8b8902a1b8d13da71fc5b77dd0e7214cd1117c0b63848a31a65625be758b,-51.831543,-31.8291588
515,516,G0104__S01__seed_0902,G0104,Door_Trap_door,1,picture_backed,Door,seed_0902,902,#d81838,/mnt/zsn/lyb/arti-skill/exp/uniform531_n5_studio_256_v1/G0104__S01__seed_0902__Door_Trap_door.png,83795,b32e892f6ce6a547f03f3eec5a9bef33ebe40bb608d1f220c72d4e5afbd57ec5,-0.29218182,-23.7587605
516,517,G0104__S02__seed_0575,G0104,Door_Trap_door,2,picture_backed,Door,seed_0575,575,#d81838,/mnt/zsn/lyb/arti-skill/exp/uniform531_n5_studio_256_v1/G0104__S02__seed_0575__Door_Trap_door.png,93473,308c8c7f1986aafced2f6b67e05d3f66617db518b7e385cc821d650e0670274c,-15.8192835,-10.9448738
517,518,G0104__S03__seed_0110,G0104,Door_Trap_door,3,picture_backed,Door,seed_0110,110,#d81838,/mnt/zsn/lyb/arti-skill/exp/uniform531_n5_studio_256_v1/G0104__S03__seed_0110__Door_Trap_door.png,88601,ba266e3de9e299544432a0879505c8d6978fb0246d5caa62328d7099951ed4da,-15.7635508,-10.9533148
518,519,G0104__S04__seed_0071,G0104,Door_Trap_door,4,picture_backed,Door,seed_0071,71,#d81838,/mnt/zsn/lyb/arti-skill/exp/uniform531_n5_studio_256_v1/G0104__S04__seed_0071__Door_Trap_door.png,89897,845fdcc0ad0d7e5f44788aacb8e1c295b6960e75138c58bddff90072b932075c,-0.239189923,-23.7436008
519,520,G0104__S05__seed_1143,G0104,Door_Trap_door,5,picture_backed,Door,seed_1143,1143,#d81838,/mnt/zsn/lyb/arti-skill/exp/uniform531_n5_studio_256_v1/G0104__S05__seed_1143__Door_Trap_door.png,92626,d2fd1c11cfc1bc7199eb992659bde5611890f0cb00ec137fa91b538740e53e3f,-15.1596451,-11.1607246
520,521,G0105__S01__seed_1488,G0105,Door_wooden_plank_door_with_a_ring_pull,1,picture_backed,Door,seed_1488,1488,#581898,/mnt/zsn/lyb/arti-skill/exp/uniform531_n5_studio_256_v1/G0105__S01__seed_1488__Door_wooden_plank_door_with_a_ring_pull.png,82263,b26c607a4c3c59ac565b99d91b0710d7073400dfbe9e5e9ee56cc4617001bc4c,-46.9818153,-44.5734673
521,522,G0105__S02__seed_0884,G0105,Door_wooden_plank_door_with_a_ring_pull,2,picture_backed,Door,seed_0884,884,#581898,/mnt/zsn/lyb/arti-skill/exp/uniform531_n5_studio_256_v1/G0105__S02__seed_0884__Door_wooden_plank_door_with_a_ring_pull.png,83414,bc7ce9d37dcdb2ad116ab7b43847bfae5ba62a85b0fa3558ed8596372203a0dc,-47.3232002,-44.8054619
522,523,G0105__S03__seed_1031,G0105,Door_wooden_plank_door_with_a_ring_pull,3,picture_backed,Door,seed_1031,1031,#581898,/mnt/zsn/lyb/arti-skill/exp/uniform531_n5_studio_256_v1/G0105__S03__seed_1031__Door_wooden_plank_door_with_a_ring_pull.png,82920,779282fb2f69f6cabef1c2555ae3a9df411bfab71b588e3f28a42571771998a4,-47.573452,-44.8993912
523,524,G0105__S04__seed_0724,G0105,Door_wooden_plank_door_with_a_ring_pull,4,picture_backed,Door,seed_0724,724,#581898,/mnt/zsn/lyb/arti-skill/exp/uniform531_n5_studio_256_v1/G0105__S04__seed_0724__Door_wooden_plank_door_with_a_ring_pull.png,82167,ebd9fe815f58c0eed47c0c1f316961ffeb63faedd43fcbd1950a5d6798eb5c97,-47.4491158,-45.3794632
524,525,G0105__S05__seed_1250,G0105,Door_wooden_plank_door_with_a_ring_pull,5,picture_backed,Door,seed_1250,1250,#581898,/mnt/zsn/lyb/arti-skill/exp/uniform531_n5_studio_256_v1/G0105__S05__seed_1250__Door_wooden_plank_door_with_a_ring_pull.png,83286,9855ad310c34193f2f66d241af7556f4aa977003daebb66a557a3deb83b6b71d,-46.9612732,-44.5555496
525,526,G0106__S01__seed_0013,G0106,drafting_table,1,picture_backed,Workspace,seed_0013,13,#1838b8,/mnt/zsn/lyb/arti-skill/exp/uniform531_n5_studio_256_v1/G0106__S01__seed_0013__drafting_table.png,86751,9e89a0b7795fc8bfd7e9d35f2ceea30fb538218fe4b6aa1d3744bbff3ac98b9b,-40.6088219,28.1183891
526,527,G0106__S02__seed_0141,G0106,drafting_table,2,picture_backed,Workspace,seed_0141,141,#1838b8,/mnt/zsn/lyb/arti-skill/exp/uniform531_n5_studio_256_v1/G0106__S02__seed_0141__drafting_table.png,89589,5d4031a0dcb4cf23e17e99873439c3da638117e237ca2842f95e4111a17c3e7c,-39.8875923,27.8368721
527,528,G0106__S03__seed_0136,G0106,drafting_table,3,picture_backed,Workspace,seed_0136,136,#1838b8,/mnt/zsn/lyb/arti-skill/exp/uniform531_n5_studio_256_v1/G0106__S03__seed_0136__drafting_table.png,94489,e21c0cca29dc8c0248520e1f1487f8537dca1bd1ea3acd16bfc31863063bc257,-40.0236969,28.2568665
528,529,G0106__S04__seed_0084,G0106,drafting_table,4,picture_backed,Workspace,seed_0084,84,#1838b8,/mnt/zsn/lyb/arti-skill/exp/uniform531_n5_studio_256_v1/G0106__S04__seed_0084__drafting_table.png,87419,787dc31f08e26f6839fd784fb8bc6bd5451775c4316bf5dbfd54bce41a18661c,-40.1485291,27.6524601
529,530,G0106__S05__seed_0121,G0106,drafting_table,5,picture_backed,Workspace,seed_0121,121,#1838b8,/mnt/zsn/lyb/arti-skill/exp/uniform531_n5_studio_256_v1/G0106__S05__seed_0121__drafting_table.png,90920,febac49153cd9dad91598ff1b73fec7d5aaaffac7c2967d7ea9d51a07efe3129,-40.2246323,28.2623024
530,531,G0107__S01__seed_1068,G0107,drawer_cabinet_with_sliding_drawers,1,builtin_no_picture,builtin_no_picture,seed_1068,1132,#c868b8,/mnt/zsn/lyb/arti-skill/exp/uniform531_n5_studio_256_v1/G0107__S01__seed_1068__drawer_cabinet_with_sliding_drawers.png,89774,5cc9c76a9e65171b24d3031be4dc19cf31d9a3c355ef517f33acad77391329af,-58.1974716,7.01056719
531,532,G0107__S02__seed_1191,G0107,drawer_cabinet_with_sliding_drawers,2,builtin_no_picture,builtin_no_picture,seed_1191,1262,#c868b8,/mnt/zsn/lyb/arti-skill/exp/uniform531_n5_studio_256_v1/G0107__S02__seed_1191__drawer_cabinet_with_sliding_drawers.png,83826,43e1bfdc4c7c8bb09533ec06d27a6ba0aa44ee0efa5674378d315a3bc6859331,-57.4478989,4.7812705
532,533,G0107__S03__seed_0990,G0107,drawer_cabinet_with_sliding_drawers,3,builtin_no_picture,builtin_no_picture,seed_0990,1048,#c868b8,/mnt/zsn/lyb/arti-skill/exp/uniform531_n5_studio_256_v1/G0107__S03__seed_0990__drawer_cabinet_with_sliding_drawers.png,90939,ae0821f0c69620194acfd44f51d5d8e26d7f16836a1947eb41f869164ab48d3b,-57.8702583,8.83872223
533,534,G0107__S04__seed_0736,G0107,drawer_cabinet_with_sliding_drawers,4,builtin_no_picture,builtin_no_picture,seed_0736,778,#c868b8,/mnt/zsn/lyb/arti-skill/exp/uniform531_n5_studio_256_v1/G0107__S04__seed_0736__drawer_cabinet_with_sliding_drawers.png,93028,2a9f4039e92cf0741a2be2b30ab2b8278af4681070addb276b0e85458cc614a5,-59.2450066,8.94130707
534,535,G0107__S05__seed_0013,G0107,drawer_cabinet_with_sliding_drawers,5,builtin_no_picture,builtin_no_picture,seed_0013,13,#c868b8,/mnt/zsn/lyb/arti-skill/exp/uniform531_n5_studio_256_v1/G0107__S05__seed_0013__drawer_cabinet_with_sliding_drawers.png,91678,a4830950774bd012a41d7ef16472a57692cbc800d5bb37337298d3ae5380e0b9,-60.0359459,8.30319881
535,536,G0108__S01__seed_0228,G0108,drone,1,builtin_no_picture,builtin_no_picture,seed_0228,298,#686848,/mnt/zsn/lyb/arti-skill/exp/uniform531_n5_studio_256_v1/G0108__S01__seed_0228__drone.png,72624,395770b444d0f39b154af506dec8a0afa2c59ec540f1cc3ce089bd1b21f31103,30.7545528,34.4066353
536,537,G0108__S02__seed_0421,G0108,drone,2,builtin_no_picture,builtin_no_picture,seed_0421,550,#686848,/mnt/zsn/lyb/arti-skill/exp/uniform531_n5_studio_256_v1/G0108__S02__seed_0421__drone.png,73038,e0b4cf2a0612e923945cb8736966a163cc640b1d386880e9e0bf26ebfadf331c,30.2437897,34.2300529
537,538,G0108__S03__seed_0941,G0108,drone,3,builtin_no_picture,builtin_no_picture,seed_0941,1216,#686848,/mnt/zsn/lyb/arti-skill/exp/uniform531_n5_studio_256_v1/G0108__S03__seed_0941__drone.png,70265,29d6e99b3a466d705af1cef008c3db4426457e413c76466d2a15562e0cbe5656,31.6818237,33.4539337
538,539,G0108__S04__seed_1349,G0108,drone,4,builtin_no_picture,builtin_no_picture,seed_1349,1779,#686848,/mnt/zsn/lyb/arti-skill/exp/uniform531_n5_studio_256_v1/G0108__S04__seed_1349__drone.png,72026,1512fe0c1ecc15ccd87be5d69b0a4769b75d29876f545fe6136a1f214358bc21,31.3510723,33.761013
539,540,G0108__S05__seed_0429,G0108,drone,5,builtin_no_picture,builtin_no_picture,seed_0429,561,#686848,/mnt/zsn/lyb/arti-skill/exp/uniform531_n5_studio_256_v1/G0108__S05__seed_0429__drone.png,73309,5ef97a6454bcff75addc366fe85cd2e7c8d5d18728e05767c7f504b669f715bb,30.403017,34.4540977
540,541,G0109__S01__seed_0020,G0109,dual_independent_finger_chains,1,builtin_no_picture,builtin_no_picture,seed_0020,21,#e8b878,/mnt/zsn/lyb/arti-skill/exp/uniform531_n5_studio_256_v1/G0109__S01__seed_0020__dual_independent_finger_chains.png,82331,e2555e4a13e055a496b2f947e26229c4eb3f5c4c53f1d4a73b7d92a8398877bd,-0.978182614,12.6473856
541,542,G0109__S02__seed_0027,G0109,dual_independent_finger_chains,2,builtin_no_picture,builtin_no_picture,seed_0027,28,#e8b878,/mnt/zsn/lyb/arti-skill/exp/uniform531_n5_studio_256_v1/G0109__S02__seed_0027__dual_independent_finger_chains.png,74895,1e1d3ff40af8da964d9c546d80fcdc491071164c715993132589cd7b724895bb,-0.559912503,11.6374931
542,543,G0109__S03__seed_0044,G0109,dual_independent_finger_chains,3,builtin_no_picture,builtin_no_picture,seed_0044,45,#e8b878,/mnt/zsn/lyb/arti-skill/exp/uniform531_n5_studio_256_v1/G0109__S03__seed_0044__dual_independent_finger_chains.png,83654,7f54f0204c14a58657d542e1fe06111a616ac7cebcfaa6bedf38e982d2887e47,-1.53254163,12.3277426
543,544,G0109__S04__seed_0010,G0109,dual_independent_finger_chains,4,builtin_no_picture,builtin_no_picture,seed_0010,10,#e8b878,/mnt/zsn/lyb/arti-skill/exp/uniform531_n5_studio_256_v1/G0109__S04__seed_0010__dual_independent_finger_chains.png,82325,fe15bfcfc365ab25afaa10b32e47287546ca89733e4afb7efdf7cae5c40e9e38,-0.89664346,12.4373074
544,545,G0109__S05__seed_0011,G0109,dual_independent_finger_chains,5,builtin_no_picture,builtin_no_picture,seed_0011,11,#e8b878,/mnt/zsn/lyb/arti-skill/exp/uniform531_n5_studio_256_v1/G0109__S05__seed_0011__dual_independent_finger_chains.png,75337,1349ea6139af70b67dcb1f591a35602bbe4b5523fcacb3ef30de663a8088c0e3,-1.01944005,12.5322933
545,546,G0110__S01__seed_0062,G0110,Electrical_Wiring_Cable_reel,1,picture_backed,Electrical_Wiring,seed_0062,62,#8828d8,/mnt/zsn/lyb/arti-skill/exp/uniform531_n5_studio_256_v1/G0110__S01__seed_0062__Electrical_Wiring_Cable_reel.png,87657,c587c6400349cd604f3a0027cefd73402b35de1911b7a99fc29ab583ce44578b,8.67262554,-2.46349287
546,547,G0110__S02__seed_0060,G0110,Electrical_Wiring_Cable_reel,2,picture_backed,Electrical_Wiring,seed_0060,60,#8828d8,/mnt/zsn/lyb/arti-skill/exp/uniform531_n5_studio_256_v1/G0110__S02__seed_0060__Electrical_Wiring_Cable_reel.png,79123,7b15f9cc48a0b99ef4f483b6f22ef24542fd153ed66cedf4e22245330b839a2c,45.0631599,-16.7470512
547,548,G0110__S03__seed_0002,G0110,Electrical_Wiring_Cable_reel,3,picture_backed,Electrical_Wiring,seed_0002,2,#8828d8,/mnt/zsn/lyb/arti-skill/exp/uniform531_n5_studio_256_v1/G0110__S03__seed_0002__Electrical_Wiring_Cable_reel.png,77085,aff033fae46fc430d95a2a06298fded8001cc42a78fb04720205de192301b591,45.0434341,-16.7636642
548,549,G0110__S04__seed_0040,G0110,Electrical_Wiring_Cable_reel,4,picture_backed,Electrical_Wiring,seed_0040,40,#8828d8,/mnt/zsn/lyb/arti-skill/exp/uniform531_n5_studio_256_v1/G0110__S04__seed_0040__Electrical_Wiring_Cable_reel.png,78111,131085c665e7753d25f6b3c922f53b8fa22cd37c6f79338cd542235bcb39c809,45.0244484,-16.8666801
549,550,G0110__S05__seed_0042,G0110,Electrical_Wiring_Cable_reel,5,picture_backed,Electrical_Wiring,seed_0042,42,#8828d8,/mnt/zsn/lyb/arti-skill/exp/uniform531_n5_studio_256_v1/G0110__S05__seed_0042__Electrical_Wiring_Cable_reel.png,90702,f1583ef6f873557072610eefb46d128565e11a0128468847868572c2448203bb,8.67329788,-2.44177032
550,551,G0111__S01__seed_0265,G0111,Electrical_Wiring_Circuit_breaker,1,picture_backed,Electrical_Wiring,seed_0265,265,#2878b8,/mnt/zsn/lyb/arti-skill/exp/uniform531_n5_studio_256_v1/G0111__S01__seed_0265__Electrical_Wiring_Circuit_breaker.png,76489,f6847cb751281ae44e2119554b53af9c44ed6b592a326d87316dea56e2929436,-26.3549938,-25.1953011
551,552,G0111__S02__seed_0067,G0111,Electrical_Wiring_Circuit_breaker,2,picture_backed,Electrical_Wiring,seed_0067,67,#2878b8,/mnt/zsn/lyb/arti-skill/exp/uniform531_n5_studio_256_v1/G0111__S02__seed_0067__Electrical_Wiring_Circuit_breaker.png,76102,e83a4fb4f1fb397681612e318b491e9a27ce0babca81c3905b95cb7ebc04d9ec,-26.350666,-25.1993294
552,553,G0111__S03__seed_0276,G0111,Electrical_Wiring_Circuit_breaker,3,picture_backed,Electrical_Wiring,seed_0276,276,#2878b8,/mnt/zsn/lyb/arti-skill/exp/uniform531_n5_studio_256_v1/G0111__S03__seed_0276__Electrical_Wiring_Circuit_breaker.png,81669,21855d369cb4c629cde25a44b09787cfbcc3ced4158919d9e0390e864407315b,-26.2480774,-24.4651623
553,554,G0111__S04__seed_0399,G0111,Electrical_Wiring_Circuit_breaker,4,picture_backed,Electrical_Wiring,seed_0399,399,#2878b8,/mnt/zsn/lyb/arti-skill/exp/uniform531_n5_studio_256_v1/G0111__S04__seed_0399__Electrical_Wiring_Circuit_breaker.png,83935,04b30fbdc8faccc644f0a08ed46c23e3db66cf326339e1c8dc472ed83ee8a07b,-46.7439804,-12.776742
554,555,G0111__S05__seed_0381,G0111,Electrical_Wiring_Circuit_breaker,5,picture_backed,Electrical_Wiring,seed_0381,381,#2878b8,/mnt/zsn/lyb/arti-skill/exp/uniform531_n5_studio_256_v1/G0111__S05__seed_0381__Electrical_Wiring_Circuit_breaker.png,79512,cbb97a77fdc1b605527e5d441abfcd931d3cc9ad85e48f382599fb1c970a3eda,-27.246048,-24.9079361
555,556,G0112__S01__seed_0013,G0112,Electrical_Wiring_Conduit_bender,1,picture_backed,Electrical_Wiring,seed_0013,14,#889858,/mnt/zsn/lyb/arti-skill/exp/uniform531_n5_studio_256_v1/G0112__S01__seed_0013__Electrical_Wiring_Conduit_bender.png,73867,32ea25ff7c8ed64bde15b573efee5b11ccf553d3aea98104a5bfcfd06160955d,20.9777393,2.02325845
556,557,G0112__S02__seed_0012,G0112,Electrical_Wiring_Conduit_bender,2,picture_backed,Electrical_Wiring,seed_0012,13,#889858,/mnt/zsn/lyb/arti-skill/exp/uniform531_n5_studio_256_v1/G0112__S02__seed_0012__Electrical_Wiring_Conduit_bender.png,70960,6a6c4493138de279d6d6222aa186ceabc960d73dc62fc83d37d7dffef88190bc,49.3954353,18.2825127
557,558,G0112__S03__seed_0002,G0112,Electrical_Wiring_Conduit_bender,3,picture_backed,Electrical_Wiring,seed_0002,2,#889858,/mnt/zsn/lyb/arti-skill/exp/uniform531_n5_studio_256_v1/G0112__S03__seed_0002__Electrical_Wiring_Conduit_bender.png,78228,ff6082f64667b8ba623824e1f1ca267d874b25e69c64e54c710411bb8dab8ad7,20.4738102,1.79755151
558,559,G0112__S04__seed_0015,G0112,Electrical_Wiring_Conduit_bender,4,picture_backed,Electrical_Wiring,seed_0015,16,#889858,/mnt/zsn/lyb/arti-skill/exp/uniform531_n5_studio_256_v1/G0112__S04__seed_0015__Electrical_Wiring_Conduit_bender.png,79114,32bc436b988e82cda928292bd419ad5d5073353e97bd7cb31f6b3ea6714f4290,43.5086899,-8.90545273
559,560,G0112__S05__seed_0006,G0112,Electrical_Wiring_Conduit_bender,5,picture_backed,Electrical_Wiring,seed_0006,6,#889858,/mnt/zsn/lyb/arti-skill/exp/uniform531_n5_studio_256_v1/G0112__S05__seed_0006__Electrical_Wiring_Conduit_bender.png,72982,955bab11f63f49e35f908fded2535ab4be40463d2fdecd27fb6413dd08be0255,21.2730732,2.1437633
560,561,G0113__S01__seed_0105,G0113,Electrical_Wiring_Distribution_board_panel,1,picture_backed,Electrical_Wiring,seed_0105,105,#98d878,/mnt/zsn/lyb/arti-skill/exp/uniform531_n5_studio_256_v1/G0113__S01__seed_0105__Electrical_Wiring_Distribution_board_panel.png,82225,bf5b4ac51f13264ee2e6e4b8d72b7ec91362f80f1779087d20fa4fd648079dff,-24.8199043,-20.7739525
561,562,G0113__S02__seed_0019,G0113,Electrical_Wiring_Distribution_board_panel,2,picture_backed,Electrical_Wiring,seed_0019,19,#98d878,/mnt/zsn/lyb/arti-skill/exp/uniform531_n5_studio_256_v1/G0113__S02__seed_0019__Electrical_Wiring_Distribution_board_panel.png,81348,9f7dc3069cac57717270d07ccdadce6248ee4c6d5f5298a0db692fdfbf15d7e1,-55.8821259,-3.21037054
562,563,G0113__S03__seed_0024,G0113,Electrical_Wiring_Distribution_board_panel,3,picture_backed,Electrical_Wiring,seed_0024,24,#98d878,/mnt/zsn/lyb/arti-skill/exp/uniform531_n5_studio_256_v1/G0113__S03__seed_0024__Electrical_Wiring_Distribution_board_panel.png,92445,57b9d03987ec35f03c809f1988aff2c3eca4d4a084cbf1476c9cc5cb48f7601c,-56.8424072,-3.55588174
563,564,G0113__S04__seed_0178,G0113,Electrical_Wiring_Distribution_board_panel,4,picture_backed,Electrical_Wiring,seed_0178,178,#98d878,/mnt/zsn/lyb/arti-skill/exp/uniform531_n5_studio_256_v1/G0113__S04__seed_0178__Electrical_Wiring_Distribution_board_panel.png,86754,f4b383e81574782dc5bd25c7765713a28e0cbe9d2378bd32e31063abdbadf6a4,-57.339695,-3.92258501
564,565,G0113__S05__seed_0023,G0113,Electrical_Wiring_Distribution_board_panel,5,picture_backed,Electrical_Wiring,seed_0023,23,#98d878,/mnt/zsn/lyb/arti-skill/exp/uniform531_n5_studio_256_v1/G0113__S05__seed_0023__Electrical_Wiring_Distribution_board_panel.png,90329,f7871673e5eb58fafd9ee0da62fe2863af02b9a9823c26a4921b3f05599ffd82,-57.1009331,-3.78779674
565,566,G0114__S01__seed_0088,G0114,Electrical_Wiring_Junction_box,1,picture_backed,Electrical_Wiring,seed_0088,89,#887838,/mnt/zsn/lyb/arti-skill/exp/uniform531_n5_studio_256_v1/G0114__S01__seed_0088__Electrical_Wiring_Junction_box.png,76316,a8493ff1e30cea39cb09eda3fb021f7ff720e5bc8a02c1b399f337d04f497440,-3.06516242,-21.1658287
566,567,G0114__S02__seed_0110,G0114,Electrical_Wiring_Junction_box,2,picture_backed,Electrical_Wiring,seed_0110,111,#887838,/mnt/zsn/lyb/arti-skill/exp/uniform531_n5_studio_256_v1/G0114__S02__seed_0110__Electrical_Wiring_Junction_box.png,77204,ac21a789ecbb4c975ea6adf6b13fc786778ec80bcb0656dd60a9c8dac0633e5a,-2.42458367,-21.2699165
567,568,G0114__S03__seed_0009,G0114,Electrical_Wiring_Junction_box,3,picture_backed,Electrical_Wiring,seed_0009,9,#887838,/mnt/zsn/lyb/arti-skill/exp/uniform531_n5_studio_256_v1/G0114__S03__seed_0009__Electrical_Wiring_Junction_box.png,80423,debed7b0ceabb5cf92185b42ebe9bd0e05bdea7872fc992b7bd7d528881c7543,-2.11502266,-21.691906
568,569,G0114__S04__seed_0200,G0114,Electrical_Wiring_Junction_box,4,picture_backed,Electrical_Wiring,seed_0200,202,#887838,/mnt/zsn/lyb/arti-skill/exp/uniform531_n5_studio_256_v1/G0114__S04__seed_0200__Electrical_Wiring_Junction_box.png,75765,c2dab239e5ec03ab2b3cb984d2dd7e0213849d3e4b65f39e66de4a5db5154c0b,-2.59195781,-20.7814255
569,570,G0114__S05__seed_0171,G0114,Electrical_Wiring_Junction_box,5,picture_backed,Electrical_Wiring,seed_0171,173,#887838,/mnt/zsn/lyb/arti-skill/exp/uniform531_n5_studio_256_v1/G0114__S05__seed_0171__Electrical_Wiring_Junction_box.png,78021,8505bc359c6eaef81a143802b80b47308c11c7c7b76ced036dd93688d406497f,-2.86170411,-21.4298801
570,571,G0115__S01__seed_0060,G0115,Electrical_Wiring_Surge_protector_switch,1,picture_backed,Electrical_Wiring,seed_0060,60,#8888b8,/mnt/zsn/lyb/arti-skill/exp/uniform531_n5_studio_256_v1/G0115__S01__seed_0060__Electrical_Wiring_Surge_protector_switch.png,74646,e9c3f7258fb9f0497cbad5d033a51498277675d2a2a0c42690e7e13743dde01e,-7.28172064,15.5669289
571,572,G0115__S02__seed_0224,G0115,Electrical_Wiring_Surge_protector_switch,2,picture_backed,Electrical_Wiring,seed_0224,224,#8888b8,/mnt/zsn/lyb/arti-skill/exp/uniform531_n5_studio_256_v1/G0115__S02__seed_0224__Electrical_Wiring_Surge_protector_switch.png,71191,ee83777b44439d7b2058b70fb481a01e6d28dbf57efa8d6059ee86144df9afbc,-7.30095816,15.7269173
572,573,G0115__S03__seed_0154,G0115,Electrical_Wiring_Surge_protector_switch,3,picture_backed,Electrical_Wiring,seed_0154,154,#8888b8,/mnt/zsn/lyb/arti-skill/exp/uniform531_n5_studio_256_v1/G0115__S03__seed_0154__Electrical_Wiring_Surge_protector_switch.png,75860,15d2b98913f8f85dcb731cacb77bba2b4138adc0acc4a211676a282f630e49f6,-7.74814701,15.1517868
573,574,G0115__S04__seed_0021,G0115,Electrical_Wiring_Surge_protector_switch,4,picture_backed,Electrical_Wiring,seed_0021,21,#8888b8,/mnt/zsn/lyb/arti-skill/exp/uniform531_n5_studio_256_v1/G0115__S04__seed_0021__Electrical_Wiring_Surge_protector_switch.png,73767,dbd55754fabd94a66cc1b1d634eaf7f392803848c8a340d417db27c86cc55d5e,-7.3877883,15.5774145
574,575,G0115__S05__seed_0026,G0115,Electrical_Wiring_Surge_protector_switch,5,picture_backed,Electrical_Wiring,seed_0026,26,#8888b8,/mnt/zsn/lyb/arti-skill/exp/uniform531_n5_studio_256_v1/G0115__S05__seed_0026__Electrical_Wiring_Surge_protector_switch.png,80309,959cdafc771d11fa3f0239c352153e9d64d5aa5aeb8887fbca4cdbb16f55c1b7,-8.18188953,14.7437305
575,576,G0116__S01__seed_0021,G0116,Electrical_Wiring_Wire_stripper,1,picture_backed,Electrical_Wiring,seed_0021,21,#483818,/mnt/zsn/lyb/arti-skill/exp/uniform531_n5_studio_256_v1/G0116__S01__seed_0021__Electrical_Wiring_Wire_stripper.png,76008,b401a7b7e0c57047360176e0c85df477ad7209eabf67c0c97bc2dcec05c71cdb,57.1157837,24.491333
576,577,G0116__S02__seed_0050,G0116,Electrical_Wiring_Wire_stripper,2,picture_backed,Electrical_Wiring,seed_0050,50,#483818,/mnt/zsn/lyb/arti-skill/exp/uniform531_n5_studio_256_v1/G0116__S02__seed_0050__Electrical_Wiring_Wire_stripper.png,71529,b3b6ff681ce9264851667c1589d1117b295eb16a60872c3792979c182c95a8cc,64.3822174,23.7254124
577,578,G0116__S03__seed_0057,G0116,Electrical_Wiring_Wire_stripper,3,picture_backed,Electrical_Wiring,seed_0057,57,#483818,/mnt/zsn/lyb/arti-skill/exp/uniform531_n5_studio_256_v1/G0116__S03__seed_0057__Electrical_Wiring_Wire_stripper.png,74473,824824bab1186730c05cf73bcc0979006e0a7ceda1e0cffa3e1d533ac0270745,63.7280502,24.7760506
578,579,G0116__S04__seed_0042,G0116,Electrical_Wiring_Wire_stripper,4,picture_backed,Electrical_Wiring,seed_0042,42,#483818,/mnt/zsn/lyb/arti-skill/exp/uniform531_n5_studio_256_v1/G0116__S04__seed_0042__Electrical_Wiring_Wire_stripper.png,73773,6290fb3def5cc6cc0688bed1531eec193bb15e914bd882e9f3a0b2e96f28b0a2,63.5011482,24.1874485
579,580,G0116__S05__seed_0070,G0116,Electrical_Wiring_Wire_stripper,5,picture_backed,Electrical_Wiring,seed_0070,70,#483818,/mnt/zsn/lyb/arti-skill/exp/uniform531_n5_studio_256_v1/G0116__S05__seed_0070__Electrical_Wiring_Wire_stripper.png,73668,2b52d3fe2dd873dd7a59cf360261b981d070818ceb8fbf34ba72e0e083008aa6,63.7019653,25.0290203
580,581,G0117__S01__seed_0019,G0117,elevator_shaft,1,builtin_no_picture,builtin_no_picture,seed_0019,22,#18d858,/mnt/zsn/lyb/arti-skill/exp/uniform531_n5_studio_256_v1/G0117__S01__seed_0019__elevator_shaft.png,90155,e4a99bbe23317df49a71190f53ef6546978f9225599cd0c2e675b2dec80f7349,-36.019352,-18.7481346
581,582,G0117__S02__seed_0115,G0117,elevator_shaft,2,builtin_no_picture,builtin_no_picture,seed_0115,128,#18d858,/mnt/zsn/lyb/arti-skill/exp/uniform531_n5_studio_256_v1/G0117__S02__seed_0115__elevator_shaft.png,85215,5b2e758cb2180a38eefb2b03b8c555d7dd3f0ce1b9c691dcdcd228512962ed59,-55.0369682,-5.21012068
582,583,G0117__S03__seed_0084,G0117,elevator_shaft,3,builtin_no_picture,builtin_no_picture,seed_0084,93,#18d858,/mnt/zsn/lyb/arti-skill/exp/uniform531_n5_studio_256_v1/G0117__S03__seed_0084__elevator_shaft.png,84967,d2a0e4ab7812f2a88c80dc6bbe4a94b0759ab0cf0d4c1142537b72508be78efe,-36.3886909,-19.1360016
583,584,G0117__S04__seed_0032,G0117,elevator_shaft,4,builtin_no_picture,builtin_no_picture,seed_0032,36,#18d858,/mnt/zsn/lyb/arti-skill/exp/uniform531_n5_studio_256_v1/G0117__S04__seed_0032__elevator_shaft.png,84839,d0bc695939c9a0bd92296ed79a3d35366daa9559f7308da27539511b046b7a1e,-40.4390488,-15.5946827
584,585,G0117__S05__seed_0163,G0117,elevator_shaft,5,builtin_no_picture,builtin_no_picture,seed_0163,178,#18d858,/mnt/zsn/lyb/arti-skill/exp/uniform531_n5_studio_256_v1/G0117__S05__seed_0163__elevator_shaft.png,90526,156e8d548bde0a296dee7e6880cf8eb41e292c09bdf9c6df12387a201592e704,-36.0374565,-18.7136955
585,586,G0118__S01__seed_0043,G0118,emergency_exit_door,1,picture_backed,Emergency Equipment,seed_0043,47,#78b8e8,/mnt/zsn/lyb/arti-skill/exp/uniform531_n5_studio_256_v1/G0118__S01__seed_0043__emergency_exit_door.png,81254,aa039584aa2fd8c63c816de1598842e5ac67b87e03f74d0fa1ff7b0afd4e4f5e,-49.6863632,-38.3614082
586,587,G0118__S02__seed_0111,G0118,emergency_exit_door,2,picture_backed,Emergency Equipment,seed_0111,119,#78b8e8,/mnt/zsn/lyb/arti-skill/exp/uniform531_n5_studio_256_v1/G0118__S02__seed_0111__emergency_exit_door.png,79783,217e9c752cd28def4a770c0357ad3123ef9b1bea395aecac62e230dca2289d05,-48.1631012,-38.5412407
587,588,G0118__S03__seed_0033,G0118,emergency_exit_door,3,picture_backed,Emergency Equipment,seed_0033,36,#78b8e8,/mnt/zsn/lyb/arti-skill/exp/uniform531_n5_studio_256_v1/G0118__S03__seed_0033__emergency_exit_door.png,79945,5e4f8bdc800d1110c136f2ff860b7c7cdc024fbe8b1f999278970ca00d7cfb11,-43.7620506,-39.7894669
588,589,G0118__S04__seed_0072,G0118,emergency_exit_door,4,picture_backed,Emergency Equipment,seed_0072,77,#78b8e8,/mnt/zsn/lyb/arti-skill/exp/uniform531_n5_studio_256_v1/G0118__S04__seed_0072__emergency_exit_door.png,72911,dbd4b132646b9dc74243a1dc699234c30c0a26615bf428e7d0efc7c42507a2bd,-46.9223404,-36.6531487
589,590,G0118__S05__seed_0092,G0118,emergency_exit_door,5,picture_backed,Emergency Equipment,seed_0092,100,#78b8e8,/mnt/zsn/lyb/arti-skill/exp/uniform531_n5_studio_256_v1/G0118__S05__seed_0092__emergency_exit_door.png,84458,bc95625e90a7eb799c7a867d4deeb9ed257e7c9381ec7df364f27aae10e1f975,-48.7187843,-38.4238663
590,591,G0119__S01__seed_1262,G0119,Equipment_Control_panel,1,picture_backed,Equipment,seed_1262,1617,#a82888,/mnt/zsn/lyb/arti-skill/exp/uniform531_n5_studio_256_v1/G0119__S01__seed_1262__Equipment_Control_panel.png,71004,d30907df61af515b758e2443e10f45321ce5b7ae81314185de1c68241257a81f,53.219101,-9.58523941
591,592,G0119__S02__seed_2292,G0119,Equipment_Control_panel,2,picture_backed,Equipment,seed_2292,2884,#a82888,/mnt/zsn/lyb/arti-skill/exp/uniform531_n5_studio_256_v1/G0119__S02__seed_2292__Equipment_Control_panel.png,82824,ab5f1ccf0a5308e64264465cb0104106fdb00bcfcd706bd8a2311216c0516045,-32.0713768,-29.4753151
592,593,G0119__S03__seed_2577,G0119,Equipment_Control_panel,3,picture_backed,Equipment,seed_2577,3243,#a82888,/mnt/zsn/lyb/arti-skill/exp/uniform531_n5_studio_256_v1/G0119__S03__seed_2577__Equipment_Control_panel.png,80959,12e6ec30b5cff58a65db881f3b45129b69c28d97df68442d4bf4e608720f92d0,-21.5386486,-33.8187828
593,594,G0119__S04__seed_0960,G0119,Equipment_Control_panel,4,picture_backed,Equipment,seed_0960,1239,#a82888,/mnt/zsn/lyb/arti-skill/exp/uniform531_n5_studio_256_v1/G0119__S04__seed_0960__Equipment_Control_panel.png,80329,faffb3db4ab8d9ed44e49e09b5f574fb7c1cdacc29555f099f911a597755b505,-32.0143852,-29.3613834
594,595,G0119__S05__seed_2008,G0119,Equipment_Control_panel,5,picture_backed,Equipment,seed_2008,2544,#a82888,/mnt/zsn/lyb/arti-skill/exp/uniform531_n5_studio_256_v1/G0119__S05__seed_2008__Equipment_Control_panel.png,80575,f07108f33fc321064fd8aa5dafa93a0e499474db2e2b38aebecfc5e8652e757e,-20.695322,-32.0208473
595,596,G0120__S01__seed_0006,G0120,Equipment_Game_console,1,picture_backed,Equipment,seed_0006,6,#783878,/mnt/zsn/lyb/arti-skill/exp/uniform531_n5_studio_256_v1/G0120__S01__seed_0006__Equipment_Game_console.png,76115,2e29663f49a3a358c370093b4d0cd1421f9bc3eaf75efa332f25b67cb33c0c29,-34.0598068,-26.5967731
596,597,G0120__S02__seed_0048,G0120,Equipment_Game_console,2,picture_backed,Equipment,seed_0048,55,#783878,/mnt/zsn/lyb/arti-skill/exp/uniform531_n5_studio_256_v1/G0120__S02__seed_0048__Equipment_Game_console.png,89846,9324cc825d36bcdc0b009ce6513e4cb21d4df5866a203451e1b40c6ebfd96cf5,-16.9678974,0.187109679
597,598,G0120__S03__seed_0035,G0120,Equipment_Game_console,3,picture_backed,Equipment,seed_0035,39,#783878,/mnt/zsn/lyb/arti-skill/exp/uniform531_n5_studio_256_v1/G0120__S03__seed_0035__Equipment_Game_console.png,88617,b5dd5d7c9d1a6d6a17dc702f1bf993736683e19f7953b3290ee04cc55473fba4,-32.7218552,-26.1593285
598,599,G0120__S04__seed_0002,G0120,Equipment_Game_console,4,picture_backed,Equipment,seed_0002,2,#783878,/mnt/zsn/lyb/arti-skill/exp/uniform531_n5_studio_256_v1/G0120__S04__seed_0002__Equipment_Game_console.png,84844,0594851ad9a06b2764ea3b2f7d83e7f4b522534702e468c07732327c89d7ca0f,-16.8695965,0.272347391
599,600,G0120__S05__seed_0044,G0120,Equipment_Game_console,5,picture_backed,Equipment,seed_0044,50,#783878,/mnt/zsn/lyb/arti-skill/exp/uniform531_n5_studio_256_v1/G0120__S05__seed_0044__Equipment_Game_console.png,89262,77476c83cd5d207ac52b128a0c3138adaa4528a51d3e94a1ae0163aa990faa02,-27.1573887,5.54123259
600,601,G0121__S01__seed_0167,G0121,Equipment_LED_work_light,1,picture_backed,Equipment,seed_0167,203,#e84858,/mnt/zsn/lyb/arti-skill/exp/uniform531_n5_studio_256_v1/G0121__S01__seed_0167__Equipment_LED_work_light.png,79443,fb60a0f9f58ff8c852f9c806917467f6f8ebd703073f87ff6306aeeffd87d447,7.03593826,35.2215347
601,602,G0121__S02__seed_1510,G0121,Equipment_LED_work_light,2,picture_backed,Equipment,seed_1510,1816,#e84858,/mnt/zsn/lyb/arti-skill/exp/uniform531_n5_studio_256_v1/G0121__S02__seed_1510__Equipment_LED_work_light.png,81044,0fcceb07cafd9979ced257e858b379c6c464408698b144802f7ebfecb2fecc9d,7.16182137,35.1913452
602,603,G0121__S03__seed_1089,G0121,Equipment_LED_work_light,3,picture_backed,Equipment,seed_1089,1324,#e84858,/mnt/zsn/lyb/arti-skill/exp/uniform531_n5_studio_256_v1/G0121__S03__seed_1089__Equipment_LED_work_light.png,80230,593cfdb394e2a23062148328793291b25e098feeeae25ecb24d1a16125e2e2dd,9.1439867,34.6750832
603,604,G0121__S04__seed_1680,G0121,Equipment_LED_work_light,4,picture_backed,Equipment,seed_1680,2018,#e84858,/mnt/zsn/lyb/arti-skill/exp/uniform531_n5_studio_256_v1/G0121__S04__seed_1680__Equipment_LED_work_light.png,81558,bb8b82d46f95c242bfa46f63e2f5cff0907362e1714b86116f12c3f3cb48c295,6.073596,35.5013046
604,605,G0121__S05__seed_0138,G0121,Equipment_LED_work_light,5,picture_backed,Equipment,seed_0138,169,#e84858,/mnt/zsn/lyb/arti-skill/exp/uniform531_n5_studio_256_v1/G0121__S05__seed_0138__Equipment_LED_work_light.png,79810,96064b15f0ac2ea9ef25b0a48f4f354665c503f054082986adaa906bc2c9c6a2,8.05094814,35.0463181
605,606,G0122__S01__seed_0003,G0122,Equipment_Lock,1,picture_backed,Equipment,seed_0003,3,#6898d8,/mnt/zsn/lyb/arti-skill/exp/uniform531_n5_studio_256_v1/G0122__S01__seed_0003__Equipment_Lock.png,75129,2af63cc62afeb5d2aed0541ccaa42e917fda23ef19e0aef437f6f374172703fd,21.7252903,-17.3174686
606,607,G0122__S02__seed_0014,G0122,Equipment_Lock,2,picture_backed,Equipment,seed_0014,14,#6898d8,/mnt/zsn/lyb/arti-skill/exp/uniform531_n5_studio_256_v1/G0122__S02__seed_0014__Equipment_Lock.png,78052,f6df43c6b62462655d9f8cd8b4651f14aa2567da1e09890315395f615b705f99,21.7567043,-17.3240528
607,608,G0122__S03__seed_0015,G0122,Equipment_Lock,3,picture_backed,Equipment,seed_0015,15,#6898d8,/mnt/zsn/lyb/arti-skill/exp/uniform531_n5_studio_256_v1/G0122__S03__seed_0015__Equipment_Lock.png,73644,ad0c7ffb2150101560a4dac00e186e8410067ac908ae37d249c1dc4c28cee736,21.6027641,-17.3299046
608,609,G0122__S04__seed_0011,G0122,Equipment_Lock,4,picture_backed,Equipment,seed_0011,11,#6898d8,/mnt/zsn/lyb/arti-skill/exp/uniform531_n5_studio_256_v1/G0122__S04__seed_0011__Equipment_Lock.png,77487,c0a027e0e2c52669f25d9aac753f6bcb97e08d33d2fa785879d4b0200b29b4a4,20.9152641,-17.4410706
609,610,G0122__S05__seed_0012,G0122,Equipment_Lock,5,picture_backed,Equipment,seed_0012,12,#6898d8,/mnt/zsn/lyb/arti-skill/exp/uniform531_n5_studio_256_v1/G0122__S05__seed_0012__Equipment_Lock.png,75562,7b7d38643509a6484e45370c6fe8bf2d6fbd1945aae513a1421693b2fe55e30e,-29.5756969,-32.9109344
610,611,G0123__S01__seed_0059,G0123,Equipment_Pipeline,1,picture_backed,Equipment,seed_0059,100,#684848,/mnt/zsn/lyb/arti-skill/exp/uniform531_n5_studio_256_v1/G0123__S01__seed_0059__Equipment_Pipeline.png,75593,07f66ff29e6177ffba0b8aa8ad066ceef7589c8163e568ea9ee3a49c49967761,15.5848713,-46.6707191
611,612,G0123__S02__seed_0448,G0123,Equipment_Pipeline,2,picture_backed,Equipment,seed_0448,712,#684848,/mnt/zsn/lyb/arti-skill/exp/uniform531_n5_studio_256_v1/G0123__S02__seed_0448__Equipment_Pipeline.png,86193,5630c94cb49b73d13305e512b8e87970d3834fc33874f32325895927fded82d6,17.2014542,-9.81689835
612,613,G0123__S03__seed_0043,G0123,Equipment_Pipeline,3,picture_backed,Equipment,seed_0043,70,#684848,/mnt/zsn/lyb/arti-skill/exp/uniform531_n5_studio_256_v1/G0123__S03__seed_0043__Equipment_Pipeline.png,80338,f867c43d27b4658b6344764cea31738964c4452e4b493e0303adc2f82d6f051b,28.7926064,-7.07150078
613,614,G0123__S04__seed_0089,G0123,Equipment_Pipeline,4,picture_backed,Equipment,seed_0089,154,#684848,/mnt/zsn/lyb/arti-skill/exp/uniform531_n5_studio_256_v1/G0123__S04__seed_0089__Equipment_Pipeline.png,82474,aa24e6dcfb9e478fe85bc5051501cf79d988b7e8e7a2ea961a928b86cc3c73ff,17.291029,-9.80462265
614,615,G0123__S05__seed_0223,G0123,Equipment_Pipeline,5,picture_backed,Equipment,seed_0223,367,#684848,/mnt/zsn/lyb/arti-skill/exp/uniform531_n5_studio_256_v1/G0123__S05__seed_0223__Equipment_Pipeline.png,76853,b1d1ee28bd3494e9056b56bb8d97bcfb2ca43d915b0c4185cf9efc4fb17b04ea,29.3206482,-6.66971445
615,616,G0124__S01__seed_0001,G0124,Equipment_Power_switch,1,picture_backed,Equipment,seed_0001,1,#e898b8,/mnt/zsn/lyb/arti-skill/exp/uniform531_n5_studio_256_v1/G0124__S01__seed_0001__Equipment_Power_switch.png,77456,5dd528f44fec45bb4987be83d2d513cabce9cca468bc79473e87a8b142c4b9ae,7.67638206,19.8293362
616,617,G0124__S02__seed_0024,G0124,Equipment_Power_switch,2,picture_backed,Equipment,seed_0024,27,#e898b8,/mnt/zsn/lyb/arti-skill/exp/uniform531_n5_studio_256_v1/G0124__S02__seed_0024__Equipment_Power_switch.png,76088,48c5c9369bb8aa2ed42f6fa57ef04ed498a8753a009da668133942ca2624eef6,7.6894722,19.8800507
617,618,G0124__S03__seed_0025,G0124,Equipment_Power_switch,3,picture_backed,Equipment,seed_0025,28,#e898b8,/mnt/zsn/lyb/arti-skill/exp/uniform531_n5_studio_256_v1/G0124__S03__seed_0025__Equipment_Power_switch.png,88823,044f3e52b7f34f2bbf59b5a026b0e6390e084e2f951c6bb73d6f2477e920c7ac,-19.1674805,-2.64344144
618,619,G0124__S04__seed_0011,G0124,Equipment_Power_switch,4,picture_backed,Equipment,seed_0011,13,#e898b8,/mnt/zsn/lyb/arti-skill/exp/uniform531_n5_studio_256_v1/G0124__S04__seed_0011__Equipment_Power_switch.png,72961,e879466620aeb30b6066e7b241aa8aaf23df560e4464f396268c9090c9fe89f1,-11.2704773,4.5039978
619,620,G0124__S05__seed_0009,G0124,Equipment_Power_switch,5,picture_backed,Equipment,seed_0009,10,#e898b8,/mnt/zsn/lyb/arti-skill/exp/uniform531_n5_studio_256_v1/G0124__S05__seed_0009__Equipment_Power_switch.png,78308,69c1dc7e2f5c27a6a6c4f883631668c923a73c3122c489c34f76139a7f02b429,-8.78448391,6.27423763
620,621,G0125__S01__seed_0341,G0125,Equipment_Pump2,1,picture_backed,Equipment,seed_0341,395,#c87888,/mnt/zsn/lyb/arti-skill/exp/uniform531_n5_studio_256_v1/G0125__S01__seed_0341__Equipment_Pump2.png,78997,961b1643d056c812cb7ce030e8fe53fbf252977900e58d9204e5bf3815830e58,16.6923218,-46.2388306
621,622,G0125__S02__seed_0052,G0125,Equipment_Pump2,2,picture_backed,Equipment,seed_0052,60,#c87888,/mnt/zsn/lyb/arti-skill/exp/uniform531_n5_studio_256_v1/G0125__S02__seed_0052__Equipment_Pump2.png,80395,fdf67dd450a1d11e0c10f672c4a36fc4a4a6b2773bd703ae160510d178decbfa,17.2900257,-46.4824409
622,623,G0125__S03__seed_0831,G0125,Equipment_Pump2,3,picture_backed,Equipment,seed_0831,958,#c87888,/mnt/zsn/lyb/arti-skill/exp/uniform531_n5_studio_256_v1/G0125__S03__seed_0831__Equipment_Pump2.png,78860,870627942a49f292dc0d90ca457c3e18762ac8cd8c2f708d5c823ef5dd269640,16.9948997,-47.0715561
623,624,G0125__S04__seed_0276,G0125,Equipment_Pump2,4,picture_backed,Equipment,seed_0276,320,#c87888,/mnt/zsn/lyb/arti-skill/exp/uniform531_n5_studio_256_v1/G0125__S04__seed_0276__Equipment_Pump2.png,78367,2d832aa109038b713b2a4e150f79cc52f7e8abf0f328ee0c520c394361a88207,16.8659363,-46.8870392
624,625,G0125__S05__seed_0833,G0125,Equipment_Pump2,5,picture_backed,Equipment,seed_0833,960,#c87888,/mnt/zsn/lyb/arti-skill/exp/uniform531_n5_studio_256_v1/G0125__S05__seed_0833__Equipment_Pump2.png,80815,2b922f5d4c0c728bdc54def694c99c2a2e8f62241f99514752abfa5d45708188,16.6768417,-46.2867889
625,626,G0126__S01__seed_0010,G0126,fabric_scissors,1,picture_backed,Textiles_Fabric,seed_0010,10,#1858a8,/mnt/zsn/lyb/arti-skill/exp/uniform531_n5_studio_256_v1/G0126__S01__seed_0010__fabric_scissors.png,72431,8d4f6bb101fca40eae6aa87876124f8e5e628d672711d43a55d68e6c4ca0d850,69.1868362,24.2496357
626,627,G0126__S02__seed_0029,G0126,fabric_scissors,2,picture_backed,Textiles_Fabric,seed_0029,29,#1858a8,/mnt/zsn/lyb/arti-skill/exp/uniform531_n5_studio_256_v1/G0126__S02__seed_0029__fabric_scissors.png,70951,be9c1ad68ae7911ef0125c1dd8c31817c7eb105ef5f680a7c6e20e5055ca6a15,68.7748947,23.6210518
627,628,G0126__S03__seed_0006,G0126,fabric_scissors,3,picture_backed,Textiles_Fabric,seed_0006,6,#1858a8,/mnt/zsn/lyb/arti-skill/exp/uniform531_n5_studio_256_v1/G0126__S03__seed_0006__fabric_scissors.png,71571,c1959d06aa0e941489a37cbd195e45fefe9f3f80d0fcd19d61b4928a318ea5da,69.4651184,24.1461945
628,629,G0126__S04__seed_0002,G0126,fabric_scissors,4,picture_backed,Textiles_Fabric,seed_0002,2,#1858a8,/mnt/zsn/lyb/arti-skill/exp/uniform531_n5_studio_256_v1/G0126__S04__seed_0002__fabric_scissors.png,71792,8836d9e398f1f18b47e015a85405c9c23009b19d752966f4106d613eb2c1c142,66.7177658,21.5499115
629,630,G0126__S05__seed_0037,G0126,fabric_scissors,5,picture_backed,Textiles_Fabric,seed_0037,37,#1858a8,/mnt/zsn/lyb/arti-skill/exp/uniform531_n5_studio_256_v1/G0126__S05__seed_0037__fabric_scissors.png,73843,9296a465f3eae4355b62f97684f7ab1c509bedee476ce328c7a39f6d2cdc43d8,69.4023285,25.3394928
630,631,G0127__S01__seed_0226,G0127,Facade_Element_Air_conditioner_outdoor_unit,1,picture_backed,Facade Element,seed_0226,226,#886868,/mnt/zsn/lyb/arti-skill/exp/uniform531_n5_studio_256_v1/G0127__S01__seed_0226__Facade_Element_Air_conditioner_outdoor_unit.png,87430,6eedbccbd7d8355e3e9beeb5c52394555bdae5d68339278991149624a87cde66,-48.0745468,-1.91158748
631,632,G0127__S02__seed_0152,G0127,Facade_Element_Air_conditioner_outdoor_unit,2,picture_backed,Facade Element,seed_0152,152,#886868,/mnt/zsn/lyb/arti-skill/exp/uniform531_n5_studio_256_v1/G0127__S02__seed_0152__Facade_Element_Air_conditioner_outdoor_unit.png,87660,542bf9ead5b806c69dc1d8b554b72902f43f8e31b947e2aba07905eb041b7a7c,2.67001295,-9.7169075
632,633,G0127__S03__seed_0336,G0127,Facade_Element_Air_conditioner_outdoor_unit,3,picture_backed,Facade Element,seed_0336,337,#886868,/mnt/zsn/lyb/arti-skill/exp/uniform531_n5_studio_256_v1/G0127__S03__seed_0336__Facade_Element_Air_conditioner_outdoor_unit.png,83633,33627c2706b1a8195aef57b4cf86f4ddad410772957a51e2f8d990af66865cf8,-48.6847038,-2.16764712
633,634,G0127__S04__seed_0250,G0127,Facade_Element_Air_conditioner_outdoor_unit,4,picture_backed,Facade Element,seed_0250,251,#886868,/mnt/zsn/lyb/arti-skill/exp/uniform531_n5_studio_256_v1/G0127__S04__seed_0250__Facade_Element_Air_conditioner_outdoor_unit.png,85837,74cfeae3a73bceaf11e1e54c68f2609c9e7954a342c39c3af05806ebde92d034,-48.8395004,-2.28013277
634,635,G0127__S05__seed_0294,G0127,Facade_Element_Air_conditioner_outdoor_unit,5,picture_backed,Facade Element,seed_0294,295,#886868,/mnt/zsn/lyb/arti-skill/exp/uniform531_n5_studio_256_v1/G0127__S05__seed_0294__Facade_Element_Air_conditioner_outdoor_unit.png,85374,8b2b902f0b1b657477317430c01813600460ddbaf423ad05ff76040839d1497c,2.66775703,-9.81705379
635,636,G0128__S01__seed_0077,G0128,Facade_Element_Gutter_downchain,1,picture_backed,Facade Element,seed_0077,95,#c818e8,/mnt/zsn/lyb/arti-skill/exp/uniform531_n5_studio_256_v1/G0128__S01__seed_0077__Facade_Element_Gutter_downchain.png,70579,12178947ffe717128726b1a725c97cab2e02aaa0c0181e6a0606b659441ee792,55.6228294,-12.6618605
636,637,G0128__S02__seed_0408,G0128,Facade_Element_Gutter_downchain,2,picture_backed,Facade Element,seed_0408,490,#c818e8,/mnt/zsn/lyb/arti-skill/exp/uniform531_n5_studio_256_v1/G0128__S02__seed_0408__Facade_Element_Gutter_downchain.png,72368,b30c8cf554c4e1ff0820ef329016d9db42d67d078d59b55649c7d20cd2131993,55.7866707,-13.0098801
637,638,G0128__S03__seed_0652,G0128,Facade_Element_Gutter_downchain,3,picture_backed,Facade Element,seed_0652,768,#c818e8,/mnt/zsn/lyb/arti-skill/exp/uniform531_n5_studio_256_v1/G0128__S03__seed_0652__Facade_Element_Gutter_downchain.png,74418,480e9bf992ad68d10878998ebbf7c7aaf20a932be44c655f13dac6594ab74c95,55.2091827,-13.2321243
638,639,G0128__S04__seed_0054,G0128,Facade_Element_Gutter_downchain,4,picture_backed,Facade Element,seed_0054,66,#c818e8,/mnt/zsn/lyb/arti-skill/exp/uniform531_n5_studio_256_v1/G0128__S04__seed_0054__Facade_Element_Gutter_downchain.png,71563,f09b2580b7d8147f0b301a59f9ce81cd840b8a37c15ae86055ba5bf345852f4f,55.2677307,-12.9120302
639,640,G0128__S05__seed_0369,G0128,Facade_Element_Gutter_downchain,5,picture_backed,Facade Element,seed_0369,448,#c818e8,/mnt/zsn/lyb/arti-skill/exp/uniform531_n5_studio_256_v1/G0128__S05__seed_0369__Facade_Element_Gutter_downchain.png,69758,129052d1e3e6b1be7f778e86eda09583286015d62a220d23924fd21db01e80dc,55.9836426,-12.4246025
640,641,G0129__S01__seed_0351,G0129,Facade_Element_Lamp1,1,picture_backed,Facade Element,seed_0351,353,#e84898,/mnt/zsn/lyb/arti-skill/exp/uniform531_n5_studio_256_v1/G0129__S01__seed_0351__Facade_Element_Lamp1.png,85078,c660c54d4ace9d4b27f75f19b4dc4413650eeae2fac1da42b955d020b4b9073f,5.7485218,-33.8150024
641,642,G0129__S02__seed_0499,G0129,Facade_Element_Lamp1,2,picture_backed,Facade Element,seed_0499,503,#e84898,/mnt/zsn/lyb/arti-skill/exp/uniform531_n5_studio_256_v1/G0129__S02__seed_0499__Facade_Element_Lamp1.png,83504,60d42b3c9e6eee7cc221d53978201515bff414aee25e65b6578f2be81cd50558,6.37283039,-33.3046875
642,643,G0129__S03__seed_0246,G0129,Facade_Element_Lamp1,3,picture_backed,Facade Element,seed_0246,247,#e84898,/mnt/zsn/lyb/arti-skill/exp/uniform531_n5_studio_256_v1/G0129__S03__seed_0246__Facade_Element_Lamp1.png,85904,f3ba5c6ee1db584dcd93a006c88a690fd7ca104a903435b88b7ef19fdccebc53,5.92648697,-33.7366676
643,644,G0129__S04__seed_0494,G0129,Facade_Element_Lamp1,4,picture_backed,Facade Element,seed_0494,498,#e84898,/mnt/zsn/lyb/arti-skill/exp/uniform531_n5_studio_256_v1/G0129__S04__seed_0494__Facade_Element_Lamp1.png,85139,7996b9431486f1cf7519367ad2915e3e82c51d155c78c0ce83319ed77dcbbfa9,6.81081152,-33.1393967
644,645,G0129__S05__seed_0146,G0129,Facade_Element_Lamp1,5,picture_backed,Facade Element,seed_0146,147,#e84898,/mnt/zsn/lyb/arti-skill/exp/uniform531_n5_studio_256_v1/G0129__S05__seed_0146__Facade_Element_Lamp1.png,78646,352d7fd5ff9741b27235ca315c163979bc0df99bf3e64fa1143397efb4e6bfe8,6.46550608,-32.8227386
645,646,G0130__S01__seed_0214,G0130,Fence_Cascade_fences_MORE_THAN_1,1,picture_backed,Fence,seed_0214,214,#88b8b8,/mnt/zsn/lyb/arti-skill/exp/uniform531_n5_studio_256_v1/G0130__S01__seed_0214__Fence_Cascade_fences_MORE_THAN_1.png,69707,1d259bdb6f27ede1f38b76fefcee4e2fd0d3aeb24092776327c9e948ae3b6e43,37.0628128,23.4242897
646,647,G0130__S02__seed_0155,G0130,Fence_Cascade_fences_MORE_THAN_1,2,picture_backed,Fence,seed_0155,155,#88b8b8,/mnt/zsn/lyb/arti-skill/exp/uniform531_n5_studio_256_v1/G0130__S02__seed_0155__Fence_Cascade_fences_MORE_THAN_1.png,67239,0f0abc68bb7ebcf228235496fc01988f2987ba976cf1cb3d36eb1369f9fc652e,50.3519402,14.6584234
647,648,G0130__S03__seed_0233,G0130,Fence_Cascade_fences_MORE_THAN_1,3,picture_backed,Fence,seed_0233,233,#88b8b8,/mnt/zsn/lyb/arti-skill/exp/uniform531_n5_studio_256_v1/G0130__S03__seed_0233__Fence_Cascade_fences_MORE_THAN_1.png,65593,ccaa28356a2094b869dc24b0a9600ae3c282bf9be7f50d3ed760b1103c364191,50.5819855,15.2646523
648,649,G0130__S04__seed_0013,G0130,Fence_Cascade_fences_MORE_THAN_1,4,picture_backed,Fence,seed_0013,1,#88b8b8,/mnt/zsn/lyb/arti-skill/exp/uniform531_n5_studio_256_v1/G0130__S04__seed_0013__Fence_Cascade_fences_MORE_THAN_1.png,64054,efea04fd3093790e81081fb06a78861ac824823c2b2d91356022572490dc07b8,49.5548134,15.8233271
649,650,G0130__S05__seed_0059,G0130,Fence_Cascade_fences_MORE_THAN_1,5,picture_backed,Fence,seed_0059,59,#88b8b8,/mnt/zsn/lyb/arti-skill/exp/uniform531_n5_studio_256_v1/G0130__S05__seed_0059__Fence_Cascade_fences_MORE_THAN_1.png,67434,b56f8b98e2c4225671aeb6636ec017e8cafd1c82618aea37790416afdce1bf4a,37.07444,23.4616337
650,651,G0131__S01__seed_0909,G0131,ferris_wheel,1,builtin_no_picture,builtin_no_picture,seed_0909,952,#18d8b8,/mnt/zsn/lyb/arti-skill/exp/uniform531_n5_studio_256_v1/G0131__S01__seed_0909__ferris_wheel.png,88285,5e3f2aed956cd7c9de1a6540dccb0aeeb4f22555323aae1b65604c531dc5fb00,6.65708208,-9.9086113
651,652,G0131__S02__seed_0296,G0131,ferris_wheel,2,builtin_no_picture,builtin_no_picture,seed_0296,315,#18d8b8,/mnt/zsn/lyb/arti-skill/exp/uniform531_n5_studio_256_v1/G0131__S02__seed_0296__ferris_wheel.png,91729,e70a960fdb6e97dc664c1b5bea63c3aa243931f5cf2c87c6c4df217633ca35e2,6.66299677,-9.94259167
652,653,G0131__S03__seed_1010,G0131,ferris_wheel,3,builtin_no_picture,builtin_no_picture,seed_1010,1056,#18d8b8,/mnt/zsn/lyb/arti-skill/exp/uniform531_n5_studio_256_v1/G0131__S03__seed_1010__ferris_wheel.png,90931,cfaebc9e657956b8317fc6167e3d3341f97301586fc9cd30a2452b12b9799f55,6.43572474,-10.2812862
653,654,G0131__S04__seed_1113,G0131,ferris_wheel,4,builtin_no_picture,builtin_no_picture,seed_1113,1166,#18d8b8,/mnt/zsn/lyb/arti-skill/exp/uniform531_n5_studio_256_v1/G0131__S04__seed_1113__ferris_wheel.png,98119,3d6114eeb707f624a00bc8edd2b1cb9dd4223af43501f70f9824e67cc82b2154,6.38281679,-10.4315233
654,655,G0131__S05__seed_0338,G0131,ferris_wheel,5,builtin_no_picture,builtin_no_picture,seed_0338,359,#18d8b8,/mnt/zsn/lyb/arti-skill/exp/uniform531_n5_studio_256_v1/G0131__S05__seed_0338__ferris_wheel.png,92685,0fce1f3fae1b90dc661b90046319ead6d71bffbbb5314e6cc2b03709072de295,6.39777565,-10.5904675
655,656,G0132__S01__seed_0392,G0132,fingerlike_phalanx_chain,1,builtin_no_picture,builtin_no_picture,seed_0392,392,#789818,/mnt/zsn/lyb/arti-skill/exp/uniform531_n5_studio_256_v1/G0132__S01__seed_0392__fingerlike_phalanx_chain.png,78966,dec73112f5ec7074f5ee9dc2f5615ee2d95be282aa937fc0396d592129e910bc,-4.25980234,12.5862627
656,657,G0132__S02__seed_0098,G0132,fingerlike_phalanx_chain,2,builtin_no_picture,builtin_no_picture,seed_0098,98,#789818,/mnt/zsn/lyb/arti-skill/exp/uniform531_n5_studio_256_v1/G0132__S02__seed_0098__fingerlike_phalanx_chain.png,76705,fdc9e3d462453d84a78362d57a8cb1185d5e47bd40239f7a075d47f8d5fdd778,-4.37100983,13.3533573
657,658,G0132__S03__seed_0193,G0132,fingerlike_phalanx_chain,3,builtin_no_picture,builtin_no_picture,seed_0193,193,#789818,/mnt/zsn/lyb/arti-skill/exp/uniform531_n5_studio_256_v1/G0132__S03__seed_0193__fingerlike_phalanx_chain.png,79275,9ea9c238450674524f76e94ade0ccca55a021f0f780861ce86dec210e4d20331,-4.39747095,12.6328011
658,659,G0132__S04__seed_0058,G0132,fingerlike_phalanx_chain,4,builtin_no_picture,builtin_no_picture,seed_0058,58,#789818,/mnt/zsn/lyb/arti-skill/exp/uniform531_n5_studio_256_v1/G0132__S04__seed_0058__fingerlike_phalanx_chain.png,79660,74f8f405eff26cf6659b1d61e6f644f057ebcae3cdbe5cbc7a4c9c597747c669,-4.53408241,13.1511211
659,660,G0132__S05__seed_0135,G0132,fingerlike_phalanx_chain,5,builtin_no_picture,builtin_no_picture,seed_0135,135,#789818,/mnt/zsn/lyb/arti-skill/exp/uniform531_n5_studio_256_v1/G0132__S05__seed_0135__fingerlike_phalanx_chain.png,75556,7706bfecfe36dc57fc25f223489cad97043cd54228346636a38b300be3083595,-3.921556,13.0760918
660,661,G0133__S01__seed_0084,G0133,fire_escape_ladder,1,picture_backed,Emergency Equipment,seed_0084,97,#d858e8,/mnt/zsn/lyb/arti-skill/exp/uniform531_n5_studio_256_v1/G0133__S01__seed_0084__fire_escape_ladder.png,69671,d38497839316901037d294b47858c45b5da328c46809365f01ab4e2afaba9843,54.6259918,-6.98517704
661,662,G0133__S02__seed_0063,G0133,fire_escape_ladder,2,picture_backed,Emergency Equipment,seed_0063,73,#d858e8,/mnt/zsn/lyb/arti-skill/exp/uniform531_n5_studio_256_v1/G0133__S02__seed_0063__fire_escape_ladder.png,73056,a65ebc97b87237da0eeda4485eeb7743d8e33ac05cc08534f3d950fe75ce43d0,54.4352875,-6.85086346
662,663,G0133__S03__seed_0051,G0133,fire_escape_ladder,3,picture_backed,Emergency Equipment,seed_0051,60,#d858e8,/mnt/zsn/lyb/arti-skill/exp/uniform531_n5_studio_256_v1/G0133__S03__seed_0051__fire_escape_ladder.png,79754,6ea5eae877407e3033f65af04cdb16e642641add4a34ecbcd9c1a2587e2509a8,24.34939,28.9467106
663,664,G0133__S04__seed_0050,G0133,fire_escape_ladder,4,picture_backed,Emergency Equipment,seed_0050,59,#d858e8,/mnt/zsn/lyb/arti-skill/exp/uniform531_n5_studio_256_v1/G0133__S04__seed_0050__fire_escape_ladder.png,74536,af24f39a1ff79c5768c822a05bfe42108050c247c1aec5ce35ae683f4f660dbf,25.0025005,28.6644421
664,665,G0133__S05__seed_0005,G0133,fire_escape_ladder,5,picture_backed,Emergency Equipment,seed_0005,6,#d858e8,/mnt/zsn/lyb/arti-skill/exp/uniform531_n5_studio_256_v1/G0133__S05__seed_0005__fire_escape_ladder.png,79392,cff53f1ef3b9a13f763fcbf359d42bce19dcd1760ad11cbe4ff7156f99e5b606,25.0596771,28.6375809
665,666,G0134__S01__seed_0054,G0134,folding_arm_chain,1,builtin_no_picture,builtin_no_picture,seed_0054,54,#68a898,/mnt/zsn/lyb/arti-skill/exp/uniform531_n5_studio_256_v1/G0134__S01__seed_0054__folding_arm_chain.png,71109,008c796072834b6dadd1680d2cd6df87e88f3b89b60f280601f593a122bde9dd,36.897728,19.1933517
666,667,G0134__S02__seed_0026,G0134,folding_arm_chain,2,builtin_no_picture,builtin_no_picture,seed_0026,26,#68a898,/mnt/zsn/lyb/arti-skill/exp/uniform531_n5_studio_256_v1/G0134__S02__seed_0026__folding_arm_chain.png,68653,26204699af670e12e959e3b8a5df55b38c9a003ed34b9b7fcace62dd0ee6f8dc,36.8447304,20.4366608
667,668,G0134__S03__seed_0146,G0134,folding_arm_chain,3,builtin_no_picture,builtin_no_picture,seed_0146,146,#68a898,/mnt/zsn/lyb/arti-skill/exp/uniform531_n5_studio_256_v1/G0134__S03__seed_0146__folding_arm_chain.png,69524,fcc2d94ea51679cba1ce3357de18ebfbd2a658e746e2730ce1ae8116724d90fc,43.6188812,20.8193913
668,669,G0134__S04__seed_0085,G0134,folding_arm_chain,4,builtin_no_picture,builtin_no_picture,seed_0085,85,#68a898,/mnt/zsn/lyb/arti-skill/exp/uniform531_n5_studio_256_v1/G0134__S04__seed_0085__folding_arm_chain.png,68636,3ecc8641880e99cc9dd02fcdf81214f548bbee0b6999187b31b54903711f41b4,36.8839722,20.5758076
669,670,G0134__S05__seed_0082,G0134,folding_arm_chain,5,builtin_no_picture,builtin_no_picture,seed_0082,82,#68a898,/mnt/zsn/lyb/arti-skill/exp/uniform531_n5_studio_256_v1/G0134__S05__seed_0082__folding_arm_chain.png,72098,e8bb9e648fcd0fe4085bd2c1b8b8c186ec4604096c50b86bb478a9aceffd7ce6,36.5932922,18.298193
670,671,G0135__S01__seed_0607,G0135,folding_camp_table,1,picture_backed,Camping_Outdoor Gear,seed_0607,609,#1898c8,/mnt/zsn/lyb/arti-skill/exp/uniform531_n5_studio_256_v1/G0135__S01__seed_0607__folding_camp_table.png,90934,3bf6e67898eb20cc3d60812f5cb0f26384f80260cf1c71277293735ba98e5c5c,-34.4299965,30.162838
671,672,G0135__S02__seed_0012,G0135,folding_camp_table,2,picture_backed,Camping_Outdoor Gear,seed_0012,12,#1898c8,/mnt/zsn/lyb/arti-skill/exp/uniform531_n5_studio_256_v1/G0135__S02__seed_0012__folding_camp_table.png,83916,7a2c09a8ff30957eb538ed4c3ff5090cb5ae6147416046fcef6009a4b33a3aef,-34.5552483,30.8249378
672,673,G0135__S03__seed_0326,G0135,folding_camp_table,3,picture_backed,Camping_Outdoor Gear,seed_0326,328,#1898c8,/mnt/zsn/lyb/arti-skill/exp/uniform531_n5_studio_256_v1/G0135__S03__seed_0326__folding_camp_table.png,77928,f2437ab78edf8f23d3dffd7478f54f7762d5986daf2cf3180c4c4b622b818e75,-34.1811714,31.5055161
673,674,G0135__S04__seed_0000,G0135,folding_camp_table,4,picture_backed,Camping_Outdoor Gear,seed_0000,0,#1898c8,/mnt/zsn/lyb/arti-skill/exp/uniform531_n5_studio_256_v1/G0135__S04__seed_0000__folding_camp_table.png,80073,eaf3868b4f065cb2d90b3dd60c047ec90136e25d981551a18ebed16e1586572c,-33.8733749,30.5305061
674,675,G0135__S05__seed_0603,G0135,folding_camp_table,5,picture_backed,Camping_Outdoor Gear,seed_0603,605,#1898c8,/mnt/zsn/lyb/arti-skill/exp/uniform531_n5_studio_256_v1/G0135__S05__seed_0603__folding_camp_table.png,80308,007e638c31435bca2a44466e446aad44877cce8d822e9eef3e8df81906591aa7,-33.674305,31.0131264
675,676,G0136__S01__seed_0122,G0136,Fountain_Drick_fountain,1,picture_backed,Fountain,seed_0122,134,#4838d8,/mnt/zsn/lyb/arti-skill/exp/uniform531_n5_studio_256_v1/G0136__S01__seed_0122__Fountain_Drick_fountain.png,69492,8a03a00073323e53c760cfa8a0df6d92b797e638f40aa80f6d9c8f519dfc9afa,-4.71697474,16.8405361
676,677,G0136__S02__seed_0299,G0136,Fountain_Drick_fountain,2,picture_backed,Fountain,seed_0299,325,#4838d8,/mnt/zsn/lyb/arti-skill/exp/uniform531_n5_studio_256_v1/G0136__S02__seed_0299__Fountain_Drick_fountain.png,76300,56c95952f55248fa6ac713f4aaa737940ac4acdaeef66d62a4ae4198298a60ef,-34.7935486,-33.2627144
677,678,G0136__S03__seed_0403,G0136,Fountain_Drick_fountain,3,picture_backed,Fountain,seed_0403,439,#4838d8,/mnt/zsn/lyb/arti-skill/exp/uniform531_n5_studio_256_v1/G0136__S03__seed_0403__Fountain_Drick_fountain.png,69674,13e6a8d476cbbf679219faf3e1d329f8bef89af4212316d255d5a9500881b2eb,50.7476425,-10.7345037
678,679,G0136__S04__seed_0442,G0136,Fountain_Drick_fountain,4,picture_backed,Fountain,seed_0442,483,#4838d8,/mnt/zsn/lyb/arti-skill/exp/uniform531_n5_studio_256_v1/G0136__S04__seed_0442__Fountain_Drick_fountain.png,79840,8a560dc2555139f0c96aa9f0533a21a9f62a333802aa63df7889ffe50e0c6a99,-20.3287239,-33.9457321
679,680,G0136__S05__seed_0021,G0136,Fountain_Drick_fountain,5,picture_backed,Fountain,seed_0021,27,#4838d8,/mnt/zsn/lyb/arti-skill/exp/uniform531_n5_studio_256_v1/G0136__S05__seed_0021__Fountain_Drick_fountain.png,78906,1070cf435296537831a4a47e0c409768d14ec296235dbf8661d8e0d4621a40eb,-20.2335701,-33.9177361
680,681,G0137__S01__seed_0023,G0137,gear_assemblies,1,builtin_no_picture,builtin_no_picture,seed_0023,23,#685818,/mnt/zsn/lyb/arti-skill/exp/uniform531_n5_studio_256_v1/G0137__S01__seed_0023__gear_assemblies.png,83202,7cbd6a5b2347bd79e08ef01c701d446a92b50a1d816d582c266efdaf0f778c09,5.72394466,1.51680827
681,682,G0137__S02__seed_0006,G0137,gear_assemblies,2,builtin_no_picture,builtin_no_picture,seed_0006,6,#685818,/mnt/zsn/lyb/arti-skill/exp/uniform531_n5_studio_256_v1/G0137__S02__seed_0006__gear_assemblies.png,81213,286870881f16c8ff18520f962f5d26c40981a6fb0c1bb77b320bd3933dfb0b12,5.6745429,2.60718775
682,683,G0137__S03__seed_0011,G0137,gear_assemblies,3,builtin_no_picture,builtin_no_picture,seed_0011,11,#685818,/mnt/zsn/lyb/arti-skill/exp/uniform531_n5_studio_256_v1/G0137__S03__seed_0011__gear_assemblies.png,79202,bdd1314550c56c5f06de5237b8088969cc6595138bb27f7e5e8d498ac82569be,-0.210799217,-9.30361176
683,684,G0137__S04__seed_0014,G0137,gear_assemblies,4,builtin_no_picture,builtin_no_picture,seed_0014,14,#685818,/mnt/zsn/lyb/arti-skill/exp/uniform531_n5_studio_256_v1/G0137__S04__seed_0014__gear_assemblies.png,80164,1be55986dc3ffdb810f4985c74615ad428420d0971bf779dd5e13a56bb7a2823,4.77927542,0.734710991
684,685,G0137__S05__seed_0018,G0137,gear_assemblies,5,builtin_no_picture,builtin_no_picture,seed_0018,18,#685818,/mnt/zsn/lyb/arti-skill/exp/uniform531_n5_studio_256_v1/G0137__S05__seed_0018__gear_assemblies.png,74562,5313b780e36b15ee779fef7ce56d3b9770ca6f9ef7d2413aadda40d5da2797bd,5.8436203,1.48611581
685,686,G0138__S01__seed_0073,G0138,globe,1,builtin_no_picture,builtin_no_picture,seed_0073,141,#185878,/mnt/zsn/lyb/arti-skill/exp/uniform531_n5_studio_256_v1/G0138__S01__seed_0073__globe.png,81729,d824794511ec5f7ac9f0c894325c9f6bef671fdbe1241bc8ba8974e741c745c7,18.2574329,-32.5262489
686,687,G0138__S02__seed_0114,G0138,globe,2,builtin_no_picture,builtin_no_picture,seed_0114,198,#185878,/mnt/zsn/lyb/arti-skill/exp/uniform531_n5_studio_256_v1/G0138__S02__seed_0114__globe.png,81723,42ce61537ce2e3668c61deb0900ea43052424f3e68883d8901c4a752e6ec0fed,18.3289013,-32.7114944
687,688,G0138__S03__seed_0519,G0138,globe,3,builtin_no_picture,builtin_no_picture,seed_0519,920,#185878,/mnt/zsn/lyb/arti-skill/exp/uniform531_n5_studio_256_v1/G0138__S03__seed_0519__globe.png,79829,0afbd1cf272d74f4b77286a00ad535ef51406b5857efaf23adc24888a0f10ae1,17.9462547,-32.5320969
688,689,G0138__S04__seed_0166,G0138,globe,4,builtin_no_picture,builtin_no_picture,seed_0166,296,#185878,/mnt/zsn/lyb/arti-skill/exp/uniform531_n5_studio_256_v1/G0138__S04__seed_0166__globe.png,83189,e100f10aeb0a5e32593c4779ad3e9136d16277d3fb9bb5542ca1142b42a5f3da,17.9299297,-32.6136742
689,690,G0138__S05__seed_0514,G0138,globe,5,builtin_no_picture,builtin_no_picture,seed_0514,911,#185878,/mnt/zsn/lyb/arti-skill/exp/uniform531_n5_studio_256_v1/G0138__S05__seed_0514__globe.png,82603,2c969a10bba1715fbe45ac293e6312b1d225bac07d14436b6c64bbed1ef10da5,18.0540218,-32.8873787
690,691,G0139__S01__seed_0768,G0139,graphics_card_with_cooling_fans,1,builtin_no_picture,builtin_no_picture,seed_0768,1713,#a838c8,/mnt/zsn/lyb/arti-skill/exp/uniform531_n5_studio_256_v1/G0139__S01__seed_0768__graphics_card_with_cooling_fans.png,88426,627bde7ca4e9a06d91caa8dcd9a3f9d5e8549fe1db082d194a48a4efef26eb64,-2.1724925,-7.22727537
691,692,G0139__S02__seed_0871,G0139,graphics_card_with_cooling_fans,2,builtin_no_picture,builtin_no_picture,seed_0871,1954,#a838c8,/mnt/zsn/lyb/arti-skill/exp/uniform531_n5_studio_256_v1/G0139__S02__seed_0871__graphics_card_with_cooling_fans.png,91683,deff2253695308d39361ca25bc2308f44cc9808ed3c7b4db069a5c10687731a4,-2.71175814,-7.23217106
692,693,G0139__S03__seed_0797,G0139,graphics_card_with_cooling_fans,3,builtin_no_picture,builtin_no_picture,seed_0797,1787,#a838c8,/mnt/zsn/lyb/arti-skill/exp/uniform531_n5_studio_256_v1/G0139__S03__seed_0797__graphics_card_with_cooling_fans.png,91276,5ce41a9430dd170722cf348e122211d1f7aaab65697b096b2a9e3edbe586b5a8,-2.60240912,-7.30350494
693,694,G0139__S04__seed_0923,G0139,graphics_card_with_cooling_fans,4,builtin_no_picture,builtin_no_picture,seed_0923,2087,#a838c8,/mnt/zsn/lyb/arti-skill/exp/uniform531_n5_studio_256_v1/G0139__S04__seed_0923__graphics_card_with_cooling_fans.png,91775,44ccb6f07ed554a5c2b7e0018bb15b36fa95c057ee2faafbe054b89993d5b823,-2.75123,-6.99446726
694,695,G0139__S05__seed_0358,G0139,graphics_card_with_cooling_fans,5,builtin_no_picture,builtin_no_picture,seed_0358,804,#a838c8,/mnt/zsn/lyb/arti-skill/exp/uniform531_n5_studio_256_v1/G0139__S05__seed_0358__graphics_card_with_cooling_fans.png,91061,6408e289f940ea07a4a6bb2bd284a8b23bf99c1759fcded316fa21e2e3584d04,-2.82332563,-7.27511406
695,696,G0140__S01__seed_0078,G0140,greenhouse_vent_roof,1,picture_backed,Agricultural,seed_0078,78,#e88858,/mnt/zsn/lyb/arti-skill/exp/uniform531_n5_studio_256_v1/G0140__S01__seed_0078__greenhouse_vent_roof.png,88523,a98c33f51a1f56428762cf3b9e15d79c5e540600b0205685a79ede2620313aee,-16.6794548,32.3788414
696,697,G0140__S02__seed_0033,G0140,greenhouse_vent_roof,2,picture_backed,Agricultural,seed_0033,33,#e88858,/mnt/zsn/lyb/arti-skill/exp/uniform531_n5_studio_256_v1/G0140__S02__seed_0033__greenhouse_vent_roof.png,81643,31357244eb6356c8a8dd5487c88cced24fbca9ffa8cd864d35fe2d74065c3d1a,-16.5819511,32.43647
697,698,G0140__S03__seed_0002,G0140,greenhouse_vent_roof,3,picture_backed,Agricultural,seed_0002,2,#e88858,/mnt/zsn/lyb/arti-skill/exp/uniform531_n5_studio_256_v1/G0140__S03__seed_0002__greenhouse_vent_roof.png,92048,b753522b87494f90dbb0fc825d7ca767f5bc70a99b903930d1666b5888b1a198,-16.6342907,32.7035599
698,699,G0140__S04__seed_0024,G0140,greenhouse_vent_roof,4,picture_backed,Agricultural,seed_0024,24,#e88858,/mnt/zsn/lyb/arti-skill/exp/uniform531_n5_studio_256_v1/G0140__S04__seed_0024__greenhouse_vent_roof.png,78978,5d12f5a882a647b7b2c6c0cbef297adc7bea4a4b08000d8fedf940d366206f9e,-16.2115459,31.569746
699,700,G0140__S05__seed_0027,G0140,greenhouse_vent_roof,5,picture_backed,Agricultural,seed_0027,27,#e88858,/mnt/zsn/lyb/arti-skill/exp/uniform531_n5_studio_256_v1/G0140__S05__seed_0027__greenhouse_vent_roof.png,83562,d0278771df923a17355419f6af15e499fb4157d98f65f7188a230b83d11c60d2,-16.6223717,32.1015892
700,701,G0141__S01__seed_2867,G0141,hamster_wheel,1,picture_backed,Pet_Animal related,seed_2867,2867,#985898,/mnt/zsn/lyb/arti-skill/exp/uniform531_n5_studio_256_v1/G0141__S01__seed_2867__hamster_wheel.png,78705,3703588f0ec1e5fed9e8e3370af894c8dc7007e6e458144ed3364849cb39377d,9.50222111,-16.6946564
701,702,G0141__S02__seed_1213,G0141,hamster_wheel,2,picture_backed,Pet_Animal related,seed_1213,1213,#985898,/mnt/zsn/lyb/arti-skill/exp/uniform531_n5_studio_256_v1/G0141__S02__seed_1213__hamster_wheel.png,83335,5b4f9563aabe25b42bc317714b7d6dde7edcaf4b8c8f3cdc5aab49738bbff22a,9.11731052,-14.8014326
702,703,G0141__S03__seed_3046,G0141,hamster_wheel,3,picture_backed,Pet_Animal related,seed_3046,3046,#985898,/mnt/zsn/lyb/arti-skill/exp/uniform531_n5_studio_256_v1/G0141__S03__seed_3046__hamster_wheel.png,79622,02ff512203f8d3dc18df452fcf8f3669c40372eeb3c51dfaede361e6d162610d,9.49169064,-16.6349735
703,704,G0141__S04__seed_0736,G0141,hamster_wheel,4,picture_backed,Pet_Animal related,seed_0736,736,#985898,/mnt/zsn/lyb/arti-skill/exp/uniform531_n5_studio_256_v1/G0141__S04__seed_0736__hamster_wheel.png,86714,5e5e4788ab0afc67274b0c0b14f6b68ab1f61555024b6a0fb7e9bc91373f3333,8.96975136,-14.4973021
704,705,G0141__S05__seed_0658,G0141,hamster_wheel,5,picture_backed,Pet_Animal related,seed_0658,658,#985898,/mnt/zsn/lyb/arti-skill/exp/uniform531_n5_studio_256_v1/G0141__S05__seed_0658__hamster_wheel.png,80633,2f799992163ae8413c1cd02bda879ac14b0b3b039162505fc0ae7e8ae40c60dd,9.1109581,-14.8192291
705,706,G0142__S01__seed_0021,G0142,hand_cultivator,1,picture_backed,Agricultural,seed_0021,21,#787898,/mnt/zsn/lyb/arti-skill/exp/uniform531_n5_studio_256_v1/G0142__S01__seed_0021__hand_cultivator.png,75193,799ad1b65424ea6507173b1011189b0e0d52096af65d6a8be8388204e3063c53,22.6379433,49.308239
706,707,G0142__S02__seed_0114,G0142,hand_cultivator,2,picture_backed,Agricultural,seed_0114,114,#787898,/mnt/zsn/lyb/arti-skill/exp/uniform531_n5_studio_256_v1/G0142__S02__seed_0114__hand_cultivator.png,75147,5f12ab55dfd6021f807de47bb27942d1739ba112e007bf7eaf2e6ef88fda78c7,21.6469536,50.0009766
707,708,G0142__S03__seed_0143,G0142,hand_cultivator,3,picture_backed,Agricultural,seed_0143,143,#787898,/mnt/zsn/lyb/arti-skill/exp/uniform531_n5_studio_256_v1/G0142__S03__seed_0143__hand_cultivator.png,75076,d258da1d234e4102c201c8e5d1acea3a86138656d98172b6d21b5f806a467d19,21.3268909,50.1368027
708,709,G0142__S04__seed_0340,G0142,hand_cultivator,4,picture_backed,Agricultural,seed_0340,340,#787898,/mnt/zsn/lyb/arti-skill/exp/uniform531_n5_studio_256_v1/G0142__S04__seed_0340__hand_cultivator.png,75660,0291afd897df78f34cdb914b7afd25e7b83e49044b0f649c2fd68b1e61bdbe63,22.7488136,49.2233353
709,710,G0142__S05__seed_0208,G0142,hand_cultivator,5,picture_backed,Agricultural,seed_0208,208,#787898,/mnt/zsn/lyb/arti-skill/exp/uniform531_n5_studio_256_v1/G0142__S05__seed_0208__hand_cultivator.png,75517,069b69a2c21b3733c00b3f5e15139add419aaf610b5db4724b5aaa9b1f7d1867,21.6035843,50.1047287
710,711,G0143__S01__seed_0068,G0143,hand_operated_pasta_maker_with_rollers_and_crank,1,picture_backed,0611,seed_0068,68,#8848b8,/mnt/zsn/lyb/arti-skill/exp/uniform531_n5_studio_256_v1/G0143__S01__seed_0068__hand_operated_pasta_maker_with_rollers_and_crank.png,83584,a2a57e64bf62e63050f96700aa45e5bd645baa8769ad6be5be1da4b68c4c6dc1,1.88637066,5.18035078
711,712,G0143__S02__seed_0027,G0143,hand_operated_pasta_maker_with_rollers_and_crank,2,picture_backed,0611,seed_0027,27,#8848b8,/mnt/zsn/lyb/arti-skill/exp/uniform531_n5_studio_256_v1/G0143__S02__seed_0027__hand_operated_pasta_maker_with_rollers_and_crank.png,85059,c58884cd147e2c504d38feb0251df3eb0fd77aee836d22c18af4723fd0bca4d5,2.36786127,5.82322979
712,713,G0143__S03__seed_0008,G0143,hand_operated_pasta_maker_with_rollers_and_crank,3,picture_backed,0611,seed_0008,8,#8848b8,/mnt/zsn/lyb/arti-skill/exp/uniform531_n5_studio_256_v1/G0143__S03__seed_0008__hand_operated_pasta_maker_with_rollers_and_crank.png,84174,ec60293f68cdf794e63883d3f8bd3ab599bb6eb87f909d9b964552185abb552c,2.23800039,5.91503763
713,714,G0143__S04__seed_0092,G0143,hand_operated_pasta_maker_with_rollers_and_crank,4,picture_backed,0611,seed_0092,92,#8848b8,/mnt/zsn/lyb/arti-skill/exp/uniform531_n5_studio_256_v1/G0143__S04__seed_0092__hand_operated_pasta_maker_with_rollers_and_crank.png,83758,e4bbeeb0a013eace9c42096423c1b649cceef152dd52388debd32ac320b16bd8,2.29808664,5.9951396
714,715,G0143__S05__seed_0054,G0143,hand_operated_pasta_maker_with_rollers_and_crank,5,picture_backed,0611,seed_0054,54,#8848b8,/mnt/zsn/lyb/arti-skill/exp/uniform531_n5_studio_256_v1/G0143__S05__seed_0054__hand_operated_pasta_maker_with_rollers_and_crank.png,84505,d91290ee630f8a03c126f897b877cdd8747e40af172379e5a2b5bcc44777fbcf,2.02513504,5.34609604
715,716,G0144__S01__seed_0012,G0144,Handtools_caulking_gun,1,picture_backed,Handtools,seed_0012,12,#3888d8,/mnt/zsn/lyb/arti-skill/exp/uniform531_n5_studio_256_v1/G0144__S01__seed_0012__Handtools_caulking_gun.png,76627,738bf79731c2b77d93d93b580dc6cbc074b07af214ffb8fb492d71f0cbf01140,50.5379829,4.67107439
716,717,G0144__S02__seed_0037,G0144,Handtools_caulking_gun,2,picture_backed,Handtools,seed_0037,37,#3888d8,/mnt/zsn/lyb/arti-skill/exp/uniform531_n5_studio_256_v1/G0144__S02__seed_0037__Handtools_caulking_gun.png,73780,2436e8aaf9087adf4a281ced5ea5767e94502fbc6baf948913503b18bf610b15,48.8263779,6.27502203
717,718,G0144__S03__seed_0036,G0144,Handtools_caulking_gun,3,picture_backed,Handtools,seed_0036,36,#3888d8,/mnt/zsn/lyb/arti-skill/exp/uniform531_n5_studio_256_v1/G0144__S03__seed_0036__Handtools_caulking_gun.png,74475,4b8f9552113ea2acf5ab8f0c3a7763c606154ef23b18610e1fd3b8dcd75d4819,48.0504456,5.80408382
718,719,G0144__S04__seed_0031,G0144,Handtools_caulking_gun,4,picture_backed,Handtools,seed_0031,31,#3888d8,/mnt/zsn/lyb/arti-skill/exp/uniform531_n5_studio_256_v1/G0144__S04__seed_0031__Handtools_caulking_gun.png,74429,a0c785da48a01458d064dd13860e29efc4c8488f88e1e6f93ee03902ec553c19,48.8596344,6.42587709
719,720,G0144__S05__seed_0013,G0144,Handtools_caulking_gun,5,picture_backed,Handtools,seed_0013,13,#3888d8,/mnt/zsn/lyb/arti-skill/exp/uniform531_n5_studio_256_v1/G0144__S05__seed_0013__Handtools_caulking_gun.png,77385,37a0166fc456beede05bfaf70315ca08b3e40ee0aa68dad394682e568f9181e0,50.5901833,4.60235167
720,721,G0145__S01__seed_0010,G0145,Handtools_Clamp,1,picture_backed,Handtools,seed_0010,10,#8868c8,/mnt/zsn/lyb/arti-skill/exp/uniform531_n5_studio_256_v1/G0145__S01__seed_0010__Handtools_Clamp.png,78416,23c1b45b1234073557e947495233fdc66ce0c9345bdaf39e03db30b090c735b1,27.3528004,-2.49431562
721,722,G0145__S02__seed_0005,G0145,Handtools_Clamp,2,picture_backed,Handtools,seed_0005,5,#8868c8,/mnt/zsn/lyb/arti-skill/exp/uniform531_n5_studio_256_v1/G0145__S02__seed_0005__Handtools_Clamp.png,82137,014155808eff39a975c27944a75e365f885e8bef9a4b691df83fdded6dd6e807,27.8128433,-2.48323417
722,723,G0145__S03__seed_0016,G0145,Handtools_Clamp,3,picture_backed,Handtools,seed_0016,16,#8868c8,/mnt/zsn/lyb/arti-skill/exp/uniform531_n5_studio_256_v1/G0145__S03__seed_0016__Handtools_Clamp.png,78309,9ee292c7b818536b93b5c7f19da9b8060361c06e19c573f3fa6aef886b94881b,27.2333698,-1.53204668
723,724,G0145__S04__seed_0019,G0145,Handtools_Clamp,4,picture_backed,Handtools,seed_0019,19,#8868c8,/mnt/zsn/lyb/arti-skill/exp/uniform531_n5_studio_256_v1/G0145__S04__seed_0019__Handtools_Clamp.png,78873,28f16453c454bcea5555942115069d1761790cc009157878f436055acc5c88f9,27.2485294,-1.55324149
724,725,G0145__S05__seed_0004,G0145,Handtools_Clamp,5,picture_backed,Handtools,seed_0004,4,#8868c8,/mnt/zsn/lyb/arti-skill/exp/uniform531_n5_studio_256_v1/G0145__S05__seed_0004__Handtools_Clamp.png,79730,e027832c30c5be482e6f4883452592993ff452804f391f6f83fc96f2a3c381e6,27.1668873,-2.47817945
725,726,G0146__S01__seed_0015,G0146,Handtools_clothes_peg,1,picture_backed,Handtools,seed_0015,15,#a8a858,/mnt/zsn/lyb/arti-skill/exp/uniform531_n5_studio_256_v1/G0146__S01__seed_0015__Handtools_clothes_peg.png,76342,de8be630f4d84fd7906ecc652227a070aa08b904a5a8bf409b21e6619876cde8,58.7310219,16.30513
726,727,G0146__S02__seed_0016,G0146,Handtools_clothes_peg,2,picture_backed,Handtools,seed_0016,16,#a8a858,/mnt/zsn/lyb/arti-skill/exp/uniform531_n5_studio_256_v1/G0146__S02__seed_0016__Handtools_clothes_peg.png,71982,f018054fea0b094c0630783ab600540fa681a68a5027a5c6f46be55b7e63cbe2,57.9119339,16.4408932
727,728,G0146__S03__seed_0008,G0146,Handtools_clothes_peg,3,picture_backed,Handtools,seed_0008,8,#a8a858,/mnt/zsn/lyb/arti-skill/exp/uniform531_n5_studio_256_v1/G0146__S03__seed_0008__Handtools_clothes_peg.png,73634,543940b3ef88256e89fe3791566fb4ef837aafda488b676bd8cb1bc82079f9b7,58.656498,16.361784
728,729,G0146__S04__seed_0006,G0146,Handtools_clothes_peg,4,picture_backed,Handtools,seed_0006,6,#a8a858,/mnt/zsn/lyb/arti-skill/exp/uniform531_n5_studio_256_v1/G0146__S04__seed_0006__Handtools_clothes_peg.png,69000,7e6f12381ab9f764c95901afe9e4024031d19cc51481b3f582a666cd1efc5067,57.9060707,16.7180519
729,730,G0146__S05__seed_0011,G0146,Handtools_clothes_peg,5,picture_backed,Handtools,seed_0011,11,#a8a858,/mnt/zsn/lyb/arti-skill/exp/uniform531_n5_studio_256_v1/G0146__S05__seed_0011__Handtools_clothes_peg.png,68186,dccc3127efb91e16ddbc4b8f9691ae1a41b4695be07a07cee75dcddbe771b33b,57.8822517,16.3546581
730,731,G0147__S01__seed_0016,G0147,Handtools_dial_caliper,1,picture_backed,Handtools,seed_0016,23,#68b848,/mnt/zsn/lyb/arti-skill/exp/uniform531_n5_studio_256_v1/G0147__S01__seed_0016__Handtools_dial_caliper.png,70279,b9ab76fab999023b38726f177ba8a107a30f4d61ecbb1fa1555f3b014acadb0f,40.3508568,21.3388214
731,732,G0147__S02__seed_0025,G0147,Handtools_dial_caliper,2,picture_backed,Handtools,seed_0025,36,#68b848,/mnt/zsn/lyb/arti-skill/exp/uniform531_n5_studio_256_v1/G0147__S02__seed_0025__Handtools_dial_caliper.png,74523,2e5995a9d0e1c9d68757d8f995adcaaa2de2f58bcf9325c59ea37bdabe4db912,42.0270767,20.5120182
732,733,G0147__S03__seed_0011,G0147,Handtools_dial_caliper,3,picture_backed,Handtools,seed_0011,15,#68b848,/mnt/zsn/lyb/arti-skill/exp/uniform531_n5_studio_256_v1/G0147__S03__seed_0011__Handtools_dial_caliper.png,70033,8a8875c1f5f73b6052e7ed8981aa04307f4fa70d8f0fb10e8af1e1300ecc9916,42.0626564,20.2805271
733,734,G0147__S04__seed_0032,G0147,Handtools_dial_caliper,4,picture_backed,Handtools,seed_0032,49,#68b848,/mnt/zsn/lyb/arti-skill/exp/uniform531_n5_studio_256_v1/G0147__S04__seed_0032__Handtools_dial_caliper.png,72099,7fa2409b0060da6173bc726450a1ad46fa8e01f380efbc59e628d70dd5a8e46b,40.3989601,21.1270466
734,735,G0147__S05__seed_0041,G0147,Handtools_dial_caliper,5,picture_backed,Handtools,seed_0041,63,#68b848,/mnt/zsn/lyb/arti-skill/exp/uniform531_n5_studio_256_v1/G0147__S05__seed_0041__Handtools_dial_caliper.png,71634,2a9acc54f7a47e7ccb2fa88052259d54a919cc1a0e1fcb87d5f61eef175dee0e,40.2623825,21.474844
735,736,G0148__S01__seed_0011,G0148,Handtools_Hand_plane,1,picture_backed,Handtools,seed_0011,11,#1868c8,/mnt/zsn/lyb/arti-skill/exp/uniform531_n5_studio_256_v1/G0148__S01__seed_0011__Handtools_Hand_plane.png,82169,056cb0b37f82fb8989d846d55c752f6c210340ab4756625d4a2aa0d7627b4cd5,-6.46595383,8.9107914
736,737,G0148__S02__seed_0007,G0148,Handtools_Hand_plane,2,picture_backed,Handtools,seed_0007,7,#1868c8,/mnt/zsn/lyb/arti-skill/exp/uniform531_n5_studio_256_v1/G0148__S02__seed_0007__Handtools_Hand_plane.png,78836,6e0dbdaa3e82c766c3923712656a14bd96d84b2571aed2e1b5f92c792c428c69,-7.85704374,9.18784809
737,738,G0148__S03__seed_0010,G0148,Handtools_Hand_plane,3,picture_backed,Handtools,seed_0010,10,#1868c8,/mnt/zsn/lyb/arti-skill/exp/uniform531_n5_studio_256_v1/G0148__S03__seed_0010__Handtools_Hand_plane.png,76015,4b1003e5ec4eb0c53f12018247f1976e5656cb6aac16de78a3f75469ecd3ec31,-7.84230518,9.14113712
738,739,G0148__S04__seed_0015,G0148,Handtools_Hand_plane,4,picture_backed,Handtools,seed_0015,15,#1868c8,/mnt/zsn/lyb/arti-skill/exp/uniform531_n5_studio_256_v1/G0148__S04__seed_0015__Handtools_Hand_plane.png,76947,e2365e8806ce9d266635bba4f62285d6ab7224c1a8adbf8a4daaccefe5916616,-6.80460501,9.15577507
739,740,G0148__S05__seed_0001,G0148,Handtools_Hand_plane,5,picture_backed,Handtools,seed_0001,1,#1868c8,/mnt/zsn/lyb/arti-skill/exp/uniform531_n5_studio_256_v1/G0148__S05__seed_0001__Handtools_Hand_plane.png,80666,e09bf2f209f09dc21f1c1ab408129941202f2615dfd7cff11f16527f44b0635d,-6.40041542,8.87647533
740,741,G0149__S01__seed_0438,G0149,Handtools_Knife,1,picture_backed,Handtools,seed_0438,455,#b84818,/mnt/zsn/lyb/arti-skill/exp/uniform531_n5_studio_256_v1/G0149__S01__seed_0438__Handtools_Knife.png,72875,e50534f3097d99c55a200e3e91e42d503e571336d91f670e2d43d93287cb5b91,52.9730835,8.53963089
741,742,G0149__S02__seed_0202,G0149,Handtools_Knife,2,picture_backed,Handtools,seed_0202,210,#b84818,/mnt/zsn/lyb/arti-skill/exp/uniform531_n5_studio_256_v1/G0149__S02__seed_0202__Handtools_Knife.png,70785,cd1b1e0ac70bcb550c1f82b32818477640134be19be9fd9cd30d5aeb1926758c,-5.30421925,19.5587025
742,743,G0149__S03__seed_0476,G0149,Handtools_Knife,3,picture_backed,Handtools,seed_0476,496,#b84818,/mnt/zsn/lyb/arti-skill/exp/uniform531_n5_studio_256_v1/G0149__S03__seed_0476__Handtools_Knife.png,71297,5339505530db15aac288d172a1b4f3fafaa285cfc2c455cab4a2b63c2c69e8d7,56.6934891,15.9427795
743,744,G0149__S04__seed_0072,G0149,Handtools_Knife,4,picture_backed,Handtools,seed_0072,72,#b84818,/mnt/zsn/lyb/arti-skill/exp/uniform531_n5_studio_256_v1/G0149__S04__seed_0072__Handtools_Knife.png,72875,0b7a30b7996b986bca26ac2fc367dc9cabbe2619f949d5f4875e814f4eb3197f,-5.65498877,20.1674328
744,745,G0149__S05__seed_0337,G0149,Handtools_Knife,5,picture_backed,Handtools,seed_0337,349,#b84818,/mnt/zsn/lyb/arti-skill/exp/uniform531_n5_studio_256_v1/G0149__S05__seed_0337__Handtools_Knife.png,69172,db030c9cb82d97c859d20f474d68d09b4a06143e84628c0b43ade8d8f71223a9,-5.27134609,19.5753708
745,746,G0150__S01__seed_0105,G0150,Handtools_Paint_roller,1,picture_backed,Handtools,seed_0105,107,#6838a8,/mnt/zsn/lyb/arti-skill/exp/uniform531_n5_studio_256_v1/G0150__S01__seed_0105__Handtools_Paint_roller.png,74184,459c01e7806c9698743fe4bf056fc02301038b68c35db4e280db0c8d146e083b,50.525116,7.88066149
746,747,G0150__S02__seed_0239,G0150,Handtools_Paint_roller,2,picture_backed,Handtools,seed_0239,245,#6838a8,/mnt/zsn/lyb/arti-skill/exp/uniform531_n5_studio_256_v1/G0150__S02__seed_0239__Handtools_Paint_roller.png,71780,1c36fd95a2b764d34cc20a5eac67251405225819431c6e622352588f7557e937,50.6132355,8.01079655
747,748,G0150__S03__seed_0542,G0150,Handtools_Paint_roller,3,picture_backed,Handtools,seed_0542,558,#6838a8,/mnt/zsn/lyb/arti-skill/exp/uniform531_n5_studio_256_v1/G0150__S03__seed_0542__Handtools_Paint_roller.png,72122,c306118b88e80ba68be40e24add745c1a5318affbeceffb9fb992950bdf4c3f0,50.0740509,9.17598915
748,749,G0150__S04__seed_0874,G0150,Handtools_Paint_roller,4,picture_backed,Handtools,seed_0874,895,#6838a8,/mnt/zsn/lyb/arti-skill/exp/uniform531_n5_studio_256_v1/G0150__S04__seed_0874__Handtools_Paint_roller.png,73324,28dd5bd284819a43129a35fe2a04e3ed03bf0e5f6f178aa44668e980c5a3585b,50.0737152,8.90154934
749,750,G0150__S05__seed_0114,G0150,Handtools_Paint_roller,5,picture_backed,Handtools,seed_0114,117,#6838a8,/mnt/zsn/lyb/arti-skill/exp/uniform531_n5_studio_256_v1/G0150__S05__seed_0114__Handtools_Paint_roller.png,73523,bd48d0f4ff6acd36d9a79d308fd5ef50e7ade42fa9e92961fb5b81cadba82aa8,50.8618279,7.76562977
750,751,G0151__S01__seed_0000,G0151,Handtools_Pen,1,picture_backed,Handtools,seed_0000,0,#18a8b8,/mnt/zsn/lyb/arti-skill/exp/uniform531_n5_studio_256_v1/G0151__S01__seed_0000__Handtools_Pen.png,71054,85877f9f4f94c32e827aa14644b590f5275c412482c7a79fee2079d92115e57e,38.7461166,-34.7095642
751,752,G0151__S02__seed_0035,G0151,Handtools_Pen,2,picture_backed,Handtools,seed_0035,42,#18a8b8,/mnt/zsn/lyb/arti-skill/exp/uniform531_n5_studio_256_v1/G0151__S02__seed_0035__Handtools_Pen.png,71860,79bb2d0afb48ffa8531093845d05bde2321f7b2e9075a1e6851c978760bacd04,38.4832954,-34.7297935
752,753,G0151__S03__seed_0003,G0151,Handtools_Pen,3,picture_backed,Handtools,seed_0003,3,#18a8b8,/mnt/zsn/lyb/arti-skill/exp/uniform531_n5_studio_256_v1/G0151__S03__seed_0003__Handtools_Pen.png,69598,a73697209f74a101286930f3e2067ade7d219d587440662f07f8741969a5cdea,39.0068703,-34.9068451
753,754,G0151__S04__seed_0041,G0151,Handtools_Pen,4,picture_backed,Handtools,seed_0041,48,#18a8b8,/mnt/zsn/lyb/arti-skill/exp/uniform531_n5_studio_256_v1/G0151__S04__seed_0041__Handtools_Pen.png,70208,fb54400dae1cadfee2d595bdadbe8c00a4f80fff13dcc8892388e86b4103c4cd,38.357254,-35.2475014
754,755,G0151__S05__seed_0007,G0151,Handtools_Pen,5,picture_backed,Handtools,seed_0007,8,#18a8b8,/mnt/zsn/lyb/arti-skill/exp/uniform531_n5_studio_256_v1/G0151__S05__seed_0007__Handtools_Pen.png,70992,408ef787cfd95d4e925b8709ef1a3ba092353e492e9a7d69d03145395c147cff,38.3129845,-34.6790276
755,756,G0152__S01__seed_0038,G0152,Handtools_Stapler,1,picture_backed,Handtools,seed_0038,39,#486868,/mnt/zsn/lyb/arti-skill/exp/uniform531_n5_studio_256_v1/G0152__S01__seed_0038__Handtools_Stapler.png,78594,be3fd57cc2a6e19ba95728339a8bf3e4fdd2006b6d7fa51b2a54ab4352881061,-9.38692093,24.6639271
756,757,G0152__S02__seed_0001,G0152,Handtools_Stapler,2,picture_backed,Handtools,seed_0001,1,#486868,/mnt/zsn/lyb/arti-skill/exp/uniform531_n5_studio_256_v1/G0152__S02__seed_0001__Handtools_Stapler.png,81740,307f4181540bb5a4aa4a3b1d2ede20e12d67ca0188692778e068bcb29d425d2d,-9.32360268,25.125288
757,758,G0152__S03__seed_0010,G0152,Handtools_Stapler,3,picture_backed,Handtools,seed_0010,11,#486868,/mnt/zsn/lyb/arti-skill/exp/uniform531_n5_studio_256_v1/G0152__S03__seed_0010__Handtools_Stapler.png,79653,ab2ed87e97274178817505903042bc9be9f25aecf39da61faf356aa4f5e0aaa2,-10.1400537,24.6759586
758,759,G0152__S04__seed_0015,G0152,Handtools_Stapler,4,picture_backed,Handtools,seed_0015,16,#486868,/mnt/zsn/lyb/arti-skill/exp/uniform531_n5_studio_256_v1/G0152__S04__seed_0015__Handtools_Stapler.png,77369,584f24978a58b3f4d8574326fd18b164341a4bdb1d59c029862b794f6f66423b,-8.94532013,23.7126141
759,760,G0152__S05__seed_0081,G0152,Handtools_Stapler,5,picture_backed,Handtools,seed_0081,82,#486868,/mnt/zsn/lyb/arti-skill/exp/uniform531_n5_studio_256_v1/G0152__S05__seed_0081__Handtools_Stapler.png,73371,c09244d1e994db1a7bc4eab2d38270e7d64895eadf0e33a3ad6cd69241d91bae,-8.89457798,23.5719128
760,761,G0153__S01__seed_0012,G0153,Handtools_Tool_cart,1,picture_backed,Handtools,seed_0012,19,#187888,/mnt/zsn/lyb/arti-skill/exp/uniform531_n5_studio_256_v1/G0153__S01__seed_0012__Handtools_Tool_cart.png,79819,8c06198be80fca1eed0fc6aa8906ce8f09e4530dfdb033cce6ac22870f649657,-37.1940956,-4.32083988
761,762,G0153__S02__seed_0044,G0153,Handtools_Tool_cart,2,picture_backed,Handtools,seed_0044,51,#187888,/mnt/zsn/lyb/arti-skill/exp/uniform531_n5_studio_256_v1/G0153__S02__seed_0044__Handtools_Tool_cart.png,73550,7c5d8ce465cde58044350ad089be988c52520a0e9f2b5ed98ce7bd611ef7bd63,-37.2378654,-2.71425271
762,763,G0153__S03__seed_0009,G0153,Handtools_Tool_cart,3,picture_backed,Handtools,seed_0009,14,#187888,/mnt/zsn/lyb/arti-skill/exp/uniform531_n5_studio_256_v1/G0153__S03__seed_0009__Handtools_Tool_cart.png,79200,d0412b48513895c9ad9b814fc5e4b2db4a59027999d4f6af42bab0f51187e666,-36.8401947,-4.30859804
763,764,G0153__S04__seed_0020,G0153,Handtools_Tool_cart,4,picture_backed,Handtools,seed_0020,27,#187888,/mnt/zsn/lyb/arti-skill/exp/uniform531_n5_studio_256_v1/G0153__S04__seed_0020__Handtools_Tool_cart.png,77877,ea10cca9ed2dc593ede8573d1a23dac69cc84cd239681872c85c5d282689d736,-36.5648956,-3.99320173
764,765,G0153__S05__seed_0019,G0153,Handtools_Tool_cart,5,picture_backed,Handtools,seed_0019,26,#187888,/mnt/zsn/lyb/arti-skill/exp/uniform531_n5_studio_256_v1/G0153__S05__seed_0019__Handtools_Tool_cart.png,80258,5b95c2fa295576527f3c017645667a2b475881cd200d8f1c198d7917e3d3e227,-36.7317619,-3.98724198
765,766,G0154__S01__seed_0057,G0154,Handtools_wooden_tongs,1,picture_backed,Handtools,seed_0057,60,#5868e8,/mnt/zsn/lyb/arti-skill/exp/uniform531_n5_studio_256_v1/G0154__S01__seed_0057__Handtools_wooden_tongs.png,72537,d6b642919f181a1708b1e5cfd34ffc6f1e29754ef933146f5afc9f674086bcd4,52.7726326,20.552803
766,767,G0154__S02__seed_0078,G0154,Handtools_wooden_tongs,2,picture_backed,Handtools,seed_0078,81,#5868e8,/mnt/zsn/lyb/arti-skill/exp/uniform531_n5_studio_256_v1/G0154__S02__seed_0078__Handtools_wooden_tongs.png,72472,69abab3041522ca4f3343110fe455c6da67f37ba872291a4a3f36c5ba5c5664b,52.9441185,20.7227859
767,768,G0154__S03__seed_0032,G0154,Handtools_wooden_tongs,3,picture_backed,Handtools,seed_0032,34,#5868e8,/mnt/zsn/lyb/arti-skill/exp/uniform531_n5_studio_256_v1/G0154__S03__seed_0032__Handtools_wooden_tongs.png,72308,3c56b5fb579117611996d3c2a1123a1698bb59feb20b41df268b09b172165aa6,52.9792938,20.6186333
768,769,G0154__S04__seed_0067,G0154,Handtools_wooden_tongs,4,picture_backed,Handtools,seed_0067,70,#5868e8,/mnt/zsn/lyb/arti-skill/exp/uniform531_n5_studio_256_v1/G0154__S04__seed_0067__Handtools_wooden_tongs.png,71664,8c7476ac29207c5cac6eaef40366f44b6f19eb71e05a16231ab1bf4d040fcbca,53.2859802,20.9459381
769,770,G0154__S05__seed_0069,G0154,Handtools_wooden_tongs,5,picture_backed,Handtools,seed_0069,72,#5868e8,/mnt/zsn/lyb/arti-skill/exp/uniform531_n5_studio_256_v1/G0154__S05__seed_0069__Handtools_wooden_tongs.png,72816,72f1cbf734d59d9a54d713aba805f079945dd57388265456acff389c1504b3c5,52.3578377,20.7332687
770,771,G0155__S01__seed_0038,G0155,Handtools_Wrench,1,picture_backed,Handtools,seed_0038,38,#783818,/mnt/zsn/lyb/arti-skill/exp/uniform531_n5_studio_256_v1/G0155__S01__seed_0038__Handtools_Wrench.png,72116,c353b5a10ca014e87d9799a1df9fc009e2fc410de7133ef8f5d489957d68a57c,51.676857,8.05008221
771,772,G0155__S02__seed_0030,G0155,Handtools_Wrench,2,picture_backed,Handtools,seed_0030,30,#783818,/mnt/zsn/lyb/arti-skill/exp/uniform531_n5_studio_256_v1/G0155__S02__seed_0030__Handtools_Wrench.png,70231,73c4fb40b8273b5c3addb172fc58906f7e77b285318904fb469c83b8fe106262,40.8822975,17.7531166
772,773,G0155__S03__seed_0029,G0155,Handtools_Wrench,3,picture_backed,Handtools,seed_0029,29,#783818,/mnt/zsn/lyb/arti-skill/exp/uniform531_n5_studio_256_v1/G0155__S03__seed_0029__Handtools_Wrench.png,71447,ff341d3052dbda13bdf5d665b06382a37edcc8911e8d104dc9129749cc9c05c0,40.8561096,17.7752953
773,774,G0155__S04__seed_0019,G0155,Handtools_Wrench,4,picture_backed,Handtools,seed_0019,19,#783818,/mnt/zsn/lyb/arti-skill/exp/uniform531_n5_studio_256_v1/G0155__S04__seed_0019__Handtools_Wrench.png,70671,0509c1c721a8eb324e0efcc73dad888a79112080230b15f2074b8dd84dcb7387,41.0774956,18.4938583
774,775,G0155__S05__seed_0003,G0155,Handtools_Wrench,5,picture_backed,Handtools,seed_0003,3,#783818,/mnt/zsn/lyb/arti-skill/exp/uniform531_n5_studio_256_v1/G0155__S05__seed_0003__Handtools_Wrench.png,71486,e0366523b731e53c76c2e185060638b730f406ec8bd39c131026a8f59721f668,41.6192055,19.1698818
775,776,G0156__S01__seed_0234,G0156,harmonic_drive,1,picture_backed,Robotics,seed_0234,234,#a8b8e8,/mnt/zsn/lyb/arti-skill/exp/uniform531_n5_studio_256_v1/G0156__S01__seed_0234__harmonic_drive.png,79452,0460d3f51b0a2cb36ce1dc02e2fb38c0253ce3b8ba095601b6afb8fe96f0b59d,2.52201033,-23.5748024
776,777,G0156__S02__seed_0281,G0156,harmonic_drive,2,picture_backed,Robotics,seed_0281,281,#a8b8e8,/mnt/zsn/lyb/arti-skill/exp/uniform531_n5_studio_256_v1/G0156__S02__seed_0281__harmonic_drive.png,82043,4ccd3b23813b2d3a3fc5c12f5d2be1954c4efdb77805c250cc13d385de6b4f59,5.53838921,-22.870121
777,778,G0156__S03__seed_0327,G0156,harmonic_drive,3,picture_backed,Robotics,seed_0327,327,#a8b8e8,/mnt/zsn/lyb/arti-skill/exp/uniform531_n5_studio_256_v1/G0156__S03__seed_0327__harmonic_drive.png,78087,7f804edd4881bbc07165957c00b17c5167386fab8fa72f6841cc0ebddf97b945,2.35732675,-23.3679047
778,779,G0156__S04__seed_0337,G0156,harmonic_drive,4,picture_backed,Robotics,seed_0337,337,#a8b8e8,/mnt/zsn/lyb/arti-skill/exp/uniform531_n5_studio_256_v1/G0156__S04__seed_0337__harmonic_drive.png,77273,9a26596110923e2e2d4c57e19d33aef0f3a9ddb46a68fa96407d66f232e22678,2.08161807,-22.9892616
779,780,G0156__S05__seed_0359,G0156,harmonic_drive,5,picture_backed,Robotics,seed_0359,359,#a8b8e8,/mnt/zsn/lyb/arti-skill/exp/uniform531_n5_studio_256_v1/G0156__S05__seed_0359__harmonic_drive.png,81119,2694e40e55eb9239274b20802ae138ce8159665fdab9b88f7226707cdd8bac6f,5.52495861,-22.8462257
780,781,G0157__S01__seed_0780,G0157,harvester,1,picture_backed,Agricultural,seed_0780,811,#586888,/mnt/zsn/lyb/arti-skill/exp/uniform531_n5_studio_256_v1/G0157__S01__seed_0780__harvester.png,76595,101c9cad61b45f2723b4a8757eab151083510d810bb6af2b076326839a843c9a,27.0851688,12.3546591
781,782,G0157__S02__seed_0566,G0157,harvester,2,picture_backed,Agricultural,seed_0566,587,#586888,/mnt/zsn/lyb/arti-skill/exp/uniform531_n5_studio_256_v1/G0157__S02__seed_0566__harvester.png,79426,5343f00db093834d0903e6e378bdec85b89ea5089f19af1d821fcd425012822a,23.0535831,18.6938038
782,783,G0157__S03__seed_0070,G0157,harvester,3,picture_backed,Agricultural,seed_0070,72,#586888,/mnt/zsn/lyb/arti-skill/exp/uniform531_n5_studio_256_v1/G0157__S03__seed_0070__harvester.png,80451,7d077cd3497b02a95a63e53bb3759948e3066dfa4f8e7433fffb76ffcea43cf8,6.50136852,50.2859573
783,784,G0157__S04__seed_0517,G0157,harvester,4,picture_backed,Agricultural,seed_0517,533,#586888,/mnt/zsn/lyb/arti-skill/exp/uniform531_n5_studio_256_v1/G0157__S04__seed_0517__harvester.png,75980,c0002eb40925cdd368d0b37e5907894c704daa435866cc91abcae333f3d84cd7,23.0696621,18.8886871
784,785,G0157__S05__seed_0014,G0157,harvester,5,picture_backed,Agricultural,seed_0014,15,#586888,/mnt/zsn/lyb/arti-skill/exp/uniform531_n5_studio_256_v1/G0157__S05__seed_0014__harvester.png,83353,c22d0ee342a455cf8cbf64a1b8f9af593cce4807b8998cbb7e9ecfd9ae021865,6.34298849,50.0289345
785,786,G0158__S01__seed_0032,G0158,Headwear_Racing_helmet,1,picture_backed,Headwear,seed_0032,32,#487848,/mnt/zsn/lyb/arti-skill/exp/uniform531_n5_studio_256_v1/G0158__S01__seed_0032__Headwear_Racing_helmet.png,78521,95f8c5f6a59db13a06b1954bdb8e7f9925f0505f9e06e659bede2b8115711e72,15.3472509,-30.703516
786,787,G0158__S02__seed_0004,G0158,Headwear_Racing_helmet,2,picture_backed,Headwear,seed_0004,4,#487848,/mnt/zsn/lyb/arti-skill/exp/uniform531_n5_studio_256_v1/G0158__S02__seed_0004__Headwear_Racing_helmet.png,81648,1adc2d67de8e46fd486605d5d3521f67335a5381962e1a4138c32da4781d7957,15.4781847,-30.1770878
787,788,G0158__S03__seed_0016,G0158,Headwear_Racing_helmet,3,picture_backed,Headwear,seed_0016,16,#487848,/mnt/zsn/lyb/arti-skill/exp/uniform531_n5_studio_256_v1/G0158__S03__seed_0016__Headwear_Racing_helmet.png,79696,6d8c8950fbab51caf9cdda48a3ecb15108b0ec3e09ff25d14a88f0802c016e6c,15.6207285,-30.275116
788,789,G0158__S04__seed_0028,G0158,Headwear_Racing_helmet,4,picture_backed,Headwear,seed_0028,28,#487848,/mnt/zsn/lyb/arti-skill/exp/uniform531_n5_studio_256_v1/G0158__S04__seed_0028__Headwear_Racing_helmet.png,79955,74b732eef377fb92666fae2c01946e45a14a4c7392e7a58c3d5ab8ee4901f618,15.862422,-30.7267399
789,790,G0158__S05__seed_0038,G0158,Headwear_Racing_helmet,5,picture_backed,Headwear,seed_0038,38,#487848,/mnt/zsn/lyb/arti-skill/exp/uniform531_n5_studio_256_v1/G0158__S05__seed_0038__Headwear_Racing_helmet.png,81832,ae13bbaba5bbaf280e3df88ce581562600f516dc85c6dc38a1a97df4960a6f1a,15.7007971,-30.8108082
790,791,G0159__S01__seed_0015,G0159,Healthcare_Adjustable_hospital_bed,1,picture_backed,Healthcare,seed_0015,15,#583838,/mnt/zsn/lyb/arti-skill/exp/uniform531_n5_studio_256_v1/G0159__S01__seed_0015__Healthcare_Adjustable_hospital_bed.png,91694,7b83d871fd5366908b327b3a16eb4d7aa390f65db40792942a086adbb22537b1,-27.6171379,33.114666
791,792,G0159__S02__seed_0004,G0159,Healthcare_Adjustable_hospital_bed,2,picture_backed,Healthcare,seed_0004,4,#583838,/mnt/zsn/lyb/arti-skill/exp/uniform531_n5_studio_256_v1/G0159__S02__seed_0004__Healthcare_Adjustable_hospital_bed.png,80608,c67ace08ca964b641e8f774ef103b1512011f6020d420828a567a036e472ccaf,-29.4780426,33.6106758
792,793,G0159__S03__seed_0048,G0159,Healthcare_Adjustable_hospital_bed,3,picture_backed,Healthcare,seed_0048,48,#583838,/mnt/zsn/lyb/arti-skill/exp/uniform531_n5_studio_256_v1/G0159__S03__seed_0048__Healthcare_Adjustable_hospital_bed.png,88576,907192ad2a4bb06c56f3b64a12341fb079beaf87d178d1e92d074ca0f673ab90,-27.5702209,32.8676987
793,794,G0159__S04__seed_0044,G0159,Healthcare_Adjustable_hospital_bed,4,picture_backed,Healthcare,seed_0044,44,#583838,/mnt/zsn/lyb/arti-skill/exp/uniform531_n5_studio_256_v1/G0159__S04__seed_0044__Healthcare_Adjustable_hospital_bed.png,92026,a71e668c33597a4a760c49e2515c85948332d68c5a2c9d3b76022905c3c628d3,-27.5168076,33.0532188
794,795,G0159__S05__seed_0034,G0159,Healthcare_Adjustable_hospital_bed,5,picture_backed,Healthcare,seed_0034,34,#583838,/mnt/zsn/lyb/arti-skill/exp/uniform531_n5_studio_256_v1/G0159__S05__seed_0034__Healthcare_Adjustable_hospital_bed.png,87763,212682fd235ccccecdcb039b6e7c72ef6839cd20d149eb8fc624cd1a6d22029a,-27.8645935,32.5984344
795,796,G0160__S01__seed_0017,G0160,Healthcare_Crutches,1,picture_backed,Healthcare,seed_0017,17,#486818,/mnt/zsn/lyb/arti-skill/exp/uniform531_n5_studio_256_v1/G0160__S01__seed_0017__Healthcare_Crutches.png,71607,de9a30a8f2fed4d6d117007974c21b1b9bda1c665f168c4de9b3cf321d532042,59.6341171,-10.7395945
796,797,G0160__S02__seed_0014,G0160,Healthcare_Crutches,2,picture_backed,Healthcare,seed_0014,14,#486818,/mnt/zsn/lyb/arti-skill/exp/uniform531_n5_studio_256_v1/G0160__S02__seed_0014__Healthcare_Crutches.png,71068,0f5b6597e3e873123213d8b8d9e2b81cec4ce67c1a73835efe657a5fb1cdfce4,60.3200073,-11.4080906
797,798,G0160__S03__seed_0016,G0160,Healthcare_Crutches,3,picture_backed,Healthcare,seed_0016,16,#486818,/mnt/zsn/lyb/arti-skill/exp/uniform531_n5_studio_256_v1/G0160__S03__seed_0016__Healthcare_Crutches.png,71106,7877b515d0233735c36fe2a0e78cacbbcc37d8e2e9b12b89e6ee62f03091b9b6,60.4630051,-12.0024366
798,799,G0160__S04__seed_0000,G0160,Healthcare_Crutches,4,picture_backed,Healthcare,seed_0000,0,#486818,/mnt/zsn/lyb/arti-skill/exp/uniform531_n5_studio_256_v1/G0160__S04__seed_0000__Healthcare_Crutches.png,69130,29f9d237cdd4c634376bbdd72aad9540724222ce0cc386967b3cbdcc0641b74c,60.0887833,-12.2240601
799,800,G0160__S05__seed_0007,G0160,Healthcare_Crutches,5,picture_backed,Healthcare,seed_0007,7,#486818,/mnt/zsn/lyb/arti-skill/exp/uniform531_n5_studio_256_v1/G0160__S05__seed_0007__Healthcare_Crutches.png,69162,64fe39bd8cc2d9615eb6d3ee23f2c84b4e230b24352cbdd0f66bbdf8b234b20c,59.3361359,-12.1021032
800,801,G0161__S01__seed_0020,G0161,Healthcare_First_aid_box,1,picture_backed,Healthcare,seed_0020,21,#881848,/mnt/zsn/lyb/arti-skill/exp/uniform531_n5_studio_256_v1/G0161__S01__seed_0020__Healthcare_First_aid_box.png,82600,99803c6911e0281c913750f3b9431d4752a33bbacdc12e5d55957e7fbbcb4837,-29.442215,-6.39594173
801,802,G0161__S02__seed_0024,G0161,Healthcare_First_aid_box,2,picture_backed,Healthcare,seed_0024,25,#881848,/mnt/zsn/lyb/arti-skill/exp/uniform531_n5_studio_256_v1/G0161__S02__seed_0024__Healthcare_First_aid_box.png,84653,be04291e531a5dd83f29f5d51c39d2bf62d3af12334c661f780f620ff5a93cbd,-29.2524338,-6.13990831
802,803,G0161__S03__seed_0019,G0161,Healthcare_First_aid_box,3,picture_backed,Healthcare,seed_0019,20,#881848,/mnt/zsn/lyb/arti-skill/exp/uniform531_n5_studio_256_v1/G0161__S03__seed_0019__Healthcare_First_aid_box.png,83917,a5e18f5e82ff4b46066f07dc5ff66b48258819405200fded5d08df2e59050789,-29.1377106,-6.27498484
803,804,G0161__S04__seed_0030,G0161,Healthcare_First_aid_box,4,picture_backed,Healthcare,seed_0030,31,#881848,/mnt/zsn/lyb/arti-skill/exp/uniform531_n5_studio_256_v1/G0161__S04__seed_0030__Healthcare_First_aid_box.png,81972,5d5d8321373d0fd39a1a5a4c3df56e880d9979e65d599307beb15f899b524223,-29.3304577,-6.64926672
804,805,G0161__S05__seed_0018,G0161,Healthcare_First_aid_box,5,picture_backed,Healthcare,seed_0018,19,#881848,/mnt/zsn/lyb/arti-skill/exp/uniform531_n5_studio_256_v1/G0161__S05__seed_0018__Healthcare_First_aid_box.png,82469,4d6a04ed0c8743bc11f48f7d9d5c596f535a166cbf25ddd205a7a2ad45be387a,-29.3047123,-6.32390976
805,806,G0162__S01__seed_0008,G0162,Healthcare_Pill_bottle_box,1,picture_backed,Healthcare,seed_0008,26,#c8c818,/mnt/zsn/lyb/arti-skill/exp/uniform531_n5_studio_256_v1/G0162__S01__seed_0008__Healthcare_Pill_bottle_box.png,72499,493ab3ea871d13615cb882ce72620308d09eac537ae10c2a671be374cb9e43ef,-3.40620184,-17.3976688
806,807,G0162__S02__seed_0048,G0162,Healthcare_Pill_bottle_box,2,picture_backed,Healthcare,seed_0048,141,#c8c818,/mnt/zsn/lyb/arti-skill/exp/uniform531_n5_studio_256_v1/G0162__S02__seed_0048__Healthcare_Pill_bottle_box.png,75992,f6e0f12c166898a1bdabf8fd879c100626b12e9de881da1002a6e7f50a11b561,-17.4767151,7.66320658
807,808,G0162__S03__seed_0046,G0162,Healthcare_Pill_bottle_box,3,picture_backed,Healthcare,seed_0046,137,#c8c818,/mnt/zsn/lyb/arti-skill/exp/uniform531_n5_studio_256_v1/G0162__S03__seed_0046__Healthcare_Pill_bottle_box.png,73327,0f80bc309d92a988d856f070c73700005861265a983fe31c3e926470d3c31224,-3.23335552,-17.3667049
808,809,G0162__S04__seed_0005,G0162,Healthcare_Pill_bottle_box,4,picture_backed,Healthcare,seed_0005,18,#c8c818,/mnt/zsn/lyb/arti-skill/exp/uniform531_n5_studio_256_v1/G0162__S04__seed_0005__Healthcare_Pill_bottle_box.png,72288,e6d5ce7f6c4461260428c2d4b2fb1ed0d1840488d86453968769669693246350,-3.32722425,-17.4430218
809,810,G0162__S05__seed_0061,G0162,Healthcare_Pill_bottle_box,5,picture_backed,Healthcare,seed_0061,179,#c8c818,/mnt/zsn/lyb/arti-skill/exp/uniform531_n5_studio_256_v1/G0162__S05__seed_0061__Healthcare_Pill_bottle_box.png,76832,f7c81ae76b7086fe37a9fdd007c39d837d97de48a57a862ecbf881a3976ffebf,-17.7348328,7.72732306
810,811,G0163__S01__seed_0013,G0163,Healthcare_Prosthetic_limb,1,picture_backed,Healthcare,seed_0013,13,#9898d8,/mnt/zsn/lyb/arti-skill/exp/uniform531_n5_studio_256_v1/G0163__S01__seed_0013__Healthcare_Prosthetic_limb.png,79683,981edbd9e75a836c64c9bb42602412798a7baa33dfd1d1265386ef1c5232b714,36.5289993,-29.9496994
811,812,G0163__S02__seed_0002,G0163,Healthcare_Prosthetic_limb,2,picture_backed,Healthcare,seed_0002,2,#9898d8,/mnt/zsn/lyb/arti-skill/exp/uniform531_n5_studio_256_v1/G0163__S02__seed_0002__Healthcare_Prosthetic_limb.png,80103,755e5697fea9c0245c47366af136818abf0001424b43196d4bf2e892c73e954e,35.6397552,-29.9796753
812,813,G0163__S03__seed_0001,G0163,Healthcare_Prosthetic_limb,3,picture_backed,Healthcare,seed_0001,1,#9898d8,/mnt/zsn/lyb/arti-skill/exp/uniform531_n5_studio_256_v1/G0163__S03__seed_0001__Healthcare_Prosthetic_limb.png,78905,7d7c16b96febd5556af53b09854c3cfe3d07ed5c02ff64e5fdd2930dd2171031,34.9192009,-30.2830868
813,814,G0163__S04__seed_0008,G0163,Healthcare_Prosthetic_limb,4,picture_backed,Healthcare,seed_0008,8,#9898d8,/mnt/zsn/lyb/arti-skill/exp/uniform531_n5_studio_256_v1/G0163__S04__seed_0008__Healthcare_Prosthetic_limb.png,77376,4307bf3215b9b3fe4aa9b0ad7232a484c7685b9ce9816ab0f815a8c2cf63b50a,35.0931549,-30.1278801
814,815,G0163__S05__seed_0015,G0163,Healthcare_Prosthetic_limb,5,picture_backed,Healthcare,seed_0015,15,#9898d8,/mnt/zsn/lyb/arti-skill/exp/uniform531_n5_studio_256_v1/G0163__S05__seed_0015__Healthcare_Prosthetic_limb.png,80051,e8368a306858c5e096a8fe6d2a9a27a80d1645180e8cabb4e7d4795392face2d,36.6267433,-29.9573269
815,816,G0164__S01__seed_0024,G0164,Healthcare_Wheelchair,1,picture_backed,Healthcare,seed_0024,24,#987878,/mnt/zsn/lyb/arti-skill/exp/uniform531_n5_studio_256_v1/G0164__S01__seed_0024__Healthcare_Wheelchair.png,88996,727104a70d82117097856668ff457a855358599e5854a6a8a98907fddc3926fb,11.7383471,62.510807
816,817,G0164__S02__seed_0041,G0164,Healthcare_Wheelchair,2,picture_backed,Healthcare,seed_0041,41,#987878,/mnt/zsn/lyb/arti-skill/exp/uniform531_n5_studio_256_v1/G0164__S02__seed_0041__Healthcare_Wheelchair.png,90978,74bb06bfcc1f79848375dd51914ae6c5a5cbbcea04c0a37a97ffd465d9a4dbee,12.2247677,62.2937012
817,818,G0164__S03__seed_0009,G0164,Healthcare_Wheelchair,3,picture_backed,Healthcare,seed_0009,9,#987878,/mnt/zsn/lyb/arti-skill/exp/uniform531_n5_studio_256_v1/G0164__S03__seed_0009__Healthcare_Wheelchair.png,92039,06017d2ec7377a01f9d3a63039aa08c966c3e2b05e4f029ecc31e5a3504f5bac,12.1201754,62.3931808
818,819,G0164__S04__seed_0035,G0164,Healthcare_Wheelchair,4,picture_backed,Healthcare,seed_0035,35,#987878,/mnt/zsn/lyb/arti-skill/exp/uniform531_n5_studio_256_v1/G0164__S04__seed_0035__Healthcare_Wheelchair.png,89255,c22f19dd2b9e1b4610685dcb8bd67b4fa981ab370a42a7c9d32dc085646580ee,12.2009926,62.0276604
819,820,G0164__S05__seed_0015,G0164,Healthcare_Wheelchair,5,picture_backed,Healthcare,seed_0015,15,#987878,/mnt/zsn/lyb/arti-skill/exp/uniform531_n5_studio_256_v1/G0164__S05__seed_0015__Healthcare_Wheelchair.png,90369,37cf7425c8b8be1b773f27cb97bfff97533fb1c295bb011d89f458effa649b59,12.0450773,62.3562202
820,821,G0165__S01__seed_0010,G0165,hole_punch,1,picture_backed,Workspace,seed_0010,10,#986888,/mnt/zsn/lyb/arti-skill/exp/uniform531_n5_studio_256_v1/G0165__S01__seed_0010__hole_punch.png,83098,fa05eecc091a7d895fd56cdf32d5f80c38c0fc7415db18416caa52183579d894,-0.541668952,18.0803833
821,822,G0165__S02__seed_0017,G0165,hole_punch,2,picture_backed,Workspace,seed_0017,17,#986888,/mnt/zsn/lyb/arti-skill/exp/uniform531_n5_studio_256_v1/G0165__S02__seed_0017__hole_punch.png,90570,ca61af9f711827f2e32551517a24b86de681c7451e411b293027a5ac9a18f2d9,0.165821686,17.3611717
822,823,G0165__S03__seed_0006,G0165,hole_punch,3,picture_backed,Workspace,seed_0006,6,#986888,/mnt/zsn/lyb/arti-skill/exp/uniform531_n5_studio_256_v1/G0165__S03__seed_0006__hole_punch.png,81979,d71cc6d508d510576fb69df045fe0ba9b38c945dba471df078afec7633fbd3f3,19.6638889,12.4231472
823,824,G0165__S04__seed_0003,G0165,hole_punch,4,picture_backed,Workspace,seed_0003,3,#986888,/mnt/zsn/lyb/arti-skill/exp/uniform531_n5_studio_256_v1/G0165__S04__seed_0003__hole_punch.png,87259,74c2787834d4332f8c4e7b1d19d93a925e9e83966bc0652d3a5100dfa3d3a8a2,0.0611693822,17.2909927
824,825,G0165__S05__seed_0011,G0165,hole_punch,5,picture_backed,Workspace,seed_0011,11,#986888,/mnt/zsn/lyb/arti-skill/exp/uniform531_n5_studio_256_v1/G0165__S05__seed_0011__hole_punch.png,87550,b635ca5a780958d191ee64b838d4c178cd664d675f387e9cc17734b27c9f19bf,-0.319886565,17.8856926
825,826,G0166__S01__seed_0909,G0166,Household_Laundry_Clothes_drying_rack_Laundry_drying_rack,1,picture_backed,Household_Laundry,seed_0909,915,#18c868,/mnt/zsn/lyb/arti-skill/exp/uniform531_n5_studio_256_v1/G0166__S01__seed_0909__Household_Laundry_Clothes_drying_rack_Laundry_drying_rack.png,82381,5add4c07d1ac5ca847edc404d80c9c760c3552669654d873e7c1fdffba115441,-25.693573,39.7000313
826,827,G0166__S02__seed_0134,G0166,Household_Laundry_Clothes_drying_rack_Laundry_drying_rack,2,picture_backed,Household_Laundry,seed_0134,135,#18c868,/mnt/zsn/lyb/arti-skill/exp/uniform531_n5_studio_256_v1/G0166__S02__seed_0134__Household_Laundry_Clothes_drying_rack_Laundry_drying_rack.png,77307,41d729508bcd53a6967e2983eb599cbb587c5cd568f7f9aedb5a11857e47d72a,-25.5164871,39.7363472
827,828,G0166__S03__seed_0230,G0166,Household_Laundry_Clothes_drying_rack_Laundry_drying_rack,3,picture_backed,Household_Laundry,seed_0230,233,#18c868,/mnt/zsn/lyb/arti-skill/exp/uniform531_n5_studio_256_v1/G0166__S03__seed_0230__Household_Laundry_Clothes_drying_rack_Laundry_drying_rack.png,89610,c3d69cd94ea4937e64d04cf53deb27ab03983260f4bb9c677dfce5a17198d102,-26.253809,40.6757469
828,829,G0166__S04__seed_1001,G0166,Household_Laundry_Clothes_drying_rack_Laundry_drying_rack,4,picture_backed,Household_Laundry,seed_1001,1007,#18c868,/mnt/zsn/lyb/arti-skill/exp/uniform531_n5_studio_256_v1/G0166__S04__seed_1001__Household_Laundry_Clothes_drying_rack_Laundry_drying_rack.png,85836,3b9a24aa5bfb0be168cf12bb1fcbd3ddccc555c95e4865d6f4e7f69cdd6718b0,-25.9870243,40.3790741
829,830,G0166__S05__seed_0499,G0166,Household_Laundry_Clothes_drying_rack_Laundry_drying_rack,5,picture_backed,Household_Laundry,seed_0499,502,#18c868,/mnt/zsn/lyb/arti-skill/exp/uniform531_n5_studio_256_v1/G0166__S05__seed_0499__Household_Laundry_Clothes_drying_rack_Laundry_drying_rack.png,87088,7234ea0a9aad616a8c9384460c1850dff991e9e1bed9dff4d2c1619e350426d9,-25.8520222,40.4628525
830,831,G0167__S01__seed_0121,G0167,immersion_blender,1,builtin_no_picture,builtin_no_picture,seed_0121,121,#c86848,/mnt/zsn/lyb/arti-skill/exp/uniform531_n5_studio_256_v1/G0167__S01__seed_0121__immersion_blender.png,72183,5ceaf20fc52ae735fecc110c48cba3c1d4aaa4007fafcaea83edcf397f0bf0d1,13.8175173,-54.1117554
831,832,G0167__S02__seed_0001,G0167,immersion_blender,2,builtin_no_picture,builtin_no_picture,seed_0001,1,#c86848,/mnt/zsn/lyb/arti-skill/exp/uniform531_n5_studio_256_v1/G0167__S02__seed_0001__immersion_blender.png,74194,8bebfd46cb5364440491e398ae19c89a0d7a4e3fa16bd5a6e2d3b3f2980e5b1e,13.7671175,-54.0423927
832,833,G0167__S03__seed_0039,G0167,immersion_blender,3,builtin_no_picture,builtin_no_picture,seed_0039,39,#c86848,/mnt/zsn/lyb/arti-skill/exp/uniform531_n5_studio_256_v1/G0167__S03__seed_0039__immersion_blender.png,72251,ab49a575be918fe742a8d8723e8e5084f05ab62612b3aa2b7638ae8ba8b40a9d,13.9738941,-53.7171974
833,834,G0167__S04__seed_0203,G0167,immersion_blender,4,builtin_no_picture,builtin_no_picture,seed_0203,203,#c86848,/mnt/zsn/lyb/arti-skill/exp/uniform531_n5_studio_256_v1/G0167__S04__seed_0203__immersion_blender.png,71416,d9407348a7c0c509103c54c0ec04849e0c668a44dcae7c605cd41c906a66cac9,14.090064,-53.556324
834,835,G0167__S05__seed_0232,G0167,immersion_blender,5,builtin_no_picture,builtin_no_picture,seed_0232,232,#c86848,/mnt/zsn/lyb/arti-skill/exp/uniform531_n5_studio_256_v1/G0167__S05__seed_0232__immersion_blender.png,72591,8b4b6865e4e651e4ecbba24c94c55e9d17ada4f4a26960271067f1a23c24db42,13.78228,-53.6461449
835,836,G0168__S01__seed_0046,G0168,Industrial_Blast_door,1,picture_backed,Industrial,seed_0046,46,#5868b8,/mnt/zsn/lyb/arti-skill/exp/uniform531_n5_studio_256_v1/G0168__S01__seed_0046__Industrial_Blast_door.png,82563,313f969b25aac3f3483bfe190376ee383ac2a58b1daa23f8f0892720a704467e,-41.5758438,-43.5086098
836,837,G0168__S02__seed_0020,G0168,Industrial_Blast_door,2,picture_backed,Industrial,seed_0020,20,#5868b8,/mnt/zsn/lyb/arti-skill/exp/uniform531_n5_studio_256_v1/G0168__S02__seed_0020__Industrial_Blast_door.png,84289,9c02423aad6aecd58a849d78b6ea68b81ad581db878e781e1ab5416b7d1f0551,-42.0827255,-42.6838379
837,838,G0168__S03__seed_0042,G0168,Industrial_Blast_door,3,picture_backed,Industrial,seed_0042,42,#5868b8,/mnt/zsn/lyb/arti-skill/exp/uniform531_n5_studio_256_v1/G0168__S03__seed_0042__Industrial_Blast_door.png,84425,89544ea8cd0501d4c9dd074f671b1614fd949088e2572061e5e151c8bed72b1d,-41.923378,-43.4794579
838,839,G0168__S04__seed_0050,G0168,Industrial_Blast_door,4,picture_backed,Industrial,seed_0050,50,#5868b8,/mnt/zsn/lyb/arti-skill/exp/uniform531_n5_studio_256_v1/G0168__S04__seed_0050__Industrial_Blast_door.png,84468,b9db0301ba43b7402a875deffde27bc03bdf21933b371ae14e287cb6bb84fb39,-42.4130135,-43.2528915
839,840,G0168__S05__seed_0008,G0168,Industrial_Blast_door,5,picture_backed,Industrial,seed_0008,8,#5868b8,/mnt/zsn/lyb/arti-skill/exp/uniform531_n5_studio_256_v1/G0168__S05__seed_0008__Industrial_Blast_door.png,83648,9d304693a4501128d8343bd691e08aa69283d8d6b77f343f079526121ad90c62,-42.3014526,-42.9227562
840,841,G0169__S01__seed_0719,G0169,Industrial_Drill_press_table,1,picture_backed,Industrial,seed_0719,719,#588848,/mnt/zsn/lyb/arti-skill/exp/uniform531_n5_studio_256_v1/G0169__S01__seed_0719__Industrial_Drill_press_table.png,78292,b50c1e4a14b1d1be284a2ddba789bce42652152647bd93b5a38bb7528c5081d2,16.6173496,27.9716568
841,842,G0169__S02__seed_0521,G0169,Industrial_Drill_press_table,2,picture_backed,Industrial,seed_0521,521,#588848,/mnt/zsn/lyb/arti-skill/exp/uniform531_n5_studio_256_v1/G0169__S02__seed_0521__Industrial_Drill_press_table.png,76394,70c4c4c5ebf0bd7a28c0eca506f506e815e467c576cad1ce29db9caf0091be64,16.6225929,28.0275745
842,843,G0169__S03__seed_0213,G0169,Industrial_Drill_press_table,3,picture_backed,Industrial,seed_0213,213,#588848,/mnt/zsn/lyb/arti-skill/exp/uniform531_n5_studio_256_v1/G0169__S03__seed_0213__Industrial_Drill_press_table.png,77737,cf4f36a0f73748b24ca316343b2bcd4fed930cd2946c5b00986efaddcb669e00,15.8776121,26.1421432
843,844,G0169__S04__seed_0438,G0169,Industrial_Drill_press_table,4,picture_backed,Industrial,seed_0438,438,#588848,/mnt/zsn/lyb/arti-skill/exp/uniform531_n5_studio_256_v1/G0169__S04__seed_0438__Industrial_Drill_press_table.png,78661,a78e4e1dd85ff2c52603d8e49d92826391355fe25216ba581144053e35f18993,15.7815218,26.160059
844,845,G0169__S05__seed_0525,G0169,Industrial_Drill_press_table,5,picture_backed,Industrial,seed_0525,525,#588848,/mnt/zsn/lyb/arti-skill/exp/uniform531_n5_studio_256_v1/G0169__S05__seed_0525__Industrial_Drill_press_table.png,76982,d5e3c2375de3a62a049de12e197c4ab4a1310611d63888e9f3f19b6889cb9f2f,16.140522,26.0291538
845,846,G0170__S01__seed_0025,G0170,Industrial_Electric_Saw,1,picture_backed,Industrial,seed_0025,25,#284838,/mnt/zsn/lyb/arti-skill/exp/uniform531_n5_studio_256_v1/G0170__S01__seed_0025__Industrial_Electric_Saw.png,86343,cfa131329c7945dadd90ca74afcfed90329adc3f3a9af07f75e979265a0b49ba,11.2210417,-4.96005678
846,847,G0170__S02__seed_0022,G0170,Industrial_Electric_Saw,2,picture_backed,Industrial,seed_0022,22,#284838,/mnt/zsn/lyb/arti-skill/exp/uniform531_n5_studio_256_v1/G0170__S02__seed_0022__Industrial_Electric_Saw.png,84326,ad0dc6f0a7a573884a660c1ae35cd53103f061b1ebda9f1ad3f4a9b9d88485c7,11.4069786,-5.00466824
847,848,G0170__S03__seed_0030,G0170,Industrial_Electric_Saw,3,picture_backed,Industrial,seed_0030,30,#284838,/mnt/zsn/lyb/arti-skill/exp/uniform531_n5_studio_256_v1/G0170__S03__seed_0030__Industrial_Electric_Saw.png,73208,1ce6f248439344c6b98a3ed4eba5cb21083639b3b5cd598dad7fbb2bcd507b43,36.8056984,13.1337299
848,849,G0170__S04__seed_0007,G0170,Industrial_Electric_Saw,4,picture_backed,Industrial,seed_0007,7,#284838,/mnt/zsn/lyb/arti-skill/exp/uniform531_n5_studio_256_v1/G0170__S04__seed_0007__Industrial_Electric_Saw.png,82949,7e9f1a09d18247edd8deeb1a9b2170c700cc4d64f6f28fec5d375c3ba10a267b,11.184226,-4.98614883
849,850,G0170__S05__seed_0026,G0170,Industrial_Electric_Saw,5,picture_backed,Industrial,seed_0026,26,#284838,/mnt/zsn/lyb/arti-skill/exp/uniform531_n5_studio_256_v1/G0170__S05__seed_0026__Industrial_Electric_Saw.png,76627,db06fe8b2fe57dece601cf43f53716b0d0779362802bbdfdc5f9870710e1324b,36.8312683,13.1138601
850,851,G0171__S01__seed_0111,G0171,Industrial_Hydraulic_press,1,picture_backed,Industrial,seed_0111,172,#78d8c8,/mnt/zsn/lyb/arti-skill/exp/uniform531_n5_studio_256_v1/G0171__S01__seed_0111__Industrial_Hydraulic_press.png,88382,02c7a448107146ff8c5b272d816b2414a5710a6972e8d2615379221549315ebe,8.0993309,9.70390224
851,852,G0171__S02__seed_0045,G0171,Industrial_Hydraulic_press,2,picture_backed,Industrial,seed_0045,70,#78d8c8,/mnt/zsn/lyb/arti-skill/exp/uniform531_n5_studio_256_v1/G0171__S02__seed_0045__Industrial_Hydraulic_press.png,90175,967c808eb523eb2da6fe9d9f5f44f09338568ae8ef2aecd42af607d7118041e0,8.05352116,9.71855164
852,853,G0171__S03__seed_0053,G0171,Industrial_Hydraulic_press,3,picture_backed,Industrial,seed_0053,83,#78d8c8,/mnt/zsn/lyb/arti-skill/exp/uniform531_n5_studio_256_v1/G0171__S03__seed_0053__Industrial_Hydraulic_press.png,84289,888571f87edd0e4e00aa00d537dfeee9ba00dce5f4a67f1dafb60f1b855b4e2e,9.11052227,15.4644756
853,854,G0171__S04__seed_0229,G0171,Industrial_Hydraulic_press,4,picture_backed,Industrial,seed_0229,357,#78d8c8,/mnt/zsn/lyb/arti-skill/exp/uniform531_n5_studio_256_v1/G0171__S04__seed_0229__Industrial_Hydraulic_press.png,82163,ab51ca368351d4e75210dbe3653ad2567dfb497fa482e4228d761d355e822f23,9.13232327,15.2626047
854,855,G0171__S05__seed_0060,G0171,Industrial_Hydraulic_press,5,picture_backed,Industrial,seed_0060,92,#78d8c8,/mnt/zsn/lyb/arti-skill/exp/uniform531_n5_studio_256_v1/G0171__S05__seed_0060__Industrial_Hydraulic_press.png,85930,ce911619f351899d28c8814705c6c65c0c8494176fbabc566734352128f046a1,9.27813721,15.3579121
855,856,G0172__S01__seed_0143,G0172,Industrial_Industrial_vice,1,picture_backed,Industrial,seed_0143,143,#183898,/mnt/zsn/lyb/arti-skill/exp/uniform531_n5_studio_256_v1/G0172__S01__seed_0143__Industrial_Industrial_vice.png,78582,3dcc8160e50a1c885e1bb362e66ab3731cda95020024009b6731a6f96122b3f7,16.4489346,5.61904573
856,857,G0172__S02__seed_0161,G0172,Industrial_Industrial_vice,2,picture_backed,Industrial,seed_0161,161,#183898,/mnt/zsn/lyb/arti-skill/exp/uniform531_n5_studio_256_v1/G0172__S02__seed_0161__Industrial_Industrial_vice.png,78248,e3c1ab0f39b51a6ff5588b8c6ca19096accd1fb526c707f490f50553ad471395,16.0977116,5.58553743
857,858,G0172__S03__seed_0174,G0172,Industrial_Industrial_vice,3,picture_backed,Industrial,seed_0174,174,#183898,/mnt/zsn/lyb/arti-skill/exp/uniform531_n5_studio_256_v1/G0172__S03__seed_0174__Industrial_Industrial_vice.png,79273,b535408a6b4785bba83cf0b471f96bd4420d48480170af1dbb6c5bb492f633b8,15.9422493,5.61593819
858,859,G0172__S04__seed_0086,G0172,Industrial_Industrial_vice,4,picture_backed,Industrial,seed_0086,86,#183898,/mnt/zsn/lyb/arti-skill/exp/uniform531_n5_studio_256_v1/G0172__S04__seed_0086__Industrial_Industrial_vice.png,81205,aa0496fe1d00c68872199cc9a32d69c835ade501fac0c0cf8e284f4f52817a39,16.3048801,5.93168068
859,860,G0172__S05__seed_0042,G0172,Industrial_Industrial_vice,5,picture_backed,Industrial,seed_0042,42,#183898,/mnt/zsn/lyb/arti-skill/exp/uniform531_n5_studio_256_v1/G0172__S05__seed_0042__Industrial_Industrial_vice.png,73434,5f65a3cb77b476c07208a74b9d36201ca686b92f5c90dcaeccc0644b9f5c5e32,16.7423553,5.08469629
860,861,G0173__S01__seed_0060,G0173,Industrial_Mine_cart,1,picture_backed,Industrial,seed_0060,63,#288888,/mnt/zsn/lyb/arti-skill/exp/uniform531_n5_studio_256_v1/G0173__S01__seed_0060__Industrial_Mine_cart.png,88868,a476528c3f1cd1456a9e35736e19ff92bc2eca870214ebb2ba4c67bf45b36fdb,1.35071981,60.0749283
861,862,G0173__S02__seed_0170,G0173,Industrial_Mine_cart,2,picture_backed,Industrial,seed_0170,175,#288888,/mnt/zsn/lyb/arti-skill/exp/uniform531_n5_studio_256_v1/G0173__S02__seed_0170__Industrial_Mine_cart.png,88939,6d0e2cfedc8a403fa60f3448f7b4450361413abe64a4c73e001b605bac326118,1.91925752,60.6858864
862,863,G0173__S03__seed_0718,G0173,Industrial_Mine_cart,3,picture_backed,Industrial,seed_0718,737,#288888,/mnt/zsn/lyb/arti-skill/exp/uniform531_n5_studio_256_v1/G0173__S03__seed_0718__Industrial_Mine_cart.png,87663,01cac730b47bd12d285434e7b6af1aa78c6225fb57234c839ca80ccf819833b5,1.43919408,59.993084
863,864,G0173__S04__seed_0801,G0173,Industrial_Mine_cart,4,picture_backed,Industrial,seed_0801,823,#288888,/mnt/zsn/lyb/arti-skill/exp/uniform531_n5_studio_256_v1/G0173__S04__seed_0801__Industrial_Mine_cart.png,87970,cad7c470fd34cf0c7b39053150049ebfa9fffcd3620de46a24bfcf4392b7b147,2.38255501,60.8534164
864,865,G0173__S05__seed_0429,G0173,Industrial_Mine_cart,5,picture_backed,Industrial,seed_0429,442,#288888,/mnt/zsn/lyb/arti-skill/exp/uniform531_n5_studio_256_v1/G0173__S05__seed_0429__Industrial_Mine_cart.png,87400,abbf8e76cddbaf4d7ae77657f7b009e010944dbd1da3566d57bb757970d8fc5a,2.09116673,61.391571
865,866,G0174__S01__seed_0517,G0174,Industrial_Ore_crusher_jaw,1,picture_backed,Industrial,seed_0517,517,#289868,/mnt/zsn/lyb/arti-skill/exp/uniform531_n5_studio_256_v1/G0174__S01__seed_0517__Industrial_Ore_crusher_jaw.png,85278,e2ba7c0a02463949c7d3534f0ffcc3b7f213d71320f4a342ccd8d82b34606e8c,10.6272764,0.146097064
866,867,G0174__S02__seed_0203,G0174,Industrial_Ore_crusher_jaw,2,picture_backed,Industrial,seed_0203,203,#289868,/mnt/zsn/lyb/arti-skill/exp/uniform531_n5_studio_256_v1/G0174__S02__seed_0203__Industrial_Ore_crusher_jaw.png,83867,7c823825ab9edf4d0f9d7f7219fdc513a6489e33b4515c6d7494fff28efb88a4,9.79778099,0.0543124676
867,868,G0174__S03__seed_0419,G0174,Industrial_Ore_crusher_jaw,3,picture_backed,Industrial,seed_0419,419,#289868,/mnt/zsn/lyb/arti-skill/exp/uniform531_n5_studio_256_v1/G0174__S03__seed_0419__Industrial_Ore_crusher_jaw.png,84253,1df24ffb3a740a6a92962839bb3cd5584d6cf2af7e73b0f0c6a32b7c6b48c396,10.3385668,0.155435115
868,869,G0174__S04__seed_0435,G0174,Industrial_Ore_crusher_jaw,4,picture_backed,Industrial,seed_0435,435,#289868,/mnt/zsn/lyb/arti-skill/exp/uniform531_n5_studio_256_v1/G0174__S04__seed_0435__Industrial_Ore_crusher_jaw.png,87581,18758a514678b3a82a9d4ca46c479440c04a3972df1c6d236eb75706b3473da9,9.85837173,0.0899262205
869,870,G0174__S05__seed_0392,G0174,Industrial_Ore_crusher_jaw,5,picture_backed,Industrial,seed_0392,392,#289868,/mnt/zsn/lyb/arti-skill/exp/uniform531_n5_studio_256_v1/G0174__S05__seed_0392__Industrial_Ore_crusher_jaw.png,89556,13d82bdb0e1f112076e0c21cc94668841f7370b31860501a6f6389dadf74b96f,9.41223621,-0.234167188
870,871,G0175__S01__seed_0004,G0175,Industrial_Safety_cage,1,picture_backed,Industrial,seed_0004,4,#785858,/mnt/zsn/lyb/arti-skill/exp/uniform531_n5_studio_256_v1/G0175__S01__seed_0004__Industrial_Safety_cage.png,92329,42ec6dc68274cc295696b7168a5a685ad40cb0938a309de8a774259f7a3ce16f,-39.2163696,-15.0876522
871,872,G0175__S02__seed_0026,G0175,Industrial_Safety_cage,2,picture_backed,Industrial,seed_0026,26,#785858,/mnt/zsn/lyb/arti-skill/exp/uniform531_n5_studio_256_v1/G0175__S02__seed_0026__Industrial_Safety_cage.png,89537,d5debfb533c3a97b65158b0d9183cbac4c85a4559f6369f4196fe69fbcd5a2c2,-38.6504211,-15.1626701
872,873,G0175__S03__seed_0158,G0175,Industrial_Safety_cage,3,picture_backed,Industrial,seed_0158,159,#785858,/mnt/zsn/lyb/arti-skill/exp/uniform531_n5_studio_256_v1/G0175__S03__seed_0158__Industrial_Safety_cage.png,87190,dda9a4aa702946830a007e3a114ef6404a3c205299a3d14680685fa92cc7c109,-37.9849358,-15.0285244
873,874,G0175__S04__seed_0131,G0175,Industrial_Safety_cage,4,picture_backed,Industrial,seed_0131,132,#785858,/mnt/zsn/lyb/arti-skill/exp/uniform531_n5_studio_256_v1/G0175__S04__seed_0131__Industrial_Safety_cage.png,89474,ec52ebce3ffdffe202c35e2c2a1ee379b928a7c32fe28268f37d77b366124a72,-45.9279556,9.41176319
874,875,G0175__S05__seed_0134,G0175,Industrial_Safety_cage,5,picture_backed,Industrial,seed_0134,135,#785858,/mnt/zsn/lyb/arti-skill/exp/uniform531_n5_studio_256_v1/G0175__S05__seed_0134__Industrial_Safety_cage.png,84369,ff99b7c2817f55de3e3c6e3a235e7d2baa7c473015d11ec12388f325b678631b,-46.1522102,9.70140553
875,876,G0176__S01__seed_0031,G0176,ironing_board,1,picture_backed,Textiles_Fabric,seed_0031,34,#18c8e8,/mnt/zsn/lyb/arti-skill/exp/uniform531_n5_studio_256_v1/G0176__S01__seed_0031__ironing_board.png,79235,369056f7302ab12737a9b9af6e022af9ba69a226f6678a329be8f1c624535d81,-30.8340702,42.8697052
876,877,G0176__S02__seed_0214,G0176,ironing_board,2,picture_backed,Textiles_Fabric,seed_0214,237,#18c8e8,/mnt/zsn/lyb/arti-skill/exp/uniform531_n5_studio_256_v1/G0176__S02__seed_0214__ironing_board.png,79344,15ad6fe9386fb4e31b996d5de7ffafc088fb153fb17fe77dbae45355f6eb0d09,-30.0884514,42.725647
877,878,G0176__S03__seed_0081,G0176,ironing_board,3,picture_backed,Textiles_Fabric,seed_0081,88,#18c8e8,/mnt/zsn/lyb/arti-skill/exp/uniform531_n5_studio_256_v1/G0176__S03__seed_0081__ironing_board.png,81014,26752e6f37999c5ecc7db9f470f4ca00779349f25a7bd2c3e28a73e94a0dc7e0,-30.4718857,42.4050293
878,879,G0176__S04__seed_0225,G0176,ironing_board,4,picture_backed,Textiles_Fabric,seed_0225,250,#18c8e8,/mnt/zsn/lyb/arti-skill/exp/uniform531_n5_studio_256_v1/G0176__S04__seed_0225__ironing_board.png,78946,6bbffca6e67edd6d59b7a2533f97a0dfea3be01279a0c75f3e631ae8a8b59c9f,-30.4855633,42.6863403
879,880,G0176__S05__seed_0066,G0176,ironing_board,5,picture_backed,Textiles_Fabric,seed_0066,71,#18c8e8,/mnt/zsn/lyb/arti-skill/exp/uniform531_n5_studio_256_v1/G0176__S05__seed_0066__ironing_board.png,78778,8b54eb0d6441328fc4b7cacdbf7d59913066fba690d5a3a75e97ffd0dcaef0a3,-30.0197525,42.813755
880,881,G0177__S01__seed_0913,G0177,jet_engine,1,builtin_no_picture,builtin_no_picture,seed_0913,914,#a8b898,/mnt/zsn/lyb/arti-skill/exp/uniform531_n5_studio_256_v1/G0177__S01__seed_0913__jet_engine.png,82383,56e8742364a4ba566c6beaaf969f59482327527b32d9ccf96a2e4824e89d2fbf,13.1456785,-7.55409241
881,882,G0177__S02__seed_0811,G0177,jet_engine,2,builtin_no_picture,builtin_no_picture,seed_0811,812,#a8b898,/mnt/zsn/lyb/arti-skill/exp/uniform531_n5_studio_256_v1/G0177__S02__seed_0811__jet_engine.png,86828,f14ec5af7eaca51fa311da014246a4df423316d8ad06ca72caf877ae75e41fcf,45.7039566,-20.9023781
882,883,G0177__S03__seed_1495,G0177,jet_engine,3,builtin_no_picture,builtin_no_picture,seed_1495,1496,#a8b898,/mnt/zsn/lyb/arti-skill/exp/uniform531_n5_studio_256_v1/G0177__S03__seed_1495__jet_engine.png,76487,85f7aa957cb2f70a2a735c3c75e868cc453f8abaada8052ffd46c2151d87acb6,50.4842415,-26.0969887
883,884,G0177__S04__seed_0169,G0177,jet_engine,4,builtin_no_picture,builtin_no_picture,seed_0169,169,#a8b898,/mnt/zsn/lyb/arti-skill/exp/uniform531_n5_studio_256_v1/G0177__S04__seed_0169__jet_engine.png,85793,dc9bb63e3170af200ec8e9968c65dc8aa0e6aff333b92fbcab28d08afed034a3,45.7844734,-20.9608135
884,885,G0177__S05__seed_0104,G0177,jet_engine,5,builtin_no_picture,builtin_no_picture,seed_0104,104,#a8b898,/mnt/zsn/lyb/arti-skill/exp/uniform531_n5_studio_256_v1/G0177__S05__seed_0104__jet_engine.png,82074,1ea167801626b4133b844277aa0dc1c9f3ed5cea6095f434e26d013405a9759f,13.3146076,-7.43696976
885,886,G0178__S01__seed_0004,G0178,Kitchen_Air_fryer,1,picture_backed,Kitchen,seed_0004,4,#78c868,/mnt/zsn/lyb/arti-skill/exp/uniform531_n5_studio_256_v1/G0178__S01__seed_0004__Kitchen_Air_fryer.png,86590,0d893a0edecf46a1f2f603606fbc8c471f70eefb385527bdbb2b59b5c32b9ec3,-36.8694191,-7.23947287
886,887,G0178__S02__seed_0007,G0178,Kitchen_Air_fryer,2,picture_backed,Kitchen,seed_0007,7,#78c868,/mnt/zsn/lyb/arti-skill/exp/uniform531_n5_studio_256_v1/G0178__S02__seed_0007__Kitchen_Air_fryer.png,83566,f463ad872e98f7c594fae46c1deddb881e123e0dba3727879368ca0e5464e3c7,-36.8242493,-6.97513628
887,888,G0178__S03__seed_0024,G0178,Kitchen_Air_fryer,3,picture_backed,Kitchen,seed_0024,24,#78c868,/mnt/zsn/lyb/arti-skill/exp/uniform531_n5_studio_256_v1/G0178__S03__seed_0024__Kitchen_Air_fryer.png,81515,594f394584308d1968953d476551dd12f25352b4540b3abba117c909f33aab0e,-38.3051224,-8.03924942
888,889,G0178__S04__seed_0001,G0178,Kitchen_Air_fryer,4,picture_backed,Kitchen,seed_0001,1,#78c868,/mnt/zsn/lyb/arti-skill/exp/uniform531_n5_studio_256_v1/G0178__S04__seed_0001__Kitchen_Air_fryer.png,83873,564e45514eb495d6b82c8d35a5392cd4e06e2ea71f015f999c5701a335a7a29a,-37.5637589,-8.1563139
889,890,G0178__S05__seed_0022,G0178,Kitchen_Air_fryer,5,picture_backed,Kitchen,seed_0022,22,#78c868,/mnt/zsn/lyb/arti-skill/exp/uniform531_n5_studio_256_v1/G0178__S05__seed_0022__Kitchen_Air_fryer.png,87113,d1009ab8022950dd380478e1e6127c1fad6401a55fff030f3487761aac5e960e,-37.9472885,-7.99762058
890,891,G0179__S01__seed_0019,G0179,Kitchen_Coffee_machine,1,picture_backed,Kitchen,seed_0019,21,#187868,/mnt/zsn/lyb/arti-skill/exp/uniform531_n5_studio_256_v1/G0179__S01__seed_0019__Kitchen_Coffee_machine.png,85962,c045d83f061e890eb080ceaec3b0dc77a647aef55306745fed4c3082024b3427,-47.3124504,-8.57278442
891,892,G0179__S02__seed_0012,G0179,Kitchen_Coffee_machine,2,picture_backed,Kitchen,seed_0012,13,#187868,/mnt/zsn/lyb/arti-skill/exp/uniform531_n5_studio_256_v1/G0179__S02__seed_0012__Kitchen_Coffee_machine.png,85855,e81e42906866a793927eed7e026221324aa522e1cf323b1b6200664fc8e37023,-47.6602516,-8.12462425
892,893,G0179__S03__seed_0008,G0179,Kitchen_Coffee_machine,3,picture_backed,Kitchen,seed_0008,9,#187868,/mnt/zsn/lyb/arti-skill/exp/uniform531_n5_studio_256_v1/G0179__S03__seed_0008__Kitchen_Coffee_machine.png,84598,c373c9dc189027aa4ba0f0b131231f1fac6403d692a72ce157cb65c665129139,-47.5115929,-7.97457981
893,894,G0179__S04__seed_0005,G0179,Kitchen_Coffee_machine,4,picture_backed,Kitchen,seed_0005,6,#187868,/mnt/zsn/lyb/arti-skill/exp/uniform531_n5_studio_256_v1/G0179__S04__seed_0005__Kitchen_Coffee_machine.png,83413,3cbfe5e415c6d2d7d54a762403ae34b09280afb1df8ff9d2ba0bca1d2a730c46,-47.5020142,-8.36037636
894,895,G0179__S05__seed_0001,G0179,Kitchen_Coffee_machine,5,picture_backed,Kitchen,seed_0001,1,#187868,/mnt/zsn/lyb/arti-skill/exp/uniform531_n5_studio_256_v1/G0179__S05__seed_0001__Kitchen_Coffee_machine.png,88617,1db0d7fb4e1218c17ac4ddd7e84c4808a3e6920792bb32073baf2afef1e48931,-47.4316483,-8.27895164
895,896,G0180__S01__seed_0013,G0180,Kitchen_Corkscrew,1,picture_backed,Kitchen,seed_0013,13,#78d858,/mnt/zsn/lyb/arti-skill/exp/uniform531_n5_studio_256_v1/G0180__S01__seed_0013__Kitchen_Corkscrew.png,75307,58820eda0d2fdb0d84dcbdded4501510993e7a1d6f53e607dc8e3185f2c44fe5,31.4212532,-16.2335911
896,897,G0180__S02__seed_0004,G0180,Kitchen_Corkscrew,2,picture_backed,Kitchen,seed_0004,4,#78d858,/mnt/zsn/lyb/arti-skill/exp/uniform531_n5_studio_256_v1/G0180__S02__seed_0004__Kitchen_Corkscrew.png,74630,a98084e2a106c70008fa8cb5ac8183c55f062146f12dc9dd47547a63bdca2f80,30.4895878,-16.2051487
897,898,G0180__S03__seed_0026,G0180,Kitchen_Corkscrew,3,picture_backed,Kitchen,seed_0026,26,#78d858,/mnt/zsn/lyb/arti-skill/exp/uniform531_n5_studio_256_v1/G0180__S03__seed_0026__Kitchen_Corkscrew.png,79264,d863eede3558788ba891f76da4607bd7e6b36f5345c1273b19c7748e13b7db22,30.9638481,-16.8244457
898,899,G0180__S04__seed_0014,G0180,Kitchen_Corkscrew,4,picture_backed,Kitchen,seed_0014,14,#78d858,/mnt/zsn/lyb/arti-skill/exp/uniform531_n5_studio_256_v1/G0180__S04__seed_0014__Kitchen_Corkscrew.png,74957,acf3cc8955dade56eef0cec45c61413fe1d07b7dd86db1f19a9c61786aa44345,31.411171,-16.270359
899,900,G0180__S05__seed_0025,G0180,Kitchen_Corkscrew,5,picture_backed,Kitchen,seed_0025,25,#78d858,/mnt/zsn/lyb/arti-skill/exp/uniform531_n5_studio_256_v1/G0180__S05__seed_0025__Kitchen_Corkscrew.png,80878,7caee97c3b84daea3d951a0168a501d6e15b3dcaeb0ea94282ec24a4b59ab260,30.7486286,-16.9697285
900,901,G0181__S01__seed_0001,G0181,Kitchen_Dish_washer,1,picture_backed,Kitchen,seed_0001,1,#786818,/mnt/zsn/lyb/arti-skill/exp/uniform531_n5_studio_256_v1/G0181__S01__seed_0001__Kitchen_Dish_washer.png,79011,f94cbe074adc442b00b1b82a66a6794e939ca583ec03d50a4abae8a3f6483c73,-41.1215744,-3.31654191
901,902,G0181__S02__seed_0010,G0181,Kitchen_Dish_washer,2,picture_backed,Kitchen,seed_0010,10,#786818,/mnt/zsn/lyb/arti-skill/exp/uniform531_n5_studio_256_v1/G0181__S02__seed_0010__Kitchen_Dish_washer.png,75929,6496b1fd255286140ac81ef1dbe4a61ac77857965939e6c19e66a1b8c35b9b97,-41.1953201,-3.5131669
902,903,G0181__S03__seed_0009,G0181,Kitchen_Dish_washer,3,picture_backed,Kitchen,seed_0009,9,#786818,/mnt/zsn/lyb/arti-skill/exp/uniform531_n5_studio_256_v1/G0181__S03__seed_0009__Kitchen_Dish_washer.png,85238,51ac2debc46fd76b415b15908606bd48d582b3f0c6999dbebb854e5cf5a4d4b5,-41.8860512,-3.23766255
903,904,G0181__S04__seed_0013,G0181,Kitchen_Dish_washer,4,picture_backed,Kitchen,seed_0013,13,#786818,/mnt/zsn/lyb/arti-skill/exp/uniform531_n5_studio_256_v1/G0181__S04__seed_0013__Kitchen_Dish_washer.png,77327,a7841b2cc121fa3ef9cbda342eb8f6793ee2a4ac0cd62e7f66b64be34761fcc3,-41.3282547,-3.65800142
904,905,G0181__S05__seed_0014,G0181,Kitchen_Dish_washer,5,picture_backed,Kitchen,seed_0014,14,#786818,/mnt/zsn/lyb/arti-skill/exp/uniform531_n5_studio_256_v1/G0181__S05__seed_0014__Kitchen_Dish_washer.png,82074,19ae05323bb3a16d867114b7020798715d3a8920a31e6ae9baa96a3d110cb677,-41.4681778,-3.42093182
905,906,G0182__S01__seed_0013,G0182,Kitchen_Hood,1,picture_backed,Kitchen,seed_0013,13,#6838c8,/mnt/zsn/lyb/arti-skill/exp/uniform531_n5_studio_256_v1/G0182__S01__seed_0013__Kitchen_Hood.png,78733,8212e8ebef6b39aad0f1d221fc627e64964a83fddb7dedb0513334af256925d3,-18.118475,-43.7834549
906,907,G0182__S02__seed_0069,G0182,Kitchen_Hood,2,picture_backed,Kitchen,seed_0069,69,#6838c8,/mnt/zsn/lyb/arti-skill/exp/uniform531_n5_studio_256_v1/G0182__S02__seed_0069__Kitchen_Hood.png,77694,0a2103e7c04ae8e4512bf2e29500ccb0c1b4687cbd14d2b7d5696b9c85b98da9,-18.1035194,-44.663311
907,908,G0182__S03__seed_0073,G0182,Kitchen_Hood,3,picture_backed,Kitchen,seed_0073,73,#6838c8,/mnt/zsn/lyb/arti-skill/exp/uniform531_n5_studio_256_v1/G0182__S03__seed_0073__Kitchen_Hood.png,80459,6c5a21ebeedfec155eaa068a95cc7da922bf674de83060ac7d4154e544dd0903,-18.2734108,-43.766674
908,909,G0182__S04__seed_0031,G0182,Kitchen_Hood,4,picture_backed,Kitchen,seed_0031,31,#6838c8,/mnt/zsn/lyb/arti-skill/exp/uniform531_n5_studio_256_v1/G0182__S04__seed_0031__Kitchen_Hood.png,78716,ae237720a9be200ae7fe057e66defbc88c7db1a3e256d6db9ac82d0d9908a9c2,-18.4647274,-44.3838844
909,910,G0182__S05__seed_0064,G0182,Kitchen_Hood,5,picture_backed,Kitchen,seed_0064,64,#6838c8,/mnt/zsn/lyb/arti-skill/exp/uniform531_n5_studio_256_v1/G0182__S05__seed_0064__Kitchen_Hood.png,76953,764fce3ccbb5d60bfbd473e4b0c0c0c4aad171f5c74b49b1d041c6fcc488ba26,-18.2755814,-43.9371681
910,911,G0183__S01__seed_0050,G0183,Kitchen_Knife_set,1,picture_backed,Kitchen,seed_0050,67,#d88888,/mnt/zsn/lyb/arti-skill/exp/uniform531_n5_studio_256_v1/G0183__S01__seed_0050__Kitchen_Knife_set.png,83152,c517ade8b664ef0a4ca940d00955d6cbe3d3aa421099b6d0dbbd7d7faaa36f97,-13.0614595,-6.0870657
911,912,G0183__S02__seed_0048,G0183,Kitchen_Knife_set,2,picture_backed,Kitchen,seed_0048,65,#d88888,/mnt/zsn/lyb/arti-skill/exp/uniform531_n5_studio_256_v1/G0183__S02__seed_0048__Kitchen_Knife_set.png,89355,b00b80aed0c60628b0b8f606009e19e3994ccc7f9d774bf04a6d1181bd0bc745,-13.7414999,-6.25519943
912,913,G0183__S03__seed_0056,G0183,Kitchen_Knife_set,3,picture_backed,Kitchen,seed_0056,73,#d88888,/mnt/zsn/lyb/arti-skill/exp/uniform531_n5_studio_256_v1/G0183__S03__seed_0056__Kitchen_Knife_set.png,84601,857246b4afedf25bbc43b3e8b99b26b76995969ff9f06eb9d61ea826564af8f9,-13.4142208,-6.14465523
913,914,G0183__S04__seed_0009,G0183,Kitchen_Knife_set,4,picture_backed,Kitchen,seed_0009,11,#d88888,/mnt/zsn/lyb/arti-skill/exp/uniform531_n5_studio_256_v1/G0183__S04__seed_0009__Kitchen_Knife_set.png,79203,7083a68da51390f8cd2fdc3e7024afcdcd6eacbcc90b6a462474f0ac5a83acb4,-12.9713955,-6.07648373
914,915,G0183__S05__seed_0029,G0183,Kitchen_Knife_set,5,picture_backed,Kitchen,seed_0029,42,#d88888,/mnt/zsn/lyb/arti-skill/exp/uniform531_n5_studio_256_v1/G0183__S05__seed_0029__Kitchen_Knife_set.png,83689,19f1964c6ec2970a747909e6b65f099e7f06ca1ace984b05b9e521926e85a197,-12.9775572,-6.08716297
915,916,G0184__S01__seed_0246,G0184,Kitchen_Microwave,1,picture_backed,Kitchen,seed_0246,288,#38c898,/mnt/zsn/lyb/arti-skill/exp/uniform531_n5_studio_256_v1/G0184__S01__seed_0246__Kitchen_Microwave.png,85680,a459517918b21473068590c4ecb1b918a468c0adff04abfbe50cb72fbed8334b,-54.6407356,-14.9733791
916,917,G0184__S02__seed_0051,G0184,Kitchen_Microwave,2,picture_backed,Kitchen,seed_0051,61,#38c898,/mnt/zsn/lyb/arti-skill/exp/uniform531_n5_studio_256_v1/G0184__S02__seed_0051__Kitchen_Microwave.png,90293,22259b77ed4db60a97093e44d814cde7cff66f049e52cc447d32bdd4b9186863,-55.634201,-14.8856115
917,918,G0184__S03__seed_0550,G0184,Kitchen_Microwave,3,picture_backed,Kitchen,seed_0550,657,#38c898,/mnt/zsn/lyb/arti-skill/exp/uniform531_n5_studio_256_v1/G0184__S03__seed_0550__Kitchen_Microwave.png,85086,f9540c62d87717d0070a65808c583e5d1f22d93e9c7d82b47bee727cd81e1d55,-55.0581055,-14.3603764
918,919,G0184__S04__seed_0350,G0184,Kitchen_Microwave,4,picture_backed,Kitchen,seed_0350,411,#38c898,/mnt/zsn/lyb/arti-skill/exp/uniform531_n5_studio_256_v1/G0184__S04__seed_0350__Kitchen_Microwave.png,85143,3f34ae1b925c0d41e131cbffcbeabbaaf79be0a68c89284a3ee3594a7434d43d,-54.6110764,-14.9527121
919,920,G0184__S05__seed_0511,G0184,Kitchen_Microwave,5,picture_backed,Kitchen,seed_0511,606,#38c898,/mnt/zsn/lyb/arti-skill/exp/uniform531_n5_studio_256_v1/G0184__S05__seed_0511__Kitchen_Microwave.png,86052,6bef2aba20a880b09a2e884d8dfa36fbfe5a85ca237da601e11285fcd10328e9,-55.1796379,-14.6616764
920,921,G0185__S01__seed_0035,G0185,Kitchen_Toaster,1,picture_backed,Kitchen,seed_0035,44,#b85888,/mnt/zsn/lyb/arti-skill/exp/uniform531_n5_studio_256_v1/G0185__S01__seed_0035__Kitchen_Toaster.png,88488,3ba7c36cf83ea927da66f4950a971d22d4b578304b5d56ca8b712601386c8bf3,-21.0918884,-23.8957596
921,922,G0185__S02__seed_0021,G0185,Kitchen_Toaster,2,picture_backed,Kitchen,seed_0021,25,#b85888,/mnt/zsn/lyb/arti-skill/exp/uniform531_n5_studio_256_v1/G0185__S02__seed_0021__Kitchen_Toaster.png,83321,71d3ec4bc5313b3354aa75a1b6de582da222860b787b02996d243722043f543e,-20.9847584,-23.9365387
922,923,G0185__S03__seed_0015,G0185,Kitchen_Toaster,3,picture_backed,Kitchen,seed_0015,19,#b85888,/mnt/zsn/lyb/arti-skill/exp/uniform531_n5_studio_256_v1/G0185__S03__seed_0015__Kitchen_Toaster.png,83474,0e8bd75a363e12e310d43bd23665f9f676730676762ad237d3c032e9a5dcaef4,-21.5611954,-24.3307323
923,924,G0185__S04__seed_0023,G0185,Kitchen_Toaster,4,picture_backed,Kitchen,seed_0023,27,#b85888,/mnt/zsn/lyb/arti-skill/exp/uniform531_n5_studio_256_v1/G0185__S04__seed_0023__Kitchen_Toaster.png,85196,a07c9b3c8295a5fbaafb670992fa4246e86c0314e9fda93746772787575eef4e,-21.2080688,-24.068018
924,925,G0185__S05__seed_0033,G0185,Kitchen_Toaster,5,picture_backed,Kitchen,seed_0033,41,#b85888,/mnt/zsn/lyb/arti-skill/exp/uniform531_n5_studio_256_v1/G0185__S05__seed_0033__Kitchen_Toaster.png,83811,b30c7c90e79b0c0d87cbaefddef0c1d8430d02b07dcd527cec35c3f6a194d2ba,-21.117979,-23.8129787
925,926,G0186__S01__seed_0016,G0186,laptop_stand,1,picture_backed,Workspace,seed_0016,19,#58a818,/mnt/zsn/lyb/arti-skill/exp/uniform531_n5_studio_256_v1/G0186__S01__seed_0016__laptop_stand.png,79932,6ad4f47ad835cfe9017548851ff0a45f0c4b6268457b44ea8fb1039c89abaaf8,-6.19463587,41.155838
926,927,G0186__S02__seed_0002,G0186,laptop_stand,2,picture_backed,Workspace,seed_0002,3,#58a818,/mnt/zsn/lyb/arti-skill/exp/uniform531_n5_studio_256_v1/G0186__S02__seed_0002__laptop_stand.png,79227,a4a9b423409830be336adec6a5184eb4f4dfb16d2ac77ba682878c82e09ec47f,-9.23469257,45.3097992
927,928,G0186__S03__seed_0008,G0186,laptop_stand,3,picture_backed,Workspace,seed_0008,10,#58a818,/mnt/zsn/lyb/arti-skill/exp/uniform531_n5_studio_256_v1/G0186__S03__seed_0008__laptop_stand.png,81550,3fabfa1501e9fbad746458890239d7c265690e2e4b2c6f6f754909beb2ef1b89,17.5034256,29.8950233
928,929,G0186__S04__seed_0014,G0186,laptop_stand,4,picture_backed,Workspace,seed_0014,17,#58a818,/mnt/zsn/lyb/arti-skill/exp/uniform531_n5_studio_256_v1/G0186__S04__seed_0014__laptop_stand.png,81123,d8d508d7607a54405db99b521dc713c96816c5c5d31a926feedc6e9892d48262,-6.18728447,41.1359558
929,930,G0186__S05__seed_0000,G0186,laptop_stand,5,picture_backed,Workspace,seed_0000,0,#58a818,/mnt/zsn/lyb/arti-skill/exp/uniform531_n5_studio_256_v1/G0186__S05__seed_0000__laptop_stand.png,80538,e51e263400b00d8048041ebf4e09e12a22eeaf2e03d6d9fd5412dd2b67b6aab5,-9.23246861,45.3083992
930,931,G0187__S01__seed_0073,G0187,lever_chain,1,builtin_no_picture,builtin_no_picture,seed_0073,73,#484898,/mnt/zsn/lyb/arti-skill/exp/uniform531_n5_studio_256_v1/G0187__S01__seed_0073__lever_chain.png,78271,116f1fcfde70cef801560aad975cb7f568c594d8e120f988f9241e413841dbff,8.46773624,21.9832096
931,932,G0187__S02__seed_0097,G0187,lever_chain,2,builtin_no_picture,builtin_no_picture,seed_0097,97,#484898,/mnt/zsn/lyb/arti-skill/exp/uniform531_n5_studio_256_v1/G0187__S02__seed_0097__lever_chain.png,79966,72373762dfdf25cbdd9583e6465088ea51f34ffcecf69e209b97b088972db212,8.56560326,23.3181782
932,933,G0187__S03__seed_0155,G0187,lever_chain,3,builtin_no_picture,builtin_no_picture,seed_0155,155,#484898,/mnt/zsn/lyb/arti-skill/exp/uniform531_n5_studio_256_v1/G0187__S03__seed_0155__lever_chain.png,74918,1a06ed7a37323d3c163cdd4067179fe4aad082f636524e742dcdf51e585bcc07,8.43956852,23.7250595
933,934,G0187__S04__seed_0083,G0187,lever_chain,4,builtin_no_picture,builtin_no_picture,seed_0083,83,#484898,/mnt/zsn/lyb/arti-skill/exp/uniform531_n5_studio_256_v1/G0187__S04__seed_0083__lever_chain.png,77316,d61375a90a7115cf29d1a0b44ac18f273e14c98af4552b652c296ee502bc423b,8.59883022,23.2195187
934,935,G0187__S05__seed_0190,G0187,lever_chain,5,builtin_no_picture,builtin_no_picture,seed_0190,190,#484898,/mnt/zsn/lyb/arti-skill/exp/uniform531_n5_studio_256_v1/G0187__S05__seed_0190__lever_chain.png,78502,ec583c02b428e25c2ada2bb3e8beffd942cea311a08c41b4203b39a8622dd947,8.6964817,23.2235107
935,936,G0188__S01__seed_0470,G0188,Light_Latern,1,picture_backed,Light,seed_0470,470,#1818c8,/mnt/zsn/lyb/arti-skill/exp/uniform531_n5_studio_256_v1/G0188__S01__seed_0470__Light_Latern.png,84714,53248506dedc50a8f27eee268b1391cc0e588ce8e738ec7b9c73772bb04682aa,12.3155174,-37.073864
936,937,G0188__S02__seed_1143,G0188,Light_Latern,2,picture_backed,Light,seed_1143,1143,#1818c8,/mnt/zsn/lyb/arti-skill/exp/uniform531_n5_studio_256_v1/G0188__S02__seed_1143__Light_Latern.png,82019,f14d938e34cc85287b2609bbc58b9e98dcd9c11fe71e225e5b52a808847efc1b,12.5036602,-37.3977928
937,938,G0188__S03__seed_1187,G0188,Light_Latern,3,picture_backed,Light,seed_1187,1187,#1818c8,/mnt/zsn/lyb/arti-skill/exp/uniform531_n5_studio_256_v1/G0188__S03__seed_1187__Light_Latern.png,79994,8d0989d74ae4d13e805bd8e9efd0056bdb244256bfc57431feb34800b43ea777,11.7433319,-36.8240089
938,939,G0188__S04__seed_0669,G0188,Light_Latern,4,picture_backed,Light,seed_0669,669,#1818c8,/mnt/zsn/lyb/arti-skill/exp/uniform531_n5_studio_256_v1/G0188__S04__seed_0669__Light_Latern.png,78367,af466dcbea130964fff22cfb30934b0acbb45ce1b5b50675305004598ee9cbe0,11.5835009,-36.8443756
939,940,G0188__S05__seed_1392,G0188,Light_Latern,5,picture_backed,Light,seed_1392,1392,#1818c8,/mnt/zsn/lyb/arti-skill/exp/uniform531_n5_studio_256_v1/G0188__S05__seed_1392__Light_Latern.png,85823,8c0098f066830cb1f3f7fa6652dc6b5c2bbfeafd3ca82e8478b0e316e93dc1dd,12.4019985,-37.1436386
940,941,G0189__S01__seed_0009,G0189,linear_actuator,1,picture_backed,Robotics,seed_0009,9,#28e878,/mnt/zsn/lyb/arti-skill/exp/uniform531_n5_studio_256_v1/G0189__S01__seed_0009__linear_actuator.png,77833,ab8150d38545645f325460e4e9e50f37e5f899686dd145dadd649c72516c9455,1.22485614,25.7502651
941,942,G0189__S02__seed_0012,G0189,linear_actuator,2,picture_backed,Robotics,seed_0012,12,#28e878,/mnt/zsn/lyb/arti-skill/exp/uniform531_n5_studio_256_v1/G0189__S02__seed_0012__linear_actuator.png,80999,76935e3e4ac536aa2fa9f006e340c5c3ed942156d4d6717e2774a9439c255355,0.571946681,25.6479359
942,943,G0189__S03__seed_0007,G0189,linear_actuator,3,picture_backed,Robotics,seed_0007,7,#28e878,/mnt/zsn/lyb/arti-skill/exp/uniform531_n5_studio_256_v1/G0189__S03__seed_0007__linear_actuator.png,77155,bb7a37c6c38d5cfc51ba014e9a07736d0ab535d575fb18c3431befa8b2eb0671,0.884648323,25.7795982
943,944,G0189__S04__seed_0006,G0189,linear_actuator,4,picture_backed,Robotics,seed_0006,6,#28e878,/mnt/zsn/lyb/arti-skill/exp/uniform531_n5_studio_256_v1/G0189__S04__seed_0006__linear_actuator.png,77685,cae04c63c956095344da6851e47345360b10eb7ce2878bd8506e3fa19ad49044,1.08641505,25.8481503
944,945,G0189__S05__seed_0010,G0189,linear_actuator,5,picture_backed,Robotics,seed_0010,10,#28e878,/mnt/zsn/lyb/arti-skill/exp/uniform531_n5_studio_256_v1/G0189__S05__seed_0010__linear_actuator.png,77819,edc880e9889e2bf4957409532628f46c51f758c795a4aee1d908007258067808,0.992778063,25.6406765
945,946,G0190__S01__seed_0013,G0190,loom_shuttle,1,picture_backed,Textiles_Fabric,seed_0013,13,#c83868,/mnt/zsn/lyb/arti-skill/exp/uniform531_n5_studio_256_v1/G0190__S01__seed_0013__loom_shuttle.png,75584,6001246c433c7292239c8d0b83d703c9ffeb790ac050f70be92d7b81f320d0c6,-1.00756395,22.2414036
946,947,G0190__S02__seed_0021,G0190,loom_shuttle,2,picture_backed,Textiles_Fabric,seed_0021,21,#c83868,/mnt/zsn/lyb/arti-skill/exp/uniform531_n5_studio_256_v1/G0190__S02__seed_0021__loom_shuttle.png,72809,b1bccba2a647165d5555b81505da227b3e21ced7f1dea1b430c0b2a9ec791733,-0.877620876,22.4196873
947,948,G0190__S03__seed_0018,G0190,loom_shuttle,3,picture_backed,Textiles_Fabric,seed_0018,18,#c83868,/mnt/zsn/lyb/arti-skill/exp/uniform531_n5_studio_256_v1/G0190__S03__seed_0018__loom_shuttle.png,73283,fc4793c59272f587fe48ed5dcd6e2f476eb0b55244da2965af9f50de80dbe971,-1.02240157,21.9822407
948,949,G0190__S04__seed_0027,G0190,loom_shuttle,4,picture_backed,Textiles_Fabric,seed_0027,27,#c83868,/mnt/zsn/lyb/arti-skill/exp/uniform531_n5_studio_256_v1/G0190__S04__seed_0027__loom_shuttle.png,71437,78bfff0d9363047da0ab675f7d8d7b89e2adcbbc8c049cd935d6133f5af2d91d,15.9033422,21.441925
949,950,G0190__S05__seed_0032,G0190,loom_shuttle,5,picture_backed,Textiles_Fabric,seed_0032,32,#c83868,/mnt/zsn/lyb/arti-skill/exp/uniform531_n5_studio_256_v1/G0190__S05__seed_0032__loom_shuttle.png,74380,998f6e89ff4b1716399857bb80a595b1f4a8239c8925adc5881096a4c850d837,-0.72040087,22.0119152
950,951,G0191__S01__seed_1369,G0191,louvered_shutter_assembly,1,builtin_no_picture,builtin_no_picture,seed_1369,1421,#682868,/mnt/zsn/lyb/arti-skill/exp/uniform531_n5_studio_256_v1/G0191__S01__seed_1369__louvered_shutter_assembly.png,87753,f07dda410b1fb0232f133e4010336a77cda8e1fffd85d0651f5f58d935df34d8,-56.4979782,-37.3601112
951,952,G0191__S02__seed_0785,G0191,louvered_shutter_assembly,2,builtin_no_picture,builtin_no_picture,seed_0785,825,#682868,/mnt/zsn/lyb/arti-skill/exp/uniform531_n5_studio_256_v1/G0191__S02__seed_0785__louvered_shutter_assembly.png,89788,72c8e3b297545d656d68c22346888b88207db50629a3b913c0fe14339642f598,-55.2866478,-35.2372932
952,953,G0191__S03__seed_1098,G0191,louvered_shutter_assembly,3,builtin_no_picture,builtin_no_picture,seed_1098,1143,#682868,/mnt/zsn/lyb/arti-skill/exp/uniform531_n5_studio_256_v1/G0191__S03__seed_1098__louvered_shutter_assembly.png,89396,1868429cb081026c599ce80d4d4a6cd7307741ea08a2c48c7d01eba6d4b31868,-55.1315231,-35.2998123
953,954,G0191__S04__seed_1211,G0191,louvered_shutter_assembly,4,builtin_no_picture,builtin_no_picture,seed_1211,1257,#682868,/mnt/zsn/lyb/arti-skill/exp/uniform531_n5_studio_256_v1/G0191__S04__seed_1211__louvered_shutter_assembly.png,83643,e80b5b5b2daa7a1b6e4613ccfc07da09f8e883320d9716b3ee46ff90e062b395,-56.273262,-37.0643883
954,955,G0191__S05__seed_1120,G0191,louvered_shutter_assembly,5,builtin_no_picture,builtin_no_picture,seed_1120,1165,#682868,/mnt/zsn/lyb/arti-skill/exp/uniform531_n5_studio_256_v1/G0191__S05__seed_1120__louvered_shutter_assembly.png,93938,caf7b983e8477bb61d1a2da7d18d0f860651e374846eaedd54033d3159a83c25,-55.9399452,-36.8516884
955,956,G0192__S01__seed_0223,G0192,Machinery_Watermill,1,picture_backed,Machinery,seed_0223,223,#986838,/mnt/zsn/lyb/arti-skill/exp/uniform531_n5_studio_256_v1/G0192__S01__seed_0223__Machinery_Watermill.png,92635,f317ac99bd22e4ddc33eb0e1f0be2fbbff5f0c46a20064b5b1a03ead39745397,7.56146574,-8.69449425
956,957,G0192__S02__seed_0180,G0192,Machinery_Watermill,2,picture_backed,Machinery,seed_0180,180,#986838,/mnt/zsn/lyb/arti-skill/exp/uniform531_n5_studio_256_v1/G0192__S02__seed_0180__Machinery_Watermill.png,88888,33c9403f815584e3e5b8d40215054e11bfe4369bef88548325be8331a159808b,8.41966248,-8.66691971
957,958,G0192__S03__seed_0109,G0192,Machinery_Watermill,3,picture_backed,Machinery,seed_0109,109,#986838,/mnt/zsn/lyb/arti-skill/exp/uniform531_n5_studio_256_v1/G0192__S03__seed_0109__Machinery_Watermill.png,80685,0e52b996d3d60d6a7b2346620f53c0e189f556e902228e49642440f36f38f877,9.57477951,-7.04843473
958,959,G0192__S04__seed_0168,G0192,Machinery_Watermill,4,picture_backed,Machinery,seed_0168,168,#986838,/mnt/zsn/lyb/arti-skill/exp/uniform531_n5_studio_256_v1/G0192__S04__seed_0168__Machinery_Watermill.png,95112,6343ff83f5aa147977dc278f0a001dedb028ac49abfca4c44c2622fd09bf95bc,7.3591814,-8.72459316
959,960,G0192__S05__seed_0211,G0192,Machinery_Watermill,5,picture_backed,Machinery,seed_0211,211,#986838,/mnt/zsn/lyb/arti-skill/exp/uniform531_n5_studio_256_v1/G0192__S05__seed_0211__Machinery_Watermill.png,90640,44fbb61b31d780cef1e9141fb8b3f340d67fd0fbfa24be9c3876e8a6566a7e8e,7.54447937,-8.57769394
960,961,G0193__S01__seed_0708,G0193,makeup,1,picture_backed,0611,seed_0708,708,#888828,/mnt/zsn/lyb/arti-skill/exp/uniform531_n5_studio_256_v1/G0193__S01__seed_0708__makeup.png,81708,e701ba25caed738f0602325a2ce98e48fe4dd7f576872d4c4b62ed12f18f1fb6,-23.6068687,-25.7910233
961,962,G0193__S02__seed_0166,G0193,makeup,2,picture_backed,0611,seed_0166,166,#888828,/mnt/zsn/lyb/arti-skill/exp/uniform531_n5_studio_256_v1/G0193__S02__seed_0166__makeup.png,76337,566f5deae1392bdf7ec7343a27840f215e3be9464d68297188ebfdcc54f24828,-6.58413315,-20.4822159
962,963,G0193__S03__seed_1205,G0193,makeup,3,picture_backed,0611,seed_1205,1205,#888828,/mnt/zsn/lyb/arti-skill/exp/uniform531_n5_studio_256_v1/G0193__S03__seed_1205__makeup.png,82977,ba9ee24313ccd906ce5a0bc846ea6c6677cf1c6f6b67d5a8f2737d69b8a4ded3,-45.3964882,-14.1605806
963,964,G0193__S04__seed_1230,G0193,makeup,4,picture_backed,0611,seed_1230,1230,#888828,/mnt/zsn/lyb/arti-skill/exp/uniform531_n5_studio_256_v1/G0193__S04__seed_1230__makeup.png,75727,6493106a7633ce941cd2735899f53b87753b62a8ad2bdb04338b48b15deea451,-6.09954834,-20.2576675
964,965,G0193__S05__seed_0650,G0193,makeup,5,picture_backed,0611,seed_0650,650,#888828,/mnt/zsn/lyb/arti-skill/exp/uniform531_n5_studio_256_v1/G0193__S05__seed_0650__makeup.png,77700,1085d8536af2203fce102de69525f7b59f9db2dc89b0cb6a99007b9aa8a71fa9,-23.4378281,-25.6546345
965,966,G0194__S01__seed_0020,G0194,makeup1,1,picture_backed,0611,seed_0020,20,#981898,/mnt/zsn/lyb/arti-skill/exp/uniform531_n5_studio_256_v1/G0194__S01__seed_0020__makeup1.png,82796,5d2731af48ee5b34863a95554f025302368c0774a6b564c9f0ae757be27c8444,-23.0401573,-3.24048042
966,967,G0194__S02__seed_0243,G0194,makeup1,2,picture_backed,0611,seed_0243,243,#981898,/mnt/zsn/lyb/arti-skill/exp/uniform531_n5_studio_256_v1/G0194__S02__seed_0243__makeup1.png,72763,f952e5e756c0fe475b4c0f9ecfce167a9060eb0b27ff7d3d73b268d802725d19,-4.13833475,-17.2439747
967,968,G0194__S03__seed_0244,G0194,makeup1,3,picture_backed,0611,seed_0244,244,#981898,/mnt/zsn/lyb/arti-skill/exp/uniform531_n5_studio_256_v1/G0194__S03__seed_0244__makeup1.png,73318,8b70c8f272824973bc19396d40bf500f252c0c5c687f77d5a82d457a72a174aa,-22.4302731,-4.73581648
968,969,G0194__S04__seed_0234,G0194,makeup1,4,picture_backed,0611,seed_0234,234,#981898,/mnt/zsn/lyb/arti-skill/exp/uniform531_n5_studio_256_v1/G0194__S04__seed_0234__makeup1.png,76361,ec3128a98b63e9be04c7e77571fdd4c29a4f773cf1f4b7a058728bb128d92da2,-23.0099812,-2.80372262
969,970,G0194__S05__seed_0066,G0194,makeup1,5,picture_backed,0611,seed_0066,66,#981898,/mnt/zsn/lyb/arti-skill/exp/uniform531_n5_studio_256_v1/G0194__S05__seed_0066__makeup1.png,75935,36ab39780048af06b7c1a8318f8546cbf612f8e9c2b2ec814a251ed51b559d9d,-22.9283371,-2.66978073
970,971,G0195__S01__seed_0091,G0195,makeup2,1,picture_backed,0611,seed_0091,91,#b82848,/mnt/zsn/lyb/arti-skill/exp/uniform531_n5_studio_256_v1/G0195__S01__seed_0091__makeup2.png,78038,424ced0927b609bb7aa9c7173aa4ec25c59a9b91d80519fb40fbad24bc84b9d9,-23.1822987,-5.64418316
971,972,G0195__S02__seed_0098,G0195,makeup2,2,picture_backed,0611,seed_0098,98,#b82848,/mnt/zsn/lyb/arti-skill/exp/uniform531_n5_studio_256_v1/G0195__S02__seed_0098__makeup2.png,75421,0c4471600843fbb5aacc62a872571130376d3deaba762cf1d8ac90e14779a290,-23.5087662,-5.87457228
972,973,G0195__S03__seed_0103,G0195,makeup2,3,picture_backed,0611,seed_0103,103,#b82848,/mnt/zsn/lyb/arti-skill/exp/uniform531_n5_studio_256_v1/G0195__S03__seed_0103__makeup2.png,73476,3ed99eed4efc066d26337d2c3851ac0416bc6cad3ac0227f1de85da608a70c0a,-22.623621,-6.24702883
973,974,G0195__S04__seed_0111,G0195,makeup2,4,picture_backed,0611,seed_0111,111,#b82848,/mnt/zsn/lyb/arti-skill/exp/uniform531_n5_studio_256_v1/G0195__S04__seed_0111__makeup2.png,75055,6a1dcb574a4c9d151d32f9165b1605bc75bf11e81de8e309fe50e0a063e90638,-5.58796787,-21.8645344
974,975,G0195__S05__seed_0113,G0195,makeup2,5,picture_backed,0611,seed_0113,113,#b82848,/mnt/zsn/lyb/arti-skill/exp/uniform531_n5_studio_256_v1/G0195__S05__seed_0113__makeup2.png,80378,2d51368eb5f7b6a25a781520e7fc9aa90e84e9c9aef11c27be57a1e34bc29e26,-5.46987963,-22.2030334
975,976,G0196__S01__seed_0054,G0196,makeup3,1,picture_backed,0611,seed_0054,54,#a88888,/mnt/zsn/lyb/arti-skill/exp/uniform531_n5_studio_256_v1/G0196__S01__seed_0054__makeup3.png,73775,abc462259066c45670045162dc50a4fa2bc7688b8d12ffe205ec420d6549dd13,-18.1967945,-6.96213102
976,977,G0196__S02__seed_0107,G0196,makeup3,2,picture_backed,0611,seed_0107,107,#a88888,/mnt/zsn/lyb/arti-skill/exp/uniform531_n5_studio_256_v1/G0196__S02__seed_0107__makeup3.png,72637,5e8ae32af05fa98883e10fc924614749d2b375858e3811e9cfbcbc239613ad47,-21.3055096,-4.77947378
977,978,G0196__S03__seed_0067,G0196,makeup3,3,picture_backed,0611,seed_0067,67,#a88888,/mnt/zsn/lyb/arti-skill/exp/uniform531_n5_studio_256_v1/G0196__S03__seed_0067__makeup3.png,75723,5c062537c1c8f441ab3df6f29fe18d19ecdd17df3bcfa66603d9dbce880614d6,-18.2612114,-7.02705622
978,979,G0196__S04__seed_0189,G0196,makeup3,4,picture_backed,0611,seed_0189,189,#a88888,/mnt/zsn/lyb/arti-skill/exp/uniform531_n5_studio_256_v1/G0196__S04__seed_0189__makeup3.png,75106,43fe1456210280ae302dd8a85f3a398ef2a6574a05e45e37de9e4e93b62ada40,-19.2005405,-7.58867311
979,980,G0196__S05__seed_0030,G0196,makeup3,5,picture_backed,0611,seed_0030,30,#a88888,/mnt/zsn/lyb/arti-skill/exp/uniform531_n5_studio_256_v1/G0196__S05__seed_0030__makeup3.png,82286,7824f0d4acb01a250708b773909a17718df96b0b1ea7d84524705518541deaed,-23.2319622,-4.51139784
980,981,G0197__S01__seed_0031,G0197,manual_coffee_grinder,1,picture_backed,0611,seed_0031,31,#983868,/mnt/zsn/lyb/arti-skill/exp/uniform531_n5_studio_256_v1/G0197__S01__seed_0031__manual_coffee_grinder.png,74973,6f99e9d60eb9942bf0a4832382afa85d8405a9c6b40edb742a8d7afadc36fed5,20.8026352,-46.5646667
981,982,G0197__S02__seed_0014,G0197,manual_coffee_grinder,2,picture_backed,0611,seed_0014,14,#983868,/mnt/zsn/lyb/arti-skill/exp/uniform531_n5_studio_256_v1/G0197__S02__seed_0014__manual_coffee_grinder.png,69801,30ef89b15fe0ffa3315f620d51c75b4b22a1506b15afea5278d4b1ee92ffc305,21.0649109,-46.6848068
982,983,G0197__S03__seed_0033,G0197,manual_coffee_grinder,3,picture_backed,0611,seed_0033,33,#983868,/mnt/zsn/lyb/arti-skill/exp/uniform531_n5_studio_256_v1/G0197__S03__seed_0033__manual_coffee_grinder.png,81083,a20c056a9a1b9db1f4cf3df686a81717e12d10977104bb0f8a9ce0200fe9a551,14.9735041,-43.4354935
983,984,G0197__S04__seed_0021,G0197,manual_coffee_grinder,4,picture_backed,0611,seed_0021,21,#983868,/mnt/zsn/lyb/arti-skill/exp/uniform531_n5_studio_256_v1/G0197__S04__seed_0021__manual_coffee_grinder.png,81923,b764b5257849e81dea2325e06e38e871427199e7e1ab79e02ea66db7437630df,14.9691849,-43.402256
984,985,G0197__S05__seed_0006,G0197,manual_coffee_grinder,5,picture_backed,0611,seed_0006,6,#983868,/mnt/zsn/lyb/arti-skill/exp/uniform531_n5_studio_256_v1/G0197__S05__seed_0006__manual_coffee_grinder.png,76308,a528e714256312a9da5eca933d2ed827763d951f63b4ccdf4bdafe0a5d5ec22a,20.3037739,-46.3709984
985,986,G0198__S01__seed_0005,G0198,manual_grain_mill1,1,picture_backed,0611,seed_0005,5,#a868a8,/mnt/zsn/lyb/arti-skill/exp/uniform531_n5_studio_256_v1/G0198__S01__seed_0005__manual_grain_mill1.png,85249,068838a83420c3c31b526082b79075b0f0f669ba609859e4f7cc4270d81b940c,-2.77000976,-29.1938591
986,987,G0198__S02__seed_0076,G0198,manual_grain_mill1,2,picture_backed,0611,seed_0076,76,#a868a8,/mnt/zsn/lyb/arti-skill/exp/uniform531_n5_studio_256_v1/G0198__S02__seed_0076__manual_grain_mill1.png,82952,17a77ddcbd3afe12c69d0abff47ebc2517285da11ba289dc4ec0aa8149450634,-1.91493464,-28.2535782
987,988,G0198__S03__seed_0067,G0198,manual_grain_mill1,3,picture_backed,0611,seed_0067,67,#a868a8,/mnt/zsn/lyb/arti-skill/exp/uniform531_n5_studio_256_v1/G0198__S03__seed_0067__manual_grain_mill1.png,86759,0fce916a612281f1a6d629c644f5e6fbe0e3588d88c2ac3d1506c61acee0a6a6,-1.92671716,-28.3812256
988,989,G0198__S04__seed_0011,G0198,manual_grain_mill1,4,picture_backed,0611,seed_0011,11,#a868a8,/mnt/zsn/lyb/arti-skill/exp/uniform531_n5_studio_256_v1/G0198__S04__seed_0011__manual_grain_mill1.png,82323,6e35ebf70e978887c063ce2c8aeb189376310a158ea2a07ec97db52351ae8ef7,-2.92604327,-29.2194424
989,990,G0198__S05__seed_0124,G0198,manual_grain_mill1,5,picture_backed,0611,seed_0124,124,#a868a8,/mnt/zsn/lyb/arti-skill/exp/uniform531_n5_studio_256_v1/G0198__S05__seed_0124__manual_grain_mill1.png,85106,76b735f2434af643d827d8f92542da26165145bac3c829d547231ecadec00c58,-2.77243662,-29.2109966
990,991,G0199__S01__seed_0053,G0199,manual_grain_mill2,1,picture_backed,0611,seed_0053,53,#d878c8,/mnt/zsn/lyb/arti-skill/exp/uniform531_n5_studio_256_v1/G0199__S01__seed_0053__manual_grain_mill2.png,79135,344767d38002b4c12a70863ddd8cb989a7c40959ca24966504f9d35fb16d8882,8.59659767,5.08926582
991,992,G0199__S02__seed_0034,G0199,manual_grain_mill2,2,picture_backed,0611,seed_0034,34,#d878c8,/mnt/zsn/lyb/arti-skill/exp/uniform531_n5_studio_256_v1/G0199__S02__seed_0034__manual_grain_mill2.png,78714,be353151de7276db61719ae0a3c1706ccb4982a05338905fd096213b58b3d403,8.48945236,5.17683125
992,993,G0199__S03__seed_0006,G0199,manual_grain_mill2,3,picture_backed,0611,seed_0006,6,#d878c8,/mnt/zsn/lyb/arti-skill/exp/uniform531_n5_studio_256_v1/G0199__S03__seed_0006__manual_grain_mill2.png,82700,e2b339e3092fe37bcb1d0019d253e0c3a96cec5e039e17c2c7e2b5cb30188b6f,8.78190041,4.8855834
993,994,G0199__S04__seed_0171,G0199,manual_grain_mill2,4,picture_backed,0611,seed_0171,176,#d878c8,/mnt/zsn/lyb/arti-skill/exp/uniform531_n5_studio_256_v1/G0199__S04__seed_0171__manual_grain_mill2.png,82412,581e542d8a3fde79bf1216c11507222d78716914a99c8f8bd9438c34f30c3af2,8.91183853,4.98848438
994,995,G0199__S05__seed_0060,G0199,manual_grain_mill2,5,picture_backed,0611,seed_0060,60,#d878c8,/mnt/zsn/lyb/arti-skill/exp/uniform531_n5_studio_256_v1/G0199__S05__seed_0060__manual_grain_mill2.png,83820,385336fd6c763cc120ba5b4df425353d38f0c06f658289c24026170191040807,8.46202374,4.97048283
995,996,G0200__S01__seed_0042,G0200,manual_hand_drill,1,picture_backed,0611,seed_0042,42,#188818,/mnt/zsn/lyb/arti-skill/exp/uniform531_n5_studio_256_v1/G0200__S01__seed_0042__manual_hand_drill.png,80097,cca174d3399b2ba01a50ee167a00e948b2bbad055cad42efcded32df4c0a1009,23.1734219,1.82186604
996,997,G0200__S02__seed_0039,G0200,manual_hand_drill,2,picture_backed,0611,seed_0039,39,#188818,/mnt/zsn/lyb/arti-skill/exp/uniform531_n5_studio_256_v1/G0200__S02__seed_0039__manual_hand_drill.png,81068,1b985c4a244ec9657bba514f17a2a51c819f762a6c5e1d24edf6d6cdf98936fd,22.8213634,1.23926473
997,998,G0200__S03__seed_0045,G0200,manual_hand_drill,3,picture_backed,0611,seed_0045,45,#188818,/mnt/zsn/lyb/arti-skill/exp/uniform531_n5_studio_256_v1/G0200__S03__seed_0045__manual_hand_drill.png,80793,74bd371bb3edc9b5f3d123e3dc50018a06eb40ef9f0896d41032a21dc0252fed,22.801403,0.99709034
998,999,G0200__S04__seed_0017,G0200,manual_hand_drill,4,picture_backed,0611,seed_0017,17,#188818,/mnt/zsn/lyb/arti-skill/exp/uniform531_n5_studio_256_v1/G0200__S04__seed_0017__manual_hand_drill.png,80472,6c710fb8a9d8eb30c00d837e5a92fcad8c03fcf2c782706c726f54ab6cfd42ab,22.8086891,1.08019924
999,1000,G0200__S05__seed_0049,G0200,manual_hand_drill,5,picture_backed,0611,seed_0049,49,#188818,/mnt/zsn/lyb/arti-skill/exp/uniform531_n5_studio_256_v1/G0200__S05__seed_0049__manual_hand_drill.png,80556,da0c0991c4283b3d1a3e7ab1a753452c8d81a42653de9a25185bc8efe28a028f,23.1962433,1.69493043
1000,1001,G0201__S01__seed_0006,G0201,manual_pipe_bender,1,picture_backed,0611,seed_0006,6,#688888,/mnt/zsn/lyb/arti-skill/exp/uniform531_n5_studio_256_v1/G0201__S01__seed_0006__manual_pipe_bender.png,75350,3d9f8a8f32b6c1c372a008633dee0d18a09b5b964177a02afd3de88477feb01e,5.26654053,19.3791485
1001,1002,G0201__S02__seed_0158,G0201,manual_pipe_bender,2,picture_backed,0611,seed_0158,162,#688888,/mnt/zsn/lyb/arti-skill/exp/uniform531_n5_studio_256_v1/G0201__S02__seed_0158__manual_pipe_bender.png,81895,99998c2dacdf0526705e4999b7e2676f82d8f3c4469efa40a3185bcb7025a477,18.8709602,20.5654469
1002,1003,G0201__S03__seed_0230,G0201,manual_pipe_bender,3,picture_backed,0611,seed_0230,236,#688888,/mnt/zsn/lyb/arti-skill/exp/uniform531_n5_studio_256_v1/G0201__S03__seed_0230__manual_pipe_bender.png,82906,cb606b6a162fae6b955e9a85a94c44309e76ad8d2362ee9b8766a976bd7c4a76,17.7131138,29.1152859
1003,1004,G0201__S04__seed_0269,G0201,manual_pipe_bender,4,picture_backed,0611,seed_0269,278,#688888,/mnt/zsn/lyb/arti-skill/exp/uniform531_n5_studio_256_v1/G0201__S04__seed_0269__manual_pipe_bender.png,80346,6f14102becebba94df340030a88296255fdc3bfe7d4fffc44f42e4bb7b356ef8,18.912323,20.575325
1004,1005,G0201__S05__seed_0091,G0201,manual_pipe_bender,5,picture_backed,0611,seed_0091,94,#688888,/mnt/zsn/lyb/arti-skill/exp/uniform531_n5_studio_256_v1/G0201__S05__seed_0091__manual_pipe_bender.png,78048,a6d694b7f23189ad5ea70281d0c82a18cbde6fb2240bcb0be708896b01b0a52e,5.13273811,19.3266697
1005,1006,G0202__S01__seed_0028,G0202,manual_water_dispenser_pump,1,picture_backed,0611,seed_0028,28,#684888,/mnt/zsn/lyb/arti-skill/exp/uniform531_n5_studio_256_v1/G0202__S01__seed_0028__manual_water_dispenser_pump.png,77016,7ea49b151228e1b2d092366c3cc8c5798fbe53d5f53caba6c95028b446951610,4.0536437,-40.8917923
1006,1007,G0202__S02__seed_0023,G0202,manual_water_dispenser_pump,2,picture_backed,0611,seed_0023,23,#684888,/mnt/zsn/lyb/arti-skill/exp/uniform531_n5_studio_256_v1/G0202__S02__seed_0023__manual_water_dispenser_pump.png,76803,724f8722d30087b5f44167159e2c49c5c6f995ed10b1b4b20c75964d61daccb1,3.93442464,-40.9298401
1007,1008,G0202__S03__seed_0021,G0202,manual_water_dispenser_pump,3,picture_backed,0611,seed_0021,21,#684888,/mnt/zsn/lyb/arti-skill/exp/uniform531_n5_studio_256_v1/G0202__S03__seed_0021__manual_water_dispenser_pump.png,78272,7d519ac442e178451d49cc6c96cebe49618df940d43a190782de4a92f3631035,3.90442538,-41.2292671
1008,1009,G0202__S04__seed_0006,G0202,manual_water_dispenser_pump,4,picture_backed,0611,seed_0006,6,#684888,/mnt/zsn/lyb/arti-skill/exp/uniform531_n5_studio_256_v1/G0202__S04__seed_0006__manual_water_dispenser_pump.png,74670,3d30eaf1cbcbb57c96fc499c09c467b3288802c6deee8aa1ab5fbeb6f2e7ed92,29.2231312,-5.76486492
1009,1010,G0202__S05__seed_0018,G0202,manual_water_dispenser_pump,5,picture_backed,0611,seed_0018,18,#684888,/mnt/zsn/lyb/arti-skill/exp/uniform531_n5_studio_256_v1/G0202__S05__seed_0018__manual_water_dispenser_pump.png,77150,2291b7b122ca6b5b9c7c918dfb3ad14ae6c79f50aed93a4cf5a40a1811de17c9,3.43208265,-42.4000854
1010,1011,G0203__S01__seed_0071,G0203,meat_grinder,1,picture_backed,0611,seed_0071,71,#5848e8,/mnt/zsn/lyb/arti-skill/exp/uniform531_n5_studio_256_v1/G0203__S01__seed_0071__meat_grinder.png,83956,cf11825625fdfbf06c1c387b2d7fa685201bbb63653b0098857dacad4bb18b6c,29.54282,-10.5847654
1011,1012,G0203__S02__seed_0019,G0203,meat_grinder,2,picture_backed,0611,seed_0019,19,#5848e8,/mnt/zsn/lyb/arti-skill/exp/uniform531_n5_studio_256_v1/G0203__S02__seed_0019__meat_grinder.png,84866,7486b24363da47e91ed01debce15c5ff421af01111bc72d0a7dfa5cbe2c5af46,29.4096909,-10.6527348
1012,1013,G0203__S03__seed_0004,G0203,meat_grinder,3,picture_backed,0611,seed_0004,4,#5848e8,/mnt/zsn/lyb/arti-skill/exp/uniform531_n5_studio_256_v1/G0203__S03__seed_0004__meat_grinder.png,82697,2f40bf8e19878fb6cdd1c527e6ab0007fcb3062742d379c0fe0ef18c2d03814b,29.6817112,-10.5687981
1013,1014,G0203__S04__seed_0073,G0203,meat_grinder,4,picture_backed,0611,seed_0073,73,#5848e8,/mnt/zsn/lyb/arti-skill/exp/uniform531_n5_studio_256_v1/G0203__S04__seed_0073__meat_grinder.png,78771,13acf9b3411e511e9269a62d80230edce4ce9a9a9c22f5a5074d167ce7be7898,29.8844719,-11.1221485
1014,1015,G0203__S05__seed_0044,G0203,meat_grinder,5,picture_backed,0611,seed_0044,44,#5848e8,/mnt/zsn/lyb/arti-skill/exp/uniform531_n5_studio_256_v1/G0203__S05__seed_0044__meat_grinder.png,77882,3f5961140850637b5ac8942a83b8bbecd7de5d696765f62f1a98142dff68a135,29.3494453,-10.4108353
1015,1016,G0204__S01__seed_0373,G0204,Mechanical_calculator,1,picture_backed,0611,seed_0373,395,#58c8c8,/mnt/zsn/lyb/arti-skill/exp/uniform531_n5_studio_256_v1/G0204__S01__seed_0373__Mechanical_calculator.png,92772,e92c9e7c0f09da79e0716a3716090f17f624bfa1b147248f3c2cb660b63de62b,-26.0899944,11.6666718
1016,1017,G0204__S02__seed_2165,G0204,Mechanical_calculator,2,picture_backed,0611,seed_2165,2309,#58c8c8,/mnt/zsn/lyb/arti-skill/exp/uniform531_n5_studio_256_v1/G0204__S02__seed_2165__Mechanical_calculator.png,90020,850e715f6e7867c3752f3b35d73022e926eda080aaef3bd9a1f47b5b925d3a6e,-25.3660221,11.3881807
1017,1018,G0204__S03__seed_2994,G0204,Mechanical_calculator,3,picture_backed,0611,seed_2994,3199,#58c8c8,/mnt/zsn/lyb/arti-skill/exp/uniform531_n5_studio_256_v1/G0204__S03__seed_2994__Mechanical_calculator.png,91260,9389c4ffa1ea691a98fa93f6919a81e0ec91d8a3ef7fb3127f0132dea4035fdf,-25.3131027,11.2473059
1018,1019,G0204__S04__seed_2702,G0204,Mechanical_calculator,4,picture_backed,0611,seed_2702,2885,#58c8c8,/mnt/zsn/lyb/arti-skill/exp/uniform531_n5_studio_256_v1/G0204__S04__seed_2702__Mechanical_calculator.png,87022,1351160df50e6cca09c7fbeca76b563df2d19e8cfcc38c28136f00a326d2b37a,-25.0820503,10.8005695
1019,1020,G0204__S05__seed_0730,G0204,Mechanical_calculator,5,picture_backed,0611,seed_0730,779,#58c8c8,/mnt/zsn/lyb/arti-skill/exp/uniform531_n5_studio_256_v1/G0204__S05__seed_0730__Mechanical_calculator.png,83077,0df0939e3ad76e48e95c5b8169d6d75bffc9f239bf037ba0ddb4e3e769c18f3e,-25.0393944,11.7570419
1020,1021,G0205__S01__seed_0055,G0205,mechanical_metronome_with_pendulum,1,picture_backed,0611,seed_0055,55,#988858,/mnt/zsn/lyb/arti-skill/exp/uniform531_n5_studio_256_v1/G0205__S01__seed_0055__mechanical_metronome_with_pendulum.png,79172,72f7c2581f40cd4198e1172ac7ff8ac8ee2d3f025ebb83309383c3b90cab9ca5,-15.9165173,-25.2155209
1021,1022,G0205__S02__seed_0012,G0205,mechanical_metronome_with_pendulum,2,picture_backed,0611,seed_0012,12,#988858,/mnt/zsn/lyb/arti-skill/exp/uniform531_n5_studio_256_v1/G0205__S02__seed_0012__mechanical_metronome_with_pendulum.png,82676,721841a46f4b96dc584276f1dae4104ce92642770690e626211671d540fcb1b7,-15.7164049,-25.2924633
1022,1023,G0205__S03__seed_0106,G0205,mechanical_metronome_with_pendulum,3,picture_backed,0611,seed_0106,106,#988858,/mnt/zsn/lyb/arti-skill/exp/uniform531_n5_studio_256_v1/G0205__S03__seed_0106__mechanical_metronome_with_pendulum.png,80799,069954286b900cf6742694c2faf2376abe2ba70df00491bb6e4a942178af0d9d,-15.50529,-25.4992409
1023,1024,G0205__S04__seed_0137,G0205,mechanical_metronome_with_pendulum,4,picture_backed,0611,seed_0137,137,#988858,/mnt/zsn/lyb/arti-skill/exp/uniform531_n5_studio_256_v1/G0205__S04__seed_0137__mechanical_metronome_with_pendulum.png,82595,48257933653dda0d8bea31b7684edf1f90d15932f35ed27bec86eb3fd6a75685,-15.4175158,-25.4457798
1024,1025,G0205__S05__seed_0029,G0205,mechanical_metronome_with_pendulum,5,picture_backed,0611,seed_0029,29,#988858,/mnt/zsn/lyb/arti-skill/exp/uniform531_n5_studio_256_v1/G0205__S05__seed_0029__mechanical_metronome_with_pendulum.png,80068,61abba749d1beed5d8da6893039899dcec32c673913c0d333d68cce4fc025d57,-15.324543,-25.6720295
1025,1026,G0206__S01__seed_0164,G0206,mechanical_timer_with_rotating_dial,1,picture_backed,0611,seed_0164,218,#68a8c8,/mnt/zsn/lyb/arti-skill/exp/uniform531_n5_studio_256_v1/G0206__S01__seed_0164__mechanical_timer_with_rotating_dial.png,83608,cee736f764582d85da8f3b2facba3f72734d35f2ef5114235822bbf2652c45d5,-17.9515629,-20.0641918
1026,1027,G0206__S02__seed_0177,G0206,mechanical_timer_with_rotating_dial,2,picture_backed,0611,seed_0177,236,#68a8c8,/mnt/zsn/lyb/arti-skill/exp/uniform531_n5_studio_256_v1/G0206__S02__seed_0177__mechanical_timer_with_rotating_dial.png,84950,57fe4323936f0c6b87bfc5a4cd6f56669ce2926e6ad4e9f0c1021e042f245705,-17.119585,-20.2879868
1027,1028,G0206__S03__seed_0071,G0206,mechanical_timer_with_rotating_dial,3,picture_backed,0611,seed_0071,91,#68a8c8,/mnt/zsn/lyb/arti-skill/exp/uniform531_n5_studio_256_v1/G0206__S03__seed_0071__mechanical_timer_with_rotating_dial.png,86615,e6d2aadb2ee46d1cd39292b48b58310438d9f499d52bf8b7055fa3d377c5c060,-17.7131672,-20.181776
1028,1029,G0206__S04__seed_0001,G0206,mechanical_timer_with_rotating_dial,4,picture_backed,0611,seed_0001,1,#68a8c8,/mnt/zsn/lyb/arti-skill/exp/uniform531_n5_studio_256_v1/G0206__S04__seed_0001__mechanical_timer_with_rotating_dial.png,85530,a459b1ea8bd984ac07b1db1dacbd6e6500f658c23eae0042da8afd69226f4850,-17.3494816,-20.241209
1029,1030,G0206__S05__seed_0086,G0206,mechanical_timer_with_rotating_dial,5,picture_backed,0611,seed_0086,114,#68a8c8,/mnt/zsn/lyb/arti-skill/exp/uniform531_n5_studio_256_v1/G0206__S05__seed_0086__mechanical_timer_with_rotating_dial.png,80885,c7fdba05bd375c2bb713a84ccd54fd13c1b84cc6ba2d5e28c4e069e6afec3c2e,15.4230452,-12.4202547
1030,1031,G0207__S01__seed_0022,G0207,metal_blender,1,picture_backed,0611,seed_0022,22,#c86898,/mnt/zsn/lyb/arti-skill/exp/uniform531_n5_studio_256_v1/G0207__S01__seed_0022__metal_blender.png,82891,db487a0975d12307204b9abbd5533e45a226099e8abce20da33f90402ad8f84f,16.2965431,16.7367535
1031,1032,G0207__S02__seed_0009,G0207,metal_blender,2,picture_backed,0611,seed_0009,9,#c86898,/mnt/zsn/lyb/arti-skill/exp/uniform531_n5_studio_256_v1/G0207__S02__seed_0009__metal_blender.png,83039,f56fab38179a03f6bb311af8fd495ba0f336bded5176111843404acc307ca921,16.6776466,17.2510929
1032,1033,G0207__S03__seed_0032,G0207,metal_blender,3,picture_backed,0611,seed_0032,32,#c86898,/mnt/zsn/lyb/arti-skill/exp/uniform531_n5_studio_256_v1/G0207__S03__seed_0032__metal_blender.png,82234,bf46b09242c27aca8503dfbdca53dbf27a32572f80227031209cfc3710948bf3,16.3477249,16.8084259
1033,1034,G0207__S04__seed_0017,G0207,metal_blender,4,picture_backed,0611,seed_0017,17,#c86898,/mnt/zsn/lyb/arti-skill/exp/uniform531_n5_studio_256_v1/G0207__S04__seed_0017__metal_blender.png,81964,40dedd51bccd0e466c8defd5113fabdb6db6743e991511e5f85cd1570986a1f6,16.1800804,16.7472305
1034,1035,G0207__S05__seed_0004,G0207,metal_blender,5,picture_backed,0611,seed_0004,4,#c86898,/mnt/zsn/lyb/arti-skill/exp/uniform531_n5_studio_256_v1/G0207__S05__seed_0004__metal_blender.png,79885,815b61083e29e55b5b16eab4b5f299e9e5bd71fc51b48f422dd069d971b86479,16.5373363,17.0170822
1035,1036,G0208__S01__seed_0819,G0208,metronome,1,builtin_no_picture,builtin_no_picture,seed_0819,836,#985868,/mnt/zsn/lyb/arti-skill/exp/uniform531_n5_studio_256_v1/G0208__S01__seed_0819__metronome.png,80471,d4d46baf53d3ba9db6e36da0112da9a3c31263d4610d900b8c3377c0ad434ccc,-45.5340919,-14.7805967
1036,1037,G0208__S02__seed_1391,G0208,metronome,2,builtin_no_picture,builtin_no_picture,seed_1391,1419,#985868,/mnt/zsn/lyb/arti-skill/exp/uniform531_n5_studio_256_v1/G0208__S02__seed_1391__metronome.png,77826,1cb1b7d3e143e5c587d5917f7d304b05463265b8ead3b0edf6318dea01379870,-12.6066141,-46.3237076
1037,1038,G0208__S03__seed_1782,G0208,metronome,3,builtin_no_picture,builtin_no_picture,seed_1782,1812,#985868,/mnt/zsn/lyb/arti-skill/exp/uniform531_n5_studio_256_v1/G0208__S03__seed_1782__metronome.png,80990,0e6f1ababc874f742486b438e727e43b4b09b9af3b9856f560f35e7c5f320f97,5.64558315,-29.4824352
1038,1039,G0208__S04__seed_2474,G0208,metronome,4,builtin_no_picture,builtin_no_picture,seed_2474,2517,#985868,/mnt/zsn/lyb/arti-skill/exp/uniform531_n5_studio_256_v1/G0208__S04__seed_2474__metronome.png,85783,edee88a25b26c40932e8189e45b8f88fdc50617f63a26953fa8044e4c0441584,-44.717514,-16.3946457
1039,1040,G0208__S05__seed_1013,G0208,metronome,5,builtin_no_picture,builtin_no_picture,seed_1013,1034,#985868,/mnt/zsn/lyb/arti-skill/exp/uniform531_n5_studio_256_v1/G0208__S05__seed_1013__metronome.png,82406,9b690e650241c286badd48b1f4a9e9e65c6cee58acc56b2bfb6adaa06c358322,50.1599846,-8.65616989
1040,1041,G0209__S01__seed_0013,G0209,microphone_boom_arm,1,picture_backed,0611,seed_0013,13,#e85818,/mnt/zsn/lyb/arti-skill/exp/uniform531_n5_studio_256_v1/G0209__S01__seed_0013__microphone_boom_arm.png,72474,679da9efa0fcb6b7fa24e36b00d0551c36f1ba0a3751dea9bbdd9eece9e2641c,30.2843418,7.6087985
1041,1042,G0209__S02__seed_0040,G0209,microphone_boom_arm,2,picture_backed,0611,seed_0040,40,#e85818,/mnt/zsn/lyb/arti-skill/exp/uniform531_n5_studio_256_v1/G0209__S02__seed_0040__microphone_boom_arm.png,71526,45f843549926c6953773313e50af0afe7bc7f1949a17d56d3763c3fe9f479de6,29.9726143,7.48556471
1042,1043,G0209__S03__seed_0021,G0209,microphone_boom_arm,3,picture_backed,0611,seed_0021,21,#e85818,/mnt/zsn/lyb/arti-skill/exp/uniform531_n5_studio_256_v1/G0209__S03__seed_0021__microphone_boom_arm.png,71977,e46dc6fdfe845fc2f28fbf920194ca5edf09b70483e080570361d9348bd6d901,31.4672432,8.09930801
1043,1044,G0209__S04__seed_0027,G0209,microphone_boom_arm,4,picture_backed,0611,seed_0027,27,#e85818,/mnt/zsn/lyb/arti-skill/exp/uniform531_n5_studio_256_v1/G0209__S04__seed_0027__microphone_boom_arm.png,74005,d8c3eb02bf6cf8dce14dc2ef1e55782d14f4ab596c93cc5b7d212540b7265d18,30.6737728,8.71040249
1044,1045,G0209__S05__seed_0038,G0209,microphone_boom_arm,5,picture_backed,0611,seed_0038,38,#e85818,/mnt/zsn/lyb/arti-skill/exp/uniform531_n5_studio_256_v1/G0209__S05__seed_0038__microphone_boom_arm.png,72740,0657e605540a226d7eb63933db6ba04cdbe891ba94213a05984a73140810ec6b,31.4380703,8.17447281
1045,1046,G0210__S01__seed_0023,G0210,Military_Aircraft,1,picture_backed,Military,seed_0023,23,#a888b8,/mnt/zsn/lyb/arti-skill/exp/uniform531_n5_studio_256_v1/G0210__S01__seed_0023__Military_Aircraft.png,75745,4231778bf4f59fd71826b9f4f3022ed8fc66485d3cd02de0cd408b9d919df1d8,31.9314194,40.7501564
1046,1047,G0210__S02__seed_0012,G0210,Military_Aircraft,2,picture_backed,Military,seed_0012,12,#a888b8,/mnt/zsn/lyb/arti-skill/exp/uniform531_n5_studio_256_v1/G0210__S02__seed_0012__Military_Aircraft.png,77254,1ab60323437e26b996f86e8a04e0eeb5cdbb499b522a5b1e9700213b5e6e88b7,32.1969719,40.8041725
1047,1048,G0210__S03__seed_0031,G0210,Military_Aircraft,3,picture_backed,Military,seed_0031,31,#a888b8,/mnt/zsn/lyb/arti-skill/exp/uniform531_n5_studio_256_v1/G0210__S03__seed_0031__Military_Aircraft.png,75275,c13580f047c5c712783cd1d9327a898d65ddc355f36643ccc0f521ce1e86c811,32.8525658,40.479805
1048,1049,G0210__S04__seed_0045,G0210,Military_Aircraft,4,picture_backed,Military,seed_0045,45,#a888b8,/mnt/zsn/lyb/arti-skill/exp/uniform531_n5_studio_256_v1/G0210__S04__seed_0045__Military_Aircraft.png,71593,c9b406eaa410af798e12ed9cf3e5e2ddbd9fb92531b85ed4fbf3eb9d5a4c8c3f,32.0620079,40.4197083
1049,1050,G0210__S05__seed_0035,G0210,Military_Aircraft,5,picture_backed,Military,seed_0035,35,#a888b8,/mnt/zsn/lyb/arti-skill/exp/uniform531_n5_studio_256_v1/G0210__S05__seed_0035__Military_Aircraft.png,77184,34a5ae0471160e172f8e0475db96d9480fd281700164fb3a20b134769b2dcccb,31.9251499,41.1173668
1050,1051,G0211__S01__seed_0035,G0211,Military_Granade,1,picture_backed,Military,seed_0035,35,#a868d8,/mnt/zsn/lyb/arti-skill/exp/uniform531_n5_studio_256_v1/G0211__S01__seed_0035__Military_Granade.png,82249,e3bfbc6983ea5ba87aad467d3972aa950025cb68ceb738d8f292e8cf3d01e995,6.65890932,-45.9580574
1051,1052,G0211__S02__seed_0032,G0211,Military_Granade,2,picture_backed,Military,seed_0032,32,#a868d8,/mnt/zsn/lyb/arti-skill/exp/uniform531_n5_studio_256_v1/G0211__S02__seed_0032__Military_Granade.png,82294,4a540c2222461f1b5695c2474be5e5b7c12e061888db45680c24c12dfd9d625b,6.83701563,-46.0943413
1052,1053,G0211__S03__seed_0002,G0211,Military_Granade,3,picture_backed,Military,seed_0002,2,#a868d8,/mnt/zsn/lyb/arti-skill/exp/uniform531_n5_studio_256_v1/G0211__S03__seed_0002__Military_Granade.png,81605,075ef302e21823a5ca979bad3d13a026a5bab2e9e565c2dc09429ff719711d54,6.82221937,-46.1761513
1053,1054,G0211__S04__seed_0025,G0211,Military_Granade,4,picture_backed,Military,seed_0025,25,#a868d8,/mnt/zsn/lyb/arti-skill/exp/uniform531_n5_studio_256_v1/G0211__S04__seed_0025__Military_Granade.png,77619,b6aa9bf4846e6545bf5641dbcdb8a5c0b24b6be42591af5c77b3f39991a104e8,12.1979446,-47.9661713
1054,1055,G0211__S05__seed_0008,G0211,Military_Granade,5,picture_backed,Military,seed_0008,8,#a868d8,/mnt/zsn/lyb/arti-skill/exp/uniform531_n5_studio_256_v1/G0211__S05__seed_0008__Military_Granade.png,83645,4a854f67ae78ccc1696d3f1b7eda4826b28954c70b96443ce8c50d0191f6bc7c,6.97528076,-46.3113136
1055,1056,G0212__S01__seed_0036,G0212,Military_Gun,1,picture_backed,Military,seed_0036,69,#183878,/mnt/zsn/lyb/arti-skill/exp/uniform531_n5_studio_256_v1/G0212__S01__seed_0036__Military_Gun.png,77312,586f81a5644bea03ee9bbbcd67cb205d0d2dbc970e5201c43d58749deb627a4a,45.734745,2.06010938
1056,1057,G0212__S02__seed_0018,G0212,Military_Gun,2,picture_backed,Military,seed_0018,19,#183878,/mnt/zsn/lyb/arti-skill/exp/uniform531_n5_studio_256_v1/G0212__S02__seed_0018__Military_Gun.png,80361,23df70794fb1752285524e3a1b34ca1bf0f9b3808a41ed9b393606059ade8762,45.8664932,1.73810649
1057,1058,G0212__S03__seed_0013,G0212,Military_Gun,3,picture_backed,Military,seed_0013,14,#183878,/mnt/zsn/lyb/arti-skill/exp/uniform531_n5_studio_256_v1/G0212__S03__seed_0013__Military_Gun.png,78899,a1957e011d9b40d4eba35fc17bb5fa4bb202c04fe15452617cb487e677076ae5,45.772953,2.09284329
1058,1059,G0212__S04__seed_0043,G0212,Military_Gun,4,picture_backed,Military,seed_0043,76,#183878,/mnt/zsn/lyb/arti-skill/exp/uniform531_n5_studio_256_v1/G0212__S04__seed_0043__Military_Gun.png,78213,3e2dcdd9e64e48cd8e53af74f82ebbf8fba508ed521b72b8d0495ab5c8ff2059,45.9505348,2.35392952
1059,1060,G0212__S05__seed_0034,G0212,Military_Gun,5,picture_backed,Military,seed_0034,67,#183878,/mnt/zsn/lyb/arti-skill/exp/uniform531_n5_studio_256_v1/G0212__S05__seed_0034__Military_Gun.png,78167,1763cb4f6e216e6ca116bf1060e76a97b7b8ea781a10308a6f34008ab02d93c0,46.0250587,2.09277463
1060,1061,G0213__S01__seed_0662,G0213,Military_helicopter,1,picture_backed,Military,seed_0662,669,#a89868,/mnt/zsn/lyb/arti-skill/exp/uniform531_n5_studio_256_v1/G0213__S01__seed_0662__Military_helicopter.png,72995,f67d813535442a8c7bd25c88f18d16da9028e1e7f2a88b73620996e7fe59fe7c,33.1553612,39.0898628
1061,1062,G0213__S02__seed_0062,G0213,Military_helicopter,2,picture_backed,Military,seed_0062,62,#a89868,/mnt/zsn/lyb/arti-skill/exp/uniform531_n5_studio_256_v1/G0213__S02__seed_0062__Military_helicopter.png,71731,0e7b5b9242e3ce0b273a6f8ba3bcf387e039cf758b31c7623afb35847ea4cd5a,33.5002174,39.2798386
1062,1063,G0213__S03__seed_0449,G0213,Military_helicopter,3,picture_backed,Military,seed_0449,454,#a89868,/mnt/zsn/lyb/arti-skill/exp/uniform531_n5_studio_256_v1/G0213__S03__seed_0449__Military_helicopter.png,73162,4884f75165cdb0d40ed9a297021693901a0fc798fbc5f4f2e0a8aa6207d67226,33.6390305,38.1366348
1063,1064,G0213__S04__seed_1184,G0213,Military_helicopter,4,picture_backed,Military,seed_1184,1196,#a89868,/mnt/zsn/lyb/arti-skill/exp/uniform531_n5_studio_256_v1/G0213__S04__seed_1184__Military_helicopter.png,73540,6f7c43324ea1ee802158bf10db6fbf8d36ae17edcf6b3d8998759d00387aac55,33.1934471,37.770031
1064,1065,G0213__S05__seed_1314,G0213,Military_helicopter,5,picture_backed,Military,seed_1314,1329,#a89868,/mnt/zsn/lyb/arti-skill/exp/uniform531_n5_studio_256_v1/G0213__S05__seed_1314__Military_helicopter.png,73037,cc8c9b8db2f44b2d933487ebb241c90fe547ef69487765649ebb41f35f5c5f37,33.5008736,38.5158615
1065,1066,G0214__S01__seed_0097,G0214,Military_knife,1,picture_backed,Military,seed_0097,97,#e818c8,/mnt/zsn/lyb/arti-skill/exp/uniform531_n5_studio_256_v1/G0214__S01__seed_0097__Military_knife.png,83435,50ec8e8000f6d349e98b2d90813acacfcd813d7c9587467482284da146875ab7,31.5791416,22.7824631
1066,1067,G0214__S02__seed_0070,G0214,Military_knife,2,picture_backed,Military,seed_0070,70,#e818c8,/mnt/zsn/lyb/arti-skill/exp/uniform531_n5_studio_256_v1/G0214__S02__seed_0070__Military_knife.png,77404,6678f2a7bb917893d3d7de9aafd97fc65fea90a240c2b4c32ae887d550606285,31.8874607,21.1267052
1067,1068,G0214__S03__seed_0016,G0214,Military_knife,3,picture_backed,Military,seed_0016,16,#e818c8,/mnt/zsn/lyb/arti-skill/exp/uniform531_n5_studio_256_v1/G0214__S03__seed_0016__Military_knife.png,83348,f1f7a05c9107d12066536840ec604156c1f9886b0ad0641ac8126282fb11bb86,31.5328445,22.8178272
1068,1069,G0214__S04__seed_0045,G0214,Military_knife,4,picture_backed,Military,seed_0045,45,#e818c8,/mnt/zsn/lyb/arti-skill/exp/uniform531_n5_studio_256_v1/G0214__S04__seed_0045__Military_knife.png,77599,de007b8c15c866906b3fcbd2ad86fc20311832f1d19fccbc530779fe8aab0ba2,50.4240036,-13.2051058
1069,1070,G0214__S05__seed_0083,G0214,Military_knife,5,picture_backed,Military,seed_0083,83,#e818c8,/mnt/zsn/lyb/arti-skill/exp/uniform531_n5_studio_256_v1/G0214__S05__seed_0083__Military_knife.png,82730,66b004daaa46e6672d0cd174d29f9d4e932891356a612c5d93874af1d4468b42,31.3474751,22.8523254
1070,1071,G0215__S01__seed_0143,G0215,Military_Military_knife,1,picture_backed,Military,seed_0143,143,#485878,/mnt/zsn/lyb/arti-skill/exp/uniform531_n5_studio_256_v1/G0215__S01__seed_0143__Military_Military_knife.png,79778,7bbe07862fc96bee1bd8b50b9895753392f42b0856e20aa5ec3643c468388811,-8.15601635,21.1341476
1071,1072,G0215__S02__seed_0138,G0215,Military_Military_knife,2,picture_backed,Military,seed_0138,138,#485878,/mnt/zsn/lyb/arti-skill/exp/uniform531_n5_studio_256_v1/G0215__S02__seed_0138__Military_Military_knife.png,70779,7608b0cb5ac77f1dc9485465ddcd091f1ba598299990b6c3923862b656f90937,55.2549057,9.995471
1072,1073,G0215__S03__seed_0194,G0215,Military_Military_knife,3,picture_backed,Military,seed_0194,195,#485878,/mnt/zsn/lyb/arti-skill/exp/uniform531_n5_studio_256_v1/G0215__S03__seed_0194__Military_Military_knife.png,83128,48056ab53a3b34a992d65c323305beeca9b5143e5dbbd786fc719b6b27262030,-8.5515604,20.837513
1073,1074,G0215__S04__seed_0141,G0215,Military_Military_knife,4,picture_backed,Military,seed_0141,141,#485878,/mnt/zsn/lyb/arti-skill/exp/uniform531_n5_studio_256_v1/G0215__S04__seed_0141__Military_Military_knife.png,77716,b923c3da9c1d4b7ab4f09aab0bcc63e41b7aab7103323bfaa0a399a54242f7fa,-9.03052235,20.3498287
1074,1075,G0215__S05__seed_0018,G0215,Military_Military_knife,5,picture_backed,Military,seed_0018,18,#485878,/mnt/zsn/lyb/arti-skill/exp/uniform531_n5_studio_256_v1/G0215__S05__seed_0018__Military_Military_knife.png,77872,0c0a8d13aeafe57364b99a832f6f00db1766e1e5efc3e335720b4e4619072def,-9.22579765,20.2414646
1075,1076,G0216__S01__seed_0040,G0216,Military_Radio,1,picture_backed,Military,seed_0040,46,#e81888,/mnt/zsn/lyb/arti-skill/exp/uniform531_n5_studio_256_v1/G0216__S01__seed_0040__Military_Radio.png,77670,f66d6fc8216cef18b15d8c5ca86f0f8492c421fd861c4742a03b87e3cc37c4b9,-9.80238438,-45.395256
1076,1077,G0216__S02__seed_0048,G0216,Military_Radio,2,picture_backed,Military,seed_0048,57,#e81888,/mnt/zsn/lyb/arti-skill/exp/uniform531_n5_studio_256_v1/G0216__S02__seed_0048__Military_Radio.png,71114,60b42c55fe2254a9bc133a96e221d121c545884f64fb393e26218be3cee9cee0,52.417141,-11.0752182
1077,1078,G0216__S03__seed_0016,G0216,Military_Radio,3,picture_backed,Military,seed_0016,18,#e81888,/mnt/zsn/lyb/arti-skill/exp/uniform531_n5_studio_256_v1/G0216__S03__seed_0016__Military_Radio.png,71417,729aa22a7b3b7ac18cc0011f74447ed42e8e140d0b0c0460caa1b5fe6554f552,52.3938675,-11.0731459
1078,1079,G0216__S04__seed_0005,G0216,Military_Radio,4,picture_backed,Military,seed_0005,6,#e81888,/mnt/zsn/lyb/arti-skill/exp/uniform531_n5_studio_256_v1/G0216__S04__seed_0005__Military_Radio.png,68428,27e5db5d4a17a06fd6f8c698ca51fd22eba479b0fcdbd4bd5c702cfe85b28321,52.635994,-10.1559525
1079,1080,G0216__S05__seed_0002,G0216,Military_Radio,5,picture_backed,Military,seed_0002,3,#e81888,/mnt/zsn/lyb/arti-skill/exp/uniform531_n5_studio_256_v1/G0216__S05__seed_0002__Military_Radio.png,70240,d02eee668d4c5c21894a76b872275735550878bcdd76839d3f5f1820a1739b9c,52.386467,-10.6049023
1080,1081,G0217__S01__seed_0963,G0217,Military_Rifle,1,picture_backed,Military,seed_0963,963,#485838,/mnt/zsn/lyb/arti-skill/exp/uniform531_n5_studio_256_v1/G0217__S01__seed_0963__Military_Rifle.png,74041,8f90d5cd6197873e2ae3f5f8950691b85ab94fcdef6b6e9ed1714eae599e6209,46.8741264,4.28816891
1081,1082,G0217__S02__seed_0598,G0217,Military_Rifle,2,picture_backed,Military,seed_0598,598,#485838,/mnt/zsn/lyb/arti-skill/exp/uniform531_n5_studio_256_v1/G0217__S02__seed_0598__Military_Rifle.png,76178,2de929f3608d22fae0d3577984585b4701ea16ccd90a688a5b831feeabc8ab1d,46.5656967,3.62304187
1082,1083,G0217__S03__seed_1199,G0217,Military_Rifle,3,picture_backed,Military,seed_1199,1199,#485838,/mnt/zsn/lyb/arti-skill/exp/uniform531_n5_studio_256_v1/G0217__S03__seed_1199__Military_Rifle.png,74766,ba91e216efe10811959db02ac24f6a8480f4af65d5e9e7287c3a5cda7548f1bf,46.7059975,3.93257499
1083,1084,G0217__S04__seed_1271,G0217,Military_Rifle,4,picture_backed,Military,seed_1271,1271,#485838,/mnt/zsn/lyb/arti-skill/exp/uniform531_n5_studio_256_v1/G0217__S04__seed_1271__Military_Rifle.png,73391,becaa87a34bc69558a98cf6cd1902ee6994addd43cc18e567856d79f14517d17,47.0303802,4.71592522
1084,1085,G0217__S05__seed_0596,G0217,Military_Rifle,5,picture_backed,Military,seed_0596,596,#485838,/mnt/zsn/lyb/arti-skill/exp/uniform531_n5_studio_256_v1/G0217__S05__seed_0596__Military_Rifle.png,75729,7b26fb597bfa5796ba4bf21eb2c838931c0663e6ddc24ce06bb5d74761f3f505,46.4793053,3.39806056
1085,1086,G0218__S01__seed_0066,G0218,Military_sword,1,picture_backed,Military,seed_0066,66,#7848d8,/mnt/zsn/lyb/arti-skill/exp/uniform531_n5_studio_256_v1/G0218__S01__seed_0066__Military_sword.png,70669,05beec27bfb4261ad92b04047bdadffd8bacd0ed2205f8eab7d22a800aa0e38f,47.0126343,11.8721437
1086,1087,G0218__S02__seed_0039,G0218,Military_sword,2,picture_backed,Military,seed_0039,39,#7848d8,/mnt/zsn/lyb/arti-skill/exp/uniform531_n5_studio_256_v1/G0218__S02__seed_0039__Military_sword.png,70205,ab5b09ffa06e0c0a2f34fab385d278176e715a24a298edaf9c2ac0088f5472c1,46.8248329,11.7549534
1087,1088,G0218__S03__seed_0024,G0218,Military_sword,3,picture_backed,Military,seed_0024,24,#7848d8,/mnt/zsn/lyb/arti-skill/exp/uniform531_n5_studio_256_v1/G0218__S03__seed_0024__Military_sword.png,70724,d64b1d524a1eb759959f536d732a3df18dcd07081385414634821782378b4dcd,47.3307762,11.7459478
1088,1089,G0218__S04__seed_0059,G0218,Military_sword,4,picture_backed,Military,seed_0059,59,#7848d8,/mnt/zsn/lyb/arti-skill/exp/uniform531_n5_studio_256_v1/G0218__S04__seed_0059__Military_sword.png,71581,8de0d7fdec54bd6158ae93b2c60d673931ccd9fd686c98526bb47bb2b1d6905e,46.8711433,11.9142017
1089,1090,G0218__S05__seed_0010,G0218,Military_sword,5,picture_backed,Military,seed_0010,10,#7848d8,/mnt/zsn/lyb/arti-skill/exp/uniform531_n5_studio_256_v1/G0218__S05__seed_0010__Military_sword.png,71381,ec5ac646dc0a4306f52e5b21ddb19b3b824bf807f2736bba476a6107cdaed6ce,46.3796959,11.6948509
1090,1091,G0219__S01__seed_0032,G0219,Military_Tank,1,picture_backed,Military,seed_0032,33,#a888e8,/mnt/zsn/lyb/arti-skill/exp/uniform531_n5_studio_256_v1/G0219__S01__seed_0032__Military_Tank.png,80678,249500c9620cae8ac58f236ebb157b77bcd3d7d654537aca022d2981d064eb37,4.13523436,49.3727303
1091,1092,G0219__S02__seed_0049,G0219,Military_Tank,2,picture_backed,Military,seed_0049,50,#a888e8,/mnt/zsn/lyb/arti-skill/exp/uniform531_n5_studio_256_v1/G0219__S02__seed_0049__Military_Tank.png,84004,e97b89640d65948c4c18e236b0e38a129fa13ee6c8ae9a6ff14b377413a2c667,3.97727108,49.3898087
1092,1093,G0219__S03__seed_0045,G0219,Military_Tank,3,picture_backed,Military,seed_0045,46,#a888e8,/mnt/zsn/lyb/arti-skill/exp/uniform531_n5_studio_256_v1/G0219__S03__seed_0045__Military_Tank.png,84558,af455dd1f17dfb6e425c7f307be76734a899970aeb75136d4035e0eb097c1cb0,4.27047586,48.8534317
1093,1094,G0219__S04__seed_0014,G0219,Military_Tank,4,picture_backed,Military,seed_0014,15,#a888e8,/mnt/zsn/lyb/arti-skill/exp/uniform531_n5_studio_256_v1/G0219__S04__seed_0014__Military_Tank.png,86848,5415284a4f6b6026597611b0d1cc5d86a59d465e616e8c0628219bd98dde6796,3.9648273,49.4092712
1094,1095,G0219__S05__seed_0003,G0219,Military_Tank,5,picture_backed,Military,seed_0003,3,#a888e8,/mnt/zsn/lyb/arti-skill/exp/uniform531_n5_studio_256_v1/G0219__S05__seed_0003__Military_Tank.png,80784,949aadfd7763f6f6f324b15f535da983e70dfbf12c12511fea24bb584945d9a8,4.78376245,47.6678848
1095,1096,G0220__S01__seed_0139,G0220,Military_Turret,1,picture_backed,Military,seed_0139,139,#6878b8,/mnt/zsn/lyb/arti-skill/exp/uniform531_n5_studio_256_v1/G0220__S01__seed_0139__Military_Turret.png,84573,e9f7f36d6b2735c7dbb6caef008665d0bb4a7f64138ec3eabe2d6345cb650c64,7.57720709,-26.1451321
1096,1097,G0220__S02__seed_0144,G0220,Military_Turret,2,picture_backed,Military,seed_0144,144,#6878b8,/mnt/zsn/lyb/arti-skill/exp/uniform531_n5_studio_256_v1/G0220__S02__seed_0144__Military_Turret.png,80374,e385808e12a56d93a17a41ba737667fa30d6a854516049cde0cb08dac0619735,64.5678177,0.660289109
1097,1098,G0220__S03__seed_0077,G0220,Military_Turret,3,picture_backed,Military,seed_0077,77,#6878b8,/mnt/zsn/lyb/arti-skill/exp/uniform531_n5_studio_256_v1/G0220__S03__seed_0077__Military_Turret.png,77560,835ba58cb78eeb65398190f43487022e1b1edca4a8dd1dfcf2ccac2f367a3214,7.57782888,-26.4047127
1098,1099,G0220__S04__seed_0090,G0220,Military_Turret,4,picture_backed,Military,seed_0090,90,#6878b8,/mnt/zsn/lyb/arti-skill/exp/uniform531_n5_studio_256_v1/G0220__S04__seed_0090__Military_Turret.png,78998,d8833a2d54e3da79124b6dd5f2a0da34cfa06d19c1c59e562e0ad81a74371cf7,64.4685745,0.467193007
1099,1100,G0220__S05__seed_0129,G0220,Military_Turret,5,picture_backed,Military,seed_0129,129,#6878b8,/mnt/zsn/lyb/arti-skill/exp/uniform531_n5_studio_256_v1/G0220__S05__seed_0129__Military_Turret.png,85720,2ba180762aeb3d83d071240231ef686a82bd58735a2ff85e572f21e0f8a7c627,7.30540705,-26.7825203
1100,1101,G0221__S01__seed_1833,G0221,missile_launcher,1,builtin_no_picture,builtin_no_picture,seed_1833,2173,#1898a8,/mnt/zsn/lyb/arti-skill/exp/uniform531_n5_studio_256_v1/G0221__S01__seed_1833__missile_launcher.png,77879,f2efd16e28e2ce893e95ddfb3c3ef928145033be059fbd6c75e3c3a229573956,20.6457844,16.1534863
1101,1102,G0221__S02__seed_0467,G0221,missile_launcher,2,builtin_no_picture,builtin_no_picture,seed_0467,547,#1898a8,/mnt/zsn/lyb/arti-skill/exp/uniform531_n5_studio_256_v1/G0221__S02__seed_0467__missile_launcher.png,80824,c4fa5344289f19ef3bd90b513abb07b52cf76bec7f67bbc4838fe207a13c1c46,12.2568016,27.3527241
1102,1103,G0221__S03__seed_0865,G0221,missile_launcher,3,builtin_no_picture,builtin_no_picture,seed_0865,1004,#1898a8,/mnt/zsn/lyb/arti-skill/exp/uniform531_n5_studio_256_v1/G0221__S03__seed_0865__missile_launcher.png,77193,683c2d261ebb38857fc5b3ad930322fc0be6dd8bd51dc17005df9e4847be558c,12.2925844,27.4330616
1103,1104,G0221__S04__seed_0774,G0221,missile_launcher,4,builtin_no_picture,builtin_no_picture,seed_0774,903,#1898a8,/mnt/zsn/lyb/arti-skill/exp/uniform531_n5_studio_256_v1/G0221__S04__seed_0774__missile_launcher.png,79425,6827d300a52f1c5f3570f391cc64530ef3fae3b4c937c14a7d6574f6c834fb52,20.3435955,13.705925
1104,1105,G0221__S05__seed_0084,G0221,missile_launcher,5,builtin_no_picture,builtin_no_picture,seed_0084,101,#1898a8,/mnt/zsn/lyb/arti-skill/exp/uniform531_n5_studio_256_v1/G0221__S05__seed_0084__missile_launcher.png,75559,7e8aa65e3de5249c25957f6f7b66a2fdc37c3c99b42e15068f46f2038c18f9e0,25.8907871,14.8314409
1105,1106,G0222__S01__seed_0460,G0222,miter_saw_arm_assembly,1,builtin_no_picture,builtin_no_picture,seed_0460,464,#38c818,/mnt/zsn/lyb/arti-skill/exp/uniform531_n5_studio_256_v1/G0222__S01__seed_0460__miter_saw_arm_assembly.png,84164,a83072268a272f3d3eef164678a039d21c1c46f939ec4704373b37aaca7350c9,11.2256117,19.6300621
1106,1107,G0222__S02__seed_0087,G0222,miter_saw_arm_assembly,2,builtin_no_picture,builtin_no_picture,seed_0087,87,#38c818,/mnt/zsn/lyb/arti-skill/exp/uniform531_n5_studio_256_v1/G0222__S02__seed_0087__miter_saw_arm_assembly.png,81809,ab3cfea9772d991b58a3a2e68e0a1e17c25569ca463cc01170299c8d130d1175,11.4745674,19.6334343
1107,1108,G0222__S03__seed_0952,G0222,miter_saw_arm_assembly,3,builtin_no_picture,builtin_no_picture,seed_0952,962,#38c818,/mnt/zsn/lyb/arti-skill/exp/uniform531_n5_studio_256_v1/G0222__S03__seed_0952__miter_saw_arm_assembly.png,83580,27c489e3bfc3944e8105fb05f2a07f3ad729504bd5093c184b4050cafafd463a,10.8028393,19.2407417
1108,1109,G0222__S04__seed_0805,G0222,miter_saw_arm_assembly,4,builtin_no_picture,builtin_no_picture,seed_0805,813,#38c818,/mnt/zsn/lyb/arti-skill/exp/uniform531_n5_studio_256_v1/G0222__S04__seed_0805__miter_saw_arm_assembly.png,80641,61cc2f8b4d1bc42e59401a613998736199c231a7f652b7bcd55d583f89ed25f6,11.4720755,19.4898491
1109,1110,G0222__S05__seed_1316,G0222,miter_saw_arm_assembly,5,builtin_no_picture,builtin_no_picture,seed_1316,1330,#38c818,/mnt/zsn/lyb/arti-skill/exp/uniform531_n5_studio_256_v1/G0222__S05__seed_1316__miter_saw_arm_assembly.png,82543,e5c177bbec4c1151a10a05764e530ed130ca2bb0c4cab91b32d25e53150f03a0,11.3375273,20.0999908
1110,1111,G0223__S01__seed_0014,G0223,monitor_mount,1,builtin_no_picture,builtin_no_picture,seed_0014,14,#18b868,/mnt/zsn/lyb/arti-skill/exp/uniform531_n5_studio_256_v1/G0223__S01__seed_0014__monitor_mount.png,75259,9b15e44d6bd9ecb3048b5b6c2986626aeee7c4f3c3e08412211d0beef2046245,27.7165413,11.9226646
1111,1112,G0223__S02__seed_0013,G0223,monitor_mount,2,builtin_no_picture,builtin_no_picture,seed_0013,13,#18b868,/mnt/zsn/lyb/arti-skill/exp/uniform531_n5_studio_256_v1/G0223__S02__seed_0013__monitor_mount.png,76402,b976f45a3dd27ecb431fe87ab5b20a1b67e8b4644e72abd6f62f1eadb7aede4e,29.0372601,12.006568
1112,1113,G0223__S03__seed_0020,G0223,monitor_mount,3,builtin_no_picture,builtin_no_picture,seed_0020,20,#18b868,/mnt/zsn/lyb/arti-skill/exp/uniform531_n5_studio_256_v1/G0223__S03__seed_0020__monitor_mount.png,77898,7811e21bb99123428a2f892e6590102309dc43a451954a03a74b8a722409ea5c,29.0079136,11.9503765
1113,1114,G0223__S04__seed_0007,G0223,monitor_mount,4,builtin_no_picture,builtin_no_picture,seed_0007,7,#18b868,/mnt/zsn/lyb/arti-skill/exp/uniform531_n5_studio_256_v1/G0223__S04__seed_0007__monitor_mount.png,76560,5d801b6ff1e37cb19f60c5198288c370f6a0c965a34c6d423c84f51a3426c007,28.0583096,11.8209591
1114,1115,G0223__S05__seed_0008,G0223,monitor_mount,5,builtin_no_picture,builtin_no_picture,seed_0008,8,#18b868,/mnt/zsn/lyb/arti-skill/exp/uniform531_n5_studio_256_v1/G0223__S05__seed_0008__monitor_mount.png,76539,62137b01fc958dfd9e6d492b79d549564c38a0d4758385f451a2686a76dba23d,28.1807899,11.7688456
1115,1116,G0224__S01__seed_0282,G0224,multisegment_foldout_arm,1,builtin_no_picture,builtin_no_picture,seed_0282,282,#884888,/mnt/zsn/lyb/arti-skill/exp/uniform531_n5_studio_256_v1/G0224__S01__seed_0282__multisegment_foldout_arm.png,72643,ad830a5b26a2d4d812fac899a32ff0cdeb4cce7a13196606a65215f6b809f5ba,30.9785061,18.0902691
1116,1117,G0224__S02__seed_0241,G0224,multisegment_foldout_arm,2,builtin_no_picture,builtin_no_picture,seed_0241,241,#884888,/mnt/zsn/lyb/arti-skill/exp/uniform531_n5_studio_256_v1/G0224__S02__seed_0241__multisegment_foldout_arm.png,75081,abdd4d7e707d234b7f098df1b8f17ff7d515de46f91fd917665783f6a0ce9491,31.5587521,19.7936401
1117,1118,G0224__S03__seed_0028,G0224,multisegment_foldout_arm,3,builtin_no_picture,builtin_no_picture,seed_0028,28,#884888,/mnt/zsn/lyb/arti-skill/exp/uniform531_n5_studio_256_v1/G0224__S03__seed_0028__multisegment_foldout_arm.png,70642,0f699d0e5b405ab9cb0b94c8bd9f50dc6247d9515ea28ad62d2023ca052a8416,32.581501,19.8314934
1118,1119,G0224__S04__seed_0179,G0224,multisegment_foldout_arm,4,builtin_no_picture,builtin_no_picture,seed_0179,179,#884888,/mnt/zsn/lyb/arti-skill/exp/uniform531_n5_studio_256_v1/G0224__S04__seed_0179__multisegment_foldout_arm.png,74489,608cc6fc2b034f53d23ad7428950dff04d582269f31be75c6ea68c12ae6aa979,31.8687592,19.6107216
1119,1120,G0224__S05__seed_0136,G0224,multisegment_foldout_arm,5,builtin_no_picture,builtin_no_picture,seed_0136,136,#884888,/mnt/zsn/lyb/arti-skill/exp/uniform531_n5_studio_256_v1/G0224__S05__seed_0136__multisegment_foldout_arm.png,74981,6d17791f676cd40930ae8319ed61e64e4b39e278100423825589a43eebcaa3d0,30.3830814,18.8502598
1120,1121,G0225__S01__seed_0032,G0225,Music_Amplifier,1,picture_backed,Music,seed_0032,32,#384868,/mnt/zsn/lyb/arti-skill/exp/uniform531_n5_studio_256_v1/G0225__S01__seed_0032__Music_Amplifier.png,91515,e10751c7239cd9597cbee62afbb5791eedf651af6344117d639e76e000db1157,-48.8061523,-11.0482569
1121,1122,G0225__S02__seed_0020,G0225,Music_Amplifier,2,picture_backed,Music,seed_0020,20,#384868,/mnt/zsn/lyb/arti-skill/exp/uniform531_n5_studio_256_v1/G0225__S02__seed_0020__Music_Amplifier.png,89516,c44a31158215c9a7257b08617ea2987866efeb607a332e5346e042a84983abac,-35.2505226,6.12884474
1122,1123,G0225__S03__seed_0027,G0225,Music_Amplifier,3,picture_backed,Music,seed_0027,27,#384868,/mnt/zsn/lyb/arti-skill/exp/uniform531_n5_studio_256_v1/G0225__S03__seed_0027__Music_Amplifier.png,95624,77d32a65b8fda3be995b9328445460f0c7911f914cf85c5be4bfa6a9c0488fa0,-47.8634148,-10.3098459
1123,1124,G0225__S04__seed_0016,G0225,Music_Amplifier,4,picture_backed,Music,seed_0016,16,#384868,/mnt/zsn/lyb/arti-skill/exp/uniform531_n5_studio_256_v1/G0225__S04__seed_0016__Music_Amplifier.png,91610,185da6a2bed3d36d9927f607d0cb70a95f0a545533e6e3400e89f59d1fafb8a7,-48.7345695,-11.3947058
1124,1125,G0225__S05__seed_0039,G0225,Music_Amplifier,5,picture_backed,Music,seed_0039,39,#384868,/mnt/zsn/lyb/arti-skill/exp/uniform531_n5_studio_256_v1/G0225__S05__seed_0039__Music_Amplifier.png,92872,b53abd884d1d2332e735a5115de019e65d55113d9211d81f8de1278b1a30c01d,-48.8401413,-10.7719097
1125,1126,G0226__S01__seed_0009,G0226,Music_CD_case,1,picture_backed,Music,seed_0009,9,#e878e8,/mnt/zsn/lyb/arti-skill/exp/uniform531_n5_studio_256_v1/G0226__S01__seed_0009__Music_CD_case.png,73261,894bf6f39a87fd31d6b8991ab7c550d3e4567745036f1f912865ff60599f6691,-15.679801,12.7907429
1126,1127,G0226__S02__seed_0011,G0226,Music_CD_case,2,picture_backed,Music,seed_0011,12,#e878e8,/mnt/zsn/lyb/arti-skill/exp/uniform531_n5_studio_256_v1/G0226__S02__seed_0011__Music_CD_case.png,74437,5f4d63c31b56d537fa1fb035f656c916c123a6c37659504b62ec6eaaeb7ee1aa,-15.1671743,13.8232336
1127,1128,G0226__S03__seed_0023,G0226,Music_CD_case,3,picture_backed,Music,seed_0023,24,#e878e8,/mnt/zsn/lyb/arti-skill/exp/uniform531_n5_studio_256_v1/G0226__S03__seed_0023__Music_CD_case.png,72391,5d2aa55d6b68e6e4f63d5ee6b9e75b29fd06ffc20ff959699a8ef63849e45c40,-17.9101295,11.3367167
1128,1129,G0226__S04__seed_0017,G0226,Music_CD_case,4,picture_backed,Music,seed_0017,18,#e878e8,/mnt/zsn/lyb/arti-skill/exp/uniform531_n5_studio_256_v1/G0226__S04__seed_0017__Music_CD_case.png,75763,768fdfc0ceb0037289dedc090a90eb2d9fc8f07bf1501d56ce122c5bdb03292a,-15.5933018,12.9130449
1129,1130,G0226__S05__seed_0000,G0226,Music_CD_case,5,picture_backed,Music,seed_0000,0,#e878e8,/mnt/zsn/lyb/arti-skill/exp/uniform531_n5_studio_256_v1/G0226__S05__seed_0000__Music_CD_case.png,71191,f9df61388e9573a4e5b06de2d66d9ec9c4e83deb4193eb131f42c241ab4ee33c,-17.776844,11.5405359
1130,1131,G0227__S01__seed_0097,G0227,Music_Headphone,1,picture_backed,Music,seed_0097,97,#c8a8e8,/mnt/zsn/lyb/arti-skill/exp/uniform531_n5_studio_256_v1/G0227__S01__seed_0097__Music_Headphone.png,84716,c4e6fe4a14c7d309c05db468329b8c2acd38c7035d1c471aebc4ef1ccf47a36d,18.3818588,-16.6837959
1131,1132,G0227__S02__seed_0085,G0227,Music_Headphone,2,picture_backed,Music,seed_0085,85,#c8a8e8,/mnt/zsn/lyb/arti-skill/exp/uniform531_n5_studio_256_v1/G0227__S02__seed_0085__Music_Headphone.png,89811,48796d941e90a99f71c275f9276b14d9e9947a7defc766366caeff9b310b932d,18.8237247,-16.8615837
1132,1133,G0227__S03__seed_0265,G0227,Music_Headphone,3,picture_backed,Music,seed_0265,265,#c8a8e8,/mnt/zsn/lyb/arti-skill/exp/uniform531_n5_studio_256_v1/G0227__S03__seed_0265__Music_Headphone.png,86764,601845824b344c627b5ed8a39f4a9f3803d48d7fb03a8251a28e52a6b46b25c4,17.767107,-16.3264675
1133,1134,G0227__S04__seed_0020,G0227,Music_Headphone,4,picture_backed,Music,seed_0020,20,#c8a8e8,/mnt/zsn/lyb/arti-skill/exp/uniform531_n5_studio_256_v1/G0227__S04__seed_0020__Music_Headphone.png,86084,87f8a2ef42b2638c6ebbbc35d01d4115d591cb47ba13db4947ab23c82a4a0b59,17.7398281,-16.325428
1134,1135,G0227__S05__seed_0211,G0227,Music_Headphone,5,picture_backed,Music,seed_0211,211,#c8a8e8,/mnt/zsn/lyb/arti-skill/exp/uniform531_n5_studio_256_v1/G0227__S05__seed_0211__Music_Headphone.png,82078,c336a7a965356dc1d6eff01272570af6d02531827152d12b8a1d8242dda5483a,17.7513905,-16.2026329
1135,1136,G0228__S01__seed_0001,G0228,Music_keyboard,1,picture_backed,Music,seed_0001,1,#18a888,/mnt/zsn/lyb/arti-skill/exp/uniform531_n5_studio_256_v1/G0228__S01__seed_0001__Music_keyboard.png,88914,05741a1ea15054ffb5907a911a16d98125d1a0b4d02203575f4b0cb4fe5a6ff1,-27.1499653,13.0161495
1136,1137,G0228__S02__seed_0028,G0228,Music_keyboard,2,picture_backed,Music,seed_0028,39,#18a888,/mnt/zsn/lyb/arti-skill/exp/uniform531_n5_studio_256_v1/G0228__S02__seed_0028__Music_keyboard.png,87076,947387822db89e325a7a476b0e81ed463cbee87952336afb82a655447c3b3dec,-27.116024,14.1156406
1137,1138,G0228__S03__seed_0067,G0228,Music_keyboard,3,picture_backed,Music,seed_0067,85,#18a888,/mnt/zsn/lyb/arti-skill/exp/uniform531_n5_studio_256_v1/G0228__S03__seed_0067__Music_keyboard.png,87046,7d2d73e24f78855df787162440b4db321cefb7e53b087b363e3cc9f2fec5a4ee,-27.54632,13.6116314
1138,1139,G0228__S04__seed_0049,G0228,Music_keyboard,4,picture_backed,Music,seed_0049,65,#18a888,/mnt/zsn/lyb/arti-skill/exp/uniform531_n5_studio_256_v1/G0228__S04__seed_0049__Music_keyboard.png,79838,cbe7aecf806841369d70a8a41d2f07882cf658e144e37bbe1ef2bb0cf47212e7,-27.0258236,14.11658
1139,1140,G0228__S05__seed_0078,G0228,Music_keyboard,5,picture_backed,Music,seed_0078,99,#18a888,/mnt/zsn/lyb/arti-skill/exp/uniform531_n5_studio_256_v1/G0228__S05__seed_0078__Music_keyboard.png,89073,6e90d6ad9a4976781012717b807e20215ec1eddbb8974d367e7917a0e9918b59,-27.6269989,13.4745388
1140,1141,G0229__S01__seed_0009,G0229,music_stand,1,picture_backed,0611,seed_0009,9,#c8b868,/mnt/zsn/lyb/arti-skill/exp/uniform531_n5_studio_256_v1/G0229__S01__seed_0009__music_stand.png,75135,cc24a2e3181522e6d7dc189e9e34f9c3bc2892c8c0154e86af8c88264f64f7aa,62.4900284,-7.13555098
1141,1142,G0229__S02__seed_0019,G0229,music_stand,2,picture_backed,0611,seed_0019,19,#c8b868,/mnt/zsn/lyb/arti-skill/exp/uniform531_n5_studio_256_v1/G0229__S02__seed_0019__music_stand.png,70658,615e133f120142828d6b4627eda041b3a86639c24720cfa46f3cb3a39ee00e50,62.6737175,-7.15369797
1142,1143,G0229__S03__seed_0003,G0229,music_stand,3,picture_backed,0611,seed_0003,3,#c8b868,/mnt/zsn/lyb/arti-skill/exp/uniform531_n5_studio_256_v1/G0229__S03__seed_0003__music_stand.png,72973,ec103c1446d944b60309718d815f3b3ec061128299db113cea4cf8db62777516,62.4695091,-6.90871334
1143,1144,G0229__S04__seed_0032,G0229,music_stand,4,picture_backed,0611,seed_0032,32,#c8b868,/mnt/zsn/lyb/arti-skill/exp/uniform531_n5_studio_256_v1/G0229__S04__seed_0032__music_stand.png,73811,a359fcba0cfbb4364de27af9d4168d17824388e077ce2edcfeb27779af645ac5,62.1656494,-7.37585497
1144,1145,G0229__S05__seed_0051,G0229,music_stand,5,picture_backed,0611,seed_0051,51,#c8b868,/mnt/zsn/lyb/arti-skill/exp/uniform531_n5_studio_256_v1/G0229__S05__seed_0051__music_stand.png,72824,6486024f2075a36af4be78ce0f585e25c63adc23cd9d43559f573bd908d30b8f,61.8455772,-7.67740393
1145,1146,G0230__S01__seed_0011,G0230,music_stand1,1,picture_backed,0611,seed_0011,11,#583858,/mnt/zsn/lyb/arti-skill/exp/uniform531_n5_studio_256_v1/G0230__S01__seed_0011__music_stand1.png,71719,c5d27c89ad39b76aaefb9a4fee94e1ccfd063dc6bb2bbce069256bc604171bc2,58.7298889,-8.06737423
1146,1147,G0230__S02__seed_0031,G0230,music_stand1,2,picture_backed,0611,seed_0031,31,#583858,/mnt/zsn/lyb/arti-skill/exp/uniform531_n5_studio_256_v1/G0230__S02__seed_0031__music_stand1.png,74456,31f7ac7fc1201b184ba0a5d9380bb3de6ed6c7e5df5405c3073f430dbf18de5d,59.7860146,-7.84213543
1147,1148,G0230__S03__seed_0017,G0230,music_stand1,3,picture_backed,0611,seed_0017,17,#583858,/mnt/zsn/lyb/arti-skill/exp/uniform531_n5_studio_256_v1/G0230__S03__seed_0017__music_stand1.png,72273,62829da332914bdef517db032c2629d50f6628c2d69079b211cf7e7d14c2d027,60.9749336,-6.76897955
1148,1149,G0230__S04__seed_0002,G0230,music_stand1,4,picture_backed,0611,seed_0002,2,#583858,/mnt/zsn/lyb/arti-skill/exp/uniform531_n5_studio_256_v1/G0230__S04__seed_0002__music_stand1.png,72532,97e986c447b33e1d1c6b275c3ea484f2db1d524a4c453048aa3c04eb175fbcff,59.2536354,-8.01166916
1149,1150,G0230__S05__seed_0008,G0230,music_stand1,5,picture_backed,0611,seed_0008,8,#583858,/mnt/zsn/lyb/arti-skill/exp/uniform531_n5_studio_256_v1/G0230__S05__seed_0008__music_stand1.png,70590,9672f01372de3c29ac1f411501d39cd884bec2211a79a5926fc56560c7e0f9da,59.1000023,-7.45790243
1150,1151,G0231__S01__seed_0052,G0231,Music_Violin_case,1,picture_backed,Music,seed_0052,54,#d84878,/mnt/zsn/lyb/arti-skill/exp/uniform531_n5_studio_256_v1/G0231__S01__seed_0052__Music_Violin_case.png,73781,295c47990ab80a6542099f7937ef0c59759e2c1024ade0a6c8d85ebbd6dea3c7,-9.12693882,2.38832021
1151,1152,G0231__S02__seed_0099,G0231,Music_Violin_case,2,picture_backed,Music,seed_0099,101,#d84878,/mnt/zsn/lyb/arti-skill/exp/uniform531_n5_studio_256_v1/G0231__S02__seed_0099__Music_Violin_case.png,73756,168f6d36377854df15060536394cae085766460abc9db5f57e4a538f929ae7bf,-9.1115694,1.56126034
1152,1153,G0231__S03__seed_0038,G0231,Music_Violin_case,3,picture_backed,Music,seed_0038,40,#d84878,/mnt/zsn/lyb/arti-skill/exp/uniform531_n5_studio_256_v1/G0231__S03__seed_0038__Music_Violin_case.png,72642,1efe02f753b6dee4d4d69a8a6e7303100ff7fcccaf40949e32f0c18409edaaa6,-9.07068825,2.47427559
1153,1154,G0231__S04__seed_0025,G0231,Music_Violin_case,4,picture_backed,Music,seed_0025,26,#d84878,/mnt/zsn/lyb/arti-skill/exp/uniform531_n5_studio_256_v1/G0231__S04__seed_0025__Music_Violin_case.png,73438,5baac4d6abbf21dc3ba4a7f816b2e7cff6ea29e03a4f7a6a4380e37c28932db4,-24.4396553,4.02620506
1154,1155,G0231__S05__seed_0005,G0231,Music_Violin_case,5,picture_backed,Music,seed_0005,6,#d84878,/mnt/zsn/lyb/arti-skill/exp/uniform531_n5_studio_256_v1/G0231__S05__seed_0005__Music_Violin_case.png,69143,b9950e9c60c77cfd5b3144c58dc24fa8c246f44e7058d591f9708e6597b1212b,-9.06955814,2.51951742
1155,1156,G0232__S01__seed_0013,G0232,Music_Vocal_mic,1,picture_backed,Music,seed_0013,16,#e89838,/mnt/zsn/lyb/arti-skill/exp/uniform531_n5_studio_256_v1/G0232__S01__seed_0013__Music_Vocal_mic.png,84474,0492a2335396f363409f7a6e4ddf1bddb929e7c73823675b892da79da8aa0f37,37.1146393,-21.6144581
1156,1157,G0232__S02__seed_0019,G0232,Music_Vocal_mic,2,picture_backed,Music,seed_0019,22,#e89838,/mnt/zsn/lyb/arti-skill/exp/uniform531_n5_studio_256_v1/G0232__S02__seed_0019__Music_Vocal_mic.png,83674,b107b68d63b4acc243780cfbdb037c31b56c671b0424fa9f6848460118c97e18,37.2419701,-20.0241489
1157,1158,G0232__S03__seed_0012,G0232,Music_Vocal_mic,3,picture_backed,Music,seed_0012,15,#e89838,/mnt/zsn/lyb/arti-skill/exp/uniform531_n5_studio_256_v1/G0232__S03__seed_0012__Music_Vocal_mic.png,80003,65d788aeb356df9485111371021674c3749bca2be433cee4bb67bc6226c9384e,37.5920982,-18.9804325
1158,1159,G0232__S04__seed_0008,G0232,Music_Vocal_mic,4,picture_backed,Music,seed_0008,8,#e89838,/mnt/zsn/lyb/arti-skill/exp/uniform531_n5_studio_256_v1/G0232__S04__seed_0008__Music_Vocal_mic.png,81112,3d1fcacc7e4fe8e07fefac95995f1e27348818050aac1f135d30c1115ecf53ca,35.1711693,-27.7875977
1159,1160,G0232__S05__seed_0011,G0232,Music_Vocal_mic,5,picture_backed,Music,seed_0011,14,#e89838,/mnt/zsn/lyb/arti-skill/exp/uniform531_n5_studio_256_v1/G0232__S05__seed_0011__Music_Vocal_mic.png,81130,c6d42fcd01e6e2529f86dace53f0f05e1ce0844099323fb3112d2e3472f5f296,37.0906372,-21.3476772
1160,1161,G0233__S01__seed_0049,G0233,n_joint_revolute_chain,1,builtin_no_picture,builtin_no_picture,seed_0049,50,#d848b8,/mnt/zsn/lyb/arti-skill/exp/uniform531_n5_studio_256_v1/G0233__S01__seed_0049__n_joint_revolute_chain.png,74339,c1f07e6e8050167b1dabf6b590d00d6e6a4820759a2b5d5491ccc3b2089ab7c2,32.7146187,18.2909832
1161,1162,G0233__S02__seed_0098,G0233,n_joint_revolute_chain,2,builtin_no_picture,builtin_no_picture,seed_0098,100,#d848b8,/mnt/zsn/lyb/arti-skill/exp/uniform531_n5_studio_256_v1/G0233__S02__seed_0098__n_joint_revolute_chain.png,75215,021c5ed9d4a0767df1bc91f2a7298f921a5a5c2228a29165522dc3bd37c5e755,28.0016975,14.365593
1162,1163,G0233__S03__seed_0037,G0233,n_joint_revolute_chain,3,builtin_no_picture,builtin_no_picture,seed_0037,38,#d848b8,/mnt/zsn/lyb/arti-skill/exp/uniform531_n5_studio_256_v1/G0233__S03__seed_0037__n_joint_revolute_chain.png,73161,f90d1f5238896f53ff4764be3ec9c9d52307299032d8d16f02930a5a7b94b454,31.1085739,19.756403
1163,1164,G0233__S04__seed_0188,G0233,n_joint_revolute_chain,4,builtin_no_picture,builtin_no_picture,seed_0188,193,#d848b8,/mnt/zsn/lyb/arti-skill/exp/uniform531_n5_studio_256_v1/G0233__S04__seed_0188__n_joint_revolute_chain.png,72870,322a2a8a2d56be1e0b1503f2a2da88518387b7ad00bd3dc9e36a2e65ce471c37,33.6375999,19.3299236
1164,1165,G0233__S05__seed_0187,G0233,n_joint_revolute_chain,5,builtin_no_picture,builtin_no_picture,seed_0187,192,#d848b8,/mnt/zsn/lyb/arti-skill/exp/uniform531_n5_studio_256_v1/G0233__S05__seed_0187__n_joint_revolute_chain.png,72888,49bac89e642d0ad8f59be57274e6be24ff0f1e520192755822e64396275c881b,33.3885384,18.7360268
1165,1166,G0234__S01__seed_0013,G0234,needle_case,1,picture_backed,Textiles_Fabric,seed_0013,14,#c82898,/mnt/zsn/lyb/arti-skill/exp/uniform531_n5_studio_256_v1/G0234__S01__seed_0013__needle_case.png,79638,4356ad14132767105c0ce808573e6fd81fcc18c5fc16ff32eb9fd99ef7759490,-17.8188343,17.1620712
1166,1167,G0234__S02__seed_0034,G0234,needle_case,2,picture_backed,Textiles_Fabric,seed_0034,38,#c82898,/mnt/zsn/lyb/arti-skill/exp/uniform531_n5_studio_256_v1/G0234__S02__seed_0034__needle_case.png,77718,865290d3731bd09f7e3b905bbc731e0828ba1e3b7fb672e27d4e7b9ba96abda6,-18.5276413,17.4916077
1167,1168,G0234__S03__seed_0020,G0234,needle_case,3,picture_backed,Textiles_Fabric,seed_0020,22,#c82898,/mnt/zsn/lyb/arti-skill/exp/uniform531_n5_studio_256_v1/G0234__S03__seed_0020__needle_case.png,76547,7e5d31ee2f2256109351d9c21ff9ba795f7c2af0c31d24a3815341049680c1cf,-17.6624165,17.2095337
1168,1169,G0234__S04__seed_0017,G0234,needle_case,4,picture_backed,Textiles_Fabric,seed_0017,19,#c82898,/mnt/zsn/lyb/arti-skill/exp/uniform531_n5_studio_256_v1/G0234__S04__seed_0017__needle_case.png,77059,eafaa8b03cfa879a0cac226516782cc274c068dd7e4b504601328a4576537188,-17.9614582,17.4873047
1169,1170,G0234__S05__seed_0025,G0234,needle_case,5,picture_backed,Textiles_Fabric,seed_0025,27,#c82898,/mnt/zsn/lyb/arti-skill/exp/uniform531_n5_studio_256_v1/G0234__S05__seed_0025__needle_case.png,72966,049b0d32fc2056b10c95b7328de64ac7dc9bf186e6771402e01f8f41a7422151,-18.4023762,17.5689793
1170,1171,G0235__S01__seed_0010,G0235,nutcracker,1,picture_backed,0611,seed_0010,10,#c8a8a8,/mnt/zsn/lyb/arti-skill/exp/uniform531_n5_studio_256_v1/G0235__S01__seed_0010__nutcracker.png,71940,7ce99cd1c5e295104e300f63b78ff34a1a5994d17567c8bbf39671661c935fd2,66.9403534,17.9943352
1171,1172,G0235__S02__seed_0087,G0235,nutcracker,2,picture_backed,0611,seed_0087,87,#c8a8a8,/mnt/zsn/lyb/arti-skill/exp/uniform531_n5_studio_256_v1/G0235__S02__seed_0087__nutcracker.png,73902,befab7a86332925f48b027d73ed02ab3de2630bc8ccb74100b625f7d90f0e488,65.4675598,18.2315617
1172,1173,G0235__S03__seed_0066,G0235,nutcracker,3,picture_backed,0611,seed_0066,66,#c8a8a8,/mnt/zsn/lyb/arti-skill/exp/uniform531_n5_studio_256_v1/G0235__S03__seed_0066__nutcracker.png,72752,8ee2adafff46920effb7e6d0f5e4124351f480c8f9496db0de646dd1c485ee52,66.7674332,17.9058247
1173,1174,G0235__S04__seed_0068,G0235,nutcracker,4,picture_backed,0611,seed_0068,68,#c8a8a8,/mnt/zsn/lyb/arti-skill/exp/uniform531_n5_studio_256_v1/G0235__S04__seed_0068__nutcracker.png,74697,164a130fa252793380c0acc60680c3fcad6c90da8dba36a72d7a42f07baa4297,65.4841766,18.1619434
1174,1175,G0235__S05__seed_0051,G0235,nutcracker,5,picture_backed,0611,seed_0051,51,#c8a8a8,/mnt/zsn/lyb/arti-skill/exp/uniform531_n5_studio_256_v1/G0235__S05__seed_0051__nutcracker.png,70799,1cda7ed0351af343db7ff4c6757697942f7547559d52793e7e38597f29d4d04b,66.965416,17.9638634
1175,1176,G0236__S01__seed_1456,G0236,office_table_with_doors_or_drawers,1,picture_backed,0611,seed_1456,1456,#687858,/mnt/zsn/lyb/arti-skill/exp/uniform531_n5_studio_256_v1/G0236__S01__seed_1456__office_table_with_doors_or_drawers.png,85814,341931059bd56e82cab331fd21b0ec919e96471b727eb71e0b716c8e6fa699e8,-50.3914757,21.913393
1176,1177,G0236__S02__seed_0215,G0236,office_table_with_doors_or_drawers,2,picture_backed,0611,seed_0215,215,#687858,/mnt/zsn/lyb/arti-skill/exp/uniform531_n5_studio_256_v1/G0236__S02__seed_0215__office_table_with_doors_or_drawers.png,93948,95378ce25be84155cec1910a4dbd9547a0f1aba250374bbf03eb93471f7cc3f0,-52.8549767,19.8708115
1177,1178,G0236__S03__seed_0350,G0236,office_table_with_doors_or_drawers,3,picture_backed,0611,seed_0350,350,#687858,/mnt/zsn/lyb/arti-skill/exp/uniform531_n5_studio_256_v1/G0236__S03__seed_0350__office_table_with_doors_or_drawers.png,84279,47d5a5ead3ebfba01c4e73f5216470cccf0a43281d2d7d3d323f724dfd34566a,-50.8631248,20.7046318
1178,1179,G0236__S04__seed_1016,G0236,office_table_with_doors_or_drawers,4,picture_backed,0611,seed_1016,1016,#687858,/mnt/zsn/lyb/arti-skill/exp/uniform531_n5_studio_256_v1/G0236__S04__seed_1016__office_table_with_doors_or_drawers.png,86480,eec150611e65e6309156f869c191776932551aa237022f50bcbd1d09da2ac8d7,-50.9561462,21.135498
1179,1180,G0236__S05__seed_1069,G0236,office_table_with_doors_or_drawers,5,picture_backed,0611,seed_1069,1069,#687858,/mnt/zsn/lyb/arti-skill/exp/uniform531_n5_studio_256_v1/G0236__S05__seed_1069__office_table_with_doors_or_drawers.png,87542,d52e26c4aff060b62cc752e3eebc174daf1b4f2c6bb2fb1892e8fc5a4196b70c,-50.228138,21.7033215
1180,1181,G0237__S01__seed_0031,G0237,Other_Air_conditioner,1,picture_backed,Other,seed_0031,31,#487898,/mnt/zsn/lyb/arti-skill/exp/uniform531_n5_studio_256_v1/G0237__S01__seed_0031__Other_Air_conditioner.png,69617,df09c98d92b4fea8cb130d674471ca4574ecbbe3d5c369bac06e1558dcea771f,-28.7048683,6.02523708
1181,1182,G0237__S02__seed_0047,G0237,Other_Air_conditioner,2,picture_backed,Other,seed_0047,48,#487898,/mnt/zsn/lyb/arti-skill/exp/uniform531_n5_studio_256_v1/G0237__S02__seed_0047__Other_Air_conditioner.png,74404,6a92a1874b2c62add31288f42c04445e2a9d54a012f1303c07c68929c3d41ba0,-28.2573242,5.91110516
1182,1183,G0237__S03__seed_0035,G0237,Other_Air_conditioner,3,picture_backed,Other,seed_0035,35,#487898,/mnt/zsn/lyb/arti-skill/exp/uniform531_n5_studio_256_v1/G0237__S03__seed_0035__Other_Air_conditioner.png,71362,c2e6d574a0fed3d12b0b202cbb1684e6fd48c9983b10a0b9134bec235658cbba,-28.5339012,5.76593208
1183,1184,G0237__S04__seed_0029,G0237,Other_Air_conditioner,4,picture_backed,Other,seed_0029,29,#487898,/mnt/zsn/lyb/arti-skill/exp/uniform531_n5_studio_256_v1/G0237__S04__seed_0029__Other_Air_conditioner.png,70768,b40a986349b63b8bba36feb56e563602388513ab299c517480abbb0d055eb568,-28.4605808,5.78463078
1184,1185,G0237__S05__seed_0037,G0237,Other_Air_conditioner,5,picture_backed,Other,seed_0037,37,#487898,/mnt/zsn/lyb/arti-skill/exp/uniform531_n5_studio_256_v1/G0237__S05__seed_0037__Other_Air_conditioner.png,75504,61b5a23da728eb654a7d78af1aae3655623fc18ca9753ff4250c2e541e722548,-27.9814587,5.53290129
1185,1186,G0238__S01__seed_0040,G0238,Other_armchair,1,picture_backed,Other,seed_0040,40,#b898b8,/mnt/zsn/lyb/arti-skill/exp/uniform531_n5_studio_256_v1/G0238__S01__seed_0040__Other_armchair.png,83330,0551cefa1140adfe6df00c8c0364d8d818fbb0a67017eb82532caabb08c41719,1.01627815,36.0728035
1186,1187,G0238__S02__seed_0038,G0238,Other_armchair,2,picture_backed,Other,seed_0038,38,#b898b8,/mnt/zsn/lyb/arti-skill/exp/uniform531_n5_studio_256_v1/G0238__S02__seed_0038__Other_armchair.png,86976,15dcee622533b06502c4dd0206e3c76c9193d94e7f3be6d5f61a6207a6f61808,1.92461896,36.6324463
1187,1188,G0238__S03__seed_0079,G0238,Other_armchair,3,picture_backed,Other,seed_0079,79,#b898b8,/mnt/zsn/lyb/arti-skill/exp/uniform531_n5_studio_256_v1/G0238__S03__seed_0079__Other_armchair.png,85374,7c46a3e6e0a1b813c78450481ed50fdaa5b6930fedcc0f88e0da311e5eb463eb,1.71728134,36.8578224
1188,1189,G0238__S04__seed_0001,G0238,Other_armchair,4,picture_backed,Other,seed_0001,1,#b898b8,/mnt/zsn/lyb/arti-skill/exp/uniform531_n5_studio_256_v1/G0238__S04__seed_0001__Other_armchair.png,89233,4e17e7641bb909eeef3f06d25ea994ff7e35d5a04a646bc9540f019c02289dfd,2.01972938,37.1980171
1189,1190,G0238__S05__seed_0034,G0238,Other_armchair,5,picture_backed,Other,seed_0034,34,#b898b8,/mnt/zsn/lyb/arti-skill/exp/uniform531_n5_studio_256_v1/G0238__S05__seed_0034__Other_armchair.png,86729,c79c8edd799f24fafcde1a55c71bb1ffd55a66253a9dfe07b2f5271d40542428,2.02194667,37.2269745
1190,1191,G0239__S01__seed_0011,G0239,Other_Bedside,1,picture_backed,Other,seed_0011,11,#e8a8a8,/mnt/zsn/lyb/arti-skill/exp/uniform531_n5_studio_256_v1/G0239__S01__seed_0011__Other_Bedside.png,86440,d0b2a235895be0998eb83208639e22d6267f8994b27feea75a13e4f38affbe77,-51.724617,5.72816277
1191,1192,G0239__S02__seed_0009,G0239,Other_Bedside,2,picture_backed,Other,seed_0009,9,#e8a8a8,/mnt/zsn/lyb/arti-skill/exp/uniform531_n5_studio_256_v1/G0239__S02__seed_0009__Other_Bedside.png,85887,d92994ad1bb1529e48cc4472b8422d1b2a4fa79d42200d23205f47d89d4b73ac,-51.1801605,5.76749563
1192,1193,G0239__S03__seed_0042,G0239,Other_Bedside,3,picture_backed,Other,seed_0042,42,#e8a8a8,/mnt/zsn/lyb/arti-skill/exp/uniform531_n5_studio_256_v1/G0239__S03__seed_0042__Other_Bedside.png,93585,d682c7b8c954247815d538879210c6f792b894435040e93f50104bbb8efafc8f,-51.9318085,5.91867495
1193,1194,G0239__S04__seed_0038,G0239,Other_Bedside,4,picture_backed,Other,seed_0038,38,#e8a8a8,/mnt/zsn/lyb/arti-skill/exp/uniform531_n5_studio_256_v1/G0239__S04__seed_0038__Other_Bedside.png,87905,e4bc49c0e1981731f0499fee7f4917f01756fa752229bdc658905ea9693d94b4,-51.6719742,5.86235857
1194,1195,G0239__S05__seed_0049,G0239,Other_Bedside,5,picture_backed,Other,seed_0049,49,#e8a8a8,/mnt/zsn/lyb/arti-skill/exp/uniform531_n5_studio_256_v1/G0239__S05__seed_0049__Other_Bedside.png,88608,5a0fe5682ce91d3e823b4a3c6cae1d978ea2bd6cc73e1a3bef16dd46a3c370be,-52.2613869,6.1386199
1195,1196,G0240__S01__seed_0042,G0240,Other_Built_in_oven,1,picture_backed,Other,seed_0042,43,#68a878,/mnt/zsn/lyb/arti-skill/exp/uniform531_n5_studio_256_v1/G0240__S01__seed_0042__Other_Built_in_oven.png,85007,1fcd16f8d5a4e7679441e234791c8319932703307d305e02a179f32cc480791c,-54.3518524,-9.41473866
1196,1197,G0240__S02__seed_0091,G0240,Other_Built_in_oven,2,picture_backed,Other,seed_0091,94,#68a878,/mnt/zsn/lyb/arti-skill/exp/uniform531_n5_studio_256_v1/G0240__S02__seed_0091__Other_Built_in_oven.png,89663,1d49a4fff2139a64c5b025835be6ce2ce0c5af8c3b0f4a49a66fd5030aa6bf2b,-54.1735306,-9.72840214
1197,1198,G0240__S03__seed_0107,G0240,Other_Built_in_oven,3,picture_backed,Other,seed_0107,110,#68a878,/mnt/zsn/lyb/arti-skill/exp/uniform531_n5_studio_256_v1/G0240__S03__seed_0107__Other_Built_in_oven.png,98372,538eb52e64d41a9700158655273b673a5baef749c212b7f9d5b42fcceb4ebff1,-54.5385933,-8.83086014
1198,1199,G0240__S04__seed_0037,G0240,Other_Built_in_oven,4,picture_backed,Other,seed_0037,38,#68a878,/mnt/zsn/lyb/arti-skill/exp/uniform531_n5_studio_256_v1/G0240__S04__seed_0037__Other_Built_in_oven.png,83337,0ada4b870eeb3a9d30893224da69c8e4fec611394f74dc9381344fe029da4965,-54.6026039,-8.73483181
1199,1200,G0240__S05__seed_0021,G0240,Other_Built_in_oven,5,picture_backed,Other,seed_0021,22,#68a878,/mnt/zsn/lyb/arti-skill/exp/uniform531_n5_studio_256_v1/G0240__S05__seed_0021__Other_Built_in_oven.png,87880,189c8a6f1c0b0c45d28d58b03a9bf7168c4eeabd5350ade2cf85ca7bd3bed88d,-56.3822479,-6.22324753
1200,1201,G0241__S01__seed_0038,G0241,Other_Cabinet,1,picture_backed,Other,seed_0038,49,#d8b818,/mnt/zsn/lyb/arti-skill/exp/uniform531_n5_studio_256_v1/G0241__S01__seed_0038__Other_Cabinet.png,84876,18bbe9cfdd034f7d6599eb1e7cdf603dd21404f11b0eadc07a6856e421aec4ea,-55.9299088,8.59855938
1201,1202,G0241__S02__seed_0013,G0241,Other_Cabinet,2,picture_backed,Other,seed_0013,18,#d8b818,/mnt/zsn/lyb/arti-skill/exp/uniform531_n5_studio_256_v1/G0241__S02__seed_0013__Other_Cabinet.png,93956,15969aefb7c6802f7037839ccb75042bd4df71742173209cfdc64a73932f9294,-47.4165001,-26.3394699
1202,1203,G0241__S03__seed_0044,G0241,Other_Cabinet,3,picture_backed,Other,seed_0044,56,#d8b818,/mnt/zsn/lyb/arti-skill/exp/uniform531_n5_studio_256_v1/G0241__S03__seed_0044__Other_Cabinet.png,84679,417283747ce29e90ee91c8965ba46764d85f5c2f0aa611b1fc5178bff918eab9,-58.2019997,1.28555906
1203,1204,G0241__S04__seed_0020,G0241,Other_Cabinet,4,picture_backed,Other,seed_0020,27,#d8b818,/mnt/zsn/lyb/arti-skill/exp/uniform531_n5_studio_256_v1/G0241__S04__seed_0020__Other_Cabinet.png,83568,2152d59707d8ab640cddb7553becee968a5734051cec0a020c77ff07ea3a4dfa,-55.0609856,7.63425207
1204,1205,G0241__S05__seed_0050,G0241,Other_Cabinet,5,picture_backed,Other,seed_0050,67,#d8b818,/mnt/zsn/lyb/arti-skill/exp/uniform531_n5_studio_256_v1/G0241__S05__seed_0050__Other_Cabinet.png,84048,aceda7e307b42bfe18327669aa4553cbc2f57ecc4f2299d0a4d673290cd5ce9a,-53.9939728,3.67012811
1205,1206,G0242__S01__seed_0030,G0242,Other_cauldron,1,picture_backed,Other,seed_0030,43,#a8c8b8,/mnt/zsn/lyb/arti-skill/exp/uniform531_n5_studio_256_v1/G0242__S01__seed_0030__Other_cauldron.png,74873,13e5953fc1efd49eec66ae8df689a26086a57c02bda76aef42b7241d2e7b091d,-0.116118595,-18.6737518
1206,1207,G0242__S02__seed_0007,G0242,Other_cauldron,2,picture_backed,Other,seed_0007,8,#a8c8b8,/mnt/zsn/lyb/arti-skill/exp/uniform531_n5_studio_256_v1/G0242__S02__seed_0007__Other_cauldron.png,78112,3ba96c46503e69f2f29d0793703304d48dd7561bad43a93a1e5acf351eb20c82,10.3689537,-34.0920219
1207,1208,G0242__S03__seed_0038,G0242,Other_cauldron,3,picture_backed,Other,seed_0038,57,#a8c8b8,/mnt/zsn/lyb/arti-skill/exp/uniform531_n5_studio_256_v1/G0242__S03__seed_0038__Other_cauldron.png,75606,1529b0ff5c963fd18a22718fa8dbf0d904baeedd8b2bbe35fbedd100649ac5d2,10.1662407,-34.2432022
1208,1209,G0242__S04__seed_0004,G0242,Other_cauldron,4,picture_backed,Other,seed_0004,5,#a8c8b8,/mnt/zsn/lyb/arti-skill/exp/uniform531_n5_studio_256_v1/G0242__S04__seed_0004__Other_cauldron.png,80610,6525602aa99c26c42bf4f3ce59936c25b9df054a9f3a66b39403a41070c9a313,9.93083858,-34.3740501
1209,1210,G0242__S05__seed_0014,G0242,Other_cauldron,5,picture_backed,Other,seed_0014,21,#a8c8b8,/mnt/zsn/lyb/arti-skill/exp/uniform531_n5_studio_256_v1/G0242__S05__seed_0014__Other_cauldron.png,85709,9ebbf77e0f6a7428d9e67884827cc76583c9b62440aa9f9514d7e1e5636fc137,1.6863296,-35.1137352
1210,1211,G0243__S01__seed_0038,G0243,Other_Coffin,1,picture_backed,Other,seed_0038,45,#98b858,/mnt/zsn/lyb/arti-skill/exp/uniform531_n5_studio_256_v1/G0243__S01__seed_0038__Other_Coffin.png,77884,5efbe9d14b548b7f23a332fe51c47cd372d6dd35dc404ab37465ce9fedd20f63,-24.8814335,0.334814429
1211,1212,G0243__S02__seed_0005,G0243,Other_Coffin,2,picture_backed,Other,seed_0005,6,#98b858,/mnt/zsn/lyb/arti-skill/exp/uniform531_n5_studio_256_v1/G0243__S02__seed_0005__Other_Coffin.png,78868,a62f4220113b085d8f3d30e449f31b430896d5fe1c879599a4d9e542dcacc4da,-25.8117428,-1.68932843
1212,1213,G0243__S03__seed_0015,G0243,Other_Coffin,3,picture_backed,Other,seed_0015,18,#98b858,/mnt/zsn/lyb/arti-skill/exp/uniform531_n5_studio_256_v1/G0243__S03__seed_0015__Other_Coffin.png,83289,aee3ba7bb465c8ae3e01671a51c9b9384cc72c7d859cf5a69e1a3549c58d261c,-26.4753876,-0.940251887
1213,1214,G0243__S04__seed_0042,G0243,Other_Coffin,4,picture_backed,Other,seed_0042,50,#98b858,/mnt/zsn/lyb/arti-skill/exp/uniform531_n5_studio_256_v1/G0243__S04__seed_0042__Other_Coffin.png,74268,52d5b81d00d21e06944dc69607bd089c72f0ffc7a28f83423f87a712a9c4f221,-25.2521896,-0.727259815
1214,1215,G0243__S05__seed_0046,G0243,Other_Coffin,5,picture_backed,Other,seed_0046,54,#98b858,/mnt/zsn/lyb/arti-skill/exp/uniform531_n5_studio_256_v1/G0243__S05__seed_0046__Other_Coffin.png,75872,9f24ba529b17afa374e0fd6fea563c7cf2741b87f1ad4909bca3b8c13d81965f,-25.0678215,-0.252953231
1215,1216,G0244__S01__seed_0008,G0244,Other_Folding_screen,1,picture_backed,Other,seed_0008,8,#186878,/mnt/zsn/lyb/arti-skill/exp/uniform531_n5_studio_256_v1/G0244__S01__seed_0008__Other_Folding_screen.png,81633,64010ec8b5fbfbf60370abe2f508742b9553f67dea041e7214319cfd1a6da517,-47.1208534,-33.1999054
1216,1217,G0244__S02__seed_0044,G0244,Other_Folding_screen,2,picture_backed,Other,seed_0044,44,#186878,/mnt/zsn/lyb/arti-skill/exp/uniform531_n5_studio_256_v1/G0244__S02__seed_0044__Other_Folding_screen.png,86508,e4f8d9dfe4206f5c7270b58a3151d995d820c18caea93a42ed54e4dcb9a0a064,-47.3334427,-33.3190346
1217,1218,G0244__S03__seed_0051,G0244,Other_Folding_screen,3,picture_backed,Other,seed_0051,51,#186878,/mnt/zsn/lyb/arti-skill/exp/uniform531_n5_studio_256_v1/G0244__S03__seed_0051__Other_Folding_screen.png,79521,8f38742c33ada5aa53f9cef5e7d666050978ead4f64c8d59897415c10c8963d1,-46.9237595,-33.0250092
1218,1219,G0244__S04__seed_0031,G0244,Other_Folding_screen,4,picture_backed,Other,seed_0031,31,#186878,/mnt/zsn/lyb/arti-skill/exp/uniform531_n5_studio_256_v1/G0244__S04__seed_0031__Other_Folding_screen.png,86993,336325009b4f7c2ffdbe6f5e2ea0081d57b285960bfa70533ef39ccc3a0e8c6a,-48.263092,-33.948349
1219,1220,G0244__S05__seed_0038,G0244,Other_Folding_screen,5,picture_backed,Other,seed_0038,38,#186878,/mnt/zsn/lyb/arti-skill/exp/uniform531_n5_studio_256_v1/G0244__S05__seed_0038__Other_Folding_screen.png,96746,5003ff552f9ecc7acec8759debe6cf677ee116e38ca0043d5b83cad4600c8904,-47.4876556,-33.3990021
1220,1221,G0245__S01__seed_0895,G0245,Other_high_arc_gooseneck_faucet,1,picture_backed,Other,seed_0895,1052,#b87848,/mnt/zsn/lyb/arti-skill/exp/uniform531_n5_studio_256_v1/G0245__S01__seed_0895__Other_high_arc_gooseneck_faucet.png,78048,b562cc6950abe0253106fc6d808c6f3eb5171379ca74fab0dae4177594d7339a,33.4750137,-6.13941002
1221,1222,G0245__S02__seed_0254,G0245,Other_high_arc_gooseneck_faucet,2,picture_backed,Other,seed_0254,294,#b87848,/mnt/zsn/lyb/arti-skill/exp/uniform531_n5_studio_256_v1/G0245__S02__seed_0254__Other_high_arc_gooseneck_faucet.png,74353,75e25dc76e8104cfb02c76497af18c2895e8b7ab75d327666e4d7d31576e207f,32.6201324,-5.36133909
1222,1223,G0245__S03__seed_0702,G0245,Other_high_arc_gooseneck_faucet,3,picture_backed,Other,seed_0702,831,#b87848,/mnt/zsn/lyb/arti-skill/exp/uniform531_n5_studio_256_v1/G0245__S03__seed_0702__Other_high_arc_gooseneck_faucet.png,76088,c9bf9fb832467443f0ea77bda08d16fb337e9fc2dc3e57ceaeee9d373f34d4fc,33.3638649,-6.05257511
1223,1224,G0245__S04__seed_0458,G0245,Other_high_arc_gooseneck_faucet,4,picture_backed,Other,seed_0458,534,#b87848,/mnt/zsn/lyb/arti-skill/exp/uniform531_n5_studio_256_v1/G0245__S04__seed_0458__Other_high_arc_gooseneck_faucet.png,76120,7acf4f3d0ac0b263cdb79f3bd93f427bafb7df6f9c0fb494af71624335f3a176,33.4345703,-5.64157963
1224,1225,G0245__S05__seed_0913,G0245,Other_high_arc_gooseneck_faucet,5,picture_backed,Other,seed_0913,1074,#b87848,/mnt/zsn/lyb/arti-skill/exp/uniform531_n5_studio_256_v1/G0245__S05__seed_0913__Other_high_arc_gooseneck_faucet.png,74074,98a3d2725ee64d1c02fed9ef8474801741546b0d9b3fd49e5b085e240bbf4698,32.7255478,-5.56817865
1225,1226,G0246__S01__seed_0013,G0246,Other_Lighter,1,picture_backed,Other,seed_0013,13,#18b8e8,/mnt/zsn/lyb/arti-skill/exp/uniform531_n5_studio_256_v1/G0246__S01__seed_0013__Other_Lighter.png,70835,ecf76e93b38384d4093bf49c508e68c1040280f6ff2d37f73d3e3e25070c53b3,-2.07270885,-51.4920464
1226,1227,G0246__S02__seed_0016,G0246,Other_Lighter,2,picture_backed,Other,seed_0016,16,#18b8e8,/mnt/zsn/lyb/arti-skill/exp/uniform531_n5_studio_256_v1/G0246__S02__seed_0016__Other_Lighter.png,72154,9444372dfa1af9c3ec15e3bd5df20fb1101c46864e7ef51f52d7e6ef04a78447,16.9767475,-49.3855515
1227,1228,G0246__S03__seed_0001,G0246,Other_Lighter,3,picture_backed,Other,seed_0001,1,#18b8e8,/mnt/zsn/lyb/arti-skill/exp/uniform531_n5_studio_256_v1/G0246__S03__seed_0001__Other_Lighter.png,71330,3416bccc09119d4723a6d113aaac2b7282329cc3f023ceaa8b910e1838ec4638,16.9731865,-49.1673241
1228,1229,G0246__S04__seed_0033,G0246,Other_Lighter,4,picture_backed,Other,seed_0033,33,#18b8e8,/mnt/zsn/lyb/arti-skill/exp/uniform531_n5_studio_256_v1/G0246__S04__seed_0033__Other_Lighter.png,74716,44e0d6e9db5ffdaba45e9b8ef9973e405796487fbad3c94fc5658a29e78ad3f8,-15.3731995,-45.3179626
1229,1230,G0246__S05__seed_0004,G0246,Other_Lighter,5,picture_backed,Other,seed_0004,4,#18b8e8,/mnt/zsn/lyb/arti-skill/exp/uniform531_n5_studio_256_v1/G0246__S05__seed_0004__Other_Lighter.png,71562,01f6b59bb96b4a40bff25fa7c85cf8916748187910e20dfd93f1b02288ecccb5,-2.28065991,-51.2808075
1230,1231,G0247__S01__seed_0002,G0247,Other_Metal_drain,1,picture_backed,Other,seed_0002,2,#884838,/mnt/zsn/lyb/arti-skill/exp/uniform531_n5_studio_256_v1/G0247__S01__seed_0002__Other_Metal_drain.png,81300,dade06133b0834c52621d21f6f2cf98dade43a34734f1ccb1cfd5a8f7d82429c,1.93796921,-17.6881065
1231,1232,G0247__S02__seed_0015,G0247,Other_Metal_drain,2,picture_backed,Other,seed_0015,15,#884838,/mnt/zsn/lyb/arti-skill/exp/uniform531_n5_studio_256_v1/G0247__S02__seed_0015__Other_Metal_drain.png,77556,a09334eee30aff793e88125e19afe3b18be8843513744176bfa429102f20c85a,2.30754614,-17.6196022
1232,1233,G0247__S03__seed_0001,G0247,Other_Metal_drain,3,picture_backed,Other,seed_0001,1,#884838,/mnt/zsn/lyb/arti-skill/exp/uniform531_n5_studio_256_v1/G0247__S03__seed_0001__Other_Metal_drain.png,81206,ce4ca1cf1a6d4be60ae03bff2197f128bef53e8ad36cc4968a73e13745929a79,2.16574454,-18.715004
1233,1234,G0247__S04__seed_0009,G0247,Other_Metal_drain,4,picture_backed,Other,seed_0009,9,#884838,/mnt/zsn/lyb/arti-skill/exp/uniform531_n5_studio_256_v1/G0247__S04__seed_0009__Other_Metal_drain.png,79046,989b3dd9a581443ffd6777bd5ad2b96f60217595c7d0afb01e3b48017474ea58,2.13572216,-18.492548
1234,1235,G0247__S05__seed_0029,G0247,Other_Metal_drain,5,picture_backed,Other,seed_0029,29,#884838,/mnt/zsn/lyb/arti-skill/exp/uniform531_n5_studio_256_v1/G0247__S05__seed_0029__Other_Metal_drain.png,81638,e93dc4129f4e84d68e56fadefec7981d62dfb1a3ce58afec97df78632c1a9da4,1.89686596,-17.8777885
1235,1236,G0248__S01__seed_0064,G0248,Other_pliers,1,picture_backed,Other,seed_0064,64,#989828,/mnt/zsn/lyb/arti-skill/exp/uniform531_n5_studio_256_v1/G0248__S01__seed_0064__Other_pliers.png,76170,05a497f0a2a59d87f8917385b70d3bed8f166a42ee0ae8864a439e87103f0a75,63.7086411,27.3432846
1236,1237,G0248__S02__seed_0042,G0248,Other_pliers,2,picture_backed,Other,seed_0042,42,#989828,/mnt/zsn/lyb/arti-skill/exp/uniform531_n5_studio_256_v1/G0248__S02__seed_0042__Other_pliers.png,74421,90ee6cd600a355256874c9b54a0c87bf89e2a96343ac465300940823f1733232,64.7793579,27.7061234
1237,1238,G0248__S03__seed_0030,G0248,Other_pliers,3,picture_backed,Other,seed_0030,30,#989828,/mnt/zsn/lyb/arti-skill/exp/uniform531_n5_studio_256_v1/G0248__S03__seed_0030__Other_pliers.png,72214,93f6228e26c86e019e6c9b530ba826fcfbd8194b9be644e607478970e681bf05,61.2307014,23.6995811
1238,1239,G0248__S04__seed_0028,G0248,Other_pliers,4,picture_backed,Other,seed_0028,28,#989828,/mnt/zsn/lyb/arti-skill/exp/uniform531_n5_studio_256_v1/G0248__S04__seed_0028__Other_pliers.png,73418,875b0a595db8a3667993c480aa02cb6d5ec754b0aec132cda90c6b02a1953878,64.9021606,27.7523708
1239,1240,G0248__S05__seed_0051,G0248,Other_pliers,5,picture_backed,Other,seed_0051,51,#989828,/mnt/zsn/lyb/arti-skill/exp/uniform531_n5_studio_256_v1/G0248__S05__seed_0051__Other_pliers.png,74660,9bdbdd3fca6b548e4763e9c978b20cf5877bd67ab78c9569792b038e35d5d3c1,61.9355469,23.6629906
1240,1241,G0249__S01__seed_0061,G0249,Other_Scale,1,picture_backed,Other,seed_0061,61,#589848,/mnt/zsn/lyb/arti-skill/exp/uniform531_n5_studio_256_v1/G0249__S01__seed_0061__Other_Scale.png,83702,dae18b9dbf73f46bcca0cef48a3e815f86bbbb9d844a27ce983023db3b585499,-17.0566406,43.0185471
1241,1242,G0249__S02__seed_0146,G0249,Other_Scale,2,picture_backed,Other,seed_0146,146,#589848,/mnt/zsn/lyb/arti-skill/exp/uniform531_n5_studio_256_v1/G0249__S02__seed_0146__Other_Scale.png,83863,7e99afc00c2cdd2d7f1b36de102fcc937d2fb8e85156a09f2ea1871184a36a00,-16.9330997,42.9739609
1242,1243,G0249__S03__seed_0134,G0249,Other_Scale,3,picture_backed,Other,seed_0134,134,#589848,/mnt/zsn/lyb/arti-skill/exp/uniform531_n5_studio_256_v1/G0249__S03__seed_0134__Other_Scale.png,82264,81bd6553b427293f2d76fe85ec8cce607f122c93f84407e5036d8163e11c256e,-17.1556091,43.4303551
1243,1244,G0249__S04__seed_0017,G0249,Other_Scale,4,picture_backed,Other,seed_0017,17,#589848,/mnt/zsn/lyb/arti-skill/exp/uniform531_n5_studio_256_v1/G0249__S04__seed_0017__Other_Scale.png,83010,3c926107a6f8832f243f0c48932be0b0413a35ccfb05ff5d35aaead8fb37fcdc,-17.0825233,42.9153137
1244,1245,G0249__S05__seed_0083,G0249,Other_Scale,5,picture_backed,Other,seed_0083,83,#589848,/mnt/zsn/lyb/arti-skill/exp/uniform531_n5_studio_256_v1/G0249__S05__seed_0083__Other_Scale.png,81542,6f8a76731bb1ce6c7320fffe0baa628d11c8b65afe06f22fe1327ffbd1e573bf,-17.001318,43.0799408
1245,1246,G0250__S01__seed_0241,G0250,Other_single_hole_basin_faucet,1,picture_backed,Other,seed_0241,241,#2848c8,/mnt/zsn/lyb/arti-skill/exp/uniform531_n5_studio_256_v1/G0250__S01__seed_0241__Other_single_hole_basin_faucet.png,71483,2e3629110c3d20d2bb23147989f1e1d0c28eba62e4937607ca797bc689b8d01f,31.7107944,-0.566107213
1246,1247,G0250__S02__seed_0235,G0250,Other_single_hole_basin_faucet,2,picture_backed,Other,seed_0235,235,#2848c8,/mnt/zsn/lyb/arti-skill/exp/uniform531_n5_studio_256_v1/G0250__S02__seed_0235__Other_single_hole_basin_faucet.png,76927,bb21914893536461c798ec007d8b53b6c46425b04ab5dc2a04f5d1e2eeb0d7da,31.9663048,-2.03946304
1247,1248,G0250__S03__seed_0063,G0250,Other_single_hole_basin_faucet,3,picture_backed,Other,seed_0063,63,#2848c8,/mnt/zsn/lyb/arti-skill/exp/uniform531_n5_studio_256_v1/G0250__S03__seed_0063__Other_single_hole_basin_faucet.png,75997,61a3fdd44ee91e7ddceec76f3304098c8ce1cec23f41c3fbd990de9eb5ca686c,31.8178539,-1.74064565
1248,1249,G0250__S04__seed_0008,G0250,Other_single_hole_basin_faucet,4,picture_backed,Other,seed_0008,8,#2848c8,/mnt/zsn/lyb/arti-skill/exp/uniform531_n5_studio_256_v1/G0250__S04__seed_0008__Other_single_hole_basin_faucet.png,74622,0c454e200e45d679250ded1bca15d7ed9d7cbf9f9eafaf023436986ba50d4875,31.8164253,-1.57520187
1249,1250,G0250__S05__seed_0193,G0250,Other_single_hole_basin_faucet,5,picture_backed,Other,seed_0193,193,#2848c8,/mnt/zsn/lyb/arti-skill/exp/uniform531_n5_studio_256_v1/G0250__S05__seed_0193__Other_single_hole_basin_faucet.png,76144,49db4dad3cfd34b90e6af6c88eba9e2db82d6b151aaf6ec673568dbe10a8daeb,31.4122391,-1.2803545
1250,1251,G0251__S01__seed_0064,G0251,Other_stove,1,picture_backed,Other,seed_0064,76,#6888c8,/mnt/zsn/lyb/arti-skill/exp/uniform531_n5_studio_256_v1/G0251__S01__seed_0064__Other_stove.png,98470,fad4f3eb26f4579fc975603c84c8c0acce3d51b5cea68c66c02438610551e348,-52.3026695,-10.7826233
1251,1252,G0251__S02__seed_0003,G0251,Other_stove,2,picture_backed,Other,seed_0003,3,#6888c8,/mnt/zsn/lyb/arti-skill/exp/uniform531_n5_studio_256_v1/G0251__S02__seed_0003__Other_stove.png,87319,5dce5edd86adcf8930e5c81e9ef76fe261dada8658ad1004ae4f2b17179241a6,-51.7585983,-10.423337
1252,1253,G0251__S03__seed_0038,G0251,Other_stove,3,picture_backed,Other,seed_0038,43,#6888c8,/mnt/zsn/lyb/arti-skill/exp/uniform531_n5_studio_256_v1/G0251__S03__seed_0038__Other_stove.png,87338,a6c99c22d17ed9a4cc3df6d50d1342c94a99ee9f8d44ecbb9534c2cc5c1ebf35,-53.0164604,-9.88344383
1253,1254,G0251__S04__seed_0056,G0251,Other_stove,4,picture_backed,Other,seed_0056,63,#6888c8,/mnt/zsn/lyb/arti-skill/exp/uniform531_n5_studio_256_v1/G0251__S04__seed_0056__Other_stove.png,101065,7e364410d13cda064abd2dc57562e722ef10894bc318b11f9f152112e47bb145,-51.794899,-10.7101908
1254,1255,G0251__S05__seed_0011,G0251,Other_stove,5,picture_backed,Other,seed_0011,13,#6888c8,/mnt/zsn/lyb/arti-skill/exp/uniform531_n5_studio_256_v1/G0251__S05__seed_0011__Other_stove.png,85057,31b16aee1046ae4b9cad275f0f18207dc82a8202d00f249934720ef1d5c89035,-52.5849304,-9.73832321
1255,1256,G0252__S01__seed_0048,G0252,Other_Switch,1,picture_backed,Other,seed_0048,48,#987858,/mnt/zsn/lyb/arti-skill/exp/uniform531_n5_studio_256_v1/G0252__S01__seed_0048__Other_Switch.png,87089,82aff931cc890a04de3dd487b52f855bbde28987056dff2ba828e10084e200a2,-24.5560608,-18.2158947
1256,1257,G0252__S02__seed_0024,G0252,Other_Switch,2,picture_backed,Other,seed_0024,24,#987858,/mnt/zsn/lyb/arti-skill/exp/uniform531_n5_studio_256_v1/G0252__S02__seed_0024__Other_Switch.png,84713,32be225327f54fad546ca774464fd455571c9267de80426db89b41e99519850e,-26.062233,-19.1692867
1257,1258,G0252__S03__seed_0031,G0252,Other_Switch,3,picture_backed,Other,seed_0031,31,#987858,/mnt/zsn/lyb/arti-skill/exp/uniform531_n5_studio_256_v1/G0252__S03__seed_0031__Other_Switch.png,81387,af00907ca9cba77fa119bf3d26869444a72f09a949775b1f9d40f7d4a69db305,-26.1500359,-19.1040325
1258,1259,G0252__S04__seed_0047,G0252,Other_Switch,4,picture_backed,Other,seed_0047,47,#987858,/mnt/zsn/lyb/arti-skill/exp/uniform531_n5_studio_256_v1/G0252__S04__seed_0047__Other_Switch.png,88518,6783bf6dde334129a068eb261f9ee97f5adbc970ea52f594d5027b137fe74a6d,-25.7762127,-18.3602295
1259,1260,G0252__S05__seed_0006,G0252,Other_Switch,5,picture_backed,Other,seed_0006,6,#987858,/mnt/zsn/lyb/arti-skill/exp/uniform531_n5_studio_256_v1/G0252__S05__seed_0006__Other_Switch.png,83963,3bee8836dd4002e2e2708aef526d71605701721dbba4ac278f830300a2a49865,-25.502243,-18.307354
1260,1261,G0253__S01__seed_1672,G0253,Other_Tripod_Turnstile,1,picture_backed,Other,seed_1672,1840,#188848,/mnt/zsn/lyb/arti-skill/exp/uniform531_n5_studio_256_v1/G0253__S01__seed_1672__Other_Tripod_Turnstile.png,82455,1c0c98bbcf2baa98205c7dd89e4d01ce5a270a0ff05b24b46939131176ca2865,-19.9143143,-29.5487022
1261,1262,G0253__S02__seed_1989,G0253,Other_Tripod_Turnstile,2,picture_backed,Other,seed_1989,2191,#188848,/mnt/zsn/lyb/arti-skill/exp/uniform531_n5_studio_256_v1/G0253__S02__seed_1989__Other_Tripod_Turnstile.png,87163,c35cc20f77d0d4f2684ff27aae0e9c4b2890f37fa5f84ad4823acfedf75b92f0,-19.1520634,-30.2216301
1262,1263,G0253__S03__seed_1646,G0253,Other_Tripod_Turnstile,3,picture_backed,Other,seed_1646,1812,#188848,/mnt/zsn/lyb/arti-skill/exp/uniform531_n5_studio_256_v1/G0253__S03__seed_1646__Other_Tripod_Turnstile.png,82973,962688ffa657b740ebf9e6589dbdc0a9f97c618921cc568f8d037b4d8041de20,-18.7537384,-30.4328823
1263,1264,G0253__S04__seed_1678,G0253,Other_Tripod_Turnstile,4,picture_backed,Other,seed_1678,1847,#188848,/mnt/zsn/lyb/arti-skill/exp/uniform531_n5_studio_256_v1/G0253__S04__seed_1678__Other_Tripod_Turnstile.png,77458,28897f5232ef1fb72ec6ff67ff7b31cc179b66d42873126e123a95a68183882e,-19.7242336,-29.8235359
1264,1265,G0253__S05__seed_2428,G0253,Other_Tripod_Turnstile,5,picture_backed,Other,seed_2428,2679,#188848,/mnt/zsn/lyb/arti-skill/exp/uniform531_n5_studio_256_v1/G0253__S05__seed_2428__Other_Tripod_Turnstile.png,78455,e65b1d0aaf4d66523dcfee35c7e67ef6e1464704639a8059c67ebcd4c1077e26,-18.9695702,-29.1792068
1265,1266,G0254__S01__seed_0114,G0254,Other_TV,1,picture_backed,Other,seed_0114,114,#9848d8,/mnt/zsn/lyb/arti-skill/exp/uniform531_n5_studio_256_v1/G0254__S01__seed_0114__Other_TV.png,85006,43cfdd9c65fce28b43ca8ac9155998e234e64ea43ea36b60940f4da03681f3de,-53.4788055,-15.0975657
1266,1267,G0254__S02__seed_0045,G0254,Other_TV,2,picture_backed,Other,seed_0045,45,#9848d8,/mnt/zsn/lyb/arti-skill/exp/uniform531_n5_studio_256_v1/G0254__S02__seed_0045__Other_TV.png,87139,3f160de5a468a8ba6454e50b9d1e7e5e4c5c38252940679a34dedcc95594ff24,-53.3819885,-15.0284138
1267,1268,G0254__S03__seed_0028,G0254,Other_TV,3,picture_backed,Other,seed_0028,28,#9848d8,/mnt/zsn/lyb/arti-skill/exp/uniform531_n5_studio_256_v1/G0254__S03__seed_0028__Other_TV.png,84753,869668d2c69be62650f26f9778a368e1e22635a8ec9d662de2019a55622157c9,-53.6547623,-13.4786882
1268,1269,G0254__S04__seed_0016,G0254,Other_TV,4,picture_backed,Other,seed_0016,16,#9848d8,/mnt/zsn/lyb/arti-skill/exp/uniform531_n5_studio_256_v1/G0254__S04__seed_0016__Other_TV.png,89046,e624cb99ad4f507f06683865e67d4b702a0d8cbb285c1bedc1b3793462fd9a96,-53.3775063,-14.0039415
1269,1270,G0254__S05__seed_0100,G0254,Other_TV,5,picture_backed,Other,seed_0100,100,#9848d8,/mnt/zsn/lyb/arti-skill/exp/uniform531_n5_studio_256_v1/G0254__S05__seed_0100__Other_TV.png,92501,fd66edbabe76af4bb93ecbc6bfa11c6bf58c11a223f174888c7eb4809eb807c0,-53.5111237,-14.4405088
1270,1271,G0255__S01__seed_2664,G0255,Other_Vent,1,picture_backed,Other,seed_2664,2664,#985848,/mnt/zsn/lyb/arti-skill/exp/uniform531_n5_studio_256_v1/G0255__S01__seed_2664__Other_Vent.png,85711,62a7d99a344c43dcc822459a58e9eade6690fa07bb3b770766d58eb17813e2c2,6.85323143,-15.2659817
1271,1272,G0255__S02__seed_1546,G0255,Other_Vent,2,picture_backed,Other,seed_1546,1546,#985848,/mnt/zsn/lyb/arti-skill/exp/uniform531_n5_studio_256_v1/G0255__S02__seed_1546__Other_Vent.png,87622,58427e889049fa879858e31358d3407404ef5ee7fa5febcf58d87b8085c9cef5,7.04217005,-13.9622126
1272,1273,G0255__S03__seed_2652,G0255,Other_Vent,3,picture_backed,Other,seed_2652,2652,#985848,/mnt/zsn/lyb/arti-skill/exp/uniform531_n5_studio_256_v1/G0255__S03__seed_2652__Other_Vent.png,85489,57b22334011f172c8e840ab632fc909687d88c197ab34d23e02e18d60e2a5505,6.55586052,-14.4994402
1273,1274,G0255__S04__seed_1699,G0255,Other_Vent,4,picture_backed,Other,seed_1699,1699,#985848,/mnt/zsn/lyb/arti-skill/exp/uniform531_n5_studio_256_v1/G0255__S04__seed_1699__Other_Vent.png,81429,b3c6af0431eb5e6a44cdf69fbc81e7f8dc1b0927014bcb0fbffe72280c3dbb75,-18.8234596,-18.4616489
1274,1275,G0255__S05__seed_0339,G0255,Other_Vent,5,picture_backed,Other,seed_0339,339,#985848,/mnt/zsn/lyb/arti-skill/exp/uniform531_n5_studio_256_v1/G0255__S05__seed_0339__Other_Vent.png,91362,e14a4b138aa8d741d79158a1c4e9e4b785508c3e85cd92ad00c92ee720945b3c,6.64338017,-14.8127232
1275,1276,G0256__S01__seed_0003,G0256,Other_Water_dispenser,1,picture_backed,Other,seed_0003,4,#1898e8,/mnt/zsn/lyb/arti-skill/exp/uniform531_n5_studio_256_v1/G0256__S01__seed_0003__Other_Water_dispenser.png,81145,df0078a21d3309bdb9f5720f1bdefe06ba61c54fa6665c8c34ae3f340a19032c,-56.2426682,-10.6966896
1276,1277,G0256__S02__seed_0080,G0256,Other_Water_dispenser,2,picture_backed,Other,seed_0080,117,#1898e8,/mnt/zsn/lyb/arti-skill/exp/uniform531_n5_studio_256_v1/G0256__S02__seed_0080__Other_Water_dispenser.png,80131,907c28e3b44b38ec6414fc560e28a728fdbadcea11095a8ea0233e19c8c48dbf,9.31500626,-26.7559643
1277,1278,G0256__S03__seed_0043,G0256,Other_Water_dispenser,3,picture_backed,Other,seed_0043,61,#1898e8,/mnt/zsn/lyb/arti-skill/exp/uniform531_n5_studio_256_v1/G0256__S03__seed_0043__Other_Water_dispenser.png,83555,3c129e118d8e3df671ba4d9da41d2a696503cb1aa5fdb821c906593b6eaea974,29.7096672,-0.272056192
1278,1279,G0256__S04__seed_0065,G0256,Other_Water_dispenser,4,picture_backed,Other,seed_0065,94,#1898e8,/mnt/zsn/lyb/arti-skill/exp/uniform531_n5_studio_256_v1/G0256__S04__seed_0065__Other_Water_dispenser.png,76847,8011c4b8431dc283837e76e8d993489926827ee8e1f830f5a7b615e0a1280b7e,29.9631462,-0.125708759
1279,1280,G0256__S05__seed_0021,G0256,Other_Water_dispenser,5,picture_backed,Other,seed_0021,30,#1898e8,/mnt/zsn/lyb/arti-skill/exp/uniform531_n5_studio_256_v1/G0256__S05__seed_0021__Other_Water_dispenser.png,73140,464df263b971a0d0b367616bb5b36c80953e511516393caed379b686c45e9a0c,-14.3120508,-41.7813835
1280,1281,G0257__S01__seed_0616,G0257,Other_widespread_two_handle_faucet,1,picture_backed,Other,seed_0616,660,#68a8e8,/mnt/zsn/lyb/arti-skill/exp/uniform531_n5_studio_256_v1/G0257__S01__seed_0616__Other_widespread_two_handle_faucet.png,81933,5eb83a4da679bba1f6094ee162487e53b8958e1ea6d06bfc40f13c2c7235da71,32.5571594,-3.88962603
1281,1282,G0257__S02__seed_0447,G0257,Other_widespread_two_handle_faucet,2,picture_backed,Other,seed_0447,480,#68a8e8,/mnt/zsn/lyb/arti-skill/exp/uniform531_n5_studio_256_v1/G0257__S02__seed_0447__Other_widespread_two_handle_faucet.png,78927,7ddeafbfe40034f8c3612c3adc7735631a79e92ba1dd38ecdaec3682da2a0f0c,32.4606857,-3.51274848
1282,1283,G0257__S03__seed_0172,G0257,Other_widespread_two_handle_faucet,3,picture_backed,Other,seed_0172,186,#68a8e8,/mnt/zsn/lyb/arti-skill/exp/uniform531_n5_studio_256_v1/G0257__S03__seed_0172__Other_widespread_two_handle_faucet.png,78226,daa1a58b0bd4c1bedb2c7d7ac202870a0badcd0ae66af70185186937aaec4cdf,33.3201942,-3.83326411
1283,1284,G0257__S04__seed_1105,G0257,Other_widespread_two_handle_faucet,4,picture_backed,Other,seed_1105,1170,#68a8e8,/mnt/zsn/lyb/arti-skill/exp/uniform531_n5_studio_256_v1/G0257__S04__seed_1105__Other_widespread_two_handle_faucet.png,81088,e0711d10f281f2c32535da4f499d6e675b06ba97abf063b15c2145f57c73e663,32.380455,-3.6759975
1284,1285,G0257__S05__seed_1354,G0257,Other_widespread_two_handle_faucet,5,picture_backed,Other,seed_1354,1439,#68a8e8,/mnt/zsn/lyb/arti-skill/exp/uniform531_n5_studio_256_v1/G0257__S05__seed_1354__Other_widespread_two_handle_faucet.png,77718,9b9fb17edcec4dac7b80a7fe84165de71d981a4426ec72939c76945816de0db1,33.4134521,-3.6714642
1285,1286,G0258__S01__seed_0013,G0258,Others_Binocular,1,picture_backed,Others,seed_0013,13,#789888,/mnt/zsn/lyb/arti-skill/exp/uniform531_n5_studio_256_v1/G0258__S01__seed_0013__Others_Binocular.png,88957,d374bd72416b35e22dba2bf89908df08be80e2d4fa1c383f7f9c0c29cdbd0f30,46.1385002,-32.4160957
1286,1287,G0258__S02__seed_0000,G0258,Others_Binocular,2,picture_backed,Others,seed_0000,0,#789888,/mnt/zsn/lyb/arti-skill/exp/uniform531_n5_studio_256_v1/G0258__S02__seed_0000__Others_Binocular.png,84237,6b34e527590867991f896819431233c72a222c683a4c30a71df14cba03164a51,45.5094643,-32.6875687
1287,1288,G0258__S03__seed_0003,G0258,Others_Binocular,3,picture_backed,Others,seed_0003,3,#789888,/mnt/zsn/lyb/arti-skill/exp/uniform531_n5_studio_256_v1/G0258__S03__seed_0003__Others_Binocular.png,83691,58bb124481b3d55b8d4a2d43a773dcc6669100f175aee0364125df4b81049348,45.3874512,-32.624733
1288,1289,G0258__S04__seed_0004,G0258,Others_Binocular,4,picture_backed,Others,seed_0004,4,#789888,/mnt/zsn/lyb/arti-skill/exp/uniform531_n5_studio_256_v1/G0258__S04__seed_0004__Others_Binocular.png,83824,7b3e1eacacaa71c85b8b4a266f17fff32609d62b3ac18ff45b85a105b83ee072,45.6489563,-32.5353813
1289,1290,G0258__S05__seed_0018,G0258,Others_Binocular,5,picture_backed,Others,seed_0018,18,#789888,/mnt/zsn/lyb/arti-skill/exp/uniform531_n5_studio_256_v1/G0258__S05__seed_0018__Others_Binocular.png,89672,cd346b7f3f057394a9d2fda93780f8d93733abb019e39b5d7da2eabd222b54dd,45.8682289,-32.8711739
1290,1291,G0259__S01__seed_0047,G0259,Others_blacksmith_tongs,1,picture_backed,Others,seed_0047,58,#981838,/mnt/zsn/lyb/arti-skill/exp/uniform531_n5_studio_256_v1/G0259__S01__seed_0047__Others_blacksmith_tongs.png,67806,e366526ca2930aea6aa63ab50bd8c1b298616f56c9d0a70396627acce1efb1f3,70.0273056,19.3764992
1291,1292,G0259__S02__seed_0045,G0259,Others_blacksmith_tongs,2,picture_backed,Others,seed_0045,54,#981838,/mnt/zsn/lyb/arti-skill/exp/uniform531_n5_studio_256_v1/G0259__S02__seed_0045__Others_blacksmith_tongs.png,68249,cdfe1e86d3898f926505e9015c8085553fd6c743daf745e137745a8c19a78e62,70.0343933,20.3658924
1292,1293,G0259__S03__seed_0027,G0259,Others_blacksmith_tongs,3,picture_backed,Others,seed_0027,32,#981838,/mnt/zsn/lyb/arti-skill/exp/uniform531_n5_studio_256_v1/G0259__S03__seed_0027__Others_blacksmith_tongs.png,72933,867653791dca46157c4e983d7c90a513224cbedcca680ec360c1f12be76bd11c,65.7948914,25.410387
1293,1294,G0259__S04__seed_0049,G0259,Others_blacksmith_tongs,4,picture_backed,Others,seed_0049,60,#981838,/mnt/zsn/lyb/arti-skill/exp/uniform531_n5_studio_256_v1/G0259__S04__seed_0049__Others_blacksmith_tongs.png,68662,dd6e1124d08633310de7399b8179b02d58cd4126c28365cf44fe1fc17adefda8,70.0935745,19.6288834
1294,1295,G0259__S05__seed_0018,G0259,Others_blacksmith_tongs,5,picture_backed,Others,seed_0018,22,#981838,/mnt/zsn/lyb/arti-skill/exp/uniform531_n5_studio_256_v1/G0259__S05__seed_0018__Others_blacksmith_tongs.png,67792,8ff65f20e24b1338f135c548cc34e3fb7b5261d007c300ed207751d65ecfb14e,70.0304184,19.8410015
1295,1296,G0260__S01__seed_0013,G0260,Others_Matchbox,1,picture_backed,Others,seed_0013,13,#d8b8c8,/mnt/zsn/lyb/arti-skill/exp/uniform531_n5_studio_256_v1/G0260__S01__seed_0013__Others_Matchbox.png,82873,7fa17b1e2ab7b6dd2b8cbc3478affce80f5decbe6c037c0c37837526a69782e3,-35.9712257,8.29741955
1296,1297,G0260__S02__seed_0174,G0260,Others_Matchbox,2,picture_backed,Others,seed_0174,174,#d8b8c8,/mnt/zsn/lyb/arti-skill/exp/uniform531_n5_studio_256_v1/G0260__S02__seed_0174__Others_Matchbox.png,82420,b3dd3fa22267a7f6ec13a0a6857d2d3edfe9b70248a573516c99c1430a956205,-21.7720299,14.6062117
1297,1298,G0260__S03__seed_0214,G0260,Others_Matchbox,3,picture_backed,Others,seed_0214,214,#d8b8c8,/mnt/zsn/lyb/arti-skill/exp/uniform531_n5_studio_256_v1/G0260__S03__seed_0214__Others_Matchbox.png,82662,e64b6e81f601e38e1d4700bc52c2efc509c557b501e334baae825c481b0e2305,-35.9100456,8.25316143
1298,1299,G0260__S04__seed_0177,G0260,Others_Matchbox,4,picture_backed,Others,seed_0177,177,#d8b8c8,/mnt/zsn/lyb/arti-skill/exp/uniform531_n5_studio_256_v1/G0260__S04__seed_0177__Others_Matchbox.png,85595,819af532184092c34f4c598c96bd5f315ae102dbe222fa283a90fd84b825fe9d,-21.8389091,14.5885124
1299,1300,G0260__S05__seed_0074,G0260,Others_Matchbox,5,picture_backed,Others,seed_0074,74,#d8b8c8,/mnt/zsn/lyb/arti-skill/exp/uniform531_n5_studio_256_v1/G0260__S05__seed_0074__Others_Matchbox.png,82584,a679a1503d89cc6ec18624b6a55cdcae0eaf1efecdd16516a8f5ded45ff7545c,-20.4866657,14.8689299
1300,1301,G0261__S01__seed_0072,G0261,Others_Safe,1,picture_backed,Others,seed_0072,72,#786888,/mnt/zsn/lyb/arti-skill/exp/uniform531_n5_studio_256_v1/G0261__S01__seed_0072__Others_Safe.png,94440,c93358f1b99c53921f95ab0de5ff8542612e575a2c613346d92cfeb58ee6d899,-58.5701485,-8.36674595
1301,1302,G0261__S02__seed_0163,G0261,Others_Safe,2,picture_backed,Others,seed_0163,163,#786888,/mnt/zsn/lyb/arti-skill/exp/uniform531_n5_studio_256_v1/G0261__S02__seed_0163__Others_Safe.png,89270,13f2fd897683e3e5dd20cac51e21bdb432875b7784f2e5c0f6c4365ce3150eb2,-58.4194374,-8.30491924
1302,1303,G0261__S03__seed_0068,G0261,Others_Safe,3,picture_backed,Others,seed_0068,68,#786888,/mnt/zsn/lyb/arti-skill/exp/uniform531_n5_studio_256_v1/G0261__S03__seed_0068__Others_Safe.png,80345,02e1874ef7ad2a9220e64c4c995de88aeae629be0be738b2e72e1c50ff6534f8,-57.4346313,-8.66073608
1303,1304,G0261__S04__seed_0170,G0261,Others_Safe,4,picture_backed,Others,seed_0170,170,#786888,/mnt/zsn/lyb/arti-skill/exp/uniform531_n5_studio_256_v1/G0261__S04__seed_0170__Others_Safe.png,97173,f2a90c79cdd422ee0e1e92e0db9ecb00a55310306ad9b9332502e41792f0b44f,-58.810318,-8.25566959
1304,1305,G0261__S05__seed_0149,G0261,Others_Safe,5,picture_backed,Others,seed_0149,149,#786888,/mnt/zsn/lyb/arti-skill/exp/uniform531_n5_studio_256_v1/G0261__S05__seed_0149__Others_Safe.png,85598,370e5164ec7e5dd39d02aea66d43c58f3b519fe818503b6daa4d584d69217836,-57.9791756,-8.7691288
1305,1306,G0262__S01__seed_0062,G0262,overhead_projector_with_articulating_mirror,1,picture_backed,0611,seed_0062,63,#4858c8,/mnt/zsn/lyb/arti-skill/exp/uniform531_n5_studio_256_v1/G0262__S01__seed_0062__overhead_projector_with_articulating_mirror.png,76225,aa66d26a96537710a4ceb4c820f6d2ee335c380c71bd28e5c695528026a34ed2,12.3136387,33.2759666
1306,1307,G0262__S02__seed_0064,G0262,overhead_projector_with_articulating_mirror,2,picture_backed,0611,seed_0064,65,#4858c8,/mnt/zsn/lyb/arti-skill/exp/uniform531_n5_studio_256_v1/G0262__S02__seed_0064__overhead_projector_with_articulating_mirror.png,79146,b7aa8b540eaf99a2444e9ec2e5b577bb13b372b3d071e199eb556119a6aa0f6a,12.266696,33.3436279
1307,1308,G0262__S03__seed_0069,G0262,overhead_projector_with_articulating_mirror,3,picture_backed,0611,seed_0069,70,#4858c8,/mnt/zsn/lyb/arti-skill/exp/uniform531_n5_studio_256_v1/G0262__S03__seed_0069__overhead_projector_with_articulating_mirror.png,76527,5e9075e66d834aabbb10c2f593cc1d41ab663a692b9e606a3cb60ef69cd0ea11,12.293932,33.4879303
1308,1309,G0262__S04__seed_0011,G0262,overhead_projector_with_articulating_mirror,4,picture_backed,0611,seed_0011,11,#4858c8,/mnt/zsn/lyb/arti-skill/exp/uniform531_n5_studio_256_v1/G0262__S04__seed_0011__overhead_projector_with_articulating_mirror.png,78125,2bf5462894a05882bc7722d1155042879af9ce42a092ba3f7ed4e1762ded9336,12.404068,33.0051346
1309,1310,G0262__S05__seed_0095,G0262,overhead_projector_with_articulating_mirror,5,picture_backed,0611,seed_0095,96,#4858c8,/mnt/zsn/lyb/arti-skill/exp/uniform531_n5_studio_256_v1/G0262__S05__seed_0095__overhead_projector_with_articulating_mirror.png,80065,17284d7afcf08ab6ac78eb76d61adc416711232ceca8430aacfef202028f2528,12.6444101,33.2260323
1310,1311,G0263__S01__seed_1690,G0263,overshot_waterwheel,1,builtin_no_picture,builtin_no_picture,seed_1690,1714,#78d8a8,/mnt/zsn/lyb/arti-skill/exp/uniform531_n5_studio_256_v1/G0263__S01__seed_1690__overshot_waterwheel.png,94547,817abd6332669423ced88efe6806973bc91d39d7ef13bbeeb3795efdf7117096,6.87629604,-7.90641737
1311,1312,G0263__S02__seed_2147,G0263,overshot_waterwheel,2,builtin_no_picture,builtin_no_picture,seed_2147,2177,#78d8a8,/mnt/zsn/lyb/arti-skill/exp/uniform531_n5_studio_256_v1/G0263__S02__seed_2147__overshot_waterwheel.png,95198,5fd389d8a6a8edd4183d50789f8d845a4eef573e920bf92b2b89f94534c839e2,7.13581181,-7.57511711
1312,1313,G0263__S03__seed_2072,G0263,overshot_waterwheel,3,builtin_no_picture,builtin_no_picture,seed_2072,2101,#78d8a8,/mnt/zsn/lyb/arti-skill/exp/uniform531_n5_studio_256_v1/G0263__S03__seed_2072__overshot_waterwheel.png,94471,1765d45d1b82da905f0ccaaceb1e057cf17b8ca19b806a7575f81a4f9be51e42,7.24227333,-7.86592579
1313,1314,G0263__S04__seed_0374,G0263,overshot_waterwheel,4,builtin_no_picture,builtin_no_picture,seed_0374,380,#78d8a8,/mnt/zsn/lyb/arti-skill/exp/uniform531_n5_studio_256_v1/G0263__S04__seed_0374__overshot_waterwheel.png,94969,433cb10552b8e12e7fe331d0626003873d1c030b1e35f868c2c44042580dc9f4,7.91816092,-7.19389009
1314,1315,G0263__S05__seed_1445,G0263,overshot_waterwheel,5,builtin_no_picture,builtin_no_picture,seed_1445,1466,#78d8a8,/mnt/zsn/lyb/arti-skill/exp/uniform531_n5_studio_256_v1/G0263__S05__seed_1445__overshot_waterwheel.png,97638,3e18d1e8c11fabd250c0ecec0f13f875863bdb1b257ffc21a3fbd790f5810d40,7.04773617,-7.74503899
1315,1316,G0264__S01__seed_0000,G0264,paper_cutter_guillotine,1,builtin_no_picture,builtin_no_picture,seed_0000,0,#78c8e8,/mnt/zsn/lyb/arti-skill/exp/uniform531_n5_studio_256_v1/G0264__S01__seed_0000__paper_cutter_guillotine.png,81650,355c573aa8409dfe43967089ef57acd972ceb5e1bb0202020ea8a7a3d8127741,-1.94194186,24.8499298
1316,1317,G0264__S02__seed_0016,G0264,paper_cutter_guillotine,2,builtin_no_picture,builtin_no_picture,seed_0016,16,#78c8e8,/mnt/zsn/lyb/arti-skill/exp/uniform531_n5_studio_256_v1/G0264__S02__seed_0016__paper_cutter_guillotine.png,82813,a749cd2437fa4ceedbc81fe4c7b142af50cfdc59f831b0d1f644d30c3b1b6d3c,-2.01410556,25.0561256
1317,1318,G0264__S03__seed_0035,G0264,paper_cutter_guillotine,3,builtin_no_picture,builtin_no_picture,seed_0035,35,#78c8e8,/mnt/zsn/lyb/arti-skill/exp/uniform531_n5_studio_256_v1/G0264__S03__seed_0035__paper_cutter_guillotine.png,81385,5097ae5819c4af8e10d22383af6b1166906d423931267346ab85bb4af3a7339c,-2.29415393,24.8923149
1318,1319,G0264__S04__seed_0028,G0264,paper_cutter_guillotine,4,builtin_no_picture,builtin_no_picture,seed_0028,28,#78c8e8,/mnt/zsn/lyb/arti-skill/exp/uniform531_n5_studio_256_v1/G0264__S04__seed_0028__paper_cutter_guillotine.png,82300,256ef1e47bee0a95f501445f75c98fd225b5df3e8ddf22670ff0e465cfd3c525,-1.9863025,24.5185661
1319,1320,G0264__S05__seed_0076,G0264,paper_cutter_guillotine,5,builtin_no_picture,builtin_no_picture,seed_0076,76,#78c8e8,/mnt/zsn/lyb/arti-skill/exp/uniform531_n5_studio_256_v1/G0264__S05__seed_0076__paper_cutter_guillotine.png,80959,366bcb247d7e48b1974b3d525b8982bdd26edc699e9e7553d6f7b9f9127bd626,-1.98976159,24.2500191
1320,1321,G0265__S01__seed_0027,G0265,paper_shredder,1,picture_backed,Workspace,seed_0027,27,#782838,/mnt/zsn/lyb/arti-skill/exp/uniform531_n5_studio_256_v1/G0265__S01__seed_0027__paper_shredder.png,78125,f4115ed5b63cb4bd6114c6e358b0f1e49a4b376029f9726af32194cab77a9d76,-22.4766865,-39.4468803
1321,1322,G0265__S02__seed_0051,G0265,paper_shredder,2,picture_backed,Workspace,seed_0051,51,#782838,/mnt/zsn/lyb/arti-skill/exp/uniform531_n5_studio_256_v1/G0265__S02__seed_0051__paper_shredder.png,73939,b2f5680cb24db5c579fd52e122dc221a6c30021839f898311b1640a486f3af23,-4.44267797,-44.2115402
1322,1323,G0265__S03__seed_0005,G0265,paper_shredder,3,picture_backed,Workspace,seed_0005,5,#782838,/mnt/zsn/lyb/arti-skill/exp/uniform531_n5_studio_256_v1/G0265__S03__seed_0005__paper_shredder.png,72538,7915b17b896c574339e7e934b541e867f5be85f6c7fe5584d30bd96721b70242,-22.3920135,-39.784153
1323,1324,G0265__S04__seed_0048,G0265,paper_shredder,4,picture_backed,Workspace,seed_0048,48,#782838,/mnt/zsn/lyb/arti-skill/exp/uniform531_n5_studio_256_v1/G0265__S04__seed_0048__paper_shredder.png,73418,71637e6684049c03fe6a9a224a7471395f89e51d20a7490f137d6d5d6f8b5130,-4.4012022,-44.2064095
1324,1325,G0265__S05__seed_0007,G0265,paper_shredder,5,picture_backed,Workspace,seed_0007,7,#782838,/mnt/zsn/lyb/arti-skill/exp/uniform531_n5_studio_256_v1/G0265__S05__seed_0007__paper_shredder.png,75462,c1f93dcf1689d3e09d5c1ee86aec2a47add00ca6e61b5e376ecd14fc13685386,-22.4841747,-39.3337517
1325,1326,G0266__S01__seed_0188,G0266,parabolic_dish_on_azimuth_elevation_mount,1,builtin_no_picture,builtin_no_picture,seed_0188,326,#c87868,/mnt/zsn/lyb/arti-skill/exp/uniform531_n5_studio_256_v1/G0266__S01__seed_0188__parabolic_dish_on_azimuth_elevation_mount.png,82004,bed9825ab52f2ee939c932c4ccda9976350b9658ede975bff1a3581bddbed47e,24.9555645,-26.7936211
1326,1327,G0266__S02__seed_0313,G0266,parabolic_dish_on_azimuth_elevation_mount,2,builtin_no_picture,builtin_no_picture,seed_0313,566,#c87868,/mnt/zsn/lyb/arti-skill/exp/uniform531_n5_studio_256_v1/G0266__S02__seed_0313__parabolic_dish_on_azimuth_elevation_mount.png,78696,da5e84f5ecf206e90d8079b490428e54edcddc6251b8fe7b0d96fb31c7c2ae65,25.2342625,-26.9538822
1327,1328,G0266__S03__seed_1068,G0266,parabolic_dish_on_azimuth_elevation_mount,3,builtin_no_picture,builtin_no_picture,seed_1068,1852,#c87868,/mnt/zsn/lyb/arti-skill/exp/uniform531_n5_studio_256_v1/G0266__S03__seed_1068__parabolic_dish_on_azimuth_elevation_mount.png,79726,2ed1d6cc37a63e339a880400139ed69b79cd9cdddc3e2708950a57eafd3ff716,25.1672688,-26.9580402
1328,1329,G0266__S04__seed_1176,G0266,parabolic_dish_on_azimuth_elevation_mount,4,builtin_no_picture,builtin_no_picture,seed_1176,2052,#c87868,/mnt/zsn/lyb/arti-skill/exp/uniform531_n5_studio_256_v1/G0266__S04__seed_1176__parabolic_dish_on_azimuth_elevation_mount.png,81069,47085c47d3bb87491f0515178058bc7563d93609d9df2a4a599a5aee49952363,24.5360355,-26.3942089
1329,1330,G0266__S05__seed_1130,G0266,parabolic_dish_on_azimuth_elevation_mount,5,builtin_no_picture,builtin_no_picture,seed_1130,1964,#c87868,/mnt/zsn/lyb/arti-skill/exp/uniform531_n5_studio_256_v1/G0266__S05__seed_1130__parabolic_dish_on_azimuth_elevation_mount.png,84866,081a0c49a2629244d241762791095f3f127788d1bf69100ce803536bd3345bec,24.6859875,-26.4292583
1330,1331,G0267__S01__seed_0004,G0267,Parts_quick_release_clamp,1,picture_backed,Parts,seed_0004,4,#785898,/mnt/zsn/lyb/arti-skill/exp/uniform531_n5_studio_256_v1/G0267__S01__seed_0004__Parts_quick_release_clamp.png,81242,8fa063d6bdddf1db408b4d634fe57a9f74ec6b59b5df4a948a0c3bf99cdc018d,24.0101585,-2.19670153
1331,1332,G0267__S02__seed_0003,G0267,Parts_quick_release_clamp,2,picture_backed,Parts,seed_0003,3,#785898,/mnt/zsn/lyb/arti-skill/exp/uniform531_n5_studio_256_v1/G0267__S02__seed_0003__Parts_quick_release_clamp.png,79092,fa0037395919d8967dd9174238668c67e31800fc68556f74514bd52473d512f3,23.8562698,-2.25867224
1332,1333,G0267__S03__seed_0023,G0267,Parts_quick_release_clamp,3,picture_backed,Parts,seed_0023,23,#785898,/mnt/zsn/lyb/arti-skill/exp/uniform531_n5_studio_256_v1/G0267__S03__seed_0023__Parts_quick_release_clamp.png,74054,aaea042f8c148493bdc2f3b940f3693d0f6f3b6049e64277d824e0beeec6913e,23.2862244,-2.52472377
1333,1334,G0267__S04__seed_0025,G0267,Parts_quick_release_clamp,4,picture_backed,Parts,seed_0025,25,#785898,/mnt/zsn/lyb/arti-skill/exp/uniform531_n5_studio_256_v1/G0267__S04__seed_0025__Parts_quick_release_clamp.png,77480,14103bce710518a7bdf39519a9c8f6c45c649418201486934f5854a1a82184f6,22.2150784,-11.4199915
1334,1335,G0267__S05__seed_0010,G0267,Parts_quick_release_clamp,5,picture_backed,Parts,seed_0010,10,#785898,/mnt/zsn/lyb/arti-skill/exp/uniform531_n5_studio_256_v1/G0267__S05__seed_0010__Parts_quick_release_clamp.png,81041,6d71a6db8d05916805d56b3837ccfe22504016ae66ca1bb3a7da2813a8e091df,22.1130676,-11.3982944
1335,1336,G0268__S01__seed_0005,G0268,pepper_mill_with_rotating_grinder_mechanism,1,picture_backed,0611,seed_0005,5,#c888d8,/mnt/zsn/lyb/arti-skill/exp/uniform531_n5_studio_256_v1/G0268__S01__seed_0005__pepper_mill_with_rotating_grinder_mechanism.png,79118,ba5f612fabe7e5d130369a8f97e93a32678070f8aa13849a7e00a081032ec2d9,9.89305401,-43.9090691
1336,1337,G0268__S02__seed_0043,G0268,pepper_mill_with_rotating_grinder_mechanism,2,picture_backed,0611,seed_0043,43,#c888d8,/mnt/zsn/lyb/arti-skill/exp/uniform531_n5_studio_256_v1/G0268__S02__seed_0043__pepper_mill_with_rotating_grinder_mechanism.png,80131,ab659cd7deaf560b82fea3fc7da8fb1e6483f1c334e29a2de6ff859b12a5b68a,9.96858883,-43.8720627
1337,1338,G0268__S03__seed_0047,G0268,pepper_mill_with_rotating_grinder_mechanism,3,picture_backed,0611,seed_0047,47,#c888d8,/mnt/zsn/lyb/arti-skill/exp/uniform531_n5_studio_256_v1/G0268__S03__seed_0047__pepper_mill_with_rotating_grinder_mechanism.png,79745,28343df28d573db367742d2e1d3c12ab5fdf840ed339b2685b9b37df917d8b15,9.96762562,-43.9831734
1338,1339,G0268__S04__seed_0019,G0268,pepper_mill_with_rotating_grinder_mechanism,4,picture_backed,0611,seed_0019,19,#c888d8,/mnt/zsn/lyb/arti-skill/exp/uniform531_n5_studio_256_v1/G0268__S04__seed_0019__pepper_mill_with_rotating_grinder_mechanism.png,80247,caaf1883ff11cdacf8e3f067ba0cd1cd1b90738f9d9691c739e355b0eef1e1e8,9.54103565,-43.1765823
1339,1340,G0268__S05__seed_0036,G0268,pepper_mill_with_rotating_grinder_mechanism,5,picture_backed,0611,seed_0036,36,#c888d8,/mnt/zsn/lyb/arti-skill/exp/uniform531_n5_studio_256_v1/G0268__S05__seed_0036__pepper_mill_with_rotating_grinder_mechanism.png,75386,3c62beb8789cfe25166cc2d35d24e0211b0960d354398acee70e16a1a6b75865,14.6761999,-46.5823097
1340,1341,G0269__S01__seed_0002,G0269,pet_carrier,1,picture_backed,Pet_Animal related,seed_0002,3,#186818,/mnt/zsn/lyb/arti-skill/exp/uniform531_n5_studio_256_v1/G0269__S01__seed_0002__pet_carrier.png,106833,bce0b6af2f2730339e1b781b0c118f433ef3bf45a46abb33ce77a6faaff79816,-36.6365356,-14.537899
1341,1342,G0269__S02__seed_0013,G0269,pet_carrier,2,picture_backed,Pet_Animal related,seed_0013,17,#186818,/mnt/zsn/lyb/arti-skill/exp/uniform531_n5_studio_256_v1/G0269__S02__seed_0013__pet_carrier.png,104137,5112a24695fbc15748ca094f70e8e5ec23895c1088cca2b3124e38a07ee78343,-36.6038666,-14.4215117
1342,1343,G0269__S03__seed_0021,G0269,pet_carrier,3,picture_backed,Pet_Animal related,seed_0021,30,#186818,/mnt/zsn/lyb/arti-skill/exp/uniform531_n5_studio_256_v1/G0269__S03__seed_0021__pet_carrier.png,87029,de6aea37fb45b6a288528cf887b6770b05cf4a67f8608ac891f4b87f37926e09,-26.9656563,-7.8349843
1343,1344,G0269__S04__seed_0000,G0269,pet_carrier,4,picture_backed,Pet_Animal related,seed_0000,0,#186818,/mnt/zsn/lyb/arti-skill/exp/uniform531_n5_studio_256_v1/G0269__S04__seed_0000__pet_carrier.png,96944,702f59962716fc9c81d10115cf6700b667dc2182d4ba8b9a63f343b431a62703,-25.7473373,-4.64545727
1344,1345,G0269__S05__seed_0005,G0269,pet_carrier,5,picture_backed,Pet_Animal related,seed_0005,6,#186818,/mnt/zsn/lyb/arti-skill/exp/uniform531_n5_studio_256_v1/G0269__S05__seed_0005__pet_carrier.png,81741,b7748bb0149e0298503aa3504bbb1fc940ab78b8b0054d539335f14fa7559085,-27.0116825,-7.80916357
1345,1346,G0270__S01__seed_0001,G0270,pet_stroller,1,picture_backed,Pet_Animal related,seed_0001,1,#68d818,/mnt/zsn/lyb/arti-skill/exp/uniform531_n5_studio_256_v1/G0270__S01__seed_0001__pet_stroller.png,83776,757ecd5fc985eeda243751c35289379b6e23bc429785d82f99d72665bb33e26a,5.30574369,59.2919159
1346,1347,G0270__S02__seed_0029,G0270,pet_stroller,2,picture_backed,Pet_Animal related,seed_0029,31,#68d818,/mnt/zsn/lyb/arti-skill/exp/uniform531_n5_studio_256_v1/G0270__S02__seed_0029__pet_stroller.png,81087,090b3f2547e27bf54019282e75e9ce30cf9aee05b1d0202f18a5193f2c9e8f3f,6.07230568,59.2301407
1347,1348,G0270__S03__seed_0044,G0270,pet_stroller,3,picture_backed,Pet_Animal related,seed_0044,46,#68d818,/mnt/zsn/lyb/arti-skill/exp/uniform531_n5_studio_256_v1/G0270__S03__seed_0044__pet_stroller.png,87458,3934e93712a4e4cfb0de1d5659bdb02b78999043ad19fb41a5b4d13292f6c744,5.20810413,59.167984
1348,1349,G0270__S04__seed_0025,G0270,pet_stroller,4,picture_backed,Pet_Animal related,seed_0025,27,#68d818,/mnt/zsn/lyb/arti-skill/exp/uniform531_n5_studio_256_v1/G0270__S04__seed_0025__pet_stroller.png,79083,bd390123361fbf93b8d85a348d28811e064522a4fa418dc1a23d09347960c855,6.56840801,57.9852104
1349,1350,G0270__S05__seed_0019,G0270,pet_stroller,5,picture_backed,Pet_Animal related,seed_0019,21,#68d818,/mnt/zsn/lyb/arti-skill/exp/uniform531_n5_studio_256_v1/G0270__S05__seed_0019__pet_stroller.png,83688,f65a3bb3308bdd9954b2f4841ccc6f680fb14576fa5b4d08d3f21e5bc3bfddc3,5.58616018,59.0665665
1350,1351,G0271__S01__seed_0046,G0271,piano_bench,1,picture_backed,0611,seed_0046,46,#c8a828,/mnt/zsn/lyb/arti-skill/exp/uniform531_n5_studio_256_v1/G0271__S01__seed_0046__piano_bench.png,87241,ecdcaf17bde1421a273a8eb1a6f5c3d20abe803be085f34ed0e1891e021ce4c3,-5.05294943,-25.9207401
1351,1352,G0271__S02__seed_0023,G0271,piano_bench,2,picture_backed,0611,seed_0023,23,#c8a828,/mnt/zsn/lyb/arti-skill/exp/uniform531_n5_studio_256_v1/G0271__S02__seed_0023__piano_bench.png,82820,10a9bfd3d3159b3ec814eeda9fcbf311bb8767ec6057bf945e8cd9ab99b76f1e,-35.8572159,-9.43777466
1352,1353,G0271__S03__seed_0027,G0271,piano_bench,3,picture_backed,0611,seed_0027,27,#c8a828,/mnt/zsn/lyb/arti-skill/exp/uniform531_n5_studio_256_v1/G0271__S03__seed_0027__piano_bench.png,84344,86b607f247e4977504c8c6a86bc5d98f709623de3c3d532b1fe150d5212b0b5a,-3.84404373,-26.5460434
1353,1354,G0271__S04__seed_0044,G0271,piano_bench,4,picture_backed,0611,seed_0044,44,#c8a828,/mnt/zsn/lyb/arti-skill/exp/uniform531_n5_studio_256_v1/G0271__S04__seed_0044__piano_bench.png,84542,4fc550c96eb47fd0947f49377d018e00fc2c522374955f0a0a6981b3f5b8f5d1,-5.08103657,-25.8935394
1354,1355,G0271__S05__seed_0035,G0271,piano_bench,5,picture_backed,0611,seed_0035,35,#c8a828,/mnt/zsn/lyb/arti-skill/exp/uniform531_n5_studio_256_v1/G0271__S05__seed_0035__piano_bench.png,85545,9e5bb28c7968d29c4b94db1d3c4aaf25d64fb51645243baaa475a199648bbd9b,-38.2000389,30.0024147
1355,1356,G0272__S01__seed_0085,G0272,pictureX_0611_Air_blower,1,picture_backed,0611,seed_0085,85,#88a8a8,/mnt/zsn/lyb/arti-skill/exp/uniform531_n5_studio_256_v1/G0272__S01__seed_0085__pictureX_0611_Air_blower.png,77346,e13aba2b902bd2fea77dd7c19b63c50d339aac716960cccce284a255ed4c5649,20.2555904,-0.325730145
1356,1357,G0272__S02__seed_0312,G0272,pictureX_0611_Air_blower,2,picture_backed,0611,seed_0312,312,#88a8a8,/mnt/zsn/lyb/arti-skill/exp/uniform531_n5_studio_256_v1/G0272__S02__seed_0312__pictureX_0611_Air_blower.png,77756,e712d0e7d39225abf2170b4e8eff4b2c85622e83b777b1e721335dfba1b5b786,20.2812672,-0.411159128
1357,1358,G0272__S03__seed_0176,G0272,pictureX_0611_Air_blower,3,picture_backed,0611,seed_0176,176,#88a8a8,/mnt/zsn/lyb/arti-skill/exp/uniform531_n5_studio_256_v1/G0272__S03__seed_0176__pictureX_0611_Air_blower.png,78193,935e08b7e08c032bf3be5444a75dbd0fd1fecfdcbb3eead7c9ed262ef1b188e9,20.3506126,-0.938915908
1358,1359,G0272__S04__seed_0342,G0272,pictureX_0611_Air_blower,4,picture_backed,0611,seed_0342,342,#88a8a8,/mnt/zsn/lyb/arti-skill/exp/uniform531_n5_studio_256_v1/G0272__S04__seed_0342__pictureX_0611_Air_blower.png,74288,11e3e30db6711d4a9ea51f933bcd0740dbfa58cd9d08c0fc1950a774a62dc1de,57.450737,21.5474491
1359,1360,G0272__S05__seed_0407,G0272,pictureX_0611_Air_blower,5,picture_backed,0611,seed_0407,407,#88a8a8,/mnt/zsn/lyb/arti-skill/exp/uniform531_n5_studio_256_v1/G0272__S05__seed_0407__pictureX_0611_Air_blower.png,77878,58430d19ef01a6854463dfe8ef166a4b7e894702d98f58f1a5e811156d73d6fb,20.6630554,-0.211863384
1360,1361,G0273__S01__seed_0754,G0273,pictureX_0611_ball_transfer_unit_with_spring_loaded_ball,1,picture_backed,0611,seed_0754,754,#5818d8,/mnt/zsn/lyb/arti-skill/exp/uniform531_n5_studio_256_v1/G0273__S01__seed_0754__pictureX_0611_ball_transfer_unit_with_spring_loaded_ball.png,76620,de66baa806d8f5b5cf9b249a9c3f2819c1485f34b6ffa4e42f1d190a302d0279,13.8241987,-22.458643
1361,1362,G0273__S02__seed_0388,G0273,pictureX_0611_ball_transfer_unit_with_spring_loaded_ball,2,picture_backed,0611,seed_0388,388,#5818d8,/mnt/zsn/lyb/arti-skill/exp/uniform531_n5_studio_256_v1/G0273__S02__seed_0388__pictureX_0611_ball_transfer_unit_with_spring_loaded_ball.png,73335,d604829a671ebd8b2407e59158ba0203b5453bf9d9b5c2597a4dabe4967bcc55,-11.5674276,-42.6327438
1362,1363,G0273__S03__seed_0139,G0273,pictureX_0611_ball_transfer_unit_with_spring_loaded_ball,3,picture_backed,0611,seed_0139,139,#5818d8,/mnt/zsn/lyb/arti-skill/exp/uniform531_n5_studio_256_v1/G0273__S03__seed_0139__pictureX_0611_ball_transfer_unit_with_spring_loaded_ball.png,75909,6f29a803e8e8ccaa02834c219ff78049380262415658a313f4c317d5f527f9c8,4.37918043,-22.5682526
1363,1364,G0273__S04__seed_0592,G0273,pictureX_0611_ball_transfer_unit_with_spring_loaded_ball,4,picture_backed,0611,seed_0592,592,#5818d8,/mnt/zsn/lyb/arti-skill/exp/uniform531_n5_studio_256_v1/G0273__S04__seed_0592__pictureX_0611_ball_transfer_unit_with_spring_loaded_ball.png,74792,b1ea49f09b4b7f331d9fa26488438cd33bbd56ad577861344c77a6dd62c3978c,-0.878591359,-16.9503479
1364,1365,G0273__S05__seed_0645,G0273,pictureX_0611_ball_transfer_unit_with_spring_loaded_ball,5,picture_backed,0611,seed_0645,645,#5818d8,/mnt/zsn/lyb/arti-skill/exp/uniform531_n5_studio_256_v1/G0273__S05__seed_0645__pictureX_0611_ball_transfer_unit_with_spring_loaded_ball.png,77286,a3919cb4629384669d2b6de022a9e1db7287ed86ace93753fb4bdf6e9457e62f,4.65516233,-22.1917534
1365,1366,G0274__S01__seed_0565,G0274,pictureX_0611_ball_valve_with_quarter_turn_handle,1,picture_backed,0611,seed_0565,566,#4838a8,/mnt/zsn/lyb/arti-skill/exp/uniform531_n5_studio_256_v1/G0274__S01__seed_0565__pictureX_0611_ball_valve_with_quarter_turn_handle.png,76524,605525c4acd3efc7b16ea66c5db536f1dbd548d8d22704d56b443a87b9318f3a,30.0681915,-7.47068453
1366,1367,G0274__S02__seed_0099,G0274,pictureX_0611_ball_valve_with_quarter_turn_handle,2,picture_backed,0611,seed_0099,99,#4838a8,/mnt/zsn/lyb/arti-skill/exp/uniform531_n5_studio_256_v1/G0274__S02__seed_0099__pictureX_0611_ball_valve_with_quarter_turn_handle.png,86185,79c217302a63034ccbcfbca391051aae8043e07cc185bdbd40218878b6a2d05e,28.9678631,-8.52028084
1367,1368,G0274__S03__seed_0388,G0274,pictureX_0611_ball_valve_with_quarter_turn_handle,3,picture_backed,0611,seed_0388,388,#4838a8,/mnt/zsn/lyb/arti-skill/exp/uniform531_n5_studio_256_v1/G0274__S03__seed_0388__pictureX_0611_ball_valve_with_quarter_turn_handle.png,82410,5d8c1024bf3a01119e31692d9dbb5d71be10d09b3be6c3b887873a3c7c5e3174,29.4498215,-8.35585785
1368,1369,G0274__S04__seed_0051,G0274,pictureX_0611_ball_valve_with_quarter_turn_handle,4,picture_backed,0611,seed_0051,51,#4838a8,/mnt/zsn/lyb/arti-skill/exp/uniform531_n5_studio_256_v1/G0274__S04__seed_0051__pictureX_0611_ball_valve_with_quarter_turn_handle.png,82357,71e3478634fe206147bc036cd8ba26e03fe40fd298827ade413124e69a9b37d2,29.4172192,-8.41481495
1369,1370,G0274__S05__seed_0260,G0274,pictureX_0611_ball_valve_with_quarter_turn_handle,5,picture_backed,0611,seed_0260,260,#4838a8,/mnt/zsn/lyb/arti-skill/exp/uniform531_n5_studio_256_v1/G0274__S05__seed_0260__pictureX_0611_ball_valve_with_quarter_turn_handle.png,75030,8bb7ec66c6dbecfd15202e36b3152e971c041777c476db7c40dd0a4a432ac91b,29.7939205,-7.14296675
1370,1371,G0275__S01__seed_1126,G0275,pictureX_0611_bevel_gear_pair_with_perpendicular_shafts,1,picture_backed,0611,seed_1126,1126,#88a858,/mnt/zsn/lyb/arti-skill/exp/uniform531_n5_studio_256_v1/G0275__S01__seed_1126__pictureX_0611_bevel_gear_pair_with_perpendicular_shafts.png,83309,ab1d0fee841a15a4c44fa54629738470b7877750e6e60e79aae1cce45cff1e93,13.6619463,2.93973517
1371,1372,G0275__S02__seed_0893,G0275,pictureX_0611_bevel_gear_pair_with_perpendicular_shafts,2,picture_backed,0611,seed_0893,893,#88a858,/mnt/zsn/lyb/arti-skill/exp/uniform531_n5_studio_256_v1/G0275__S02__seed_0893__pictureX_0611_bevel_gear_pair_with_perpendicular_shafts.png,78942,664982b1c497aeac39a5a85cc4af0ac76d4d31f34c6d7cde44bdb291afb88fd6,13.1098843,3.44821358
1372,1373,G0275__S03__seed_1741,G0275,pictureX_0611_bevel_gear_pair_with_perpendicular_shafts,3,picture_backed,0611,seed_1741,1744,#88a858,/mnt/zsn/lyb/arti-skill/exp/uniform531_n5_studio_256_v1/G0275__S03__seed_1741__pictureX_0611_bevel_gear_pair_with_perpendicular_shafts.png,75098,15eab048808f65d93f3f1e46dff50bb1690b4bb293caedfd26cb3b81c576933b,14.2424726,3.22156262
1373,1374,G0275__S04__seed_1269,G0275,pictureX_0611_bevel_gear_pair_with_perpendicular_shafts,4,picture_backed,0611,seed_1269,1270,#88a858,/mnt/zsn/lyb/arti-skill/exp/uniform531_n5_studio_256_v1/G0275__S04__seed_1269__pictureX_0611_bevel_gear_pair_with_perpendicular_shafts.png,78819,3bccec996b7b88e8a5ddc8fca23e1d725924a4abc61f3016aced1cec0ed6439e,-13.0697746,-18.066824
1374,1375,G0275__S05__seed_0050,G0275,pictureX_0611_bevel_gear_pair_with_perpendicular_shafts,5,picture_backed,0611,seed_0050,50,#88a858,/mnt/zsn/lyb/arti-skill/exp/uniform531_n5_studio_256_v1/G0275__S05__seed_0050__pictureX_0611_bevel_gear_pair_with_perpendicular_shafts.png,76650,a4dedf44e26c2f0db4224605f712a086f2fcb23638a22448927ab82afb932e09,13.1979532,3.51272202
1375,1376,G0276__S01__seed_0088,G0276,pictureX_0611_bi_fold_closet_door_system,1,picture_backed,0611,seed_0088,88,#a87828,/mnt/zsn/lyb/arti-skill/exp/uniform531_n5_studio_256_v1/G0276__S01__seed_0088__pictureX_0611_bi_fold_closet_door_system.png,89067,a0593205a1be24423c981033a3e0010a8434b73eda2faf0c01d46cd238796ba5,-51.1042023,-28.6532803
1376,1377,G0276__S02__seed_0008,G0276,pictureX_0611_bi_fold_closet_door_system,2,picture_backed,0611,seed_0008,8,#a87828,/mnt/zsn/lyb/arti-skill/exp/uniform531_n5_studio_256_v1/G0276__S02__seed_0008__pictureX_0611_bi_fold_closet_door_system.png,87273,c0dd511a280b9dc984d080fa739ead5e0ab92ec90e6b9c5c35f97937f3ec99cf,-51.3983154,-28.8402367
1377,1378,G0276__S03__seed_0080,G0276,pictureX_0611_bi_fold_closet_door_system,3,picture_backed,0611,seed_0080,80,#a87828,/mnt/zsn/lyb/arti-skill/exp/uniform531_n5_studio_256_v1/G0276__S03__seed_0080__pictureX_0611_bi_fold_closet_door_system.png,87898,c621915380b0ec9c02fe8e946571be166ad6f8284892b202af5218567dad64d2,-50.8428192,-28.314394
1378,1379,G0276__S04__seed_0035,G0276,pictureX_0611_bi_fold_closet_door_system,4,picture_backed,0611,seed_0035,35,#a87828,/mnt/zsn/lyb/arti-skill/exp/uniform531_n5_studio_256_v1/G0276__S04__seed_0035__pictureX_0611_bi_fold_closet_door_system.png,81410,78ee9110b44f92f349d539a58d42c6dd8a7f4722fa9f8ff4678a0c400d0fac6b,-48.0331078,-37.7406158
1379,1380,G0276__S05__seed_0102,G0276,pictureX_0611_bi_fold_closet_door_system,5,picture_backed,0611,seed_0102,102,#a87828,/mnt/zsn/lyb/arti-skill/exp/uniform531_n5_studio_256_v1/G0276__S05__seed_0102__pictureX_0611_bi_fold_closet_door_system.png,91634,29106d1e01706cafd1f4ffe4f0adf63d641c76a73ff51abf14f73ec560cd155f,-51.9259834,-28.9613724
1380,1381,G0277__S01__seed_1493,G0277,pictureX_0611_bookcase,1,picture_backed,0611,seed_1493,1531,#c84848,/mnt/zsn/lyb/arti-skill/exp/uniform531_n5_studio_256_v1/G0277__S01__seed_1493__pictureX_0611_bookcase.png,89330,8ad7d28d14d34140eb451ee9b2a06d0968e4a8cd9d7081f17314563b4179d43f,-52.1661491,13.7012482
1381,1382,G0277__S02__seed_1459,G0277,pictureX_0611_bookcase,2,picture_backed,0611,seed_1459,1495,#c84848,/mnt/zsn/lyb/arti-skill/exp/uniform531_n5_studio_256_v1/G0277__S02__seed_1459__pictureX_0611_bookcase.png,87977,324aecf45b4cda878a122e3bb1bdb51faff0e7531be3ce3483fc4124a5552347,-52.2296906,13.5720367
1382,1383,G0277__S03__seed_0766,G0277,pictureX_0611_bookcase,3,picture_backed,0611,seed_0766,781,#c84848,/mnt/zsn/lyb/arti-skill/exp/uniform531_n5_studio_256_v1/G0277__S03__seed_0766__pictureX_0611_bookcase.png,88116,eec55ee8257486351e56dd431e2f89b9825aa6cf82c3033e24717a2401bc503f,-48.1242905,-25.9622154
1383,1384,G0277__S04__seed_0546,G0277,pictureX_0611_bookcase,4,picture_backed,0611,seed_0546,557,#c84848,/mnt/zsn/lyb/arti-skill/exp/uniform531_n5_studio_256_v1/G0277__S04__seed_0546__pictureX_0611_bookcase.png,84997,b3cf899f9d46086c1aa154d48bc0b66e9f817b50193efe024840494869d7886d,-59.2398758,0.500297368
1384,1385,G0277__S05__seed_1502,G0277,pictureX_0611_bookcase,5,picture_backed,0611,seed_1502,1540,#c84848,/mnt/zsn/lyb/arti-skill/exp/uniform531_n5_studio_256_v1/G0277__S05__seed_1502__pictureX_0611_bookcase.png,83613,2f14bc160fb70ab2a19855220a5dfd3a3f4f9be95375daf622f875f873dae558,-45.2758446,-21.0400963
1385,1386,G0278__S01__seed_0402,G0278,pictureX_0611_bookcase1,1,picture_backed,0611,seed_0402,406,#784868,/mnt/zsn/lyb/arti-skill/exp/uniform531_n5_studio_256_v1/G0278__S01__seed_0402__pictureX_0611_bookcase1.png,87264,502ec3ac7920e71224ce39cb651ea402943a10933342603124f3fc908be6aed1,-41.2418518,-27.078743
1386,1387,G0278__S02__seed_0292,G0278,pictureX_0611_bookcase1,2,picture_backed,0611,seed_0292,294,#784868,/mnt/zsn/lyb/arti-skill/exp/uniform531_n5_studio_256_v1/G0278__S02__seed_0292__pictureX_0611_bookcase1.png,87723,a4514134fda27df3ba30a4539afc6d037026e296de29d8381486c7f19927006e,-46.6329384,-26.3042259
1387,1388,G0278__S03__seed_0383,G0278,pictureX_0611_bookcase1,3,picture_backed,0611,seed_0383,387,#784868,/mnt/zsn/lyb/arti-skill/exp/uniform531_n5_studio_256_v1/G0278__S03__seed_0383__pictureX_0611_bookcase1.png,77631,8aa586d095eefeff64746fc124c5883e65c1fd9e1cd0a3cf4383314edc6b68cb,-59.3176384,0.338813096
1388,1389,G0278__S04__seed_0389,G0278,pictureX_0611_bookcase1,4,picture_backed,0611,seed_0389,393,#784868,/mnt/zsn/lyb/arti-skill/exp/uniform531_n5_studio_256_v1/G0278__S04__seed_0389__pictureX_0611_bookcase1.png,74522,c59da9665aaf25b4ac70e1e301b1f98914d2cb39558b35bea3e487d88a0baaf8,-40.3374481,-27.600687
1389,1390,G0278__S05__seed_0112,G0278,pictureX_0611_bookcase1,5,picture_backed,0611,seed_0112,112,#784868,/mnt/zsn/lyb/arti-skill/exp/uniform531_n5_studio_256_v1/G0278__S05__seed_0112__pictureX_0611_bookcase1.png,80601,4b3884f2d0f06e9e2147bed1a79716cdcffe42390e77b1d2607991565b0738f5,-42.5820961,-26.2870407
1390,1391,G0279__S01__seed_0135,G0279,pictureX_0611_bookcase2,1,picture_backed,0611,seed_0135,141,#8878b8,/mnt/zsn/lyb/arti-skill/exp/uniform531_n5_studio_256_v1/G0279__S01__seed_0135__pictureX_0611_bookcase2.png,77809,99f64e5e59132cc61334a69855614b278f961c754cea5ce1494c3caf0ad50e21,-45.0570831,-27.437645
1391,1392,G0279__S02__seed_0230,G0279,pictureX_0611_bookcase2,2,picture_backed,0611,seed_0230,240,#8878b8,/mnt/zsn/lyb/arti-skill/exp/uniform531_n5_studio_256_v1/G0279__S02__seed_0230__pictureX_0611_bookcase2.png,90314,ea6621dba3d8dab4b52cc2f57ae1b583d5c5059453b784958429fd6466cb3d90,-48.2738037,6.17892408
1392,1393,G0279__S03__seed_0595,G0279,pictureX_0611_bookcase2,3,picture_backed,0611,seed_0595,620,#8878b8,/mnt/zsn/lyb/arti-skill/exp/uniform531_n5_studio_256_v1/G0279__S03__seed_0595__pictureX_0611_bookcase2.png,94621,0f5b07ac6f6684b3dc78b6d883fac3a4235317127061ac4f241db32aa2902315,-48.1076546,-28.7549763
1393,1394,G0279__S04__seed_0393,G0279,pictureX_0611_bookcase2,4,picture_backed,0611,seed_0393,408,#8878b8,/mnt/zsn/lyb/arti-skill/exp/uniform531_n5_studio_256_v1/G0279__S04__seed_0393__pictureX_0611_bookcase2.png,79894,040e4ba6145057807628b1f154bd877bdb846902746c5dae3a516943d44f6529,-59.2846298,0.153897554
1394,1395,G0279__S05__seed_0407,G0279,pictureX_0611_bookcase2,5,picture_backed,0611,seed_0407,422,#8878b8,/mnt/zsn/lyb/arti-skill/exp/uniform531_n5_studio_256_v1/G0279__S05__seed_0407__pictureX_0611_bookcase2.png,82857,c0992bf2e31bdb52178f3c08bc9377b3269c69597e834b8397378d808cb887c8,-44.5534706,-22.2173347
1395,1396,G0280__S01__seed_0080,G0280,pictureX_0611_Bookshelf_with_books,1,picture_backed,0611,seed_0080,80,#d898e8,/mnt/zsn/lyb/arti-skill/exp/uniform531_n5_studio_256_v1/G0280__S01__seed_0080__pictureX_0611_Bookshelf_with_books.png,87345,3eb66bc597c9fa91e8a60ab22faef5a6b287451ac6dc13b6a8fd78371f9aff0b,-43.9383011,-23.4623985
1396,1397,G0280__S02__seed_0013,G0280,pictureX_0611_Bookshelf_with_books,2,picture_backed,0611,seed_0013,13,#d898e8,/mnt/zsn/lyb/arti-skill/exp/uniform531_n5_studio_256_v1/G0280__S02__seed_0013__pictureX_0611_Bookshelf_with_books.png,93710,e71a178343a32f7bc5085861f8001d535b687d8517f95f6945839921bdf15035,-38.8516006,7.42622519
1397,1398,G0280__S03__seed_0087,G0280,pictureX_0611_Bookshelf_with_books,3,picture_backed,0611,seed_0087,87,#d898e8,/mnt/zsn/lyb/arti-skill/exp/uniform531_n5_studio_256_v1/G0280__S03__seed_0087__pictureX_0611_Bookshelf_with_books.png,90321,1eab4df09d0e970dc17b881a85d189b414f4761963c8b417e409c9fc7a173792,-43.737545,-23.5725632
1398,1399,G0280__S04__seed_0146,G0280,pictureX_0611_Bookshelf_with_books,4,picture_backed,0611,seed_0146,146,#d898e8,/mnt/zsn/lyb/arti-skill/exp/uniform531_n5_studio_256_v1/G0280__S04__seed_0146__pictureX_0611_Bookshelf_with_books.png,89582,9eb1c830646a30207a772a2a050b46f61f87e03d5f388091d36b165319c0637a,-38.2685814,7.99112606
1399,1400,G0280__S05__seed_0016,G0280,pictureX_0611_Bookshelf_with_books,5,picture_backed,0611,seed_0016,16,#d898e8,/mnt/zsn/lyb/arti-skill/exp/uniform531_n5_studio_256_v1/G0280__S05__seed_0016__pictureX_0611_Bookshelf_with_books.png,88373,5ba9151c06f58ad272dac933773b5c237e33d7a5ec47b0d49546f20a612514e5,-43.3187523,-23.3484821
1400,1401,G0281__S01__seed_0114,G0281,pictureX_0611_Butter_maker,1,picture_backed,0611,seed_0114,114,#9878e8,/mnt/zsn/lyb/arti-skill/exp/uniform531_n5_studio_256_v1/G0281__S01__seed_0114__pictureX_0611_Butter_maker.png,76330,f7747f0a84a30b89dddefbc7d1a0465d8c6bb42dac85d67605773bedba0373eb,13.2015219,-44.5651741
1401,1402,G0281__S02__seed_0078,G0281,pictureX_0611_Butter_maker,2,picture_backed,0611,seed_0078,78,#9878e8,/mnt/zsn/lyb/arti-skill/exp/uniform531_n5_studio_256_v1/G0281__S02__seed_0078__pictureX_0611_Butter_maker.png,79201,9ea3e82e355383732d1ae31ef04b0f0ef98ed18c9490ae11a1dcc0d135b127f5,5.67091656,-29.4720192
1402,1403,G0281__S03__seed_0292,G0281,pictureX_0611_Butter_maker,3,picture_backed,0611,seed_0292,292,#9878e8,/mnt/zsn/lyb/arti-skill/exp/uniform531_n5_studio_256_v1/G0281__S03__seed_0292__pictureX_0611_Butter_maker.png,75797,3664b5bc0e23cdd07afd0a3f06b14bee3bed953597d045b7872a10baae0635b4,6.40181351,-55.0135155
1403,1404,G0281__S04__seed_0142,G0281,pictureX_0611_Butter_maker,4,picture_backed,0611,seed_0142,142,#9878e8,/mnt/zsn/lyb/arti-skill/exp/uniform531_n5_studio_256_v1/G0281__S04__seed_0142__pictureX_0611_Butter_maker.png,76168,203769a3186117d116180b487b3bffeaf706b85c4744f51e5688d3fcd83d0198,12.8849516,-45.4231377
1404,1405,G0281__S05__seed_0028,G0281,pictureX_0611_Butter_maker,5,picture_backed,0611,seed_0028,28,#9878e8,/mnt/zsn/lyb/arti-skill/exp/uniform531_n5_studio_256_v1/G0281__S05__seed_0028__pictureX_0611_Butter_maker.png,77348,a01e81a36b238790c9d96484ffa3114f54e2e4c27e184972b75355d45e806a82,13.1458464,-44.7526436
1405,1406,G0282__S01__seed_0032,G0282,pictureX_0611_butterfly_valve_with_lever_operator,1,picture_backed,0611,seed_0032,33,#e87888,/mnt/zsn/lyb/arti-skill/exp/uniform531_n5_studio_256_v1/G0282__S01__seed_0032__pictureX_0611_butterfly_valve_with_lever_operator.png,82504,878b942f1bb1d45b9003fa8640344b0fa3ce79d0c22851c0fbe54c98d3a0f399,17.4270058,-11.5113888
1406,1407,G0282__S02__seed_0017,G0282,pictureX_0611_butterfly_valve_with_lever_operator,2,picture_backed,0611,seed_0017,17,#e87888,/mnt/zsn/lyb/arti-skill/exp/uniform531_n5_studio_256_v1/G0282__S02__seed_0017__pictureX_0611_butterfly_valve_with_lever_operator.png,81214,deecfa0f698396d9878d79940dcc859e69a305ddaf218fa3e2a9bd4908e26343,17.0302639,-11.8828554
1407,1408,G0282__S03__seed_0143,G0282,pictureX_0611_butterfly_valve_with_lever_operator,3,picture_backed,0611,seed_0143,144,#e87888,/mnt/zsn/lyb/arti-skill/exp/uniform531_n5_studio_256_v1/G0282__S03__seed_0143__pictureX_0611_butterfly_valve_with_lever_operator.png,82492,135bfcd8081f97d5af9de387e3b5e443e90e88d6865207906ec635ab49741a80,16.7531281,-11.2980776
1408,1409,G0282__S04__seed_0063,G0282,pictureX_0611_butterfly_valve_with_lever_operator,4,picture_backed,0611,seed_0063,64,#e87888,/mnt/zsn/lyb/arti-skill/exp/uniform531_n5_studio_256_v1/G0282__S04__seed_0063__pictureX_0611_butterfly_valve_with_lever_operator.png,82351,c0a72fb656cd5923fa676f4635db755eec54e5002f7b5d679123a5b4b5c15f07,17.1350002,-11.1240168
1409,1410,G0282__S05__seed_0066,G0282,pictureX_0611_butterfly_valve_with_lever_operator,5,picture_backed,0611,seed_0066,67,#e87888,/mnt/zsn/lyb/arti-skill/exp/uniform531_n5_studio_256_v1/G0282__S05__seed_0066__pictureX_0611_butterfly_valve_with_lever_operator.png,82138,aef5c5064135a7bf317331b570d47222bfa80908d61e651ef5c3223d8c4ff373,17.2566776,-11.8563061
1410,1411,G0283__S01__seed_0142,G0283,pictureX_0611_C_shaped_sofa_side_table,1,picture_backed,0611,seed_0142,142,#98b818,/mnt/zsn/lyb/arti-skill/exp/uniform531_n5_studio_256_v1/G0283__S01__seed_0142__pictureX_0611_C_shaped_sofa_side_table.png,79492,6a1d23e55a0e8078ee8890fcac068d72aa219d79d0d617f7c51a5b480569cfbb,-27.1618977,30.4605503
1411,1412,G0283__S02__seed_0012,G0283,pictureX_0611_C_shaped_sofa_side_table,2,picture_backed,0611,seed_0012,12,#98b818,/mnt/zsn/lyb/arti-skill/exp/uniform531_n5_studio_256_v1/G0283__S02__seed_0012__pictureX_0611_C_shaped_sofa_side_table.png,80779,3930dd4a37f2ed6fa0f7aee9006a8cd90b70bcbb8fece0debbbaab79d652bc71,-25.9671688,29.4063606
1412,1413,G0283__S03__seed_0040,G0283,pictureX_0611_C_shaped_sofa_side_table,3,picture_backed,0611,seed_0040,40,#98b818,/mnt/zsn/lyb/arti-skill/exp/uniform531_n5_studio_256_v1/G0283__S03__seed_0040__pictureX_0611_C_shaped_sofa_side_table.png,82281,20a0d37482eeae9888a35de134920d96601d0bf64d09f54339f330a13c418704,-26.0030861,29.4142361
1413,1414,G0283__S04__seed_0100,G0283,pictureX_0611_C_shaped_sofa_side_table,4,picture_backed,0611,seed_0100,100,#98b818,/mnt/zsn/lyb/arti-skill/exp/uniform531_n5_studio_256_v1/G0283__S04__seed_0100__pictureX_0611_C_shaped_sofa_side_table.png,78431,43dd889581dad1953d8fd77ad0e5b1d119f4ba91e683ed5014dfe768bc65bca9,-25.9639606,29.3868656
1414,1415,G0283__S05__seed_0139,G0283,pictureX_0611_C_shaped_sofa_side_table,5,picture_backed,0611,seed_0139,139,#98b818,/mnt/zsn/lyb/arti-skill/exp/uniform531_n5_studio_256_v1/G0283__S05__seed_0139__pictureX_0611_C_shaped_sofa_side_table.png,77422,37bfab507ce863d98ab29e9cda911cbaa180abfb681942e71a549b4e793d6163,-26.8090725,30.181385
1415,1416,G0284__S01__seed_0261,G0284,pictureX_0611_Cabinet_with_doors,1,picture_backed,0611,seed_0261,261,#78b898,/mnt/zsn/lyb/arti-skill/exp/uniform531_n5_studio_256_v1/G0284__S01__seed_0261__pictureX_0611_Cabinet_with_doors.png,95299,53265e6c6aba4c6a2ab1b8c107f1785559d92d00897cc6a515ad89fba6dd2ad5,-46.2023087,-20.9649734
1416,1417,G0284__S02__seed_2052,G0284,pictureX_0611_Cabinet_with_doors,2,picture_backed,0611,seed_2052,2052,#78b898,/mnt/zsn/lyb/arti-skill/exp/uniform531_n5_studio_256_v1/G0284__S02__seed_2052__pictureX_0611_Cabinet_with_doors.png,80631,ac88be8769452aafd4e133c3c7b3bce04d58d2f4ebc130e248c10025e3c5cb85,-57.2012062,1.30955553
1417,1418,G0284__S03__seed_2614,G0284,pictureX_0611_Cabinet_with_doors,3,picture_backed,0611,seed_2614,2614,#78b898,/mnt/zsn/lyb/arti-skill/exp/uniform531_n5_studio_256_v1/G0284__S03__seed_2614__pictureX_0611_Cabinet_with_doors.png,79551,32e022837a324948507bb2c43e0d9d189aee556976ffa81067a263b345726514,-54.9886513,1.11752045
1418,1419,G0284__S04__seed_1928,G0284,pictureX_0611_Cabinet_with_doors,4,picture_backed,0611,seed_1928,1928,#78b898,/mnt/zsn/lyb/arti-skill/exp/uniform531_n5_studio_256_v1/G0284__S04__seed_1928__pictureX_0611_Cabinet_with_doors.png,88081,039d98dc73b1e69442d72bf5d0fcf8bea2f39b5e9c67dcfe20906a12a8f8cda0,-56.4806709,3.84985971
1419,1420,G0284__S05__seed_0534,G0284,pictureX_0611_Cabinet_with_doors,5,picture_backed,0611,seed_0534,534,#78b898,/mnt/zsn/lyb/arti-skill/exp/uniform531_n5_studio_256_v1/G0284__S05__seed_0534__pictureX_0611_Cabinet_with_doors.png,83930,91128f543b0d5038129b68ca9c39fb8fc9528b6a14fe062c08fa0c02a636a504,-59.4613113,3.8596077
1420,1421,G0285__S01__seed_0485,G0285,pictureX_0611_Cabinet_with_doors_and_drawers,1,picture_backed,0611,seed_0485,492,#e82828,/mnt/zsn/lyb/arti-skill/exp/uniform531_n5_studio_256_v1/G0285__S01__seed_0485__pictureX_0611_Cabinet_with_doors_and_drawers.png,82078,52e5496b5d5114be3a43738e4128fba789a159d9ded031d92334e1c4ffc2094a,-57.3297768,4.71687698
1421,1422,G0285__S02__seed_0883,G0285,pictureX_0611_Cabinet_with_doors_and_drawers,2,picture_backed,0611,seed_0883,891,#e82828,/mnt/zsn/lyb/arti-skill/exp/uniform531_n5_studio_256_v1/G0285__S02__seed_0883__pictureX_0611_Cabinet_with_doors_and_drawers.png,86832,0d2a18f19ced872c2953e988a3b7b17ab7c0e06412de65407b23ed31e1ddcf84,-57.9116096,7.58889389
1422,1423,G0285__S03__seed_1170,G0285,pictureX_0611_Cabinet_with_doors_and_drawers,3,picture_backed,0611,seed_1170,1178,#e82828,/mnt/zsn/lyb/arti-skill/exp/uniform531_n5_studio_256_v1/G0285__S03__seed_1170__pictureX_0611_Cabinet_with_doors_and_drawers.png,91363,bba31e3ef4b25e925e29b8689693bd28c88f2f160b7cacc5c9d5afafb2bb7efb,-57.0788231,6.5267663
1423,1424,G0285__S04__seed_1192,G0285,pictureX_0611_Cabinet_with_doors_and_drawers,4,picture_backed,0611,seed_1192,1200,#e82828,/mnt/zsn/lyb/arti-skill/exp/uniform531_n5_studio_256_v1/G0285__S04__seed_1192__pictureX_0611_Cabinet_with_doors_and_drawers.png,95022,1be5a89710c77c9756a3b61c12eb8bb81e29d44b9ae62a7f722b3a1aeace09e7,-57.1487389,7.09883308
1424,1425,G0285__S05__seed_0784,G0285,pictureX_0611_Cabinet_with_doors_and_drawers,5,picture_backed,0611,seed_0784,791,#e82828,/mnt/zsn/lyb/arti-skill/exp/uniform531_n5_studio_256_v1/G0285__S05__seed_0784__pictureX_0611_Cabinet_with_doors_and_drawers.png,91228,d5f33085c497d6b2edc7f3d148b7498126ca751ea026f035c6be5f66b7799bc1,-57.3126717,7.68897533
1425,1426,G0286__S01__seed_0174,G0286,pictureX_0611_Cabinet_with_drawers,1,picture_backed,0611,seed_0174,189,#a8c858,/mnt/zsn/lyb/arti-skill/exp/uniform531_n5_studio_256_v1/G0286__S01__seed_0174__pictureX_0611_Cabinet_with_drawers.png,89656,a734a92e50cc768eeaf62c55207782f3449d72c00c9562e8f6f19b2ae2ece414,-59.064518,7.76302195
1426,1427,G0286__S02__seed_0739,G0286,pictureX_0611_Cabinet_with_drawers,2,picture_backed,0611,seed_0739,805,#a8c858,/mnt/zsn/lyb/arti-skill/exp/uniform531_n5_studio_256_v1/G0286__S02__seed_0739__pictureX_0611_Cabinet_with_drawers.png,80747,03848f341961964afec1d174f0e2c4c3dfaed243e89265e47e00d91fc69b4e7d,-58.2992287,6.37935352
1427,1428,G0286__S03__seed_1257,G0286,pictureX_0611_Cabinet_with_drawers,3,picture_backed,0611,seed_1257,1361,#a8c858,/mnt/zsn/lyb/arti-skill/exp/uniform531_n5_studio_256_v1/G0286__S03__seed_1257__pictureX_0611_Cabinet_with_drawers.png,92258,5daf37343b02d1924e6d441d44aa1f0cdad756f581e57be1a880c46e19a1eef9,-59.662323,8.87071419
1428,1429,G0286__S04__seed_0064,G0286,pictureX_0611_Cabinet_with_drawers,4,picture_backed,0611,seed_0064,68,#a8c858,/mnt/zsn/lyb/arti-skill/exp/uniform531_n5_studio_256_v1/G0286__S04__seed_0064__pictureX_0611_Cabinet_with_drawers.png,83153,4feb1ae03b3cae6fdc1eeaead5099bc68bd151842b62dce10c1c803598c0a294,-59.2213058,6.96815252
1429,1430,G0286__S05__seed_0166,G0286,pictureX_0611_Cabinet_with_drawers,5,picture_backed,0611,seed_0166,180,#a8c858,/mnt/zsn/lyb/arti-skill/exp/uniform531_n5_studio_256_v1/G0286__S05__seed_0166__pictureX_0611_Cabinet_with_drawers.png,87675,c2947023d55148d8d58ebd671baa6c552709c959296bfeceb176a56fbd1fde30,-59.4506607,7.59530306
1430,1431,G0287__S01__seed_0045,G0287,pictureX_0611_Cabinet_with_glass_lift_up_vitrine,1,picture_backed,0611,seed_0045,45,#9898b8,/mnt/zsn/lyb/arti-skill/exp/uniform531_n5_studio_256_v1/G0287__S01__seed_0045__pictureX_0611_Cabinet_with_glass_lift_up_vitrine.png,81901,3ac1bca7b993674486c2e42277480fb6c6eddb8fccfa266268da5d0a15845d78,-48.9822197,9.65989399
1431,1432,G0287__S02__seed_0052,G0287,pictureX_0611_Cabinet_with_glass_lift_up_vitrine,2,picture_backed,0611,seed_0052,52,#9898b8,/mnt/zsn/lyb/arti-skill/exp/uniform531_n5_studio_256_v1/G0287__S02__seed_0052__pictureX_0611_Cabinet_with_glass_lift_up_vitrine.png,90195,24547295a9356b45802f7e63faf8aa34df130ae783363d65120037389b7a5757,-40.34832,-24.6403599
1432,1433,G0287__S03__seed_0095,G0287,pictureX_0611_Cabinet_with_glass_lift_up_vitrine,3,picture_backed,0611,seed_0095,95,#9898b8,/mnt/zsn/lyb/arti-skill/exp/uniform531_n5_studio_256_v1/G0287__S03__seed_0095__pictureX_0611_Cabinet_with_glass_lift_up_vitrine.png,80767,42d6a5ac11659a52e593f34ab5ddbe053c93a4dc711cd13f02f0e6e4a8ca799b,-38.3330688,-27.9295311
1433,1434,G0287__S04__seed_0233,G0287,pictureX_0611_Cabinet_with_glass_lift_up_vitrine,4,picture_backed,0611,seed_0233,233,#9898b8,/mnt/zsn/lyb/arti-skill/exp/uniform531_n5_studio_256_v1/G0287__S04__seed_0233__pictureX_0611_Cabinet_with_glass_lift_up_vitrine.png,77060,0bee5590c95ff3d671f133a0072c376bc5b012ebba9c5b1c748d40cb3faa9cbe,-38.4114761,-27.9166145
1434,1435,G0287__S05__seed_0024,G0287,pictureX_0611_Cabinet_with_glass_lift_up_vitrine,5,picture_backed,0611,seed_0024,24,#9898b8,/mnt/zsn/lyb/arti-skill/exp/uniform531_n5_studio_256_v1/G0287__S05__seed_0024__pictureX_0611_Cabinet_with_glass_lift_up_vitrine.png,74241,216c27f641bfd51acc4c792bd8fdecf388aa12144810c43a8bdd8f8d93284744,-61.0659142,-1.08029521
1435,1436,G0288__S01__seed_0109,G0288,pictureX_0611_car_scissor_jack_with_screw_mechanism,1,picture_backed,0611,seed_0109,109,#185838,/mnt/zsn/lyb/arti-skill/exp/uniform531_n5_studio_256_v1/G0288__S01__seed_0109__pictureX_0611_car_scissor_jack_with_screw_mechanism.png,92889,be0c233a554ff3be1172bccb9dde349b536ddbf5e4d701cad306aca308f2007a,3.93295312,29.25387
1436,1437,G0288__S02__seed_0054,G0288,pictureX_0611_car_scissor_jack_with_screw_mechanism,2,picture_backed,0611,seed_0054,54,#185838,/mnt/zsn/lyb/arti-skill/exp/uniform531_n5_studio_256_v1/G0288__S02__seed_0054__pictureX_0611_car_scissor_jack_with_screw_mechanism.png,98610,c9e13f3996512b383f9ae4511b4d2ff31a549f1aff3bc0462badb1069a130a69,4.60411978,29.2191982
1437,1438,G0288__S03__seed_0011,G0288,pictureX_0611_car_scissor_jack_with_screw_mechanism,3,picture_backed,0611,seed_0011,11,#185838,/mnt/zsn/lyb/arti-skill/exp/uniform531_n5_studio_256_v1/G0288__S03__seed_0011__pictureX_0611_car_scissor_jack_with_screw_mechanism.png,91216,3f6fa0f6423962297ee8a51f3a7f001a436f1f44df1c911cc0836a92fa8877b4,4.19782543,29.387537
1438,1439,G0288__S04__seed_0020,G0288,pictureX_0611_car_scissor_jack_with_screw_mechanism,4,picture_backed,0611,seed_0020,20,#185838,/mnt/zsn/lyb/arti-skill/exp/uniform531_n5_studio_256_v1/G0288__S04__seed_0020__pictureX_0611_car_scissor_jack_with_screw_mechanism.png,86663,90b124d2925fe1703c7677e408b88d41344dcd0c222e08d78873dedf3293f21c,4.0666666,29.3939705
1439,1440,G0288__S05__seed_0003,G0288,pictureX_0611_car_scissor_jack_with_screw_mechanism,5,picture_backed,0611,seed_0003,3,#185838,/mnt/zsn/lyb/arti-skill/exp/uniform531_n5_studio_256_v1/G0288__S05__seed_0003__pictureX_0611_car_scissor_jack_with_screw_mechanism.png,87679,7d376e127e698236a152741bdb412f2902ca1bad2d3a03591c94bf7cbcf03396,3.6807158,29.2294502
1440,1441,G0289__S01__seed_0013,G0289,pictureX_0611_centrifuge_machine1,1,picture_backed,0611,seed_0013,13,#3828c8,/mnt/zsn/lyb/arti-skill/exp/uniform531_n5_studio_256_v1/G0289__S01__seed_0013__pictureX_0611_centrifuge_machine1.png,73865,107615e72f9f1211bd33a531b8991f1a1e753de02aa828d12e280bdf671c3d10,-12.9803667,-13.3406868
1441,1442,G0289__S02__seed_0080,G0289,pictureX_0611_centrifuge_machine1,2,picture_backed,0611,seed_0080,80,#3828c8,/mnt/zsn/lyb/arti-skill/exp/uniform531_n5_studio_256_v1/G0289__S02__seed_0080__pictureX_0611_centrifuge_machine1.png,77464,949870e68ee130107a123829230a3214cc87dc858a79b3b9076781610f3eb162,-12.5423565,-13.8870363
1442,1443,G0289__S03__seed_0033,G0289,pictureX_0611_centrifuge_machine1,3,picture_backed,0611,seed_0033,33,#3828c8,/mnt/zsn/lyb/arti-skill/exp/uniform531_n5_studio_256_v1/G0289__S03__seed_0033__pictureX_0611_centrifuge_machine1.png,77174,d5495fe0a0b5d123ec3df20edca6e1fd89682abd724a44553b71974e7d518a00,-12.2424402,-13.6847429
1443,1444,G0289__S04__seed_0069,G0289,pictureX_0611_centrifuge_machine1,4,picture_backed,0611,seed_0069,69,#3828c8,/mnt/zsn/lyb/arti-skill/exp/uniform531_n5_studio_256_v1/G0289__S04__seed_0069__pictureX_0611_centrifuge_machine1.png,74412,ca93f505ead450561fb5e4fdfad685c145f720f26c87d8046e5355490d756f23,-12.2461948,-12.7703495
1444,1445,G0289__S05__seed_0036,G0289,pictureX_0611_centrifuge_machine1,5,picture_backed,0611,seed_0036,36,#3828c8,/mnt/zsn/lyb/arti-skill/exp/uniform531_n5_studio_256_v1/G0289__S05__seed_0036__pictureX_0611_centrifuge_machine1.png,76368,75986d7874cafc3babd99ab639fed1586e0787b6b2ef0321075ec4efe06ea25f,-2.74981761,-24.3120079
1445,1446,G0290__S01__seed_0068,G0290,pictureX_0611_centrifuge_machine2,1,picture_backed,0611,seed_0068,78,#88c888,/mnt/zsn/lyb/arti-skill/exp/uniform531_n5_studio_256_v1/G0290__S01__seed_0068__pictureX_0611_centrifuge_machine2.png,79106,b5516b38193b51a864877f11fc512481118cb06efc046a17b9276ef90be1f362,34.5165672,-13.0553303
1446,1447,G0290__S02__seed_0060,G0290,pictureX_0611_centrifuge_machine2,2,picture_backed,0611,seed_0060,69,#88c888,/mnt/zsn/lyb/arti-skill/exp/uniform531_n5_studio_256_v1/G0290__S02__seed_0060__pictureX_0611_centrifuge_machine2.png,77458,800c82ca4637d1fbf24e5b16d332396c2eee03d59568857a1168607265f5da11,34.5254478,-13.4279947
1447,1448,G0290__S03__seed_0008,G0290,pictureX_0611_centrifuge_machine2,3,picture_backed,0611,seed_0008,10,#88c888,/mnt/zsn/lyb/arti-skill/exp/uniform531_n5_studio_256_v1/G0290__S03__seed_0008__pictureX_0611_centrifuge_machine2.png,77095,6c82af34f7d50c986b09e073fbcf37d756be70f5af4c254c64ec36811d945dc9,34.1681213,-13.2776604
1448,1449,G0290__S04__seed_0067,G0290,pictureX_0611_centrifuge_machine2,4,picture_backed,0611,seed_0067,77,#88c888,/mnt/zsn/lyb/arti-skill/exp/uniform531_n5_studio_256_v1/G0290__S04__seed_0067__pictureX_0611_centrifuge_machine2.png,77152,ea92074db2692a9ff04fa54eb1d48613d424219692e05ff7d73842f85164a8e3,34.2639542,-13.4897985
1449,1450,G0290__S05__seed_0050,G0290,pictureX_0611_centrifuge_machine2,5,picture_backed,0611,seed_0050,58,#88c888,/mnt/zsn/lyb/arti-skill/exp/uniform531_n5_studio_256_v1/G0290__S05__seed_0050__pictureX_0611_centrifuge_machine2.png,77346,206642f224cfa6a7cd47f2aa31bb0651ccc009196ef45fac7205e79ee144bd63,33.7073441,-12.7461739
1450,1451,G0291__S01__seed_0005,G0291,pictureX_0611_Chain_separator,1,picture_backed,0611,seed_0005,5,#18a848,/mnt/zsn/lyb/arti-skill/exp/uniform531_n5_studio_256_v1/G0291__S01__seed_0005__pictureX_0611_Chain_separator.png,77301,d1c3a5748306e2db1409c712c97d6c64ff266ce24f3f85ccf6a6dcc029f06c1d,20.2984848,11.4408054
1451,1452,G0291__S02__seed_0003,G0291,pictureX_0611_Chain_separator,2,picture_backed,0611,seed_0003,3,#18a848,/mnt/zsn/lyb/arti-skill/exp/uniform531_n5_studio_256_v1/G0291__S02__seed_0003__pictureX_0611_Chain_separator.png,75037,b346d4dbdd925e506c889cc3d2aec23e4fb0a6e2ea44f89db1fc077d650a8527,23.9944077,10.4080038
1452,1453,G0291__S03__seed_0034,G0291,pictureX_0611_Chain_separator,3,picture_backed,0611,seed_0034,34,#18a848,/mnt/zsn/lyb/arti-skill/exp/uniform531_n5_studio_256_v1/G0291__S03__seed_0034__pictureX_0611_Chain_separator.png,81157,26a1a1a854a0cdf12c429582936c05c78a581f9ccfcfc436dd06658b2d4e209b,20.2826405,11.9300814
1453,1454,G0291__S04__seed_0017,G0291,pictureX_0611_Chain_separator,4,picture_backed,0611,seed_0017,17,#18a848,/mnt/zsn/lyb/arti-skill/exp/uniform531_n5_studio_256_v1/G0291__S04__seed_0017__pictureX_0611_Chain_separator.png,74880,c43b0120b57a34e8551535ad373109e3ec34864927e6729c4e657664ee8b27ff,24.1702805,10.4387789
1454,1455,G0291__S05__seed_0050,G0291,pictureX_0611_Chain_separator,5,picture_backed,0611,seed_0050,50,#18a848,/mnt/zsn/lyb/arti-skill/exp/uniform531_n5_studio_256_v1/G0291__S05__seed_0050__pictureX_0611_Chain_separator.png,79837,224f66c5356339bc6987273331d3fab17141780812b149c9f48ce34f35c39d29,23.6021576,10.6473341
1455,1456,G0292__S01__seed_0024,G0292,pictureX_0611_compass,1,picture_backed,0611,seed_0024,24,#c85818,/mnt/zsn/lyb/arti-skill/exp/uniform531_n5_studio_256_v1/G0292__S01__seed_0024__pictureX_0611_compass.png,82988,b8c63403023242f2628137155b6994ba9ffbbcabd0805bd43889b27b2172e1b8,-8.58858109,-16.3381443
1456,1457,G0292__S02__seed_0007,G0292,pictureX_0611_compass,2,picture_backed,0611,seed_0007,7,#c85818,/mnt/zsn/lyb/arti-skill/exp/uniform531_n5_studio_256_v1/G0292__S02__seed_0007__pictureX_0611_compass.png,80413,9953ae6ac0c85809c2804dce085baae9749bb92c8764d9119ca4bd63f49679fa,-8.0359087,-16.6772137
1457,1458,G0292__S03__seed_0015,G0292,pictureX_0611_compass,3,picture_backed,0611,seed_0015,15,#c85818,/mnt/zsn/lyb/arti-skill/exp/uniform531_n5_studio_256_v1/G0292__S03__seed_0015__pictureX_0611_compass.png,79656,f891c0193af367080fdf8a1edbe1186d49cec6bd9479eca33b13ee839d5bb456,-7.86234236,-16.595211
1458,1459,G0292__S04__seed_0053,G0292,pictureX_0611_compass,4,picture_backed,0611,seed_0053,53,#c85818,/mnt/zsn/lyb/arti-skill/exp/uniform531_n5_studio_256_v1/G0292__S04__seed_0053__pictureX_0611_compass.png,77525,0de85f1abd76c18e56bc0b3ec7d659948555deaf1f0ad0015d2d384ae9c9f773,-7.4702177,-16.6386909
1459,1460,G0292__S05__seed_0026,G0292,pictureX_0611_compass,5,picture_backed,0611,seed_0026,26,#c85818,/mnt/zsn/lyb/arti-skill/exp/uniform531_n5_studio_256_v1/G0292__S05__seed_0026__pictureX_0611_compass.png,82213,25e7fe93a6f02acf6a39ca8b19340c01a8ae043b64d359f7d995e11c58957841,-8.50500298,-16.3578625
1460,1461,G0293__S01__seed_0587,G0293,pictureX_0611_crimping_tool,1,picture_backed,0611,seed_0587,587,#482868,/mnt/zsn/lyb/arti-skill/exp/uniform531_n5_studio_256_v1/G0293__S01__seed_0587__pictureX_0611_crimping_tool.png,72245,cb3489824e96f51c0f41db9b65488675699d68690b365bc7fc8903400462ff8d,59.6817398,22.74403
1461,1462,G0293__S02__seed_0627,G0293,pictureX_0611_crimping_tool,2,picture_backed,0611,seed_0627,627,#482868,/mnt/zsn/lyb/arti-skill/exp/uniform531_n5_studio_256_v1/G0293__S02__seed_0627__pictureX_0611_crimping_tool.png,75007,425eb8b351cfd4dbab9e6a3be59bb87d8740447556c5cfb4d5ce2bfb84bb74d5,63.3503685,26.235199
1462,1463,G0293__S03__seed_0113,G0293,pictureX_0611_crimping_tool,3,picture_backed,0611,seed_0113,113,#482868,/mnt/zsn/lyb/arti-skill/exp/uniform531_n5_studio_256_v1/G0293__S03__seed_0113__pictureX_0611_crimping_tool.png,73324,1d2867c8ccd371cce9c4d829c77b7c8089f307941d835189fc0f0878a60be15a,60.351738,23.3127327
1463,1464,G0293__S04__seed_0905,G0293,pictureX_0611_crimping_tool,4,picture_backed,0611,seed_0905,905,#482868,/mnt/zsn/lyb/arti-skill/exp/uniform531_n5_studio_256_v1/G0293__S04__seed_0905__pictureX_0611_crimping_tool.png,73767,0c8f601ae405dfaa52fb0e9516e270771c0694c2e3b01a276479bd5661bb72e2,59.9836426,24.7524776
1464,1465,G0293__S05__seed_0289,G0293,pictureX_0611_crimping_tool,5,picture_backed,0611,seed_0289,289,#482868,/mnt/zsn/lyb/arti-skill/exp/uniform531_n5_studio_256_v1/G0293__S05__seed_0289__pictureX_0611_crimping_tool.png,72444,30ecaf43ed309e537d2f21d67c002dfa92b2277aacf249052acd2f15198ae00c,59.8268929,24.7929497
1465,1466,G0294__S01__seed_0127,G0294,pictureX_0611_Desk_with_drawers_no_door,1,picture_backed,0611,seed_0127,130,#98a8e8,/mnt/zsn/lyb/arti-skill/exp/uniform531_n5_studio_256_v1/G0294__S01__seed_0127__pictureX_0611_Desk_with_drawers_no_door.png,79024,b4d8b0fc0e5352e30c97a7f3ce5f850f22780184b123907e0456abf7d030b120,-51.3668518,21.6484756
1466,1467,G0294__S02__seed_0403,G0294,pictureX_0611_Desk_with_drawers_no_door,2,picture_backed,0611,seed_0403,415,#98a8e8,/mnt/zsn/lyb/arti-skill/exp/uniform531_n5_studio_256_v1/G0294__S02__seed_0403__pictureX_0611_Desk_with_drawers_no_door.png,82709,6481e1567005114c533b4b0af205a4394b5e2571c3f134802c18ac9283444b38,-52.1458206,21.4624081
1467,1468,G0294__S03__seed_0600,G0294,pictureX_0611_Desk_with_drawers_no_door,3,picture_backed,0611,seed_0600,624,#98a8e8,/mnt/zsn/lyb/arti-skill/exp/uniform531_n5_studio_256_v1/G0294__S03__seed_0600__pictureX_0611_Desk_with_drawers_no_door.png,84835,3882078c31c8c36bd03cddde2ca0e5752718ada318f093fa4ed0560dd5414da5,-51.7020531,21.6153355
1468,1469,G0294__S04__seed_0170,G0294,pictureX_0611_Desk_with_drawers_no_door,4,picture_backed,0611,seed_0170,174,#98a8e8,/mnt/zsn/lyb/arti-skill/exp/uniform531_n5_studio_256_v1/G0294__S04__seed_0170__pictureX_0611_Desk_with_drawers_no_door.png,78516,55d6d4d585c422778abc5694c78c516a6993df7b438baf231502caa7e63f81c3,-52.3485909,20.9647865
1469,1470,G0294__S05__seed_0143,G0294,pictureX_0611_Desk_with_drawers_no_door,5,picture_backed,0611,seed_0143,146,#98a8e8,/mnt/zsn/lyb/arti-skill/exp/uniform531_n5_studio_256_v1/G0294__S05__seed_0143__pictureX_0611_Desk_with_drawers_no_door.png,80684,8ba2a49ba993718f6b1e1d4fc955a446e74d3ef4c625fee8188e21ce1c803f0b,-46.6655235,21.8644524
1470,1471,G0295__S01__seed_0271,G0295,pictureX_0611_drafting_table_with_adjustable_tilt_surface,1,picture_backed,0611,seed_0271,271,#1848a8,/mnt/zsn/lyb/arti-skill/exp/uniform531_n5_studio_256_v1/G0295__S01__seed_0271__pictureX_0611_drafting_table_with_adjustable_tilt_surface.png,85289,91a612b50471e38bd4b07f89414d5676c48c788612e39ae7b1b67c61f35acf51,-40.8860817,31.6864204
1471,1472,G0295__S02__seed_0116,G0295,pictureX_0611_drafting_table_with_adjustable_tilt_surface,2,picture_backed,0611,seed_0116,116,#1848a8,/mnt/zsn/lyb/arti-skill/exp/uniform531_n5_studio_256_v1/G0295__S02__seed_0116__pictureX_0611_drafting_table_with_adjustable_tilt_surface.png,83421,656455a562a0e7dce73f7166d71639e1bc3c2177d7498d1652c2e4a01eca0191,-40.9172554,30.816782
1472,1473,G0295__S03__seed_0227,G0295,pictureX_0611_drafting_table_with_adjustable_tilt_surface,3,picture_backed,0611,seed_0227,227,#1848a8,/mnt/zsn/lyb/arti-skill/exp/uniform531_n5_studio_256_v1/G0295__S03__seed_0227__pictureX_0611_drafting_table_with_adjustable_tilt_surface.png,88470,079a3e37758f72d4d1beb472ea3dd47afbcceb8929849d955c9e72bc60cf6a37,-40.6460457,31.6464214
1473,1474,G0295__S04__seed_0283,G0295,pictureX_0611_drafting_table_with_adjustable_tilt_surface,4,picture_backed,0611,seed_0283,283,#1848a8,/mnt/zsn/lyb/arti-skill/exp/uniform531_n5_studio_256_v1/G0295__S04__seed_0283__pictureX_0611_drafting_table_with_adjustable_tilt_surface.png,81110,c0843b2cabbd583937bfbb7a64ffdf26d8956c27e40e1f80b9fee8574059eced,-41.0757065,31.0171223
1474,1475,G0295__S05__seed_0346,G0295,pictureX_0611_drafting_table_with_adjustable_tilt_surface,5,picture_backed,0611,seed_0346,346,#1848a8,/mnt/zsn/lyb/arti-skill/exp/uniform531_n5_studio_256_v1/G0295__S05__seed_0346__pictureX_0611_drafting_table_with_adjustable_tilt_surface.png,85269,febaefd2fba18037213aed3f2593a73d12ba1a1dcc50c4df3571acba2d45b564,-40.8715935,31.7097206
1475,1476,G0296__S01__seed_0831,G0296,pictureX_0611_drawing_compass_with_adjustable_legs,1,picture_backed,0611,seed_0831,831,#c88848,/mnt/zsn/lyb/arti-skill/exp/uniform531_n5_studio_256_v1/G0296__S01__seed_0831__pictureX_0611_drawing_compass_with_adjustable_legs.png,73849,fbbcd65a9aead1b7f5a080984386e456dcfb406e9809b1bc1e0a608c2ff926dc,65.3895187,3.89352894
1476,1477,G0296__S02__seed_1279,G0296,pictureX_0611_drawing_compass_with_adjustable_legs,2,picture_backed,0611,seed_1279,1279,#c88848,/mnt/zsn/lyb/arti-skill/exp/uniform531_n5_studio_256_v1/G0296__S02__seed_1279__pictureX_0611_drawing_compass_with_adjustable_legs.png,73428,51a5ad14aeed232ef784a0bbc52c2fe0b10a0ac5f6826f3deed69efbff0ee37b,65.5193863,4.77688646
1477,1478,G0296__S03__seed_2613,G0296,pictureX_0611_drawing_compass_with_adjustable_legs,3,picture_backed,0611,seed_2613,2613,#c88848,/mnt/zsn/lyb/arti-skill/exp/uniform531_n5_studio_256_v1/G0296__S03__seed_2613__pictureX_0611_drawing_compass_with_adjustable_legs.png,72151,35079751e17eb1e1886e8f05956702fc6014ff54e295d849e0ed277d8025e310,65.0999756,3.64892864
1478,1479,G0296__S04__seed_2821,G0296,pictureX_0611_drawing_compass_with_adjustable_legs,4,picture_backed,0611,seed_2821,2821,#c88848,/mnt/zsn/lyb/arti-skill/exp/uniform531_n5_studio_256_v1/G0296__S04__seed_2821__pictureX_0611_drawing_compass_with_adjustable_legs.png,73022,353812ee7bcd8f2b8466d2f2bb937e7e922c7334434f728b0c129232b44afb27,65.4850845,4.65506315
1479,1480,G0296__S05__seed_0529,G0296,pictureX_0611_drawing_compass_with_adjustable_legs,5,picture_backed,0611,seed_0529,529,#c88848,/mnt/zsn/lyb/arti-skill/exp/uniform531_n5_studio_256_v1/G0296__S05__seed_0529__pictureX_0611_drawing_compass_with_adjustable_legs.png,71227,185ed58fb55ef37dadd401617f4b68da6556bdfab178d7c011d739b728418e46,65.4988556,5.02474642
1480,1481,G0297__S01__seed_0048,G0297,pictureX_0611_Dressing_table,1,picture_backed,0611,seed_0048,48,#b83888,/mnt/zsn/lyb/arti-skill/exp/uniform531_n5_studio_256_v1/G0297__S01__seed_0048__pictureX_0611_Dressing_table.png,82744,cb227ddac118a6b4a610f1bf8a175e0ae507afe2d5613ab6d56c0697e690dfd0,-49.5453072,16.6630478
1481,1482,G0297__S02__seed_0084,G0297,pictureX_0611_Dressing_table,2,picture_backed,0611,seed_0084,84,#b83888,/mnt/zsn/lyb/arti-skill/exp/uniform531_n5_studio_256_v1/G0297__S02__seed_0084__pictureX_0611_Dressing_table.png,86219,fa6709bcb6eb63ffa15eb2a8681ecfe7f7add151d7d4490d14cf61e095e6a383,-49.5529289,16.3246937
1482,1483,G0297__S03__seed_0041,G0297,pictureX_0611_Dressing_table,3,picture_backed,0611,seed_0041,41,#b83888,/mnt/zsn/lyb/arti-skill/exp/uniform531_n5_studio_256_v1/G0297__S03__seed_0041__pictureX_0611_Dressing_table.png,81927,cd04965f5c5dfa98c7012297115b6e445e21a68e8a79da6e213da7f95cb90319,-49.6368446,15.7769451
1483,1484,G0297__S04__seed_0086,G0297,pictureX_0611_Dressing_table,4,picture_backed,0611,seed_0086,86,#b83888,/mnt/zsn/lyb/arti-skill/exp/uniform531_n5_studio_256_v1/G0297__S04__seed_0086__pictureX_0611_Dressing_table.png,82890,8b8d5d403a6eaf5acfa859d46715cd60f2046731f8992625adf36c031929a522,-49.6218834,17.1936588
1484,1485,G0297__S05__seed_0042,G0297,pictureX_0611_Dressing_table,5,picture_backed,0611,seed_0042,42,#b83888,/mnt/zsn/lyb/arti-skill/exp/uniform531_n5_studio_256_v1/G0297__S05__seed_0042__pictureX_0611_Dressing_table.png,83643,aafd8e2cc0b15dc985acbda877bffe7adedac5130ab053c4641e79094a15ae27,-48.8818779,16.4464645
1485,1486,G0298__S01__seed_0141,G0298,pictureX_0611_drum_pedal_with_beater_and_spring_return,1,picture_backed,0611,seed_0141,141,#a85818,/mnt/zsn/lyb/arti-skill/exp/uniform531_n5_studio_256_v1/G0298__S01__seed_0141__pictureX_0611_drum_pedal_with_beater_and_spring_return.png,80275,352d178e2d22983bc3d50e55a5a1c1bf27d637b6bf8d2127f53873802fb9219e,13.361557,24.3575153
1486,1487,G0298__S02__seed_0593,G0298,pictureX_0611_drum_pedal_with_beater_and_spring_return,2,picture_backed,0611,seed_0593,593,#a85818,/mnt/zsn/lyb/arti-skill/exp/uniform531_n5_studio_256_v1/G0298__S02__seed_0593__pictureX_0611_drum_pedal_with_beater_and_spring_return.png,80471,891b747107e64f22fe14032eea7e999c3aa20af849ebf42cb8a0b2be6901f9a2,12.663023,24.5694923
1487,1488,G0298__S03__seed_0440,G0298,pictureX_0611_drum_pedal_with_beater_and_spring_return,3,picture_backed,0611,seed_0440,440,#a85818,/mnt/zsn/lyb/arti-skill/exp/uniform531_n5_studio_256_v1/G0298__S03__seed_0440__pictureX_0611_drum_pedal_with_beater_and_spring_return.png,80078,01e3c6f1f6f710bcf8501cfa3cb4cc56527f1e7996e2382becc879b702f99556,12.7442636,24.6666451
1488,1489,G0298__S04__seed_0397,G0298,pictureX_0611_drum_pedal_with_beater_and_spring_return,4,picture_backed,0611,seed_0397,397,#a85818,/mnt/zsn/lyb/arti-skill/exp/uniform531_n5_studio_256_v1/G0298__S04__seed_0397__pictureX_0611_drum_pedal_with_beater_and_spring_return.png,80116,d1745c23274e2c56599f05aa9991863598e0d70ed1f1e375e3bf0edbda106e87,12.4752588,24.5097504
1489,1490,G0298__S05__seed_0300,G0298,pictureX_0611_drum_pedal_with_beater_and_spring_return,5,picture_backed,0611,seed_0300,300,#a85818,/mnt/zsn/lyb/arti-skill/exp/uniform531_n5_studio_256_v1/G0298__S05__seed_0300__pictureX_0611_drum_pedal_with_beater_and_spring_return.png,80244,c28194aabdce08c6f6bdd2a968ca2ad5b77c3622b70406635a1a94f9cf6c282a,13.0069551,24.9789257
1490,1491,G0299__S01__seed_0093,G0299,pictureX_0611_elevator_button_panel,1,picture_backed,0611,seed_0093,96,#a838a8,/mnt/zsn/lyb/arti-skill/exp/uniform531_n5_studio_256_v1/G0299__S01__seed_0093__pictureX_0611_elevator_button_panel.png,78831,ae7195ba78947554cd9dabe6cd318534b202501b26b65a6e184e5c9c594b07b6,-27.0024376,-20.824234
1491,1492,G0299__S02__seed_0343,G0299,pictureX_0611_elevator_button_panel,2,picture_backed,0611,seed_0343,361,#a838a8,/mnt/zsn/lyb/arti-skill/exp/uniform531_n5_studio_256_v1/G0299__S02__seed_0343__pictureX_0611_elevator_button_panel.png,85772,3e283135f16783af21908845f54251dc490fd89f84a26b523e790c7ffe841030,-25.4225063,-20.0380878
1492,1493,G0299__S03__seed_0524,G0299,pictureX_0611_elevator_button_panel,3,picture_backed,0611,seed_0524,550,#a838a8,/mnt/zsn/lyb/arti-skill/exp/uniform531_n5_studio_256_v1/G0299__S03__seed_0524__pictureX_0611_elevator_button_panel.png,82846,ebbcd261a89b1d6c90c91d9a303becc7a419fd7cc82c1051b0b6286b51f7b990,-25.1569805,-19.9706306
1493,1494,G0299__S04__seed_0153,G0299,pictureX_0611_elevator_button_panel,4,picture_backed,0611,seed_0153,161,#a838a8,/mnt/zsn/lyb/arti-skill/exp/uniform531_n5_studio_256_v1/G0299__S04__seed_0153__pictureX_0611_elevator_button_panel.png,81981,41c3a1ee799fd6199b91352f92f1bd8862b5c1a131ddff61da9783130d80f477,-25.2693329,-20.0343704
1494,1495,G0299__S05__seed_0623,G0299,pictureX_0611_elevator_button_panel,5,picture_backed,0611,seed_0623,660,#a838a8,/mnt/zsn/lyb/arti-skill/exp/uniform531_n5_studio_256_v1/G0299__S05__seed_0623__pictureX_0611_elevator_button_panel.png,82765,e431acf9894176cf8c7221b0e4ed6347c89b2a6681ea5b3ef44e042209a8ef03,-26.8337841,-20.7111607
1495,1496,G0300__S01__seed_0015,G0300,pictureX_0611_ergonomic_clamp_with_adjustable,1,picture_backed,0611,seed_0015,15,#c89878,/mnt/zsn/lyb/arti-skill/exp/uniform531_n5_studio_256_v1/G0300__S01__seed_0015__pictureX_0611_ergonomic_clamp_with_adjustable.png,78854,5e3da214744bc4c2e881827afd0413404f107a5ca622ce79c1e2aaf0ddd6911c,17.1952724,32.6472359
1496,1497,G0300__S02__seed_0042,G0300,pictureX_0611_ergonomic_clamp_with_adjustable,2,picture_backed,0611,seed_0042,42,#c89878,/mnt/zsn/lyb/arti-skill/exp/uniform531_n5_studio_256_v1/G0300__S02__seed_0042__pictureX_0611_ergonomic_clamp_with_adjustable.png,78790,53d8deb6d855082651026b3f2bfe7f53946bdd7f4d9c826cea623cae01443778,17.0242043,32.0188141
1497,1498,G0300__S03__seed_0076,G0300,pictureX_0611_ergonomic_clamp_with_adjustable,3,picture_backed,0611,seed_0076,76,#c89878,/mnt/zsn/lyb/arti-skill/exp/uniform531_n5_studio_256_v1/G0300__S03__seed_0076__pictureX_0611_ergonomic_clamp_with_adjustable.png,77924,7d0b617cccdc7073c8103f9f6d028fb442a99eb81a38a3b6aa0efba17407ae08,17.3864498,31.2605534
1498,1499,G0300__S04__seed_0048,G0300,pictureX_0611_ergonomic_clamp_with_adjustable,4,picture_backed,0611,seed_0048,48,#c89878,/mnt/zsn/lyb/arti-skill/exp/uniform531_n5_studio_256_v1/G0300__S04__seed_0048__pictureX_0611_ergonomic_clamp_with_adjustable.png,79967,476a63de58fa6d693ec6041817c6206c12026e485a6050dbea72cbf644f42e8f,17.0459347,31.8127632
1499,1500,G0300__S05__seed_0008,G0300,pictureX_0611_ergonomic_clamp_with_adjustable,5,picture_backed,0611,seed_0008,8,#c89878,/mnt/zsn/lyb/arti-skill/exp/uniform531_n5_studio_256_v1/G0300__S05__seed_0008__pictureX_0611_ergonomic_clamp_with_adjustable.png,78058,02e98c095becb3a209fa4ff0f7faecce0e3dc1a7747fe9013da24b99fe464270,17.2231274,31.8341751
1500,1501,G0301__S01__seed_0048,G0301,pictureX_0611_ergonomic_clamp_with_adjustable_components,1,picture_backed,0611,seed_0048,48,#588818,/mnt/zsn/lyb/arti-skill/exp/uniform531_n5_studio_256_v1/G0301__S01__seed_0048__pictureX_0611_ergonomic_clamp_with_adjustable_components.png,79485,468dcf5fecf89cf48ace05ea3ff6537c92ab28e1f57aefdbbb54421bda4f5291,16.6425362,30.7495537
1501,1502,G0301__S02__seed_0081,G0301,pictureX_0611_ergonomic_clamp_with_adjustable_components,2,picture_backed,0611,seed_0081,81,#588818,/mnt/zsn/lyb/arti-skill/exp/uniform531_n5_studio_256_v1/G0301__S02__seed_0081__pictureX_0611_ergonomic_clamp_with_adjustable_components.png,78248,ed95dd424a943d7be680ea9ff561adc3ddb81628abab2fb477bb20d745d956a6,14.9779301,30.260891
1502,1503,G0301__S03__seed_0023,G0301,pictureX_0611_ergonomic_clamp_with_adjustable_components,3,picture_backed,0611,seed_0023,23,#588818,/mnt/zsn/lyb/arti-skill/exp/uniform531_n5_studio_256_v1/G0301__S03__seed_0023__pictureX_0611_ergonomic_clamp_with_adjustable_components.png,79116,1f73380d3e10cb82c360aeb77af73a717498dcce7a0794cafd5e5a53fab2146d,14.6911087,30.6671982
1503,1504,G0301__S04__seed_0041,G0301,pictureX_0611_ergonomic_clamp_with_adjustable_components,4,picture_backed,0611,seed_0041,41,#588818,/mnt/zsn/lyb/arti-skill/exp/uniform531_n5_studio_256_v1/G0301__S04__seed_0041__pictureX_0611_ergonomic_clamp_with_adjustable_components.png,76593,6ff3cacc49a41f9968100ca09e347111c38ffadadc6e9e8608deafbb3e5c5893,14.7586203,30.316761
1504,1505,G0301__S05__seed_0053,G0301,pictureX_0611_ergonomic_clamp_with_adjustable_components,5,picture_backed,0611,seed_0053,53,#588818,/mnt/zsn/lyb/arti-skill/exp/uniform531_n5_studio_256_v1/G0301__S05__seed_0053__pictureX_0611_ergonomic_clamp_with_adjustable_components.png,78937,c5d978f0341f37277587c777e93c31cb99883ec60ae98017b3f1ae0a5b67777d,16.0660992,30.9790154
1505,1506,G0302__S01__seed_0004,G0302,pictureX_0611_flaring_tool_with_cone_and_clamp,1,picture_backed,0611,seed_0004,4,#a84898,/mnt/zsn/lyb/arti-skill/exp/uniform531_n5_studio_256_v1/G0302__S01__seed_0004__pictureX_0611_flaring_tool_with_cone_and_clamp.png,78321,24fc8fbd23b86faf319869a1291a3e804fff8afa288cb162d8f88e3c977b7d5d,20.3429146,8.93685627
1506,1507,G0302__S02__seed_0021,G0302,pictureX_0611_flaring_tool_with_cone_and_clamp,2,picture_backed,0611,seed_0021,21,#a84898,/mnt/zsn/lyb/arti-skill/exp/uniform531_n5_studio_256_v1/G0302__S02__seed_0021__pictureX_0611_flaring_tool_with_cone_and_clamp.png,81035,d34019e93dbc45bf388476daa25402ba5dd45d2ea97ebace1f3b733b639bf55c,20.7698727,9.63090515
1507,1508,G0302__S03__seed_0012,G0302,pictureX_0611_flaring_tool_with_cone_and_clamp,3,picture_backed,0611,seed_0012,12,#a84898,/mnt/zsn/lyb/arti-skill/exp/uniform531_n5_studio_256_v1/G0302__S03__seed_0012__pictureX_0611_flaring_tool_with_cone_and_clamp.png,77565,b4916ef004ebe7a674f1902149d4f055b53d9a8589cab138fe64d0780834e8e8,20.3382339,9.33058167
1508,1509,G0302__S04__seed_0005,G0302,pictureX_0611_flaring_tool_with_cone_and_clamp,4,picture_backed,0611,seed_0005,5,#a84898,/mnt/zsn/lyb/arti-skill/exp/uniform531_n5_studio_256_v1/G0302__S04__seed_0005__pictureX_0611_flaring_tool_with_cone_and_clamp.png,78136,1a8d81688e7d632d381d44ce14f8f452fd092434f51c5e36c058b787d4af819b,20.582304,9.46679783
1509,1510,G0302__S05__seed_0040,G0302,pictureX_0611_flaring_tool_with_cone_and_clamp,5,picture_backed,0611,seed_0040,40,#a84898,/mnt/zsn/lyb/arti-skill/exp/uniform531_n5_studio_256_v1/G0302__S05__seed_0040__pictureX_0611_flaring_tool_with_cone_and_clamp.png,79315,1caa8d13227977a20ebff0af3ed407c1622f73b7d49a557d59cdb9ce87ec6a81,19.7194786,9.36844063
1510,1511,G0303__S01__seed_0061,G0303,pictureX_0611_flexible_track_lighting_system,1,picture_backed,0611,seed_0061,61,#e85878,/mnt/zsn/lyb/arti-skill/exp/uniform531_n5_studio_256_v1/G0303__S01__seed_0061__pictureX_0611_flexible_track_lighting_system.png,79559,84d61f81c4df252525eb290ae51bd9995d0e79b3cb185e26214a9b62d4361f9f,34.0475311,26.4673538
1511,1512,G0303__S02__seed_0008,G0303,pictureX_0611_flexible_track_lighting_system,2,picture_backed,0611,seed_0008,8,#e85878,/mnt/zsn/lyb/arti-skill/exp/uniform531_n5_studio_256_v1/G0303__S02__seed_0008__pictureX_0611_flexible_track_lighting_system.png,70336,5d1988e58573b8831fbc82ca963bf39feb760116cce6ecf42f4c9e24f4dd68c3,34.6676254,24.1919518
1512,1513,G0303__S03__seed_0035,G0303,pictureX_0611_flexible_track_lighting_system,3,picture_backed,0611,seed_0035,35,#e85878,/mnt/zsn/lyb/arti-skill/exp/uniform531_n5_studio_256_v1/G0303__S03__seed_0035__pictureX_0611_flexible_track_lighting_system.png,77198,44d55e3d17bb69086d1183a2749a5e00d6e9c609b9a9003d0e6c37401c46e722,34.1459351,26.2492619
1513,1514,G0303__S04__seed_0018,G0303,pictureX_0611_flexible_track_lighting_system,4,picture_backed,0611,seed_0018,18,#e85878,/mnt/zsn/lyb/arti-skill/exp/uniform531_n5_studio_256_v1/G0303__S04__seed_0018__pictureX_0611_flexible_track_lighting_system.png,79777,38bb026fdcf21627e67443d67aa36c124746b3cec45cc00ada9fadf15ca648c1,33.9953804,26.6036911
1514,1515,G0303__S05__seed_0021,G0303,pictureX_0611_flexible_track_lighting_system,5,picture_backed,0611,seed_0021,21,#e85878,/mnt/zsn/lyb/arti-skill/exp/uniform531_n5_studio_256_v1/G0303__S05__seed_0021__pictureX_0611_flexible_track_lighting_system.png,70909,832f256f9a4ee52d13921a1b6dacd60391378bc0146728d7be777b0bc5753a9c,34.7387276,24.1787567
1515,1516,G0304__S01__seed_0018,G0304,pictureX_0611_Floor_standing_drafting_table,1,picture_backed,0611,seed_0018,18,#e868b8,/mnt/zsn/lyb/arti-skill/exp/uniform531_n5_studio_256_v1/G0304__S01__seed_0018__pictureX_0611_Floor_standing_drafting_table.png,87597,eaf21979cfd0ab12a2c8dfc8f69dcb774f433ed6fc84aa7037740ab5c44ed623,-38.3601074,29.053339
1516,1517,G0304__S02__seed_0050,G0304,pictureX_0611_Floor_standing_drafting_table,2,picture_backed,0611,seed_0050,50,#e868b8,/mnt/zsn/lyb/arti-skill/exp/uniform531_n5_studio_256_v1/G0304__S02__seed_0050__pictureX_0611_Floor_standing_drafting_table.png,94173,48535691032b0dfc9f8688f9ee939acf1caf44665acba5ea3e85f6c81d52d405,-38.9255714,29.2893677
1517,1518,G0304__S03__seed_0016,G0304,pictureX_0611_Floor_standing_drafting_table,3,picture_backed,0611,seed_0016,16,#e868b8,/mnt/zsn/lyb/arti-skill/exp/uniform531_n5_studio_256_v1/G0304__S03__seed_0016__pictureX_0611_Floor_standing_drafting_table.png,90810,006d5f3c649dceae838a676a828e3b758f587ee5a5350331a2017909e5973831,-39.0593567,28.8527241
1518,1519,G0304__S04__seed_0068,G0304,pictureX_0611_Floor_standing_drafting_table,4,picture_backed,0611,seed_0068,68,#e868b8,/mnt/zsn/lyb/arti-skill/exp/uniform531_n5_studio_256_v1/G0304__S04__seed_0068__pictureX_0611_Floor_standing_drafting_table.png,93096,be6263cdac7b0ddfd51adbd8fa71df839d35257e271fa5bb81ed1da3a5d4d119,-38.74086,28.7971134
1519,1520,G0304__S05__seed_0077,G0304,pictureX_0611_Floor_standing_drafting_table,5,picture_backed,0611,seed_0077,77,#e868b8,/mnt/zsn/lyb/arti-skill/exp/uniform531_n5_studio_256_v1/G0304__S05__seed_0077__pictureX_0611_Floor_standing_drafting_table.png,93545,432058fb3e290a45200d97ad58dda4f80cb6c15c6de1d178696113e4f2b83cdd,-39.1936226,29.360548
1520,1521,G0305__S01__seed_0134,G0305,pictureX_0611_folders,1,picture_backed,0611,seed_0134,134,#782858,/mnt/zsn/lyb/arti-skill/exp/uniform531_n5_studio_256_v1/G0305__S01__seed_0134__pictureX_0611_folders.png,93607,ee8fc555fc196706d02ac45be15bfcf6fe0b910c87617817670413bdacb40b4f,-45.4589653,-23.7679615
1521,1522,G0305__S02__seed_0102,G0305,pictureX_0611_folders,2,picture_backed,0611,seed_0102,102,#782858,/mnt/zsn/lyb/arti-skill/exp/uniform531_n5_studio_256_v1/G0305__S02__seed_0102__pictureX_0611_folders.png,91982,44f5cb24ff7cbc02daf7ace0442e6fe9d21e72545d6c75bdee5cf3668de48f95,-44.6651764,-23.813158
1522,1523,G0305__S03__seed_0191,G0305,pictureX_0611_folders,3,picture_backed,0611,seed_0191,191,#782858,/mnt/zsn/lyb/arti-skill/exp/uniform531_n5_studio_256_v1/G0305__S03__seed_0191__pictureX_0611_folders.png,86997,77525c9b5a71404909dd1a17819441add3c7d5af665a3ed4f38556e858ded1e5,-44.3527946,-23.8993015
1523,1524,G0305__S04__seed_0146,G0305,pictureX_0611_folders,4,picture_backed,0611,seed_0146,146,#782858,/mnt/zsn/lyb/arti-skill/exp/uniform531_n5_studio_256_v1/G0305__S04__seed_0146__pictureX_0611_folders.png,86006,aa612dba23a9a815040dc1a07dff2d11d8e76c3d4b2882e7ea952ee2e1ae4e8d,-45.9083023,-23.4870224
1524,1525,G0305__S05__seed_0122,G0305,pictureX_0611_folders,5,picture_backed,0611,seed_0122,122,#782858,/mnt/zsn/lyb/arti-skill/exp/uniform531_n5_studio_256_v1/G0305__S05__seed_0122__pictureX_0611_folders.png,91710,d681249c25282fdad278478a76bb99e4bf87c031672c9a66fc576af898e1d495,-46.0681381,-22.8889675
1525,1526,G0306__S01__seed_0039,G0306,pictureX_0611_Folding_ruler,1,picture_backed,0611,seed_0039,39,#582858,/mnt/zsn/lyb/arti-skill/exp/uniform531_n5_studio_256_v1/G0306__S01__seed_0039__pictureX_0611_Folding_ruler.png,70561,465261711294d6806daae6655dbc706c9795c1f83207888f5ed8c394b4e782a9,42.7806931,20.4371357
1526,1527,G0306__S02__seed_0099,G0306,pictureX_0611_Folding_ruler,2,picture_backed,0611,seed_0099,99,#582858,/mnt/zsn/lyb/arti-skill/exp/uniform531_n5_studio_256_v1/G0306__S02__seed_0099__pictureX_0611_Folding_ruler.png,67108,59ea291bf49ed1235173e905db555edae698391152212877950a576a11a6eeca,51.3229942,15.7477903
1527,1528,G0306__S03__seed_0014,G0306,pictureX_0611_Folding_ruler,3,picture_backed,0611,seed_0014,14,#582858,/mnt/zsn/lyb/arti-skill/exp/uniform531_n5_studio_256_v1/G0306__S03__seed_0014__pictureX_0611_Folding_ruler.png,68440,3ae987135532aa674d7c333f98d4e6ef015b555032a5e58b3f6b7f4dfe4c160d,51.4599838,16.1906548
1528,1529,G0306__S04__seed_0084,G0306,pictureX_0611_Folding_ruler,4,picture_backed,0611,seed_0084,84,#582858,/mnt/zsn/lyb/arti-skill/exp/uniform531_n5_studio_256_v1/G0306__S04__seed_0084__pictureX_0611_Folding_ruler.png,66388,fc8bebcba112cb1641a203fe8e66962280b5ac3d973d3fd3647daa22a4983205,51.3454285,15.8472271
1529,1530,G0306__S05__seed_0040,G0306,pictureX_0611_Folding_ruler,5,picture_backed,0611,seed_0040,40,#582858,/mnt/zsn/lyb/arti-skill/exp/uniform531_n5_studio_256_v1/G0306__S05__seed_0040__pictureX_0611_Folding_ruler.png,66154,262d76703d4c3e2d39f99a3abfec7102a9a3ac20ef797a80b8dc9bf274f42390,50.8976212,15.0394716
1530,1531,G0307__S01__seed_0025,G0307,pictureX_0611_Folding_sofa_bed,1,picture_backed,0611,seed_0025,25,#b86878,/mnt/zsn/lyb/arti-skill/exp/uniform531_n5_studio_256_v1/G0307__S01__seed_0025__pictureX_0611_Folding_sofa_bed.png,87083,d25a6a720566386236e796114039c38cb2c90380d547bcfba7ad2c682d0be6aa,-24.4777203,26.7292881
1531,1532,G0307__S02__seed_0008,G0307,pictureX_0611_Folding_sofa_bed,2,picture_backed,0611,seed_0008,8,#b86878,/mnt/zsn/lyb/arti-skill/exp/uniform531_n5_studio_256_v1/G0307__S02__seed_0008__pictureX_0611_Folding_sofa_bed.png,83145,fcd33c2295eec38559943155b5750c84e44a7ad4e7df372f45311a8a531f9f43,-24.3613377,26.1088047
1532,1533,G0307__S03__seed_0022,G0307,pictureX_0611_Folding_sofa_bed,3,picture_backed,0611,seed_0022,22,#b86878,/mnt/zsn/lyb/arti-skill/exp/uniform531_n5_studio_256_v1/G0307__S03__seed_0022__pictureX_0611_Folding_sofa_bed.png,83842,b44b4332fb19078ab813a4c047001f159c3a17f72e7d9ede6969bf1361a2063c,-24.4441757,26.3909607
1533,1534,G0307__S04__seed_0017,G0307,pictureX_0611_Folding_sofa_bed,4,picture_backed,0611,seed_0017,17,#b86878,/mnt/zsn/lyb/arti-skill/exp/uniform531_n5_studio_256_v1/G0307__S04__seed_0017__pictureX_0611_Folding_sofa_bed.png,87952,f8f28fc7aeac28be8368d8762978de33533dfe748f8d89b7815215f14db7ec49,-24.5712566,26.6289749
1534,1535,G0307__S05__seed_0033,G0307,pictureX_0611_Folding_sofa_bed,5,picture_backed,0611,seed_0033,33,#b86878,/mnt/zsn/lyb/arti-skill/exp/uniform531_n5_studio_256_v1/G0307__S05__seed_0033__pictureX_0611_Folding_sofa_bed.png,83957,0121be3a0973b010188ff48c581ade8d540fdcce17305d427d55df049b43075c,-24.3784771,25.9120884
1535,1536,G0308__S01__seed_0037,G0308,pictureX_0611_Folding_sofa_bed1,1,picture_backed,0611,seed_0037,37,#a8b878,/mnt/zsn/lyb/arti-skill/exp/uniform531_n5_studio_256_v1/G0308__S01__seed_0037__pictureX_0611_Folding_sofa_bed1.png,84573,5cc547a1646d4c1c98549553cf0495caa32729c231a1c511f30403b0d032a087,-21.6977558,26.7366333
1536,1537,G0308__S02__seed_0065,G0308,pictureX_0611_Folding_sofa_bed1,2,picture_backed,0611,seed_0065,65,#a8b878,/mnt/zsn/lyb/arti-skill/exp/uniform531_n5_studio_256_v1/G0308__S02__seed_0065__pictureX_0611_Folding_sofa_bed1.png,80894,1dced6a545c86e4218212ef2acc582a5b0e32caa87e20d0ded1115fad0fe17a6,-22.3953285,27.346468
1537,1538,G0308__S03__seed_0025,G0308,pictureX_0611_Folding_sofa_bed1,3,picture_backed,0611,seed_0025,25,#a8b878,/mnt/zsn/lyb/arti-skill/exp/uniform531_n5_studio_256_v1/G0308__S03__seed_0025__pictureX_0611_Folding_sofa_bed1.png,82043,6bc4acf6b752f9e2170687eb0cc7e856b5578ecdcb8c5c0612c7dcbc8d2f980d,-22.3290482,26.9461956
1538,1539,G0308__S04__seed_0062,G0308,pictureX_0611_Folding_sofa_bed1,4,picture_backed,0611,seed_0062,62,#a8b878,/mnt/zsn/lyb/arti-skill/exp/uniform531_n5_studio_256_v1/G0308__S04__seed_0062__pictureX_0611_Folding_sofa_bed1.png,81129,730dfa3a029c7d37d79b25c84aef6b888bcc29adf0185628272be594c8254b9a,-22.4725857,27.4023132
1539,1540,G0308__S05__seed_0002,G0308,pictureX_0611_Folding_sofa_bed1,5,picture_backed,0611,seed_0002,2,#a8b878,/mnt/zsn/lyb/arti-skill/exp/uniform531_n5_studio_256_v1/G0308__S05__seed_0002__pictureX_0611_Folding_sofa_bed1.png,77202,eed75ca2fd2d260d45468aeb53f656b3da9cc111a1217a748bd0c1bdf6cd1655,-22.1310844,27.5391197
1540,1541,G0309__S01__seed_0054,G0309,pictureX_0611_Folding_sofa_bed2,1,picture_backed,0611,seed_0054,54,#c858c8,/mnt/zsn/lyb/arti-skill/exp/uniform531_n5_studio_256_v1/G0309__S01__seed_0054__pictureX_0611_Folding_sofa_bed2.png,78194,d2a1a4856a049eb82eb6f886f5cc92e37b291d892a940ecd81e674e9857d1f9e,-23.703413,21.8549385
1541,1542,G0309__S02__seed_0017,G0309,pictureX_0611_Folding_sofa_bed2,2,picture_backed,0611,seed_0017,17,#c858c8,/mnt/zsn/lyb/arti-skill/exp/uniform531_n5_studio_256_v1/G0309__S02__seed_0017__pictureX_0611_Folding_sofa_bed2.png,78039,d13c3dd9845431607f377553ae6bc5355c16bb36abc063522da0b61549eabc99,-25.4948692,20.847187
1542,1543,G0309__S03__seed_0039,G0309,pictureX_0611_Folding_sofa_bed2,3,picture_backed,0611,seed_0039,39,#c858c8,/mnt/zsn/lyb/arti-skill/exp/uniform531_n5_studio_256_v1/G0309__S03__seed_0039__pictureX_0611_Folding_sofa_bed2.png,77434,b5f7180f636c875d95bc2bcfa4033528f6d6c0526d36a0e1e27474fc3920f128,-25.4740963,21.4398289
1543,1544,G0309__S04__seed_0000,G0309,pictureX_0611_Folding_sofa_bed2,4,picture_backed,0611,seed_0000,0,#c858c8,/mnt/zsn/lyb/arti-skill/exp/uniform531_n5_studio_256_v1/G0309__S04__seed_0000__pictureX_0611_Folding_sofa_bed2.png,78384,90bf871b7c83014b131bf5b90f0a43a56304d058531517001a377586b5cef54b,-25.5595798,21.3983002
1544,1545,G0309__S05__seed_0049,G0309,pictureX_0611_Folding_sofa_bed2,5,picture_backed,0611,seed_0049,49,#c858c8,/mnt/zsn/lyb/arti-skill/exp/uniform531_n5_studio_256_v1/G0309__S05__seed_0049__pictureX_0611_Folding_sofa_bed2.png,78266,b22933bc8aefa847a85530a06fff8b5365a7f9fa516aebfdb1ce3a4a6e29c384,-24.1632347,22.2786369
1545,1546,G0310__S01__seed_0066,G0310,pictureX_0611_Folding_sofa_bed3,1,picture_backed,0611,seed_0066,66,#6818c8,/mnt/zsn/lyb/arti-skill/exp/uniform531_n5_studio_256_v1/G0310__S01__seed_0066__pictureX_0611_Folding_sofa_bed3.png,87949,0ed778563f8e683db6cf4bdced56fc203717f835189e78ac7263c6d5ecf628f3,-22.5018463,21.6617985
1546,1547,G0310__S02__seed_0020,G0310,pictureX_0611_Folding_sofa_bed3,2,picture_backed,0611,seed_0020,20,#6818c8,/mnt/zsn/lyb/arti-skill/exp/uniform531_n5_studio_256_v1/G0310__S02__seed_0020__pictureX_0611_Folding_sofa_bed3.png,92873,ad55cff968809bac55df911ba50acd65d4c5ee48586b50666de4b5f6b7ff001e,-22.1805401,21.5490456
1547,1548,G0310__S03__seed_0042,G0310,pictureX_0611_Folding_sofa_bed3,3,picture_backed,0611,seed_0042,42,#6818c8,/mnt/zsn/lyb/arti-skill/exp/uniform531_n5_studio_256_v1/G0310__S03__seed_0042__pictureX_0611_Folding_sofa_bed3.png,76824,a1a2b259b2e44fa184f243a0cf19e7bd4673fb3c0ca10a0688d0f5f199581389,-23.2137833,21.7938747
1548,1549,G0310__S04__seed_0046,G0310,pictureX_0611_Folding_sofa_bed3,4,picture_backed,0611,seed_0046,46,#6818c8,/mnt/zsn/lyb/arti-skill/exp/uniform531_n5_studio_256_v1/G0310__S04__seed_0046__pictureX_0611_Folding_sofa_bed3.png,75483,0986c715dab96dd4ba1566816a65bd032aaf3c44d612b81d6ce63e63d6953e26,-25.0870781,20.4181442
1549,1550,G0310__S05__seed_0078,G0310,pictureX_0611_Folding_sofa_bed3,5,picture_backed,0611,seed_0078,78,#6818c8,/mnt/zsn/lyb/arti-skill/exp/uniform531_n5_studio_256_v1/G0310__S05__seed_0078__pictureX_0611_Folding_sofa_bed3.png,81749,1168621f2020e3cdbbaccdb4792b62557f6d184808f2731d6681ec321a82a6da,-23.4517841,21.6598244
1550,1551,G0311__S01__seed_0003,G0311,pictureX_0611_Folding_table,1,picture_backed,0611,seed_0003,3,#689868,/mnt/zsn/lyb/arti-skill/exp/uniform531_n5_studio_256_v1/G0311__S01__seed_0003__pictureX_0611_Folding_table.png,80346,4452306467a1b3b93b745709dc168009c6559be57ba10eefcbc069b29278b323,-32.1022453,30.7389469
1551,1552,G0311__S02__seed_0110,G0311,pictureX_0611_Folding_table,2,picture_backed,0611,seed_0110,110,#689868,/mnt/zsn/lyb/arti-skill/exp/uniform531_n5_studio_256_v1/G0311__S02__seed_0110__pictureX_0611_Folding_table.png,77628,38c68dd451f8d1c50fccbf5d8ea77cb5f3b04f3efebc9db833abd54c5b471f38,-31.5776005,31.9943333
1552,1553,G0311__S03__seed_0048,G0311,pictureX_0611_Folding_table,3,picture_backed,0611,seed_0048,48,#689868,/mnt/zsn/lyb/arti-skill/exp/uniform531_n5_studio_256_v1/G0311__S03__seed_0048__pictureX_0611_Folding_table.png,78406,3b5beae262b7d348bc0fb02000fe9853bffef53cb1ac48c6425160aa97e24f06,-35.577961,33.9374161
1553,1554,G0311__S04__seed_0082,G0311,pictureX_0611_Folding_table,4,picture_backed,0611,seed_0082,82,#689868,/mnt/zsn/lyb/arti-skill/exp/uniform531_n5_studio_256_v1/G0311__S04__seed_0082__pictureX_0611_Folding_table.png,75518,de7529bd086ebf9bdde059238a94a2a1e4f6d509ff79a653112c232f95ab9810,-32.7540817,31.2571602
1554,1555,G0311__S05__seed_0041,G0311,pictureX_0611_Folding_table,5,picture_backed,0611,seed_0041,41,#689868,/mnt/zsn/lyb/arti-skill/exp/uniform531_n5_studio_256_v1/G0311__S05__seed_0041__pictureX_0611_Folding_table.png,80961,07af40cdbf9cb7126c99229312cd186d23c02d664961bb5884ae3c813ef5e2ea,-32.287159,30.9127312
1555,1556,G0312__S01__seed_0012,G0312,pictureX_0611_Folding_table1,1,picture_backed,0611,seed_0012,12,#d868d8,/mnt/zsn/lyb/arti-skill/exp/uniform531_n5_studio_256_v1/G0312__S01__seed_0012__pictureX_0611_Folding_table1.png,80665,d7e610697dc10d1617d3fb1630753e9f915278a59c8dceba0fda70e340cf4774,-35.8290367,33.8797379
1556,1557,G0312__S02__seed_0091,G0312,pictureX_0611_Folding_table1,2,picture_backed,0611,seed_0091,91,#d868d8,/mnt/zsn/lyb/arti-skill/exp/uniform531_n5_studio_256_v1/G0312__S02__seed_0091__pictureX_0611_Folding_table1.png,86294,50cbdec80aa6ac63b9a31d2a715f50029b1a93accdf4dd2de47b1ce8d2e02a92,-31.203043,25.9989834
1557,1558,G0312__S03__seed_0045,G0312,pictureX_0611_Folding_table1,3,picture_backed,0611,seed_0045,45,#d868d8,/mnt/zsn/lyb/arti-skill/exp/uniform531_n5_studio_256_v1/G0312__S03__seed_0045__pictureX_0611_Folding_table1.png,83549,4ff97555acbeeb41a31bb0e5059bc2f9e5c2b3e3daf4f6321944f6d6b4a05fda,-35.2953529,33.5476761
1558,1559,G0312__S04__seed_0097,G0312,pictureX_0611_Folding_table1,4,picture_backed,0611,seed_0097,97,#d868d8,/mnt/zsn/lyb/arti-skill/exp/uniform531_n5_studio_256_v1/G0312__S04__seed_0097__pictureX_0611_Folding_table1.png,84559,87707113468aa0e3d1e4c2b5405755cc0ec256ffb6d6ab8758bd04b19b87a2b5,-34.3689384,32.5837173
1559,1560,G0312__S05__seed_0008,G0312,pictureX_0611_Folding_table1,5,picture_backed,0611,seed_0008,8,#d868d8,/mnt/zsn/lyb/arti-skill/exp/uniform531_n5_studio_256_v1/G0312__S05__seed_0008__pictureX_0611_Folding_table1.png,78556,88ab550f4bac04d78e15e6a8817ff59367714fb5f83cea0141618cbed40afb98,-36.9598694,34.398838
1560,1561,G0313__S01__seed_0018,G0313,pictureX_0611_Folding_table2,1,picture_backed,0611,seed_0018,18,#d878a8,/mnt/zsn/lyb/arti-skill/exp/uniform531_n5_studio_256_v1/G0313__S01__seed_0018__pictureX_0611_Folding_table2.png,79275,7bec72eea73f527472c2838df00717cb3a8f706ee1b24542f7624e3d85c9087d,-36.1720581,33.7107239
1561,1562,G0313__S02__seed_0006,G0313,pictureX_0611_Folding_table2,2,picture_backed,0611,seed_0006,6,#d878a8,/mnt/zsn/lyb/arti-skill/exp/uniform531_n5_studio_256_v1/G0313__S02__seed_0006__pictureX_0611_Folding_table2.png,77142,0511308f91d755ad131a25225731d870b15eecd7eb5c324f759826934a358732,-35.65839,34.3411407
1562,1563,G0313__S03__seed_0060,G0313,pictureX_0611_Folding_table2,3,picture_backed,0611,seed_0060,61,#d878a8,/mnt/zsn/lyb/arti-skill/exp/uniform531_n5_studio_256_v1/G0313__S03__seed_0060__pictureX_0611_Folding_table2.png,80113,e2704a68e57c22eaa41d34bf95c50c94e6fcb1547395d84b2829dae9f6f5a69d,-33.0447273,32.6847992
1563,1564,G0313__S04__seed_0030,G0313,pictureX_0611_Folding_table2,4,picture_backed,0611,seed_0030,31,#d878a8,/mnt/zsn/lyb/arti-skill/exp/uniform531_n5_studio_256_v1/G0313__S04__seed_0030__pictureX_0611_Folding_table2.png,79576,b26bcdb0cff61696ac1d65bc1eaeb59fc537f8278e038ea2705914681ca85432,-31.8510799,31.8136349
1564,1565,G0313__S05__seed_0077,G0313,pictureX_0611_Folding_table2,5,picture_backed,0611,seed_0077,78,#d878a8,/mnt/zsn/lyb/arti-skill/exp/uniform531_n5_studio_256_v1/G0313__S05__seed_0077__pictureX_0611_Folding_table2.png,80043,a4ab23578a6bed6adce28e8ab8f17cc26c8ea44f9f9ea43ab4d0696e74cf0e63,-32.9427719,31.7217274
1565,1566,G0314__S01__seed_0136,G0314,pictureX_0611_Folding_table3,1,picture_backed,0611,seed_0136,138,#784818,/mnt/zsn/lyb/arti-skill/exp/uniform531_n5_studio_256_v1/G0314__S01__seed_0136__pictureX_0611_Folding_table3.png,77354,cd433b1141f8c5c9dd178b5bce58ef16d8a680e5f68dd84c8bcdf27afafa47f0,-32.8449249,41.9434052
1566,1567,G0314__S02__seed_0099,G0314,pictureX_0611_Folding_table3,2,picture_backed,0611,seed_0099,101,#784818,/mnt/zsn/lyb/arti-skill/exp/uniform531_n5_studio_256_v1/G0314__S02__seed_0099__pictureX_0611_Folding_table3.png,74434,a3e945f832ce0eee82914893f9a4b06428f1be51b9196255251f021b2121c80f,-33.8466759,40.7416878
1567,1568,G0314__S03__seed_0020,G0314,pictureX_0611_Folding_table3,3,picture_backed,0611,seed_0020,20,#784818,/mnt/zsn/lyb/arti-skill/exp/uniform531_n5_studio_256_v1/G0314__S03__seed_0020__pictureX_0611_Folding_table3.png,76432,ce0d31a3f563d2929b80b6b959ea5cf3f95f317f2e1495f12d64197f5f50fc4a,-33.7559128,40.5016975
1568,1569,G0314__S04__seed_0082,G0314,pictureX_0611_Folding_table3,4,picture_backed,0611,seed_0082,84,#784818,/mnt/zsn/lyb/arti-skill/exp/uniform531_n5_studio_256_v1/G0314__S04__seed_0082__pictureX_0611_Folding_table3.png,73335,287b99c46126f04ead3a6c2f404ab6ae127e779acbd33fc9e87d50ccb9772691,-2.09935212,35.7846069
1569,1570,G0314__S05__seed_0043,G0314,pictureX_0611_Folding_table3,5,picture_backed,0611,seed_0043,43,#784818,/mnt/zsn/lyb/arti-skill/exp/uniform531_n5_studio_256_v1/G0314__S05__seed_0043__pictureX_0611_Folding_table3.png,78291,a45e2d78a2c2085bef8a6459915721fd3fa9f71b6791c74da07738331f9cb3c8,-32.2148361,42.1880836
1570,1571,G0315__S01__seed_0055,G0315,pictureX_0611_Folding_table4,1,picture_backed,0611,seed_0055,55,#c8b8e8,/mnt/zsn/lyb/arti-skill/exp/uniform531_n5_studio_256_v1/G0315__S01__seed_0055__pictureX_0611_Folding_table4.png,75670,595cc8f50fcb7960ea55a16a0f6db730efc4211757232afc230243a2516588df,-1.92391443,-14.1705589
1571,1572,G0315__S02__seed_0125,G0315,pictureX_0611_Folding_table4,2,picture_backed,0611,seed_0125,125,#c8b8e8,/mnt/zsn/lyb/arti-skill/exp/uniform531_n5_studio_256_v1/G0315__S02__seed_0125__pictureX_0611_Folding_table4.png,74733,4c2b738c5aeb947d7287aaf6505b0db72e0c29dfe6f1d349b6ab64a4e64a9272,-1.81767738,-14.1719723
1572,1573,G0315__S03__seed_0056,G0315,pictureX_0611_Folding_table4,3,picture_backed,0611,seed_0056,56,#c8b8e8,/mnt/zsn/lyb/arti-skill/exp/uniform531_n5_studio_256_v1/G0315__S03__seed_0056__pictureX_0611_Folding_table4.png,78251,450bc75a7003cf6d89771955398f9daa00eab23b9f480c68ebc057aacf0a1b0a,0.131710663,-13.770587
1573,1574,G0315__S04__seed_0040,G0315,pictureX_0611_Folding_table4,4,picture_backed,0611,seed_0040,40,#c8b8e8,/mnt/zsn/lyb/arti-skill/exp/uniform531_n5_studio_256_v1/G0315__S04__seed_0040__pictureX_0611_Folding_table4.png,77258,a43c0c9b2876cbd067d20b28853e5416e74145a37ae557e851c0370fd5f93fee,0.219897509,-13.6770735
1574,1575,G0315__S05__seed_0023,G0315,pictureX_0611_Folding_table4,5,picture_backed,0611,seed_0023,23,#c8b8e8,/mnt/zsn/lyb/arti-skill/exp/uniform531_n5_studio_256_v1/G0315__S05__seed_0023__pictureX_0611_Folding_table4.png,72568,1ec0abd46fe5ca42dcaa89c3be12f372e0d47fa770fbfe549612bd0b5e02407e,-1.86802733,-14.2151489
1575,1576,G0316__S01__seed_0058,G0316,pictureX_0611_Folding_table5,1,picture_backed,0611,seed_0058,58,#6888e8,/mnt/zsn/lyb/arti-skill/exp/uniform531_n5_studio_256_v1/G0316__S01__seed_0058__pictureX_0611_Folding_table5.png,79818,27568cd96dba02b3562df81f6063301e5602676f04481d857d9ef4917dbd0c6a,-33.5837517,41.9098053
1576,1577,G0316__S02__seed_0014,G0316,pictureX_0611_Folding_table5,2,picture_backed,0611,seed_0014,14,#6888e8,/mnt/zsn/lyb/arti-skill/exp/uniform531_n5_studio_256_v1/G0316__S02__seed_0014__pictureX_0611_Folding_table5.png,82433,d81497dd343c7da24c1759183514c1d097d991a16e2f7c8ea230d36791198771,-33.3294144,42.009201
1577,1578,G0316__S03__seed_0088,G0316,pictureX_0611_Folding_table5,3,picture_backed,0611,seed_0088,88,#6888e8,/mnt/zsn/lyb/arti-skill/exp/uniform531_n5_studio_256_v1/G0316__S03__seed_0088__pictureX_0611_Folding_table5.png,72424,af2e89005c7db96dad43003ae16dd7fd79b0c5b8bbaef7ef9e062e0568606841,-34.5153847,41.8320007
1578,1579,G0316__S04__seed_0063,G0316,pictureX_0611_Folding_table5,4,picture_backed,0611,seed_0063,63,#6888e8,/mnt/zsn/lyb/arti-skill/exp/uniform531_n5_studio_256_v1/G0316__S04__seed_0063__pictureX_0611_Folding_table5.png,75396,1edf668bb56e4a145c6ca2462bd0366b94f8d57c723e2a201369c237712137f8,-35.7436295,41.4816208
1579,1580,G0316__S05__seed_0053,G0316,pictureX_0611_Folding_table5,5,picture_backed,0611,seed_0053,53,#6888e8,/mnt/zsn/lyb/arti-skill/exp/uniform531_n5_studio_256_v1/G0316__S05__seed_0053__pictureX_0611_Folding_table5.png,81994,5c6739414036cf619f3d0057adb2407c3013c600f4b479b1991ae734d27a0769,-35.6165123,41.5121536
1580,1581,G0317__S01__seed_0469,G0317,pictureX_0611_full_height_turnstile,1,picture_backed,0611,seed_0469,485,#681878,/mnt/zsn/lyb/arti-skill/exp/uniform531_n5_studio_256_v1/G0317__S01__seed_0469__pictureX_0611_full_height_turnstile.png,89360,2afc4f8eb1e34c1d1612613140197aae8fa71da134ff1f2e1c699715cf26c1ae,-30.7647839,-45.9645462
1581,1582,G0317__S02__seed_2265,G0317,pictureX_0611_full_height_turnstile,2,picture_backed,0611,seed_2265,2323,#681878,/mnt/zsn/lyb/arti-skill/exp/uniform531_n5_studio_256_v1/G0317__S02__seed_2265__pictureX_0611_full_height_turnstile.png,91517,8a145bb1972fb121667ffb0108e69a59315cd3246c3b8915668368ffa1b1682a,-30.7378082,-45.5200729
1582,1583,G0317__S03__seed_0855,G0317,pictureX_0611_full_height_turnstile,3,picture_backed,0611,seed_0855,874,#681878,/mnt/zsn/lyb/arti-skill/exp/uniform531_n5_studio_256_v1/G0317__S03__seed_0855__pictureX_0611_full_height_turnstile.png,89806,35b9dfe148b7adbf420295670ed755e9ee388d6cbe10cbbe52dd791cec144bd1,-30.8350353,-45.6854172
1583,1584,G0317__S04__seed_2603,G0317,pictureX_0611_full_height_turnstile,4,picture_backed,0611,seed_2603,2665,#681878,/mnt/zsn/lyb/arti-skill/exp/uniform531_n5_studio_256_v1/G0317__S04__seed_2603__pictureX_0611_full_height_turnstile.png,97335,0d0bbf7ca850ce53eaaf8a6d17caf3b13e7d2b9bd6c9fa3b71d12846117be9a8,-31.0884686,-45.5225487
1584,1585,G0317__S05__seed_2989,G0317,pictureX_0611_full_height_turnstile,5,picture_backed,0611,seed_2989,3062,#681878,/mnt/zsn/lyb/arti-skill/exp/uniform531_n5_studio_256_v1/G0317__S05__seed_2989__pictureX_0611_full_height_turnstile.png,92342,4113fe2a41ca1ff8567636813a604801aa76c6133f4e5dd2d1753a3e54c076bd,-30.3478489,-45.4311066
1585,1586,G0318__S01__seed_0159,G0318,pictureX_0611_Garden_pruner,1,picture_backed,0611,seed_0159,159,#b818c8,/mnt/zsn/lyb/arti-skill/exp/uniform531_n5_studio_256_v1/G0318__S01__seed_0159__pictureX_0611_Garden_pruner.png,76175,6d097c1b3eebe204cc5677130bd54cc921d597d2544d5d25813399bdab0f0aa0,56.7439079,11.0934448
1586,1587,G0318__S02__seed_0080,G0318,pictureX_0611_Garden_pruner,2,picture_backed,0611,seed_0080,80,#b818c8,/mnt/zsn/lyb/arti-skill/exp/uniform531_n5_studio_256_v1/G0318__S02__seed_0080__pictureX_0611_Garden_pruner.png,76704,82f9ea8913e62cefb0bea450dd8552082154cd0bd2e6e9a061c81864472e5b5c,57.3425102,11.9358559
1587,1588,G0318__S03__seed_0019,G0318,pictureX_0611_Garden_pruner,3,picture_backed,0611,seed_0019,19,#b818c8,/mnt/zsn/lyb/arti-skill/exp/uniform531_n5_studio_256_v1/G0318__S03__seed_0019__pictureX_0611_Garden_pruner.png,76617,04b8f470c816a9492d33df5a9078bf1e13831ab774456b79d4858de9dc996e0d,56.9902573,11.3766327
1588,1589,G0318__S04__seed_0026,G0318,pictureX_0611_Garden_pruner,4,picture_backed,0611,seed_0026,26,#b818c8,/mnt/zsn/lyb/arti-skill/exp/uniform531_n5_studio_256_v1/G0318__S04__seed_0026__pictureX_0611_Garden_pruner.png,78492,b9842d7a3ee4a8c86194c6735df9c963a155bf13495346b59e09dbea841d9ba0,56.8292313,11.1346292
1589,1590,G0318__S05__seed_0088,G0318,pictureX_0611_Garden_pruner,5,picture_backed,0611,seed_0088,88,#b818c8,/mnt/zsn/lyb/arti-skill/exp/uniform531_n5_studio_256_v1/G0318__S05__seed_0088__pictureX_0611_Garden_pruner.png,77787,f349b2bed76b4044a7cc36d138173457c948e01fb8474704690b22ee65b1b036,56.8387375,11.0269279
1590,1591,G0319__S01__seed_2008,G0319,pictureX_0611_garlic_press,1,picture_backed,0611,seed_2008,2017,#c82818,/mnt/zsn/lyb/arti-skill/exp/uniform531_n5_studio_256_v1/G0319__S01__seed_2008__pictureX_0611_garlic_press.png,79062,924d9c8447f55fd4bba9de4b9bf0a49c5f4593570f0f9f011669b6c67f1f8a25,23.0751228,13.6835318
1591,1592,G0319__S02__seed_1635,G0319,pictureX_0611_garlic_press,2,picture_backed,0611,seed_1635,1641,#c82818,/mnt/zsn/lyb/arti-skill/exp/uniform531_n5_studio_256_v1/G0319__S02__seed_1635__pictureX_0611_garlic_press.png,75876,e533633b4278ce37ef5d0da40e6d308f47adeef81126f28c7bd6d6975ac282ad,24.6887112,13.1534615
1592,1593,G0319__S03__seed_1480,G0319,pictureX_0611_garlic_press,3,picture_backed,0611,seed_1480,1485,#c82818,/mnt/zsn/lyb/arti-skill/exp/uniform531_n5_studio_256_v1/G0319__S03__seed_1480__pictureX_0611_garlic_press.png,81476,716b9495137d9b1e34e8bfa19b15f3ab105701b5db3ed5f6e8e24c813af34c14,22.7128792,13.7248783
1593,1594,G0319__S04__seed_0408,G0319,pictureX_0611_garlic_press,4,picture_backed,0611,seed_0408,410,#c82818,/mnt/zsn/lyb/arti-skill/exp/uniform531_n5_studio_256_v1/G0319__S04__seed_0408__pictureX_0611_garlic_press.png,80784,563f0137b203e0882ee15f185c3f19508155ccbb5b3733fd67c484acda320c1f,22.6893749,13.6303873
1594,1595,G0319__S05__seed_0103,G0319,pictureX_0611_garlic_press,5,picture_backed,0611,seed_0103,104,#c82818,/mnt/zsn/lyb/arti-skill/exp/uniform531_n5_studio_256_v1/G0319__S05__seed_0103__pictureX_0611_garlic_press.png,77581,784877e37c65455c53ee6e44941046353f092bdd12e20a8555fa14f7df39e70e,24.705492,13.0568657
1595,1596,G0320__S01__seed_0298,G0320,pictureX_0611_generator,1,picture_backed,0611,seed_0298,302,#981878,/mnt/zsn/lyb/arti-skill/exp/uniform531_n5_studio_256_v1/G0320__S01__seed_0298__pictureX_0611_generator.png,88992,e0dabd57e64c87edae0141695875de28ba7b6f0d96fa966e64002ac459c46bf5,12.4652653,1.59118724
1596,1597,G0320__S02__seed_0257,G0320,pictureX_0611_generator,2,picture_backed,0611,seed_0257,261,#981878,/mnt/zsn/lyb/arti-skill/exp/uniform531_n5_studio_256_v1/G0320__S02__seed_0257__pictureX_0611_generator.png,86044,cf0cb9c458f4b61a8bcbf14631b16a03279d9f73180ab50c537e8d69b1afe822,12.3876085,1.40324664
1597,1598,G0320__S03__seed_0012,G0320,pictureX_0611_generator,3,picture_backed,0611,seed_0012,12,#981878,/mnt/zsn/lyb/arti-skill/exp/uniform531_n5_studio_256_v1/G0320__S03__seed_0012__pictureX_0611_generator.png,84210,ed4e3c406190cc32a4e200ef46452a3f6aa3fd6c2777a4572ecf0cfa06a0df32,12.1014824,2.26932621
1598,1599,G0320__S04__seed_0534,G0320,pictureX_0611_generator,4,picture_backed,0611,seed_0534,539,#981878,/mnt/zsn/lyb/arti-skill/exp/uniform531_n5_studio_256_v1/G0320__S04__seed_0534__pictureX_0611_generator.png,85104,e976bc9630b47a4c743b741da02059a67068d9dec4706724bbaa8dcd5be278c4,12.2544193,2.23162746
1599,1600,G0320__S05__seed_0591,G0320,pictureX_0611_generator,5,picture_backed,0611,seed_0591,598,#981878,/mnt/zsn/lyb/arti-skill/exp/uniform531_n5_studio_256_v1/G0320__S05__seed_0591__pictureX_0611_generator.png,81057,7bff40d9a78e2bd18f7cb4722bf5d2ca540aece4ea95f63dd4e09dcc4a4eddd8,12.4996815,1.21530306
1600,1601,G0321__S01__seed_0102,G0321,pictureX_0611_Golf_cart,1,picture_backed,0611,seed_0102,102,#e8a878,/mnt/zsn/lyb/arti-skill/exp/uniform531_n5_studio_256_v1/G0321__S01__seed_0102__pictureX_0611_Golf_cart.png,88535,31c1e4caddd7b19cc1f21799412d6deccd71f8b266bc2479a192f01ea5d5afc3,15.1959047,60.8561783
1601,1602,G0321__S02__seed_0080,G0321,pictureX_0611_Golf_cart,2,picture_backed,0611,seed_0080,80,#e8a878,/mnt/zsn/lyb/arti-skill/exp/uniform531_n5_studio_256_v1/G0321__S02__seed_0080__pictureX_0611_Golf_cart.png,87680,b7ca986af0a6d82bdf901c8d09713db657fe3d7802cf068e00deaa80865ee77f,15.2763271,61.1801796
1602,1603,G0321__S03__seed_0008,G0321,pictureX_0611_Golf_cart,3,picture_backed,0611,seed_0008,8,#e8a878,/mnt/zsn/lyb/arti-skill/exp/uniform531_n5_studio_256_v1/G0321__S03__seed_0008__pictureX_0611_Golf_cart.png,88189,9b1d7a7a7fb586f6248e32088f0b2ab2da25525c4758153e08e9cb9734049f86,15.5097733,60.2886925
1603,1604,G0321__S04__seed_0046,G0321,pictureX_0611_Golf_cart,4,picture_backed,0611,seed_0046,46,#e8a878,/mnt/zsn/lyb/arti-skill/exp/uniform531_n5_studio_256_v1/G0321__S04__seed_0046__pictureX_0611_Golf_cart.png,87356,c6cb681f5e911fd06fef983ed292cf89499fee6499beae602d3f8bb3f5145491,15.6652174,60.8913689
1604,1605,G0321__S05__seed_0055,G0321,pictureX_0611_Golf_cart,5,picture_backed,0611,seed_0055,55,#e8a878,/mnt/zsn/lyb/arti-skill/exp/uniform531_n5_studio_256_v1/G0321__S05__seed_0055__pictureX_0611_Golf_cart.png,90627,ce192d6d45b2e1f0cf343d2c34fa54ec87a3141e539a599bf62aceeafb1caf51,15.0772076,60.8282051
1605,1606,G0322__S01__seed_0051,G0322,pictureX_0611_guitar_tuning_peg_mechanism,1,picture_backed,0611,seed_0051,95,#b82868,/mnt/zsn/lyb/arti-skill/exp/uniform531_n5_studio_256_v1/G0322__S01__seed_0051__pictureX_0611_guitar_tuning_peg_mechanism.png,86330,4d789ea9aae9a2eeaef15d6c6a605cb27c090a7825ed1bb2ebbeb06fe453422c,20.6239414,-9.31890965
1606,1607,G0322__S02__seed_0047,G0322,pictureX_0611_guitar_tuning_peg_mechanism,2,picture_backed,0611,seed_0047,90,#b82868,/mnt/zsn/lyb/arti-skill/exp/uniform531_n5_studio_256_v1/G0322__S02__seed_0047__pictureX_0611_guitar_tuning_peg_mechanism.png,84280,7815617df41a440dd2334c5c3c4702c1a8ee25d76612e3cff28ff2080b6e3e62,20.9821453,-8.92686558
1607,1608,G0322__S03__seed_0048,G0322,pictureX_0611_guitar_tuning_peg_mechanism,3,picture_backed,0611,seed_0048,91,#b82868,/mnt/zsn/lyb/arti-skill/exp/uniform531_n5_studio_256_v1/G0322__S03__seed_0048__pictureX_0611_guitar_tuning_peg_mechanism.png,80006,4b634bea2c1e90b5acbaf72cea766d93096401eb64f2515177d7fdabcd1dcb40,18.8977718,-9.29557991
1608,1609,G0322__S04__seed_0007,G0322,pictureX_0611_guitar_tuning_peg_mechanism,4,picture_backed,0611,seed_0007,12,#b82868,/mnt/zsn/lyb/arti-skill/exp/uniform531_n5_studio_256_v1/G0322__S04__seed_0007__pictureX_0611_guitar_tuning_peg_mechanism.png,84837,f28065ff951cfb356a41b24d1e73b978fb4ab6ed540e665d4996e13c4076dc2d,20.3288441,-8.68196583
1609,1610,G0322__S05__seed_0033,G0322,pictureX_0611_guitar_tuning_peg_mechanism,5,picture_backed,0611,seed_0033,57,#b82868,/mnt/zsn/lyb/arti-skill/exp/uniform531_n5_studio_256_v1/G0322__S05__seed_0033__pictureX_0611_guitar_tuning_peg_mechanism.png,89263,db803208af50b311474c6a501d224e45b1e8594dca18236a9dc244050fde0479,21.4731045,-7.86959219
1610,1611,G0323__S01__seed_0096,G0323,pictureX_0611_gyroscope_with_spinning_wheel_and_gimbal_rings,1,picture_backed,0611,seed_0096,96,#d8a858,/mnt/zsn/lyb/arti-skill/exp/uniform531_n5_studio_256_v1/G0323__S01__seed_0096__pictureX_0611_gyroscope_with_spinning_wheel_and_gimbal_rings.png,83935,578843d37e63ae2fce6ff8bed66e0ad7da9a664531f3d1bcc7883b21ae3ca34c,22.2416706,-30.9213524
1611,1612,G0323__S02__seed_0114,G0323,pictureX_0611_gyroscope_with_spinning_wheel_and_gimbal_rings,2,picture_backed,0611,seed_0114,114,#d8a858,/mnt/zsn/lyb/arti-skill/exp/uniform531_n5_studio_256_v1/G0323__S02__seed_0114__pictureX_0611_gyroscope_with_spinning_wheel_and_gimbal_rings.png,81093,2b4b0c9a675045c014a6f5e15f38fb876eca96376a91aab7ab7c1f59cccaede9,22.1079102,-31.1654701
1612,1613,G0323__S03__seed_0026,G0323,pictureX_0611_gyroscope_with_spinning_wheel_and_gimbal_rings,3,picture_backed,0611,seed_0026,26,#d8a858,/mnt/zsn/lyb/arti-skill/exp/uniform531_n5_studio_256_v1/G0323__S03__seed_0026__pictureX_0611_gyroscope_with_spinning_wheel_and_gimbal_rings.png,80359,3d0ac3eec5605e91321f120acbb8da39883fa422428a0b0eb6ef0a5ab38edec4,22.7722588,-29.6477165
1613,1614,G0323__S04__seed_0272,G0323,pictureX_0611_gyroscope_with_spinning_wheel_and_gimbal_rings,4,picture_backed,0611,seed_0272,272,#d8a858,/mnt/zsn/lyb/arti-skill/exp/uniform531_n5_studio_256_v1/G0323__S04__seed_0272__pictureX_0611_gyroscope_with_spinning_wheel_and_gimbal_rings.png,81992,31d0ac1ad0ca719fd42a3a2057b56f3ff913ac65cb5e337ca44501a136f3174e,22.4039612,-30.7902546
1614,1615,G0323__S05__seed_0126,G0323,pictureX_0611_gyroscope_with_spinning_wheel_and_gimbal_rings,5,picture_backed,0611,seed_0126,126,#d8a858,/mnt/zsn/lyb/arti-skill/exp/uniform531_n5_studio_256_v1/G0323__S05__seed_0126__pictureX_0611_gyroscope_with_spinning_wheel_and_gimbal_rings.png,84719,c8063cce049c011779edf57c12fdc14cf898572b53754d46d48f5a2458acf462,22.1688004,-31.0004253
1615,1616,G0324__S01__seed_0003,G0324,pictureX_0611_Hall_tree_with_flip_top_seat,1,picture_backed,0611,seed_0003,3,#d83858,/mnt/zsn/lyb/arti-skill/exp/uniform531_n5_studio_256_v1/G0324__S01__seed_0003__pictureX_0611_Hall_tree_with_flip_top_seat.png,84657,a6b21632e31c4583dd8bedc629e4ee21702efbc6c5780bcf63aa572722010f6c,-51.8893623,10.5700283
1616,1617,G0324__S02__seed_0033,G0324,pictureX_0611_Hall_tree_with_flip_top_seat,2,picture_backed,0611,seed_0033,33,#d83858,/mnt/zsn/lyb/arti-skill/exp/uniform531_n5_studio_256_v1/G0324__S02__seed_0033__pictureX_0611_Hall_tree_with_flip_top_seat.png,79579,f89f54f8f989995986488b5a5234ee386efcb90f807894ce5fd1490a949cee9d,-51.6252594,11.5162363
1617,1618,G0324__S03__seed_0085,G0324,pictureX_0611_Hall_tree_with_flip_top_seat,3,picture_backed,0611,seed_0085,85,#d83858,/mnt/zsn/lyb/arti-skill/exp/uniform531_n5_studio_256_v1/G0324__S03__seed_0085__pictureX_0611_Hall_tree_with_flip_top_seat.png,95588,efb12cb5191cada32f32fe046f4f1fc864ee6273950922b3fe60dc48f241b5e4,-51.2284279,10.7643185
1618,1619,G0324__S04__seed_0032,G0324,pictureX_0611_Hall_tree_with_flip_top_seat,4,picture_backed,0611,seed_0032,32,#d83858,/mnt/zsn/lyb/arti-skill/exp/uniform531_n5_studio_256_v1/G0324__S04__seed_0032__pictureX_0611_Hall_tree_with_flip_top_seat.png,88114,a5cac759a9840dc2b82844c0bdb015f6990fcff0eecea8c0b4622b70e0af9e31,-51.7860374,10.3584356
1619,1620,G0324__S05__seed_0094,G0324,pictureX_0611_Hall_tree_with_flip_top_seat,5,picture_backed,0611,seed_0094,94,#d83858,/mnt/zsn/lyb/arti-skill/exp/uniform531_n5_studio_256_v1/G0324__S05__seed_0094__pictureX_0611_Hall_tree_with_flip_top_seat.png,85320,57eca635cfe4ddea9ffdfc4f0e756abca2ac941cc8574e56d5154beec469ec28,-51.8629684,11.2708998
1620,1621,G0325__S01__seed_0039,G0325,pictureX_0611_Hand_crank_clothes_wringer,1,picture_backed,0611,seed_0039,39,#6848b8,/mnt/zsn/lyb/arti-skill/exp/uniform531_n5_studio_256_v1/G0325__S01__seed_0039__pictureX_0611_Hand_crank_clothes_wringer.png,86614,bb13b28c619ea24b331d24f1fa950440cddfc336868e87051892dbd306531769,2.89170957,7.98824406
1621,1622,G0325__S02__seed_0079,G0325,pictureX_0611_Hand_crank_clothes_wringer,2,picture_backed,0611,seed_0079,79,#6848b8,/mnt/zsn/lyb/arti-skill/exp/uniform531_n5_studio_256_v1/G0325__S02__seed_0079__pictureX_0611_Hand_crank_clothes_wringer.png,85048,98205855b7b9347c2b6f39050b92a45239bb42e65108044865b8ea82e08a70b8,2.2844646,7.61274242
1622,1623,G0325__S03__seed_0009,G0325,pictureX_0611_Hand_crank_clothes_wringer,3,picture_backed,0611,seed_0009,9,#6848b8,/mnt/zsn/lyb/arti-skill/exp/uniform531_n5_studio_256_v1/G0325__S03__seed_0009__pictureX_0611_Hand_crank_clothes_wringer.png,83966,d082c58342f81e634a917940c9d5f45df023038a767e84a576cea139df76e03d,2.30459833,7.93784332
1623,1624,G0325__S04__seed_0035,G0325,pictureX_0611_Hand_crank_clothes_wringer,4,picture_backed,0611,seed_0035,35,#6848b8,/mnt/zsn/lyb/arti-skill/exp/uniform531_n5_studio_256_v1/G0325__S04__seed_0035__pictureX_0611_Hand_crank_clothes_wringer.png,86362,5a4944242937fd9c03dc2bfff29b6bd19db44fcd2d1bbb03eea2b3a7c600e425,2.32266569,7.55643892
1624,1625,G0325__S05__seed_0067,G0325,pictureX_0611_Hand_crank_clothes_wringer,5,picture_backed,0611,seed_0067,67,#6848b8,/mnt/zsn/lyb/arti-skill/exp/uniform531_n5_studio_256_v1/G0325__S05__seed_0067__pictureX_0611_Hand_crank_clothes_wringer.png,85554,10a529689cb2ce1847610419a31e5cac60dbd0b9909f88f829f11dd9e730dfa5,2.83946705,7.94732523
1625,1626,G0326__S01__seed_0274,G0326,pictureX_0611_hand_operated_metal_brake_for_bending_sheet_metal,1,picture_backed,0611,seed_0274,274,#7868e8,/mnt/zsn/lyb/arti-skill/exp/uniform531_n5_studio_256_v1/G0326__S01__seed_0274__pictureX_0611_hand_operated_metal_brake_for_bending_sheet_metal.png,85301,546f58b3a587e02451882e8325614b99e6bbb4f23f47a8b83473c418db397a5e,4.78978825,26.1910839
1626,1627,G0326__S02__seed_0039,G0326,pictureX_0611_hand_operated_metal_brake_for_bending_sheet_metal,2,picture_backed,0611,seed_0039,39,#7868e8,/mnt/zsn/lyb/arti-skill/exp/uniform531_n5_studio_256_v1/G0326__S02__seed_0039__pictureX_0611_hand_operated_metal_brake_for_bending_sheet_metal.png,88677,0ca15f210fd3e81be9d9c114ac131901cb514aa0ad8c127780d11c3417027bc5,6.9572916,26.4179249
1627,1628,G0326__S03__seed_0279,G0326,pictureX_0611_hand_operated_metal_brake_for_bending_sheet_metal,3,picture_backed,0611,seed_0279,279,#7868e8,/mnt/zsn/lyb/arti-skill/exp/uniform531_n5_studio_256_v1/G0326__S03__seed_0279__pictureX_0611_hand_operated_metal_brake_for_bending_sheet_metal.png,86608,8a2447ee193763a5c06c843509e07c01875bf1c420acbb78169b86664025ae43,4.45136166,26.478323
1628,1629,G0326__S04__seed_0008,G0326,pictureX_0611_hand_operated_metal_brake_for_bending_sheet_metal,4,picture_backed,0611,seed_0008,8,#7868e8,/mnt/zsn/lyb/arti-skill/exp/uniform531_n5_studio_256_v1/G0326__S04__seed_0008__pictureX_0611_hand_operated_metal_brake_for_bending_sheet_metal.png,89749,c7d5410139ed7ebe40a27b84d0bae6771afcd5e4e3095b70120c895f9e7c2ae8,7.0019002,26.4065838
1629,1630,G0326__S05__seed_0077,G0326,pictureX_0611_hand_operated_metal_brake_for_bending_sheet_metal,5,picture_backed,0611,seed_0077,77,#7868e8,/mnt/zsn/lyb/arti-skill/exp/uniform531_n5_studio_256_v1/G0326__S05__seed_0077__pictureX_0611_hand_operated_metal_brake_for_bending_sheet_metal.png,86742,f75578a7e58a5bd47e9d3bea85005f254bbdc0e149414d304d581caf8c4648e0,6.99215269,26.4377556
1630,1631,G0327__S01__seed_0246,G0327,pictureX_0611_Hole_punch,1,picture_backed,0611,seed_0246,246,#6818a8,/mnt/zsn/lyb/arti-skill/exp/uniform531_n5_studio_256_v1/G0327__S01__seed_0246__pictureX_0611_Hole_punch.png,86243,6a2432214e250879fe6762bd00177b47106a4cb8837e05e5f67bfba8d6a46568,5.68964195,23.4877548
1631,1632,G0327__S02__seed_0033,G0327,pictureX_0611_Hole_punch,2,picture_backed,0611,seed_0033,33,#6818a8,/mnt/zsn/lyb/arti-skill/exp/uniform531_n5_studio_256_v1/G0327__S02__seed_0033__pictureX_0611_Hole_punch.png,77379,1460086935cd0a394e847de6fd61b49a86148ea5741ef88f36bfbd26aaeff3c0,8.28447628,19.8061066
1632,1633,G0327__S03__seed_0171,G0327,pictureX_0611_Hole_punch,3,picture_backed,0611,seed_0171,171,#6818a8,/mnt/zsn/lyb/arti-skill/exp/uniform531_n5_studio_256_v1/G0327__S03__seed_0171__pictureX_0611_Hole_punch.png,86040,bf3a827962c501563e1d8b4893704ede3a91f1d0c64844aeac63d6ad54186ae0,5.81874323,22.9304295
1633,1634,G0327__S04__seed_0053,G0327,pictureX_0611_Hole_punch,4,picture_backed,0611,seed_0053,53,#6818a8,/mnt/zsn/lyb/arti-skill/exp/uniform531_n5_studio_256_v1/G0327__S04__seed_0053__pictureX_0611_Hole_punch.png,83792,132cdda0e2e4ce6bd8e251cf897127a9352ffdbc424a15a96b20212cb7fe7711,5.74902487,23.0678539
1634,1635,G0327__S05__seed_0192,G0327,pictureX_0611_Hole_punch,5,picture_backed,0611,seed_0192,192,#6818a8,/mnt/zsn/lyb/arti-skill/exp/uniform531_n5_studio_256_v1/G0327__S05__seed_0192__pictureX_0611_Hole_punch.png,84560,b7957677414a460f9e59c8523a71dfdd35a8713543c44f4b308048ac7315a1d2,5.72833347,22.9411869
1635,1636,G0328__S01__seed_0308,G0328,pictureX_0611_Hutch_Cabinet,1,picture_backed,0611,seed_0308,310,#b85848,/mnt/zsn/lyb/arti-skill/exp/uniform531_n5_studio_256_v1/G0328__S01__seed_0308__pictureX_0611_Hutch_Cabinet.png,92757,0e7956a885baed077af1cefefc449a245db1fd54159359b00ced4da85f037a80,-53.6142426,8.83416653
1636,1637,G0328__S02__seed_0468,G0328,pictureX_0611_Hutch_Cabinet,2,picture_backed,0611,seed_0468,470,#b85848,/mnt/zsn/lyb/arti-skill/exp/uniform531_n5_studio_256_v1/G0328__S02__seed_0468__pictureX_0611_Hutch_Cabinet.png,87332,ef5c7810f149853fb38213441197eab6834ad0a83e62ae329ed5e61afc4bc4e2,-53.6537933,9.89049053
1637,1638,G0328__S03__seed_0582,G0328,pictureX_0611_Hutch_Cabinet,3,picture_backed,0611,seed_0582,584,#b85848,/mnt/zsn/lyb/arti-skill/exp/uniform531_n5_studio_256_v1/G0328__S03__seed_0582__pictureX_0611_Hutch_Cabinet.png,82827,01b9e16ca62f4e073bc11b10e71604a6fc2f2268aeea44f96ff59f1d7ee662c8,-55.7431412,5.55413437
1638,1639,G0328__S04__seed_0150,G0328,pictureX_0611_Hutch_Cabinet,4,picture_backed,0611,seed_0150,152,#b85848,/mnt/zsn/lyb/arti-skill/exp/uniform531_n5_studio_256_v1/G0328__S04__seed_0150__pictureX_0611_Hutch_Cabinet.png,89570,ad54b9852f2652efa5e7374ec1b5ff6acac2600ce3f0096e6e0b8f3e1770bb69,-53.6662292,10.2054119
1639,1640,G0328__S05__seed_0507,G0328,pictureX_0611_Hutch_Cabinet,5,picture_backed,0611,seed_0507,509,#b85848,/mnt/zsn/lyb/arti-skill/exp/uniform531_n5_studio_256_v1/G0328__S05__seed_0507__pictureX_0611_Hutch_Cabinet.png,88276,fbab44b4f9a4fed7c5a089d5cf73e43263ed344b234bc8d3162a55e78eaed456,-57.4576378,6.78308392
1640,1641,G0329__S01__seed_0000,G0329,pictureX_0611_hydraulic_jack,1,picture_backed,0611,seed_0000,0,#5898b8,/mnt/zsn/lyb/arti-skill/exp/uniform531_n5_studio_256_v1/G0329__S01__seed_0000__pictureX_0611_hydraulic_jack.png,80253,3d504267d91c6ede192f3d2784abe5bfaa51b7513fdd16587347b7042cde5dd2,-11.9328194,27.4072495
1641,1642,G0329__S02__seed_0006,G0329,pictureX_0611_hydraulic_jack,2,picture_backed,0611,seed_0006,6,#5898b8,/mnt/zsn/lyb/arti-skill/exp/uniform531_n5_studio_256_v1/G0329__S02__seed_0006__pictureX_0611_hydraulic_jack.png,85560,69a8b562500a93ab6e6c59c6565313003c634e5a612ca3b6928ba2e66a80b918,-7.84346104,-9.34219933
1642,1643,G0329__S03__seed_0039,G0329,pictureX_0611_hydraulic_jack,3,picture_backed,0611,seed_0039,39,#5898b8,/mnt/zsn/lyb/arti-skill/exp/uniform531_n5_studio_256_v1/G0329__S03__seed_0039__pictureX_0611_hydraulic_jack.png,94505,23a35f6a8f368e728879398c498e4383c7161045037eee66da2a0f6151433660,-7.81698275,-7.93206739
1643,1644,G0329__S04__seed_0064,G0329,pictureX_0611_hydraulic_jack,4,picture_backed,0611,seed_0064,64,#5898b8,/mnt/zsn/lyb/arti-skill/exp/uniform531_n5_studio_256_v1/G0329__S04__seed_0064__pictureX_0611_hydraulic_jack.png,88717,04565f7d4e2c348b313067bfab310e254f34f5d923276c445c19268abc96bf8f,-7.85977173,-9.17733002
1644,1645,G0329__S05__seed_0048,G0329,pictureX_0611_hydraulic_jack,5,picture_backed,0611,seed_0048,48,#5898b8,/mnt/zsn/lyb/arti-skill/exp/uniform531_n5_studio_256_v1/G0329__S05__seed_0048__pictureX_0611_hydraulic_jack.png,81358,4687d40c61ce791d8290c4a0975e2561c96daa4da6fc81d3f7b1c926eea7dcc2,-11.8986378,27.2646236
1645,1646,G0330__S01__seed_0019,G0330,pictureX_0611_hydraulic_jack1,1,picture_backed,0611,seed_0019,19,#88c8c8,/mnt/zsn/lyb/arti-skill/exp/uniform531_n5_studio_256_v1/G0330__S01__seed_0019__pictureX_0611_hydraulic_jack1.png,78995,062287f29093b2db736e6b6305d69f1db99e611039dfed306cf276709ed4217e,20.8751335,6.88497496
1646,1647,G0330__S02__seed_0011,G0330,pictureX_0611_hydraulic_jack1,2,picture_backed,0611,seed_0011,11,#88c8c8,/mnt/zsn/lyb/arti-skill/exp/uniform531_n5_studio_256_v1/G0330__S02__seed_0011__pictureX_0611_hydraulic_jack1.png,77740,e43190ea715d7ea9e972b84e3a4d04ffd05e50c153d25c82cdc2ffad18603dcd,20.3870945,7.65103245
1647,1648,G0330__S03__seed_0008,G0330,pictureX_0611_hydraulic_jack1,3,picture_backed,0611,seed_0008,8,#88c8c8,/mnt/zsn/lyb/arti-skill/exp/uniform531_n5_studio_256_v1/G0330__S03__seed_0008__pictureX_0611_hydraulic_jack1.png,81932,bf17e2c738266e53ff62a46705d1770020cebe5cc8655c1034fe659ee37a2fee,21.0880661,6.62254
1648,1649,G0330__S04__seed_0018,G0330,pictureX_0611_hydraulic_jack1,4,picture_backed,0611,seed_0018,18,#88c8c8,/mnt/zsn/lyb/arti-skill/exp/uniform531_n5_studio_256_v1/G0330__S04__seed_0018__pictureX_0611_hydraulic_jack1.png,78263,7fbfe8c3f6372f7523658feee59112822c94d030ba3c41f4ee36555c05459c16,21.0643692,6.64301634
1649,1650,G0330__S05__seed_0001,G0330,pictureX_0611_hydraulic_jack1,5,picture_backed,0611,seed_0001,1,#88c8c8,/mnt/zsn/lyb/arti-skill/exp/uniform531_n5_studio_256_v1/G0330__S05__seed_0001__pictureX_0611_hydraulic_jack1.png,81540,9c05aac5d62fd5c2e3a4f51996e70441f700820aa01a7a35df6702891a9c3819,20.8826199,7.60852766
1650,1651,G0331__S01__seed_0075,G0331,pictureX_0611_hydraulic_jack2,1,picture_backed,0611,seed_0075,75,#683848,/mnt/zsn/lyb/arti-skill/exp/uniform531_n5_studio_256_v1/G0331__S01__seed_0075__pictureX_0611_hydraulic_jack2.png,77809,dfc05a6bd0c9a8a264bf4091a2e7cf2e6a6065683db0aa964ac6093b3a319e70,5.81837845,41.2855568
1651,1652,G0331__S02__seed_0047,G0331,pictureX_0611_hydraulic_jack2,2,picture_backed,0611,seed_0047,47,#683848,/mnt/zsn/lyb/arti-skill/exp/uniform531_n5_studio_256_v1/G0331__S02__seed_0047__pictureX_0611_hydraulic_jack2.png,82854,819a6c3b3f1547b27d443f5cffaa2834af9207c34df91ca0ca29ec107be1fb01,5.89087343,41.8469276
1652,1653,G0331__S03__seed_0002,G0331,pictureX_0611_hydraulic_jack2,3,picture_backed,0611,seed_0002,2,#683848,/mnt/zsn/lyb/arti-skill/exp/uniform531_n5_studio_256_v1/G0331__S03__seed_0002__pictureX_0611_hydraulic_jack2.png,77172,f2e4c36f4cf85ad28544ac3c73aeef85faf164fa2e8c70ee91e25cdd2f3189fe,5.83039808,40.9972649
1653,1654,G0331__S04__seed_0078,G0331,pictureX_0611_hydraulic_jack2,4,picture_backed,0611,seed_0078,78,#683848,/mnt/zsn/lyb/arti-skill/exp/uniform531_n5_studio_256_v1/G0331__S04__seed_0078__pictureX_0611_hydraulic_jack2.png,80254,b47f9450869db835f7e00347b502e56ab724d0ac890a24556988b6034b4cad07,5.97472191,42.1298599
1654,1655,G0331__S05__seed_0063,G0331,pictureX_0611_hydraulic_jack2,5,picture_backed,0611,seed_0063,63,#683848,/mnt/zsn/lyb/arti-skill/exp/uniform531_n5_studio_256_v1/G0331__S05__seed_0063__pictureX_0611_hydraulic_jack2.png,83686,d583bb833ee349b7021dfce898f4403bd8708733287ff212f38a8805961c2dcb,5.73150206,41.5669479
1655,1656,G0332__S01__seed_0083,G0332,pictureX_0611_Ice_crream_machine,1,picture_backed,0611,seed_0083,83,#1838d8,/mnt/zsn/lyb/arti-skill/exp/uniform531_n5_studio_256_v1/G0332__S01__seed_0083__pictureX_0611_Ice_crream_machine.png,81606,4eb34ec8bc8d82a51418c27656f56ddf2e6fdf77e5a9e23254c446b12808c9f0,2.46823096,-29.2037029
1656,1657,G0332__S02__seed_0108,G0332,pictureX_0611_Ice_crream_machine,2,picture_backed,0611,seed_0108,108,#1838d8,/mnt/zsn/lyb/arti-skill/exp/uniform531_n5_studio_256_v1/G0332__S02__seed_0108__pictureX_0611_Ice_crream_machine.png,83008,ef97d99df59de57b4709507c9b931c72f798c043b9bf53e6948a0caec0df9fcd,2.43067002,-29.1430359
1657,1658,G0332__S03__seed_0149,G0332,pictureX_0611_Ice_crream_machine,3,picture_backed,0611,seed_0149,149,#1838d8,/mnt/zsn/lyb/arti-skill/exp/uniform531_n5_studio_256_v1/G0332__S03__seed_0149__pictureX_0611_Ice_crream_machine.png,84264,feb503da4e80d3932f32b1e41d2fce1a74c926c0fe4076e949e9fa6fa5629384,-11.8285379,-11.6066885
1658,1659,G0332__S04__seed_0118,G0332,pictureX_0611_Ice_crream_machine,4,picture_backed,0611,seed_0118,118,#1838d8,/mnt/zsn/lyb/arti-skill/exp/uniform531_n5_studio_256_v1/G0332__S04__seed_0118__pictureX_0611_Ice_crream_machine.png,81241,930d57377688d3f9d07b86c084b16f8b4ca160b853eff32a6335ee00e0de0db9,-12.0606146,-12.0264635
1659,1660,G0332__S05__seed_0046,G0332,pictureX_0611_Ice_crream_machine,5,picture_backed,0611,seed_0046,46,#1838d8,/mnt/zsn/lyb/arti-skill/exp/uniform531_n5_studio_256_v1/G0332__S05__seed_0046__pictureX_0611_Ice_crream_machine.png,79421,206422b90e5a5db9fce88e2f773b5081b8eaf7819812f3e2953562eb4d5906f8,0.766134083,-29.5939903
1660,1661,G0333__S01__seed_0000,G0333,pictureX_0611_industrial_crane_featuring_advanced_hydraulic,1,picture_backed,0611,seed_0000,0,#588868,/mnt/zsn/lyb/arti-skill/exp/uniform531_n5_studio_256_v1/G0333__S01__seed_0000__pictureX_0611_industrial_crane_featuring_advanced_hydraulic.png,79725,25a9d7db694ad3a9f7691f385ba96809d9da34289a2dad4b2acbe4c53077027a,20.4747238,26.1677799
1661,1662,G0333__S02__seed_0013,G0333,pictureX_0611_industrial_crane_featuring_advanced_hydraulic,2,picture_backed,0611,seed_0013,14,#588868,/mnt/zsn/lyb/arti-skill/exp/uniform531_n5_studio_256_v1/G0333__S02__seed_0013__pictureX_0611_industrial_crane_featuring_advanced_hydraulic.png,77438,0fb8200ed0a75aa63682f55fa48d21976fb215508e6142ff2c7fb4d3d75e6a31,20.4967594,25.6374397
1662,1663,G0333__S03__seed_0003,G0333,pictureX_0611_industrial_crane_featuring_advanced_hydraulic,3,picture_backed,0611,seed_0003,3,#588868,/mnt/zsn/lyb/arti-skill/exp/uniform531_n5_studio_256_v1/G0333__S03__seed_0003__pictureX_0611_industrial_crane_featuring_advanced_hydraulic.png,82081,019e5f9f219ee39b3e6031dfda3452f36b9d9a2bc6ca55881e01008fb7a3af77,20.5598469,26.3088055
1663,1664,G0333__S04__seed_0035,G0333,pictureX_0611_industrial_crane_featuring_advanced_hydraulic,4,picture_backed,0611,seed_0035,36,#588868,/mnt/zsn/lyb/arti-skill/exp/uniform531_n5_studio_256_v1/G0333__S04__seed_0035__pictureX_0611_industrial_crane_featuring_advanced_hydraulic.png,79724,e5bcc58869a137bb11c15e145465212d6629b9bf2c81b5b2f808e20900c740ce,20.5510693,26.4028835
1664,1665,G0333__S05__seed_0057,G0333,pictureX_0611_industrial_crane_featuring_advanced_hydraulic,5,picture_backed,0611,seed_0057,58,#588868,/mnt/zsn/lyb/arti-skill/exp/uniform531_n5_studio_256_v1/G0333__S05__seed_0057__pictureX_0611_industrial_crane_featuring_advanced_hydraulic.png,76518,46fd8b11087c7ce99ed90db977027d728e9644b94986cf852b471aab51f805b4,20.7568245,25.6715202
1665,1666,G0334__S01__seed_0127,G0334,pictureX_0611_Industrial_rolling_work_table,1,picture_backed,0611,seed_0127,127,#4818e8,/mnt/zsn/lyb/arti-skill/exp/uniform531_n5_studio_256_v1/G0334__S01__seed_0127__pictureX_0611_Industrial_rolling_work_table.png,94722,24cb59caba9bebce81140e6f6b4044f670d66d8df211d12837c5412180b3c0ac,-41.5695801,22.6499348
1666,1667,G0334__S02__seed_0091,G0334,pictureX_0611_Industrial_rolling_work_table,2,picture_backed,0611,seed_0091,91,#4818e8,/mnt/zsn/lyb/arti-skill/exp/uniform531_n5_studio_256_v1/G0334__S02__seed_0091__pictureX_0611_Industrial_rolling_work_table.png,88601,bbfedace9afbf776276a7f5554be77bb868d49dc285edc6bd4dd5ac678845621,-29.6728191,37.1609154
1667,1668,G0334__S03__seed_0001,G0334,pictureX_0611_Industrial_rolling_work_table,3,picture_backed,0611,seed_0001,1,#4818e8,/mnt/zsn/lyb/arti-skill/exp/uniform531_n5_studio_256_v1/G0334__S03__seed_0001__pictureX_0611_Industrial_rolling_work_table.png,95551,971db5fe016726dd8e45c2979a4d2a2d62fda443b09aa7500220b98608a10a97,-41.8611946,22.4530582
1668,1669,G0334__S04__seed_0055,G0334,pictureX_0611_Industrial_rolling_work_table,4,picture_backed,0611,seed_0055,55,#4818e8,/mnt/zsn/lyb/arti-skill/exp/uniform531_n5_studio_256_v1/G0334__S04__seed_0055__pictureX_0611_Industrial_rolling_work_table.png,89578,3081e0450a96810f5918257bff1262b580aac3d9ec6cfbfbfec6b4ac7e98de60,-41.8116226,23.1343956
1669,1670,G0334__S05__seed_0134,G0334,pictureX_0611_Industrial_rolling_work_table,5,picture_backed,0611,seed_0134,134,#4818e8,/mnt/zsn/lyb/arti-skill/exp/uniform531_n5_studio_256_v1/G0334__S05__seed_0134__pictureX_0611_Industrial_rolling_work_table.png,90071,1b641bf14085559cd5a26dcb182ad70f14fafdad8f895016093e79cd56dc9023,-40.8315353,23.1572609
1670,1671,G0335__S01__seed_0013,G0335,pictureX_0611_ironing_board2,1,picture_backed,0611,seed_0013,13,#8818a8,/mnt/zsn/lyb/arti-skill/exp/uniform531_n5_studio_256_v1/G0335__S01__seed_0013__pictureX_0611_ironing_board2.png,80178,13563770b1b6f4d73ad584f6cd2854e726b5a0dd315a053aa8e18638a64d06dd,-33.0909081,39.2245865
1671,1672,G0335__S02__seed_0005,G0335,pictureX_0611_ironing_board2,2,picture_backed,0611,seed_0005,5,#8818a8,/mnt/zsn/lyb/arti-skill/exp/uniform531_n5_studio_256_v1/G0335__S02__seed_0005__pictureX_0611_ironing_board2.png,79730,63c9892f286f9caf3bb00253419a1f957441c3592aa504914bac9be321af0b28,-27.9543953,43.6064186
1672,1673,G0335__S03__seed_0004,G0335,pictureX_0611_ironing_board2,3,picture_backed,0611,seed_0004,4,#8818a8,/mnt/zsn/lyb/arti-skill/exp/uniform531_n5_studio_256_v1/G0335__S03__seed_0004__pictureX_0611_ironing_board2.png,72550,a26cde4e4d42de69cb427c36f1b7aff1fcd2dd944cc1625aaaedb16d852e0403,24.5906811,16.5088577
1673,1674,G0335__S04__seed_0017,G0335,pictureX_0611_ironing_board2,4,picture_backed,0611,seed_0017,17,#8818a8,/mnt/zsn/lyb/arti-skill/exp/uniform531_n5_studio_256_v1/G0335__S04__seed_0017__pictureX_0611_ironing_board2.png,79641,50f2b538aed13d609fd5ed0b055043a39c41b6f717684bb975da57e94037981d,-32.0178719,40.0287552
1674,1675,G0335__S05__seed_0000,G0335,pictureX_0611_ironing_board2,5,picture_backed,0611,seed_0000,0,#8818a8,/mnt/zsn/lyb/arti-skill/exp/uniform531_n5_studio_256_v1/G0335__S05__seed_0000__pictureX_0611_ironing_board2.png,82093,7092fbdcb13b7e4183624f32a8c60caa17b77fe92c2bf3b5a00182a8e874f973,-27.8392639,43.6455116
1675,1676,G0336__S01__seed_0118,G0336,pictureX_0611_juicer_press_with_handle,1,picture_backed,0611,seed_0118,118,#78a838,/mnt/zsn/lyb/arti-skill/exp/uniform531_n5_studio_256_v1/G0336__S01__seed_0118__pictureX_0611_juicer_press_with_handle.png,78549,76de0fce025c346d6d0b2f81651fc30f623382ea3797b0aae7b953412fe7be8e,10.8455172,10.7587204
1676,1677,G0336__S02__seed_0063,G0336,pictureX_0611_juicer_press_with_handle,2,picture_backed,0611,seed_0063,63,#78a838,/mnt/zsn/lyb/arti-skill/exp/uniform531_n5_studio_256_v1/G0336__S02__seed_0063__pictureX_0611_juicer_press_with_handle.png,80305,7ee56f746a726f41deec9b613e574fb042caa5e87ab4a65fc007aa2069c86003,10.841814,11.0996933
1677,1678,G0336__S03__seed_0141,G0336,pictureX_0611_juicer_press_with_handle,3,picture_backed,0611,seed_0141,141,#78a838,/mnt/zsn/lyb/arti-skill/exp/uniform531_n5_studio_256_v1/G0336__S03__seed_0141__pictureX_0611_juicer_press_with_handle.png,80799,04df12240782776c944d191c4dcd0d6e8188b9a261a2aeff2dfb517606014d41,10.4641304,9.97486305
1678,1679,G0336__S04__seed_0200,G0336,pictureX_0611_juicer_press_with_handle,4,picture_backed,0611,seed_0200,200,#78a838,/mnt/zsn/lyb/arti-skill/exp/uniform531_n5_studio_256_v1/G0336__S04__seed_0200__pictureX_0611_juicer_press_with_handle.png,82455,a9451792613e1a74e6057c24c79d2bb154ef290060f98ddfcbc6dab045a3571c,10.5192156,10.377079
1679,1680,G0336__S05__seed_0004,G0336,pictureX_0611_juicer_press_with_handle,5,picture_backed,0611,seed_0004,4,#78a838,/mnt/zsn/lyb/arti-skill/exp/uniform531_n5_studio_256_v1/G0336__S05__seed_0004__pictureX_0611_juicer_press_with_handle.png,75295,f6f3cde4d36f453a1c14f72b71e0adb2f1ae958280a4b503699c113617951afb,11.4593449,11.3440866
1680,1681,G0337__S01__seed_0312,G0337,pictureX_0611_kitchen_cabinet,1,picture_backed,0611,seed_0312,312,#18c8b8,/mnt/zsn/lyb/arti-skill/exp/uniform531_n5_studio_256_v1/G0337__S01__seed_0312__pictureX_0611_kitchen_cabinet.png,85077,ffb103b2ae4348a3ebfa6b12dffdfc6d66d1cd0fcd957ca88b9d703b72d36710,-42.3126411,-4.86114168
1681,1682,G0337__S02__seed_0643,G0337,pictureX_0611_kitchen_cabinet,2,picture_backed,0611,seed_0643,643,#18c8b8,/mnt/zsn/lyb/arti-skill/exp/uniform531_n5_studio_256_v1/G0337__S02__seed_0643__pictureX_0611_kitchen_cabinet.png,93812,c555de11fcfe257a80e0489f8460f619a9b7fcb14f9e8e438ff12c707a3bb36c,-54.7002373,2.40199971
1682,1683,G0337__S03__seed_1243,G0337,pictureX_0611_kitchen_cabinet,3,picture_backed,0611,seed_1243,1243,#18c8b8,/mnt/zsn/lyb/arti-skill/exp/uniform531_n5_studio_256_v1/G0337__S03__seed_1243__pictureX_0611_kitchen_cabinet.png,94078,1c140b6ddbe3f1acbd3402f65f8557dccea97a5684a16a919a10faa380fa023f,-53.6538315,2.97749734
1683,1684,G0337__S04__seed_0186,G0337,pictureX_0611_kitchen_cabinet,4,picture_backed,0611,seed_0186,186,#18c8b8,/mnt/zsn/lyb/arti-skill/exp/uniform531_n5_studio_256_v1/G0337__S04__seed_0186__pictureX_0611_kitchen_cabinet.png,92823,e502cb2c06950176d783ee3d30622041b97ef92eb9716ea630f90385337822d9,-53.9761658,3.02581906
1684,1685,G0337__S05__seed_0529,G0337,pictureX_0611_kitchen_cabinet,5,picture_backed,0611,seed_0529,529,#18c8b8,/mnt/zsn/lyb/arti-skill/exp/uniform531_n5_studio_256_v1/G0337__S05__seed_0529__pictureX_0611_kitchen_cabinet.png,83475,8431fa17105da0849b37a8b5ca72b7b84b10ecd1a968af292c74dead34c23852,-52.3305817,2.70797896
1685,1686,G0338__S01__seed_0004,G0338,pictureX_0611_Kitchen_set,1,picture_backed,0611,seed_0004,4,#d858a8,/mnt/zsn/lyb/arti-skill/exp/uniform531_n5_studio_256_v1/G0338__S01__seed_0004__pictureX_0611_Kitchen_set.png,78197,9bbb0340505032588430ec1fdd934d8acfee7a8b0dd493aa369af324e1dde059,-24.515522,19.9397736
1686,1687,G0338__S02__seed_0008,G0338,pictureX_0611_Kitchen_set,2,picture_backed,0611,seed_0008,8,#d858a8,/mnt/zsn/lyb/arti-skill/exp/uniform531_n5_studio_256_v1/G0338__S02__seed_0008__pictureX_0611_Kitchen_set.png,81042,ec1846579aeb5ae2d525597ee0f7768ce72e898daaf0279620be35bbc31fe3ad,-24.8997822,18.7258644
1687,1688,G0338__S03__seed_0010,G0338,pictureX_0611_Kitchen_set,3,picture_backed,0611,seed_0010,10,#d858a8,/mnt/zsn/lyb/arti-skill/exp/uniform531_n5_studio_256_v1/G0338__S03__seed_0010__pictureX_0611_Kitchen_set.png,80736,11740148203470d2498dfb5d5e8c9dfe18794d587c8d575c04434d59a72982cd,-24.7613888,19.4113064
1688,1689,G0338__S04__seed_0046,G0338,pictureX_0611_Kitchen_set,4,picture_backed,0611,seed_0046,46,#d858a8,/mnt/zsn/lyb/arti-skill/exp/uniform531_n5_studio_256_v1/G0338__S04__seed_0046__pictureX_0611_Kitchen_set.png,81835,5e5c435bd7f68e59e5734a0c2bb4bd8f14fb6190e04ccb3bedc77778f25d76f3,-25.0044689,19.0098991
1689,1690,G0338__S05__seed_0006,G0338,pictureX_0611_Kitchen_set,5,picture_backed,0611,seed_0006,6,#d858a8,/mnt/zsn/lyb/arti-skill/exp/uniform531_n5_studio_256_v1/G0338__S05__seed_0006__pictureX_0611_Kitchen_set.png,82725,f4b799fba2486278dc468a736ed663ade37f7f67892a0b108682cb992dd576b9,-24.837677,18.6739826
1690,1691,G0339__S01__seed_0019,G0339,pictureX_0611_laser_level_tripod,1,picture_backed,0611,seed_0019,19,#b858a8,/mnt/zsn/lyb/arti-skill/exp/uniform531_n5_studio_256_v1/G0339__S01__seed_0019__pictureX_0611_laser_level_tripod.png,78128,1745a2554c0bdfd034c72ac61f2b6a991fc245b9b9442c315503f864c2aa9ffa,65.7245026,1.28628242
1691,1692,G0339__S02__seed_0026,G0339,pictureX_0611_laser_level_tripod,2,picture_backed,0611,seed_0026,26,#b858a8,/mnt/zsn/lyb/arti-skill/exp/uniform531_n5_studio_256_v1/G0339__S02__seed_0026__pictureX_0611_laser_level_tripod.png,76951,a34f5bd088c40c015f3ffef64bed483ab0c971ced92cddf8aff148f956c8a66d,66.0096664,1.40536153
1692,1693,G0339__S03__seed_0018,G0339,pictureX_0611_laser_level_tripod,3,picture_backed,0611,seed_0018,18,#b858a8,/mnt/zsn/lyb/arti-skill/exp/uniform531_n5_studio_256_v1/G0339__S03__seed_0018__pictureX_0611_laser_level_tripod.png,78190,789c937121edca4ec0326f2bac6c7ec038ac814c02d12fd16310aaf4258e4b25,66.0196991,1.77982795
1693,1694,G0339__S04__seed_0025,G0339,pictureX_0611_laser_level_tripod,4,picture_backed,0611,seed_0025,25,#b858a8,/mnt/zsn/lyb/arti-skill/exp/uniform531_n5_studio_256_v1/G0339__S04__seed_0025__pictureX_0611_laser_level_tripod.png,76760,1789b7577b14ecb8162652937c47e72b816f0302d571bf26e222c6f07b9902f4,65.4848862,1.50098288
1694,1695,G0339__S05__seed_0004,G0339,pictureX_0611_laser_level_tripod,5,picture_backed,0611,seed_0004,4,#b858a8,/mnt/zsn/lyb/arti-skill/exp/uniform531_n5_studio_256_v1/G0339__S05__seed_0004__pictureX_0611_laser_level_tripod.png,77116,6e3bdf4a8bf5dcbf4c1c37ea63e197f17f9606b2dc2a23984d4c144dda50b83a,66.0914459,2.02555203
1695,1696,G0340__S01__seed_1046,G0340,pictureX_0611_lazy_susan,1,picture_backed,0611,seed_1046,1046,#b848b8,/mnt/zsn/lyb/arti-skill/exp/uniform531_n5_studio_256_v1/G0340__S01__seed_1046__pictureX_0611_lazy_susan.png,76008,6a9bc39ed8aac1cd715400fb9d5c48e99cc2b4ab22c533d73521a693f1a8572d,-17.224781,19.8927193
1696,1697,G0340__S02__seed_1164,G0340,pictureX_0611_lazy_susan,2,picture_backed,0611,seed_1164,1164,#b848b8,/mnt/zsn/lyb/arti-skill/exp/uniform531_n5_studio_256_v1/G0340__S02__seed_1164__pictureX_0611_lazy_susan.png,76311,9a1f74954ee2415c6938bba40459e90b7eb72e0f4855fbd5e55073c87d4a2182,-0.745331466,-14.5310593
1697,1698,G0340__S03__seed_0588,G0340,pictureX_0611_lazy_susan,3,picture_backed,0611,seed_0588,588,#b848b8,/mnt/zsn/lyb/arti-skill/exp/uniform531_n5_studio_256_v1/G0340__S03__seed_0588__pictureX_0611_lazy_susan.png,76195,402447a05a7f9f099aa846f96c81388728bfdc2a83ad4e3e852178051feab468,0.392759353,-13.6600075
1698,1699,G0340__S04__seed_1413,G0340,pictureX_0611_lazy_susan,4,picture_backed,0611,seed_1413,1413,#b848b8,/mnt/zsn/lyb/arti-skill/exp/uniform531_n5_studio_256_v1/G0340__S04__seed_1413__pictureX_0611_lazy_susan.png,76073,661c05e7596790fc8e3ed847aa42984486db92c3048485c49f3f0009f6713094,-3.95881057,-16.1612625
1699,1700,G0340__S05__seed_0411,G0340,pictureX_0611_lazy_susan,5,picture_backed,0611,seed_0411,411,#b848b8,/mnt/zsn/lyb/arti-skill/exp/uniform531_n5_studio_256_v1/G0340__S05__seed_0411__pictureX_0611_lazy_susan.png,80915,d4bb2a12da1932901e339b64ec2457794ca8293cda00c5a5646474728dc26e39,-0.842235208,-14.5516357
1700,1701,G0341__S01__seed_0015,G0341,pictureX_0611_Lid_opener,1,picture_backed,0611,seed_0015,15,#5828b8,/mnt/zsn/lyb/arti-skill/exp/uniform531_n5_studio_256_v1/G0341__S01__seed_0015__pictureX_0611_Lid_opener.png,72561,7ec9632fc21f609ac946777a5b4f6bd82953235446fa3edbae93d51941c43cf7,65.0045547,26.213728
1701,1702,G0341__S02__seed_0056,G0341,pictureX_0611_Lid_opener,2,picture_backed,0611,seed_0056,56,#5828b8,/mnt/zsn/lyb/arti-skill/exp/uniform531_n5_studio_256_v1/G0341__S02__seed_0056__pictureX_0611_Lid_opener.png,76455,df27a70e1891b2fc8632dd3769991ba085f3690d57ce0b4f934c3d8080faab64,61.4776115,24.6307392
1702,1703,G0341__S03__seed_0059,G0341,pictureX_0611_Lid_opener,3,picture_backed,0611,seed_0059,59,#5828b8,/mnt/zsn/lyb/arti-skill/exp/uniform531_n5_studio_256_v1/G0341__S03__seed_0059__pictureX_0611_Lid_opener.png,73164,f8b4942fea4e54b73852e6391caf31d8a7333fabc1ea74ec6f84a7c97cb8f39a,62.3642082,25.3834343
1703,1704,G0341__S04__seed_0009,G0341,pictureX_0611_Lid_opener,4,picture_backed,0611,seed_0009,9,#5828b8,/mnt/zsn/lyb/arti-skill/exp/uniform531_n5_studio_256_v1/G0341__S04__seed_0009__pictureX_0611_Lid_opener.png,72961,09efc9e7f68896e48474a15cb280535b91d88fdcd79284d83778ed9785cc77b1,62.3919792,25.3512726
1704,1705,G0341__S05__seed_0000,G0341,pictureX_0611_Lid_opener,5,picture_backed,0611,seed_0000,0,#5828b8,/mnt/zsn/lyb/arti-skill/exp/uniform531_n5_studio_256_v1/G0341__S05__seed_0000__pictureX_0611_Lid_opener.png,73194,55a95d9fd11d13cd41f842fae48fee109ce5aa643904accda91ceb12993b9c6f,64.4630585,26.1731663
1705,1706,G0342__S01__seed_0046,G0342,pictureX_0611_linear_bearing_slide_with_rail,1,picture_backed,0611,seed_0046,46,#582878,/mnt/zsn/lyb/arti-skill/exp/uniform531_n5_studio_256_v1/G0342__S01__seed_0046__pictureX_0611_linear_bearing_slide_with_rail.png,77190,dabb4a9c36bb86b3426c8949a1e6d1e7946cdae6140027c11f7d3c795dd58121,0.968693137,21.9650745
1706,1707,G0342__S02__seed_0050,G0342,pictureX_0611_linear_bearing_slide_with_rail,2,picture_backed,0611,seed_0050,50,#582878,/mnt/zsn/lyb/arti-skill/exp/uniform531_n5_studio_256_v1/G0342__S02__seed_0050__pictureX_0611_linear_bearing_slide_with_rail.png,76049,9060fe773c89fd8959cc64a419be4dd48a5e9b8eba7c6b3fb0f679705432c43c,33.2921829,16.2838554
1707,1708,G0342__S03__seed_0023,G0342,pictureX_0611_linear_bearing_slide_with_rail,3,picture_backed,0611,seed_0023,23,#582878,/mnt/zsn/lyb/arti-skill/exp/uniform531_n5_studio_256_v1/G0342__S03__seed_0023__pictureX_0611_linear_bearing_slide_with_rail.png,74975,a137301500f9cc22d76842042ab866939323a0e28043f4d6a3efb3b26ee3bc53,34.472126,17.650547
1708,1709,G0342__S04__seed_0034,G0342,pictureX_0611_linear_bearing_slide_with_rail,4,picture_backed,0611,seed_0034,34,#582878,/mnt/zsn/lyb/arti-skill/exp/uniform531_n5_studio_256_v1/G0342__S04__seed_0034__pictureX_0611_linear_bearing_slide_with_rail.png,75429,954319a9600ff2aae31a9bd06a60574ea24c594a181ffd802e46daaea175a01c,1.64983165,22.3665276
1709,1710,G0342__S05__seed_0026,G0342,pictureX_0611_linear_bearing_slide_with_rail,5,picture_backed,0611,seed_0026,26,#582878,/mnt/zsn/lyb/arti-skill/exp/uniform531_n5_studio_256_v1/G0342__S05__seed_0026__pictureX_0611_linear_bearing_slide_with_rail.png,75711,4bcbcec68d9af49d17056ff762aae6d2138043a862cd737da177794b525fbfcc,2.37888479,22.6169243
1710,1711,G0343__S01__seed_0038,G0343,pictureX_0611_Locker_box,1,picture_backed,0611,seed_0038,38,#483878,/mnt/zsn/lyb/arti-skill/exp/uniform531_n5_studio_256_v1/G0343__S01__seed_0038__pictureX_0611_Locker_box.png,77338,b18044fc68d73600f60472f9a0954f4c68d40a298d5741b00b0c4c56b0a09544,-34.1685562,-36.7571602
1711,1712,G0343__S02__seed_0043,G0343,pictureX_0611_Locker_box,2,picture_backed,0611,seed_0043,43,#483878,/mnt/zsn/lyb/arti-skill/exp/uniform531_n5_studio_256_v1/G0343__S02__seed_0043__pictureX_0611_Locker_box.png,79083,a3fd2df6c10ec5ec04489334f5da07a8525afae0979a977928502921c34197c5,-35.8009224,-38.0308647
1712,1713,G0343__S03__seed_0066,G0343,pictureX_0611_Locker_box,3,picture_backed,0611,seed_0066,66,#483878,/mnt/zsn/lyb/arti-skill/exp/uniform531_n5_studio_256_v1/G0343__S03__seed_0066__pictureX_0611_Locker_box.png,72346,081f4b80134a762aa90032b7e5c6ee997b448b4317232dc433b84905601b1616,-34.0185204,-36.5727234
1713,1714,G0343__S04__seed_0007,G0343,pictureX_0611_Locker_box,4,picture_backed,0611,seed_0007,7,#483878,/mnt/zsn/lyb/arti-skill/exp/uniform531_n5_studio_256_v1/G0343__S04__seed_0007__pictureX_0611_Locker_box.png,72236,3014092e5cb90e04255e64f60531988b81ecd78da3eb26dc82dd6d55e5c358a9,-34.5310593,-28.2374058
1714,1715,G0343__S05__seed_0019,G0343,pictureX_0611_Locker_box,5,picture_backed,0611,seed_0019,19,#483878,/mnt/zsn/lyb/arti-skill/exp/uniform531_n5_studio_256_v1/G0343__S05__seed_0019__pictureX_0611_Locker_box.png,73055,dc094341c0dabc35dc6397126282cd7937aaae4f81951132f023ccaaa7604efe,-34.0856743,-36.6878052
1715,1716,G0344__S01__seed_0047,G0344,pilers_cutting_pliers,1,picture_backed,0611,seed_0047,47,#2868e8,/mnt/zsn/lyb/arti-skill/exp/uniform531_n5_studio_256_v1/G0344__S01__seed_0047__pilers_cutting_pliers.png,76972,a5f83ebfa30dbe3f9508bf0395097ea71fee79df9e5a8165850f0e718ebe80e1,61.3257751,20.7394505
1716,1717,G0344__S02__seed_0004,G0344,pilers_cutting_pliers,2,picture_backed,0611,seed_0004,4,#2868e8,/mnt/zsn/lyb/arti-skill/exp/uniform531_n5_studio_256_v1/G0344__S02__seed_0004__pilers_cutting_pliers.png,77640,d156ae4b24b988b019e70b70df5bb2d5babb4d9b61258f41757bb4d96d1fac44,61.5304184,20.9106197
1717,1718,G0344__S03__seed_0046,G0344,pilers_cutting_pliers,3,picture_backed,0611,seed_0046,46,#2868e8,/mnt/zsn/lyb/arti-skill/exp/uniform531_n5_studio_256_v1/G0344__S03__seed_0046__pilers_cutting_pliers.png,76208,4f218a03dd3317e00e66345690a1980f42406aa23cb25b56139562bc1b3eeb34,62.1944466,21.7768841
1718,1719,G0344__S04__seed_0092,G0344,pilers_cutting_pliers,4,picture_backed,0611,seed_0092,92,#2868e8,/mnt/zsn/lyb/arti-skill/exp/uniform531_n5_studio_256_v1/G0344__S04__seed_0092__pilers_cutting_pliers.png,75574,93d97a9f9daa0fda486846c5cbcfac94e008fece298e9081ab1d0d7af784a0ba,61.8782501,21.2456722
1719,1720,G0344__S05__seed_0035,G0344,pilers_cutting_pliers,5,picture_backed,0611,seed_0035,35,#2868e8,/mnt/zsn/lyb/arti-skill/exp/uniform531_n5_studio_256_v1/G0344__S05__seed_0035__pilers_cutting_pliers.png,78358,9970fd51db682896d1089c29b19fd3e4abae0276a50debe6be06e9d77be2b63f,61.7149582,21.3900719
1720,1721,G0345__S01__seed_0088,G0345,pilers_fencing_pliers,1,picture_backed,0611,seed_0088,88,#3818a8,/mnt/zsn/lyb/arti-skill/exp/uniform531_n5_studio_256_v1/G0345__S01__seed_0088__pilers_fencing_pliers.png,71285,6cef2b77b5a9b32e3122472806014050b72b3b9eb19eab2cac43f50e1766d186,65.6717377,22.206049
1721,1722,G0345__S02__seed_0098,G0345,pilers_fencing_pliers,2,picture_backed,0611,seed_0098,98,#3818a8,/mnt/zsn/lyb/arti-skill/exp/uniform531_n5_studio_256_v1/G0345__S02__seed_0098__pilers_fencing_pliers.png,71841,8bcb66be7ee9439271c6807e0202a866b6b800e3b401f939ce56c2528b3b10b2,65.5595856,21.4576454
1722,1723,G0345__S03__seed_0050,G0345,pilers_fencing_pliers,3,picture_backed,0611,seed_0050,50,#3818a8,/mnt/zsn/lyb/arti-skill/exp/uniform531_n5_studio_256_v1/G0345__S03__seed_0050__pilers_fencing_pliers.png,72642,761feb7efe3b653b5bea9a468608bb8940c3b80f87b417ac8127f6a1d9131229,66.7583847,23.588335
1723,1724,G0345__S04__seed_0005,G0345,pilers_fencing_pliers,4,picture_backed,0611,seed_0005,5,#3818a8,/mnt/zsn/lyb/arti-skill/exp/uniform531_n5_studio_256_v1/G0345__S04__seed_0005__pilers_fencing_pliers.png,72523,6847c7bdd304a883b972de496b657a5340a133df68d8fbfb7338b997f7681515,66.4614639,23.1570663
1724,1725,G0345__S05__seed_0074,G0345,pilers_fencing_pliers,5,picture_backed,0611,seed_0074,74,#3818a8,/mnt/zsn/lyb/arti-skill/exp/uniform531_n5_studio_256_v1/G0345__S05__seed_0074__pilers_fencing_pliers.png,71059,61a198624c6f7a355e336620ad1cc2d38dc3041b6dc3a713800d3ae9dae08aa7,65.6917572,21.7788162
1725,1726,G0346__S01__seed_0021,G0346,pilers_linesman_pliers,1,picture_backed,0611,seed_0021,21,#a8c818,/mnt/zsn/lyb/arti-skill/exp/uniform531_n5_studio_256_v1/G0346__S01__seed_0021__pilers_linesman_pliers.png,74848,975f4085dd1eb85d3d31387a702266c61fa278a0a01feefa2d001f8f0ec32e2f,66.5923691,26.8628254
1726,1727,G0346__S02__seed_0024,G0346,pilers_linesman_pliers,2,picture_backed,0611,seed_0024,24,#a8c818,/mnt/zsn/lyb/arti-skill/exp/uniform531_n5_studio_256_v1/G0346__S02__seed_0024__pilers_linesman_pliers.png,73395,5940ba74a9d8c9e8dd2975e9949aaa4271fc153caabff2e447eed8047505e714,66.4826431,26.5829544
1727,1728,G0346__S03__seed_0058,G0346,pilers_linesman_pliers,3,picture_backed,0611,seed_0058,58,#a8c818,/mnt/zsn/lyb/arti-skill/exp/uniform531_n5_studio_256_v1/G0346__S03__seed_0058__pilers_linesman_pliers.png,75320,cb001d7a0f2e7fa4a1dc0aca157546bc7e2ab02704734f23ff9365129c16782a,67.1581116,27.2571831
1728,1729,G0346__S04__seed_0008,G0346,pilers_linesman_pliers,4,picture_backed,0611,seed_0008,8,#a8c818,/mnt/zsn/lyb/arti-skill/exp/uniform531_n5_studio_256_v1/G0346__S04__seed_0008__pilers_linesman_pliers.png,74104,e70797cbab479f607ec21437e7800a91217f70377d47df8d35ebf3283316bd84,67.0728226,26.5952034
1729,1730,G0346__S05__seed_0003,G0346,pilers_linesman_pliers,5,picture_backed,0611,seed_0003,3,#a8c818,/mnt/zsn/lyb/arti-skill/exp/uniform531_n5_studio_256_v1/G0346__S05__seed_0003__pilers_linesman_pliers.png,73673,5cd7f9faf6fbba1ec12ce5842c58947587ce5fce9dd4a0af277b929caf7f2ae7,67.3567734,26.4397926
1730,1731,G0347__S01__seed_0013,G0347,pilers_locking_pliers,1,picture_backed,0611,seed_0013,13,#d86878,/mnt/zsn/lyb/arti-skill/exp/uniform531_n5_studio_256_v1/G0347__S01__seed_0013__pilers_locking_pliers.png,73513,d14fbf05aa86690668ce1366a00a67f9d6c4734e8c5da91136e632e434c86756,58.6149902,25.2825012
1731,1732,G0347__S02__seed_0020,G0347,pilers_locking_pliers,2,picture_backed,0611,seed_0020,20,#d86878,/mnt/zsn/lyb/arti-skill/exp/uniform531_n5_studio_256_v1/G0347__S02__seed_0020__pilers_locking_pliers.png,74915,b731be80e2cb2d6c0faf76eff825787c26d25eb0564eda6dcdd226d6f6916ff4,59.3769722,21.2520123
1732,1733,G0347__S03__seed_0023,G0347,pilers_locking_pliers,3,picture_backed,0611,seed_0023,23,#d86878,/mnt/zsn/lyb/arti-skill/exp/uniform531_n5_studio_256_v1/G0347__S03__seed_0023__pilers_locking_pliers.png,75894,b745901fbe1793f3e0b9a2ef8b58955030359a7921916544a741774a263a12f2,59.3831329,21.2645969
1733,1734,G0347__S04__seed_0028,G0347,pilers_locking_pliers,4,picture_backed,0611,seed_0028,28,#d86878,/mnt/zsn/lyb/arti-skill/exp/uniform531_n5_studio_256_v1/G0347__S04__seed_0028__pilers_locking_pliers.png,76683,0329a4c055ccb0bb16bdb70797a7ae56113f3e70a52414b4c8f1ac67d80a5a30,60.6400642,25.2190075
1734,1735,G0347__S05__seed_0006,G0347,pilers_locking_pliers,5,picture_backed,0611,seed_0006,6,#d86878,/mnt/zsn/lyb/arti-skill/exp/uniform531_n5_studio_256_v1/G0347__S05__seed_0006__pilers_locking_pliers.png,74725,1bce81aa2e6bca6cf70a4b085d9e04fb86457dc617e0cf916a9bd35ed5ce413e,58.6235542,20.9803066
1735,1736,G0348__S01__seed_0046,G0348,pilers_needle_nose_pliers,1,picture_backed,0611,seed_0046,46,#9858c8,/mnt/zsn/lyb/arti-skill/exp/uniform531_n5_studio_256_v1/G0348__S01__seed_0046__pilers_needle_nose_pliers.png,72911,d4d3bbd7dda95e797736a07e8e1f414ce6f201ba231c77bc70012d1c8a0d75f4,68.6016769,25.7935162
1736,1737,G0348__S02__seed_0042,G0348,pilers_needle_nose_pliers,2,picture_backed,0611,seed_0042,42,#9858c8,/mnt/zsn/lyb/arti-skill/exp/uniform531_n5_studio_256_v1/G0348__S02__seed_0042__pilers_needle_nose_pliers.png,72898,38067e7a9a6b52f00ad2a75a1241b60ccd9932faaac9a5f483ef309f258b43ba,67.9951553,26.2149239
1737,1738,G0348__S03__seed_0010,G0348,pilers_needle_nose_pliers,3,picture_backed,0611,seed_0010,10,#9858c8,/mnt/zsn/lyb/arti-skill/exp/uniform531_n5_studio_256_v1/G0348__S03__seed_0010__pilers_needle_nose_pliers.png,72182,d711cc857dfc6016f36ae0cc7ceeced21d293e860f9b7c0e48f3962029cdfecc,68.2816772,25.5071068
1738,1739,G0348__S04__seed_0006,G0348,pilers_needle_nose_pliers,4,picture_backed,0611,seed_0006,6,#9858c8,/mnt/zsn/lyb/arti-skill/exp/uniform531_n5_studio_256_v1/G0348__S04__seed_0006__pilers_needle_nose_pliers.png,70044,5ad9ae754a05eef72ff2f91def56f88b2d1c8e85505b5af3a7b9890e3684e212,68.5408249,25.1295834
1739,1740,G0348__S05__seed_0034,G0348,pilers_needle_nose_pliers,5,picture_backed,0611,seed_0034,34,#9858c8,/mnt/zsn/lyb/arti-skill/exp/uniform531_n5_studio_256_v1/G0348__S05__seed_0034__pilers_needle_nose_pliers.png,72538,c4fa93e3250136a3583f6c2de7925e1367be67b825286555a6ebf79eb413fe53,68.7359543,26.3395481
1740,1741,G0349__S01__seed_0034,G0349,pilers_slip_joint_pliers,1,picture_backed,0611,seed_0034,34,#e8b848,/mnt/zsn/lyb/arti-skill/exp/uniform531_n5_studio_256_v1/G0349__S01__seed_0034__pilers_slip_joint_pliers.png,74301,0f9849e092a074121fdc290fb17636d015d292ae1b59dc80d80d316cc17bc406,66.7339783,25.8164215
1741,1742,G0349__S02__seed_0013,G0349,pilers_slip_joint_pliers,2,picture_backed,0611,seed_0013,13,#e8b848,/mnt/zsn/lyb/arti-skill/exp/uniform531_n5_studio_256_v1/G0349__S02__seed_0013__pilers_slip_joint_pliers.png,73359,694785d175590b3ac766655ec94b7217662d8aaaed23626fc2c1a004ec404bd2,67.1869202,25.2967167
1742,1743,G0349__S03__seed_0024,G0349,pilers_slip_joint_pliers,3,picture_backed,0611,seed_0024,24,#e8b848,/mnt/zsn/lyb/arti-skill/exp/uniform531_n5_studio_256_v1/G0349__S03__seed_0024__pilers_slip_joint_pliers.png,71694,813c16a8fd3f415c6c9b55f794ed4ba8d877df46711035e6551c9df58ba275ee,66.491066,24.9922447
1743,1744,G0349__S04__seed_0007,G0349,pilers_slip_joint_pliers,4,picture_backed,0611,seed_0007,7,#e8b848,/mnt/zsn/lyb/arti-skill/exp/uniform531_n5_studio_256_v1/G0349__S04__seed_0007__pilers_slip_joint_pliers.png,72715,bd85a09b240ed62e29bdd606886fc37a269329e8dd2bae9bd82be57023c836cb,66.586235,24.2533703
1744,1745,G0349__S05__seed_0000,G0349,pilers_slip_joint_pliers,5,picture_backed,0611,seed_0000,0,#e8b848,/mnt/zsn/lyb/arti-skill/exp/uniform531_n5_studio_256_v1/G0349__S05__seed_0000__pilers_slip_joint_pliers.png,70809,2f49c4406f81f787883c81d1b70f3ff2809b8379cd60e456b2c1d4941360fef8,67.2561035,23.6255665
1745,1746,G0350__S01__seed_0009,G0350,pilers_tongue_groove_pliers,1,picture_backed,0611,seed_0009,9,#6858e8,/mnt/zsn/lyb/arti-skill/exp/uniform531_n5_studio_256_v1/G0350__S01__seed_0009__pilers_tongue_groove_pliers.png,75316,776f97c98da5af1021c829fa4c5e0717469914fa639cc0495b85602a8425ca1c,62.8676949,18.3463898
1746,1747,G0350__S02__seed_0022,G0350,pilers_tongue_groove_pliers,2,picture_backed,0611,seed_0022,22,#6858e8,/mnt/zsn/lyb/arti-skill/exp/uniform531_n5_studio_256_v1/G0350__S02__seed_0022__pilers_tongue_groove_pliers.png,75300,a8c8ecbff6287f370b1b72ed9d0bc2ca3811b9be49d5d2bc370b87bb7cff26ed,62.9884987,19.2662525
1747,1748,G0350__S03__seed_0061,G0350,pilers_tongue_groove_pliers,3,picture_backed,0611,seed_0061,61,#6858e8,/mnt/zsn/lyb/arti-skill/exp/uniform531_n5_studio_256_v1/G0350__S03__seed_0061__pilers_tongue_groove_pliers.png,73787,7c7e73988122b9c08f9936c53b81c066c5b5267b7bb6dbb1d92fe9a950dc66d2,63.7118835,19.8174953
1748,1749,G0350__S04__seed_0068,G0350,pilers_tongue_groove_pliers,4,picture_backed,0611,seed_0068,68,#6858e8,/mnt/zsn/lyb/arti-skill/exp/uniform531_n5_studio_256_v1/G0350__S04__seed_0068__pilers_tongue_groove_pliers.png,77123,2a636b2a0ae455673b81687128979360d59c456963e9eb0a25e4af666e22b619,62.7406158,19.1491871
1749,1750,G0350__S05__seed_0050,G0350,pilers_tongue_groove_pliers,5,picture_backed,0611,seed_0050,50,#6858e8,/mnt/zsn/lyb/arti-skill/exp/uniform531_n5_studio_256_v1/G0350__S05__seed_0050__pilers_tongue_groove_pliers.png,74562,f6d3f1346a39c515285b2f2d2646efcbaa2d9ae0294f6cb862bd39fa59aa6518,63.8657455,19.9153996
1750,1751,G0351__S01__seed_0009,G0351,pilers_wire_strippers,1,picture_backed,0611,seed_0009,9,#784898,/mnt/zsn/lyb/arti-skill/exp/uniform531_n5_studio_256_v1/G0351__S01__seed_0009__pilers_wire_strippers.png,77755,b7def2de0946144478b7d767a774ba96c40491e4a14efe23003f4e345d64b52f,64.9529877,23.9142323
1751,1752,G0351__S02__seed_0076,G0351,pilers_wire_strippers,2,picture_backed,0611,seed_0076,76,#784898,/mnt/zsn/lyb/arti-skill/exp/uniform531_n5_studio_256_v1/G0351__S02__seed_0076__pilers_wire_strippers.png,74716,fb4d64e83cca035c3aaa6289273524cfb360a3f5761337c7e6a190a9fb1da1e1,65.3748627,23.9157925
1752,1753,G0351__S03__seed_0000,G0351,pilers_wire_strippers,3,picture_backed,0611,seed_0000,0,#784898,/mnt/zsn/lyb/arti-skill/exp/uniform531_n5_studio_256_v1/G0351__S03__seed_0000__pilers_wire_strippers.png,75372,039fc517bb941574b4079686e06f7da4068471ffbd0dc4df95f5e8ab906f86d9,64.2432404,23.2024517
1753,1754,G0351__S04__seed_0078,G0351,pilers_wire_strippers,4,picture_backed,0611,seed_0078,78,#784898,/mnt/zsn/lyb/arti-skill/exp/uniform531_n5_studio_256_v1/G0351__S04__seed_0078__pilers_wire_strippers.png,76613,3145ca5fbd30e96f8172a92aa3f31c5de5fb5cb8da8493d2da8f9d30b75e2763,66.0741577,24.5773182
1754,1755,G0351__S05__seed_0097,G0351,pilers_wire_strippers,5,picture_backed,0611,seed_0097,97,#784898,/mnt/zsn/lyb/arti-skill/exp/uniform531_n5_studio_256_v1/G0351__S05__seed_0097__pilers_wire_strippers.png,75737,c32efefb9ec636b4a00361356a5718c2219221ad2f5ffdd89289cc89cfdee03b,64.0876999,22.4724503
1755,1756,G0352__S01__seed_0775,G0352,platform_cart,1,builtin_no_picture,builtin_no_picture,seed_0775,966,#481888,/mnt/zsn/lyb/arti-skill/exp/uniform531_n5_studio_256_v1/G0352__S01__seed_0775__platform_cart.png,83765,63945a41c235ffd891e95ac35de9a3d635878b300169e834cc05328109700daa,-3.46005368,51.3290825
1756,1757,G0352__S02__seed_1113,G0352,platform_cart,2,builtin_no_picture,builtin_no_picture,seed_1113,1392,#481888,/mnt/zsn/lyb/arti-skill/exp/uniform531_n5_studio_256_v1/G0352__S02__seed_1113__platform_cart.png,86038,de53270aa22eaeeb07812aa879b7196bb0b291607378c0c3feab1613b44eaff9,-28.7413216,26.9207478
1757,1758,G0352__S03__seed_0796,G0352,platform_cart,3,builtin_no_picture,builtin_no_picture,seed_0796,989,#481888,/mnt/zsn/lyb/arti-skill/exp/uniform531_n5_studio_256_v1/G0352__S03__seed_0796__platform_cart.png,81703,e3d7753ddbdea4f0bdf722fd2836680e150a711f87a9845345da976a39ebfc42,-3.3845787,51.361557
1758,1759,G0352__S04__seed_0211,G0352,platform_cart,4,builtin_no_picture,builtin_no_picture,seed_0211,270,#481888,/mnt/zsn/lyb/arti-skill/exp/uniform531_n5_studio_256_v1/G0352__S04__seed_0211__platform_cart.png,80078,35fa80e3af32e23c96863f09d5f880a9f9df2c35368990a93b9c0cdf295617a4,-3.98461413,51.1295433
1759,1760,G0352__S05__seed_1130,G0352,platform_cart,5,builtin_no_picture,builtin_no_picture,seed_1130,1411,#481888,/mnt/zsn/lyb/arti-skill/exp/uniform531_n5_studio_256_v1/G0352__S05__seed_1130__platform_cart.png,81815,3ed0cdd3782b72dcab7838c1ae608b9cf99fe38f5b2910de09da8774c1a0a0af,-3.86325407,51.1275749
1760,1761,G0353__S01__seed_0175,G0353,Playground_playground_chair_swing_carousel,1,picture_backed,Playground,seed_0175,175,#a82838,/mnt/zsn/lyb/arti-skill/exp/uniform531_n5_studio_256_v1/G0353__S01__seed_0175__Playground_playground_chair_swing_carousel.png,79989,c7cfcf435f66d1b7df45b0d5b8025e9ae1ac29ece4300961fea4dd5662c8e5d3,38.0162277,1.84071302
1761,1762,G0353__S02__seed_0142,G0353,Playground_playground_chair_swing_carousel,2,picture_backed,Playground,seed_0142,142,#a82838,/mnt/zsn/lyb/arti-skill/exp/uniform531_n5_studio_256_v1/G0353__S02__seed_0142__Playground_playground_chair_swing_carousel.png,78890,e99b5d8c276f484c62f6565d87768d66e71d23e50897042587219531bc88d58c,38.1005554,1.35742927
1762,1763,G0353__S03__seed_0160,G0353,Playground_playground_chair_swing_carousel,3,picture_backed,Playground,seed_0160,160,#a82838,/mnt/zsn/lyb/arti-skill/exp/uniform531_n5_studio_256_v1/G0353__S03__seed_0160__Playground_playground_chair_swing_carousel.png,75347,d8e808dc7b404b0684c1924009b04289934e8b31f756d39f5548cc565dab62c7,37.9181862,1.956985
1763,1764,G0353__S04__seed_0238,G0353,Playground_playground_chair_swing_carousel,4,picture_backed,Playground,seed_0238,238,#a82838,/mnt/zsn/lyb/arti-skill/exp/uniform531_n5_studio_256_v1/G0353__S04__seed_0238__Playground_playground_chair_swing_carousel.png,74721,7a07e82e2c1dfe34a28b60dcad1c279137295f2cfa55da92d130d0358c5fdfff,37.8743248,2.20329714
1764,1765,G0353__S05__seed_0235,G0353,Playground_playground_chair_swing_carousel,5,picture_backed,Playground,seed_0235,235,#a82838,/mnt/zsn/lyb/arti-skill/exp/uniform531_n5_studio_256_v1/G0353__S05__seed_0235__Playground_playground_chair_swing_carousel.png,75227,322651793ec3a7b3b6ce0f181cb4a06c4d150e3d8f2bcf0e9f8508d5fe587595,37.7623978,2.66189456
1765,1766,G0354__S01__seed_0001,G0354,Playground_playground_merry_go_round,1,picture_backed,Playground,seed_0001,1,#984858,/mnt/zsn/lyb/arti-skill/exp/uniform531_n5_studio_256_v1/G0354__S01__seed_0001__Playground_playground_merry_go_round.png,82105,d072b3ad28fece34849c7dd4b7a943ac7839440ec57a9786888a5d61f09ad2fe,21.1764717,-33.7587357
1766,1767,G0354__S02__seed_0546,G0354,Playground_playground_merry_go_round,2,picture_backed,Playground,seed_0546,546,#984858,/mnt/zsn/lyb/arti-skill/exp/uniform531_n5_studio_256_v1/G0354__S02__seed_0546__Playground_playground_merry_go_round.png,83794,4825b59c5687a9bd0e4db58480230fc5dacd90d698bbd440b6396afe1ba4bdec,21.2086468,-33.8219337
1767,1768,G0354__S03__seed_0087,G0354,Playground_playground_merry_go_round,3,picture_backed,Playground,seed_0087,87,#984858,/mnt/zsn/lyb/arti-skill/exp/uniform531_n5_studio_256_v1/G0354__S03__seed_0087__Playground_playground_merry_go_round.png,78812,854df4472ec219b2b4013efd7a41c6848268891de89083704372fc65f50afb42,21.235445,-33.8766747
1768,1769,G0354__S04__seed_0042,G0354,Playground_playground_merry_go_round,4,picture_backed,Playground,seed_0042,42,#984858,/mnt/zsn/lyb/arti-skill/exp/uniform531_n5_studio_256_v1/G0354__S04__seed_0042__Playground_playground_merry_go_round.png,81475,2cfcab5511c7418ad5306606adf043a29ea70ace3cf5d15b5640962e54751f44,21.4788246,-34.2831421
1769,1770,G0354__S05__seed_0661,G0354,Playground_playground_merry_go_round,5,picture_backed,Playground,seed_0661,661,#984858,/mnt/zsn/lyb/arti-skill/exp/uniform531_n5_studio_256_v1/G0354__S05__seed_0661__Playground_playground_merry_go_round.png,87286,29404b8ab7617776e24744c3acfd1f4aca2ceaca64384d9ea78559d4ab0e2e42,21.8756847,-34.8873024
1770,1771,G0355__S01__seed_0054,G0355,Playground_Seesaw,1,picture_backed,Playground,seed_0054,57,#18d818,/mnt/zsn/lyb/arti-skill/exp/uniform531_n5_studio_256_v1/G0355__S01__seed_0054__Playground_Seesaw.png,75020,3e31ad78bb4d1309448133fef765ee657b20f806d8370ac7a833112d647b7627,28.768465,33.6163406
1771,1772,G0355__S02__seed_0066,G0355,Playground_Seesaw,2,picture_backed,Playground,seed_0066,69,#18d818,/mnt/zsn/lyb/arti-skill/exp/uniform531_n5_studio_256_v1/G0355__S02__seed_0066__Playground_Seesaw.png,74518,7a52260f08ecbbe4f5014886efe19a30703c0bd14ee5315b390feff91837d6cd,27.9452324,33.4033508
1772,1773,G0355__S03__seed_0059,G0355,Playground_Seesaw,3,picture_backed,Playground,seed_0059,62,#18d818,/mnt/zsn/lyb/arti-skill/exp/uniform531_n5_studio_256_v1/G0355__S03__seed_0059__Playground_Seesaw.png,71598,606f65851f9fb20bf1d7510d41bad5631eaecc31fdecd0390ad99559133010c8,28.2401104,33.4477386
1773,1774,G0355__S04__seed_0067,G0355,Playground_Seesaw,4,picture_backed,Playground,seed_0067,70,#18d818,/mnt/zsn/lyb/arti-skill/exp/uniform531_n5_studio_256_v1/G0355__S04__seed_0067__Playground_Seesaw.png,79047,44494d8b6255dc5deddecbbf3440a2415d5c4d5cc28578227c31ed4d6c6fdaa0,26.8811932,33.4763451
1774,1775,G0355__S05__seed_0077,G0355,Playground_Seesaw,5,picture_backed,Playground,seed_0077,80,#18d818,/mnt/zsn/lyb/arti-skill/exp/uniform531_n5_studio_256_v1/G0355__S05__seed_0077__Playground_Seesaw.png,76988,a2d707cfa3af3fb530fec18db24677d9adeebd189995498db77d88d37fcfea59,27.0001755,33.441246
1775,1776,G0356__S01__seed_0813,G0356,Playground_swing,1,picture_backed,Playground,seed_0813,813,#c8c868,/mnt/zsn/lyb/arti-skill/exp/uniform531_n5_studio_256_v1/G0356__S01__seed_0813__Playground_swing.png,84616,7c667bb396ec47a0765a91babcb99021069dcda27c229c23d2a5d270db77a768,-12.7570152,46.1844482
1776,1777,G0356__S02__seed_3186,G0356,Playground_swing,2,picture_backed,Playground,seed_3186,3186,#c8c868,/mnt/zsn/lyb/arti-skill/exp/uniform531_n5_studio_256_v1/G0356__S02__seed_3186__Playground_swing.png,81887,83dd1cf6223f5ca71caf6d1e9a97f046ddfaebf65859bb494eac58fc513fc438,-14.9152489,46.2675476
1777,1778,G0356__S03__seed_1799,G0356,Playground_swing,3,picture_backed,Playground,seed_1799,1799,#c8c868,/mnt/zsn/lyb/arti-skill/exp/uniform531_n5_studio_256_v1/G0356__S03__seed_1799__Playground_swing.png,80961,b44adecfa8fc1234010ba0a692023e1f7f42872391f7d2cdda90298d8b31f275,-12.7388077,45.8303795
1778,1779,G0356__S04__seed_1224,G0356,Playground_swing,4,picture_backed,Playground,seed_1224,1224,#c8c868,/mnt/zsn/lyb/arti-skill/exp/uniform531_n5_studio_256_v1/G0356__S04__seed_1224__Playground_swing.png,82084,d1ab7f4ce7cc0f1775f591f5d8af624da0b7b59b869841c9b5954505d4f80204,-15.3039942,46.1586838
1779,1780,G0356__S05__seed_1986,G0356,Playground_swing,5,picture_backed,Playground,seed_1986,1986,#c8c868,/mnt/zsn/lyb/arti-skill/exp/uniform531_n5_studio_256_v1/G0356__S05__seed_1986__Playground_swing.png,82773,563810f79095c3dc1258fd2f790744d38f42b7c8d98cac1a7785cb0f3a103fd4,-14.8881407,46.1035156
1780,1781,G0357__S01__seed_0019,G0357,playground_swing,1,builtin_no_picture,builtin_no_picture,seed_0019,19,#7838b8,/mnt/zsn/lyb/arti-skill/exp/uniform531_n5_studio_256_v1/G0357__S01__seed_0019__playground_swing.png,75436,0fbc6ef5048af12406625626a8d07170fbdd1ef1fb2a294c4b2cc411d24da923,-14.6631775,45.2395439
1781,1782,G0357__S02__seed_0010,G0357,playground_swing,2,builtin_no_picture,builtin_no_picture,seed_0010,10,#7838b8,/mnt/zsn/lyb/arti-skill/exp/uniform531_n5_studio_256_v1/G0357__S02__seed_0010__playground_swing.png,84480,26dd6388a1d6e2d275a3aaf453fa75254bc0e1125b3d21ce605f0b0994a9fab7,-18.2462997,47.5812187
1782,1783,G0357__S03__seed_0001,G0357,playground_swing,3,builtin_no_picture,builtin_no_picture,seed_0001,1,#7838b8,/mnt/zsn/lyb/arti-skill/exp/uniform531_n5_studio_256_v1/G0357__S03__seed_0001__playground_swing.png,82963,c4e9ded41672466139bfccc0367ec7091c4831ecd6580d05e579b39fe15d5f2b,-18.628397,47.0711517
1783,1784,G0357__S04__seed_0008,G0357,playground_swing,4,builtin_no_picture,builtin_no_picture,seed_0008,8,#7838b8,/mnt/zsn/lyb/arti-skill/exp/uniform531_n5_studio_256_v1/G0357__S04__seed_0008__playground_swing.png,84615,b873ac588ec878c694ef71f2037ddf0233d97785624b05f5b05c7e78e6d13923,-18.0705509,46.7006645
1784,1785,G0357__S05__seed_0003,G0357,playground_swing,5,builtin_no_picture,builtin_no_picture,seed_0003,3,#7838b8,/mnt/zsn/lyb/arti-skill/exp/uniform531_n5_studio_256_v1/G0357__S05__seed_0003__playground_swing.png,84383,8fa89524c37ba7475760a369edd6728c90abbfb248fe1df884fd01fa529378db,-18.4711704,47.2896881
1785,1786,G0358__S01__seed_2729,G0358,Playground_swing_circular,1,picture_backed,Playground,seed_2729,2779,#e8a8c8,/mnt/zsn/lyb/arti-skill/exp/uniform531_n5_studio_256_v1/G0358__S01__seed_2729__Playground_swing_circular.png,76004,ab11ccb2167247b80f4b6fb6789a9a9e153c56cc0bcf96f252f6665f815f8f54,-14.8981009,49.059185
1786,1787,G0358__S02__seed_0300,G0358,Playground_swing_circular,2,picture_backed,Playground,seed_0300,304,#e8a8c8,/mnt/zsn/lyb/arti-skill/exp/uniform531_n5_studio_256_v1/G0358__S02__seed_0300__Playground_swing_circular.png,81111,aa693639246591ba136fee581a07f43ee18267798143437cc6e612198ee11a95,-15.1382027,49.4980316
1787,1788,G0358__S03__seed_1387,G0358,Playground_swing_circular,3,picture_backed,Playground,seed_1387,1414,#e8a8c8,/mnt/zsn/lyb/arti-skill/exp/uniform531_n5_studio_256_v1/G0358__S03__seed_1387__Playground_swing_circular.png,78094,b3fb2f02fc331e12791298c4684160726f328d3612ae64aec5009c29290c1637,-15.1160746,49.5320511
1788,1789,G0358__S04__seed_1733,G0358,Playground_swing_circular,4,picture_backed,Playground,seed_1733,1768,#e8a8c8,/mnt/zsn/lyb/arti-skill/exp/uniform531_n5_studio_256_v1/G0358__S04__seed_1733__Playground_swing_circular.png,77579,e6084602e354b29fa5cdf31635a030139ad3a0ae6e7cba9a3d626e241956b355,-15.8481312,48.9563904
1789,1790,G0358__S05__seed_1936,G0358,Playground_swing_circular,5,picture_backed,Playground,seed_1936,1973,#e8a8c8,/mnt/zsn/lyb/arti-skill/exp/uniform531_n5_studio_256_v1/G0358__S05__seed_1936__Playground_swing_circular.png,79435,ba02c4fac6fdf954ab2bcf031dc06e0da43ac9ef34550359369e364a7338947a,-15.070447,49.5532341
1790,1791,G0359__S01__seed_0217,G0359,point_of_sale_terminal,1,picture_backed,Retail_Shop Fixtures,seed_0217,217,#9848a8,/mnt/zsn/lyb/arti-skill/exp/uniform531_n5_studio_256_v1/G0359__S01__seed_0217__point_of_sale_terminal.png,80896,99190716d0690cbc7f7a39890658011c248ec13e10fcb39ce7116dbd677b6165,-10.767272,9.36431313
1791,1792,G0359__S02__seed_0080,G0359,point_of_sale_terminal,2,picture_backed,Retail_Shop Fixtures,seed_0080,80,#9848a8,/mnt/zsn/lyb/arti-skill/exp/uniform531_n5_studio_256_v1/G0359__S02__seed_0080__point_of_sale_terminal.png,85889,8455715455ccaf2b4021348b6cf62b129cccc8b6aa553c04a361f2d60ffc603b,-15.5771046,4.47310162
1792,1793,G0359__S03__seed_0279,G0359,point_of_sale_terminal,3,picture_backed,Retail_Shop Fixtures,seed_0279,279,#9848a8,/mnt/zsn/lyb/arti-skill/exp/uniform531_n5_studio_256_v1/G0359__S03__seed_0279__point_of_sale_terminal.png,79501,1ade6dfb37a1fba380927af2d8e7340f874c56374e6c28f794a5a2e09b828560,-11.3134317,8.63053417
1793,1794,G0359__S04__seed_0412,G0359,point_of_sale_terminal,4,picture_backed,Retail_Shop Fixtures,seed_0412,412,#9848a8,/mnt/zsn/lyb/arti-skill/exp/uniform531_n5_studio_256_v1/G0359__S04__seed_0412__point_of_sale_terminal.png,76720,550e686514355db55f88a2d4bd3e9ed6dddc85775f3d225d8beabf18922382f5,-11.4384251,8.38093281
1794,1795,G0359__S05__seed_0257,G0359,point_of_sale_terminal,5,picture_backed,Retail_Shop Fixtures,seed_0257,257,#9848a8,/mnt/zsn/lyb/arti-skill/exp/uniform531_n5_studio_256_v1/G0359__S05__seed_0257__point_of_sale_terminal.png,83393,58dbeca0402b881a48c915afcec08faf1433cc1de4ae6ddfb488c3876f193270,-11.3412037,8.6536293
1795,1796,G0360__S01__seed_0002,G0360,Powertools_angle_grinder,1,picture_backed,Powertools,seed_0002,3,#e848d8,/mnt/zsn/lyb/arti-skill/exp/uniform531_n5_studio_256_v1/G0360__S01__seed_0002__Powertools_angle_grinder.png,74066,a90937d419c6dedf5287f56a462dcd0a61dfd5783969ae4414ef7dd5ddb80c18,48.7086029,-23.136076
1796,1797,G0360__S02__seed_0012,G0360,Powertools_angle_grinder,2,picture_backed,Powertools,seed_0012,16,#e848d8,/mnt/zsn/lyb/arti-skill/exp/uniform531_n5_studio_256_v1/G0360__S02__seed_0012__Powertools_angle_grinder.png,77902,f185dc4b7d1474fdfb8ae1ee4d793cec9eb427bbdf4a79ab8492975654e11f07,47.9836884,-23.5799561
1797,1798,G0360__S03__seed_0028,G0360,Powertools_angle_grinder,3,picture_backed,Powertools,seed_0028,35,#e848d8,/mnt/zsn/lyb/arti-skill/exp/uniform531_n5_studio_256_v1/G0360__S03__seed_0028__Powertools_angle_grinder.png,76149,b7ed8dc1ceec2b1a5b7b0ad299b0c112605f9c8a5ea32367a622278029fa841a,48.5123596,-23.5280132
1798,1799,G0360__S04__seed_0006,G0360,Powertools_angle_grinder,4,picture_backed,Powertools,seed_0006,7,#e848d8,/mnt/zsn/lyb/arti-skill/exp/uniform531_n5_studio_256_v1/G0360__S04__seed_0006__Powertools_angle_grinder.png,76372,26f2df5284a8bb519b2fb4adf26853eb627f4de4df6ee09c1d039e6a0ce87a01,48.1558685,-23.4930325
1799,1800,G0360__S05__seed_0042,G0360,Powertools_angle_grinder,5,picture_backed,Powertools,seed_0042,52,#e848d8,/mnt/zsn/lyb/arti-skill/exp/uniform531_n5_studio_256_v1/G0360__S05__seed_0042__Powertools_angle_grinder.png,78820,54ef4074bd209b2df1e31fe58e9349a19031b75fdd7b5f5ce59211372a02c343,48.0703087,-23.6108532
1800,1801,G0361__S01__seed_0005,G0361,Powertools_drill,1,picture_backed,Powertools,seed_0005,5,#e888b8,/mnt/zsn/lyb/arti-skill/exp/uniform531_n5_studio_256_v1/G0361__S01__seed_0005__Powertools_drill.png,81393,84c1f3078bfcdab77f686a5b0b54fe70a246c6e9fc60880efd4c8c74c8fa7097,44.9924355,-25.4452095
1801,1802,G0361__S02__seed_0037,G0361,Powertools_drill,2,picture_backed,Powertools,seed_0037,40,#e888b8,/mnt/zsn/lyb/arti-skill/exp/uniform531_n5_studio_256_v1/G0361__S02__seed_0037__Powertools_drill.png,83627,afe37dd56ba71ee2611adf7406b17414ce5eec74a1a01eb583420b11f6d6ddb4,44.8846703,-25.1678696
1802,1803,G0361__S03__seed_0042,G0361,Powertools_drill,3,picture_backed,Powertools,seed_0042,45,#e888b8,/mnt/zsn/lyb/arti-skill/exp/uniform531_n5_studio_256_v1/G0361__S03__seed_0042__Powertools_drill.png,85444,6d8f5ebf3b9028763e0e707b9f8725dd24a10086185a608aa5ac01954681ebba,44.9110489,-25.0000496
1803,1804,G0361__S04__seed_0020,G0361,Powertools_drill,4,picture_backed,Powertools,seed_0020,20,#e888b8,/mnt/zsn/lyb/arti-skill/exp/uniform531_n5_studio_256_v1/G0361__S04__seed_0020__Powertools_drill.png,81100,c04fbed6a2f4540ea562f3c398d04af468b2374142e5ac4e8fc969748e478a58,44.9616203,-26.1299267
1804,1805,G0361__S05__seed_0044,G0361,Powertools_drill,5,picture_backed,Powertools,seed_0044,47,#e888b8,/mnt/zsn/lyb/arti-skill/exp/uniform531_n5_studio_256_v1/G0361__S05__seed_0044__Powertools_drill.png,79062,a72a9ba95aafb0e855002a6e57100d47f1d82b9d7e6d3364232f5dd65762ca49,44.944149,-26.1799545
1805,1806,G0362__S01__seed_0019,G0362,Powertools_Lawn_mower,1,picture_backed,Powertools,seed_0019,60,#9838b8,/mnt/zsn/lyb/arti-skill/exp/uniform531_n5_studio_256_v1/G0362__S01__seed_0019__Powertools_Lawn_mower.png,77688,ce778319b861efba9944190e70ad6a12b411126c8d64899b634f968e5cb983c9,19.9097748,53.1788063
1806,1807,G0362__S02__seed_0003,G0362,Powertools_Lawn_mower,2,picture_backed,Powertools,seed_0003,12,#9838b8,/mnt/zsn/lyb/arti-skill/exp/uniform531_n5_studio_256_v1/G0362__S02__seed_0003__Powertools_Lawn_mower.png,78140,990a5b863640a62c6f97391aac153bea5ac07fee520fe56f9dfec753b6af0584,19.8279285,53.4131165
1807,1808,G0362__S03__seed_0007,G0362,Powertools_Lawn_mower,3,picture_backed,Powertools,seed_0007,24,#9838b8,/mnt/zsn/lyb/arti-skill/exp/uniform531_n5_studio_256_v1/G0362__S03__seed_0007__Powertools_Lawn_mower.png,77348,6fd9f3f7eb0dec4b472da0fe05d4936d56db1e695edd41e2cd170af71ad86b30,20.2464294,52.7384682
1808,1809,G0362__S04__seed_0014,G0362,Powertools_Lawn_mower,4,picture_backed,Powertools,seed_0014,42,#9838b8,/mnt/zsn/lyb/arti-skill/exp/uniform531_n5_studio_256_v1/G0362__S04__seed_0014__Powertools_Lawn_mower.png,79453,cfdf7b9897b2b5b1def25b65f93998782ed55794cdbb7cdb9dbcf8be49be878f,19.7090607,53.0308342
1809,1810,G0362__S05__seed_0011,G0362,Powertools_Lawn_mower,5,picture_backed,Powertools,seed_0011,35,#9838b8,/mnt/zsn/lyb/arti-skill/exp/uniform531_n5_studio_256_v1/G0362__S05__seed_0011__Powertools_Lawn_mower.png,75558,7674b941d5e72668cdd426fa23f573652d584e93f0b8f131334711c964505123,20.3506508,52.7670479
1810,1811,G0363__S01__seed_0071,G0363,projector,1,picture_backed,0611,seed_0071,72,#885888,/mnt/zsn/lyb/arti-skill/exp/uniform531_n5_studio_256_v1/G0363__S01__seed_0071__projector.png,90453,9fc71320a8a089482e0c92a3fdcb611832764ec182ee7b775ec70ac82d1f5ce4,-22.4391499,-11.7577076
1811,1812,G0363__S02__seed_0463,G0363,projector,2,picture_backed,0611,seed_0463,472,#885888,/mnt/zsn/lyb/arti-skill/exp/uniform531_n5_studio_256_v1/G0363__S02__seed_0463__projector.png,83631,0b277bb08c0f81d99c17789773d8e29725e547a7ddc573ff2e367f8836cb336e,-21.8436546,-12.0267553
1812,1813,G0363__S03__seed_0383,G0363,projector,3,picture_backed,0611,seed_0383,391,#885888,/mnt/zsn/lyb/arti-skill/exp/uniform531_n5_studio_256_v1/G0363__S03__seed_0383__projector.png,86535,3729e9ea20c6543a80714780d12506cd3889bb433af40f0d96ca6004a1ae5241,-22.0272179,-11.9775476
1813,1814,G0363__S04__seed_0046,G0363,projector,4,picture_backed,0611,seed_0046,46,#885888,/mnt/zsn/lyb/arti-skill/exp/uniform531_n5_studio_256_v1/G0363__S04__seed_0046__projector.png,89373,e4798abc2702f118b06a5375061bbeff24292ec4515688c38342b8285c7639f4,-22.2088089,-11.8610897
1814,1815,G0363__S05__seed_0396,G0363,projector,5,picture_backed,0611,seed_0396,404,#885888,/mnt/zsn/lyb/arti-skill/exp/uniform531_n5_studio_256_v1/G0363__S05__seed_0396__projector.png,88097,ce9c542cce4e41668f79d2be2fc35af1be706a07a4d36bf9524306468d2b36e0,-22.4463654,-11.6953344
1815,1816,G0364__S01__seed_0000,G0364,protractor_with_swing_arm,1,picture_backed,0611,seed_0000,0,#d82878,/mnt/zsn/lyb/arti-skill/exp/uniform531_n5_studio_256_v1/G0364__S01__seed_0000__protractor_with_swing_arm.png,67005,cc86d4ef19022cc46257f1f057abce3a9a3da96b0e1a71e7c0a5a6421ef9196e,48.9198189,17.4539146
1816,1817,G0364__S02__seed_0002,G0364,protractor_with_swing_arm,2,picture_backed,0611,seed_0002,34,#d82878,/mnt/zsn/lyb/arti-skill/exp/uniform531_n5_studio_256_v1/G0364__S02__seed_0002__protractor_with_swing_arm.png,69882,256f8bd93442a4ec691fc2831481314cc61f9623dc223caa1f4c2d15b3c2875f,48.1736412,18.2321911
1817,1818,G0364__S03__seed_0005,G0364,protractor_with_swing_arm,3,picture_backed,0611,seed_0005,57,#d82878,/mnt/zsn/lyb/arti-skill/exp/uniform531_n5_studio_256_v1/G0364__S03__seed_0005__protractor_with_swing_arm.png,69712,c1f4b829dd0055db7da0c8dbe729da632d6780370f9b6f0b14facffa4dfda251,47.7880516,18.1196957
1818,1819,G0364__S04__seed_0006,G0364,protractor_with_swing_arm,4,picture_backed,0611,seed_0006,62,#d82878,/mnt/zsn/lyb/arti-skill/exp/uniform531_n5_studio_256_v1/G0364__S04__seed_0006__protractor_with_swing_arm.png,71663,45e5264928cc2c73a2693c7d7079f45d9f9a760cdc4750b8dd5799a2f181a1de,47.3904343,18.2159691
1819,1820,G0364__S05__seed_0004,G0364,protractor_with_swing_arm,5,picture_backed,0611,seed_0004,46,#d82878,/mnt/zsn/lyb/arti-skill/exp/uniform531_n5_studio_256_v1/G0364__S05__seed_0004__protractor_with_swing_arm.png,70464,f676066ad98c32b710e9414ad04e94539a0dab80d8b9b92ff1b2dffb4e310fde,47.6519623,18.2595749
1820,1821,G0365__S01__seed_0073,G0365,pulley,1,picture_backed,0611,seed_0073,73,#a83858,/mnt/zsn/lyb/arti-skill/exp/uniform531_n5_studio_256_v1/G0365__S01__seed_0073__pulley.png,85651,ed72d7399419fd3169f674a86344e43ee640b93076049b1858ad6dbdd712fbca,14.4912224,-0.676963747
1821,1822,G0365__S02__seed_0009,G0365,pulley,2,picture_backed,0611,seed_0009,9,#a83858,/mnt/zsn/lyb/arti-skill/exp/uniform531_n5_studio_256_v1/G0365__S02__seed_0009__pulley.png,83985,e5e3f6c115214ff1d1e14059ab761151a935a19cfae2959d0f88310af2f886be,13.9785376,-0.475651503
1822,1823,G0365__S03__seed_0015,G0365,pulley,3,picture_backed,0611,seed_0015,15,#a83858,/mnt/zsn/lyb/arti-skill/exp/uniform531_n5_studio_256_v1/G0365__S03__seed_0015__pulley.png,82267,11b8cb1816468ad126e15e03a587cf735792583e8d21fdf34f16ab1ce7ddb4da,14.7217617,-0.966586113
1823,1824,G0365__S04__seed_0095,G0365,pulley,4,picture_backed,0611,seed_0095,95,#a83858,/mnt/zsn/lyb/arti-skill/exp/uniform531_n5_studio_256_v1/G0365__S04__seed_0095__pulley.png,84332,71acd8b07fec2aef99a533495848ba8a489a13ab23a79688203f12f929153682,14.387188,-0.661231637
1824,1825,G0365__S05__seed_0098,G0365,pulley,5,picture_backed,0611,seed_0098,98,#a83858,/mnt/zsn/lyb/arti-skill/exp/uniform531_n5_studio_256_v1/G0365__S05__seed_0098__pulley.png,85159,8ad6357e4cb569b0c83151d957e142c0dce864b4e657f0102556dc6ea7a9d8ae,14.1856098,-0.442263812
1825,1826,G0366__S01__seed_0186,G0366,pushpull_plunger_chain,1,builtin_no_picture,builtin_no_picture,seed_0186,189,#b838e8,/mnt/zsn/lyb/arti-skill/exp/uniform531_n5_studio_256_v1/G0366__S01__seed_0186__pushpull_plunger_chain.png,73386,2afab49278c4740ab2b29aee8464020b7fca476c2831df91ae5f4727e0be285c,46.9139633,8.72409248
1826,1827,G0366__S02__seed_0680,G0366,pushpull_plunger_chain,2,builtin_no_picture,builtin_no_picture,seed_0680,694,#b838e8,/mnt/zsn/lyb/arti-skill/exp/uniform531_n5_studio_256_v1/G0366__S02__seed_0680__pushpull_plunger_chain.png,72407,3cc65554444fb2d28e0ce50d6f95f21a73bc7df36e70053c5dd05b319c2434b5,33.1846848,19.0599251
1827,1828,G0366__S03__seed_0017,G0366,pushpull_plunger_chain,3,builtin_no_picture,builtin_no_picture,seed_0017,17,#b838e8,/mnt/zsn/lyb/arti-skill/exp/uniform531_n5_studio_256_v1/G0366__S03__seed_0017__pushpull_plunger_chain.png,74180,fb197a483855cce540c6ebe5d2832f1bad544482b56f3d6b3f0b5ca5590d928d,51.6227608,-15.0547867
1828,1829,G0366__S04__seed_0948,G0366,pushpull_plunger_chain,4,builtin_no_picture,builtin_no_picture,seed_0948,968,#b838e8,/mnt/zsn/lyb/arti-skill/exp/uniform531_n5_studio_256_v1/G0366__S04__seed_0948__pushpull_plunger_chain.png,82593,437fc978860517d0483d2968c7ce600ea15f9a1ecbd445e4de0dbcfd9a43c1d0,15.5509472,-23.0220222
1829,1830,G0366__S05__seed_0898,G0366,pushpull_plunger_chain,5,builtin_no_picture,builtin_no_picture,seed_0898,918,#b838e8,/mnt/zsn/lyb/arti-skill/exp/uniform531_n5_studio_256_v1/G0366__S05__seed_0898__pushpull_plunger_chain.png,73740,8191e002b28c984793e475b4cf37a56a599ad101e604fb89f0ae1201db2b759b,23.7146435,12.8412275
1830,1831,G0367__S01__seed_0015,G0367,rabbit_hutch,1,picture_backed,Pet_Animal related,seed_0015,15,#b84858,/mnt/zsn/lyb/arti-skill/exp/uniform531_n5_studio_256_v1/G0367__S01__seed_0015__rabbit_hutch.png,96882,2a99d4645c4d15faad9a7c52c1590e24df1ace0c15821a3fcf3bb4d4cc0265c0,-48.0428619,10.5433712
1831,1832,G0367__S02__seed_0007,G0367,rabbit_hutch,2,picture_backed,Pet_Animal related,seed_0007,7,#b84858,/mnt/zsn/lyb/arti-skill/exp/uniform531_n5_studio_256_v1/G0367__S02__seed_0007__rabbit_hutch.png,81897,2f12ec950247ecba9db93d602cbaeca4697fd50937aac550dc2fbed283a02374,-49.0637856,15.1523666
1832,1833,G0367__S03__seed_0000,G0367,rabbit_hutch,3,picture_backed,Pet_Animal related,seed_0000,0,#b84858,/mnt/zsn/lyb/arti-skill/exp/uniform531_n5_studio_256_v1/G0367__S03__seed_0000__rabbit_hutch.png,89769,cede182168bb2a870d2b0c3c63cc1230b2866bdce0c2a5cd186201e3dbd2db63,-48.0709152,10.3907051
1833,1834,G0367__S04__seed_0013,G0367,rabbit_hutch,4,picture_backed,Pet_Animal related,seed_0013,13,#b84858,/mnt/zsn/lyb/arti-skill/exp/uniform531_n5_studio_256_v1/G0367__S04__seed_0013__rabbit_hutch.png,89984,336dbcc6e4290e22e40810c2ab4861242065a973935a6dad8293f33a92d2c6db,-38.2464523,-13.6116934
1834,1835,G0367__S05__seed_0016,G0367,rabbit_hutch,5,picture_backed,Pet_Animal related,seed_0016,16,#b84858,/mnt/zsn/lyb/arti-skill/exp/uniform531_n5_studio_256_v1/G0367__S05__seed_0016__rabbit_hutch.png,95380,1626d3ec7685e90927dd3dc3c476b312c3b0d8d4f068a04c3b49e6718e43483a,-47.962738,10.5275011
1835,1836,G0368__S01__seed_0243,G0368,rack_and_pinion_slider,1,picture_backed,Robotics,seed_0243,243,#d88818,/mnt/zsn/lyb/arti-skill/exp/uniform531_n5_studio_256_v1/G0368__S01__seed_0243__rack_and_pinion_slider.png,75630,f6f4fd39c14366c7df527e6e7fd005f76d464fb658e2cdae3c3d8eed617d02b9,-0.87823391,23.6059341
1836,1837,G0368__S02__seed_0685,G0368,rack_and_pinion_slider,2,picture_backed,Robotics,seed_0685,685,#d88818,/mnt/zsn/lyb/arti-skill/exp/uniform531_n5_studio_256_v1/G0368__S02__seed_0685__rack_and_pinion_slider.png,78782,3074b97a8465176e58690cf4a98a5b494bbf29865ee5b35b3286337cc7e8b52b,2.1497128,23.4664364
1837,1838,G0368__S03__seed_2522,G0368,rack_and_pinion_slider,3,picture_backed,Robotics,seed_2522,2522,#d88818,/mnt/zsn/lyb/arti-skill/exp/uniform531_n5_studio_256_v1/G0368__S03__seed_2522__rack_and_pinion_slider.png,77144,d40c6ef0e27e0a54fcb3a180fb07d3aafd465bc1e2600843e2da65759346a4a6,0.890111685,23.8019886
1838,1839,G0368__S04__seed_1678,G0368,rack_and_pinion_slider,4,picture_backed,Robotics,seed_1678,1678,#d88818,/mnt/zsn/lyb/arti-skill/exp/uniform531_n5_studio_256_v1/G0368__S04__seed_1678__rack_and_pinion_slider.png,81513,8dee43ab5d1ad54c8961c5b76cb9d08c45e9547d8775bfc05f1a60a60e48fdf8,0.208505392,24.0593452
1839,1840,G0368__S05__seed_2890,G0368,rack_and_pinion_slider,5,picture_backed,Robotics,seed_2890,2890,#d88818,/mnt/zsn/lyb/arti-skill/exp/uniform531_n5_studio_256_v1/G0368__S05__seed_2890__rack_and_pinion_slider.png,77011,c77c020fc637f7a233e9b7a41cac86df7395aef02b10ec464d707bd82a04976c,2.35283113,23.5835953
1840,1841,G0369__S01__seed_0021,G0369,ratchet_strap,1,picture_backed,0611,seed_0021,21,#c8b888,/mnt/zsn/lyb/arti-skill/exp/uniform531_n5_studio_256_v1/G0369__S01__seed_0021__ratchet_strap.png,76183,e352d9a3e6e6b7855af65090ac9c313a3552b50b7e1823bc9dc684be85044926,37.3654518,15.6058989
1841,1842,G0369__S02__seed_0038,G0369,ratchet_strap,2,picture_backed,0611,seed_0038,38,#c8b888,/mnt/zsn/lyb/arti-skill/exp/uniform531_n5_studio_256_v1/G0369__S02__seed_0038__ratchet_strap.png,75156,0cc7a8c8ef39772334254afbca0e8671c68566ab875de4c36706de37367908b4,38.2913971,17.0389099
1842,1843,G0369__S03__seed_0077,G0369,ratchet_strap,3,picture_backed,0611,seed_0077,77,#c8b888,/mnt/zsn/lyb/arti-skill/exp/uniform531_n5_studio_256_v1/G0369__S03__seed_0077__ratchet_strap.png,79988,37c8ed7e9aa76e8509f2ef4d8d62e268c7163e5ba99aadc19a38dde8dd4ed391,37.3498917,15.3616438
1843,1844,G0369__S04__seed_0082,G0369,ratchet_strap,4,picture_backed,0611,seed_0082,82,#c8b888,/mnt/zsn/lyb/arti-skill/exp/uniform531_n5_studio_256_v1/G0369__S04__seed_0082__ratchet_strap.png,72518,1b09c28cdefc56bedef257068200e8ac93f7b2f34e56b3cf0eae12f31272de72,38.2291336,17.7600727
1844,1845,G0369__S05__seed_0001,G0369,ratchet_strap,5,picture_backed,0611,seed_0001,1,#c8b888,/mnt/zsn/lyb/arti-skill/exp/uniform531_n5_studio_256_v1/G0369__S05__seed_0001__ratchet_strap.png,72780,beacc0144ebb74a22c2bda321734db3396a5db7a89558af694e75b45cc93d25f,38.1762505,16.9920235
1845,1846,G0370__S01__seed_0643,G0370,refrigerator_with_hinged_doors,1,builtin_no_picture,builtin_no_picture,seed_0643,679,#d818b8,/mnt/zsn/lyb/arti-skill/exp/uniform531_n5_studio_256_v1/G0370__S01__seed_0643__refrigerator_with_hinged_doors.png,82786,50cbb6b272c6f1eabbfdac8ba5c3cfd060072b8ab7ae183868763027787df4bf,-56.2287903,-1.5762372
1846,1847,G0370__S02__seed_0570,G0370,refrigerator_with_hinged_doors,2,builtin_no_picture,builtin_no_picture,seed_0570,604,#d818b8,/mnt/zsn/lyb/arti-skill/exp/uniform531_n5_studio_256_v1/G0370__S02__seed_0570__refrigerator_with_hinged_doors.png,79744,c3da037686f287b692a8aec0ecc48fe16fa6e6d4878599dea5da17975fd08137,-56.3192253,-0.974409699
1847,1848,G0370__S03__seed_0904,G0370,refrigerator_with_hinged_doors,3,builtin_no_picture,builtin_no_picture,seed_0904,950,#d818b8,/mnt/zsn/lyb/arti-skill/exp/uniform531_n5_studio_256_v1/G0370__S03__seed_0904__refrigerator_with_hinged_doors.png,77626,332d83822ad0819109fad3a30ed3c7483a9dcabe922a8df098c1498a9d06e692,-60.2718925,5.37836361
1848,1849,G0370__S04__seed_0279,G0370,refrigerator_with_hinged_doors,4,builtin_no_picture,builtin_no_picture,seed_0279,295,#d818b8,/mnt/zsn/lyb/arti-skill/exp/uniform531_n5_studio_256_v1/G0370__S04__seed_0279__refrigerator_with_hinged_doors.png,77358,6ed3ad56cdf4b229ad92e44d79122de2788afebc261d335a23871523a3669a2f,-56.9018593,-0.797449946
1849,1850,G0370__S05__seed_0177,G0370,refrigerator_with_hinged_doors,5,builtin_no_picture,builtin_no_picture,seed_0177,186,#d818b8,/mnt/zsn/lyb/arti-skill/exp/uniform531_n5_studio_256_v1/G0370__S05__seed_0177__refrigerator_with_hinged_doors.png,80930,2174c06158fcdf0199fb85869fd871d19f9d90df90e194cd287a55cfb8f8e18b,-56.5248909,-1.46094584
1850,1851,G0371__S01__seed_2803,G0371,remote_weapon_station,1,builtin_no_picture,builtin_no_picture,seed_2803,2803,#8858a8,/mnt/zsn/lyb/arti-skill/exp/uniform531_n5_studio_256_v1/G0371__S01__seed_2803__remote_weapon_station.png,84030,9b56b2753eedcce910c297b7d7b30d15a4b684ddf2a136dac520df691d35a6ec,14.5511255,7.68124199
1851,1852,G0371__S02__seed_0493,G0371,remote_weapon_station,2,builtin_no_picture,builtin_no_picture,seed_0493,493,#8858a8,/mnt/zsn/lyb/arti-skill/exp/uniform531_n5_studio_256_v1/G0371__S02__seed_0493__remote_weapon_station.png,82125,ec84d86414bb0a338ee57f6e6860d7cf6f9c97198e8075d338ae82a2dd521723,14.6236544,7.66140604
1852,1853,G0371__S03__seed_0930,G0371,remote_weapon_station,3,builtin_no_picture,builtin_no_picture,seed_0930,930,#8858a8,/mnt/zsn/lyb/arti-skill/exp/uniform531_n5_studio_256_v1/G0371__S03__seed_0930__remote_weapon_station.png,81787,3a2f718629ad3beb2ce6477cc7553fc1d7019dae8f0b8b7a58a32d802049371a,14.2462654,8.0370512
1853,1854,G0371__S04__seed_1483,G0371,remote_weapon_station,4,builtin_no_picture,builtin_no_picture,seed_1483,1483,#8858a8,/mnt/zsn/lyb/arti-skill/exp/uniform531_n5_studio_256_v1/G0371__S04__seed_1483__remote_weapon_station.png,83266,abad95425433cc2ce354e38940aa3739bf8ebe1ce4c3e070e287c2dfd942b048,14.41646,7.80862141
1854,1855,G0371__S05__seed_1894,G0371,remote_weapon_station,5,builtin_no_picture,builtin_no_picture,seed_1894,1894,#8858a8,/mnt/zsn/lyb/arti-skill/exp/uniform531_n5_studio_256_v1/G0371__S05__seed_1894__remote_weapon_station.png,82620,3843ed3225976932cd81f201964b55f7a96ea699882bb4ed40a04a0726469559,14.4312325,7.68720341
1855,1856,G0372__S01__seed_0484,G0372,retractable_patio_awning,1,picture_backed,0611,seed_0484,484,#b868c8,/mnt/zsn/lyb/arti-skill/exp/uniform531_n5_studio_256_v1/G0372__S01__seed_0484__retractable_patio_awning.png,78886,0a05590e75279ada7f0d33de415318b13d00826230ff12107f37d8eeb186265b,-16.5643253,26.0036545
1856,1857,G0372__S02__seed_0529,G0372,retractable_patio_awning,2,picture_backed,0611,seed_0529,529,#b868c8,/mnt/zsn/lyb/arti-skill/exp/uniform531_n5_studio_256_v1/G0372__S02__seed_0529__retractable_patio_awning.png,76952,78d4bcb4f494c9dd80caa750dfc0f2d674f3bfbbe734618922aaeeb54227f877,-35.259594,31.036684
1857,1858,G0372__S03__seed_0254,G0372,retractable_patio_awning,3,picture_backed,0611,seed_0254,254,#b868c8,/mnt/zsn/lyb/arti-skill/exp/uniform531_n5_studio_256_v1/G0372__S03__seed_0254__retractable_patio_awning.png,75821,64b8531397725a9e1a946f57b0a4b993eb6490d4bc43f9f79b63f1058d9403ed,17.2990685,25.72258
1858,1859,G0372__S04__seed_0475,G0372,retractable_patio_awning,4,picture_backed,0611,seed_0475,475,#b868c8,/mnt/zsn/lyb/arti-skill/exp/uniform531_n5_studio_256_v1/G0372__S04__seed_0475__retractable_patio_awning.png,76434,960ca46097248ab1637d7323a245a7afd6dfd763214d27d25e12a62bef4ad218,-16.3490734,25.6410866
1859,1860,G0372__S05__seed_0024,G0372,retractable_patio_awning,5,picture_backed,0611,seed_0024,24,#b868c8,/mnt/zsn/lyb/arti-skill/exp/uniform531_n5_studio_256_v1/G0372__S05__seed_0024__retractable_patio_awning.png,75559,9586600dfb22443ef1b15a8964f43903b62784dc01816877ef78b40ffa1ab491,-35.6037483,31.034935
1860,1861,G0373__S01__seed_0295,G0373,retractable_utility_knife,1,builtin_no_picture,builtin_no_picture,seed_0295,484,#589818,/mnt/zsn/lyb/arti-skill/exp/uniform531_n5_studio_256_v1/G0373__S01__seed_0295__retractable_utility_knife.png,77296,af8b16154b872612004c21abe92cdbdd00fad26619fb4078876f2e8fd156bbca,-7.00876379,21.6471024
1861,1862,G0373__S02__seed_0012,G0373,retractable_utility_knife,2,builtin_no_picture,builtin_no_picture,seed_0012,17,#589818,/mnt/zsn/lyb/arti-skill/exp/uniform531_n5_studio_256_v1/G0373__S02__seed_0012__retractable_utility_knife.png,78508,bbda60e79adfb06869d4929a9355bade7545a6865d5a6620f3fddce92dfc5700,-7.26224136,21.5698147
1862,1863,G0373__S03__seed_0106,G0373,retractable_utility_knife,3,builtin_no_picture,builtin_no_picture,seed_0106,156,#589818,/mnt/zsn/lyb/arti-skill/exp/uniform531_n5_studio_256_v1/G0373__S03__seed_0106__retractable_utility_knife.png,72049,108a0573954d02a26d06b44ea84bba293a18ed475d945d96fdf95aba984a897c,-6.91929817,20.6574879
1863,1864,G0373__S04__seed_0307,G0373,retractable_utility_knife,4,builtin_no_picture,builtin_no_picture,seed_0307,502,#589818,/mnt/zsn/lyb/arti-skill/exp/uniform531_n5_studio_256_v1/G0373__S04__seed_0307__retractable_utility_knife.png,77165,4bd1770122c2549f5c2685e1a425c9dfcd71bfa1288db851a027f7652ea3b309,-7.0203824,21.2833767
1864,1865,G0373__S05__seed_0052,G0373,retractable_utility_knife,5,builtin_no_picture,builtin_no_picture,seed_0052,82,#589818,/mnt/zsn/lyb/arti-skill/exp/uniform531_n5_studio_256_v1/G0373__S05__seed_0052__retractable_utility_knife.png,75624,4a81a4263ef4059f658d9bba8fb0d6604ea8e0c5df6205f0541ae36416b799a3,-6.99546576,22.0265675
1865,1866,G0374__S01__seed_0374,G0374,revolving_door,1,builtin_no_picture,builtin_no_picture,seed_0374,374,#7818d8,/mnt/zsn/lyb/arti-skill/exp/uniform531_n5_studio_256_v1/G0374__S01__seed_0374__revolving_door.png,83679,30720f2d1d58a2acb2c16f18481ef4b0489af849208c58ad3f7f0ee7a45aa7ae,-11.7500582,-35.2396011
1866,1867,G0374__S02__seed_0775,G0374,revolving_door,2,builtin_no_picture,builtin_no_picture,seed_0775,775,#7818d8,/mnt/zsn/lyb/arti-skill/exp/uniform531_n5_studio_256_v1/G0374__S02__seed_0775__revolving_door.png,85953,e46d59ef4ff7209618c42f51a22f6a666e8c37a98cb927072e03e01a87a8cb10,-12.6243334,-33.0287285
1867,1868,G0374__S03__seed_0464,G0374,revolving_door,3,builtin_no_picture,builtin_no_picture,seed_0464,464,#7818d8,/mnt/zsn/lyb/arti-skill/exp/uniform531_n5_studio_256_v1/G0374__S03__seed_0464__revolving_door.png,85664,c5c02db1f3956452d839e958836436691f0559cb11b084e48dc77b81a39cdd06,-11.3073854,-35.8830986
1868,1869,G0374__S04__seed_1791,G0374,revolving_door,4,builtin_no_picture,builtin_no_picture,seed_1791,1791,#7818d8,/mnt/zsn/lyb/arti-skill/exp/uniform531_n5_studio_256_v1/G0374__S04__seed_1791__revolving_door.png,99180,356eb78e8adea0cebb704462e8cf15c738e0c089e71f3f2c7a22d36154e39533,-12.6272202,-33.2682533
1869,1870,G0374__S05__seed_0442,G0374,revolving_door,5,builtin_no_picture,builtin_no_picture,seed_0442,442,#7818d8,/mnt/zsn/lyb/arti-skill/exp/uniform531_n5_studio_256_v1/G0374__S05__seed_0442__revolving_door.png,88000,16b12ce180507a661f088750018b6bd770072223a6e2531637a6e8c414841ccd,-11.3580141,-35.8035583
1870,1871,G0375__S01__seed_0006,G0375,ring_blinder,1,picture_backed,Workspace,seed_0006,6,#482898,/mnt/zsn/lyb/arti-skill/exp/uniform531_n5_studio_256_v1/G0375__S01__seed_0006__ring_blinder.png,73133,d5a8b90ac024a948de4423fd4f4e806e16877f32ef6c5a5cbc1939b4b41b6921,-15.2613077,16.3911457
1871,1872,G0375__S02__seed_0015,G0375,ring_blinder,2,picture_backed,Workspace,seed_0015,15,#482898,/mnt/zsn/lyb/arti-skill/exp/uniform531_n5_studio_256_v1/G0375__S02__seed_0015__ring_blinder.png,79988,5c58bda2a4b74b66580deaf0948861ad580979e87d2241f6925f89b45b3932cd,-15.0597429,17.6272659
1872,1873,G0375__S03__seed_0040,G0375,ring_blinder,3,picture_backed,Workspace,seed_0040,40,#482898,/mnt/zsn/lyb/arti-skill/exp/uniform531_n5_studio_256_v1/G0375__S03__seed_0040__ring_blinder.png,74631,6f93cfa76418089f073466c044ea5271dc54791ae465d35474d6923f65a2baa5,-14.9265947,17.999609
1873,1874,G0375__S04__seed_0007,G0375,ring_blinder,4,picture_backed,Workspace,seed_0007,7,#482898,/mnt/zsn/lyb/arti-skill/exp/uniform531_n5_studio_256_v1/G0375__S04__seed_0007__ring_blinder.png,78587,5a2ca8072397e6c006938bb3fbbbcb7b461c3d2e007bcd2d7632d295b9479151,-14.8802061,18.3388596
1874,1875,G0375__S05__seed_0002,G0375,ring_blinder,5,picture_backed,Workspace,seed_0002,2,#482898,/mnt/zsn/lyb/arti-skill/exp/uniform531_n5_studio_256_v1/G0375__S05__seed_0002__ring_blinder.png,76868,7aa71ddced1a3099d2a501ce7e1f82195ae87b6ba7134027ee6cbeac6c865163,-15.0527258,17.7795334
1875,1876,G0376__S01__seed_0002,G0376,riot_shield,1,picture_backed,Law Enforcement_Protective Gear,seed_0002,2,#d818d8,/mnt/zsn/lyb/arti-skill/exp/uniform531_n5_studio_256_v1/G0376__S01__seed_0002__riot_shield.png,79421,69f80a0fa57ff34addcc433d33cc77b7783eeb4e4bdd4482480ae88cd231bd51,-40.1648483,-37.1272163
1876,1877,G0376__S02__seed_0028,G0376,riot_shield,2,picture_backed,Law Enforcement_Protective Gear,seed_0028,28,#d818d8,/mnt/zsn/lyb/arti-skill/exp/uniform531_n5_studio_256_v1/G0376__S02__seed_0028__riot_shield.png,84941,4d2b4ad3f8763cbbe30ceb297af95721c96c0a44dbd7739ea8213804e4073bad,13.6923456,-15.0116892
1877,1878,G0376__S03__seed_0012,G0376,riot_shield,3,picture_backed,Law Enforcement_Protective Gear,seed_0012,12,#d818d8,/mnt/zsn/lyb/arti-skill/exp/uniform531_n5_studio_256_v1/G0376__S03__seed_0012__riot_shield.png,78258,7c941ea2cf626fc3c85cebddbc017f340cb6705bdce54e30eeb3d40a827e7005,-40.1914062,-37.2020569
1878,1879,G0376__S04__seed_0035,G0376,riot_shield,4,picture_backed,Law Enforcement_Protective Gear,seed_0035,35,#d818d8,/mnt/zsn/lyb/arti-skill/exp/uniform531_n5_studio_256_v1/G0376__S04__seed_0035__riot_shield.png,82873,395424c2fe87f0a3a8ac4256b6001c5315ce4ca66045d7b27592df9257a541cf,-31.0072708,-14.2889729
1879,1880,G0376__S05__seed_0018,G0376,riot_shield,5,picture_backed,Law Enforcement_Protective Gear,seed_0018,18,#d818d8,/mnt/zsn/lyb/arti-skill/exp/uniform531_n5_studio_256_v1/G0376__S05__seed_0018__riot_shield.png,79625,4af8ac67dcf981850c8efb5b25042c2f8e15646c8660ef1fcacc6f6eee8879c8,-31.0014629,-14.2613029
1880,1881,G0377__S01__seed_0902,G0377,rivet_squeeze,1,picture_backed,0611,seed_0902,968,#4878c8,/mnt/zsn/lyb/arti-skill/exp/uniform531_n5_studio_256_v1/G0377__S01__seed_0902__rivet_squeeze.png,76120,4156c892ffb8d728557b9c4d8611247a442f2ad04033102566e4b5edf16b9cfd,39.538887,13.2519674
1881,1882,G0377__S02__seed_1002,G0377,rivet_squeeze,2,picture_backed,0611,seed_1002,1072,#4878c8,/mnt/zsn/lyb/arti-skill/exp/uniform531_n5_studio_256_v1/G0377__S02__seed_1002__rivet_squeeze.png,80746,6f284bc784fb9b9e40994db1d338bafbbb7a002e63f553d7c4a95e0876640f06,40.0211487,13.7322006
1882,1883,G0377__S03__seed_0929,G0377,rivet_squeeze,3,picture_backed,0611,seed_0929,997,#4878c8,/mnt/zsn/lyb/arti-skill/exp/uniform531_n5_studio_256_v1/G0377__S03__seed_0929__rivet_squeeze.png,80781,12bfc9019d9d435004348f94bec5b425fa0094e7d450d87207e6f86b516ba198,40.1573906,13.5643272
1883,1884,G0377__S04__seed_0297,G0377,rivet_squeeze,4,picture_backed,0611,seed_0297,330,#4878c8,/mnt/zsn/lyb/arti-skill/exp/uniform531_n5_studio_256_v1/G0377__S04__seed_0297__rivet_squeeze.png,77006,fd6b7620f7bfefeddbf73541bad35e865acc6dc2302701fa140f6ad175f5d442,40.6300697,13.5707588
1884,1885,G0377__S05__seed_0913,G0377,rivet_squeeze,5,picture_backed,0611,seed_0913,980,#4878c8,/mnt/zsn/lyb/arti-skill/exp/uniform531_n5_studio_256_v1/G0377__S05__seed_0913__rivet_squeeze.png,78245,a05fb133667ab0c30b0e889f7a9a6138ba0c99ff1fdae343180bf49dbcc97aa0,20.9652214,11.6410913
1885,1886,G0378__S01__seed_0980,G0378,rivet_squeeze1,1,picture_backed,0611,seed_0980,1014,#487818,/mnt/zsn/lyb/arti-skill/exp/uniform531_n5_studio_256_v1/G0378__S01__seed_0980__rivet_squeeze1.png,73456,a770da35e19f461835b95be1bae2d68b0023cfef5f55bf51ef9daaac820985f8,40.6975517,-10.3223066
1886,1887,G0378__S02__seed_2363,G0378,rivet_squeeze1,2,picture_backed,0611,seed_2363,2491,#487818,/mnt/zsn/lyb/arti-skill/exp/uniform531_n5_studio_256_v1/G0378__S02__seed_2363__rivet_squeeze1.png,76441,d81be0115c045395269e4c1d791262a1b29e0a775761e5a4a6ef63c9de4ca87c,40.4937248,-10.931756
1887,1888,G0378__S03__seed_2488,G0378,rivet_squeeze1,3,picture_backed,0611,seed_2488,2625,#487818,/mnt/zsn/lyb/arti-skill/exp/uniform531_n5_studio_256_v1/G0378__S03__seed_2488__rivet_squeeze1.png,74229,3a8d129163e80bdddde734da2f24df4e87246f5a60793434b2750a04baf66244,39.3839417,-10.8257418
1888,1889,G0378__S04__seed_1508,G0378,rivet_squeeze1,4,picture_backed,0611,seed_1508,1566,#487818,/mnt/zsn/lyb/arti-skill/exp/uniform531_n5_studio_256_v1/G0378__S04__seed_1508__rivet_squeeze1.png,75922,5cd22c9e1ce6b41090e835569cbc1b1b57b12f7ff41abbc92a4e5382c8bab7c4,40.6138496,-9.61306381
1889,1890,G0378__S05__seed_1540,G0378,rivet_squeeze1,5,picture_backed,0611,seed_1540,1604,#487818,/mnt/zsn/lyb/arti-skill/exp/uniform531_n5_studio_256_v1/G0378__S05__seed_1540__rivet_squeeze1.png,74667,f910a1638c64970e4757270be862d8d102bf93de6d55ecec32f1488d118e4e76,40.649971,-10.4086561
1890,1891,G0379__S01__seed_2092,G0379,robotic_arms,1,builtin_no_picture,builtin_no_picture,seed_2092,2111,#384818,/mnt/zsn/lyb/arti-skill/exp/uniform531_n5_studio_256_v1/G0379__S01__seed_2092__robotic_arms.png,80017,568103893f166e15e21d912c1a94a0ee2186c797a6c136df8bc635dbb93b55d3,24.7486267,7.21565485
1891,1892,G0379__S02__seed_0334,G0379,robotic_arms,2,builtin_no_picture,builtin_no_picture,seed_0334,337,#384818,/mnt/zsn/lyb/arti-skill/exp/uniform531_n5_studio_256_v1/G0379__S02__seed_0334__robotic_arms.png,78885,2e020bcbcdfdb67f262072a70fe9643cc462f78e1f0a1d38d656de15c55ac770,24.7751675,7.35514736
1892,1893,G0379__S03__seed_2944,G0379,robotic_arms,3,builtin_no_picture,builtin_no_picture,seed_2944,2976,#384818,/mnt/zsn/lyb/arti-skill/exp/uniform531_n5_studio_256_v1/G0379__S03__seed_2944__robotic_arms.png,77586,d7f74ae0fe820468bf61c6d036afbda7a0358e1ad099b9232bc46ebf27710925,26.6603165,14.5885334
1893,1894,G0379__S04__seed_1637,G0379,robotic_arms,4,builtin_no_picture,builtin_no_picture,seed_1637,1650,#384818,/mnt/zsn/lyb/arti-skill/exp/uniform531_n5_studio_256_v1/G0379__S04__seed_1637__robotic_arms.png,79193,d99702a97993a34165fc57c2cdfaec59921023905752a024b01d6c571477c692,26.7488308,14.1717949
1894,1895,G0379__S05__seed_3120,G0379,robotic_arms,5,builtin_no_picture,builtin_no_picture,seed_3120,3154,#384818,/mnt/zsn/lyb/arti-skill/exp/uniform531_n5_studio_256_v1/G0379__S05__seed_3120__robotic_arms.png,75533,997060b1789e011ac884862195b4be9b4fadd36ec7b89873d3d5726f090d2492,28.2807198,14.2381811
1895,1896,G0380__S01__seed_2467,G0380,robotic_leg,1,builtin_no_picture,builtin_no_picture,seed_2467,3163,#d86828,/mnt/zsn/lyb/arti-skill/exp/uniform531_n5_studio_256_v1/G0380__S01__seed_2467__robotic_leg.png,78982,d507d899ebcde78df99ae7b60c9dad4b58f155aaae256a7c4f71f8ac9139a634,31.2868176,-22.0348606
1896,1897,G0380__S02__seed_2871,G0380,robotic_leg,2,builtin_no_picture,builtin_no_picture,seed_2871,3694,#d86828,/mnt/zsn/lyb/arti-skill/exp/uniform531_n5_studio_256_v1/G0380__S02__seed_2871__robotic_leg.png,77297,8d97c231b6b6bebeff2f5608855edfa1657c48397d62402d1c6bbd779db5de2f,31.4228859,-22.7328091
1897,1898,G0380__S03__seed_1229,G0380,robotic_leg,3,builtin_no_picture,builtin_no_picture,seed_1229,1608,#d86828,/mnt/zsn/lyb/arti-skill/exp/uniform531_n5_studio_256_v1/G0380__S03__seed_1229__robotic_leg.png,81208,cebf89149afc1526e60680add468022dfa23ee8914378d3bbc7e666ea561d797,31.2883091,-22.1346283
1898,1899,G0380__S04__seed_1991,G0380,robotic_leg,4,builtin_no_picture,builtin_no_picture,seed_1991,2574,#d86828,/mnt/zsn/lyb/arti-skill/exp/uniform531_n5_studio_256_v1/G0380__S04__seed_1991__robotic_leg.png,77236,eef7ef20f6ea86ae475f2961aa047eb42a2fb8a1941d37022f5998d0d8bdd392,31.9995327,-21.961607
1899,1900,G0380__S05__seed_2777,G0380,robotic_leg,5,builtin_no_picture,builtin_no_picture,seed_2777,3568,#d86828,/mnt/zsn/lyb/arti-skill/exp/uniform531_n5_studio_256_v1/G0380__S05__seed_2777__robotic_leg.png,79284,dc93d981e179041fe4215389719c96a3450d418089d4155a03131bb903cb8657,31.2695255,-22.1662865
1900,1901,G0381__S01__seed_1318,G0381,roller_conveyor,1,picture_backed,0611,seed_1318,1357,#18a868,/mnt/zsn/lyb/arti-skill/exp/uniform531_n5_studio_256_v1/G0381__S01__seed_1318__roller_conveyor.png,85365,a0be36290bd216e64a0f6e0153556f40f0631bd261149a68a0fb12ab215d3c61,-30.594408,24.654232
1901,1902,G0381__S02__seed_0606,G0381,roller_conveyor,2,picture_backed,0611,seed_0606,628,#18a868,/mnt/zsn/lyb/arti-skill/exp/uniform531_n5_studio_256_v1/G0381__S02__seed_0606__roller_conveyor.png,83697,69fd363f7b13cc3902ef49273309368ebe333c4c7f325ef77b1db03fc01213dd,-32.0782967,22.5364685
1902,1903,G0381__S03__seed_1566,G0381,roller_conveyor,3,picture_backed,0611,seed_1566,1610,#18a868,/mnt/zsn/lyb/arti-skill/exp/uniform531_n5_studio_256_v1/G0381__S03__seed_1566__roller_conveyor.png,82249,0e38980b665e1ecd9ef1d413ee97c26112ca8d8f21f95c0b3adb1a8a4aa5ce6d,-30.476202,25.5001202
1903,1904,G0381__S04__seed_0374,G0381,roller_conveyor,4,picture_backed,0611,seed_0374,385,#18a868,/mnt/zsn/lyb/arti-skill/exp/uniform531_n5_studio_256_v1/G0381__S04__seed_0374__roller_conveyor.png,84616,45c40b89339607a7176b754cc1985c4d7944214a5ae5d051bac515d399c031ff,-30.254879,25.6097927
1904,1905,G0381__S05__seed_1033,G0381,roller_conveyor,5,picture_backed,0611,seed_1033,1063,#18a868,/mnt/zsn/lyb/arti-skill/exp/uniform531_n5_studio_256_v1/G0381__S05__seed_1033__roller_conveyor.png,82336,9673dca6c692aac6034fb0c036e1886c7bfc6f20840842108f14118ed06aa48f,-30.644598,25.1771049
1905,1906,G0382__S01__seed_0794,G0382,rolling_toolbox_with_telescoping_handle,1,builtin_no_picture,builtin_no_picture,seed_0794,794,#683868,/mnt/zsn/lyb/arti-skill/exp/uniform531_n5_studio_256_v1/G0382__S01__seed_0794__rolling_toolbox_with_telescoping_handle.png,82040,ce0c53357e41ab62f57b38b89a0eaf91221bd815fc7c8c27ba78b7220da76b70,-35.1668549,-5.32656193
1906,1907,G0382__S02__seed_0343,G0382,rolling_toolbox_with_telescoping_handle,2,builtin_no_picture,builtin_no_picture,seed_0343,343,#683868,/mnt/zsn/lyb/arti-skill/exp/uniform531_n5_studio_256_v1/G0382__S02__seed_0343__rolling_toolbox_with_telescoping_handle.png,84877,601e41f0c188aa77e2e0212cda34e17d87c99906593c1133db43ca8642bfb468,-35.2438049,-6.54742908
1907,1908,G0382__S03__seed_1286,G0382,rolling_toolbox_with_telescoping_handle,3,builtin_no_picture,builtin_no_picture,seed_1286,1291,#683868,/mnt/zsn/lyb/arti-skill/exp/uniform531_n5_studio_256_v1/G0382__S03__seed_1286__rolling_toolbox_with_telescoping_handle.png,79469,a9b17f535c67a46f0117819254cb8b4c0bd097ea076e2865cd1d2d7d5b46166e,-35.1661568,-5.36461067
1908,1909,G0382__S04__seed_1094,G0382,rolling_toolbox_with_telescoping_handle,4,builtin_no_picture,builtin_no_picture,seed_1094,1097,#683868,/mnt/zsn/lyb/arti-skill/exp/uniform531_n5_studio_256_v1/G0382__S04__seed_1094__rolling_toolbox_with_telescoping_handle.png,80864,8c12185bfb38177a1bf0dc9bc32a4028227d4cb02864d9ef6e8c3903ebb93e06,-34.8678627,-5.80914164
1909,1910,G0382__S05__seed_1216,G0382,rolling_toolbox_with_telescoping_handle,5,builtin_no_picture,builtin_no_picture,seed_1216,1220,#683868,/mnt/zsn/lyb/arti-skill/exp/uniform531_n5_studio_256_v1/G0382__S05__seed_1216__rolling_toolbox_with_telescoping_handle.png,85072,2b9567db30d0208020f52457c92f7b04a1000b5d2d168c195d2b7dc8670d89eb,-31.9099789,-6.3508749
1910,1911,G0383__S01__seed_0010,G0383,rope_pulley,1,picture_backed,Camping_Outdoor Gear,seed_0010,11,#484878,/mnt/zsn/lyb/arti-skill/exp/uniform531_n5_studio_256_v1/G0383__S01__seed_0010__rope_pulley.png,73785,e754e1e84702735eb15e1633f4d7c547eede75403800fc5794da406d3ffb6ac6,26.0648575,-18.2135983
1911,1912,G0383__S02__seed_0071,G0383,rope_pulley,2,picture_backed,Camping_Outdoor Gear,seed_0071,77,#484878,/mnt/zsn/lyb/arti-skill/exp/uniform531_n5_studio_256_v1/G0383__S02__seed_0071__rope_pulley.png,72790,bcddad5ed7a13a8addcaa63e30a4df134f06674dd28891b4a3703a40fa93dd11,26.2999191,-18.4403324
1912,1913,G0383__S03__seed_0053,G0383,rope_pulley,3,picture_backed,Camping_Outdoor Gear,seed_0053,58,#484878,/mnt/zsn/lyb/arti-skill/exp/uniform531_n5_studio_256_v1/G0383__S03__seed_0053__rope_pulley.png,73336,6b829dae131269db98624904ce82edc6f92f6fd0887f9b1ed79c0a7b63cd5683,25.9512482,-18.164011
1913,1914,G0383__S04__seed_0090,G0383,rope_pulley,4,picture_backed,Camping_Outdoor Gear,seed_0090,101,#484878,/mnt/zsn/lyb/arti-skill/exp/uniform531_n5_studio_256_v1/G0383__S04__seed_0090__rope_pulley.png,77045,6cde8fa840750b5839f83e76e2c299c58c28233302aee57e8b7ea5116d54ae39,29.20928,-16.08424
1914,1915,G0383__S05__seed_0133,G0383,rope_pulley,5,picture_backed,Camping_Outdoor Gear,seed_0133,151,#484878,/mnt/zsn/lyb/arti-skill/exp/uniform531_n5_studio_256_v1/G0383__S05__seed_0133__rope_pulley.png,74510,77806b25b602c744268162ab1a4c006c9d0f3285f3fd240cf46a2fe6b40a9294,26.3789024,-18.3927727
1915,1916,G0384__S01__seed_0034,G0384,rotary_table_with_tilting_trunnion,1,builtin_no_picture,builtin_no_picture,seed_0034,34,#383888,/mnt/zsn/lyb/arti-skill/exp/uniform531_n5_studio_256_v1/G0384__S01__seed_0034__rotary_table_with_tilting_trunnion.png,82866,ca8b108910ea28b1ffdbd635ab636599f86dbb9aaaf0639c531e7e3c12fbda2a,8.48539162,-23.7640476
1916,1917,G0384__S02__seed_0211,G0384,rotary_table_with_tilting_trunnion,2,builtin_no_picture,builtin_no_picture,seed_0211,211,#383888,/mnt/zsn/lyb/arti-skill/exp/uniform531_n5_studio_256_v1/G0384__S02__seed_0211__rotary_table_with_tilting_trunnion.png,83253,7056f4d3281d3f7284e364d5ce37c1d397c56878c247b322d101c51378e45d0d,10.1833,18.2663975
1917,1918,G0384__S03__seed_0126,G0384,rotary_table_with_tilting_trunnion,3,builtin_no_picture,builtin_no_picture,seed_0126,126,#383888,/mnt/zsn/lyb/arti-skill/exp/uniform531_n5_studio_256_v1/G0384__S03__seed_0126__rotary_table_with_tilting_trunnion.png,81854,29b56fd7808620fe015e1b421ad0b12268c402af0ac3991cb59b74c29a6372cf,8.50414085,-23.7909927
1918,1919,G0384__S04__seed_0402,G0384,rotary_table_with_tilting_trunnion,4,builtin_no_picture,builtin_no_picture,seed_0402,402,#383888,/mnt/zsn/lyb/arti-skill/exp/uniform531_n5_studio_256_v1/G0384__S04__seed_0402__rotary_table_with_tilting_trunnion.png,87870,97f443f9f48ffa48ae46627cbab9d1c1f392d8980ae2d49a903db9c25284362f,8.80891514,-23.5727196
1919,1920,G0384__S05__seed_0071,G0384,rotary_table_with_tilting_trunnion,5,builtin_no_picture,builtin_no_picture,seed_0071,71,#383888,/mnt/zsn/lyb/arti-skill/exp/uniform531_n5_studio_256_v1/G0384__S05__seed_0071__rotary_table_with_tilting_trunnion.png,85613,862ee5093160c77786ba5d2ca48b517200ab3e6b601b882c4011749e302620fa,-9.05188942,-12.163475
1920,1921,G0385__S01__seed_0015,G0385,rotating_observatory_dome,1,builtin_no_picture,builtin_no_picture,seed_0015,15,#b878a8,/mnt/zsn/lyb/arti-skill/exp/uniform531_n5_studio_256_v1/G0385__S01__seed_0015__rotating_observatory_dome.png,77929,0a2057a3d2a29b7826d8ce4c481113cbe10c02a6e8d37cd867ec480221041db3,12.1520014,-30.212883
1921,1922,G0385__S02__seed_0029,G0385,rotating_observatory_dome,2,builtin_no_picture,builtin_no_picture,seed_0029,29,#b878a8,/mnt/zsn/lyb/arti-skill/exp/uniform531_n5_studio_256_v1/G0385__S02__seed_0029__rotating_observatory_dome.png,79735,9ed0ee178ebd5f2231f128208f765fdbd8092fab73c6b7b4ce15f47f7f25fda4,12.514698,-30.5808926
1922,1923,G0385__S03__seed_0046,G0385,rotating_observatory_dome,3,builtin_no_picture,builtin_no_picture,seed_0046,46,#b878a8,/mnt/zsn/lyb/arti-skill/exp/uniform531_n5_studio_256_v1/G0385__S03__seed_0046__rotating_observatory_dome.png,79678,052fc0abb77cd161fe2a9d1f7b04d36741ed152a0b5957029bb98725cf1448d1,12.4184046,-30.1964779
1923,1924,G0385__S04__seed_0041,G0385,rotating_observatory_dome,4,builtin_no_picture,builtin_no_picture,seed_0041,41,#b878a8,/mnt/zsn/lyb/arti-skill/exp/uniform531_n5_studio_256_v1/G0385__S04__seed_0041__rotating_observatory_dome.png,79538,29faece47fbf8586eabe170ad5671b6a0f599eaef02971eb9d55b478bad2e3eb,12.6466379,-30.5031128
1924,1925,G0385__S05__seed_0044,G0385,rotating_observatory_dome,5,builtin_no_picture,builtin_no_picture,seed_0044,44,#b878a8,/mnt/zsn/lyb/arti-skill/exp/uniform531_n5_studio_256_v1/G0385__S05__seed_0044__rotating_observatory_dome.png,78842,0587aeacdd2db22367348ebec37b11726b447a05e15ce47cabd2a5317fd33fcc,12.3894005,-30.5110512
1925,1926,G0386__S01__seed_0162,G0386,round_cabinet,1,picture_backed,0611,seed_0162,163,#b83838,/mnt/zsn/lyb/arti-skill/exp/uniform531_n5_studio_256_v1/G0386__S01__seed_0162__round_cabinet.png,87932,5bb81e14890fbf6e21076bd84af6a7003678083d0d5944ec457b256e0bfbe7d5,-56.4800568,12.3058958
1926,1927,G0386__S02__seed_0113,G0386,round_cabinet,2,picture_backed,0611,seed_0113,114,#b83838,/mnt/zsn/lyb/arti-skill/exp/uniform531_n5_studio_256_v1/G0386__S02__seed_0113__round_cabinet.png,89867,6618671e78429544729b21ea1625094e1adde1c665171086cd0396fb78fe2293,-56.5849762,12.0730886
1927,1928,G0386__S03__seed_0165,G0386,round_cabinet,3,picture_backed,0611,seed_0165,166,#b83838,/mnt/zsn/lyb/arti-skill/exp/uniform531_n5_studio_256_v1/G0386__S03__seed_0165__round_cabinet.png,84349,53f8ca01f96d3f2c00db5b78119c1ccb398705c7ba302dcb4aefd334ef4750da,-57.1448555,11.6744528
1928,1929,G0386__S04__seed_0031,G0386,round_cabinet,4,picture_backed,0611,seed_0031,31,#b83838,/mnt/zsn/lyb/arti-skill/exp/uniform531_n5_studio_256_v1/G0386__S04__seed_0031__round_cabinet.png,80625,c481329582f599e19947152976b3a1a40f8f0fb94fb64ef6685080691d898ed2,-56.6825104,11.3043728
1929,1930,G0386__S05__seed_0269,G0386,round_cabinet,5,picture_backed,0611,seed_0269,270,#b83838,/mnt/zsn/lyb/arti-skill/exp/uniform531_n5_studio_256_v1/G0386__S05__seed_0269__round_cabinet.png,89367,65cb4f75c16f11b80c2d2c5d7b6bb6401546e5e3cd7c97302da1f25b2643366f,-58.3369179,10.0721464
1930,1931,G0387__S01__seed_1398,G0387,sailboat_winch_with_pawl_and_handle,1,picture_backed,0611,seed_1398,1465,#9868e8,/mnt/zsn/lyb/arti-skill/exp/uniform531_n5_studio_256_v1/G0387__S01__seed_1398__sailboat_winch_with_pawl_and_handle.png,79174,0ff3cac8e9979b5c39311335d905f57790695dda196d2b0ccfe717d4e61fac5a,11.6308899,-2.64460444
1931,1932,G0387__S02__seed_0397,G0387,sailboat_winch_with_pawl_and_handle,2,picture_backed,0611,seed_0397,419,#9868e8,/mnt/zsn/lyb/arti-skill/exp/uniform531_n5_studio_256_v1/G0387__S02__seed_0397__sailboat_winch_with_pawl_and_handle.png,87497,664012dca13a6c93f2012e925fca6f23da6712fb2376bf3e06ce78a3614a8fcd,11.447772,-1.89343131
1932,1933,G0387__S03__seed_1366,G0387,sailboat_winch_with_pawl_and_handle,3,picture_backed,0611,seed_1366,1432,#9868e8,/mnt/zsn/lyb/arti-skill/exp/uniform531_n5_studio_256_v1/G0387__S03__seed_1366__sailboat_winch_with_pawl_and_handle.png,82159,960565c960fde1ecc518bfed896b45429d837d8b2b83adf22207f5a5cc3e0c3e,11.7318506,-2.36986518
1933,1934,G0387__S04__seed_0741,G0387,sailboat_winch_with_pawl_and_handle,4,picture_backed,0611,seed_0741,782,#9868e8,/mnt/zsn/lyb/arti-skill/exp/uniform531_n5_studio_256_v1/G0387__S04__seed_0741__sailboat_winch_with_pawl_and_handle.png,79738,6ac86983545a611c841e2cebae8e7c2e32a3d6debce76a834f013657ce267126,11.5320835,-2.51696038
1934,1935,G0387__S05__seed_0452,G0387,sailboat_winch_with_pawl_and_handle,5,picture_backed,0611,seed_0452,477,#9868e8,/mnt/zsn/lyb/arti-skill/exp/uniform531_n5_studio_256_v1/G0387__S05__seed_0452__sailboat_winch_with_pawl_and_handle.png,78857,d589b244f0313a4f236d905343e883edcac31d68ae76c3684bb13f71850a703a,9.40668678,-20.530201
1935,1936,G0388__S01__seed_0155,G0388,satellite_with_articulated_solar_panels,1,builtin_no_picture,builtin_no_picture,seed_0155,173,#783838,/mnt/zsn/lyb/arti-skill/exp/uniform531_n5_studio_256_v1/G0388__S01__seed_0155__satellite_with_articulated_solar_panels.png,81185,1164829af170efa00030b33b2aa7e716f7946c6b1e9dcef56fe0acbeb127e0e8,-31.3448963,-18.8779793
1936,1937,G0388__S02__seed_0147,G0388,satellite_with_articulated_solar_panels,2,builtin_no_picture,builtin_no_picture,seed_0147,165,#783838,/mnt/zsn/lyb/arti-skill/exp/uniform531_n5_studio_256_v1/G0388__S02__seed_0147__satellite_with_articulated_solar_panels.png,90275,ece298925fae202e52be62b98f97f0dac32114480575c43367712bcf4482101d,-31.9408493,-18.9377556
1937,1938,G0388__S03__seed_0068,G0388,satellite_with_articulated_solar_panels,3,builtin_no_picture,builtin_no_picture,seed_0068,76,#783838,/mnt/zsn/lyb/arti-skill/exp/uniform531_n5_studio_256_v1/G0388__S03__seed_0068__satellite_with_articulated_solar_panels.png,82434,33b65710eea0ba886aee6597a71b303879eeb5546738e04c8aed3fa237d1bfe0,-31.2714005,-18.8602772
1938,1939,G0388__S04__seed_0087,G0388,satellite_with_articulated_solar_panels,4,builtin_no_picture,builtin_no_picture,seed_0087,97,#783838,/mnt/zsn/lyb/arti-skill/exp/uniform531_n5_studio_256_v1/G0388__S04__seed_0087__satellite_with_articulated_solar_panels.png,79219,f30ca8cec9b28f04a3e9ad836aeb8043cebca58282e2e7aa87869b4c3fa86fda,-31.152689,-18.5242348
1939,1940,G0388__S05__seed_0129,G0388,satellite_with_articulated_solar_panels,5,builtin_no_picture,builtin_no_picture,seed_0129,144,#783838,/mnt/zsn/lyb/arti-skill/exp/uniform531_n5_studio_256_v1/G0388__S05__seed_0129__satellite_with_articulated_solar_panels.png,82015,ae1d6c4a8f3e2adb39c67e724e5d095a871504b45ef0faaae14ec5d1e82a9b59,-31.3774776,-19.032505
1940,1941,G0389__S01__seed_0013,G0389,scanner,1,picture_backed,0611,seed_0013,20,#e81848,/mnt/zsn/lyb/arti-skill/exp/uniform531_n5_studio_256_v1/G0389__S01__seed_0013__scanner.png,76138,7b81b2894568cdc0a929afb983789a553919a18f35e80cf2e13cb2ee3560e2c1,-18.4140148,7.79241753
1941,1942,G0389__S02__seed_0006,G0389,scanner,2,picture_backed,0611,seed_0006,8,#e81848,/mnt/zsn/lyb/arti-skill/exp/uniform531_n5_studio_256_v1/G0389__S02__seed_0006__scanner.png,78323,5c5c601458302ab4dd1fdb3f97b07290e65fe34d1d233a99cc1f2d857f876e71,-19.1935997,7.66808414
1942,1943,G0389__S03__seed_0016,G0389,scanner,3,picture_backed,0611,seed_0016,27,#e81848,/mnt/zsn/lyb/arti-skill/exp/uniform531_n5_studio_256_v1/G0389__S03__seed_0016__scanner.png,81577,34d6f5da4a762654c020b5645e65a1384022c07fcbc7ed7ab9c6e95e145c4f46,-19.1425037,8.48521519
1943,1944,G0389__S04__seed_0018,G0389,scanner,4,picture_backed,0611,seed_0018,29,#e81848,/mnt/zsn/lyb/arti-skill/exp/uniform531_n5_studio_256_v1/G0389__S04__seed_0018__scanner.png,81575,100393abb675838ac60413b92c9fa2033d7ea97eb56a8f340653414d4a4466bc,-19.0645714,7.89324093
1944,1945,G0389__S05__seed_0000,G0389,scanner,5,picture_backed,0611,seed_0000,0,#e81848,/mnt/zsn/lyb/arti-skill/exp/uniform531_n5_studio_256_v1/G0389__S05__seed_0000__scanner.png,77359,3a7f6045af7fe373e79f7874b72c6bfb0168d326d5621f0774886e768c9a0ca5,-18.6454144,8.13931274
1945,1946,G0390__S01__seed_0012,G0390,Science_Capsule,1,picture_backed,Science,seed_0012,12,#e87838,/mnt/zsn/lyb/arti-skill/exp/uniform531_n5_studio_256_v1/G0390__S01__seed_0012__Science_Capsule.png,77052,01dcb56703a330ae8df45a1714710cf3aad0f193c70a0f386ab4905a5ab09c10,50.498188,-27.3705997
1946,1947,G0390__S02__seed_0004,G0390,Science_Capsule,2,picture_backed,Science,seed_0004,4,#e87838,/mnt/zsn/lyb/arti-skill/exp/uniform531_n5_studio_256_v1/G0390__S02__seed_0004__Science_Capsule.png,73024,057b8deefba48f54f8ea90aafb057cc2a0e0a4c4196002f1ebe3f9ce8ad78c4a,51.1290703,-27.4841709
1947,1948,G0390__S03__seed_0033,G0390,Science_Capsule,3,picture_backed,Science,seed_0033,33,#e87838,/mnt/zsn/lyb/arti-skill/exp/uniform531_n5_studio_256_v1/G0390__S03__seed_0033__Science_Capsule.png,73199,1fd0a6ed6706f2a5c14c228119c196ab947594f0075524bc9be182705db3fb1c,50.8896866,-27.298996
1948,1949,G0390__S04__seed_0034,G0390,Science_Capsule,4,picture_backed,Science,seed_0034,34,#e87838,/mnt/zsn/lyb/arti-skill/exp/uniform531_n5_studio_256_v1/G0390__S04__seed_0034__Science_Capsule.png,75025,12be3df44ba519dbb4727aa563850c9e05eb912fc4b009314c4852907d5a2ca7,50.7216454,-27.1769524
1949,1950,G0390__S05__seed_0045,G0390,Science_Capsule,5,picture_backed,Science,seed_0045,45,#e87838,/mnt/zsn/lyb/arti-skill/exp/uniform531_n5_studio_256_v1/G0390__S05__seed_0045__Science_Capsule.png,78015,b57f6c6ca089d3745a97142623736fa43e007798d689cf036964a2a55abde49b,50.2174988,-27.5486183
1950,1951,G0391__S01__seed_0023,G0391,Science_Dental_setup,1,picture_backed,Science,seed_0023,23,#9868b8,/mnt/zsn/lyb/arti-skill/exp/uniform531_n5_studio_256_v1/G0391__S01__seed_0023__Science_Dental_setup.png,83533,6ed1cae93594db4ed9fb68ccb17fbe77efc7ab1654b2480914b4b7e902c97db6,12.2846508,30.7974548
1951,1952,G0391__S02__seed_0002,G0391,Science_Dental_setup,2,picture_backed,Science,seed_0002,2,#9868b8,/mnt/zsn/lyb/arti-skill/exp/uniform531_n5_studio_256_v1/G0391__S02__seed_0002__Science_Dental_setup.png,82608,0bcf66a7b6ba95dd12d8de49f4f5e6a6610dc830ca3eb933604f32231dd1a422,12.2410021,30.8933945
1952,1953,G0391__S03__seed_0006,G0391,Science_Dental_setup,3,picture_backed,Science,seed_0006,6,#9868b8,/mnt/zsn/lyb/arti-skill/exp/uniform531_n5_studio_256_v1/G0391__S03__seed_0006__Science_Dental_setup.png,81184,35882c1e5c786e470e669833881ccc13be08bb5955b3dcd3b9a3c0837588c07b,12.3001509,30.6742611
1953,1954,G0391__S04__seed_0001,G0391,Science_Dental_setup,4,picture_backed,Science,seed_0001,1,#9868b8,/mnt/zsn/lyb/arti-skill/exp/uniform531_n5_studio_256_v1/G0391__S04__seed_0001__Science_Dental_setup.png,83900,1254101741fbfbf038f20f6f7ac97acabebb8d5b654fb8daca03c25978a562ff,12.109601,30.5972919
1954,1955,G0391__S05__seed_0049,G0391,Science_Dental_setup,5,picture_backed,Science,seed_0049,49,#9868b8,/mnt/zsn/lyb/arti-skill/exp/uniform531_n5_studio_256_v1/G0391__S05__seed_0049__Science_Dental_setup.png,82957,36a0780c0efa3b7f85360d0eace4a110edd0deb3a94a2d1dab68fd37f91f61a6,12.5216942,30.5287666
1955,1956,G0392__S01__seed_0020,G0392,Science_First_aid_cabinet,1,picture_backed,Science,seed_0020,20,#a85878,/mnt/zsn/lyb/arti-skill/exp/uniform531_n5_studio_256_v1/G0392__S01__seed_0020__Science_First_aid_cabinet.png,78026,69d07158581e2368596fa52b74ce046e8bd1da3315230c09c2f06fba03dd123d,-32.5311317,-30.9302158
1956,1957,G0392__S02__seed_0009,G0392,Science_First_aid_cabinet,2,picture_backed,Science,seed_0009,9,#a85878,/mnt/zsn/lyb/arti-skill/exp/uniform531_n5_studio_256_v1/G0392__S02__seed_0009__Science_First_aid_cabinet.png,74476,33c44f53cf9998c70f02b5f9965f188695216a81dd4ac6235edad6a5d426cdff,-32.9704208,-31.667387
1957,1958,G0392__S03__seed_0003,G0392,Science_First_aid_cabinet,3,picture_backed,Science,seed_0003,3,#a85878,/mnt/zsn/lyb/arti-skill/exp/uniform531_n5_studio_256_v1/G0392__S03__seed_0003__Science_First_aid_cabinet.png,77314,b6a46e492ffe68354275e65a3d32d19d4403749452932d85dca3782c124bb4a6,-33.030056,-31.1075764
1958,1959,G0392__S04__seed_0025,G0392,Science_First_aid_cabinet,4,picture_backed,Science,seed_0025,25,#a85878,/mnt/zsn/lyb/arti-skill/exp/uniform531_n5_studio_256_v1/G0392__S04__seed_0025__Science_First_aid_cabinet.png,73458,8293a788de159410eef9fd8a07acbd0861d82ee4aacb626bea665375941f7ac1,-31.9256687,-31.0072136
1959,1960,G0392__S05__seed_0001,G0392,Science_First_aid_cabinet,5,picture_backed,Science,seed_0001,1,#a85878,/mnt/zsn/lyb/arti-skill/exp/uniform531_n5_studio_256_v1/G0392__S05__seed_0001__Science_First_aid_cabinet.png,78156,66e4083eed71a49f1764493dc0709feb5b2bfaa1fb0ae0f9d57d5524fccb8d26,-32.4271126,-30.7035007
1960,1961,G0393__S01__seed_0077,G0393,Science_microscope,1,picture_backed,Science,seed_0077,77,#1858c8,/mnt/zsn/lyb/arti-skill/exp/uniform531_n5_studio_256_v1/G0393__S01__seed_0077__Science_microscope.png,78025,60f9098abf07ee4e588dbf9030aa514afd2dc965b4ed76acb88e864544808322,10.5084667,14.3053007
1961,1962,G0393__S02__seed_0004,G0393,Science_microscope,2,picture_backed,Science,seed_0004,4,#1858c8,/mnt/zsn/lyb/arti-skill/exp/uniform531_n5_studio_256_v1/G0393__S02__seed_0004__Science_microscope.png,81978,eeb9cbbde4ce59899a86fc395cbb331103d1991b0a8bb08e146f776a2be1c2f3,10.4445839,14.4979992
1962,1963,G0393__S03__seed_0030,G0393,Science_microscope,3,picture_backed,Science,seed_0030,30,#1858c8,/mnt/zsn/lyb/arti-skill/exp/uniform531_n5_studio_256_v1/G0393__S03__seed_0030__Science_microscope.png,84023,b0139753e7975bdd74403b1cdb49e51eb20c53a473dc49de6edf2bb77ea7f6f9,10.2997017,15.2338133
1963,1964,G0393__S04__seed_0063,G0393,Science_microscope,4,picture_backed,Science,seed_0063,63,#1858c8,/mnt/zsn/lyb/arti-skill/exp/uniform531_n5_studio_256_v1/G0393__S04__seed_0063__Science_microscope.png,83243,a64f83a481485e77eec71936863c935dbd5f7bf01b81b03c63d8ae800e599a2a,10.3099594,15.1060286
1964,1965,G0393__S05__seed_0026,G0393,Science_microscope,5,picture_backed,Science,seed_0026,26,#1858c8,/mnt/zsn/lyb/arti-skill/exp/uniform531_n5_studio_256_v1/G0393__S05__seed_0026__Science_microscope.png,80636,faad74b286e4ea1bd28f343ef4cbcec40d57a7b8668455c07abaf7acfcd6973d,10.0155125,15.4940815
1965,1966,G0394__S01__seed_0003,G0394,Science_Surgical_bed,1,picture_backed,Science,seed_0003,3,#c848e8,/mnt/zsn/lyb/arti-skill/exp/uniform531_n5_studio_256_v1/G0394__S01__seed_0003__Science_Surgical_bed.png,78456,6d577d0b17d3f6562b3136a3175da8203b2b60f6f808d96660337e9d02475553,-37.2292328,37.3305359
1966,1967,G0394__S02__seed_0014,G0394,Science_Surgical_bed,2,picture_backed,Science,seed_0014,14,#c848e8,/mnt/zsn/lyb/arti-skill/exp/uniform531_n5_studio_256_v1/G0394__S02__seed_0014__Science_Surgical_bed.png,80162,51659701127e3c4d2d5dbe6f3927613ffc910308bbe47ab132ec0bc481d2d785,-36.9254074,37.6867294
1967,1968,G0394__S03__seed_0022,G0394,Science_Surgical_bed,3,picture_backed,Science,seed_0022,22,#c848e8,/mnt/zsn/lyb/arti-skill/exp/uniform531_n5_studio_256_v1/G0394__S03__seed_0022__Science_Surgical_bed.png,76923,72c13ec8b0f8251379e563648ba98a5de01805e59c5b9dfdc62530e74ec5d16b,-37.3761063,37.2732391
1968,1969,G0394__S04__seed_0018,G0394,Science_Surgical_bed,4,picture_backed,Science,seed_0018,18,#c848e8,/mnt/zsn/lyb/arti-skill/exp/uniform531_n5_studio_256_v1/G0394__S04__seed_0018__Science_Surgical_bed.png,82050,8042725bbba306eaa10136bdad2ae1a6966d4ab6da12727ce6ba0ea0f39de264,-37.2959633,37.8893242
1969,1970,G0394__S05__seed_0011,G0394,Science_Surgical_bed,5,picture_backed,Science,seed_0011,11,#c848e8,/mnt/zsn/lyb/arti-skill/exp/uniform531_n5_studio_256_v1/G0394__S05__seed_0011__Science_Surgical_bed.png,73141,1ad8f0557b1df79b949776c1902cc7b9e2f01100b755bda7e6ae8676e3f88161,-35.0599098,37.0706711
1970,1971,G0395__S01__seed_0010,G0395,Science_Surgical_chair,1,picture_backed,Science,seed_0010,10,#e89868,/mnt/zsn/lyb/arti-skill/exp/uniform531_n5_studio_256_v1/G0395__S01__seed_0010__Science_Surgical_chair.png,77900,2a44b66ce6e653291787dc4fd7856f92dd494f8a194861b709b606de79cae8cc,0.876620829,34.6078186
1971,1972,G0395__S02__seed_0023,G0395,Science_Surgical_chair,2,picture_backed,Science,seed_0023,23,#e89868,/mnt/zsn/lyb/arti-skill/exp/uniform531_n5_studio_256_v1/G0395__S02__seed_0023__Science_Surgical_chair.png,87287,4d0c7732832b53ac099767407cbfe64fefa96ae53901c1d3bdb16a5b76a98418,0.993247867,34.1069756
1972,1973,G0395__S03__seed_0019,G0395,Science_Surgical_chair,3,picture_backed,Science,seed_0019,19,#e89868,/mnt/zsn/lyb/arti-skill/exp/uniform531_n5_studio_256_v1/G0395__S03__seed_0019__Science_Surgical_chair.png,81195,5ff845fdea4c5f3efd8c527731ea82b9063c9456b8b2007e56f5b3d49d5e9f0a,1.23990917,33.7149887
1973,1974,G0395__S04__seed_0015,G0395,Science_Surgical_chair,4,picture_backed,Science,seed_0015,15,#e89868,/mnt/zsn/lyb/arti-skill/exp/uniform531_n5_studio_256_v1/G0395__S04__seed_0015__Science_Surgical_chair.png,78417,7a650f936c05927e3ce368e04cb3509749bad7e617dd307eeeef74dfdf235bff,0.754312634,34.7502365
1974,1975,G0395__S05__seed_0008,G0395,Science_Surgical_chair,5,picture_backed,Science,seed_0008,8,#e89868,/mnt/zsn/lyb/arti-skill/exp/uniform531_n5_studio_256_v1/G0395__S05__seed_0008__Science_Surgical_chair.png,82213,92e793058471633d5b4830fe89216a4033b25929d18811f4fc87a2b1f35b4825,1.12050271,34.7557297
1975,1976,G0396__S01__seed_0126,G0396,Science_Syringe,1,picture_backed,Science,seed_0126,126,#6858a8,/mnt/zsn/lyb/arti-skill/exp/uniform531_n5_studio_256_v1/G0396__S01__seed_0126__Science_Syringe.png,67826,2bc548a2f5e712f5130e8844fc95457b9ec76cca432199af32eaa451d3fa60cd,50.684288,13.5297594
1976,1977,G0396__S02__seed_0115,G0396,Science_Syringe,2,picture_backed,Science,seed_0115,115,#6858a8,/mnt/zsn/lyb/arti-skill/exp/uniform531_n5_studio_256_v1/G0396__S02__seed_0115__Science_Syringe.png,69599,77cd00f423e4785d85201acbdf8c04d9c7fee20c0f3520b6d5b172b2bdcb3c82,50.6442108,11.0885649
1977,1978,G0396__S03__seed_0009,G0396,Science_Syringe,3,picture_backed,Science,seed_0009,9,#6858a8,/mnt/zsn/lyb/arti-skill/exp/uniform531_n5_studio_256_v1/G0396__S03__seed_0009__Science_Syringe.png,69900,05093b6775533d4f28bea376d6167d7638e1222bac517c66ee4b9a6a478e5c2f,50.6557922,11.6427088
1978,1979,G0396__S04__seed_0064,G0396,Science_Syringe,4,picture_backed,Science,seed_0064,64,#6858a8,/mnt/zsn/lyb/arti-skill/exp/uniform531_n5_studio_256_v1/G0396__S04__seed_0064__Science_Syringe.png,72536,b4228e8af4a41613d81fe586c9512ca9fb968b47bc00280bbf56c13c43b5ba5b,50.5394554,10.4776182
1979,1980,G0396__S05__seed_0091,G0396,Science_Syringe,5,picture_backed,Science,seed_0091,91,#6858a8,/mnt/zsn/lyb/arti-skill/exp/uniform531_n5_studio_256_v1/G0396__S05__seed_0091__Science_Syringe.png,68249,e6e67330ea7e1e4aaa7dc43e52b7e459999f4946784610b2a132e786a04850d1,50.6255112,13.2397604
1980,1981,G0397__S01__seed_0064,G0397,screwcap_bottle,1,builtin_no_picture,builtin_no_picture,seed_0064,64,#7858b8,/mnt/zsn/lyb/arti-skill/exp/uniform531_n5_studio_256_v1/G0397__S01__seed_0064__screwcap_bottle.png,75072,7dbacb02e6de64a667931ee306c42540dc4f8b404f43d62be4db7d155c983154,4.19065046,-50.7431488
1981,1982,G0397__S02__seed_0021,G0397,screwcap_bottle,2,builtin_no_picture,builtin_no_picture,seed_0021,21,#7858b8,/mnt/zsn/lyb/arti-skill/exp/uniform531_n5_studio_256_v1/G0397__S02__seed_0021__screwcap_bottle.png,71252,6ea07a65170a842f144b95748784669ca32245282325ee5a1ce104bdf8f47bca,3.27971005,-50.9303131
1982,1983,G0397__S03__seed_0070,G0397,screwcap_bottle,3,builtin_no_picture,builtin_no_picture,seed_0070,70,#7858b8,/mnt/zsn/lyb/arti-skill/exp/uniform531_n5_studio_256_v1/G0397__S03__seed_0070__screwcap_bottle.png,70405,9c76a7dce99416415d83b0f9fad375f7d422d2f37124c06f211e74b0e70f9e04,3.65766168,-50.0092773
1983,1984,G0397__S04__seed_0041,G0397,screwcap_bottle,4,builtin_no_picture,builtin_no_picture,seed_0041,41,#7858b8,/mnt/zsn/lyb/arti-skill/exp/uniform531_n5_studio_256_v1/G0397__S04__seed_0041__screwcap_bottle.png,71644,03720e174a7919161897a474e1536900e9d00ff45e5eacec107d1f5328aa2ccd,3.88242054,-51.2400475
1984,1985,G0397__S05__seed_0034,G0397,screwcap_bottle,5,builtin_no_picture,builtin_no_picture,seed_0034,34,#7858b8,/mnt/zsn/lyb/arti-skill/exp/uniform531_n5_studio_256_v1/G0397__S05__seed_0034__screwcap_bottle.png,70177,2dfdcb94fa36bf9c0eabd4ceacd6a950a3a89b03dae4a41c96ead89ed312eff9,4.71423531,-52.5295181
1985,1986,G0398__S01__seed_0256,G0398,screwin_light_bulb_with_socket,1,builtin_no_picture,builtin_no_picture,seed_0256,256,#d85858,/mnt/zsn/lyb/arti-skill/exp/uniform531_n5_studio_256_v1/G0398__S01__seed_0256__screwin_light_bulb_with_socket.png,78836,33a7b0766e2286ff4d0f4c8219c575ebc1269eac86ed61ce60b7de10eb3f1cb3,13.1405239,-21.0334568
1986,1987,G0398__S02__seed_0343,G0398,screwin_light_bulb_with_socket,2,builtin_no_picture,builtin_no_picture,seed_0343,343,#d85858,/mnt/zsn/lyb/arti-skill/exp/uniform531_n5_studio_256_v1/G0398__S02__seed_0343__screwin_light_bulb_with_socket.png,77165,09f751bf2428a2905679d72a11c7ecbd1e4caf5025c1b8f7b219409170efc8bc,11.6008587,-41.5744934
1987,1988,G0398__S03__seed_0292,G0398,screwin_light_bulb_with_socket,3,builtin_no_picture,builtin_no_picture,seed_0292,292,#d85858,/mnt/zsn/lyb/arti-skill/exp/uniform531_n5_studio_256_v1/G0398__S03__seed_0292__screwin_light_bulb_with_socket.png,82606,265b20e6450386aa98943e716501035a7c813600d6f278b093df7fd66a9dc964,13.4089098,-35.5909958
1988,1989,G0398__S04__seed_0591,G0398,screwin_light_bulb_with_socket,4,builtin_no_picture,builtin_no_picture,seed_0591,591,#d85858,/mnt/zsn/lyb/arti-skill/exp/uniform531_n5_studio_256_v1/G0398__S04__seed_0591__screwin_light_bulb_with_socket.png,78631,bd9f65310e48020a3b1cd1b0e9d7cec24736f9564b486b886000a99c0262b2dd,12.0790253,-41.7417908
1989,1990,G0398__S05__seed_0589,G0398,screwin_light_bulb_with_socket,5,builtin_no_picture,builtin_no_picture,seed_0589,589,#d85858,/mnt/zsn/lyb/arti-skill/exp/uniform531_n5_studio_256_v1/G0398__S05__seed_0589__screwin_light_bulb_with_socket.png,76675,336f47194cb6e002f5081769385511f0efa005f83d2a29d43e2beebd1c6a915f,12.0570469,-41.732048
1990,1991,G0399__S01__seed_0164,G0399,searchlight_tower,1,builtin_no_picture,builtin_no_picture,seed_0164,164,#c878b8,/mnt/zsn/lyb/arti-skill/exp/uniform531_n5_studio_256_v1/G0399__S01__seed_0164__searchlight_tower.png,74276,9aa6de90386db03097f6143f7b0f4e8a583ff47c11a6ec311b4ba58e335cb25a,39.0080299,-22.3088646
1991,1992,G0399__S02__seed_1416,G0399,searchlight_tower,2,builtin_no_picture,builtin_no_picture,seed_1416,1416,#c878b8,/mnt/zsn/lyb/arti-skill/exp/uniform531_n5_studio_256_v1/G0399__S02__seed_1416__searchlight_tower.png,82265,52dc0cc9644c21cb285a8d4e4d11479480eff83a88148367c67e946bf84e8766,38.4232521,-23.4260674
1992,1993,G0399__S03__seed_1138,G0399,searchlight_tower,3,builtin_no_picture,builtin_no_picture,seed_1138,1138,#c878b8,/mnt/zsn/lyb/arti-skill/exp/uniform531_n5_studio_256_v1/G0399__S03__seed_1138__searchlight_tower.png,83195,5ab8e42fd83ee41c3635e15eb59a76407e281efcced2fabc06e0b4507c0e45fc,38.4526901,-22.7622471
1993,1994,G0399__S04__seed_1436,G0399,searchlight_tower,4,builtin_no_picture,builtin_no_picture,seed_1436,1436,#c878b8,/mnt/zsn/lyb/arti-skill/exp/uniform531_n5_studio_256_v1/G0399__S04__seed_1436__searchlight_tower.png,80102,9519ec991de3c6ef03efac1b1acecce32a3dacb28cc21625c5bafedaff045a9c,39.1507607,-22.7599602
1994,1995,G0399__S05__seed_0092,G0399,searchlight_tower,5,builtin_no_picture,builtin_no_picture,seed_0092,92,#c878b8,/mnt/zsn/lyb/arti-skill/exp/uniform531_n5_studio_256_v1/G0399__S05__seed_0092__searchlight_tower.png,81912,933d56f6cae42cc86996ebca8fadc6ae8c2ad1693d262497339df79dbed0ceb1,39.1065865,-22.9902153
1995,1996,G0400__S01__seed_0022,G0400,seed_spreader,1,picture_backed,Agricultural,seed_0022,22,#187848,/mnt/zsn/lyb/arti-skill/exp/uniform531_n5_studio_256_v1/G0400__S01__seed_0022__seed_spreader.png,88425,6dbd4344c6d8cfa7fab9e234a89e2839cfddaa7fe94741729fa52e196e7ee897,5.84264851,63.8241844
1996,1997,G0400__S02__seed_0033,G0400,seed_spreader,2,picture_backed,Agricultural,seed_0033,33,#187848,/mnt/zsn/lyb/arti-skill/exp/uniform531_n5_studio_256_v1/G0400__S02__seed_0033__seed_spreader.png,89264,3931c518d1a85651add99db82c0a275e0af8b38433746b314fe152533b9000f2,5.24715948,63.3478737
1997,1998,G0400__S03__seed_0137,G0400,seed_spreader,3,picture_backed,Agricultural,seed_0137,139,#187848,/mnt/zsn/lyb/arti-skill/exp/uniform531_n5_studio_256_v1/G0400__S03__seed_0137__seed_spreader.png,86448,2a1912c6b8921dbc1db6072998187e336265e281666578a3513660ad641109c1,5.5521121,64.0362244
1998,1999,G0400__S04__seed_0179,G0400,seed_spreader,4,picture_backed,Agricultural,seed_0179,181,#187848,/mnt/zsn/lyb/arti-skill/exp/uniform531_n5_studio_256_v1/G0400__S04__seed_0179__seed_spreader.png,83753,1eb8f2f78ed231542367376420845a23c22fbc779300af5b86261ffacaa143bb,5.4401474,63.9612808
1999,2000,G0400__S05__seed_0185,G0400,seed_spreader,5,picture_backed,Agricultural,seed_0185,187,#187848,/mnt/zsn/lyb/arti-skill/exp/uniform531_n5_studio_256_v1/G0400__S05__seed_0185__seed_spreader.png,82890,dad3be5c3fa247ecdc68eab057e28f73bbb3a3f6040e560cd02fcebd57e94b30,5.84602785,63.4879608
2000,2001,G0401__S01__seed_0042,G0401,seeder,1,picture_backed,0611,seed_0042,42,#a89848,/mnt/zsn/lyb/arti-skill/exp/uniform531_n5_studio_256_v1/G0401__S01__seed_0042__seeder.png,80736,6c431354356a62ba277de5d5cbe68462508f06f19cafdbfbf51951070450acb7,9.94245243,57.4984398
2001,2002,G0401__S02__seed_0414,G0401,seeder,2,picture_backed,0611,seed_0414,414,#a89848,/mnt/zsn/lyb/arti-skill/exp/uniform531_n5_studio_256_v1/G0401__S02__seed_0414__seeder.png,82392,992b212eb19b2651cfd7ef41f0464ddd842a866c434c4cf385bf43f14d0a17f0,9.52397442,57.7804832
2002,2003,G0401__S03__seed_0347,G0401,seeder,3,picture_backed,0611,seed_0347,347,#a89848,/mnt/zsn/lyb/arti-skill/exp/uniform531_n5_studio_256_v1/G0401__S03__seed_0347__seeder.png,80207,997d6885002a2c44be97ae11a4aefe807397324e9b7af80b1c40a97e34150382,10.3637314,57.2212791
2003,2004,G0401__S04__seed_0154,G0401,seeder,4,picture_backed,0611,seed_0154,154,#a89848,/mnt/zsn/lyb/arti-skill/exp/uniform531_n5_studio_256_v1/G0401__S04__seed_0154__seeder.png,78085,2b7ef15c6fba0ec119d5efde6f5b905e280d1964bd84eeca86491a637b1d5d66,9.94236565,57.4082718
2004,2005,G0401__S05__seed_0367,G0401,seeder,5,picture_backed,0611,seed_0367,367,#a89848,/mnt/zsn/lyb/arti-skill/exp/uniform531_n5_studio_256_v1/G0401__S05__seed_0367__seeder.png,81529,656779a0f6fbd3368e24d7ffa091562fc4725f0c61ee3e39f5fc8d18f29e031f,4.32427359,61.0051041
2005,2006,G0402__S01__seed_0770,G0402,serial_elbow_arm,1,builtin_no_picture,builtin_no_picture,seed_0770,774,#a83828,/mnt/zsn/lyb/arti-skill/exp/uniform531_n5_studio_256_v1/G0402__S01__seed_0770__serial_elbow_arm.png,77018,9ea7d94b4952d51de4ca4945dc3113666a18cbd537325bf33fe07e4d366e21cf,28.6042023,12.9203014
2006,2007,G0402__S02__seed_0416,G0402,serial_elbow_arm,2,builtin_no_picture,builtin_no_picture,seed_0416,418,#a83828,/mnt/zsn/lyb/arti-skill/exp/uniform531_n5_studio_256_v1/G0402__S02__seed_0416__serial_elbow_arm.png,76439,aa3487f41fa8ca6c240a2788711916e686416e8f580c9f19dca03a3bbd8c031f,28.1248322,18.289238
2007,2008,G0402__S03__seed_0983,G0402,serial_elbow_arm,3,builtin_no_picture,builtin_no_picture,seed_0983,991,#a83828,/mnt/zsn/lyb/arti-skill/exp/uniform531_n5_studio_256_v1/G0402__S03__seed_0983__serial_elbow_arm.png,73080,eb4d90c01572c9e2d8867b4b348ae95f08f46088fdb898dd1509fd0a5e8af746,27.992672,16.0464287
2008,2009,G0402__S04__seed_0523,G0402,serial_elbow_arm,4,builtin_no_picture,builtin_no_picture,seed_0523,527,#a83828,/mnt/zsn/lyb/arti-skill/exp/uniform531_n5_studio_256_v1/G0402__S04__seed_0523__serial_elbow_arm.png,78223,dcd757362fdd079c78421b280a94d79891f94afcc1acf0a42a7385b07765a016,27.9115295,16.336731
2009,2010,G0402__S05__seed_0376,G0402,serial_elbow_arm,5,builtin_no_picture,builtin_no_picture,seed_0376,377,#a83828,/mnt/zsn/lyb/arti-skill/exp/uniform531_n5_studio_256_v1/G0402__S05__seed_0376__serial_elbow_arm.png,75368,7307761eb303377d11a005a05991e278c07779a044da9ff5c7bf97ebc51cf1ca,28.6740494,11.0696411
2010,2011,G0403__S01__seed_0006,G0403,sewing_machine,1,picture_backed,Textiles_Fabric,seed_0006,6,#b88898,/mnt/zsn/lyb/arti-skill/exp/uniform531_n5_studio_256_v1/G0403__S01__seed_0006__sewing_machine.png,86331,145ad953b53b7140b95502378be893f3ac5d565ca97285e18fe76efac8a4fab6,-45.9025879,27.5350075
2011,2012,G0403__S02__seed_0010,G0403,sewing_machine,2,picture_backed,Textiles_Fabric,seed_0010,10,#b88898,/mnt/zsn/lyb/arti-skill/exp/uniform531_n5_studio_256_v1/G0403__S02__seed_0010__sewing_machine.png,81358,54e0df22d17afd2dfc8f0237de73aeaa3d2d21aa998fc802449870b68627fe20,4.62962151,13.4135275
2012,2013,G0403__S03__seed_0017,G0403,sewing_machine,3,picture_backed,Textiles_Fabric,seed_0017,17,#b88898,/mnt/zsn/lyb/arti-skill/exp/uniform531_n5_studio_256_v1/G0403__S03__seed_0017__sewing_machine.png,79879,956b5dc98f1eec10be7280911b88efa1c478d56a9fbb0cc416289df133fc76a6,4.67959309,13.4273891
2013,2014,G0403__S04__seed_0001,G0403,sewing_machine,4,picture_backed,Textiles_Fabric,seed_0001,1,#b88898,/mnt/zsn/lyb/arti-skill/exp/uniform531_n5_studio_256_v1/G0403__S04__seed_0001__sewing_machine.png,87818,ea3e5eb209b901d725ff1be2657efb5cd78c01f89691a39182023ff972c1286f,4.61157656,13.4185848
2014,2015,G0403__S05__seed_0004,G0403,sewing_machine,5,picture_backed,Textiles_Fabric,seed_0004,4,#b88898,/mnt/zsn/lyb/arti-skill/exp/uniform531_n5_studio_256_v1/G0403__S05__seed_0004__sewing_machine.png,89266,709b6aeb55727965ee8c79337d0ce9b20d75aee20804979caba033e5acc0e597,-46.0282059,27.5808163
2015,2016,G0404__S01__seed_0018,G0404,shelving_unit_with_adjustable_shelves,1,picture_backed,0611,seed_0018,18,#c81858,/mnt/zsn/lyb/arti-skill/exp/uniform531_n5_studio_256_v1/G0404__S01__seed_0018__shelving_unit_with_adjustable_shelves.png,92938,640d02579fd51835167fe1bbe382d65b6512716f9382a895e747005e446b5489,-44.0309601,5.85284328
2016,2017,G0404__S02__seed_0200,G0404,shelving_unit_with_adjustable_shelves,2,picture_backed,0611,seed_0200,200,#c81858,/mnt/zsn/lyb/arti-skill/exp/uniform531_n5_studio_256_v1/G0404__S02__seed_0200__shelving_unit_with_adjustable_shelves.png,91918,c0591f6ec4209eaa073f745ea5903b66d20d0f1e7e6965260a88261397a1df9e,-44.7451096,5.73146915
2017,2018,G0404__S03__seed_0307,G0404,shelving_unit_with_adjustable_shelves,3,picture_backed,0611,seed_0307,307,#c81858,/mnt/zsn/lyb/arti-skill/exp/uniform531_n5_studio_256_v1/G0404__S03__seed_0307__shelving_unit_with_adjustable_shelves.png,94601,d165ac31d145ca28b4cf6654712bc0fee9f22deffcfd9ad686e78b58700c9f78,-44.1528091,5.89018011
2018,2019,G0404__S04__seed_0236,G0404,shelving_unit_with_adjustable_shelves,4,picture_backed,0611,seed_0236,236,#c81858,/mnt/zsn/lyb/arti-skill/exp/uniform531_n5_studio_256_v1/G0404__S04__seed_0236__shelving_unit_with_adjustable_shelves.png,96328,f3899d5e9576b45d6bb681793bba6540c45ef2f5bf69bd8a5e03352854d18b32,-44.688324,5.75118685
2019,2020,G0404__S05__seed_0231,G0404,shelving_unit_with_adjustable_shelves,5,picture_backed,0611,seed_0231,231,#c81858,/mnt/zsn/lyb/arti-skill/exp/uniform531_n5_studio_256_v1/G0404__S05__seed_0231__shelving_unit_with_adjustable_shelves.png,101313,3a9680071eb78d64b163d5c5ef61d05a4aaec0d96cad1960852b89221bb2c707,-44.2900848,5.79051399
2020,2021,G0405__S01__seed_0004,G0405,shelving_unit_with_folding_shelves,1,picture_backed,0611,seed_0004,4,#681858,/mnt/zsn/lyb/arti-skill/exp/uniform531_n5_studio_256_v1/G0405__S01__seed_0004__shelving_unit_with_folding_shelves.png,83516,bfc4ef8ed468cefdd4dd640535f62740aae247d9b056c5721d03a8f44234739f,-29.3723545,30.4706459
2021,2022,G0405__S02__seed_0020,G0405,shelving_unit_with_folding_shelves,2,picture_backed,0611,seed_0020,20,#681858,/mnt/zsn/lyb/arti-skill/exp/uniform531_n5_studio_256_v1/G0405__S02__seed_0020__shelving_unit_with_folding_shelves.png,74191,3a99bb6d4926a01885c5299221be70e8a6178486a07748c04235d110e38ff8f1,-39.1893425,14.5072212
2022,2023,G0405__S03__seed_0015,G0405,shelving_unit_with_folding_shelves,3,picture_backed,0611,seed_0015,15,#681858,/mnt/zsn/lyb/arti-skill/exp/uniform531_n5_studio_256_v1/G0405__S03__seed_0015__shelving_unit_with_folding_shelves.png,85967,b5ebdd456f71432b6a5cbc0a08cf55f0d8865ae3ac650669603e3135bf9ed22f,-42.2796898,23.4362679
2023,2024,G0405__S04__seed_0046,G0405,shelving_unit_with_folding_shelves,4,picture_backed,0611,seed_0046,46,#681858,/mnt/zsn/lyb/arti-skill/exp/uniform531_n5_studio_256_v1/G0405__S04__seed_0046__shelving_unit_with_folding_shelves.png,89575,59737fd97e34a3193351bb04e4b41604637a3a3e7558a77aee02eea4b78bbd6d,-36.5804482,-33.1838379
2024,2025,G0405__S05__seed_0043,G0405,shelving_unit_with_folding_shelves,5,picture_backed,0611,seed_0043,43,#681858,/mnt/zsn/lyb/arti-skill/exp/uniform531_n5_studio_256_v1/G0405__S05__seed_0043__shelving_unit_with_folding_shelves.png,85774,a6fb63abb1cba3e5dc5cc001c9d3c2a9a631724e91f5b55e671590030e9f551e,-36.6129303,-33.0955658
2025,2026,G0406__S01__seed_0094,G0406,shoulderelbowwrist_arm,1,builtin_no_picture,builtin_no_picture,seed_0094,98,#e88898,/mnt/zsn/lyb/arti-skill/exp/uniform531_n5_studio_256_v1/G0406__S01__seed_0094__shoulderelbowwrist_arm.png,72272,7020184caf641fe9090838b23361ec5ef53575e979d94e0b071a6745c81a7356,30.4954033,18.2380142
2026,2027,G0406__S02__seed_0025,G0406,shoulderelbowwrist_arm,2,builtin_no_picture,builtin_no_picture,seed_0025,26,#e88898,/mnt/zsn/lyb/arti-skill/exp/uniform531_n5_studio_256_v1/G0406__S02__seed_0025__shoulderelbowwrist_arm.png,75899,dccccd4cd95164069f5d46b50e253c5d9c4e3d67eddc66d4a453fe96dd7f07cf,32.1147423,16.8630104
2027,2028,G0406__S03__seed_0102,G0406,shoulderelbowwrist_arm,3,builtin_no_picture,builtin_no_picture,seed_0102,106,#e88898,/mnt/zsn/lyb/arti-skill/exp/uniform531_n5_studio_256_v1/G0406__S03__seed_0102__shoulderelbowwrist_arm.png,74681,77d7f476b6cd654736cb09b0a65c1f82da08a3b4f7061f903892023cbafad063,30.3444939,17.2658234
2028,2029,G0406__S04__seed_0145,G0406,shoulderelbowwrist_arm,4,builtin_no_picture,builtin_no_picture,seed_0145,151,#e88898,/mnt/zsn/lyb/arti-skill/exp/uniform531_n5_studio_256_v1/G0406__S04__seed_0145__shoulderelbowwrist_arm.png,72677,36c93d748efc4a29c88e64959a862752d6f3ce5595e6676b9fe4feb7ceb2d824,30.9691143,18.9696579
2029,2030,G0406__S05__seed_0105,G0406,shoulderelbowwrist_arm,5,builtin_no_picture,builtin_no_picture,seed_0105,109,#e88898,/mnt/zsn/lyb/arti-skill/exp/uniform531_n5_studio_256_v1/G0406__S05__seed_0105__shoulderelbowwrist_arm.png,73365,8315dc5edc364317d3ec5820fc4066abfdeb1d717836cc6fe91555ac628a54ba,30.7211189,16.5812855
2030,2031,G0407__S01__seed_0202,G0407,Sign_sign,1,picture_backed,Sign,seed_0202,245,#682888,/mnt/zsn/lyb/arti-skill/exp/uniform531_n5_studio_256_v1/G0407__S01__seed_0202__Sign_sign.png,71142,adee800f1960af33fb5320a5c6650d6fe3bcdeb0309e766f1ee202687fa3de7b,51.6744881,-8.5101223
2031,2032,G0407__S02__seed_0761,G0407,Sign_sign,2,picture_backed,Sign,seed_0761,929,#682888,/mnt/zsn/lyb/arti-skill/exp/uniform531_n5_studio_256_v1/G0407__S02__seed_0761__Sign_sign.png,84715,5d0589c1e7263ba43fc82c1ee1f23c77b2d404f1fd1b84497a54bf15b5174bae,-38.9855614,-35.4959221
2032,2033,G0407__S03__seed_0785,G0407,Sign_sign,3,picture_backed,Sign,seed_0785,959,#682888,/mnt/zsn/lyb/arti-skill/exp/uniform531_n5_studio_256_v1/G0407__S03__seed_0785__Sign_sign.png,75579,08d11587a48155e3636637ae70edcff6b71945fdb41748c788b120477bfaae55,51.2932739,-8.53406048
2033,2034,G0407__S04__seed_0473,G0407,Sign_sign,4,picture_backed,Sign,seed_0473,575,#682888,/mnt/zsn/lyb/arti-skill/exp/uniform531_n5_studio_256_v1/G0407__S04__seed_0473__Sign_sign.png,78738,7c6d24990e4c65d91a435208aab36914cc28d8f4c6a6bfb1ed31b42ee3384061,-38.4854584,-35.2556496
2034,2035,G0407__S05__seed_0540,G0407,Sign_sign,5,picture_backed,Sign,seed_0540,657,#682888,/mnt/zsn/lyb/arti-skill/exp/uniform531_n5_studio_256_v1/G0407__S05__seed_0540__Sign_sign.png,86604,cae28ad6274d131e440b901b92fa3f3062a810c825410cd009d773e3332bd2c6,-33.2815132,12.046834
2035,2036,G0408__S01__seed_0161,G0408,simple_aframe_step_ladder,1,builtin_no_picture,builtin_no_picture,seed_0161,161,#c86868,/mnt/zsn/lyb/arti-skill/exp/uniform531_n5_studio_256_v1/G0408__S01__seed_0161__simple_aframe_step_ladder.png,80902,187c965285c6661bd91e075362ee0adfc8e72b06a272219fc63ab3dfea9c801c,-22.5091286,46.2543221
2036,2037,G0408__S02__seed_0230,G0408,simple_aframe_step_ladder,2,builtin_no_picture,builtin_no_picture,seed_0230,230,#c86868,/mnt/zsn/lyb/arti-skill/exp/uniform531_n5_studio_256_v1/G0408__S02__seed_0230__simple_aframe_step_ladder.png,83545,e069ceb1e585f6c628ab188821fd0cad03a2f151032a87cb5732d2cff88e4d00,-22.462101,45.8334198
2037,2038,G0408__S03__seed_0233,G0408,simple_aframe_step_ladder,3,builtin_no_picture,builtin_no_picture,seed_0233,233,#c86868,/mnt/zsn/lyb/arti-skill/exp/uniform531_n5_studio_256_v1/G0408__S03__seed_0233__simple_aframe_step_ladder.png,79987,080c89381592648cd77a05b6d0f7bd9425b4fea6a737bee5a016ff48e4f5413f,-22.1361313,46.2064896
2038,2039,G0408__S04__seed_0088,G0408,simple_aframe_step_ladder,4,builtin_no_picture,builtin_no_picture,seed_0088,88,#c86868,/mnt/zsn/lyb/arti-skill/exp/uniform531_n5_studio_256_v1/G0408__S04__seed_0088__simple_aframe_step_ladder.png,84159,631891a5073e262cb467244c8aba2a1adb166f1611fe15e17aaa1616b4bcdc0c,-21.9281235,45.9586449
2039,2040,G0408__S05__seed_0134,G0408,simple_aframe_step_ladder,5,builtin_no_picture,builtin_no_picture,seed_0134,134,#c86868,/mnt/zsn/lyb/arti-skill/exp/uniform531_n5_studio_256_v1/G0408__S05__seed_0134__simple_aframe_step_ladder.png,84591,d01b8eeb4a39f8457e6825757540c2ca51be6261890f8968cec7547059b9c6b5,-22.3932209,45.8788986
2040,2041,G0409__S01__seed_0043,G0409,simple_drying_rack,1,builtin_no_picture,builtin_no_picture,seed_0043,45,#886898,/mnt/zsn/lyb/arti-skill/exp/uniform531_n5_studio_256_v1/G0409__S01__seed_0043__simple_drying_rack.png,75312,a22eafa56dddf8e917292a5096a79fbf7ef1b54651a4e0587b7d96a1686136d3,-40.5541191,-5.99993229
2041,2042,G0409__S02__seed_0085,G0409,simple_drying_rack,2,builtin_no_picture,builtin_no_picture,seed_0085,91,#886898,/mnt/zsn/lyb/arti-skill/exp/uniform531_n5_studio_256_v1/G0409__S02__seed_0085__simple_drying_rack.png,78094,a51b003bbed1edaf31da341e9170fba732051a40553af5cca8f950f87415f8ea,-41.1509094,-6.43422842
2042,2043,G0409__S03__seed_0021,G0409,simple_drying_rack,3,builtin_no_picture,builtin_no_picture,seed_0021,23,#886898,/mnt/zsn/lyb/arti-skill/exp/uniform531_n5_studio_256_v1/G0409__S03__seed_0021__simple_drying_rack.png,81070,0d9bea7d0e0c28e725e3063511151d383cd295e01105b2c7443c49b06d598e0d,-40.9811325,-6.84784842
2043,2044,G0409__S04__seed_0078,G0409,simple_drying_rack,4,builtin_no_picture,builtin_no_picture,seed_0078,83,#886898,/mnt/zsn/lyb/arti-skill/exp/uniform531_n5_studio_256_v1/G0409__S04__seed_0078__simple_drying_rack.png,81951,cbebf1869cf1a2c72a9ac874bec448ba8a0ac95e5f19beae5a83bbb21c84fecf,-41.5823135,-6.59917688
2044,2045,G0409__S05__seed_0030,G0409,simple_drying_rack,5,builtin_no_picture,builtin_no_picture,seed_0030,32,#886898,/mnt/zsn/lyb/arti-skill/exp/uniform531_n5_studio_256_v1/G0409__S05__seed_0030__simple_drying_rack.png,79527,0d0f0b16f68065c3a56622a7dc8c3abdf130d88f44736e4ea9e2472cc54167a8,-40.6675072,-6.02252626
2045,2046,G0410__S01__seed_0201,G0410,single_revolute_hinge,1,builtin_no_picture,builtin_no_picture,seed_0201,218,#983888,/mnt/zsn/lyb/arti-skill/exp/uniform531_n5_studio_256_v1/G0410__S01__seed_0201__single_revolute_hinge.png,75541,e19e549f3931e1f59f96887adf61432a8afc076c37247780d3fd99a76bc7e8e7,-36.9099503,-39.8602676
2046,2047,G0410__S02__seed_0011,G0410,single_revolute_hinge,2,builtin_no_picture,builtin_no_picture,seed_0011,11,#983888,/mnt/zsn/lyb/arti-skill/exp/uniform531_n5_studio_256_v1/G0410__S02__seed_0011__single_revolute_hinge.png,79343,8fa4f3fc713504dcbea9e2f015ad2c86a8de20e3fb0e547b18300bfbe0642ad0,-36.9324303,-39.5568237
2047,2048,G0410__S03__seed_0110,G0410,single_revolute_hinge,3,builtin_no_picture,builtin_no_picture,seed_0110,118,#983888,/mnt/zsn/lyb/arti-skill/exp/uniform531_n5_studio_256_v1/G0410__S03__seed_0110__single_revolute_hinge.png,76296,7a4bc97a074efb7972c763da03da3ff8ceb02bb30aeb37c1c58eaa65e597d34b,-37.0797882,-39.546978
2048,2049,G0410__S04__seed_0194,G0410,single_revolute_hinge,4,builtin_no_picture,builtin_no_picture,seed_0194,210,#983888,/mnt/zsn/lyb/arti-skill/exp/uniform531_n5_studio_256_v1/G0410__S04__seed_0194__single_revolute_hinge.png,80661,2aae2880bd5dc14825bed3d457c80793da3f790ecba3434ef17b7406d6af9a62,-36.3218956,-40.7906837
2049,2050,G0410__S05__seed_0118,G0410,single_revolute_hinge,5,builtin_no_picture,builtin_no_picture,seed_0118,127,#983888,/mnt/zsn/lyb/arti-skill/exp/uniform531_n5_studio_256_v1/G0410__S05__seed_0118__single_revolute_hinge.png,73667,b044a818a569c9a9ff63f57001f761953faf88ff298b585813a2ad2b89d85674,-36.7879486,-40.1843033
2050,2051,G0411__S01__seed_1617,G0411,single_rotor_helicopter,1,builtin_no_picture,builtin_no_picture,seed_1617,1617,#a85858,/mnt/zsn/lyb/arti-skill/exp/uniform531_n5_studio_256_v1/G0411__S01__seed_1617__single_rotor_helicopter.png,72988,56c8e5605aba5cae3eb16e5a030b4c4de58b6e69cc47b7e05010cdc273031280,32.52388,38.1546898
2051,2052,G0411__S02__seed_1668,G0411,single_rotor_helicopter,2,builtin_no_picture,builtin_no_picture,seed_1668,1668,#a85858,/mnt/zsn/lyb/arti-skill/exp/uniform531_n5_studio_256_v1/G0411__S02__seed_1668__single_rotor_helicopter.png,73836,664773fe9c1937e60cd4aac9851c168fc4b1831dbf267c45de133bb1c0cbe767,32.4099503,38.5998192
2052,2053,G0411__S03__seed_2274,G0411,single_rotor_helicopter,3,builtin_no_picture,builtin_no_picture,seed_2274,2274,#a85858,/mnt/zsn/lyb/arti-skill/exp/uniform531_n5_studio_256_v1/G0411__S03__seed_2274__single_rotor_helicopter.png,78060,8346882313621681ecbf47d2b94082dfa257d227b071e0b106a861f629718fc8,32.4449348,37.8746033
2053,2054,G0411__S04__seed_2107,G0411,single_rotor_helicopter,4,builtin_no_picture,builtin_no_picture,seed_2107,2107,#a85858,/mnt/zsn/lyb/arti-skill/exp/uniform531_n5_studio_256_v1/G0411__S04__seed_2107__single_rotor_helicopter.png,79073,4db1dccf0bc59280578e0d5178bbd4e35470777b4af5617a620c2a5e917d7275,32.0611115,38.6860046
2054,2055,G0411__S05__seed_1731,G0411,single_rotor_helicopter,5,builtin_no_picture,builtin_no_picture,seed_1731,1731,#a85858,/mnt/zsn/lyb/arti-skill/exp/uniform531_n5_studio_256_v1/G0411__S05__seed_1731__single_rotor_helicopter.png,78570,1480b50f54a2ed0df2af043b4d6340440f0c27d005f792dc00f99409addbb578,31.9907379,38.2973785
2055,2056,G0412__S01__seed_0018,G0412,single_wheelbarrow,1,picture_backed,Agricultural,seed_0018,19,#1888b8,/mnt/zsn/lyb/arti-skill/exp/uniform531_n5_studio_256_v1/G0412__S01__seed_0018__single_wheelbarrow.png,79541,0d5766c75c8fc97cbea44d46b4960c6131054cb76965e63b682a105cb003faa9,5.75635386,62.0819321
2056,2057,G0412__S02__seed_0009,G0412,single_wheelbarrow,2,picture_backed,Agricultural,seed_0009,10,#1888b8,/mnt/zsn/lyb/arti-skill/exp/uniform531_n5_studio_256_v1/G0412__S02__seed_0009__single_wheelbarrow.png,77767,157ef6933ac29e635e1c9e87af12cbddcddf13e6701918df8a0c6e6a2de31f0c,5.88468122,62.0725403
2057,2058,G0412__S03__seed_0039,G0412,single_wheelbarrow,3,picture_backed,Agricultural,seed_0039,42,#1888b8,/mnt/zsn/lyb/arti-skill/exp/uniform531_n5_studio_256_v1/G0412__S03__seed_0039__single_wheelbarrow.png,81456,cd5e110416293d9a9ce3d70052cd0c5277e6fea29012efe9cd7f4c422985dcb0,7.49053669,59.0090332
2058,2059,G0412__S04__seed_0042,G0412,single_wheelbarrow,4,picture_backed,Agricultural,seed_0042,45,#1888b8,/mnt/zsn/lyb/arti-skill/exp/uniform531_n5_studio_256_v1/G0412__S04__seed_0042__single_wheelbarrow.png,81249,9920096b7031a4d8b8faf0151c2ddbece91ae97d3b63643ba65fb0f7ba0da65e,8.04438305,58.9045753
2059,2060,G0412__S05__seed_0051,G0412,single_wheelbarrow,5,picture_backed,Agricultural,seed_0051,54,#1888b8,/mnt/zsn/lyb/arti-skill/exp/uniform531_n5_studio_256_v1/G0412__S05__seed_0051__single_wheelbarrow.png,81229,ae2e12d54f422d26fb88b2bab0722452966028323ac56bc58abec2d3bf884a26,5.84068584,62.2311363
2060,2061,G0413__S01__seed_0253,G0413,singleleaf_drawbridge,1,builtin_no_picture,builtin_no_picture,seed_0253,253,#b878d8,/mnt/zsn/lyb/arti-skill/exp/uniform531_n5_studio_256_v1/G0413__S01__seed_0253__singleleaf_drawbridge.png,83867,c68170dc29b66ca1933fdc54068f734f698223d136d1ecd71c29a977a4ad37f5,-20.1285343,25.1263237
2061,2062,G0413__S02__seed_0273,G0413,singleleaf_drawbridge,2,builtin_no_picture,builtin_no_picture,seed_0273,273,#b878d8,/mnt/zsn/lyb/arti-skill/exp/uniform531_n5_studio_256_v1/G0413__S02__seed_0273__singleleaf_drawbridge.png,86243,154f32d5b1e355484ba5eb5181333dff944e6e9e020a85ba6651212195dca476,-20.336853,26.4217358
2062,2063,G0413__S03__seed_0322,G0413,singleleaf_drawbridge,3,builtin_no_picture,builtin_no_picture,seed_0322,322,#b878d8,/mnt/zsn/lyb/arti-skill/exp/uniform531_n5_studio_256_v1/G0413__S03__seed_0322__singleleaf_drawbridge.png,76233,2dc1a3e059363c8d7c6742701183f018935283cf3389b0cbe32d0b9710dfa020,-16.6617279,26.2870655
2063,2064,G0413__S04__seed_0113,G0413,singleleaf_drawbridge,4,builtin_no_picture,builtin_no_picture,seed_0113,113,#b878d8,/mnt/zsn/lyb/arti-skill/exp/uniform531_n5_studio_256_v1/G0413__S04__seed_0113__singleleaf_drawbridge.png,84011,bf58b5fb7904af48514b4ed634ade98ac878d51ee9f485f8fcae159f0b9df7e3,-20.3911686,26.5329952
2064,2065,G0413__S05__seed_0118,G0413,singleleaf_drawbridge,5,builtin_no_picture,builtin_no_picture,seed_0118,118,#b878d8,/mnt/zsn/lyb/arti-skill/exp/uniform531_n5_studio_256_v1/G0413__S05__seed_0118__singleleaf_drawbridge.png,88111,da1016989c9f722329f37b41f5ec650f8cd119c84b76620d23656be966f0680a,-20.1784248,25.3206139
2065,2066,G0414__S01__seed_0041,G0414,sliding_turnstile,1,picture_backed,0611,seed_0041,41,#685888,/mnt/zsn/lyb/arti-skill/exp/uniform531_n5_studio_256_v1/G0414__S01__seed_0041__sliding_turnstile.png,82106,0cd489b2cccf68a8fff8a660d1408c112c0a1d5d5bc2359777a017eb5d76a733,-24.7222862,-31.4552956
2066,2067,G0414__S02__seed_0046,G0414,sliding_turnstile,2,picture_backed,0611,seed_0046,46,#685888,/mnt/zsn/lyb/arti-skill/exp/uniform531_n5_studio_256_v1/G0414__S02__seed_0046__sliding_turnstile.png,86365,b1824b3d67602b87abd03daf0651305dd6eb806c439743b6971efb4d10624822,-23.5661774,-31.8755035
2067,2068,G0414__S03__seed_0050,G0414,sliding_turnstile,3,picture_backed,0611,seed_0050,50,#685888,/mnt/zsn/lyb/arti-skill/exp/uniform531_n5_studio_256_v1/G0414__S03__seed_0050__sliding_turnstile.png,86753,b00c0907cec6a6238b3a9a49c6e4153e6e8f1c27793af36abe461020d0cfd3da,-23.6861248,-31.819828
2068,2069,G0414__S04__seed_0016,G0414,sliding_turnstile,4,picture_backed,0611,seed_0016,16,#685888,/mnt/zsn/lyb/arti-skill/exp/uniform531_n5_studio_256_v1/G0414__S04__seed_0016__sliding_turnstile.png,80727,abde515459ef52d79d60c4a7d61e717b849f1e0c21120c37a44551eb5e566c48,-21.4535637,-30.4279289
2069,2070,G0414__S05__seed_0007,G0414,sliding_turnstile,5,picture_backed,0611,seed_0007,7,#685888,/mnt/zsn/lyb/arti-skill/exp/uniform531_n5_studio_256_v1/G0414__S05__seed_0007__sliding_turnstile.png,83801,0887d6258532e57b0c34b40c946c24606184c91ea4d9d19e2395cc350e1591f3,-21.7706966,-31.0774899
2070,2071,G0415__S01__seed_0973,G0415,sliding_window_classic,1,builtin_no_picture,builtin_no_picture,seed_0973,973,#c88878,/mnt/zsn/lyb/arti-skill/exp/uniform531_n5_studio_256_v1/G0415__S01__seed_0973__sliding_window_classic.png,89420,ffc873c322d366221ff8bebfb6a865c566d53a3c5757d35aa584bb4a1b1cc5e7,-47.2139778,-38.8179054
2071,2072,G0415__S02__seed_1934,G0415,sliding_window_classic,2,builtin_no_picture,builtin_no_picture,seed_1934,1934,#c88878,/mnt/zsn/lyb/arti-skill/exp/uniform531_n5_studio_256_v1/G0415__S02__seed_1934__sliding_window_classic.png,86716,967706f6b78f5e84c3cd624b1e143b4972836b5f0ad1caed2db2af828d69f287,-46.2970428,-38.4055252
2072,2073,G0415__S03__seed_0710,G0415,sliding_window_classic,3,builtin_no_picture,builtin_no_picture,seed_0710,710,#c88878,/mnt/zsn/lyb/arti-skill/exp/uniform531_n5_studio_256_v1/G0415__S03__seed_0710__sliding_window_classic.png,81891,84c8aed7749ec1907761ff752437c5c064198b14323a9423587ae0f890186231,-46.8744087,-38.7366295
2073,2074,G0415__S04__seed_1912,G0415,sliding_window_classic,4,builtin_no_picture,builtin_no_picture,seed_1912,1912,#c88878,/mnt/zsn/lyb/arti-skill/exp/uniform531_n5_studio_256_v1/G0415__S04__seed_1912__sliding_window_classic.png,84181,72ffd5f8fe42fa597ed3032f87ae4e7d7c768455d56a05b270c2000e47ff82fc,-46.27631,-38.6522636
2074,2075,G0415__S05__seed_1426,G0415,sliding_window_classic,5,builtin_no_picture,builtin_no_picture,seed_1426,1426,#c88878,/mnt/zsn/lyb/arti-skill/exp/uniform531_n5_studio_256_v1/G0415__S05__seed_1426__sliding_window_classic.png,92369,a01efbb0ce1ffe2980bfc2498baa7b1756baab2ba2f7af67f75ffad2c6cdb124,-46.5625687,-37.8644447
2075,2076,G0416__S01__seed_0065,G0416,sluice_gate_with_vertical_lift_panel,1,builtin_no_picture,builtin_no_picture,seed_0065,67,#d888c8,/mnt/zsn/lyb/arti-skill/exp/uniform531_n5_studio_256_v1/G0416__S01__seed_0065__sluice_gate_with_vertical_lift_panel.png,74945,05bb0a5188bf8c8837d6a3769e1ca67e004901e2857d5da5409a490e1b3c6f0d,-19.4750748,-35.576889
2076,2077,G0416__S02__seed_0110,G0416,sluice_gate_with_vertical_lift_panel,2,builtin_no_picture,builtin_no_picture,seed_0110,115,#d888c8,/mnt/zsn/lyb/arti-skill/exp/uniform531_n5_studio_256_v1/G0416__S02__seed_0110__sluice_gate_with_vertical_lift_panel.png,79551,e1f1f90c34e27d10ee19c05e4587c2d4a1fae6de8da96371ce7a531cbb486eeb,-46.4435349,-42.0266838
2077,2078,G0416__S03__seed_0079,G0416,sluice_gate_with_vertical_lift_panel,3,builtin_no_picture,builtin_no_picture,seed_0079,82,#d888c8,/mnt/zsn/lyb/arti-skill/exp/uniform531_n5_studio_256_v1/G0416__S03__seed_0079__sluice_gate_with_vertical_lift_panel.png,76686,58ceec75009bd0432567da75d0d043919e1cff26f64c2f5648f7d4ec683aa25b,-19.4376106,-35.7143288
2078,2079,G0416__S04__seed_0154,G0416,sluice_gate_with_vertical_lift_panel,4,builtin_no_picture,builtin_no_picture,seed_0154,160,#d888c8,/mnt/zsn/lyb/arti-skill/exp/uniform531_n5_studio_256_v1/G0416__S04__seed_0154__sluice_gate_with_vertical_lift_panel.png,75269,c14dcc6c284c6a1204652300513090cf970f296127cd87744bf51ae373f49de9,-46.1939735,-41.9504051
2079,2080,G0416__S05__seed_0014,G0416,sluice_gate_with_vertical_lift_panel,5,builtin_no_picture,builtin_no_picture,seed_0014,14,#d888c8,/mnt/zsn/lyb/arti-skill/exp/uniform531_n5_studio_256_v1/G0416__S05__seed_0014__sluice_gate_with_vertical_lift_panel.png,75043,8801c28c5f68fe850735217af6e39fe22caf7ca9fbd46b72b39455a70350fc04,-46.0335655,-42.0275955
2080,2081,G0417__S01__seed_0036,G0417,soft_pneumatic_gripper,1,picture_backed,Robotics,seed_0036,38,#5848a8,/mnt/zsn/lyb/arti-skill/exp/uniform531_n5_studio_256_v1/G0417__S01__seed_0036__soft_pneumatic_gripper.png,79512,654c89be1531c5b7eb6f49cc3cf40e52d9cffaea2700622a752203e2fffd4956,30.8714905,-20.6362648
2081,2082,G0417__S02__seed_0022,G0417,soft_pneumatic_gripper,2,picture_backed,Robotics,seed_0022,23,#5848a8,/mnt/zsn/lyb/arti-skill/exp/uniform531_n5_studio_256_v1/G0417__S02__seed_0022__soft_pneumatic_gripper.png,76447,684e4296ab27e20f3359af8f907e0b114696d30c05711296885bc6b8d7ddfd92,34.2785721,9.89871216
2082,2083,G0417__S03__seed_0026,G0417,soft_pneumatic_gripper,3,picture_backed,Robotics,seed_0026,27,#5848a8,/mnt/zsn/lyb/arti-skill/exp/uniform531_n5_studio_256_v1/G0417__S03__seed_0026__soft_pneumatic_gripper.png,81125,45ab66e128ac8972af003f0018758a1c27177a94f9537913033aa6e96dce78ff,38.2426643,0.199333534
2083,2084,G0417__S04__seed_0023,G0417,soft_pneumatic_gripper,4,picture_backed,Robotics,seed_0023,24,#5848a8,/mnt/zsn/lyb/arti-skill/exp/uniform531_n5_studio_256_v1/G0417__S04__seed_0023__soft_pneumatic_gripper.png,78974,edb92e16ce5539d568ecce0babd8614974b57a1fea6197fa8cd6da9866c32069,38.329464,-0.269841075
2084,2085,G0417__S05__seed_0017,G0417,soft_pneumatic_gripper,5,picture_backed,Robotics,seed_0017,18,#5848a8,/mnt/zsn/lyb/arti-skill/exp/uniform531_n5_studio_256_v1/G0417__S05__seed_0017__soft_pneumatic_gripper.png,84135,7cdb04e6aae13247a26cc64f10f9f256ad40f2b8e8d892599402022e61e9b2b1,38.4999428,-0.710173547
2085,2086,G0418__S01__seed_0023,G0418,speed_gate,1,picture_backed,0611,seed_0023,23,#683828,/mnt/zsn/lyb/arti-skill/exp/uniform531_n5_studio_256_v1/G0418__S01__seed_0023__speed_gate.png,86273,6e4e8a5b4c8625b6651365918555efb1f7b0dc5b3621a1a06a2d3220fdca6e53,-22.1743336,-29.9733467
2086,2087,G0418__S02__seed_0041,G0418,speed_gate,2,picture_backed,0611,seed_0041,41,#683828,/mnt/zsn/lyb/arti-skill/exp/uniform531_n5_studio_256_v1/G0418__S02__seed_0041__speed_gate.png,90618,062dda2df53e4b208461a232bafc67d5f781cc05e3b3dd734b632d1f7c694d76,-24.6276875,-31.1880474
2087,2088,G0418__S03__seed_0005,G0418,speed_gate,3,picture_backed,0611,seed_0005,5,#683828,/mnt/zsn/lyb/arti-skill/exp/uniform531_n5_studio_256_v1/G0418__S03__seed_0005__speed_gate.png,85641,79fba3e8cab2b11519a76d3933a771f510f4e81b03865358448cda4b7bcf88c0,-22.5921936,-29.9118366
2088,2089,G0418__S04__seed_0059,G0418,speed_gate,4,picture_backed,0611,seed_0059,59,#683828,/mnt/zsn/lyb/arti-skill/exp/uniform531_n5_studio_256_v1/G0418__S04__seed_0059__speed_gate.png,84871,e7ce69b7500cb3122aea7fec03aa1e4b802f739c04efd8539927e1d5cc37aa50,-21.5581589,-30.1131306
2089,2090,G0418__S05__seed_0018,G0418,speed_gate,5,picture_backed,0611,seed_0018,18,#683828,/mnt/zsn/lyb/arti-skill/exp/uniform531_n5_studio_256_v1/G0418__S05__seed_0018__speed_gate.png,87406,6a0246ff1aaf1a334c2f1726a9785939a77fb9add9ed7040ab03c33459d9b6a0,-23.8948421,-30.7213535
2090,2091,G0419__S01__seed_0005,G0419,Sports_Baby_cycle,1,picture_backed,Sports,seed_0005,5,#783858,/mnt/zsn/lyb/arti-skill/exp/uniform531_n5_studio_256_v1/G0419__S01__seed_0005__Sports_Baby_cycle.png,76912,54d0b2fdd1860b4306f0185237e431056b8b99441122d443463d8c9d4d5bf976,13.6185875,52.7766533
2091,2092,G0419__S02__seed_0006,G0419,Sports_Baby_cycle,2,picture_backed,Sports,seed_0006,6,#783858,/mnt/zsn/lyb/arti-skill/exp/uniform531_n5_studio_256_v1/G0419__S02__seed_0006__Sports_Baby_cycle.png,80512,c3741e000d1ab1eae9e8b7a99757d07054ba323343c2939b607a778563fe0e32,13.5318727,53.0858994
2092,2093,G0419__S03__seed_0020,G0419,Sports_Baby_cycle,3,picture_backed,Sports,seed_0020,20,#783858,/mnt/zsn/lyb/arti-skill/exp/uniform531_n5_studio_256_v1/G0419__S03__seed_0020__Sports_Baby_cycle.png,76863,ce93681e111db3d3cd7945d57edc34f1aea84b5e2b46301a86d72de917025903,13.9209766,53.451931
2093,2094,G0419__S04__seed_0045,G0419,Sports_Baby_cycle,4,picture_backed,Sports,seed_0045,45,#783858,/mnt/zsn/lyb/arti-skill/exp/uniform531_n5_studio_256_v1/G0419__S04__seed_0045__Sports_Baby_cycle.png,81397,adad4eec40753484f2a62756d9a304d862fb77c0cb822247bd57bc3262c9443d,12.9460154,53.3127403
2094,2095,G0419__S05__seed_0030,G0419,Sports_Baby_cycle,5,picture_backed,Sports,seed_0030,30,#783858,/mnt/zsn/lyb/arti-skill/exp/uniform531_n5_studio_256_v1/G0419__S05__seed_0030__Sports_Baby_cycle.png,83488,929cd9f702a730db9b97de6c07ee261ce566304bf16319ef27104b75581e23af,13.3249474,53.643364
2095,2096,G0420__S01__seed_0048,G0420,Sports_Bike,1,picture_backed,Sports,seed_0048,48,#7838e8,/mnt/zsn/lyb/arti-skill/exp/uniform531_n5_studio_256_v1/G0420__S01__seed_0048__Sports_Bike.png,82684,1f0fc3ddfa56c733f3cdb9ee08c5a85c901f31905e596890898052906c3cc3ba,17.0693836,49.6708069
2096,2097,G0420__S02__seed_0020,G0420,Sports_Bike,2,picture_backed,Sports,seed_0020,20,#7838e8,/mnt/zsn/lyb/arti-skill/exp/uniform531_n5_studio_256_v1/G0420__S02__seed_0020__Sports_Bike.png,80881,440ff2c8bb02c20be589b725c9f9bf8ed78b36012a389fedf7104520b38c91fe,16.8721867,49.8710556
2097,2098,G0420__S03__seed_0200,G0420,Sports_Bike,3,picture_backed,Sports,seed_0200,200,#7838e8,/mnt/zsn/lyb/arti-skill/exp/uniform531_n5_studio_256_v1/G0420__S03__seed_0200__Sports_Bike.png,82620,72a0f7a665846a024a7abdea87223db35e399b01058f91dc83240bcc7ea5b02e,17.0933495,49.7556419
2098,2099,G0420__S04__seed_0189,G0420,Sports_Bike,4,picture_backed,Sports,seed_0189,189,#7838e8,/mnt/zsn/lyb/arti-skill/exp/uniform531_n5_studio_256_v1/G0420__S04__seed_0189__Sports_Bike.png,82273,b2bf5793d351ab2c91e496170594a5e6eba07cdbd77781d16c85ec13b24124ab,16.8179779,49.9911308
2099,2100,G0420__S05__seed_0178,G0420,Sports_Bike,5,picture_backed,Sports,seed_0178,178,#7838e8,/mnt/zsn/lyb/arti-skill/exp/uniform531_n5_studio_256_v1/G0420__S05__seed_0178__Sports_Bike.png,82561,2dc8b9bc2f974cab6643525cd6233f8e2295d4e5e29bcc09c94e17e06079f710,17.2221642,49.5690842
2100,2101,G0421__S01__seed_0005,G0421,Sports_Carabiner,1,picture_backed,Sports,seed_0005,5,#d87878,/mnt/zsn/lyb/arti-skill/exp/uniform531_n5_studio_256_v1/G0421__S01__seed_0005__Sports_Carabiner.png,76125,33df9920ff278cd13552cd5fcdb22a3063c34c862ee94808a8bf50ea2260b14e,38.8446045,-4.89901161
2101,2102,G0421__S02__seed_0018,G0421,Sports_Carabiner,2,picture_backed,Sports,seed_0018,18,#d87878,/mnt/zsn/lyb/arti-skill/exp/uniform531_n5_studio_256_v1/G0421__S02__seed_0018__Sports_Carabiner.png,78957,5eaaa032d20a12cabca8d64421af007578a9330c89f9df335935de8a0e95d79a,38.6972084,-4.92091322
2102,2103,G0421__S03__seed_0012,G0421,Sports_Carabiner,3,picture_backed,Sports,seed_0012,12,#d87878,/mnt/zsn/lyb/arti-skill/exp/uniform531_n5_studio_256_v1/G0421__S03__seed_0012__Sports_Carabiner.png,77269,f1ca251a6d65fce5f52ebaa0fd67dfe4303acb9e296f0e818aad84ad52eefe38,38.1758041,-5.32039499
2103,2104,G0421__S04__seed_0004,G0421,Sports_Carabiner,4,picture_backed,Sports,seed_0004,4,#d87878,/mnt/zsn/lyb/arti-skill/exp/uniform531_n5_studio_256_v1/G0421__S04__seed_0004__Sports_Carabiner.png,77624,ec1066b8e9152aaa0d3ef4c640fe0ef26ebeff987aea0106c0fef07b3df13d63,38.8586617,-4.91252851
2104,2105,G0421__S05__seed_0002,G0421,Sports_Carabiner,5,picture_backed,Sports,seed_0002,2,#d87878,/mnt/zsn/lyb/arti-skill/exp/uniform531_n5_studio_256_v1/G0421__S05__seed_0002__Sports_Carabiner.png,78261,ac2e8180d7dd0fa5e00e233619b2170943bf931dcd110430874cc3eeef3970fd,38.8653488,-4.70384073
2105,2106,G0422__S01__seed_0059,G0422,Sports_Dumble,1,picture_backed,Sports,seed_0059,59,#d898a8,/mnt/zsn/lyb/arti-skill/exp/uniform531_n5_studio_256_v1/G0422__S01__seed_0059__Sports_Dumble.png,82259,c57f33fa5352a91b745b2bbefc2541d6cf8fed17b176337d0de7bf56f244fe34,17.8438148,-0.0147439111
2106,2107,G0422__S02__seed_0084,G0422,Sports_Dumble,2,picture_backed,Sports,seed_0084,84,#d898a8,/mnt/zsn/lyb/arti-skill/exp/uniform531_n5_studio_256_v1/G0422__S02__seed_0084__Sports_Dumble.png,80782,225171905e685b45ac9160535ea706c28635e928cb4944c09a517416feb94e10,17.5623646,-0.195925996
2107,2108,G0422__S03__seed_0033,G0422,Sports_Dumble,3,picture_backed,Sports,seed_0033,33,#d898a8,/mnt/zsn/lyb/arti-skill/exp/uniform531_n5_studio_256_v1/G0422__S03__seed_0033__Sports_Dumble.png,80384,2cea6dc379c0d7a8c2ecab2cd3b4a7310fbfd89224e96277b5a2f516cb450910,17.601614,-0.280105561
2108,2109,G0422__S04__seed_0066,G0422,Sports_Dumble,4,picture_backed,Sports,seed_0066,66,#d898a8,/mnt/zsn/lyb/arti-skill/exp/uniform531_n5_studio_256_v1/G0422__S04__seed_0066__Sports_Dumble.png,77481,b1d0267d35a70b1226a32a051fa2fce82600e2f5e59432528eed8c854cbc1a1a,17.4597626,-0.740960538
2109,2110,G0422__S05__seed_0049,G0422,Sports_Dumble,5,picture_backed,Sports,seed_0049,49,#d898a8,/mnt/zsn/lyb/arti-skill/exp/uniform531_n5_studio_256_v1/G0422__S05__seed_0049__Sports_Dumble.png,80741,17420a0d290d967749cf3f13cabf51c8a0bf01409fe32a279ba07808adcfca01,17.4811764,-0.316217095
2110,2111,G0423__S01__seed_0075,G0423,Sports_Exercise_bike,1,picture_backed,Sports,seed_0075,76,#d888e8,/mnt/zsn/lyb/arti-skill/exp/uniform531_n5_studio_256_v1/G0423__S01__seed_0075__Sports_Exercise_bike.png,85551,c3c8f8293d4465dc77f37ab2ef34fd86882b63226679e5f3cc91e4542766592d,15.2976494,46.2552834
2111,2112,G0423__S02__seed_0085,G0423,Sports_Exercise_bike,2,picture_backed,Sports,seed_0085,86,#d888e8,/mnt/zsn/lyb/arti-skill/exp/uniform531_n5_studio_256_v1/G0423__S02__seed_0085__Sports_Exercise_bike.png,81524,61eb75d849e038a9ca197172e241f5795e9dd0e1666646fd3aeb72738e5352a1,14.1225309,47.635231
2112,2113,G0423__S03__seed_0040,G0423,Sports_Exercise_bike,3,picture_backed,Sports,seed_0040,41,#d888e8,/mnt/zsn/lyb/arti-skill/exp/uniform531_n5_studio_256_v1/G0423__S03__seed_0040__Sports_Exercise_bike.png,85872,2060a1b90f351cbae74497a03b709e9816ed9fc6a378e5892ef53b7795c8675b,15.2879705,46.3967552
2113,2114,G0423__S04__seed_0044,G0423,Sports_Exercise_bike,4,picture_backed,Sports,seed_0044,45,#d888e8,/mnt/zsn/lyb/arti-skill/exp/uniform531_n5_studio_256_v1/G0423__S04__seed_0044__Sports_Exercise_bike.png,81263,77609ff0ce3126a42579daaaaa99aad87a3d581aa7aa4d006d3f9b3fc3e428fc,14.1834688,47.5652618
2114,2115,G0423__S05__seed_0039,G0423,Sports_Exercise_bike,5,picture_backed,Sports,seed_0039,40,#d888e8,/mnt/zsn/lyb/arti-skill/exp/uniform531_n5_studio_256_v1/G0423__S05__seed_0039__Sports_Exercise_bike.png,84597,327341bb0c5cc7f5b16b6fbe7079a67c9c3e5380e1efcc11d587f25b3838f07f,14.2092705,47.6742439
2115,2116,G0424__S01__seed_0050,G0424,Sports_Fidget_Spinner,1,picture_backed,Sports,seed_0050,55,#18a818,/mnt/zsn/lyb/arti-skill/exp/uniform531_n5_studio_256_v1/G0424__S01__seed_0050__Sports_Fidget_Spinner.png,78536,6a87a2bb1695d22f17dbccee1492bf929651c738cbf867aa8904b1b8f1dab6d2,1.66091216,-6.7471776
2116,2117,G0424__S02__seed_0028,G0424,Sports_Fidget_Spinner,2,picture_backed,Sports,seed_0028,30,#18a818,/mnt/zsn/lyb/arti-skill/exp/uniform531_n5_studio_256_v1/G0424__S02__seed_0028__Sports_Fidget_Spinner.png,78157,f0468d0dff58f1bc5bd02b384c602971f0e9e27691fdb0448d443697fc4c5b31,0.807614386,-6.80531216
2117,2118,G0424__S03__seed_0017,G0424,Sports_Fidget_Spinner,3,picture_backed,Sports,seed_0017,18,#18a818,/mnt/zsn/lyb/arti-skill/exp/uniform531_n5_studio_256_v1/G0424__S03__seed_0017__Sports_Fidget_Spinner.png,80135,9855f8626cb69c4117d5f13e0f505bc966fc335a9536efb5cf4b28ce8fd815e1,0.692863762,-6.83446169
2118,2119,G0424__S04__seed_0024,G0424,Sports_Fidget_Spinner,4,picture_backed,Sports,seed_0024,26,#18a818,/mnt/zsn/lyb/arti-skill/exp/uniform531_n5_studio_256_v1/G0424__S04__seed_0024__Sports_Fidget_Spinner.png,76149,fbf9a8a3dc0aaedbb4cc4d3055a8b3c5fd377fc2265ebd70dde8f1d979e46cdd,1.56872034,-6.73691082
2119,2120,G0424__S05__seed_0018,G0424,Sports_Fidget_Spinner,5,picture_backed,Sports,seed_0018,19,#18a818,/mnt/zsn/lyb/arti-skill/exp/uniform531_n5_studio_256_v1/G0424__S05__seed_0018__Sports_Fidget_Spinner.png,79613,f45fbacfea78003ef504a54df4feacbc546adc2a352e0c12a8fede7edb3e13ac,1.77849436,-6.70546722
2120,2121,G0425__S01__seed_0108,G0425,Sports_game_console,1,picture_backed,Sports,seed_0108,108,#3848e8,/mnt/zsn/lyb/arti-skill/exp/uniform531_n5_studio_256_v1/G0425__S01__seed_0108__Sports_game_console.png,72006,a8c61c3cd38cebb355382243ef88c5567f98e78fa0af8236e2478d5631aa73a3,-24.3092842,4.16844702
2121,2122,G0425__S02__seed_0103,G0425,Sports_game_console,2,picture_backed,Sports,seed_0103,103,#3848e8,/mnt/zsn/lyb/arti-skill/exp/uniform531_n5_studio_256_v1/G0425__S02__seed_0103__Sports_game_console.png,76140,b6c775472e577e1402bd95275065eb00a675ac1c0efb2eb145e66eec59aac702,-13.315073,5.51365995
2122,2123,G0425__S03__seed_0042,G0425,Sports_game_console,3,picture_backed,Sports,seed_0042,42,#3848e8,/mnt/zsn/lyb/arti-skill/exp/uniform531_n5_studio_256_v1/G0425__S03__seed_0042__Sports_game_console.png,73725,7a73bbfd30d705eaa358c4f085d33ee63b16897acca3aa03c96168644e791d6a,-12.2214079,5.73244429
2123,2124,G0425__S04__seed_0173,G0425,Sports_game_console,4,picture_backed,Sports,seed_0173,173,#3848e8,/mnt/zsn/lyb/arti-skill/exp/uniform531_n5_studio_256_v1/G0425__S04__seed_0173__Sports_game_console.png,67860,1e049f4f0343d07ac19b93ec00826a9885f902d11235f23a0cde668857ee3941,-24.3002357,4.25656271
2124,2125,G0425__S05__seed_0095,G0425,Sports_game_console,5,picture_backed,Sports,seed_0095,95,#3848e8,/mnt/zsn/lyb/arti-skill/exp/uniform531_n5_studio_256_v1/G0425__S05__seed_0095__Sports_game_console.png,76129,2256142dff0d6659c21deefb81ed46c584fc7b953d37d8400a20f6596c51e5a6,-16.0423946,-0.61055088
2125,2126,G0426__S01__seed_0132,G0426,Sports_Karting,1,picture_backed,Sports,seed_0132,132,#882888,/mnt/zsn/lyb/arti-skill/exp/uniform531_n5_studio_256_v1/G0426__S01__seed_0132__Sports_Karting.png,80105,1f0130e682534067ba82f9d66be58bca5fa0f401915b9b03416ceff5adb9ace4,10.7002058,51.6590767
2126,2127,G0426__S02__seed_0419,G0426,Sports_Karting,2,picture_backed,Sports,seed_0419,419,#882888,/mnt/zsn/lyb/arti-skill/exp/uniform531_n5_studio_256_v1/G0426__S02__seed_0419__Sports_Karting.png,86249,545b51bde81a1adc1c8321ab23bf3f8aba9909a4d096ecb35a3d8bcfc446ef04,10.4434853,52.8252754
2127,2128,G0426__S03__seed_0064,G0426,Sports_Karting,3,picture_backed,Sports,seed_0064,64,#882888,/mnt/zsn/lyb/arti-skill/exp/uniform531_n5_studio_256_v1/G0426__S03__seed_0064__Sports_Karting.png,85007,17bbd8cc97de9e4b5a79644bae201be42126cce94da256621f0ed6d06a7cbc53,10.6209526,52.9162636
2128,2129,G0426__S04__seed_0385,G0426,Sports_Karting,4,picture_backed,Sports,seed_0385,385,#882888,/mnt/zsn/lyb/arti-skill/exp/uniform531_n5_studio_256_v1/G0426__S04__seed_0385__Sports_Karting.png,82471,c617b720f75604bd19492f24ecb025c8cd0294de2a09aafa542eab3c18952589,10.1787491,53.2084465
2129,2130,G0426__S05__seed_0304,G0426,Sports_Karting,5,picture_backed,Sports,seed_0304,304,#882888,/mnt/zsn/lyb/arti-skill/exp/uniform531_n5_studio_256_v1/G0426__S05__seed_0304__Sports_Karting.png,85331,d0fd342afb9a78b42f8282f6322591a40669bb8d702fcf2e8e6782481203b7dc,10.0163841,53.4150009
2130,2131,G0427__S01__seed_0051,G0427,Sports_Roller_scates,1,picture_backed,Sports,seed_0051,51,#385898,/mnt/zsn/lyb/arti-skill/exp/uniform531_n5_studio_256_v1/G0427__S01__seed_0051__Sports_Roller_scates.png,87773,6022a8fa88301f23bcc8b958b8896892f3051732b447d6ea8b7d1da90d445711,9.8601284,45.6158638
2131,2132,G0427__S02__seed_0008,G0427,Sports_Roller_scates,2,picture_backed,Sports,seed_0008,8,#385898,/mnt/zsn/lyb/arti-skill/exp/uniform531_n5_studio_256_v1/G0427__S02__seed_0008__Sports_Roller_scates.png,86377,8b0deacad5473f9ed405c8a8168e5b0db15bc43049632cec81e1148c70686a39,10.2882414,45.3413086
2132,2133,G0427__S03__seed_0006,G0427,Sports_Roller_scates,3,picture_backed,Sports,seed_0006,6,#385898,/mnt/zsn/lyb/arti-skill/exp/uniform531_n5_studio_256_v1/G0427__S03__seed_0006__Sports_Roller_scates.png,87373,f0167e0ad43737068ea236406789d058cc3ae258ad6716ba7a7cd23ff1b67e8e,10.2136078,45.5953064
2133,2134,G0427__S04__seed_0043,G0427,Sports_Roller_scates,4,picture_backed,Sports,seed_0043,43,#385898,/mnt/zsn/lyb/arti-skill/exp/uniform531_n5_studio_256_v1/G0427__S04__seed_0043__Sports_Roller_scates.png,88560,fc7826e09e2c9d7919a26223f4a78c46901b481d9edf0c9a64948b560136f3f4,10.0063353,44.8996277
2134,2135,G0427__S05__seed_0048,G0427,Sports_Roller_scates,5,picture_backed,Sports,seed_0048,48,#385898,/mnt/zsn/lyb/arti-skill/exp/uniform531_n5_studio_256_v1/G0427__S05__seed_0048__Sports_Roller_scates.png,91015,7265a708cd6232dad37746b10c4f06cb0d2e65021cf3e0c9865a4d19105c2b49,10.0392952,44.7469444
2135,2136,G0428__S01__seed_0008,G0428,Sports_Scooter_Racer,1,picture_backed,Sports,seed_0008,8,#781818,/mnt/zsn/lyb/arti-skill/exp/uniform531_n5_studio_256_v1/G0428__S01__seed_0008__Sports_Scooter_Racer.png,77453,de84a36b9da85d52b02e5a7558e62dcba44a7608b637b0dd4dcd6e14ccdcbd27,15.2122478,52.7593727
2136,2137,G0428__S02__seed_0005,G0428,Sports_Scooter_Racer,2,picture_backed,Sports,seed_0005,5,#781818,/mnt/zsn/lyb/arti-skill/exp/uniform531_n5_studio_256_v1/G0428__S02__seed_0005__Sports_Scooter_Racer.png,75199,1a0a5376f5b24e8c21f61dec61a37f916ca4c08cf8630bd8431e05558056dca9,14.8199043,53.5358696
2137,2138,G0428__S03__seed_0030,G0428,Sports_Scooter_Racer,3,picture_backed,Sports,seed_0030,31,#781818,/mnt/zsn/lyb/arti-skill/exp/uniform531_n5_studio_256_v1/G0428__S03__seed_0030__Sports_Scooter_Racer.png,78738,6cd75dd9e0ca3eb19df4a583d83f5bf12b81c3fa5004049c40558878b85865e7,14.8026161,53.0947304
2138,2139,G0428__S04__seed_0024,G0428,Sports_Scooter_Racer,4,picture_backed,Sports,seed_0024,25,#781818,/mnt/zsn/lyb/arti-skill/exp/uniform531_n5_studio_256_v1/G0428__S04__seed_0024__Sports_Scooter_Racer.png,76672,41531c3862e04b058cf2761cd13fa3c7e784b7fc15b169f386bb0dc9f0e3dba8,15.0563574,53.3210144
2139,2140,G0428__S05__seed_0002,G0428,Sports_Scooter_Racer,5,picture_backed,Sports,seed_0002,2,#781818,/mnt/zsn/lyb/arti-skill/exp/uniform531_n5_studio_256_v1/G0428__S05__seed_0002__Sports_Scooter_Racer.png,76679,ef66b886fe0762787f4f93f6d101da629dd673ac779b91e1b15dfb8734a382a9,15.1935616,53.6502724
2140,2141,G0429__S01__seed_0009,G0429,Sports_Skateboard,1,picture_backed,Sports,seed_0009,9,#c898c8,/mnt/zsn/lyb/arti-skill/exp/uniform531_n5_studio_256_v1/G0429__S01__seed_0009__Sports_Skateboard.png,72928,383fb62f704458af9b5331a37be395210d2f326d9b55f2a0044e44b012ac0675,0.849327207,43.694313
2141,2142,G0429__S02__seed_0014,G0429,Sports_Skateboard,2,picture_backed,Sports,seed_0014,14,#c898c8,/mnt/zsn/lyb/arti-skill/exp/uniform531_n5_studio_256_v1/G0429__S02__seed_0014__Sports_Skateboard.png,72316,527256b24bac0f02760e2e82e2da82a0f420a5d1958a027f221cafaf6d1d0780,1.01090789,43.8024406
2142,2143,G0429__S03__seed_0052,G0429,Sports_Skateboard,3,picture_backed,Sports,seed_0052,52,#c898c8,/mnt/zsn/lyb/arti-skill/exp/uniform531_n5_studio_256_v1/G0429__S03__seed_0052__Sports_Skateboard.png,79838,f0fd69341bf9d6d2d7f337384f0edae64f9e25fa4a38c1eae564663a45721010,1.44584394,44.1368484
2143,2144,G0429__S04__seed_0047,G0429,Sports_Skateboard,4,picture_backed,Sports,seed_0047,47,#c898c8,/mnt/zsn/lyb/arti-skill/exp/uniform531_n5_studio_256_v1/G0429__S04__seed_0047__Sports_Skateboard.png,75244,f6822456ee525b8320b57484f5e507db04731816e5af698ba99c004ddaf56c5a,0.995743871,43.7859116
2144,2145,G0429__S05__seed_0011,G0429,Sports_Skateboard,5,picture_backed,Sports,seed_0011,11,#c898c8,/mnt/zsn/lyb/arti-skill/exp/uniform531_n5_studio_256_v1/G0429__S05__seed_0011__Sports_Skateboard.png,78214,dc39d368308a8db38605f96b4555f9a1cc40e16673f90846e711acaf7a53fc92,1.28996444,44.0196037
2145,2146,G0430__S01__seed_0896,G0430,Sports_Skincare_Roller,1,picture_backed,Sports,seed_0896,896,#d888a8,/mnt/zsn/lyb/arti-skill/exp/uniform531_n5_studio_256_v1/G0430__S01__seed_0896__Sports_Skincare_Roller.png,78136,d2608f37e62d26806c58eff1f1a659168bdf33873924462bf8402e5afd30cb96,33.5963249,-32.8210716
2146,2147,G0430__S02__seed_0048,G0430,Sports_Skincare_Roller,2,picture_backed,Sports,seed_0048,48,#d888a8,/mnt/zsn/lyb/arti-skill/exp/uniform531_n5_studio_256_v1/G0430__S02__seed_0048__Sports_Skincare_Roller.png,77334,8c92caa2af7aa88ae73b79980aab60d84925fb9d5e552417930d77de7393d6e4,33.6835594,-32.5744209
2147,2148,G0430__S03__seed_0984,G0430,Sports_Skincare_Roller,3,picture_backed,Sports,seed_0984,984,#d888a8,/mnt/zsn/lyb/arti-skill/exp/uniform531_n5_studio_256_v1/G0430__S03__seed_0984__Sports_Skincare_Roller.png,75590,88f6c482fb98984d2342fbe305caed864001e84a1b485ff50f49824a691251a2,33.9417686,-31.8842201
2148,2149,G0430__S04__seed_1322,G0430,Sports_Skincare_Roller,4,picture_backed,Sports,seed_1322,1322,#d888a8,/mnt/zsn/lyb/arti-skill/exp/uniform531_n5_studio_256_v1/G0430__S04__seed_1322__Sports_Skincare_Roller.png,76669,27945075dfe2a3a2cea617551a63f904e47beef117a1907c2f6a4597dcfecda9,33.5474091,-31.8924847
2149,2150,G0430__S05__seed_0401,G0430,Sports_Skincare_Roller,5,picture_backed,Sports,seed_0401,401,#d888a8,/mnt/zsn/lyb/arti-skill/exp/uniform531_n5_studio_256_v1/G0430__S05__seed_0401__Sports_Skincare_Roller.png,76517,eac54b6f52831cccfe3e700362909a80e0f9de1f7b039c8170973a53690867ad,33.917923,-31.7447739
2150,2151,G0431__S01__seed_0006,G0431,Sports_Table_football,1,picture_backed,Sports,seed_0006,6,#9838e8,/mnt/zsn/lyb/arti-skill/exp/uniform531_n5_studio_256_v1/G0431__S01__seed_0006__Sports_Table_football.png,82490,0a8927a44d43353bbccd4239af2c07aebf87a33b3f9d7881ba2cf2d3653bc63a,-33.1261139,20.97015
2151,2152,G0431__S02__seed_0024,G0431,Sports_Table_football,2,picture_backed,Sports,seed_0024,24,#9838e8,/mnt/zsn/lyb/arti-skill/exp/uniform531_n5_studio_256_v1/G0431__S02__seed_0024__Sports_Table_football.png,85721,e5a4d88dcd9239a4a87fd73cc45f1cacc723dc3c560f9d34f60303ca39c8077c,-33.4290733,21.3954411
2152,2153,G0431__S03__seed_0013,G0431,Sports_Table_football,3,picture_backed,Sports,seed_0013,13,#9838e8,/mnt/zsn/lyb/arti-skill/exp/uniform531_n5_studio_256_v1/G0431__S03__seed_0013__Sports_Table_football.png,89790,d54361833e231b6f5cdb3be97d92702b03b2c62f03154458294d3f3a597f217d,-33.337429,20.238205
2153,2154,G0431__S04__seed_0001,G0431,Sports_Table_football,4,picture_backed,Sports,seed_0001,1,#9838e8,/mnt/zsn/lyb/arti-skill/exp/uniform531_n5_studio_256_v1/G0431__S04__seed_0001__Sports_Table_football.png,81833,363c87325f175574472e2221ffe504d39f1d34922af3e9bb144103cdff41ab67,-33.1751518,20.6489239
2154,2155,G0431__S05__seed_0003,G0431,Sports_Table_football,5,picture_backed,Sports,seed_0003,3,#9838e8,/mnt/zsn/lyb/arti-skill/exp/uniform531_n5_studio_256_v1/G0431__S05__seed_0003__Sports_Table_football.png,81894,a00dd2a0f6896a75e65b06d574612e941e0566ce21d06856c4897e11330914c8,-33.116169,21.0407162
2155,2156,G0432__S01__seed_0094,G0432,Sports_Toy_car,1,picture_backed,Sports,seed_0094,94,#b888c8,/mnt/zsn/lyb/arti-skill/exp/uniform531_n5_studio_256_v1/G0432__S01__seed_0094__Sports_Toy_car.png,82788,65e56ee853b863d31a4acb9b7992b668ce955ea26d831181a00b932998e2ce40,9.77596855,49.0003281
2156,2157,G0432__S02__seed_0063,G0432,Sports_Toy_car,2,picture_backed,Sports,seed_0063,63,#b888c8,/mnt/zsn/lyb/arti-skill/exp/uniform531_n5_studio_256_v1/G0432__S02__seed_0063__Sports_Toy_car.png,87163,3f2bcb4daa7b715b62ecce1d5c06cf0066082b5bf05a6e850252bac824b9c783,9.83221722,49.8534088
2157,2158,G0432__S03__seed_0067,G0432,Sports_Toy_car,3,picture_backed,Sports,seed_0067,67,#b888c8,/mnt/zsn/lyb/arti-skill/exp/uniform531_n5_studio_256_v1/G0432__S03__seed_0067__Sports_Toy_car.png,85222,5119b984fbf8eddac2f180ad0100b9f0e78b714a22c3d558ec38f00d442e12c0,9.66099262,49.6455765
2158,2159,G0432__S04__seed_0057,G0432,Sports_Toy_car,4,picture_backed,Sports,seed_0057,57,#b888c8,/mnt/zsn/lyb/arti-skill/exp/uniform531_n5_studio_256_v1/G0432__S04__seed_0057__Sports_Toy_car.png,77978,3316f24e1cfced10752eb6759226898a906a8c094fedb4d28abbc6359f4a2896,9.68826294,49.243866
2159,2160,G0432__S05__seed_0081,G0432,Sports_Toy_car,5,picture_backed,Sports,seed_0081,81,#b888c8,/mnt/zsn/lyb/arti-skill/exp/uniform531_n5_studio_256_v1/G0432__S05__seed_0081__Sports_Toy_car.png,85088,5787e38550d10f73309eec0bafd732d6b36d9705220890c8a8fc1defc45d3890,9.45384598,49.8492355
2160,2161,G0433__S01__seed_0081,G0433,sprinkler_head_with_rotating_arms,1,picture_backed,0611,seed_0081,83,#4858e8,/mnt/zsn/lyb/arti-skill/exp/uniform531_n5_studio_256_v1/G0433__S01__seed_0081__sprinkler_head_with_rotating_arms.png,78802,c7f8416c66e79d12e4b60321ab932bbb9d0f822146f3cb805fac3cd382eb2079,37.7194366,-11.3457232
2161,2162,G0433__S02__seed_0122,G0433,sprinkler_head_with_rotating_arms,2,picture_backed,0611,seed_0122,124,#4858e8,/mnt/zsn/lyb/arti-skill/exp/uniform531_n5_studio_256_v1/G0433__S02__seed_0122__sprinkler_head_with_rotating_arms.png,79953,c82526a8f2e15dd57978938a43dd21529b35ea9dcc184c73f7e5e07b5d1aa670,37.259201,-11.067709
2162,2163,G0433__S03__seed_0005,G0433,sprinkler_head_with_rotating_arms,3,picture_backed,0611,seed_0005,5,#4858e8,/mnt/zsn/lyb/arti-skill/exp/uniform531_n5_studio_256_v1/G0433__S03__seed_0005__sprinkler_head_with_rotating_arms.png,83528,7b00ad8726694b7850879a6518e9b5c9a143a287f565fff455e978a1a3cb1cb9,24.3502979,-8.64874172
2163,2164,G0433__S04__seed_0115,G0433,sprinkler_head_with_rotating_arms,4,picture_backed,0611,seed_0115,117,#4858e8,/mnt/zsn/lyb/arti-skill/exp/uniform531_n5_studio_256_v1/G0433__S04__seed_0115__sprinkler_head_with_rotating_arms.png,78629,183a2c8bcb07228f935aa8adea7f984dee2e97462f25b4d1cfe1ecd32fa94d4d,37.1542358,-11.5425711
2164,2165,G0433__S05__seed_0009,G0433,sprinkler_head_with_rotating_arms,5,picture_backed,0611,seed_0009,9,#4858e8,/mnt/zsn/lyb/arti-skill/exp/uniform531_n5_studio_256_v1/G0433__S05__seed_0009__sprinkler_head_with_rotating_arms.png,77141,b72ad0a9d0a42ef93288ca10970f1265e23cfc80a58edda9473786ee4acd9923,37.67659,-11.3200655
2165,2166,G0434__S01__seed_0734,G0434,Stairs_Escalator,1,picture_backed,Stairs,seed_0734,734,#982828,/mnt/zsn/lyb/arti-skill/exp/uniform531_n5_studio_256_v1/G0434__S01__seed_0734__Stairs_Escalator.png,82929,1cee4a3a59e88fcf5c25558a657870fcf367ee4665fc82f8a5cd3010c1c5493c,-10.7356739,24.7600594
2166,2167,G0434__S02__seed_1102,G0434,Stairs_Escalator,2,picture_backed,Stairs,seed_1102,1102,#982828,/mnt/zsn/lyb/arti-skill/exp/uniform531_n5_studio_256_v1/G0434__S02__seed_1102__Stairs_Escalator.png,78104,40437b5e7e28754d4b2e0d272ea7c025b01fb47c25bae641eb81256c873f3104,48.8953056,23.3325119
2167,2168,G0434__S03__seed_0648,G0434,Stairs_Escalator,3,picture_backed,Stairs,seed_0648,648,#982828,/mnt/zsn/lyb/arti-skill/exp/uniform531_n5_studio_256_v1/G0434__S03__seed_0648__Stairs_Escalator.png,72157,8af011fd05f04c60a80bc4cf1b74ff1bbfb4bb6a736ed3f2e193cd19533b2167,49.0128632,21.5913239
2168,2169,G0434__S04__seed_0707,G0434,Stairs_Escalator,4,picture_backed,Stairs,seed_0707,707,#982828,/mnt/zsn/lyb/arti-skill/exp/uniform531_n5_studio_256_v1/G0434__S04__seed_0707__Stairs_Escalator.png,74782,459e4a89ad4a9003857c34def02e7f9fd9cb7583cc7a4c0b0ebdc908204161dc,49.0021477,22.8994827
2169,2170,G0434__S05__seed_1243,G0434,Stairs_Escalator,5,picture_backed,Stairs,seed_1243,1243,#982828,/mnt/zsn/lyb/arti-skill/exp/uniform531_n5_studio_256_v1/G0434__S05__seed_1243__Stairs_Escalator.png,75840,d4be8846f8d74cfae0651d9cc3106fd6206e0813553e253bbc7986012e1438f4,48.9614601,23.0019436
2170,2171,G0435__S01__seed_1095,G0435,stand_mixer,1,builtin_no_picture,builtin_no_picture,seed_1095,1100,#681838,/mnt/zsn/lyb/arti-skill/exp/uniform531_n5_studio_256_v1/G0435__S01__seed_1095__stand_mixer.png,88425,2dc56947860d574ac4b8f1df475a793730e523ef321c793aa9b68df578a18b5e,8.78606892,12.695055
2171,2172,G0435__S02__seed_1427,G0435,stand_mixer,2,builtin_no_picture,builtin_no_picture,seed_1427,1432,#681838,/mnt/zsn/lyb/arti-skill/exp/uniform531_n5_studio_256_v1/G0435__S02__seed_1427__stand_mixer.png,87929,5dad8ae12df02810525017d2efc913c321e732fd611f5769dba395c895c8eb31,8.93167973,13.340539
2172,2173,G0435__S03__seed_0877,G0435,stand_mixer,3,builtin_no_picture,builtin_no_picture,seed_0877,880,#681838,/mnt/zsn/lyb/arti-skill/exp/uniform531_n5_studio_256_v1/G0435__S03__seed_0877__stand_mixer.png,89960,bbe8bcb8ad9992008d63d1351db6eee7251c75b10d2d02a1fe57fc21e038df5e,8.65859318,12.7245312
2173,2174,G0435__S04__seed_0347,G0435,stand_mixer,4,builtin_no_picture,builtin_no_picture,seed_0347,350,#681838,/mnt/zsn/lyb/arti-skill/exp/uniform531_n5_studio_256_v1/G0435__S04__seed_0347__stand_mixer.png,87625,e1ab5a36c37eaa2bd863d9a14ea08563aee6bf8bb1445362241dc0060a4b4d57,8.61823368,13.1122198
2174,2175,G0435__S05__seed_1484,G0435,stand_mixer,5,builtin_no_picture,builtin_no_picture,seed_1484,1489,#681838,/mnt/zsn/lyb/arti-skill/exp/uniform531_n5_studio_256_v1/G0435__S05__seed_1484__stand_mixer.png,87126,8adb1bdd0a1fc6e5ef2d62771af4c2d7aaa5922c7200be73ac97aab787fe2143,8.82905674,13.4286718
2175,2176,G0436__S01__seed_2847,G0436,standing_desk_with_synchronous_telescoping_legs_and_articulated_controls,1,builtin_no_picture,builtin_no_picture,seed_2847,6436,#5848c8,/mnt/zsn/lyb/arti-skill/exp/uniform531_n5_studio_256_v1/G0436__S01__seed_2847__standing_desk_with_synchronous_telescoping_legs_and_articulated_controls.png,79334,0f5d4634b99acdc3e52c94a02b2328df1c695ee59558653f619f2eae41cf3125,-38.3471832,35.0955391
2176,2177,G0436__S02__seed_0703,G0436,standing_desk_with_synchronous_telescoping_legs_and_articulated_controls,2,builtin_no_picture,builtin_no_picture,seed_0703,1602,#5848c8,/mnt/zsn/lyb/arti-skill/exp/uniform531_n5_studio_256_v1/G0436__S02__seed_0703__standing_desk_with_synchronous_telescoping_legs_and_articulated_controls.png,75674,520dd4305dbf976af70984a21d0090a320bc4cd8984287621e8f30108bfcf0ec,-39.1326523,36.4614296
2177,2178,G0436__S03__seed_1253,G0436,standing_desk_with_synchronous_telescoping_legs_and_articulated_controls,3,builtin_no_picture,builtin_no_picture,seed_1253,2812,#5848c8,/mnt/zsn/lyb/arti-skill/exp/uniform531_n5_studio_256_v1/G0436__S03__seed_1253__standing_desk_with_synchronous_telescoping_legs_and_articulated_controls.png,73143,858e2ba6b700f4ecf8902e18946e134b7bf59effaab885c4e42cee2e6251b068,-39.0022011,36.231308
2178,2179,G0436__S04__seed_2859,G0436,standing_desk_with_synchronous_telescoping_legs_and_articulated_controls,4,builtin_no_picture,builtin_no_picture,seed_2859,6454,#5848c8,/mnt/zsn/lyb/arti-skill/exp/uniform531_n5_studio_256_v1/G0436__S04__seed_2859__standing_desk_with_synchronous_telescoping_legs_and_articulated_controls.png,77865,5294f46ce8e4d9253b0f8a775b3fc6bd07b94708d9ddcc2732974c67bcbd31f4,-38.2723732,34.9570351
2179,2180,G0436__S05__seed_0937,G0436,standing_desk_with_synchronous_telescoping_legs_and_articulated_controls,5,builtin_no_picture,builtin_no_picture,seed_0937,2130,#5848c8,/mnt/zsn/lyb/arti-skill/exp/uniform531_n5_studio_256_v1/G0436__S05__seed_0937__standing_desk_with_synchronous_telescoping_legs_and_articulated_controls.png,73903,9146b6028dced1c521165cb754825789e3b0b65f6cca2d46a0cafdafbc77ba31,-38.9469185,36.1682739
2180,2181,G0437__S01__seed_0116,G0437,Stationary_Calculater,1,picture_backed,Stationary,seed_0116,133,#a848e8,/mnt/zsn/lyb/arti-skill/exp/uniform531_n5_studio_256_v1/G0437__S01__seed_0116__Stationary_Calculater.png,79187,b10f22c9f12a16b1c4b73a98f1b8975706902d96a381b88574bd7ca2f68b2b51,-15.8139277,6.25632763
2181,2182,G0437__S02__seed_0015,G0437,Stationary_Calculater,2,picture_backed,Stationary,seed_0015,18,#a848e8,/mnt/zsn/lyb/arti-skill/exp/uniform531_n5_studio_256_v1/G0437__S02__seed_0015__Stationary_Calculater.png,78126,50ece83e6d62e90b48917ad39aa46e8917477f338db81ee1f0c98a6f311f0332,-15.2280254,6.63993359
2182,2183,G0437__S03__seed_0122,G0437,Stationary_Calculater,3,picture_backed,Stationary,seed_0122,140,#a848e8,/mnt/zsn/lyb/arti-skill/exp/uniform531_n5_studio_256_v1/G0437__S03__seed_0122__Stationary_Calculater.png,80753,50dc48cf67d51ee8896ee8ad27ac0a6ff1929c630f9eb047e5320266d72b083c,-15.7432175,6.25275612
2183,2184,G0437__S04__seed_0131,G0437,Stationary_Calculater,4,picture_backed,Stationary,seed_0131,152,#a848e8,/mnt/zsn/lyb/arti-skill/exp/uniform531_n5_studio_256_v1/G0437__S04__seed_0131__Stationary_Calculater.png,75269,2a254be2d2631e605cf63d9bd3a9c83513187ab171bfd438ed28fee3caa6db30,-11.7852545,6.40739822
2184,2185,G0437__S05__seed_0206,G0437,Stationary_Calculater,5,picture_backed,Stationary,seed_0206,241,#a848e8,/mnt/zsn/lyb/arti-skill/exp/uniform531_n5_studio_256_v1/G0437__S05__seed_0206__Stationary_Calculater.png,78006,8d4fc5ff23069c2c64afd8638c087983be8c4d08fbc0a0e1e5fb6d24bffa7b9e,-16.02458,7.29505825
2185,2186,G0438__S01__seed_0028,G0438,Stationary_Clip,1,picture_backed,Stationary,seed_0028,28,#883828,/mnt/zsn/lyb/arti-skill/exp/uniform531_n5_studio_256_v1/G0438__S01__seed_0028__Stationary_Clip.png,81407,e7cdab430366dce2bf142d381f1b4e4896dbe383dcbfeabcdd22b4d7ed7655e6,-8.80347824,35.762291
2186,2187,G0438__S02__seed_0009,G0438,Stationary_Clip,2,picture_backed,Stationary,seed_0009,9,#883828,/mnt/zsn/lyb/arti-skill/exp/uniform531_n5_studio_256_v1/G0438__S02__seed_0009__Stationary_Clip.png,83310,19588dd732681b0b17bd3f5c0f24ea0aec6014bc49cb3116c270fc1ebb99b240,-9.38547897,34.1157379
2187,2188,G0438__S03__seed_0037,G0438,Stationary_Clip,3,picture_backed,Stationary,seed_0037,37,#883828,/mnt/zsn/lyb/arti-skill/exp/uniform531_n5_studio_256_v1/G0438__S03__seed_0037__Stationary_Clip.png,83168,a56d0445da609f66d7a16ac615ce21180033604b10d00db60e7ecaee5f6fbce7,-9.38987255,34.069725
2188,2189,G0438__S04__seed_0043,G0438,Stationary_Clip,4,picture_backed,Stationary,seed_0043,43,#883828,/mnt/zsn/lyb/arti-skill/exp/uniform531_n5_studio_256_v1/G0438__S04__seed_0043__Stationary_Clip.png,79807,630b3db4fe6ab89009c1b7428a49309457adf32bbe96cab0ecd83640ebd073c0,-8.90512562,35.6234131
2189,2190,G0438__S05__seed_0062,G0438,Stationary_Clip,5,picture_backed,Stationary,seed_0062,62,#883828,/mnt/zsn/lyb/arti-skill/exp/uniform531_n5_studio_256_v1/G0438__S05__seed_0062__Stationary_Clip.png,81830,ec4cadf518441a0e04c68e50e213406cee2a4eb2716ff4e72033ec73f0b2276c,-8.88532066,35.7126389
2190,2191,G0439__S01__seed_0045,G0439,Stationary_Clipboard,1,picture_backed,Stationary,seed_0045,45,#984818,/mnt/zsn/lyb/arti-skill/exp/uniform531_n5_studio_256_v1/G0439__S01__seed_0045__Stationary_Clipboard.png,70192,804435f55dd48be96440eb9b98e729f8d80b740bef90613f9678672bb1018cf5,-13.4421158,14.0324545
2191,2192,G0439__S02__seed_0087,G0439,Stationary_Clipboard,2,picture_backed,Stationary,seed_0087,87,#984818,/mnt/zsn/lyb/arti-skill/exp/uniform531_n5_studio_256_v1/G0439__S02__seed_0087__Stationary_Clipboard.png,74776,705cce5c532a994c1ef0069473b202b566647c97080b1faae3faa355da1f59e9,-14.1852884,15.7929583
2192,2193,G0439__S03__seed_0049,G0439,Stationary_Clipboard,3,picture_backed,Stationary,seed_0049,49,#984818,/mnt/zsn/lyb/arti-skill/exp/uniform531_n5_studio_256_v1/G0439__S03__seed_0049__Stationary_Clipboard.png,75749,fd9828b20b049416c2603d5f18e2675e026f8b50a800f399d5b7cfb8d7fecd19,-15.1282253,16.194973
2193,2194,G0439__S04__seed_0004,G0439,Stationary_Clipboard,4,picture_backed,Stationary,seed_0004,4,#984818,/mnt/zsn/lyb/arti-skill/exp/uniform531_n5_studio_256_v1/G0439__S04__seed_0004__Stationary_Clipboard.png,78816,8fea6ff2a57aa80a80320652761793bccc8a8cfb9928f6b83539d6a2d74f89d1,-15.2608595,15.643713
2194,2195,G0439__S05__seed_0008,G0439,Stationary_Clipboard,5,picture_backed,Stationary,seed_0008,8,#984818,/mnt/zsn/lyb/arti-skill/exp/uniform531_n5_studio_256_v1/G0439__S05__seed_0008__Stationary_Clipboard.png,71347,74e043d0e69a160a344c129986dd0ca18e6af299ee9b86036f7ce1a186b008a2,-13.5983086,14.0656528
2195,2196,G0440__S01__seed_2987,G0440,Stationary_Folder,1,picture_backed,Stationary,seed_2987,2987,#586838,/mnt/zsn/lyb/arti-skill/exp/uniform531_n5_studio_256_v1/G0440__S01__seed_2987__Stationary_Folder.png,83853,0b886b1e10c375ba6baf2fcc46d5216eb69725eb51008d9ea1d7de42aa48e4dc,-38.6561699,-32.9635773
2196,2197,G0440__S02__seed_0714,G0440,Stationary_Folder,2,picture_backed,Stationary,seed_0714,714,#586838,/mnt/zsn/lyb/arti-skill/exp/uniform531_n5_studio_256_v1/G0440__S02__seed_0714__Stationary_Folder.png,83790,616fb7fa2d2a75ccf0366142d43a19a0f18bb4e6e1e79311681ca0b71756d8bd,-38.5103569,-32.8578224
2197,2198,G0440__S03__seed_0859,G0440,Stationary_Folder,3,picture_backed,Stationary,seed_0859,859,#586838,/mnt/zsn/lyb/arti-skill/exp/uniform531_n5_studio_256_v1/G0440__S03__seed_0859__Stationary_Folder.png,76923,c7cc13ed7affeebe93ecd9dd052960e0ee0e75f0471922f0aadf5e4dd7886081,-38.3940353,-32.1554832
2198,2199,G0440__S04__seed_2697,G0440,Stationary_Folder,4,picture_backed,Stationary,seed_2697,2697,#586838,/mnt/zsn/lyb/arti-skill/exp/uniform531_n5_studio_256_v1/G0440__S04__seed_2697__Stationary_Folder.png,88297,3959247a2fa319fd298baa78b366022a0a4982c85629a72e228f9776e60b48cb,-38.4974403,-32.2331772
2199,2200,G0440__S05__seed_2811,G0440,Stationary_Folder,5,picture_backed,Stationary,seed_2811,2811,#586838,/mnt/zsn/lyb/arti-skill/exp/uniform531_n5_studio_256_v1/G0440__S05__seed_2811__Stationary_Folder.png,83087,a47e86de73a576cd2c07021656ea7897fb81c51b128fe836e37ebd3c94b2bc59,-38.5560226,-32.9113045
2200,2201,G0441__S01__seed_0074,G0441,Stationary_Pen,1,picture_backed,Stationary,seed_0074,94,#282898,/mnt/zsn/lyb/arti-skill/exp/uniform531_n5_studio_256_v1/G0441__S01__seed_0074__Stationary_Pen.png,69792,5e4769927b1ca144eae7daddc19079ed155d97373f21a49af9994e5a25d9caf6,54.7726097,8.09100723
2201,2202,G0441__S02__seed_0001,G0441,Stationary_Pen,2,picture_backed,Stationary,seed_0001,2,#282898,/mnt/zsn/lyb/arti-skill/exp/uniform531_n5_studio_256_v1/G0441__S02__seed_0001__Stationary_Pen.png,72825,5392dc11652c94fa8e94814948ccdc386851da96964e2025514bf16b8125f3e1,54.5110207,8.64434624
2202,2203,G0441__S03__seed_0024,G0441,Stationary_Pen,3,picture_backed,Stationary,seed_0024,30,#282898,/mnt/zsn/lyb/arti-skill/exp/uniform531_n5_studio_256_v1/G0441__S03__seed_0024__Stationary_Pen.png,74318,d41f2df1d7a5b71f2ea2cb5bdc34d4047b99956d721fab249a54bfa5216fc81f,53.8478317,8.62357903
2203,2204,G0441__S04__seed_0057,G0441,Stationary_Pen,4,picture_backed,Stationary,seed_0057,71,#282898,/mnt/zsn/lyb/arti-skill/exp/uniform531_n5_studio_256_v1/G0441__S04__seed_0057__Stationary_Pen.png,73465,15ed4af12be3b7cc1742889e00a1eb0279a168aec7fc4119db35fc09cf4ac553,51.6856766,-26.3808727
2204,2205,G0441__S05__seed_0133,G0441,Stationary_Pen,5,picture_backed,Stationary,seed_0133,166,#282898,/mnt/zsn/lyb/arti-skill/exp/uniform531_n5_studio_256_v1/G0441__S05__seed_0133__Stationary_Pen.png,74600,aaa620ac5bd25c338d14287d46b25e89a424b004e0c16788028fc9ba8f60236a,54.725769,8.72157383
2205,2206,G0442__S01__seed_0045,G0442,Stationary_Pencil_sharpener,1,picture_backed,Stationary,seed_0045,45,#781868,/mnt/zsn/lyb/arti-skill/exp/uniform531_n5_studio_256_v1/G0442__S01__seed_0045__Stationary_Pencil_sharpener.png,75304,2cb54436a7defcf1270d73db044f5313f2b9156c9c467ad5e2c9b6baab5f1f66,-13.759366,-16.7028027
2206,2207,G0442__S02__seed_0050,G0442,Stationary_Pencil_sharpener,2,picture_backed,Stationary,seed_0050,50,#781868,/mnt/zsn/lyb/arti-skill/exp/uniform531_n5_studio_256_v1/G0442__S02__seed_0050__Stationary_Pencil_sharpener.png,82211,1b77c6092411298bc5460490ee5f75715eb3b723f94e70c0ee7a2525586c0648,4.68605614,-43.4868736
2207,2208,G0442__S03__seed_0019,G0442,Stationary_Pencil_sharpener,3,picture_backed,Stationary,seed_0019,19,#781868,/mnt/zsn/lyb/arti-skill/exp/uniform531_n5_studio_256_v1/G0442__S03__seed_0019__Stationary_Pencil_sharpener.png,78978,0bf87b496c289947d47191f6fd00261621201a0e97e3bbfcd98e35c9acb79b3d,4.69589996,-43.425457
2208,2209,G0442__S04__seed_0035,G0442,Stationary_Pencil_sharpener,4,picture_backed,Stationary,seed_0035,35,#781868,/mnt/zsn/lyb/arti-skill/exp/uniform531_n5_studio_256_v1/G0442__S04__seed_0035__Stationary_Pencil_sharpener.png,82732,a74b7da33c93764712229bb632fe1cdd813703072f66830841f39ea22ffe73da,-13.6158695,-17.3893852
2209,2210,G0442__S05__seed_0002,G0442,Stationary_Pencil_sharpener,5,picture_backed,Stationary,seed_0002,2,#781868,/mnt/zsn/lyb/arti-skill/exp/uniform531_n5_studio_256_v1/G0442__S05__seed_0002__Stationary_Pencil_sharpener.png,84701,2112e1efbeed73faec68247b9600375f43b0740bc354dc9aea4d4344a33a6a6c,-13.7467155,-17.420826
2210,2211,G0443__S01__seed_0015,G0443,Stationary_Scissors,1,picture_backed,Stationary,seed_0015,15,#9878a8,/mnt/zsn/lyb/arti-skill/exp/uniform531_n5_studio_256_v1/G0443__S01__seed_0015__Stationary_Scissors.png,70403,2d017bb3c4a1724236c7b52a5773b1ec3c7dc13368dea8f5589ed353a6a8553e,69.5276794,21.9783669
2211,2212,G0443__S02__seed_0016,G0443,Stationary_Scissors,2,picture_backed,Stationary,seed_0016,16,#9878a8,/mnt/zsn/lyb/arti-skill/exp/uniform531_n5_studio_256_v1/G0443__S02__seed_0016__Stationary_Scissors.png,73573,181c2c92b0f6176c21e45d87fd9947c24ee96f485733785ed5c11568568a7bf0,69.7479401,21.5871067
2212,2213,G0443__S03__seed_0017,G0443,Stationary_Scissors,3,picture_backed,Stationary,seed_0017,17,#9878a8,/mnt/zsn/lyb/arti-skill/exp/uniform531_n5_studio_256_v1/G0443__S03__seed_0017__Stationary_Scissors.png,74723,678d2a3d60f64ab3897c5766c8a76c872ed0774e66db9c32bef53eac14e6e974,68.8390045,21.2880669
2213,2214,G0443__S04__seed_0019,G0443,Stationary_Scissors,4,picture_backed,Stationary,seed_0019,19,#9878a8,/mnt/zsn/lyb/arti-skill/exp/uniform531_n5_studio_256_v1/G0443__S04__seed_0019__Stationary_Scissors.png,73667,38244069758d8eca25544e3a5489741685ea2cfda976635de4dde0a4acb786c0,68.8167725,21.2052746
2214,2215,G0443__S05__seed_0003,G0443,Stationary_Scissors,5,picture_backed,Stationary,seed_0003,3,#9878a8,/mnt/zsn/lyb/arti-skill/exp/uniform531_n5_studio_256_v1/G0443__S05__seed_0003__Stationary_Scissors.png,75140,95cde5cad1034e5a5c1e514482ce26e67f13affd9653ee0913955921992c8b69,69.5129547,21.9910336
2215,2216,G0444__S01__seed_0012,G0444,storage_cart_with_drawers_on_wheels,1,picture_backed,0611,seed_0012,13,#e898d8,/mnt/zsn/lyb/arti-skill/exp/uniform531_n5_studio_256_v1/G0444__S01__seed_0012__storage_cart_with_drawers_on_wheels.png,94608,ab117d7ea11f129f19c82e389ab5eb9102d7eaf52e8ce0e9b86902fbff968416,-48.6021957,1.72048855
2216,2217,G0444__S02__seed_0030,G0444,storage_cart_with_drawers_on_wheels,2,picture_backed,0611,seed_0030,32,#e898d8,/mnt/zsn/lyb/arti-skill/exp/uniform531_n5_studio_256_v1/G0444__S02__seed_0030__storage_cart_with_drawers_on_wheels.png,89623,456ed2a19784c2d4f7da7cde9067c638ae21c200594f150352c46d7cfd1a7330,-61.8566704,7.33304691
2217,2218,G0444__S03__seed_0110,G0444,storage_cart_with_drawers_on_wheels,3,picture_backed,0611,seed_0110,113,#e898d8,/mnt/zsn/lyb/arti-skill/exp/uniform531_n5_studio_256_v1/G0444__S03__seed_0110__storage_cart_with_drawers_on_wheels.png,86572,cd89a927506aa33a3d9a7c29c864c7dd16fd7d3abe3c03d76e760ee5345c3205,-61.6253929,7.2448926
2218,2219,G0444__S04__seed_0100,G0444,storage_cart_with_drawers_on_wheels,4,picture_backed,0611,seed_0100,103,#e898d8,/mnt/zsn/lyb/arti-skill/exp/uniform531_n5_studio_256_v1/G0444__S04__seed_0100__storage_cart_with_drawers_on_wheels.png,88946,bc0922fe94f07c454a5235936aeeeb0484bce0ed1845ae7a29249c9db51bfbaf,-61.2504845,6.45152617
2219,2220,G0444__S05__seed_0119,G0444,storage_cart_with_drawers_on_wheels,5,picture_backed,0611,seed_0119,123,#e898d8,/mnt/zsn/lyb/arti-skill/exp/uniform531_n5_studio_256_v1/G0444__S05__seed_0119__storage_cart_with_drawers_on_wheels.png,91058,6ab21b42bb496cb7891df3ab7d8a641030216b70b5925fe0dd24c34395ae9e62,-61.5568275,7.18054008
2220,2221,G0445__S01__seed_0021,G0445,stretcher,1,picture_backed,Emergency Equipment,seed_0021,21,#8878d8,/mnt/zsn/lyb/arti-skill/exp/uniform531_n5_studio_256_v1/G0445__S01__seed_0021__stretcher.png,83793,e537503558777c2dafcc88cf80778ab1b32468c30bf81cf070cb791594486fcc,-29.3851738,33.0240288
2221,2222,G0445__S02__seed_0028,G0445,stretcher,2,picture_backed,Emergency Equipment,seed_0028,28,#8878d8,/mnt/zsn/lyb/arti-skill/exp/uniform531_n5_studio_256_v1/G0445__S02__seed_0028__stretcher.png,78762,6b87a9a77f08dc95544bd760700b6fcd1ae74f9b668024f9a05b1431dd753c36,-27.3623714,31.3478413
2222,2223,G0445__S03__seed_0007,G0445,stretcher,3,picture_backed,Emergency Equipment,seed_0007,7,#8878d8,/mnt/zsn/lyb/arti-skill/exp/uniform531_n5_studio_256_v1/G0445__S03__seed_0007__stretcher.png,91340,c2a44221a8863afdcb630a9216d7b4913ecc74ef53507650b81dbc43ef3e1be1,-30.1771545,33.9338074
2223,2224,G0445__S04__seed_0006,G0445,stretcher,4,picture_backed,Emergency Equipment,seed_0006,6,#8878d8,/mnt/zsn/lyb/arti-skill/exp/uniform531_n5_studio_256_v1/G0445__S04__seed_0006__stretcher.png,87099,82ce22ec00183d140ed4cc781b6472bf2453d57e63a3f87ccb2a599fa7e52168,-30.3821697,34.4044533
2224,2225,G0445__S05__seed_0026,G0445,stretcher,5,picture_backed,Emergency Equipment,seed_0026,26,#8878d8,/mnt/zsn/lyb/arti-skill/exp/uniform531_n5_studio_256_v1/G0445__S05__seed_0026__stretcher.png,83153,50ff091f284b5196a295d0d3e4248bedab5b56b52747741cc74c15ecde8ac763,-30.3649044,34.1323967
2225,2226,G0446__S01__seed_0044,G0446,Structure_Elevator,1,picture_backed,Structure,seed_0044,44,#686898,/mnt/zsn/lyb/arti-skill/exp/uniform531_n5_studio_256_v1/G0446__S01__seed_0044__Structure_Elevator.png,81022,65e1ea1ab472d0961b06532e6ba7a38931f5a7f346bd1196473db488fcfd51aa,-42.5275345,-40.7782898
2226,2227,G0446__S02__seed_0047,G0446,Structure_Elevator,2,picture_backed,Structure,seed_0047,47,#686898,/mnt/zsn/lyb/arti-skill/exp/uniform531_n5_studio_256_v1/G0446__S02__seed_0047__Structure_Elevator.png,84525,8664834eec6cab57dbbec59ff85f74e60c55d3c59aedd5e6ea0825a24eefb8ec,-43.3763618,-41.1138268
2227,2228,G0446__S03__seed_0113,G0446,Structure_Elevator,3,picture_backed,Structure,seed_0113,113,#686898,/mnt/zsn/lyb/arti-skill/exp/uniform531_n5_studio_256_v1/G0446__S03__seed_0113__Structure_Elevator.png,78208,2ed7179fd60b41dcd768051040a268f37637caebd27072cf95332a06d6ebbbe9,-42.5280151,-41.3782539
2228,2229,G0446__S04__seed_0003,G0446,Structure_Elevator,4,picture_backed,Structure,seed_0003,3,#686898,/mnt/zsn/lyb/arti-skill/exp/uniform531_n5_studio_256_v1/G0446__S04__seed_0003__Structure_Elevator.png,79338,2a78579f0cf021d107afee875d76898bcd367e177e171b6341d4bba339be502d,-44.8377304,-36.3247833
2229,2230,G0446__S05__seed_0054,G0446,Structure_Elevator,5,picture_backed,Structure,seed_0054,54,#686898,/mnt/zsn/lyb/arti-skill/exp/uniform531_n5_studio_256_v1/G0446__S05__seed_0054__Structure_Elevator.png,80004,bca6ee78d7197ab10a8dafe118345de861e6acf298714baa95783b0763153ece,-43.4287071,-40.8620262
2230,2231,G0447__S01__seed_1792,G0447,studio_lamp,1,picture_backed,0611,seed_1792,1797,#186838,/mnt/zsn/lyb/arti-skill/exp/uniform531_n5_studio_256_v1/G0447__S01__seed_1792__studio_lamp.png,69502,a85847b06d79c728b78434125dd060837c5d4af7ec68018830407ffa2ed90fca,58.4813347,-7.50365877
2231,2232,G0447__S02__seed_0028,G0447,studio_lamp,2,picture_backed,0611,seed_0028,28,#186838,/mnt/zsn/lyb/arti-skill/exp/uniform531_n5_studio_256_v1/G0447__S02__seed_0028__studio_lamp.png,70098,5c84da81dc6b2bc0449e0498f5392ad1f3759afe09e134c0f00dae4d82cd31fe,58.6800766,-7.22594452
2232,2233,G0447__S03__seed_2897,G0447,studio_lamp,3,picture_backed,0611,seed_2897,2907,#186838,/mnt/zsn/lyb/arti-skill/exp/uniform531_n5_studio_256_v1/G0447__S03__seed_2897__studio_lamp.png,71148,3b8db35079a6a837503193a9fc96f4a67392bb6ff7108b4f38a026668011e9fa,60.5416679,-7.14459658
2233,2234,G0447__S04__seed_1504,G0447,studio_lamp,4,picture_backed,0611,seed_1504,1509,#186838,/mnt/zsn/lyb/arti-skill/exp/uniform531_n5_studio_256_v1/G0447__S04__seed_1504__studio_lamp.png,71703,40e60b54a28df40e64bf15fb6bf0cc9bb80e4296a927f2f69a9146f6f12c6934,59.9713173,-6.74684763
2234,2235,G0447__S05__seed_0343,G0447,studio_lamp,5,picture_backed,0611,seed_0343,344,#186838,/mnt/zsn/lyb/arti-skill/exp/uniform531_n5_studio_256_v1/G0447__S05__seed_0343__studio_lamp.png,73042,d569be0cbc94b4d98684206ff307de645d433c8ea0621c91b3294cf8223e9cd1,58.3964348,-6.06205177
2235,2236,G0448__S01__seed_0431,G0448,studio_spotlight_on_yoke,1,builtin_no_picture,builtin_no_picture,seed_0431,432,#b848d8,/mnt/zsn/lyb/arti-skill/exp/uniform531_n5_studio_256_v1/G0448__S01__seed_0431__studio_spotlight_on_yoke.png,75414,ca23f1ffbd5a9867f3fc1fb56ce4f342093a0ec5f1fe7204db9784972bf1166b,41.092289,-20.1219769
2236,2237,G0448__S02__seed_0379,G0448,studio_spotlight_on_yoke,2,builtin_no_picture,builtin_no_picture,seed_0379,379,#b848d8,/mnt/zsn/lyb/arti-skill/exp/uniform531_n5_studio_256_v1/G0448__S02__seed_0379__studio_spotlight_on_yoke.png,77951,124e2fc42b877ce61080acbf64c6aca3881457314771a3a23144323157e9f205,40.6574402,-19.9177608
2237,2238,G0448__S03__seed_0768,G0448,studio_spotlight_on_yoke,3,builtin_no_picture,builtin_no_picture,seed_0768,772,#b848d8,/mnt/zsn/lyb/arti-skill/exp/uniform531_n5_studio_256_v1/G0448__S03__seed_0768__studio_spotlight_on_yoke.png,78982,1b73a53bc05ca958eb5e8b262ccc1dfbc85518f22d32a2c1f09b264d168e756f,41.345314,-20.8582573
2238,2239,G0448__S04__seed_0365,G0448,studio_spotlight_on_yoke,4,builtin_no_picture,builtin_no_picture,seed_0365,365,#b848d8,/mnt/zsn/lyb/arti-skill/exp/uniform531_n5_studio_256_v1/G0448__S04__seed_0365__studio_spotlight_on_yoke.png,77610,deaed77452e17dcb5498784f0c68b488d2dbc52184d23b23c6171276417d5ce1,40.7693253,-20.4289551
2239,2240,G0448__S05__seed_0021,G0448,studio_spotlight_on_yoke,5,builtin_no_picture,builtin_no_picture,seed_0021,21,#b848d8,/mnt/zsn/lyb/arti-skill/exp/uniform531_n5_studio_256_v1/G0448__S05__seed_0021__studio_spotlight_on_yoke.png,76672,4366885a200592b202d528fc924495c885e9b8bcf67387c2d25296fdb3104524,41.4276085,-20.005415
2240,2241,G0449__S01__seed_0027,G0449,table_tennis_table,1,picture_backed,0611,seed_0027,27,#3838b8,/mnt/zsn/lyb/arti-skill/exp/uniform531_n5_studio_256_v1/G0449__S01__seed_0027__table_tennis_table.png,82705,2332995e62f000d7a94078d39ee26ffd8b94e9125219f7e77cd4009c040b63d7,-32.3820724,28.9874859
2241,2242,G0449__S02__seed_0043,G0449,table_tennis_table,2,picture_backed,0611,seed_0043,43,#3838b8,/mnt/zsn/lyb/arti-skill/exp/uniform531_n5_studio_256_v1/G0449__S02__seed_0043__table_tennis_table.png,81979,9a5429937a6b06e5385d6fc8942b104b420d20cc353f7ae72b689839e593e53f,-32.1503563,28.6177788
2242,2243,G0449__S03__seed_0024,G0449,table_tennis_table,3,picture_backed,0611,seed_0024,24,#3838b8,/mnt/zsn/lyb/arti-skill/exp/uniform531_n5_studio_256_v1/G0449__S03__seed_0024__table_tennis_table.png,83947,34ea2ecce1aa23063c72bf6a0bf333c157f504e93aaa4efe5012a744b42028fa,-32.0312195,28.9559841
2243,2244,G0449__S04__seed_0028,G0449,table_tennis_table,4,picture_backed,0611,seed_0028,28,#3838b8,/mnt/zsn/lyb/arti-skill/exp/uniform531_n5_studio_256_v1/G0449__S04__seed_0028__table_tennis_table.png,79500,34905501bfe6677eb3ac20ef336c29a0ba1a5e993fe7c4f00a63d457e2b7a90a,-32.4833603,28.7205296
2244,2245,G0449__S05__seed_0035,G0449,table_tennis_table,5,picture_backed,0611,seed_0035,35,#3838b8,/mnt/zsn/lyb/arti-skill/exp/uniform531_n5_studio_256_v1/G0449__S05__seed_0035__table_tennis_table.png,78084,952ff98269e1a3306c2c85c7fae8be6ab350710508e63d4f0b57eb78e8764cdf,-32.4494133,28.7071152
2245,2246,G0450__S01__seed_0184,G0450,table_with_doors_and_drawers,1,picture_backed,0611,seed_0184,208,#7888a8,/mnt/zsn/lyb/arti-skill/exp/uniform531_n5_studio_256_v1/G0450__S01__seed_0184__table_with_doors_and_drawers.png,81742,4061c1438c43e42e3184e59adeb956e3a9c624243fc9546ee65a797f98fdb0d9,-51.4950256,20.2484074
2246,2247,G0450__S02__seed_0071,G0450,table_with_doors_and_drawers,2,picture_backed,0611,seed_0071,82,#7888a8,/mnt/zsn/lyb/arti-skill/exp/uniform531_n5_studio_256_v1/G0450__S02__seed_0071__table_with_doors_and_drawers.png,87398,d0542b01f1ccaabf80832d804fbf65bc499cac056ae3e42923cafd6999508496,-51.6237183,20.555521
2247,2248,G0450__S03__seed_0037,G0450,table_with_doors_and_drawers,3,picture_backed,0611,seed_0037,42,#7888a8,/mnt/zsn/lyb/arti-skill/exp/uniform531_n5_studio_256_v1/G0450__S03__seed_0037__table_with_doors_and_drawers.png,80560,f9ad97f2771e7802681c3fe24304a47b64d6babd32c2df63ee11531fd524dd8e,-51.6721535,19.8733082
2248,2249,G0450__S04__seed_0015,G0450,table_with_doors_and_drawers,4,picture_backed,0611,seed_0015,17,#7888a8,/mnt/zsn/lyb/arti-skill/exp/uniform531_n5_studio_256_v1/G0450__S04__seed_0015__table_with_doors_and_drawers.png,88732,6de7f304a21d295661ae2efd5055ab24769f71bf42f120263f799ba1c3894079,-51.6413002,19.5889893
2249,2250,G0450__S05__seed_0047,G0450,table_with_doors_and_drawers,5,picture_backed,0611,seed_0047,55,#7888a8,/mnt/zsn/lyb/arti-skill/exp/uniform531_n5_studio_256_v1/G0450__S05__seed_0047__table_with_doors_and_drawers.png,86132,dd025a55163c1ba9a3571c1ca6957c4b8d38bdc82cda88752d307248e7c88d66,-51.2993355,21.1408253
2250,2251,G0451__S01__seed_0041,G0451,table_with_drawers_no_door,1,picture_backed,0611,seed_0041,41,#b89818,/mnt/zsn/lyb/arti-skill/exp/uniform531_n5_studio_256_v1/G0451__S01__seed_0041__table_with_drawers_no_door.png,81775,776a78cacf03d888bbc4fa758087038fe75e39ce3570279efa29890f19903e3a,-46.9716225,23.5888939
2251,2252,G0451__S02__seed_0061,G0451,table_with_drawers_no_door,2,picture_backed,0611,seed_0061,61,#b89818,/mnt/zsn/lyb/arti-skill/exp/uniform531_n5_studio_256_v1/G0451__S02__seed_0061__table_with_drawers_no_door.png,83920,5587531725d0eb7d8aeb6e7c3506a3db2c9bb0bda657f0e11885be21e04919e1,-47.2850113,24.0341759
2252,2253,G0451__S03__seed_0040,G0451,table_with_drawers_no_door,3,picture_backed,0611,seed_0040,40,#b89818,/mnt/zsn/lyb/arti-skill/exp/uniform531_n5_studio_256_v1/G0451__S03__seed_0040__table_with_drawers_no_door.png,82641,d440a2a13a99c13c0e41a2904007f5d2e7aebc0d7437357f866ea7b4a246801d,-46.4099579,22.9348602
2253,2254,G0451__S04__seed_0053,G0451,table_with_drawers_no_door,4,picture_backed,0611,seed_0053,53,#b89818,/mnt/zsn/lyb/arti-skill/exp/uniform531_n5_studio_256_v1/G0451__S04__seed_0053__table_with_drawers_no_door.png,80952,ea8448427191cff397fde62b5e384e68d544cea8fb2716614fea4e39797552de,-46.9574928,23.53549
2254,2255,G0451__S05__seed_0046,G0451,table_with_drawers_no_door,5,picture_backed,0611,seed_0046,46,#b89818,/mnt/zsn/lyb/arti-skill/exp/uniform531_n5_studio_256_v1/G0451__S05__seed_0046__table_with_drawers_no_door.png,79818,ebb2290d25cdbba3599fa2cf38e0bfa0699cf83bf4befe662340e278acaad82f,-46.6005821,22.3647919
2255,2256,G0452__S01__seed_0307,G0452,tackle_box_with_simple_hinged_lid,1,builtin_no_picture,builtin_no_picture,seed_0307,307,#b87878,/mnt/zsn/lyb/arti-skill/exp/uniform531_n5_studio_256_v1/G0452__S01__seed_0307__tackle_box_with_simple_hinged_lid.png,88082,aa57c60b916379218b555da265acfb0be5ec517b8f7855c6a8a29bcd72054627,-26.4566536,-6.25243568
2256,2257,G0452__S02__seed_0462,G0452,tackle_box_with_simple_hinged_lid,2,builtin_no_picture,builtin_no_picture,seed_0462,462,#b87878,/mnt/zsn/lyb/arti-skill/exp/uniform531_n5_studio_256_v1/G0452__S02__seed_0462__tackle_box_with_simple_hinged_lid.png,82713,80f580563064227d41beb068c8a3f09f64523e0feb615f5a08c005b22e2f2bfd,-25.7576847,-6.43765402
2257,2258,G0452__S03__seed_1139,G0452,tackle_box_with_simple_hinged_lid,3,builtin_no_picture,builtin_no_picture,seed_1139,1139,#b87878,/mnt/zsn/lyb/arti-skill/exp/uniform531_n5_studio_256_v1/G0452__S03__seed_1139__tackle_box_with_simple_hinged_lid.png,82724,6307de3e9617f209cb67b7d3d481303d7678b9a0ac782d3ee47412b0f8973a08,-32.3965912,-5.85221481
2258,2259,G0452__S04__seed_0202,G0452,tackle_box_with_simple_hinged_lid,4,builtin_no_picture,builtin_no_picture,seed_0202,202,#b87878,/mnt/zsn/lyb/arti-skill/exp/uniform531_n5_studio_256_v1/G0452__S04__seed_0202__tackle_box_with_simple_hinged_lid.png,85051,36bc27754ae40895260806e11ca80be6c0b9e5c9a8efc0a89bb7648b4c6c86d9,-27.6741142,-6.4383626
2259,2260,G0452__S05__seed_0622,G0452,tackle_box_with_simple_hinged_lid,5,builtin_no_picture,builtin_no_picture,seed_0622,622,#b87878,/mnt/zsn/lyb/arti-skill/exp/uniform531_n5_studio_256_v1/G0452__S05__seed_0622__tackle_box_with_simple_hinged_lid.png,82310,c95027d2c27d325ef5393a5980f70fe2c75d31772ca0bef02245d19c7fd684ea,-27.5858269,-5.63248253
2260,2261,G0453__S01__seed_0016,G0453,tailor_s_dummy,1,picture_backed,Textiles_Fabric,seed_0016,16,#e84838,/mnt/zsn/lyb/arti-skill/exp/uniform531_n5_studio_256_v1/G0453__S01__seed_0016__tailor_s_dummy.png,76321,3b0e9314f03e0c6b1d45e42c766b2f7bec899f7427b7105b9e1884aadf73eeb4,30.5787182,-28.7493572
2261,2262,G0453__S02__seed_0056,G0453,tailor_s_dummy,2,picture_backed,Textiles_Fabric,seed_0056,56,#e84838,/mnt/zsn/lyb/arti-skill/exp/uniform531_n5_studio_256_v1/G0453__S02__seed_0056__tailor_s_dummy.png,81350,85cbd3dbd50951aba9d45cb9e3de6679d4d566fcce19c994dd3745f9f42f793d,31.1101398,-28.7386475
2262,2263,G0453__S03__seed_0023,G0453,tailor_s_dummy,3,picture_backed,Textiles_Fabric,seed_0023,23,#e84838,/mnt/zsn/lyb/arti-skill/exp/uniform531_n5_studio_256_v1/G0453__S03__seed_0023__tailor_s_dummy.png,74883,8739f6530dbf08d961a315733fff6c96a0496b8664c9480afb53a06473354fcd,29.9711895,-28.7428474
2263,2264,G0453__S04__seed_0054,G0453,tailor_s_dummy,4,picture_backed,Textiles_Fabric,seed_0054,54,#e84838,/mnt/zsn/lyb/arti-skill/exp/uniform531_n5_studio_256_v1/G0453__S04__seed_0054__tailor_s_dummy.png,75774,81d8a5824d415dc0daa4aac35352328be2a951b082fee22d9552bdf54919f485,30.1245384,-28.6819153
2264,2265,G0453__S05__seed_0012,G0453,tailor_s_dummy,5,picture_backed,Textiles_Fabric,seed_0012,12,#e84838,/mnt/zsn/lyb/arti-skill/exp/uniform531_n5_studio_256_v1/G0453__S05__seed_0012__tailor_s_dummy.png,74285,329c2f4a851538234b9776285338874a8eb36c0419c6d0428ff8a01435383c35,30.3732624,-28.6750889
2265,2266,G0454__S01__seed_0345,G0454,Technology_Audio_Device,1,picture_backed,Technology,seed_0345,345,#981858,/mnt/zsn/lyb/arti-skill/exp/uniform531_n5_studio_256_v1/G0454__S01__seed_0345__Technology_Audio_Device.png,89245,e8f5ad781a9a19453c481f357e7f25b0b3a8df065a6330a8ec4eadce4ed19d6b,-24.9522152,-11.9419737
2266,2267,G0454__S02__seed_1460,G0454,Technology_Audio_Device,2,picture_backed,Technology,seed_1460,1460,#981858,/mnt/zsn/lyb/arti-skill/exp/uniform531_n5_studio_256_v1/G0454__S02__seed_1460__Technology_Audio_Device.png,85361,b28c0a3418b5fe258b7eaa754c9cc014b7ff5308ce54f029aae4bcfda334e5ce,-21.0337601,-20.747963
2267,2268,G0454__S03__seed_1602,G0454,Technology_Audio_Device,3,picture_backed,Technology,seed_1602,1602,#981858,/mnt/zsn/lyb/arti-skill/exp/uniform531_n5_studio_256_v1/G0454__S03__seed_1602__Technology_Audio_Device.png,82491,b1e52cc1ea776d84daea98871e3eda3df728b5858b9176287599075779f18dd7,-24.9143753,-12.0025644
2268,2269,G0454__S04__seed_1733,G0454,Technology_Audio_Device,4,picture_backed,Technology,seed_1733,1733,#981858,/mnt/zsn/lyb/arti-skill/exp/uniform531_n5_studio_256_v1/G0454__S04__seed_1733__Technology_Audio_Device.png,94324,8a642e081e519f2a517ae21fb68669d6578a10e2f6c7c3d438d4f496763bc001,-52.1618004,-14.9266205
2269,2270,G0454__S05__seed_1249,G0454,Technology_Audio_Device,5,picture_backed,Technology,seed_1249,1249,#981858,/mnt/zsn/lyb/arti-skill/exp/uniform531_n5_studio_256_v1/G0454__S05__seed_1249__Technology_Audio_Device.png,85255,bd0d18cc03c7eb36b1057ec6d1724079e621f08f14ab16091b57aafc55958691,-21.0401478,-20.7397423
2270,2271,G0455__S01__seed_0063,G0455,Technology_Conference_Phone,1,picture_backed,Technology,seed_0063,63,#685838,/mnt/zsn/lyb/arti-skill/exp/uniform531_n5_studio_256_v1/G0455__S01__seed_0063__Technology_Conference_Phone.png,74336,4b2401d9e915059d19e532028b03a42917db16680c330e51d6c961229b90afa7,-2.55613828,-17.2787933
2271,2272,G0455__S02__seed_0164,G0455,Technology_Conference_Phone,2,picture_backed,Technology,seed_0164,164,#685838,/mnt/zsn/lyb/arti-skill/exp/uniform531_n5_studio_256_v1/G0455__S02__seed_0164__Technology_Conference_Phone.png,79164,5475142f0b0646fedd0f60b64a46d8e85194d1cbc75503c161aac6d94937ec32,-10.6970158,5.90433979
2272,2273,G0455__S03__seed_0032,G0455,Technology_Conference_Phone,3,picture_backed,Technology,seed_0032,32,#685838,/mnt/zsn/lyb/arti-skill/exp/uniform531_n5_studio_256_v1/G0455__S03__seed_0032__Technology_Conference_Phone.png,81792,72117a13b0c70e293e294b4473bac632661799f083128cd9ca47b6485dc90e1b,-11.181901,7.49593401
2273,2274,G0455__S04__seed_0128,G0455,Technology_Conference_Phone,4,picture_backed,Technology,seed_0128,128,#685838,/mnt/zsn/lyb/arti-skill/exp/uniform531_n5_studio_256_v1/G0455__S04__seed_0128__Technology_Conference_Phone.png,75443,ca7489fe4bdae8ec221e1a6ca56825c6edec9cd71ccc93f13852f8e7e9442faf,-12.4772091,12.9383984
2274,2275,G0455__S05__seed_0168,G0455,Technology_Conference_Phone,5,picture_backed,Technology,seed_0168,168,#685838,/mnt/zsn/lyb/arti-skill/exp/uniform531_n5_studio_256_v1/G0455__S05__seed_0168__Technology_Conference_Phone.png,74650,caed3765bd4776bf46477508fa731216af2817e389ab6701acfc4e083c4865fa,-10.7361383,5.68551731
2275,2276,G0456__S01__seed_0734,G0456,Technology_Flashlight,1,picture_backed,Technology,seed_0734,798,#d83898,/mnt/zsn/lyb/arti-skill/exp/uniform531_n5_studio_256_v1/G0456__S01__seed_0734__Technology_Flashlight.png,78621,f356fe79463c11022740fee2a8da3e8716a1e9cfa1253bd523770e0c36fb918d,47.8915939,-29.033577
2276,2277,G0456__S02__seed_0548,G0456,Technology_Flashlight,2,picture_backed,Technology,seed_0548,600,#d83898,/mnt/zsn/lyb/arti-skill/exp/uniform531_n5_studio_256_v1/G0456__S02__seed_0548__Technology_Flashlight.png,76325,7459c31d8c8889a55234e36855a73cff230226ed71eb8bddc1b65217930177d6,49.0131226,-28.2818336
2277,2278,G0456__S03__seed_0473,G0456,Technology_Flashlight,3,picture_backed,Technology,seed_0473,520,#d83898,/mnt/zsn/lyb/arti-skill/exp/uniform531_n5_studio_256_v1/G0456__S03__seed_0473__Technology_Flashlight.png,81944,08fc27f2092c390030902f94f6f206d5206833af7dd38541929ad8c223672bfb,47.6907845,-29.7552891
2278,2279,G0456__S04__seed_1010,G0456,Technology_Flashlight,4,picture_backed,Technology,seed_1010,1103,#d83898,/mnt/zsn/lyb/arti-skill/exp/uniform531_n5_studio_256_v1/G0456__S04__seed_1010__Technology_Flashlight.png,82029,810410db0d92be4c108cc4afe7ef29863db56b339332cbe7e7a104b79630c9a9,46.897522,-30.1268673
2279,2280,G0456__S05__seed_1063,G0456,Technology_Flashlight,5,picture_backed,Technology,seed_1063,1158,#d83898,/mnt/zsn/lyb/arti-skill/exp/uniform531_n5_studio_256_v1/G0456__S05__seed_1063__Technology_Flashlight.png,79588,62f0141d30ff231e18b80b21f8724e7be9898e13e7906243be034ff5ffcb8d52,47.503643,-29.4821453
2280,2281,G0457__S01__seed_0845,G0457,Technology_Graphics_Card,1,picture_backed,Technology,seed_0845,891,#a858d8,/mnt/zsn/lyb/arti-skill/exp/uniform531_n5_studio_256_v1/G0457__S01__seed_0845__Technology_Graphics_Card.png,78971,98fbb0ae738ec2e9b9c2c5d61cbdf9054c675bf1a4fb8a8688fea8634e71f7cb,-21.4428024,2.89967465
2281,2282,G0457__S02__seed_0198,G0457,Technology_Graphics_Card,2,picture_backed,Technology,seed_0198,208,#a858d8,/mnt/zsn/lyb/arti-skill/exp/uniform531_n5_studio_256_v1/G0457__S02__seed_0198__Technology_Graphics_Card.png,83291,bc197f3660c1bbbaf53834901472b19c34bb0bfa889bd8855d8d9cc418b75ff6,-21.2374992,2.07990122
2282,2283,G0457__S03__seed_0411,G0457,Technology_Graphics_Card,3,picture_backed,Technology,seed_0411,429,#a858d8,/mnt/zsn/lyb/arti-skill/exp/uniform531_n5_studio_256_v1/G0457__S03__seed_0411__Technology_Graphics_Card.png,83363,fe1f8d997d88d192e1a65aee897d4cb754d14e96cc9edd648318267783caacfb,-20.3464527,1.6651032
2283,2284,G0457__S04__seed_0688,G0457,Technology_Graphics_Card,4,picture_backed,Technology,seed_0688,724,#a858d8,/mnt/zsn/lyb/arti-skill/exp/uniform531_n5_studio_256_v1/G0457__S04__seed_0688__Technology_Graphics_Card.png,86849,3422fb8d515457c5648f3c7a89ad2d9c5b5d4e54f55a711b33b146ae2695717f,-20.5688934,1.55206633
2284,2285,G0457__S05__seed_0891,G0457,Technology_Graphics_Card,5,picture_backed,Technology,seed_0891,937,#a858d8,/mnt/zsn/lyb/arti-skill/exp/uniform531_n5_studio_256_v1/G0457__S05__seed_0891__Technology_Graphics_Card.png,85431,d587adf18fd8c04114b61e76e018b6171628e51bdef067e5a85fb139f80bcb8a,-20.4242287,1.45581162
2285,2286,G0458__S01__seed_0027,G0458,Technology_Keyboard,1,picture_backed,Technology,seed_0027,27,#6868c8,/mnt/zsn/lyb/arti-skill/exp/uniform531_n5_studio_256_v1/G0458__S01__seed_0027__Technology_Keyboard.png,79577,cc97c8e6185bbdb6b08df6d097685965e6ddf933f21d96e3a31c52389e178d06,-14.1097851,10.2298546
2286,2287,G0458__S02__seed_0087,G0458,Technology_Keyboard,2,picture_backed,Technology,seed_0087,87,#6868c8,/mnt/zsn/lyb/arti-skill/exp/uniform531_n5_studio_256_v1/G0458__S02__seed_0087__Technology_Keyboard.png,74281,0e7dfc5cd2ca343c1deb13fb7156f9606bf3d41c2a95a4cdaebc26e7fe963178,-14.0121288,10.2904062
2287,2288,G0458__S03__seed_0063,G0458,Technology_Keyboard,3,picture_backed,Technology,seed_0063,63,#6868c8,/mnt/zsn/lyb/arti-skill/exp/uniform531_n5_studio_256_v1/G0458__S03__seed_0063__Technology_Keyboard.png,74603,54a74fecaba97f6b5e162ec88f8a3d06a7da6c2a5942bc7dd031e10417c5d955,-12.9784908,10.7439051
2288,2289,G0458__S04__seed_0047,G0458,Technology_Keyboard,4,picture_backed,Technology,seed_0047,47,#6868c8,/mnt/zsn/lyb/arti-skill/exp/uniform531_n5_studio_256_v1/G0458__S04__seed_0047__Technology_Keyboard.png,81136,c139f5b96178c34219f227047ec3606456461087ab672e8bac54bf2e06b28f90,-15.1921425,10.2246132
2289,2290,G0458__S05__seed_0070,G0458,Technology_Keyboard,5,picture_backed,Technology,seed_0070,70,#6868c8,/mnt/zsn/lyb/arti-skill/exp/uniform531_n5_studio_256_v1/G0458__S05__seed_0070__Technology_Keyboard.png,80446,d32f6765cb0d86b434da43824f59330f032e231c2042aef95c4a4441d80763fe,-13.0871735,10.641674
2290,2291,G0459__S01__seed_0033,G0459,Technology_Laptop,1,picture_backed,Technology,seed_0033,33,#c868e8,/mnt/zsn/lyb/arti-skill/exp/uniform531_n5_studio_256_v1/G0459__S01__seed_0033__Technology_Laptop.png,83548,f0842221cd45e4db8b3f2e6c4dcc491a2ec6a0637439b57ada3d7c8ab0b0db73,-17.8824825,14.9259377
2291,2292,G0459__S02__seed_0025,G0459,Technology_Laptop,2,picture_backed,Technology,seed_0025,25,#c868e8,/mnt/zsn/lyb/arti-skill/exp/uniform531_n5_studio_256_v1/G0459__S02__seed_0025__Technology_Laptop.png,97295,425500c015b7b17683d61a8846ec482c4e4699c6b243cb7167ab7f7bbb7d5063,-17.4753609,14.4291534
2292,2293,G0459__S03__seed_0027,G0459,Technology_Laptop,3,picture_backed,Technology,seed_0027,27,#c868e8,/mnt/zsn/lyb/arti-skill/exp/uniform531_n5_studio_256_v1/G0459__S03__seed_0027__Technology_Laptop.png,89420,86aa7bfec732a013c61caa11b01053faf1ef3d8f128b4cc5ff8565d38be42479,-17.3679886,14.3026714
2293,2294,G0459__S04__seed_0022,G0459,Technology_Laptop,4,picture_backed,Technology,seed_0022,22,#c868e8,/mnt/zsn/lyb/arti-skill/exp/uniform531_n5_studio_256_v1/G0459__S04__seed_0022__Technology_Laptop.png,84161,db24764609a03bbda163d2d3da9322d662bbe11ba025877920dd4648b52c1a7b,-17.7342148,14.942152
2294,2295,G0459__S05__seed_0039,G0459,Technology_Laptop,5,picture_backed,Technology,seed_0039,39,#c868e8,/mnt/zsn/lyb/arti-skill/exp/uniform531_n5_studio_256_v1/G0459__S05__seed_0039__Technology_Laptop.png,85203,d2e4a58a1e1ea059361efc991656925c1f96c4608b55ca68648d0db9774a6caa,-17.0978813,14.1137342
2295,2296,G0460__S01__seed_0024,G0460,Technology_Mobile_Phone,1,picture_backed,Technology,seed_0024,24,#48b8a8,/mnt/zsn/lyb/arti-skill/exp/uniform531_n5_studio_256_v1/G0460__S01__seed_0024__Technology_Mobile_Phone.png,79349,6b04bdb5be433260015372a8fda12d76ed91ce32e8909b758d7d7c41ad808518,-12.1788883,6.83273411
2296,2297,G0460__S02__seed_0031,G0460,Technology_Mobile_Phone,2,picture_backed,Technology,seed_0031,31,#48b8a8,/mnt/zsn/lyb/arti-skill/exp/uniform531_n5_studio_256_v1/G0460__S02__seed_0031__Technology_Mobile_Phone.png,82922,9cd5b31bc7bf48ff7d9629fb81f412506925f63052b03245c9fd376330031480,-13.0262861,7.64794731
2297,2298,G0460__S03__seed_0002,G0460,Technology_Mobile_Phone,3,picture_backed,Technology,seed_0002,2,#48b8a8,/mnt/zsn/lyb/arti-skill/exp/uniform531_n5_studio_256_v1/G0460__S03__seed_0002__Technology_Mobile_Phone.png,81064,fd68b96e3f6555695d0879b8abf40c3c65cf4ac16f189f12c1cb1560836e14ca,-12.1880894,7.09554434
2298,2299,G0460__S04__seed_0010,G0460,Technology_Mobile_Phone,4,picture_backed,Technology,seed_0010,10,#48b8a8,/mnt/zsn/lyb/arti-skill/exp/uniform531_n5_studio_256_v1/G0460__S04__seed_0010__Technology_Mobile_Phone.png,74751,b7d41f7f52d9a224a0743a508bc355821ff2109578cac0cd28a9603ca5d065d1,-13.9549818,4.62004328
2299,2300,G0460__S05__seed_0003,G0460,Technology_Mobile_Phone,5,picture_backed,Technology,seed_0003,3,#48b8a8,/mnt/zsn/lyb/arti-skill/exp/uniform531_n5_studio_256_v1/G0460__S05__seed_0003__Technology_Mobile_Phone.png,80105,11d82e283bdc7b3603f00ccc8647abcae8707be7a4c40498deec79c506854754,-13.3702707,7.35337257
2300,2301,G0461__S01__seed_0006,G0461,Technology_Monitor,1,picture_backed,Technology,seed_0006,7,#a87868,/mnt/zsn/lyb/arti-skill/exp/uniform531_n5_studio_256_v1/G0461__S01__seed_0006__Technology_Monitor.png,77271,2a6d920b06effc4eb2e57c41acace82197509c18ca554b37dbea0358bf0239d5,-3.44382858,0.629466593
2301,2302,G0461__S02__seed_0009,G0461,Technology_Monitor,2,picture_backed,Technology,seed_0009,11,#a87868,/mnt/zsn/lyb/arti-skill/exp/uniform531_n5_studio_256_v1/G0461__S02__seed_0009__Technology_Monitor.png,74941,5b1d566c59b7622c9b69ac29bf9555c0488e83984264ec34fe28c3a96560beee,-3.49716282,0.658236265
2302,2303,G0461__S03__seed_0001,G0461,Technology_Monitor,3,picture_backed,Technology,seed_0001,1,#a87868,/mnt/zsn/lyb/arti-skill/exp/uniform531_n5_studio_256_v1/G0461__S03__seed_0001__Technology_Monitor.png,77805,101ab1b9164d1f8afc3581f8a32595af772def653f7d8f404a8610dd5fbfe5e8,-2.96740294,1.47874677
2303,2304,G0461__S04__seed_0014,G0461,Technology_Monitor,4,picture_backed,Technology,seed_0014,16,#a87868,/mnt/zsn/lyb/arti-skill/exp/uniform531_n5_studio_256_v1/G0461__S04__seed_0014__Technology_Monitor.png,77469,de0362f4e1dc0526a383a677493adff85439a3a4deff132897a30a419f3b3dce,-2.77488494,1.79784799
2304,2305,G0461__S05__seed_0017,G0461,Technology_Monitor,5,picture_backed,Technology,seed_0017,19,#a87868,/mnt/zsn/lyb/arti-skill/exp/uniform531_n5_studio_256_v1/G0461__S05__seed_0017__Technology_Monitor.png,76359,96f3ea8dbdd94bcdfd8c22378ef2c6b1ccfbcc4cf4e4baab05b00cd5977cdf39,-4.55366373,1.04662848
2305,2306,G0462__S01__seed_0114,G0462,Technology_Printer,1,picture_backed,Technology,seed_0114,129,#9888c8,/mnt/zsn/lyb/arti-skill/exp/uniform531_n5_studio_256_v1/G0462__S01__seed_0114__Technology_Printer.png,82372,55251baec6a2c5db1542634b12b73cadd766ae1f6305456f58d226f729eb777c,-23.2086487,8.35293865
2306,2307,G0462__S02__seed_0076,G0462,Technology_Printer,2,picture_backed,Technology,seed_0076,84,#9888c8,/mnt/zsn/lyb/arti-skill/exp/uniform531_n5_studio_256_v1/G0462__S02__seed_0076__Technology_Printer.png,81059,2d6920e1aa755caaa7387a037fb3568b43998b4f28dff0efb6e87d704fa11562,-23.0338173,8.41719532
2307,2308,G0462__S03__seed_0065,G0462,Technology_Printer,3,picture_backed,Technology,seed_0065,73,#9888c8,/mnt/zsn/lyb/arti-skill/exp/uniform531_n5_studio_256_v1/G0462__S03__seed_0065__Technology_Printer.png,80918,318987f23c84ff00dfb9b0503eafce883ecea4039bd8f25007c6ca705123c53f,-22.0536919,8.45429897
2308,2309,G0462__S04__seed_0134,G0462,Technology_Printer,4,picture_backed,Technology,seed_0134,152,#9888c8,/mnt/zsn/lyb/arti-skill/exp/uniform531_n5_studio_256_v1/G0462__S04__seed_0134__Technology_Printer.png,80573,b0c7bdba8d10ed56292b65e8c626bee29af4d618a64314f04d11b569a6ffe49e,-22.3678055,8.43677044
2309,2310,G0462__S05__seed_0004,G0462,Technology_Printer,5,picture_backed,Technology,seed_0004,4,#9888c8,/mnt/zsn/lyb/arti-skill/exp/uniform531_n5_studio_256_v1/G0462__S05__seed_0004__Technology_Printer.png,82730,0ee40043b02d2eb5c7cc36e8f15f081acac18b76ef017b2a2221ed0855b260ad,-22.2831497,8.49228001
2310,2311,G0463__S01__seed_0009,G0463,Technology_Remote_Control,1,picture_backed,Technology,seed_0009,9,#38b848,/mnt/zsn/lyb/arti-skill/exp/uniform531_n5_studio_256_v1/G0463__S01__seed_0009__Technology_Remote_Control.png,77892,dd44a5c7cac0bb76d9e018faddcf24811f5ac4470bc820125ef9d58b17b7000e,-14.7250185,5.71258974
2311,2312,G0463__S02__seed_0061,G0463,Technology_Remote_Control,2,picture_backed,Technology,seed_0061,61,#38b848,/mnt/zsn/lyb/arti-skill/exp/uniform531_n5_studio_256_v1/G0463__S02__seed_0061__Technology_Remote_Control.png,75498,13f3e3d46d11818fe00b0b48832f50668fa5473f0273d2af7df6e08b55a151fc,-12.6806288,4.88605595
2312,2313,G0463__S03__seed_0040,G0463,Technology_Remote_Control,3,picture_backed,Technology,seed_0040,40,#38b848,/mnt/zsn/lyb/arti-skill/exp/uniform531_n5_studio_256_v1/G0463__S03__seed_0040__Technology_Remote_Control.png,76048,7b39fc061d1eac5081685ed9aa1606e978870beb24a87b71e4d91393f0d81fe1,-11.6279993,5.79368258
2313,2314,G0463__S04__seed_0075,G0463,Technology_Remote_Control,4,picture_backed,Technology,seed_0075,75,#38b848,/mnt/zsn/lyb/arti-skill/exp/uniform531_n5_studio_256_v1/G0463__S04__seed_0075__Technology_Remote_Control.png,78935,614461388b76f0c36b6dbeabede51515d207f7ece95b9a7974d75186ec0a1406,-14.332921,5.85779619
2314,2315,G0463__S05__seed_0035,G0463,Technology_Remote_Control,5,picture_backed,Technology,seed_0035,35,#38b848,/mnt/zsn/lyb/arti-skill/exp/uniform531_n5_studio_256_v1/G0463__S05__seed_0035__Technology_Remote_Control.png,69846,e33e0d6cb162d733b556e3259554c9e56af51b8da93347535086a2ec026c9f13,-12.4238596,4.46309996
2315,2316,G0464__S01__seed_0100,G0464,Technology_Security_Camera,1,picture_backed,Technology,seed_0100,100,#e88878,/mnt/zsn/lyb/arti-skill/exp/uniform531_n5_studio_256_v1/G0464__S01__seed_0100__Technology_Security_Camera.png,76220,79ab859135b64ead95fd1d46aee4df933c8a7df535f856b6c294c242b5098c95,43.4789581,-18.0452175
2316,2317,G0464__S02__seed_0180,G0464,Technology_Security_Camera,2,picture_backed,Technology,seed_0180,180,#e88878,/mnt/zsn/lyb/arti-skill/exp/uniform531_n5_studio_256_v1/G0464__S02__seed_0180__Technology_Security_Camera.png,80418,d8d9199af4b6093a5ecd7b7759d72d13852a8a151f7987a7dd7dcc77fd6568e7,17.4435425,-6.45435762
2317,2318,G0464__S03__seed_0042,G0464,Technology_Security_Camera,3,picture_backed,Technology,seed_0042,42,#e88878,/mnt/zsn/lyb/arti-skill/exp/uniform531_n5_studio_256_v1/G0464__S03__seed_0042__Technology_Security_Camera.png,80414,cb74bd2ed4e7a57c6ceb49f880bca313860d5901bf8d7d86da4794155a92d249,18.0203266,-6.35873747
2318,2319,G0464__S04__seed_0025,G0464,Technology_Security_Camera,4,picture_backed,Technology,seed_0025,25,#e88878,/mnt/zsn/lyb/arti-skill/exp/uniform531_n5_studio_256_v1/G0464__S04__seed_0025__Technology_Security_Camera.png,76511,94fac6599d98068a43e9de2c050a885eb9555b25049022e8734a8dbb33846a6c,17.0738449,-6.89471149
2319,2320,G0464__S05__seed_0149,G0464,Technology_Security_Camera,5,picture_backed,Technology,seed_0149,149,#e88878,/mnt/zsn/lyb/arti-skill/exp/uniform531_n5_studio_256_v1/G0464__S05__seed_0149__Technology_Security_Camera.png,82234,a49b82d60861b681f8fbf0a7de8e8892d032d9b4961b8866a59f94988965cc86,16.8611679,-7.17962742
2320,2321,G0465__S01__seed_0004,G0465,Technology_Telescope,1,picture_backed,Technology,seed_0004,4,#788848,/mnt/zsn/lyb/arti-skill/exp/uniform531_n5_studio_256_v1/G0465__S01__seed_0004__Technology_Telescope.png,79936,1b847bb3a1fe7f2523e4c82162eb9b4546e2134eab676fde4b97a5a3314f18e1,43.3277283,-21.1668663
2321,2322,G0465__S02__seed_0039,G0465,Technology_Telescope,2,picture_backed,Technology,seed_0039,41,#788848,/mnt/zsn/lyb/arti-skill/exp/uniform531_n5_studio_256_v1/G0465__S02__seed_0039__Technology_Telescope.png,85230,67b5f266afb32f3d7e1720c56f1c9600201c93ed58a2c2aebbec8314ede31279,43.9835243,-21.6684513
2322,2323,G0465__S03__seed_0054,G0465,Technology_Telescope,3,picture_backed,Technology,seed_0054,56,#788848,/mnt/zsn/lyb/arti-skill/exp/uniform531_n5_studio_256_v1/G0465__S03__seed_0054__Technology_Telescope.png,78639,7981a460fc794ef65900c87bff0c4e05ea2e211452d8905902ba2a61ee5662c8,43.3098221,-20.6163597
2323,2324,G0465__S04__seed_0042,G0465,Technology_Telescope,4,picture_backed,Technology,seed_0042,44,#788848,/mnt/zsn/lyb/arti-skill/exp/uniform531_n5_studio_256_v1/G0465__S04__seed_0042__Technology_Telescope.png,78652,6294b190d4249a554d2834e6a3c560e45eb3addf11f1f97836d70d9772c06081,42.4565697,-19.8874226
2324,2325,G0465__S05__seed_0008,G0465,Technology_Telescope,5,picture_backed,Technology,seed_0008,8,#788848,/mnt/zsn/lyb/arti-skill/exp/uniform531_n5_studio_256_v1/G0465__S05__seed_0008__Technology_Telescope.png,78287,7ff848c5f21aa6a3a8279d9b290e6518f4cbfffbd17a4b4d42dae19cf54163b3,43.3425674,-20.5796204
2325,2326,G0466__S01__seed_0308,G0466,telescoping_boom,1,builtin_no_picture,builtin_no_picture,seed_0308,3828,#e878b8,/mnt/zsn/lyb/arti-skill/exp/uniform531_n5_studio_256_v1/G0466__S01__seed_0308__telescoping_boom.png,77696,19cfa07ec92c182e73ee19f690ceef0a048ceb6246ba6002ce1c5ff7db7d2ab0,20.7412777,16.0539837
2326,2327,G0466__S02__seed_0399,G0466,telescoping_boom,2,builtin_no_picture,builtin_no_picture,seed_0399,4794,#e878b8,/mnt/zsn/lyb/arti-skill/exp/uniform531_n5_studio_256_v1/G0466__S02__seed_0399__telescoping_boom.png,76085,8307c6b037647556d5d23f080c933dbde1c6a98870dcd626ab79efe955f03644,49.0520325,-9.22353458
2327,2328,G0466__S03__seed_0210,G0466,telescoping_boom,3,builtin_no_picture,builtin_no_picture,seed_0210,2603,#e878b8,/mnt/zsn/lyb/arti-skill/exp/uniform531_n5_studio_256_v1/G0466__S03__seed_0210__telescoping_boom.png,81537,72efab4289a560f4bf8aa9583bac05e0292ed530114ea9a887e1220f3633935e,30.6655827,22.9269619
2328,2329,G0466__S04__seed_0498,G0466,telescoping_boom,4,builtin_no_picture,builtin_no_picture,seed_0498,6058,#e878b8,/mnt/zsn/lyb/arti-skill/exp/uniform531_n5_studio_256_v1/G0466__S04__seed_0498__telescoping_boom.png,72665,1a068b43927cb708806cb29def3486f0039436933088f13fe4c3c1c6a911e536,49.2436714,-10.943574
2329,2330,G0466__S05__seed_0557,G0466,telescoping_boom,5,builtin_no_picture,builtin_no_picture,seed_0557,6892,#e878b8,/mnt/zsn/lyb/arti-skill/exp/uniform531_n5_studio_256_v1/G0466__S05__seed_0557__telescoping_boom.png,78184,e3dd4be965aa290b446b225cce696fe62fb969d0f40fee32c5746c7fcb050596,50.9176216,3.34648085
2330,2331,G0467__S01__seed_0078,G0467,telescoping_fishing_rod,1,picture_backed,0611,seed_0078,78,#d89858,/mnt/zsn/lyb/arti-skill/exp/uniform531_n5_studio_256_v1/G0467__S01__seed_0078__telescoping_fishing_rod.png,68821,72372e3c0a1c3cf3b0c634f97676063a75cbe4d704d8bc0bc1d1ae92252e5a92,57.3427734,-13.0904942
2331,2332,G0467__S02__seed_0009,G0467,telescoping_fishing_rod,2,picture_backed,0611,seed_0009,9,#d89858,/mnt/zsn/lyb/arti-skill/exp/uniform531_n5_studio_256_v1/G0467__S02__seed_0009__telescoping_fishing_rod.png,69582,9510e6a02ca621fff9dd109addf90b482cc5bd050371a6324518a45895da358c,57.4712982,-14.5254021
2332,2333,G0467__S03__seed_0063,G0467,telescoping_fishing_rod,3,picture_backed,0611,seed_0063,63,#d89858,/mnt/zsn/lyb/arti-skill/exp/uniform531_n5_studio_256_v1/G0467__S03__seed_0063__telescoping_fishing_rod.png,69292,7f6868b539a4993cb649d913d8075d5de26e59126d404bd13d38ee5d3d7bc3d0,57.5159492,-14.3045464
2333,2334,G0467__S04__seed_0062,G0467,telescoping_fishing_rod,4,picture_backed,0611,seed_0062,62,#d89858,/mnt/zsn/lyb/arti-skill/exp/uniform531_n5_studio_256_v1/G0467__S04__seed_0062__telescoping_fishing_rod.png,68960,7d64be99fea6dfd3bd1d774344ffefc41fe709eccdf9c335cab7232ce6caf1d3,57.4052238,-13.7312784
2334,2335,G0467__S05__seed_0024,G0467,telescoping_fishing_rod,5,picture_backed,0611,seed_0024,24,#d89858,/mnt/zsn/lyb/arti-skill/exp/uniform531_n5_studio_256_v1/G0467__S05__seed_0024__telescoping_fishing_rod.png,69855,af932cd261fc0542a2dd159e98d4b6612260631cb0066218ddb823985c29a623,57.5914879,-14.1045227
2335,2336,G0468__S01__seed_0018,G0468,telescoping_pointer,1,picture_backed,0611,seed_0018,18,#a81898,/mnt/zsn/lyb/arti-skill/exp/uniform531_n5_studio_256_v1/G0468__S01__seed_0018__telescoping_pointer.png,70850,cdc7aadf71089c839b3b622c9e2868132de34d9e712d0caff6581102d15026ca,51.5056076,-13.5121021
2336,2337,G0468__S02__seed_0022,G0468,telescoping_pointer,2,picture_backed,0611,seed_0022,22,#a81898,/mnt/zsn/lyb/arti-skill/exp/uniform531_n5_studio_256_v1/G0468__S02__seed_0022__telescoping_pointer.png,70224,113e49aa421b44f9c49e86ad5b35b15763c50de1ffb45f7f19b2d131a2690741,51.7228546,-13.9756126
2337,2338,G0468__S03__seed_0039,G0468,telescoping_pointer,3,picture_backed,0611,seed_0039,39,#a81898,/mnt/zsn/lyb/arti-skill/exp/uniform531_n5_studio_256_v1/G0468__S03__seed_0039__telescoping_pointer.png,69008,9663431441b88bba0e7f5d803b91cd154cbc349aaa84dd3abe6e259acbe20184,52.4243469,-13.2202978
2338,2339,G0468__S04__seed_0081,G0468,telescoping_pointer,4,picture_backed,0611,seed_0081,81,#a81898,/mnt/zsn/lyb/arti-skill/exp/uniform531_n5_studio_256_v1/G0468__S04__seed_0081__telescoping_pointer.png,68597,b2a3a71db2039564f06ab36cc7f0a020f1c0b1dd40d3c77dbaf0973afa809c08,52.7398491,-13.5141649
2339,2340,G0468__S05__seed_0076,G0468,telescoping_pointer,5,picture_backed,0611,seed_0076,76,#a81898,/mnt/zsn/lyb/arti-skill/exp/uniform531_n5_studio_256_v1/G0468__S05__seed_0076__telescoping_pointer.png,71166,a270255323ba1fdbc705e970bb6f696fa3b464dd74f237bc727b4789e04c80a3,51.6465912,-14.4811583
2340,2341,G0469__S01__seed_0023,G0469,threestage_telescoping_slide,1,builtin_no_picture,builtin_no_picture,seed_0023,23,#782898,/mnt/zsn/lyb/arti-skill/exp/uniform531_n5_studio_256_v1/G0469__S01__seed_0023__threestage_telescoping_slide.png,80137,a8f635456bb05725abfaaa1e65e8a5479e99773c5f9597cca767fe98d22bb700,-5.15217733,26.4582939
2341,2342,G0469__S02__seed_0119,G0469,threestage_telescoping_slide,2,builtin_no_picture,builtin_no_picture,seed_0119,119,#782898,/mnt/zsn/lyb/arti-skill/exp/uniform531_n5_studio_256_v1/G0469__S02__seed_0119__threestage_telescoping_slide.png,73857,3a1751302c4d7b4ec9706de245973faa4df1c834c82912de451e2fa6f1f56418,-4.48676205,21.9748154
2342,2343,G0469__S03__seed_0184,G0469,threestage_telescoping_slide,3,builtin_no_picture,builtin_no_picture,seed_0184,184,#782898,/mnt/zsn/lyb/arti-skill/exp/uniform531_n5_studio_256_v1/G0469__S03__seed_0184__threestage_telescoping_slide.png,78576,400dd5823e39c15569250d8e514eda0614055d2943a7474299333c083b10d958,-5.28227234,26.3946857
2343,2344,G0469__S04__seed_0082,G0469,threestage_telescoping_slide,4,builtin_no_picture,builtin_no_picture,seed_0082,82,#782898,/mnt/zsn/lyb/arti-skill/exp/uniform531_n5_studio_256_v1/G0469__S04__seed_0082__threestage_telescoping_slide.png,79324,2660a7fc62a2db9053e9a3403df50e0f594da95af2269d4b74e0bcfcdaf5c65c,-5.63602734,27.2497139
2344,2345,G0469__S05__seed_0169,G0469,threestage_telescoping_slide,5,builtin_no_picture,builtin_no_picture,seed_0169,169,#782898,/mnt/zsn/lyb/arti-skill/exp/uniform531_n5_studio_256_v1/G0469__S05__seed_0169__threestage_telescoping_slide.png,73098,cfba2e29c8a463b61f093c208b4b963e3cea2701fc3ca46c2f75909f5d0adf01,-6.04095888,21.0103455
2345,2346,G0470__S01__seed_0272,G0470,tractor,1,picture_backed,Agricultural,seed_0272,280,#487868,/mnt/zsn/lyb/arti-skill/exp/uniform531_n5_studio_256_v1/G0470__S01__seed_0272__tractor.png,85732,e7844e8344ad7eaf57d74f466f204f20ec621f7aff81022bb455bbcd70eb8649,16.0636253,59.1652641
2346,2347,G0470__S02__seed_0318,G0470,tractor,2,picture_backed,Agricultural,seed_0318,327,#487868,/mnt/zsn/lyb/arti-skill/exp/uniform531_n5_studio_256_v1/G0470__S02__seed_0318__tractor.png,85050,7d50b938ab2aaca79b57b70c2f8851f25c1c55e6151b85741d7f5538d128779a,16.0438328,59.8335991
2347,2348,G0470__S03__seed_0050,G0470,tractor,3,picture_backed,Agricultural,seed_0050,52,#487868,/mnt/zsn/lyb/arti-skill/exp/uniform531_n5_studio_256_v1/G0470__S03__seed_0050__tractor.png,84597,ac0cc4637d468a9b703cdc1831939e256d47a4a64d8ee9aef026a16c592e7561,15.9833879,58.9039001
2348,2349,G0470__S04__seed_0457,G0470,tractor,4,picture_backed,Agricultural,seed_0457,471,#487868,/mnt/zsn/lyb/arti-skill/exp/uniform531_n5_studio_256_v1/G0470__S04__seed_0457__tractor.png,83732,bbd3270cb53e94197805ef3cd77b9b3837513b73f2a48159c720186468cf6332,15.3050833,58.7429504
2349,2350,G0470__S05__seed_0567,G0470,tractor,5,picture_backed,Agricultural,seed_0567,585,#487868,/mnt/zsn/lyb/arti-skill/exp/uniform531_n5_studio_256_v1/G0470__S05__seed_0567__tractor.png,85088,515735bf49def84aca77f05f8e513251d41a5884d13deaaf7baff61c35e4f6dc,16.2308235,60.1106644
2350,2351,G0471__S01__seed_0920,G0471,traditional_windmill,1,builtin_no_picture,builtin_no_picture,seed_0920,933,#b81878,/mnt/zsn/lyb/arti-skill/exp/uniform531_n5_studio_256_v1/G0471__S01__seed_0920__traditional_windmill.png,82741,b142c0fe8bd9ad30c228844d263c23246d002ba279a9f1475f44750f9018ac24,11.467123,-11.645833
2351,2352,G0471__S02__seed_0756,G0471,traditional_windmill,2,builtin_no_picture,builtin_no_picture,seed_0756,767,#b81878,/mnt/zsn/lyb/arti-skill/exp/uniform531_n5_studio_256_v1/G0471__S02__seed_0756__traditional_windmill.png,83568,3659b9a0d0199f9f7f7ac01b26b820770596c474c7355f8952efd9bfc48a682e,11.3861599,-11.6238127
2352,2353,G0471__S03__seed_0898,G0471,traditional_windmill,3,builtin_no_picture,builtin_no_picture,seed_0898,910,#b81878,/mnt/zsn/lyb/arti-skill/exp/uniform531_n5_studio_256_v1/G0471__S03__seed_0898__traditional_windmill.png,84688,0327ec19449235840645901b7133e41ad60152b7bca4344ad5ed57e0c200324e,11.3476877,-11.6528902
2353,2354,G0471__S04__seed_0032,G0471,traditional_windmill,4,builtin_no_picture,builtin_no_picture,seed_0032,33,#b81878,/mnt/zsn/lyb/arti-skill/exp/uniform531_n5_studio_256_v1/G0471__S04__seed_0032__traditional_windmill.png,82551,a31d5700d4ac8242b4cb54a3af91c2f3f9a7f89abf1fa82e3bf513efb2a59211,11.4427261,-11.6620064
2354,2355,G0471__S05__seed_0943,G0471,traditional_windmill,5,builtin_no_picture,builtin_no_picture,seed_0943,956,#b81878,/mnt/zsn/lyb/arti-skill/exp/uniform531_n5_studio_256_v1/G0471__S05__seed_0943__traditional_windmill.png,86451,550a231d0ac5946896205c4a199ac72d580364afe87b422233af2a19e981c037,10.7974825,-11.1677837
2355,2356,G0472__S01__seed_0014,G0472,trekking_pole_collapsible,1,picture_backed,Camping_Outdoor Gear,seed_0014,14,#4858a8,/mnt/zsn/lyb/arti-skill/exp/uniform531_n5_studio_256_v1/G0472__S01__seed_0014__trekking_pole_collapsible.png,69914,64c7acb4ced6d7359e1aa7af429c2d8cb4024baf9e4fa257c44a045db91e09e0,57.3388863,-11.5648899
2356,2357,G0472__S02__seed_0015,G0472,trekking_pole_collapsible,2,picture_backed,Camping_Outdoor Gear,seed_0015,15,#4858a8,/mnt/zsn/lyb/arti-skill/exp/uniform531_n5_studio_256_v1/G0472__S02__seed_0015__trekking_pole_collapsible.png,68990,5f3111d58a5ae3bcd4a1810fd0bd9506f1ef3be03cb596fb1e0a67d405481f21,57.7414665,-12.2631025
2357,2358,G0472__S03__seed_0005,G0472,trekking_pole_collapsible,3,picture_backed,Camping_Outdoor Gear,seed_0005,5,#4858a8,/mnt/zsn/lyb/arti-skill/exp/uniform531_n5_studio_256_v1/G0472__S03__seed_0005__trekking_pole_collapsible.png,74050,2f46306ec1206ab8c7d197765227cd2ca654d357fe1aead0a1c79f618d8b4950,50.5189133,-10.2414322
2358,2359,G0472__S04__seed_0048,G0472,trekking_pole_collapsible,4,picture_backed,Camping_Outdoor Gear,seed_0048,48,#4858a8,/mnt/zsn/lyb/arti-skill/exp/uniform531_n5_studio_256_v1/G0472__S04__seed_0048__trekking_pole_collapsible.png,69049,11b91b91be53fe567f4d3764beb9614ac29be94e3411039aa912625d497e1ae9,56.6739578,-11.9380665
2359,2360,G0472__S05__seed_0056,G0472,trekking_pole_collapsible,5,picture_backed,Camping_Outdoor Gear,seed_0056,56,#4858a8,/mnt/zsn/lyb/arti-skill/exp/uniform531_n5_studio_256_v1/G0472__S05__seed_0056__trekking_pole_collapsible.png,68162,e75341d9d0f618acb869baf473c6f93afb7a87192a78cbb1b55570bf2609fbb5,57.3957062,-12.3825436
2360,2361,G0473__S01__seed_0025,G0473,tricycle,1,picture_backed,0611,seed_0025,25,#d87858,/mnt/zsn/lyb/arti-skill/exp/uniform531_n5_studio_256_v1/G0473__S01__seed_0025__tricycle.png,84736,5f097ba905424514f62b264ca384268489d71ec09bb3b012959773e244a6df91,12.7785749,55.4738083
2361,2362,G0473__S02__seed_0004,G0473,tricycle,2,picture_backed,0611,seed_0004,4,#d87858,/mnt/zsn/lyb/arti-skill/exp/uniform531_n5_studio_256_v1/G0473__S02__seed_0004__tricycle.png,83795,4729ae35f8f8e30e1a608cd6ec960e6ebd901d1a344a21f2f5ed26fcd06a521c,12.2088051,55.5334358
2362,2363,G0473__S03__seed_0045,G0473,tricycle,3,picture_backed,0611,seed_0045,46,#d87858,/mnt/zsn/lyb/arti-skill/exp/uniform531_n5_studio_256_v1/G0473__S03__seed_0045__tricycle.png,83368,5b0cfd172746b368f59f342a95beebdd3ebb6b77e5b764b385f99f07a9a93f5b,13.1054726,55.4497719
2363,2364,G0473__S04__seed_0235,G0473,tricycle,4,picture_backed,0611,seed_0235,238,#d87858,/mnt/zsn/lyb/arti-skill/exp/uniform531_n5_studio_256_v1/G0473__S04__seed_0235__tricycle.png,81345,713e2dc1736707883a081dc003519041691e449953a061a52465a2b232966325,13.2269268,55.3575554
2364,2365,G0473__S05__seed_0216,G0473,tricycle,5,picture_backed,0611,seed_0216,219,#d87858,/mnt/zsn/lyb/arti-skill/exp/uniform531_n5_studio_256_v1/G0473__S05__seed_0216__tricycle.png,84695,a90500e0e908c843359c5d7b3eecb73c229f1ccc653d023af3037adc1ead5d67,12.6200447,55.5650711
2365,2366,G0474__S01__seed_0007,G0474,tripod,1,picture_backed,0611,seed_0007,7,#d838e8,/mnt/zsn/lyb/arti-skill/exp/uniform531_n5_studio_256_v1/G0474__S01__seed_0007__tripod.png,72505,54300fddb8bd3e92e2f1ce4d07b2c1287759de2fc9aeaae0119e2149a818c7ca,39.1914978,-16.6234379
2366,2367,G0474__S02__seed_0000,G0474,tripod,2,picture_backed,0611,seed_0000,0,#d838e8,/mnt/zsn/lyb/arti-skill/exp/uniform531_n5_studio_256_v1/G0474__S02__seed_0000__tripod.png,70135,825a58dc42cfb340aa1dab4ce6a74aa01359c61d565911f2c5e61a3b71734ec0,52.0924988,14.8530931
2367,2368,G0474__S03__seed_0035,G0474,tripod,3,picture_backed,0611,seed_0035,37,#d838e8,/mnt/zsn/lyb/arti-skill/exp/uniform531_n5_studio_256_v1/G0474__S03__seed_0035__tripod.png,70907,add83228894e9b7693b071e15f3d19877f0f68297a42f1032909fb1e1780e20c,64.6283722,2.0870111
2368,2369,G0474__S04__seed_0028,G0474,tripod,4,picture_backed,0611,seed_0028,30,#d838e8,/mnt/zsn/lyb/arti-skill/exp/uniform531_n5_studio_256_v1/G0474__S04__seed_0028__tripod.png,71600,d328a013784bb1f1b4ba1b85c356a87bb443bab5e271625e596401623093b469,64.8632584,2.21473885
2369,2370,G0474__S05__seed_0037,G0474,tripod,5,picture_backed,0611,seed_0037,39,#d838e8,/mnt/zsn/lyb/arti-skill/exp/uniform531_n5_studio_256_v1/G0474__S05__seed_0037__tripod.png,72886,5684457f6e8aa49ba74e2decd07c78030ec96c1ef723fe351c19411ed982b146,64.9112549,1.77084911
2370,2371,G0475__S01__seed_0049,G0475,trombone,1,picture_backed,0611,seed_0049,49,#882838,/mnt/zsn/lyb/arti-skill/exp/uniform531_n5_studio_256_v1/G0475__S01__seed_0049__trombone.png,71772,bb4677ef0525fb0978eb3baaa88cff0f4a86cbd2e1a40939eecec759b7d4470e,46.2630196,33.4405975
2371,2372,G0475__S02__seed_0035,G0475,trombone,2,picture_backed,0611,seed_0035,35,#882838,/mnt/zsn/lyb/arti-skill/exp/uniform531_n5_studio_256_v1/G0475__S02__seed_0035__trombone.png,72247,6febcb78a92cfb4a39c9667e32f4a852e68a641b20d6ef929c36d67b80ac4807,46.251545,33.8447723
2372,2373,G0475__S03__seed_0042,G0475,trombone,3,picture_backed,0611,seed_0042,42,#882838,/mnt/zsn/lyb/arti-skill/exp/uniform531_n5_studio_256_v1/G0475__S03__seed_0042__trombone.png,71113,33b5544972db98b867d6dc01fa564eab8454bc1ba57d42b7f721204d1c4dfe77,46.2887993,32.9415207
2373,2374,G0475__S04__seed_0039,G0475,trombone,4,picture_backed,0611,seed_0039,39,#882838,/mnt/zsn/lyb/arti-skill/exp/uniform531_n5_studio_256_v1/G0475__S04__seed_0039__trombone.png,72673,5c06719776b3556611cbfc4410404354ec3d10172e50200494991f7e1c977f49,46.574192,33.832119
2374,2375,G0475__S05__seed_0029,G0475,trombone,5,picture_backed,0611,seed_0029,29,#882838,/mnt/zsn/lyb/arti-skill/exp/uniform531_n5_studio_256_v1/G0475__S05__seed_0029__trombone.png,72627,b71562b7dd3c6330d78e05df808af459038e93942e87b3c920712acf6e1abc2a,46.3514099,33.9691849
2375,2376,G0476__S01__seed_0021,G0476,trumpet,1,picture_backed,0611,seed_0021,21,#4868a8,/mnt/zsn/lyb/arti-skill/exp/uniform531_n5_studio_256_v1/G0476__S01__seed_0021__trumpet.png,79279,ed3afa72ab96b71e50bfdf4c3e87218e1bd3b8c51453cfa9a40e3638b5b7e98a,45.32341,34.1874657
2376,2377,G0476__S02__seed_0031,G0476,trumpet,2,picture_backed,0611,seed_0031,31,#4868a8,/mnt/zsn/lyb/arti-skill/exp/uniform531_n5_studio_256_v1/G0476__S02__seed_0031__trumpet.png,75702,5ebd0285a831e4e4e53d99cb82ae6c6c24985f0fe4e544729dc8e41d9d3747a4,45.3280525,34.0178757
2377,2378,G0476__S03__seed_0052,G0476,trumpet,3,picture_backed,0611,seed_0052,52,#4868a8,/mnt/zsn/lyb/arti-skill/exp/uniform531_n5_studio_256_v1/G0476__S03__seed_0052__trumpet.png,73405,12a4a80299b441a994fd2fa23df1ad4016429255ac65fd69489b986fba496687,45.3980255,33.5692253
2378,2379,G0476__S04__seed_0045,G0476,trumpet,4,picture_backed,0611,seed_0045,45,#4868a8,/mnt/zsn/lyb/arti-skill/exp/uniform531_n5_studio_256_v1/G0476__S04__seed_0045__trumpet.png,70971,aff4f1c809fca3f48a8b00d3a25e348fd6875fc0774c018ee6e7abbda85702e9,45.4725876,33.0779305
2379,2380,G0476__S05__seed_0023,G0476,trumpet,5,picture_backed,0611,seed_0023,23,#4868a8,/mnt/zsn/lyb/arti-skill/exp/uniform531_n5_studio_256_v1/G0476__S05__seed_0023__trumpet.png,78343,78e9389f9b7a390a75e061547e9a2ae6695cb2c304f2d61fc1b32c36267986d9,45.6175499,34.3037109
2380,2381,G0477__S01__seed_0018,G0477,tube_cutter,1,picture_backed,0611,seed_0018,19,#e87868,/mnt/zsn/lyb/arti-skill/exp/uniform531_n5_studio_256_v1/G0477__S01__seed_0018__tube_cutter.png,80790,2df8a31c8d18b9281f80b6d9b4516dce56e5f3cc537d28efc8f858e1452e50a7,19.6893158,-12.0471106
2381,2382,G0477__S02__seed_0037,G0477,tube_cutter,2,picture_backed,0611,seed_0037,48,#e87868,/mnt/zsn/lyb/arti-skill/exp/uniform531_n5_studio_256_v1/G0477__S02__seed_0037__tube_cutter.png,79119,7bca089bc911ddf909be905cce428357158bf6f0324e9becac9f33ad19b98e9c,19.7899513,-12.1443844
2382,2383,G0477__S03__seed_0047,G0477,tube_cutter,3,picture_backed,0611,seed_0047,59,#e87868,/mnt/zsn/lyb/arti-skill/exp/uniform531_n5_studio_256_v1/G0477__S03__seed_0047__tube_cutter.png,80701,f8e7be892602a73a26281842a039a1297b543d3c9eccaf49dadb0e5a197f4e5c,19.8447571,-11.8058596
2383,2384,G0477__S04__seed_0024,G0477,tube_cutter,4,picture_backed,0611,seed_0024,25,#e87868,/mnt/zsn/lyb/arti-skill/exp/uniform531_n5_studio_256_v1/G0477__S04__seed_0024__tube_cutter.png,77902,9cc72e8104f3c9939a82636a67682e29628f5621d7a81a854d9a42cfea5d26c7,22.5670738,-10.4968548
2384,2385,G0477__S05__seed_0009,G0477,tube_cutter,5,picture_backed,0611,seed_0009,10,#e87868,/mnt/zsn/lyb/arti-skill/exp/uniform531_n5_studio_256_v1/G0477__S05__seed_0009__tube_cutter.png,79633,ef18a81fb371f5066a98cd97ad027a3ccb3ed468a1c9df7a03c2367b69877081,19.8153496,-12.0279598
2385,2386,G0478__S01__seed_0031,G0478,turnbuckle,1,picture_backed,0611,seed_0031,31,#7878e8,/mnt/zsn/lyb/arti-skill/exp/uniform531_n5_studio_256_v1/G0478__S01__seed_0031__turnbuckle.png,71107,90e3c913964b4c3e6fba14ecbbb40374f70eca0af5363fb98da989c4a6b2a28d,48.4286003,8.92838383
2386,2387,G0478__S02__seed_0026,G0478,turnbuckle,2,picture_backed,0611,seed_0026,26,#7878e8,/mnt/zsn/lyb/arti-skill/exp/uniform531_n5_studio_256_v1/G0478__S02__seed_0026__turnbuckle.png,69139,676fe46977aad04724493361c366c0502eb91c81fb193fb33714038926875b58,48.420826,9.20550632
2387,2388,G0478__S03__seed_0049,G0478,turnbuckle,3,picture_backed,0611,seed_0049,49,#7878e8,/mnt/zsn/lyb/arti-skill/exp/uniform531_n5_studio_256_v1/G0478__S03__seed_0049__turnbuckle.png,70281,dae9539577e5367cc1aff0e6973e0711e93bffee30c0d4114cdc3f770fb8eb7e,47.791996,9.45896626
2388,2389,G0478__S04__seed_0035,G0478,turnbuckle,4,picture_backed,0611,seed_0035,35,#7878e8,/mnt/zsn/lyb/arti-skill/exp/uniform531_n5_studio_256_v1/G0478__S04__seed_0035__turnbuckle.png,73918,9eeef84ca21d2650ee8f45070d6614816465846ccbfe24178ced9023265cf586,48.9682732,7.45612049
2389,2390,G0478__S05__seed_0045,G0478,turnbuckle,5,picture_backed,0611,seed_0045,45,#7878e8,/mnt/zsn/lyb/arti-skill/exp/uniform531_n5_studio_256_v1/G0478__S05__seed_0045__turnbuckle.png,69755,5437aafa88c1492f1c9e5b073c86750b6301f7e5a6e1927724ba2e32945c2cdf,49.1333542,9.60914326
2390,2391,G0479__S01__seed_0553,G0479,turnstile_gates,1,builtin_no_picture,builtin_no_picture,seed_0553,553,#d81858,/mnt/zsn/lyb/arti-skill/exp/uniform531_n5_studio_256_v1/G0479__S01__seed_0553__turnstile_gates.png,77025,f91ad113cfa80b2c246e8454de5c52bf3391c1f2c0defb99ba97e4e6157a9917,35.795517,-9.38370228
2391,2392,G0479__S02__seed_0701,G0479,turnstile_gates,2,builtin_no_picture,builtin_no_picture,seed_0701,701,#d81858,/mnt/zsn/lyb/arti-skill/exp/uniform531_n5_studio_256_v1/G0479__S02__seed_0701__turnstile_gates.png,77307,2b1e0c2d966fee1caa2df2615a04afb78e19dce8f8fa2bde66b9a709ef893256,36.3053894,-8.74603558
2392,2393,G0479__S03__seed_0309,G0479,turnstile_gates,3,builtin_no_picture,builtin_no_picture,seed_0309,309,#d81858,/mnt/zsn/lyb/arti-skill/exp/uniform531_n5_studio_256_v1/G0479__S03__seed_0309__turnstile_gates.png,80150,9843d8f4590d773aa96a34cebece1c316bacbbbc5e36670d6eec66158f42aedd,36.043129,-9.32440758
2393,2394,G0479__S04__seed_0693,G0479,turnstile_gates,4,builtin_no_picture,builtin_no_picture,seed_0693,693,#d81858,/mnt/zsn/lyb/arti-skill/exp/uniform531_n5_studio_256_v1/G0479__S04__seed_0693__turnstile_gates.png,76993,f9b8a20f8156e257084a5b88a228132f81217911f6d56d999bc5c4dc729b3328,35.894989,-8.79442787
2394,2395,G0479__S05__seed_0386,G0479,turnstile_gates,5,builtin_no_picture,builtin_no_picture,seed_0386,386,#d81858,/mnt/zsn/lyb/arti-skill/exp/uniform531_n5_studio_256_v1/G0479__S05__seed_0386__turnstile_gates.png,78323,57038e31af9b91941cfe543bc128f30cade17dcb261d517c50ab479bba240b9b,35.8731194,-8.54355145
2395,2396,G0480__S01__seed_0062,G0480,turntable,1,builtin_no_picture,builtin_no_picture,seed_0062,63,#9818d8,/mnt/zsn/lyb/arti-skill/exp/uniform531_n5_studio_256_v1/G0480__S01__seed_0062__turntable.png,88207,2493fb03300131a1b01bac8724031df530843e8982aff55e8bfe01b096df877b,-10.16889,-11.5808849
2396,2397,G0480__S02__seed_0214,G0480,turntable,2,builtin_no_picture,builtin_no_picture,seed_0214,225,#9818d8,/mnt/zsn/lyb/arti-skill/exp/uniform531_n5_studio_256_v1/G0480__S02__seed_0214__turntable.png,86031,bfcfcb3714f9493e5d9e58e4ef9b4b43f10b7b89e27b946b6b8fcfd729e80271,-10.0699368,-11.5724554
2397,2398,G0480__S03__seed_0548,G0480,turntable,3,builtin_no_picture,builtin_no_picture,seed_0548,577,#9818d8,/mnt/zsn/lyb/arti-skill/exp/uniform531_n5_studio_256_v1/G0480__S03__seed_0548__turntable.png,82774,a7e71af1d785db9540904139d28057bf82f4e8044020f389920c8a8b14e8e72c,-10.1412182,-11.7390118
2398,2399,G0480__S04__seed_0524,G0480,turntable,4,builtin_no_picture,builtin_no_picture,seed_0524,552,#9818d8,/mnt/zsn/lyb/arti-skill/exp/uniform531_n5_studio_256_v1/G0480__S04__seed_0524__turntable.png,85135,5b11065ec019e1a63d8202094af3cacd59ae7b99fc0e30b6ba059bb5c3521914,-10.8668146,-11.6804047
2399,2400,G0480__S05__seed_1605,G0480,turntable,5,builtin_no_picture,builtin_no_picture,seed_1605,1677,#9818d8,/mnt/zsn/lyb/arti-skill/exp/uniform531_n5_studio_256_v1/G0480__S05__seed_1605__turntable.png,90170,e4a2d911111e4420fa3710e247ed79707b427294f6997cc3ddd2aa77b5336fd5,-10.0340595,-11.2797222
2400,2401,G0481__S01__seed_0169,G0481,tv_cabinet,1,picture_backed,0611,seed_0169,169,#78d888,/mnt/zsn/lyb/arti-skill/exp/uniform531_n5_studio_256_v1/G0481__S01__seed_0169__tv_cabinet.png,81262,0db66ed2a7f2faa60ffc8a8d5125a88f59bf97acdb31eaa85ea038a6c3758c5c,-55.3703384,8.25889969
2401,2402,G0481__S02__seed_0020,G0481,tv_cabinet,2,picture_backed,0611,seed_0020,20,#78d888,/mnt/zsn/lyb/arti-skill/exp/uniform531_n5_studio_256_v1/G0481__S02__seed_0020__tv_cabinet.png,83072,97bef372fa85a19809aa4f519fd3023af336039c0cd7c192676208e3a37f06b7,-60.3410263,0.368756503
2402,2403,G0481__S03__seed_0160,G0481,tv_cabinet,3,picture_backed,0611,seed_0160,160,#78d888,/mnt/zsn/lyb/arti-skill/exp/uniform531_n5_studio_256_v1/G0481__S03__seed_0160__tv_cabinet.png,85632,7743340a9ef5bb0ca0906173bdc9f506c75f46d980743b8d9b89e216b1929521,-53.8736076,10.8469152
2403,2404,G0481__S04__seed_0191,G0481,tv_cabinet,4,picture_backed,0611,seed_0191,191,#78d888,/mnt/zsn/lyb/arti-skill/exp/uniform531_n5_studio_256_v1/G0481__S04__seed_0191__tv_cabinet.png,87206,6ca3dc0b0b06f938facbf939ad9f8271dd16a4c0ffa0accac8e92ba4b1369cd8,-54.8651886,8.72226143
2404,2405,G0481__S05__seed_0117,G0481,tv_cabinet,5,picture_backed,0611,seed_0117,117,#78d888,/mnt/zsn/lyb/arti-skill/exp/uniform531_n5_studio_256_v1/G0481__S05__seed_0117__tv_cabinet.png,84803,255d39de2028ad55564d516cf2ef05b9ad2555b92c954c0657f0f33c15244f31,-55.4797859,8.01905155
2405,2406,G0482__S01__seed_0173,G0482,tv_wall_mount,1,picture_backed,0611,seed_0173,173,#c81838,/mnt/zsn/lyb/arti-skill/exp/uniform531_n5_studio_256_v1/G0482__S01__seed_0173__tv_wall_mount.png,74934,70a6ee86d7b315fb8f9b0c162a0edfe4b07546b626be0b64c6f3b90922284efd,34.0144615,13.6736965
2406,2407,G0482__S02__seed_0087,G0482,tv_wall_mount,2,picture_backed,0611,seed_0087,87,#c81838,/mnt/zsn/lyb/arti-skill/exp/uniform531_n5_studio_256_v1/G0482__S02__seed_0087__tv_wall_mount.png,82206,c5ef81ee1d49f738cb44fbd33a6b839f3778507f8314778fde4c32ca4923d01f,34.1871147,13.2761688
2407,2408,G0482__S03__seed_0021,G0482,tv_wall_mount,3,picture_backed,0611,seed_0021,21,#c81838,/mnt/zsn/lyb/arti-skill/exp/uniform531_n5_studio_256_v1/G0482__S03__seed_0021__tv_wall_mount.png,81506,a291285c71738a4f115dfcb41496949a4968341cbb67d59d187789bd77c062f9,33.6169205,12.8653708
2408,2409,G0482__S04__seed_0157,G0482,tv_wall_mount,4,picture_backed,0611,seed_0157,157,#c81838,/mnt/zsn/lyb/arti-skill/exp/uniform531_n5_studio_256_v1/G0482__S04__seed_0157__tv_wall_mount.png,73822,162b6758f4810d180830ee80d94b428487d37c824478f7e4981d8dc158beebf2,33.9958229,13.5791502
2409,2410,G0482__S05__seed_0193,G0482,tv_wall_mount,5,picture_backed,0611,seed_0193,193,#c81838,/mnt/zsn/lyb/arti-skill/exp/uniform531_n5_studio_256_v1/G0482__S05__seed_0193__tv_wall_mount.png,82271,661360624a00adcb9a371c5be33aa5ee10e915e07b6fc5144ae5754c1a95e4e1,33.6389694,12.9311161
2410,2411,G0483__S01__seed_0232,G0483,twojoint_prismatic_chain,1,builtin_no_picture,builtin_no_picture,seed_0232,304,#a818b8,/mnt/zsn/lyb/arti-skill/exp/uniform531_n5_studio_256_v1/G0483__S01__seed_0232__twojoint_prismatic_chain.png,78467,13799fad7145aeecb825ddbaf3bcb9a600650a88918d8159b99e284127aa84dd,-13.2851725,21.5602646
2411,2412,G0483__S02__seed_0683,G0483,twojoint_prismatic_chain,2,builtin_no_picture,builtin_no_picture,seed_0683,883,#a818b8,/mnt/zsn/lyb/arti-skill/exp/uniform531_n5_studio_256_v1/G0483__S02__seed_0683__twojoint_prismatic_chain.png,80834,7c31bb4a91c71928838564b0f3c64949996a0e6297367f56a9280ac6f16099b6,-14.0367336,22.7165508
2412,2413,G0483__S03__seed_0744,G0483,twojoint_prismatic_chain,3,builtin_no_picture,builtin_no_picture,seed_0744,961,#a818b8,/mnt/zsn/lyb/arti-skill/exp/uniform531_n5_studio_256_v1/G0483__S03__seed_0744__twojoint_prismatic_chain.png,80393,2b692087a019495278e49d39e1dcc18e9769bdea4bf34f0aa24be4a3618388d4,-14.3209047,22.7338448
2413,2414,G0483__S04__seed_0294,G0483,twojoint_prismatic_chain,4,builtin_no_picture,builtin_no_picture,seed_0294,380,#a818b8,/mnt/zsn/lyb/arti-skill/exp/uniform531_n5_studio_256_v1/G0483__S04__seed_0294__twojoint_prismatic_chain.png,77600,7714653f0fe06188534a96b985ed7796c819670acc9ae8abe5dfedb2b086dfe2,-7.31163692,22.8482685
2414,2415,G0483__S05__seed_0074,G0483,twojoint_prismatic_chain,5,builtin_no_picture,builtin_no_picture,seed_0074,100,#a818b8,/mnt/zsn/lyb/arti-skill/exp/uniform531_n5_studio_256_v1/G0483__S05__seed_0074__twojoint_prismatic_chain.png,76591,179b3e6bea70ef0c040ffbb8012778844262e37a81714151c5c740b432d92d7b,-3.45846486,23.3834133
2415,2416,G0484__S01__seed_0244,G0484,twojoint_revolute_chain,1,builtin_no_picture,builtin_no_picture,seed_0244,245,#d8a8d8,/mnt/zsn/lyb/arti-skill/exp/uniform531_n5_studio_256_v1/G0484__S01__seed_0244__twojoint_revolute_chain.png,74354,55ceb062ddf7faa2ecfd7ebb2d024960701d5dde951360bae37a66d4d667bca0,26.1607361,16.6504498
2416,2417,G0484__S02__seed_0152,G0484,twojoint_revolute_chain,2,builtin_no_picture,builtin_no_picture,seed_0152,152,#d8a8d8,/mnt/zsn/lyb/arti-skill/exp/uniform531_n5_studio_256_v1/G0484__S02__seed_0152__twojoint_revolute_chain.png,72700,d73b8d642132373f90ea8e1f682ed4998f130558bb06664f1e8a04037368b586,29.4602776,18.3120403
2417,2418,G0484__S03__seed_0349,G0484,twojoint_revolute_chain,3,builtin_no_picture,builtin_no_picture,seed_0349,350,#d8a8d8,/mnt/zsn/lyb/arti-skill/exp/uniform531_n5_studio_256_v1/G0484__S03__seed_0349__twojoint_revolute_chain.png,73620,88b9cb0a71555ca8c7470ed151a047efc557bd27d90e7283922bed3f6e70ca7c,28.7641582,17.7039738
2418,2419,G0484__S04__seed_0146,G0484,twojoint_revolute_chain,4,builtin_no_picture,builtin_no_picture,seed_0146,146,#d8a8d8,/mnt/zsn/lyb/arti-skill/exp/uniform531_n5_studio_256_v1/G0484__S04__seed_0146__twojoint_revolute_chain.png,75833,09b020a622c2f4f6961a1bab064f6bf0f5c49cb6cb2ca78ab71efdae1118e4ab,29.2192211,17.0873375
2419,2420,G0484__S05__seed_0386,G0484,twojoint_revolute_chain,5,builtin_no_picture,builtin_no_picture,seed_0386,388,#d8a8d8,/mnt/zsn/lyb/arti-skill/exp/uniform531_n5_studio_256_v1/G0484__S05__seed_0386__twojoint_revolute_chain.png,76314,a8155a5762b5b86f34f61cca678ee712c8665730590c685780d5625183c62094,29.8471031,15.8490915
2420,2421,G0485__S01__seed_0017,G0485,universal_joint,1,picture_backed,0611,seed_0017,17,#9888a8,/mnt/zsn/lyb/arti-skill/exp/uniform531_n5_studio_256_v1/G0485__S01__seed_0017__universal_joint.png,85278,40ca0340d547733864f734a4cfe189c572bef08a4325ef6b0805cc33cc8e70db,23.2333374,-5.82446623
2421,2422,G0485__S02__seed_0016,G0485,universal_joint,2,picture_backed,0611,seed_0016,16,#9888a8,/mnt/zsn/lyb/arti-skill/exp/uniform531_n5_studio_256_v1/G0485__S02__seed_0016__universal_joint.png,77321,97a64e489eb5592764db7d30ea754d3dd5fb9fccb67164072e9e5a308bfe5a3a,23.365736,-5.87914705
2422,2423,G0485__S03__seed_0018,G0485,universal_joint,3,picture_backed,0611,seed_0018,18,#9888a8,/mnt/zsn/lyb/arti-skill/exp/uniform531_n5_studio_256_v1/G0485__S03__seed_0018__universal_joint.png,74351,c9b3e2a7b05628705d64cc00ee29a818b1c8becc1b598dd7c5915a0d50507e49,24.0994701,-6.22230625
2423,2424,G0485__S04__seed_0008,G0485,universal_joint,4,picture_backed,0611,seed_0008,8,#9888a8,/mnt/zsn/lyb/arti-skill/exp/uniform531_n5_studio_256_v1/G0485__S04__seed_0008__universal_joint.png,84557,b19fe243c77e19fabf721aeaeef8d7bca4a572f9217bcb987662698653d22b14,23.1579151,-5.78433228
2424,2425,G0485__S05__seed_0004,G0485,universal_joint,5,picture_backed,0611,seed_0004,4,#9888a8,/mnt/zsn/lyb/arti-skill/exp/uniform531_n5_studio_256_v1/G0485__S05__seed_0004__universal_joint.png,80392,24227b2da156ba2605467a6a482fef1286f453d1bee7ee3b22188f1f7b75bf7c,47.4810028,-28.0458717
2425,2426,G0486__S01__seed_0017,G0486,Urban_Environment_bucket1,1,picture_backed,Urban Environment,seed_0017,17,#18e858,/mnt/zsn/lyb/arti-skill/exp/uniform531_n5_studio_256_v1/G0486__S01__seed_0017__Urban_Environment_bucket1.png,76166,89064626f833c5c577f302757e3888e58c922768227a13077ce6212b522b2099,-1.36756921,-38.4571953
2426,2427,G0486__S02__seed_0023,G0486,Urban_Environment_bucket1,2,picture_backed,Urban Environment,seed_0023,23,#18e858,/mnt/zsn/lyb/arti-skill/exp/uniform531_n5_studio_256_v1/G0486__S02__seed_0023__Urban_Environment_bucket1.png,78564,6d74b758299036c7cf2711be2508d424c4426d28ee2e54ac791222ea7c584e7e,-1.23646045,-38.1112633
2427,2428,G0486__S03__seed_0019,G0486,Urban_Environment_bucket1,3,picture_backed,Urban Environment,seed_0019,19,#18e858,/mnt/zsn/lyb/arti-skill/exp/uniform531_n5_studio_256_v1/G0486__S03__seed_0019__Urban_Environment_bucket1.png,77188,4c93fe6e730ad448eda1c3b41650717aceadeb04b3c365b20e9dd0735bb5eea2,-1.46426618,-38.2057381
2428,2429,G0486__S04__seed_0025,G0486,Urban_Environment_bucket1,4,picture_backed,Urban Environment,seed_0025,25,#18e858,/mnt/zsn/lyb/arti-skill/exp/uniform531_n5_studio_256_v1/G0486__S04__seed_0025__Urban_Environment_bucket1.png,78969,df2fcf2d6e8e0f6013dfcbcb55804a0f14baa20851eb762eb7d2edd908bc72f4,-1.31629622,-38.3011208
2429,2430,G0486__S05__seed_0011,G0486,Urban_Environment_bucket1,5,picture_backed,Urban Environment,seed_0011,11,#18e858,/mnt/zsn/lyb/arti-skill/exp/uniform531_n5_studio_256_v1/G0486__S05__seed_0011__Urban_Environment_bucket1.png,82830,8bd064ee22a92c2032e0a1141bf6640e437a450ab8c2b69566629474d4ff1ebc,-1.06334186,-37.6227379
2430,2431,G0487__S01__seed_0050,G0487,Urban_Environment_bucket2,1,picture_backed,Urban Environment,seed_0050,50,#7858d8,/mnt/zsn/lyb/arti-skill/exp/uniform531_n5_studio_256_v1/G0487__S01__seed_0050__Urban_Environment_bucket2.png,85191,3f6ee025e09bec2eec6bdf8629f35bf5e4dee40b18885a8ce3ac8ea2ba0216ac,0.0708849654,-32.3120766
2431,2432,G0487__S02__seed_0103,G0487,Urban_Environment_bucket2,2,picture_backed,Urban Environment,seed_0103,103,#7858d8,/mnt/zsn/lyb/arti-skill/exp/uniform531_n5_studio_256_v1/G0487__S02__seed_0103__Urban_Environment_bucket2.png,84366,2de495cd688f36960c6546a4b9287aac1a4ae03141b32bdc82ca6ce5c3905e0f,0.688446045,-32.6667786
2432,2433,G0487__S03__seed_0008,G0487,Urban_Environment_bucket2,3,picture_backed,Urban Environment,seed_0008,8,#7858d8,/mnt/zsn/lyb/arti-skill/exp/uniform531_n5_studio_256_v1/G0487__S03__seed_0008__Urban_Environment_bucket2.png,91036,d0320e16f270c69081451533a40db79639f71bcd1fec1459cba159b42399e023,-0.138364211,-32.7501564
2433,2434,G0487__S04__seed_0004,G0487,Urban_Environment_bucket2,4,picture_backed,Urban Environment,seed_0004,4,#7858d8,/mnt/zsn/lyb/arti-skill/exp/uniform531_n5_studio_256_v1/G0487__S04__seed_0004__Urban_Environment_bucket2.png,86077,3a18595f9803b3408b8bf831199f6d66c1b8f2a1c6fa2fc8489c90894610d573,0.563841343,-32.550972
2434,2435,G0487__S05__seed_0011,G0487,Urban_Environment_bucket2,5,picture_backed,Urban Environment,seed_0011,11,#7858d8,/mnt/zsn/lyb/arti-skill/exp/uniform531_n5_studio_256_v1/G0487__S05__seed_0011__Urban_Environment_bucket2.png,89929,6772b69b162d0cc2e4b9b4ed4d8ec0eb65b1a38f5ef3de761b48739fa33dac20,0.499971181,-32.6354485
2435,2436,G0488__S01__seed_0081,G0488,Urban_Environment_Caster_Trolley,1,picture_backed,Urban Environment,seed_0081,81,#58c848,/mnt/zsn/lyb/arti-skill/exp/uniform531_n5_studio_256_v1/G0488__S01__seed_0081__Urban_Environment_Caster_Trolley.png,83692,d1a1004b8cc9193c12383522c749119b1256911e46f3eaff6d0ed9e1a3b1015b,-43.3052673,5.8830018
2436,2437,G0488__S02__seed_0256,G0488,Urban_Environment_Caster_Trolley,2,picture_backed,Urban Environment,seed_0256,256,#58c848,/mnt/zsn/lyb/arti-skill/exp/uniform531_n5_studio_256_v1/G0488__S02__seed_0256__Urban_Environment_Caster_Trolley.png,82712,88e1537bb18ba802f821870a7e9fad2ddb4378af5b7eb9d39d0a0e7e1e1584e1,-6.63902903,49.326252
2437,2438,G0488__S03__seed_0105,G0488,Urban_Environment_Caster_Trolley,3,picture_backed,Urban Environment,seed_0105,105,#58c848,/mnt/zsn/lyb/arti-skill/exp/uniform531_n5_studio_256_v1/G0488__S03__seed_0105__Urban_Environment_Caster_Trolley.png,109569,613eb03dfae0f9cc8f016e156aa1ece3c4795168f2b5546754fe532e8bcabb77,-44.5736771,7.45331573
2438,2439,G0488__S04__seed_0208,G0488,Urban_Environment_Caster_Trolley,4,picture_backed,Urban Environment,seed_0208,208,#58c848,/mnt/zsn/lyb/arti-skill/exp/uniform531_n5_studio_256_v1/G0488__S04__seed_0208__Urban_Environment_Caster_Trolley.png,84001,b81b22b2fd62fcaae36f626f0e2a0972787ee2ec1c1d1275636e6d642dd88f5f,-6.63492632,49.3135834
2439,2440,G0488__S05__seed_0282,G0488,Urban_Environment_Caster_Trolley,5,picture_backed,Urban Environment,seed_0282,282,#58c848,/mnt/zsn/lyb/arti-skill/exp/uniform531_n5_studio_256_v1/G0488__S05__seed_0282__Urban_Environment_Caster_Trolley.png,82575,cc78897deb52f102b107e194b43a1faa8271ae30cc7be948448f1bb247a6f958,-6.58554411,49.3296623
2440,2441,G0489__S01__seed_0008,G0489,Urban_Environment_Caster_Trolley2,1,picture_backed,Urban Environment,seed_0008,8,#5858b8,/mnt/zsn/lyb/arti-skill/exp/uniform531_n5_studio_256_v1/G0489__S01__seed_0008__Urban_Environment_Caster_Trolley2.png,91956,45498706c55666f777278b85477518734a6ec42659fa4f57327628e4a22b93a7,-1.27144229,63.9259338
2441,2442,G0489__S02__seed_0063,G0489,Urban_Environment_Caster_Trolley2,2,picture_backed,Urban Environment,seed_0063,63,#5858b8,/mnt/zsn/lyb/arti-skill/exp/uniform531_n5_studio_256_v1/G0489__S02__seed_0063__Urban_Environment_Caster_Trolley2.png,87913,9390d04120b7229b448b84be0b7b63922eb05435ca60e4723114553467d20f9d,-1.14331269,64.0471802
2442,2443,G0489__S03__seed_0036,G0489,Urban_Environment_Caster_Trolley2,3,picture_backed,Urban Environment,seed_0036,36,#5858b8,/mnt/zsn/lyb/arti-skill/exp/uniform531_n5_studio_256_v1/G0489__S03__seed_0036__Urban_Environment_Caster_Trolley2.png,97378,ec705446829f2cb838a399596554bc168a95d37598a880478207e7ecb3280695,-1.43089211,63.9983711
2443,2444,G0489__S04__seed_0003,G0489,Urban_Environment_Caster_Trolley2,4,picture_backed,Urban Environment,seed_0003,3,#5858b8,/mnt/zsn/lyb/arti-skill/exp/uniform531_n5_studio_256_v1/G0489__S04__seed_0003__Urban_Environment_Caster_Trolley2.png,97518,5ca1e1366278acddb01c035cf980f0c27f63b3565355b45bb6a4501e8bbca57d,-0.993853152,64.1312485
2444,2445,G0489__S05__seed_0061,G0489,Urban_Environment_Caster_Trolley2,5,picture_backed,Urban Environment,seed_0061,61,#5858b8,/mnt/zsn/lyb/arti-skill/exp/uniform531_n5_studio_256_v1/G0489__S05__seed_0061__Urban_Environment_Caster_Trolley2.png,93970,de9d945374607326a261881301d945d222be28f647125c6faa0c1986a821469e,-1.44608748,63.9638214
2445,2446,G0490__S01__seed_0929,G0490,Urban_Environment_Draft_Wagon,1,picture_backed,Urban Environment,seed_0929,1099,#b88838,/mnt/zsn/lyb/arti-skill/exp/uniform531_n5_studio_256_v1/G0490__S01__seed_0929__Urban_Environment_Draft_Wagon.png,83278,0fd973af873ccdf82bce8025cc35dbf16aa81cbdc1c441a12edcb02823c52029,3.45285487,58.8044205
2446,2447,G0490__S02__seed_0440,G0490,Urban_Environment_Draft_Wagon,2,picture_backed,Urban Environment,seed_0440,525,#b88838,/mnt/zsn/lyb/arti-skill/exp/uniform531_n5_studio_256_v1/G0490__S02__seed_0440__Urban_Environment_Draft_Wagon.png,86003,4b84f722833c3fc2b57f9f0e54f3ea64f0b6f24bbd80fa268a203878f8f0c95c,3.22005177,58.3824615
2447,2448,G0490__S03__seed_0107,G0490,Urban_Environment_Draft_Wagon,3,picture_backed,Urban Environment,seed_0107,131,#b88838,/mnt/zsn/lyb/arti-skill/exp/uniform531_n5_studio_256_v1/G0490__S03__seed_0107__Urban_Environment_Draft_Wagon.png,84351,d00e2e98b811202fadb220cb281432e597055592fca1d667b470d8323bbe2734,3.01694322,57.9652367
2448,2449,G0490__S04__seed_0862,G0490,Urban_Environment_Draft_Wagon,4,picture_backed,Urban Environment,seed_0862,1025,#b88838,/mnt/zsn/lyb/arti-skill/exp/uniform531_n5_studio_256_v1/G0490__S04__seed_0862__Urban_Environment_Draft_Wagon.png,83740,f9f24b089dcb14d484c6ec75ba5ea9b52174340274bf3b82b559fd0f44ee6745,2.98533177,58.0870552
2449,2450,G0490__S05__seed_0858,G0490,Urban_Environment_Draft_Wagon,5,picture_backed,Urban Environment,seed_0858,1020,#b88838,/mnt/zsn/lyb/arti-skill/exp/uniform531_n5_studio_256_v1/G0490__S05__seed_0858__Urban_Environment_Draft_Wagon.png,86165,bf67a755423a3f7fd89d7d058bcb594045d31660a1035790e457d80cba56eb7c,3.03696561,58.0596123
2450,2451,G0491__S01__seed_0009,G0491,Urban_Environment_Fire_cabinet,1,picture_backed,Urban Environment,seed_0009,9,#782878,/mnt/zsn/lyb/arti-skill/exp/uniform531_n5_studio_256_v1/G0491__S01__seed_0009__Urban_Environment_Fire_cabinet.png,86681,994dd0f29b9625fc7d9fe8f5a4230f54c451316f90ecfdc6c1d53cd095df0ae3,-60.2253571,6.09306812
2451,2452,G0491__S02__seed_0019,G0491,Urban_Environment_Fire_cabinet,2,picture_backed,Urban Environment,seed_0019,19,#782878,/mnt/zsn/lyb/arti-skill/exp/uniform531_n5_studio_256_v1/G0491__S02__seed_0019__Urban_Environment_Fire_cabinet.png,92172,f9a6107df2d42ed0ae0d4d2f1e03cd436078fc1b2b91e5c50b9a51d9dd3d314d,-56.5353241,-32.1432838
2452,2453,G0491__S03__seed_0012,G0491,Urban_Environment_Fire_cabinet,3,picture_backed,Urban Environment,seed_0012,12,#782878,/mnt/zsn/lyb/arti-skill/exp/uniform531_n5_studio_256_v1/G0491__S03__seed_0012__Urban_Environment_Fire_cabinet.png,82719,10438855105ba85a713cd8cc0ef63753762e40e9e56d1437bc49cd8eece92c55,-60.7762794,6.29617214
2453,2454,G0491__S04__seed_0013,G0491,Urban_Environment_Fire_cabinet,4,picture_backed,Urban Environment,seed_0013,13,#782878,/mnt/zsn/lyb/arti-skill/exp/uniform531_n5_studio_256_v1/G0491__S04__seed_0013__Urban_Environment_Fire_cabinet.png,83920,cd605ba27947276be0f40dbf51cde3bd9342bd4b2f85d2c32ff00c657af3f718,-37.1166,-27.1140823
2454,2455,G0491__S05__seed_0006,G0491,Urban_Environment_Fire_cabinet,5,picture_backed,Urban Environment,seed_0006,6,#782878,/mnt/zsn/lyb/arti-skill/exp/uniform531_n5_studio_256_v1/G0491__S05__seed_0006__Urban_Environment_Fire_cabinet.png,74731,1b885b2734d808060ddf5c71f34824da57dd88f060fbcc6a326cd1ccf4362d5e,-36.753231,-28.2852516
2455,2456,G0492__S01__seed_0120,G0492,Urban_Environment_Fire_Extinguisher,1,picture_backed,Urban Environment,seed_0120,166,#e838b8,/mnt/zsn/lyb/arti-skill/exp/uniform531_n5_studio_256_v1/G0492__S01__seed_0120__Urban_Environment_Fire_Extinguisher.png,88314,17e63e1f05381c896d53dc8246317a283d60e0018845c08a68bcbf86ca6448b7,9.36552906,-46.5745201
2456,2457,G0492__S02__seed_0110,G0492,Urban_Environment_Fire_Extinguisher,2,picture_backed,Urban Environment,seed_0110,151,#e838b8,/mnt/zsn/lyb/arti-skill/exp/uniform531_n5_studio_256_v1/G0492__S02__seed_0110__Urban_Environment_Fire_Extinguisher.png,79081,d9740e0a972ff45867b163727be08b33f95275b973cea7b3b43107fb35997293,10.5199423,-47.0966339
2457,2458,G0492__S03__seed_0231,G0492,Urban_Environment_Fire_Extinguisher,3,picture_backed,Urban Environment,seed_0231,348,#e838b8,/mnt/zsn/lyb/arti-skill/exp/uniform531_n5_studio_256_v1/G0492__S03__seed_0231__Urban_Environment_Fire_Extinguisher.png,77392,84b66a954d5ed51766d5b37142a108c09c0a6098ab8bb51d7229194bafdd6d94,10.3520365,-47.2909508
2458,2459,G0492__S04__seed_0094,G0492,Urban_Environment_Fire_Extinguisher,4,picture_backed,Urban Environment,seed_0094,127,#e838b8,/mnt/zsn/lyb/arti-skill/exp/uniform531_n5_studio_256_v1/G0492__S04__seed_0094__Urban_Environment_Fire_Extinguisher.png,80680,51ca769547d3d6197b9f0740409139b1bd981fdcbaedfa3fbe5db2a5831f51ad,10.2314768,-46.8950577
2459,2460,G0492__S05__seed_0071,G0492,Urban_Environment_Fire_Extinguisher,5,picture_backed,Urban Environment,seed_0071,96,#e838b8,/mnt/zsn/lyb/arti-skill/exp/uniform531_n5_studio_256_v1/G0492__S05__seed_0071__Urban_Environment_Fire_Extinguisher.png,80057,6db1df3e40ad5e310c41ae98ed558d9871d29586a7c1056c2ccb0d00578a9d59,11.1128597,-46.8444748
2460,2461,G0493__S01__seed_0030,G0493,Urban_Environment_Fire_Hydrant,1,picture_backed,Urban Environment,seed_0030,30,#58b888,/mnt/zsn/lyb/arti-skill/exp/uniform531_n5_studio_256_v1/G0493__S01__seed_0030__Urban_Environment_Fire_Hydrant.png,78436,e8dff2025796ec7980fa32f6d9b5f52187b24b16dcc9b385ab8672c35f379eef,35.40028,-25.0863247
2461,2462,G0493__S02__seed_0010,G0493,Urban_Environment_Fire_Hydrant,2,picture_backed,Urban Environment,seed_0010,10,#58b888,/mnt/zsn/lyb/arti-skill/exp/uniform531_n5_studio_256_v1/G0493__S02__seed_0010__Urban_Environment_Fire_Hydrant.png,75359,7ae0cfee1c7f30ca54bc800be551e3f61689a2c1d5bf2367566f0d840492236c,35.2578964,-25.3839703
2462,2463,G0493__S03__seed_0041,G0493,Urban_Environment_Fire_Hydrant,3,picture_backed,Urban Environment,seed_0041,41,#58b888,/mnt/zsn/lyb/arti-skill/exp/uniform531_n5_studio_256_v1/G0493__S03__seed_0041__Urban_Environment_Fire_Hydrant.png,76206,402119ad172078ff09afafc30887127abc2a792709225bac978a2360b160ceca,34.6734047,-26.0960541
2463,2464,G0493__S04__seed_0008,G0493,Urban_Environment_Fire_Hydrant,4,picture_backed,Urban Environment,seed_0008,8,#58b888,/mnt/zsn/lyb/arti-skill/exp/uniform531_n5_studio_256_v1/G0493__S04__seed_0008__Urban_Environment_Fire_Hydrant.png,79316,d9641d02a3d53460abf9b6f3c198f7c82ef1ea3c0fc65ef0914093b22d38e45f,35.7355003,-24.5970707
2464,2465,G0493__S05__seed_0026,G0493,Urban_Environment_Fire_Hydrant,5,picture_backed,Urban Environment,seed_0026,26,#58b888,/mnt/zsn/lyb/arti-skill/exp/uniform531_n5_studio_256_v1/G0493__S05__seed_0026__Urban_Environment_Fire_Hydrant.png,82953,9bd1c8234bb7bb7780c8c7e28a8854852d84a1986a8bb7608d0eaf4c3374c8f7,35.571476,-24.7164669
2465,2466,G0494__S01__seed_0662,G0494,Urban_Environment_Garbage_bin,1,picture_backed,Urban Environment,seed_0662,662,#a81818,/mnt/zsn/lyb/arti-skill/exp/uniform531_n5_studio_256_v1/G0494__S01__seed_0662__Urban_Environment_Garbage_bin.png,93783,02d633ac760c3c87d5ce41a2549597c8175722f2ef98e0a706f672cf182a9fba,-42.032856,-10.5747042
2466,2467,G0494__S02__seed_0080,G0494,Urban_Environment_Garbage_bin,2,picture_backed,Urban Environment,seed_0080,80,#a81818,/mnt/zsn/lyb/arti-skill/exp/uniform531_n5_studio_256_v1/G0494__S02__seed_0080__Urban_Environment_Garbage_bin.png,91823,71082a0aa3d4ca7dc27507ed26d7d235c12c9f755a4eb4f7f174db3f79cd619e,-41.971302,-10.3392076
2467,2468,G0494__S03__seed_0394,G0494,Urban_Environment_Garbage_bin,3,picture_backed,Urban Environment,seed_0394,394,#a81818,/mnt/zsn/lyb/arti-skill/exp/uniform531_n5_studio_256_v1/G0494__S03__seed_0394__Urban_Environment_Garbage_bin.png,89461,91f15fe231503d5153084f3a221c913ad8719d10837b1f14c4e21ff01683abfe,-41.5847549,-9.96718407
2468,2469,G0494__S04__seed_0464,G0494,Urban_Environment_Garbage_bin,4,picture_backed,Urban Environment,seed_0464,464,#a81818,/mnt/zsn/lyb/arti-skill/exp/uniform531_n5_studio_256_v1/G0494__S04__seed_0464__Urban_Environment_Garbage_bin.png,89667,9caa70b39e8b6e521da7d82acb98e5ad07646e5dda6b1f9b03057a55a5ab0b79,-41.8379898,-10.2775192
2469,2470,G0494__S05__seed_0747,G0494,Urban_Environment_Garbage_bin,5,picture_backed,Urban Environment,seed_0747,747,#a81818,/mnt/zsn/lyb/arti-skill/exp/uniform531_n5_studio_256_v1/G0494__S05__seed_0747__Urban_Environment_Garbage_bin.png,95180,72dcb036eebb86a8f42668c818e82a5ee64dc640f211135cbda4bd10bbd1cc65,-42.0715065,-10.0718813
2470,2471,G0495__S01__seed_0001,G0495,Urban_Environment_Large_Trashcan,1,picture_backed,Urban Environment,seed_0001,1,#384888,/mnt/zsn/lyb/arti-skill/exp/uniform531_n5_studio_256_v1/G0495__S01__seed_0001__Urban_Environment_Large_Trashcan.png,89698,d48fff6af9b90e306bebf1f95d81eedb2b031baa7ec898f9a484b304baa1da8a,-49.2885437,2.37305117
2471,2472,G0495__S02__seed_0014,G0495,Urban_Environment_Large_Trashcan,2,picture_backed,Urban Environment,seed_0014,14,#384888,/mnt/zsn/lyb/arti-skill/exp/uniform531_n5_studio_256_v1/G0495__S02__seed_0014__Urban_Environment_Large_Trashcan.png,88106,d87fd7564c85366f4752dd9283a42334ad8cef7a72cc325c2129bb826d2cf5ae,-49.1614647,2.14266872
2472,2473,G0495__S03__seed_0013,G0495,Urban_Environment_Large_Trashcan,3,picture_backed,Urban Environment,seed_0013,13,#384888,/mnt/zsn/lyb/arti-skill/exp/uniform531_n5_studio_256_v1/G0495__S03__seed_0013__Urban_Environment_Large_Trashcan.png,81163,0582487518210ba21068bdfbdfae60d5ebe48c143033f1c6431612292f9b6fca,-39.2098885,-0.947042763
2473,2474,G0495__S04__seed_0019,G0495,Urban_Environment_Large_Trashcan,4,picture_backed,Urban Environment,seed_0019,19,#384888,/mnt/zsn/lyb/arti-skill/exp/uniform531_n5_studio_256_v1/G0495__S04__seed_0019__Urban_Environment_Large_Trashcan.png,98502,4081b0e957322c23b558ecd37e35d49a19c781b2a0639e2d54b93e31ab8d9d60,-50.0397835,2.51876211
2474,2475,G0495__S05__seed_0024,G0495,Urban_Environment_Large_Trashcan,5,picture_backed,Urban Environment,seed_0024,24,#384888,/mnt/zsn/lyb/arti-skill/exp/uniform531_n5_studio_256_v1/G0495__S05__seed_0024__Urban_Environment_Large_Trashcan.png,98945,c73b1b44c0023a59e42c7d99c3cf33de2e30a35bac6b3061749ae799af585c91,-49.2181549,2.20085049
2475,2476,G0496__S01__seed_0434,G0496,Urban_Environment_Mailbox,1,picture_backed,Urban Environment,seed_0434,457,#5878a8,/mnt/zsn/lyb/arti-skill/exp/uniform531_n5_studio_256_v1/G0496__S01__seed_0434__Urban_Environment_Mailbox.png,77046,52f5b921cdb6d8756cc516cfddfa48595b32cad4561c6c1a8d6eafa60fa9099e,-11.3406925,-48.650116
2476,2477,G0496__S02__seed_0318,G0496,Urban_Environment_Mailbox,2,picture_backed,Urban Environment,seed_0318,333,#5878a8,/mnt/zsn/lyb/arti-skill/exp/uniform531_n5_studio_256_v1/G0496__S02__seed_0318__Urban_Environment_Mailbox.png,82965,25d23002e07f102acfab13a95f05737afdb0d8f806e80ec7637cf2e820c44db7,-54.0785446,-4.8238883
2477,2478,G0496__S03__seed_0662,G0496,Urban_Environment_Mailbox,3,picture_backed,Urban Environment,seed_0662,697,#5878a8,/mnt/zsn/lyb/arti-skill/exp/uniform531_n5_studio_256_v1/G0496__S03__seed_0662__Urban_Environment_Mailbox.png,77191,33d152833a8bfff59bb7416c0957805eaa734a5c143cc41a81e975ca92474508,-51.3895378,-4.1835866
2478,2479,G0496__S04__seed_1290,G0496,Urban_Environment_Mailbox,4,picture_backed,Urban Environment,seed_1290,1357,#5878a8,/mnt/zsn/lyb/arti-skill/exp/uniform531_n5_studio_256_v1/G0496__S04__seed_1290__Urban_Environment_Mailbox.png,84412,f8156cf153b0094e92ac304c445c9c8d8880d0e9a0300b4f1adbcbcfbfd440ec,-54.1191368,-5.10735512
2479,2480,G0496__S05__seed_1440,G0496,Urban_Environment_Mailbox,5,picture_backed,Urban Environment,seed_1440,1515,#5878a8,/mnt/zsn/lyb/arti-skill/exp/uniform531_n5_studio_256_v1/G0496__S05__seed_1440__Urban_Environment_Mailbox.png,93982,215f52ba2e111a2e0949a430bfbff266b6ee6dd481f376f282315caf45f9084d,-54.7377281,-6.62018871
2480,2481,G0497__S01__seed_0177,G0497,Urban_Environment_Manhole_cover,1,picture_backed,Urban Environment,seed_0177,177,#d8a8b8,/mnt/zsn/lyb/arti-skill/exp/uniform531_n5_studio_256_v1/G0497__S01__seed_0177__Urban_Environment_Manhole_cover.png,83597,bd5f9116ed43458965685f0589bc1fc22fe7e2c812b9ad51178202b86afcc142,1.5808841,-19.9193459
2481,2482,G0497__S02__seed_0076,G0497,Urban_Environment_Manhole_cover,2,picture_backed,Urban Environment,seed_0076,76,#d8a8b8,/mnt/zsn/lyb/arti-skill/exp/uniform531_n5_studio_256_v1/G0497__S02__seed_0076__Urban_Environment_Manhole_cover.png,84146,fd0f991dafe706a1e10e57a8e701401a58b0335c1ce5044333e5e870fa480c6e,-16.2433033,10.2642479
2482,2483,G0497__S03__seed_0071,G0497,Urban_Environment_Manhole_cover,3,picture_backed,Urban Environment,seed_0071,71,#d8a8b8,/mnt/zsn/lyb/arti-skill/exp/uniform531_n5_studio_256_v1/G0497__S03__seed_0071__Urban_Environment_Manhole_cover.png,83234,7a4a127ba52a0d57e7accc527a88ac17c67254a33d90528706745b5bbabf0944,2.3506856,-20.3114967
2483,2484,G0497__S04__seed_0056,G0497,Urban_Environment_Manhole_cover,4,picture_backed,Urban Environment,seed_0056,56,#d8a8b8,/mnt/zsn/lyb/arti-skill/exp/uniform531_n5_studio_256_v1/G0497__S04__seed_0056__Urban_Environment_Manhole_cover.png,84922,07dd4e51aba9ac493239d657d3c4e8e5907d2bead260bbc36a1590243f3033bb,-16.7205467,10.4861088
2484,2485,G0497__S05__seed_0220,G0497,Urban_Environment_Manhole_cover,5,picture_backed,Urban Environment,seed_0220,220,#d8a8b8,/mnt/zsn/lyb/arti-skill/exp/uniform531_n5_studio_256_v1/G0497__S05__seed_0220__Urban_Environment_Manhole_cover.png,79881,79b117ebbb0de2d872a833b5976784b8a514256be8f3c38fe5b9b775f88886ac,2.29989481,-20.2351322
2485,2486,G0498__S01__seed_0012,G0498,Urban_Environment_Phone_box,1,picture_backed,Urban Environment,seed_0012,12,#58b868,/mnt/zsn/lyb/arti-skill/exp/uniform531_n5_studio_256_v1/G0498__S01__seed_0012__Urban_Environment_Phone_box.png,94175,d73d6f49739ce5fc8ae3124bc167205de8817b301b61e05bb8e72f5b3ca6b191,-39.4561539,-17.3221321
2486,2487,G0498__S02__seed_0028,G0498,Urban_Environment_Phone_box,2,picture_backed,Urban Environment,seed_0028,28,#58b868,/mnt/zsn/lyb/arti-skill/exp/uniform531_n5_studio_256_v1/G0498__S02__seed_0028__Urban_Environment_Phone_box.png,91624,5a803aca97f48cabc4d218541409553a29889b887d27c658575750f560b80605,-39.4719238,-17.2638702
2487,2488,G0498__S03__seed_0026,G0498,Urban_Environment_Phone_box,3,picture_backed,Urban Environment,seed_0026,26,#58b868,/mnt/zsn/lyb/arti-skill/exp/uniform531_n5_studio_256_v1/G0498__S03__seed_0026__Urban_Environment_Phone_box.png,97805,33f83a57bba9993946f45e3dc0a04d1011fbd7c8546554299cff56891232f69a,-39.7051888,-17.0498962
2488,2489,G0498__S04__seed_0025,G0498,Urban_Environment_Phone_box,4,picture_backed,Urban Environment,seed_0025,25,#58b868,/mnt/zsn/lyb/arti-skill/exp/uniform531_n5_studio_256_v1/G0498__S04__seed_0025__Urban_Environment_Phone_box.png,102555,44be2945ad83cf2c7634f41a90d8cbd2fe74b8f9e1e955faabc838103f9db8de,-39.7244034,-17.2111645
2489,2490,G0498__S05__seed_0052,G0498,Urban_Environment_Phone_box,5,picture_backed,Urban Environment,seed_0052,52,#58b868,/mnt/zsn/lyb/arti-skill/exp/uniform531_n5_studio_256_v1/G0498__S05__seed_0052__Urban_Environment_Phone_box.png,88531,801f91a3da2a4fe75e02f239f1f4f735a481af4a033309dddd1e35324ad81b0e,-39.5073814,-16.009325
2490,2491,G0499__S01__seed_0779,G0499,Urban_Environment_Public_toilet,1,picture_backed,Urban Environment,seed_0779,779,#d868a8,/mnt/zsn/lyb/arti-skill/exp/uniform531_n5_studio_256_v1/G0499__S01__seed_0779__Urban_Environment_Public_toilet.png,82590,aa8e2495167204f71487c14d9297a2be46db15215c1642261c80dcc0ab7aefdd,-53.3235855,-2.63230109
2491,2492,G0499__S02__seed_0546,G0499,Urban_Environment_Public_toilet,2,picture_backed,Urban Environment,seed_0546,546,#d868a8,/mnt/zsn/lyb/arti-skill/exp/uniform531_n5_studio_256_v1/G0499__S02__seed_0546__Urban_Environment_Public_toilet.png,76381,07b061559ee398f5d2fb28ffec34ac145e5b81ea8144afc6e64940b6bb4c4dc1,-6.97267532,18.0540962
2492,2493,G0499__S03__seed_0217,G0499,Urban_Environment_Public_toilet,3,picture_backed,Urban Environment,seed_0217,217,#d868a8,/mnt/zsn/lyb/arti-skill/exp/uniform531_n5_studio_256_v1/G0499__S03__seed_0217__Urban_Environment_Public_toilet.png,80251,094610d2f4dc448777581204112d5efe7adc96a13456765febef26fc1dabc84a,-53.3447037,-3.20853996
2493,2494,G0499__S04__seed_0627,G0499,Urban_Environment_Public_toilet,4,picture_backed,Urban Environment,seed_0627,627,#d868a8,/mnt/zsn/lyb/arti-skill/exp/uniform531_n5_studio_256_v1/G0499__S04__seed_0627__Urban_Environment_Public_toilet.png,75504,407edad6e3affa5573924abc27d0d0d8668ba0024ce94ad0fcf5ee9309d23b78,-53.5458755,-1.3548317
2494,2495,G0499__S05__seed_0071,G0499,Urban_Environment_Public_toilet,5,picture_backed,Urban Environment,seed_0071,71,#d868a8,/mnt/zsn/lyb/arti-skill/exp/uniform531_n5_studio_256_v1/G0499__S05__seed_0071__Urban_Environment_Public_toilet.png,78314,794ce9cedfa0c88350e78336395c9378584b6cbcaf31630c000c80bac64d8d3f,-53.6807518,-2.0150342
2495,2496,G0500__S01__seed_0003,G0500,Urban_Environment_Public_toilet1,1,picture_backed,Urban Environment,seed_0003,3,#88a878,/mnt/zsn/lyb/arti-skill/exp/uniform531_n5_studio_256_v1/G0500__S01__seed_0003__Urban_Environment_Public_toilet1.png,73205,995fe756d330d407472c172f7363b151aa5b0343b60e1afc4b119d05ed91f87e,-6.98666239,18.0445786
2496,2497,G0500__S02__seed_0004,G0500,Urban_Environment_Public_toilet1,2,picture_backed,Urban Environment,seed_0004,4,#88a878,/mnt/zsn/lyb/arti-skill/exp/uniform531_n5_studio_256_v1/G0500__S02__seed_0004__Urban_Environment_Public_toilet1.png,83636,16f1aa247ed509acc6ecd4dc2360cc22b2705df85198a03e41e306ec772b8014,-53.4640503,-2.12029243
2497,2498,G0500__S03__seed_0013,G0500,Urban_Environment_Public_toilet1,3,picture_backed,Urban Environment,seed_0013,13,#88a878,/mnt/zsn/lyb/arti-skill/exp/uniform531_n5_studio_256_v1/G0500__S03__seed_0013__Urban_Environment_Public_toilet1.png,73752,5eb276b80c6c5cbbdce38c0d7c793f245ef1279ddfe88a65e0478c256b378286,-7.08513546,18.2352352
2498,2499,G0500__S04__seed_0001,G0500,Urban_Environment_Public_toilet1,4,picture_backed,Urban Environment,seed_0001,1,#88a878,/mnt/zsn/lyb/arti-skill/exp/uniform531_n5_studio_256_v1/G0500__S04__seed_0001__Urban_Environment_Public_toilet1.png,78420,4c684f3cc4873dacc1f64743719fd0cc543be263b2fd9cf40b47a6e6af4b7ed9,-30.6128159,8.09920788
2499,2500,G0500__S05__seed_0000,G0500,Urban_Environment_Public_toilet1,5,picture_backed,Urban Environment,seed_0000,0,#88a878,/mnt/zsn/lyb/arti-skill/exp/uniform531_n5_studio_256_v1/G0500__S05__seed_0000__Urban_Environment_Public_toilet1.png,73974,727f044e438a2efb6a3e593a53ed84c43e3057a5c834eeedbd239ddf566bf50a,-31.4205284,8.22320652
2500,2501,G0501__S01__seed_0066,G0501,Urban_Environment_Roof_antena,1,picture_backed,Urban Environment,seed_0066,66,#d82818,/mnt/zsn/lyb/arti-skill/exp/uniform531_n5_studio_256_v1/G0501__S01__seed_0066__Urban_Environment_Roof_antena.png,69655,1b7b09410b034eb1173a75e77f61cf28684dbfc9e3355f18133f0cfe5a454706,56.9633598,-6.3769598
2501,2502,G0501__S02__seed_0077,G0501,Urban_Environment_Roof_antena,2,picture_backed,Urban Environment,seed_0077,77,#d82818,/mnt/zsn/lyb/arti-skill/exp/uniform531_n5_studio_256_v1/G0501__S02__seed_0077__Urban_Environment_Roof_antena.png,69974,85c73e8d9c076b6bea5fece8466c65500241de36a1420a795f07c3e0f1f48706,56.3869209,-5.62388992
2502,2503,G0501__S03__seed_0005,G0501,Urban_Environment_Roof_antena,3,picture_backed,Urban Environment,seed_0005,5,#d82818,/mnt/zsn/lyb/arti-skill/exp/uniform531_n5_studio_256_v1/G0501__S03__seed_0005__Urban_Environment_Roof_antena.png,69821,9c8038202745dcde5565c4b083a6798b474e60ecca8abe9ef27a4bc1d64ec456,56.9357452,-7.14581919
2503,2504,G0501__S04__seed_0026,G0501,Urban_Environment_Roof_antena,4,picture_backed,Urban Environment,seed_0026,26,#d82818,/mnt/zsn/lyb/arti-skill/exp/uniform531_n5_studio_256_v1/G0501__S04__seed_0026__Urban_Environment_Roof_antena.png,68845,83a70bb76d72405f528ca0a5c5b9e1c2dc7fac2112271f16a850ee55562fc8b8,56.9598465,-7.08959055
2504,2505,G0501__S05__seed_0032,G0501,Urban_Environment_Roof_antena,5,picture_backed,Urban Environment,seed_0032,32,#d82818,/mnt/zsn/lyb/arti-skill/exp/uniform531_n5_studio_256_v1/G0501__S05__seed_0032__Urban_Environment_Roof_antena.png,71125,c6cab94b460cc40c629484c623df55c2a1f15505a961aaf4d0b045c9f4ae0421,57.375,-6.92195463
2505,2506,G0502__S01__seed_0117,G0502,Urban_Environment_sci_fi_satellite_dish,1,picture_backed,Urban Environment,seed_0117,117,#781848,/mnt/zsn/lyb/arti-skill/exp/uniform531_n5_studio_256_v1/G0502__S01__seed_0117__Urban_Environment_sci_fi_satellite_dish.png,83192,645af89faf5b276a3fa1393df035029b653c349d04f5efabad58cdb52c16d6da,25.4679604,-24.4415379
2506,2507,G0502__S02__seed_0016,G0502,Urban_Environment_sci_fi_satellite_dish,2,picture_backed,Urban Environment,seed_0016,16,#781848,/mnt/zsn/lyb/arti-skill/exp/uniform531_n5_studio_256_v1/G0502__S02__seed_0016__Urban_Environment_sci_fi_satellite_dish.png,84721,bd438984ead01c94f956891755267ea3b369ac9af1fadc9d8e941293c7633012,35.4365692,-18.7314758
2507,2508,G0502__S03__seed_0008,G0502,Urban_Environment_sci_fi_satellite_dish,3,picture_backed,Urban Environment,seed_0008,8,#781848,/mnt/zsn/lyb/arti-skill/exp/uniform531_n5_studio_256_v1/G0502__S03__seed_0008__Urban_Environment_sci_fi_satellite_dish.png,83588,d14b3c8582084d3fdc7cf96a18cd921103c53e65185563d5aa019d94f45daab9,25.3923302,-24.4882393
2508,2509,G0502__S04__seed_0070,G0502,Urban_Environment_sci_fi_satellite_dish,4,picture_backed,Urban Environment,seed_0070,70,#781848,/mnt/zsn/lyb/arti-skill/exp/uniform531_n5_studio_256_v1/G0502__S04__seed_0070__Urban_Environment_sci_fi_satellite_dish.png,88703,ca8cecba0f6672e4d0a56379207bebfb4397d59eb25670e2a0fdb1508faec0cd,35.3726883,-18.6832561
2509,2510,G0502__S05__seed_0010,G0502,Urban_Environment_sci_fi_satellite_dish,5,picture_backed,Urban Environment,seed_0010,10,#781848,/mnt/zsn/lyb/arti-skill/exp/uniform531_n5_studio_256_v1/G0502__S05__seed_0010__Urban_Environment_sci_fi_satellite_dish.png,85027,152578eec6a97763f13a817a05119fb65c4ef9c4d22050a44b28909ebd8a3bba,25.4001293,-24.4904804
2510,2511,G0503__S01__seed_2137,G0503,Urban_Environment_Tilt_Truck1,1,picture_backed,Urban Environment,seed_2137,2146,#8838c8,/mnt/zsn/lyb/arti-skill/exp/uniform531_n5_studio_256_v1/G0503__S01__seed_2137__Urban_Environment_Tilt_Truck1.png,81993,56c4f93a46d2e64f1f80d6f5a2463710207e459ad80424507b02e7b6e323bbca,3.45918083,63.646965
2511,2512,G0503__S02__seed_2132,G0503,Urban_Environment_Tilt_Truck1,2,picture_backed,Urban Environment,seed_2132,2141,#8838c8,/mnt/zsn/lyb/arti-skill/exp/uniform531_n5_studio_256_v1/G0503__S02__seed_2132__Urban_Environment_Tilt_Truck1.png,78425,e4389207b1274b9f516e6519d1f78daee673ae60176ef33c304d90396e4dd79e,3.56441832,63.1620293
2512,2513,G0503__S03__seed_0357,G0503,Urban_Environment_Tilt_Truck1,3,picture_backed,Urban Environment,seed_0357,360,#8838c8,/mnt/zsn/lyb/arti-skill/exp/uniform531_n5_studio_256_v1/G0503__S03__seed_0357__Urban_Environment_Tilt_Truck1.png,80492,7f164e51f701824eee78a76c08cbf7d04863e63a549ff1a1f7a904cea3394dae,4.07489681,63.7616081
2513,2514,G0503__S04__seed_2181,G0503,Urban_Environment_Tilt_Truck1,4,picture_backed,Urban Environment,seed_2181,2190,#8838c8,/mnt/zsn/lyb/arti-skill/exp/uniform531_n5_studio_256_v1/G0503__S04__seed_2181__Urban_Environment_Tilt_Truck1.png,80041,fd2cf5d9846649eef1b6fac7a80c66fa66d71a953334665291206a86c6b3c165,3.53208351,63.1291771
2514,2515,G0503__S05__seed_0988,G0503,Urban_Environment_Tilt_Truck1,5,picture_backed,Urban Environment,seed_0988,993,#8838c8,/mnt/zsn/lyb/arti-skill/exp/uniform531_n5_studio_256_v1/G0503__S05__seed_0988__Urban_Environment_Tilt_Truck1.png,78793,a05d2115837e1434fb6881bd54a735fe4b2a1e3a390f4fdebe488407acde75fc,3.82074618,62.7199211
2515,2516,G0504__S01__seed_0808,G0504,Urban_Environment_Tilt_Truck2,1,picture_backed,Urban Environment,seed_0808,808,#c818b8,/mnt/zsn/lyb/arti-skill/exp/uniform531_n5_studio_256_v1/G0504__S01__seed_0808__Urban_Environment_Tilt_Truck2.png,88166,e399dd3196e48c580d2842db993b586fe029d0c6fe3b9e979c3bd2266d505551,2.04713321,64.13591
2516,2517,G0504__S02__seed_0754,G0504,Urban_Environment_Tilt_Truck2,2,picture_backed,Urban Environment,seed_0754,754,#c818b8,/mnt/zsn/lyb/arti-skill/exp/uniform531_n5_studio_256_v1/G0504__S02__seed_0754__Urban_Environment_Tilt_Truck2.png,90069,1713722e8b646023b61c0cf9961102cc7fa1675498ed8bdb5d385ade523de44d,2.05523276,64.1343384
2517,2518,G0504__S03__seed_0449,G0504,Urban_Environment_Tilt_Truck2,3,picture_backed,Urban Environment,seed_0449,449,#c818b8,/mnt/zsn/lyb/arti-skill/exp/uniform531_n5_studio_256_v1/G0504__S03__seed_0449__Urban_Environment_Tilt_Truck2.png,84434,24f573641cbf63875ffe219c002d85467a2366ec96d3773e520f3595168ee5ed,2.15223813,63.8603363
2518,2519,G0504__S04__seed_0692,G0504,Urban_Environment_Tilt_Truck2,4,picture_backed,Urban Environment,seed_0692,692,#c818b8,/mnt/zsn/lyb/arti-skill/exp/uniform531_n5_studio_256_v1/G0504__S04__seed_0692__Urban_Environment_Tilt_Truck2.png,82034,e3facce1b2b0ab2dfc10d4baeb021f9548aa10ddd0ef81a1e10ce4a457147808,2.29386449,64.6395035
2519,2520,G0504__S05__seed_0568,G0504,Urban_Environment_Tilt_Truck2,5,picture_backed,Urban Environment,seed_0568,568,#c818b8,/mnt/zsn/lyb/arti-skill/exp/uniform531_n5_studio_256_v1/G0504__S05__seed_0568__Urban_Environment_Tilt_Truck2.png,86822,cad0045bc811dbe57db6157625a2dad328d17ac6736cdf6ed40b4550875491c5,2.46742272,64.0858536
2520,2521,G0505__S01__seed_0483,G0505,Urban_Environment_Trashcan1,1,picture_backed,Urban Environment,seed_0483,483,#684828,/mnt/zsn/lyb/arti-skill/exp/uniform531_n5_studio_256_v1/G0505__S01__seed_0483__Urban_Environment_Trashcan1.png,86299,dc08b1550c0846a8080cd933cd8553cf218847f6ecc9a6371aa611ccbc27ce6d,0.817263782,-36.9662323
2521,2522,G0505__S02__seed_0531,G0505,Urban_Environment_Trashcan1,2,picture_backed,Urban Environment,seed_0531,531,#684828,/mnt/zsn/lyb/arti-skill/exp/uniform531_n5_studio_256_v1/G0505__S02__seed_0531__Urban_Environment_Trashcan1.png,87009,3e78d3e41da16eb96bec9d780c0e963b2fe02647eea786377537250fa608e2d4,1.45640218,-33.2211647
2522,2523,G0505__S03__seed_0530,G0505,Urban_Environment_Trashcan1,3,picture_backed,Urban Environment,seed_0530,530,#684828,/mnt/zsn/lyb/arti-skill/exp/uniform531_n5_studio_256_v1/G0505__S03__seed_0530__Urban_Environment_Trashcan1.png,81881,87f41800d758abd8c810adceee6bed9fde9f4df4559464de5cd9d4b87fb72047,0.805943489,-36.9528503
2523,2524,G0505__S04__seed_0242,G0505,Urban_Environment_Trashcan1,4,picture_backed,Urban Environment,seed_0242,242,#684828,/mnt/zsn/lyb/arti-skill/exp/uniform531_n5_studio_256_v1/G0505__S04__seed_0242__Urban_Environment_Trashcan1.png,84011,c666341b99ac6bf126bbd07108f4963ffaf745aeacb19636b3fc177edf188e19,1.23377764,-36.0240593
2524,2525,G0505__S05__seed_0200,G0505,Urban_Environment_Trashcan1,5,picture_backed,Urban Environment,seed_0200,200,#684828,/mnt/zsn/lyb/arti-skill/exp/uniform531_n5_studio_256_v1/G0505__S05__seed_0200__Urban_Environment_Trashcan1.png,82734,1933cbb0bae3b0fcff2ca38baeb6f6b07abaf9673663f53adcfd152c3de59823,0.0744104907,-37.4219437
2525,2526,G0506__S01__seed_0081,G0506,Urban_Environment_Trashcan2,1,picture_backed,Urban Environment,seed_0081,86,#983848,/mnt/zsn/lyb/arti-skill/exp/uniform531_n5_studio_256_v1/G0506__S01__seed_0081__Urban_Environment_Trashcan2.png,83639,61c2fea32d23fc79d540570592a6cedafd4de0025fdd71bfd80908450c28a3b8,-19.7000427,-42.2134972
2526,2527,G0506__S02__seed_0040,G0506,Urban_Environment_Trashcan2,2,picture_backed,Urban Environment,seed_0040,43,#983848,/mnt/zsn/lyb/arti-skill/exp/uniform531_n5_studio_256_v1/G0506__S02__seed_0040__Urban_Environment_Trashcan2.png,74711,14a83904cc96b7f3607d9752a022a6180e9ba2230f1b03ff2eba50cb9f977834,-12.142271,-42.7389259
2527,2528,G0506__S03__seed_0050,G0506,Urban_Environment_Trashcan2,3,picture_backed,Urban Environment,seed_0050,54,#983848,/mnt/zsn/lyb/arti-skill/exp/uniform531_n5_studio_256_v1/G0506__S03__seed_0050__Urban_Environment_Trashcan2.png,78146,26d829d9d9e104e279459933fbf1382e1a613d8d226faa70302aac9afe2153a8,-21.0668411,-41.3128967
2528,2529,G0506__S04__seed_0061,G0506,Urban_Environment_Trashcan2,4,picture_backed,Urban Environment,seed_0061,65,#983848,/mnt/zsn/lyb/arti-skill/exp/uniform531_n5_studio_256_v1/G0506__S04__seed_0061__Urban_Environment_Trashcan2.png,72217,f2b90f4a006d963e281092408f8d2994eb62d239c3dd28f5d537f8913d2aec6e,-22.2013474,-40.7189331
2529,2530,G0506__S05__seed_0012,G0506,Urban_Environment_Trashcan2,5,picture_backed,Urban Environment,seed_0012,13,#983848,/mnt/zsn/lyb/arti-skill/exp/uniform531_n5_studio_256_v1/G0506__S05__seed_0012__Urban_Environment_Trashcan2.png,80895,cd870585c8a508427e772e670105575def45c8924aeb1ad2d79579ee8a346c3f,-12.5363503,-42.727581
2530,2531,G0507__S01__seed_2379,G0507,Urban_Environment_utility_box,1,picture_backed,Urban Environment,seed_2379,2390,#98b8d8,/mnt/zsn/lyb/arti-skill/exp/uniform531_n5_studio_256_v1/G0507__S01__seed_2379__Urban_Environment_utility_box.png,88355,95313c0407bcafa4ae5cb7e31b857706f81ba133ad8a7346225798ddc7015106,-46.4198647,-15.3971949
2531,2532,G0507__S02__seed_0877,G0507,Urban_Environment_utility_box,2,picture_backed,Urban Environment,seed_0877,881,#98b8d8,/mnt/zsn/lyb/arti-skill/exp/uniform531_n5_studio_256_v1/G0507__S02__seed_0877__Urban_Environment_utility_box.png,86194,e69d7d1da86c7e625731bae7ff9080a4840a1a837534ef24fde6884bca54d057,-52.0374985,-3.6375227
2532,2533,G0507__S03__seed_0458,G0507,Urban_Environment_utility_box,3,picture_backed,Urban Environment,seed_0458,460,#98b8d8,/mnt/zsn/lyb/arti-skill/exp/uniform531_n5_studio_256_v1/G0507__S03__seed_0458__Urban_Environment_utility_box.png,91549,22c2684e10b1a2a15fadc11d8c5c89f3e34d49b5e9db4c4f838bb3a9b0e95eef,-55.5781021,-7.18644524
2533,2534,G0507__S04__seed_1879,G0507,Urban_Environment_utility_box,4,picture_backed,Urban Environment,seed_1879,1888,#98b8d8,/mnt/zsn/lyb/arti-skill/exp/uniform531_n5_studio_256_v1/G0507__S04__seed_1879__Urban_Environment_utility_box.png,82920,a6ed31e6cb0663864313f87c5cbff30becabdd2638bccbe203fc5b75bceeddc5,-56.5515099,-7.40968084
2534,2535,G0507__S05__seed_1854,G0507,Urban_Environment_utility_box,5,picture_backed,Urban Environment,seed_1854,1863,#98b8d8,/mnt/zsn/lyb/arti-skill/exp/uniform531_n5_studio_256_v1/G0507__S05__seed_1854__Urban_Environment_utility_box.png,83732,78cfa802e701507f8a76fcced59d79615ab2041b12029784d62662854d1d1de5,-52.1467552,-3.76227045
2535,2536,G0508__S01__seed_0135,G0508,Urban_Environment_Well_lid,1,picture_backed,Urban Environment,seed_0135,161,#a898c8,/mnt/zsn/lyb/arti-skill/exp/uniform531_n5_studio_256_v1/G0508__S01__seed_0135__Urban_Environment_Well_lid.png,76848,99bfd670f0904cd313530c253984fdb013167c27391ce9db6607681dcf7c0a3e,0.882684171,-20.703455
2536,2537,G0508__S02__seed_0073,G0508,Urban_Environment_Well_lid,2,picture_backed,Urban Environment,seed_0073,87,#a898c8,/mnt/zsn/lyb/arti-skill/exp/uniform531_n5_studio_256_v1/G0508__S02__seed_0073__Urban_Environment_Well_lid.png,84255,67e2aa81382ee2c3f66382676e611bcffc1003f18e95b51b6f643acfc8ec0806,1.81216264,-21.8208752
2537,2538,G0508__S03__seed_0030,G0508,Urban_Environment_Well_lid,3,picture_backed,Urban Environment,seed_0030,34,#a898c8,/mnt/zsn/lyb/arti-skill/exp/uniform531_n5_studio_256_v1/G0508__S03__seed_0030__Urban_Environment_Well_lid.png,84307,5eeb5f9e93185f71f7d68eacda88ff177a5d4ccd7087e72c22abe639a0597fd9,1.07962608,-22.5666771
2538,2539,G0508__S04__seed_0074,G0508,Urban_Environment_Well_lid,4,picture_backed,Urban Environment,seed_0074,88,#a898c8,/mnt/zsn/lyb/arti-skill/exp/uniform531_n5_studio_256_v1/G0508__S04__seed_0074__Urban_Environment_Well_lid.png,76208,98c60e49b669774be65c4b7d2bf857f448126c3553bc5bb0ee812195f37a602a,0.380534887,-20.662653
2539,2540,G0508__S05__seed_0175,G0508,Urban_Environment_Well_lid,5,picture_backed,Urban Environment,seed_0175,211,#a898c8,/mnt/zsn/lyb/arti-skill/exp/uniform531_n5_studio_256_v1/G0508__S05__seed_0175__Urban_Environment_Well_lid.png,81886,8fda8283a0fcccf9b6260a5ea7df789b2ae57d92e22b1c1d148bc950d54f1a91,0.516390979,-21.5901375
2540,2541,G0509__S01__seed_1667,G0509,usb_drive_with_swivel_cover,1,builtin_no_picture,builtin_no_picture,seed_1667,1967,#b8a8d8,/mnt/zsn/lyb/arti-skill/exp/uniform531_n5_studio_256_v1/G0509__S01__seed_1667__usb_drive_with_swivel_cover.png,76613,513f718d0f2af57d7cbf25cfa43ae43600d4143063b2b4a8b3f2afb75cc31c7d,-14.7199221,26.3592243
2541,2542,G0509__S02__seed_1168,G0509,usb_drive_with_swivel_cover,2,builtin_no_picture,builtin_no_picture,seed_1168,1384,#b8a8d8,/mnt/zsn/lyb/arti-skill/exp/uniform531_n5_studio_256_v1/G0509__S02__seed_1168__usb_drive_with_swivel_cover.png,73935,5ff98b642864f3b7971c09b199c7d2f5d83cdd8f7134c2ca69e5cdc4f4882ac7,-19.6189346,3.80302429
2542,2543,G0509__S03__seed_2792,G0509,usb_drive_with_swivel_cover,3,builtin_no_picture,builtin_no_picture,seed_2792,3286,#b8a8d8,/mnt/zsn/lyb/arti-skill/exp/uniform531_n5_studio_256_v1/G0509__S03__seed_2792__usb_drive_with_swivel_cover.png,79957,47026c07274317b83a99e389bb4387ab526886a5c3d76f88fd58f117107baf3d,-24.088501,2.78211641
2543,2544,G0509__S04__seed_1552,G0509,usb_drive_with_swivel_cover,4,builtin_no_picture,builtin_no_picture,seed_1552,1828,#b8a8d8,/mnt/zsn/lyb/arti-skill/exp/uniform531_n5_studio_256_v1/G0509__S04__seed_1552__usb_drive_with_swivel_cover.png,81771,45551aa52f832419c555f2cfe2a11476d551afe398acf1dd34adf24f60988fcb,-19.1270809,3.95751882
2544,2545,G0509__S05__seed_2797,G0509,usb_drive_with_swivel_cover,5,builtin_no_picture,builtin_no_picture,seed_2797,3293,#b8a8d8,/mnt/zsn/lyb/arti-skill/exp/uniform531_n5_studio_256_v1/G0509__S05__seed_2797__usb_drive_with_swivel_cover.png,77261,f57fe43ef7e8f267132c383781af124656acb4eecf103aa93e6f0b72d0f5a81f,-14.600688,26.3885384
2545,2546,G0510__S01__seed_0655,G0510,vane_array_with_independent_pivots,1,builtin_no_picture,builtin_no_picture,seed_0655,783,#a84828,/mnt/zsn/lyb/arti-skill/exp/uniform531_n5_studio_256_v1/G0510__S01__seed_0655__vane_array_with_independent_pivots.png,90744,e72f8d65fbdcfbdb1c462be5250f4f99265afc0b111c1fc93102eb6bbb0b715e,-55.615654,-34.4466171
2546,2547,G0510__S02__seed_0498,G0510,vane_array_with_independent_pivots,2,builtin_no_picture,builtin_no_picture,seed_0498,600,#a84828,/mnt/zsn/lyb/arti-skill/exp/uniform531_n5_studio_256_v1/G0510__S02__seed_0498__vane_array_with_independent_pivots.png,97854,8f2e3ac06804b5768f4d938a35007ac9861d350507610100aa275e5997427877,-56.5173302,-35.9957199
2547,2548,G0510__S03__seed_0694,G0510,vane_array_with_independent_pivots,3,builtin_no_picture,builtin_no_picture,seed_0694,833,#a84828,/mnt/zsn/lyb/arti-skill/exp/uniform531_n5_studio_256_v1/G0510__S03__seed_0694__vane_array_with_independent_pivots.png,90684,5d37cf93842104c253d175c8112097bff6ba661b22cefebea33a9dd9a2a03c55,-56.7404938,-38.4937859
2548,2549,G0510__S04__seed_0188,G0510,vane_array_with_independent_pivots,4,builtin_no_picture,builtin_no_picture,seed_0188,226,#a84828,/mnt/zsn/lyb/arti-skill/exp/uniform531_n5_studio_256_v1/G0510__S04__seed_0188__vane_array_with_independent_pivots.png,89979,2f9f3f73e6c42ff6d7238a3f80217ea4c7b98e98b86e75922213a245da261fc6,-55.1702499,-34.1294022
2549,2550,G0510__S05__seed_0386,G0510,vane_array_with_independent_pivots,5,builtin_no_picture,builtin_no_picture,seed_0386,460,#a84828,/mnt/zsn/lyb/arti-skill/exp/uniform531_n5_studio_256_v1/G0510__S05__seed_0386__vane_array_with_independent_pivots.png,90626,fe3ca8362d21d7b209484467ed93f504c44b92871b19f2fed52fbf457ddfa380,-56.2207794,-35.1028214
2550,2551,G0511__S01__seed_0000,G0511,Vehicle_Sports_car,1,picture_backed,Vehicle,seed_0000,0,#883868,/mnt/zsn/lyb/arti-skill/exp/uniform531_n5_studio_256_v1/G0511__S01__seed_0000__Vehicle_Sports_car.png,85304,1eb23d2b53320a5260bc7cea9a68c08dba82d8b438fab1398b1ef2d8172ca6f3,4.95652008,46.7528801
2551,2552,G0511__S02__seed_0205,G0511,Vehicle_Sports_car,2,picture_backed,Vehicle,seed_0205,206,#883868,/mnt/zsn/lyb/arti-skill/exp/uniform531_n5_studio_256_v1/G0511__S02__seed_0205__Vehicle_Sports_car.png,78505,8dbab40e5518db230cb991d58f7a71157bc445121395cf96dd87bf22d6b56da8,5.34805059,46.2226715
2552,2553,G0511__S03__seed_0107,G0511,Vehicle_Sports_car,3,picture_backed,Vehicle,seed_0107,107,#883868,/mnt/zsn/lyb/arti-skill/exp/uniform531_n5_studio_256_v1/G0511__S03__seed_0107__Vehicle_Sports_car.png,85004,c7b01d60e531764873eeb6f1c573afdde6134d8609948edf0f98bc2f65c521df,5.12212133,46.4099655
2553,2554,G0511__S04__seed_0587,G0511,Vehicle_Sports_car,4,picture_backed,Vehicle,seed_0587,591,#883868,/mnt/zsn/lyb/arti-skill/exp/uniform531_n5_studio_256_v1/G0511__S04__seed_0587__Vehicle_Sports_car.png,87113,7dddee128952d43b00ad6a96feb0e1579a897d30e52b7190a61ec6b715aa183f,5.29253912,46.6110725
2554,2555,G0511__S05__seed_0450,G0511,Vehicle_Sports_car,5,picture_backed,Vehicle,seed_0450,454,#883868,/mnt/zsn/lyb/arti-skill/exp/uniform531_n5_studio_256_v1/G0511__S05__seed_0450__Vehicle_Sports_car.png,82631,0df924e8fa23dd8eeaf6cbcd805c3065b7f056d0dbf5cf3466ff35130844c960,4.90638304,46.3155289
2555,2556,G0512__S01__seed_0026,G0512,waffle_maker,1,picture_backed,0611,seed_0026,26,#886828,/mnt/zsn/lyb/arti-skill/exp/uniform531_n5_studio_256_v1/G0512__S01__seed_0026__waffle_maker.png,83160,ea481090e9126a4aa076aa824f3efd4093009e654a534a3637fb91e70d9d1a63,-3.14457846,-26.6815987
2556,2557,G0512__S02__seed_0033,G0512,waffle_maker,2,picture_backed,0611,seed_0033,33,#886828,/mnt/zsn/lyb/arti-skill/exp/uniform531_n5_studio_256_v1/G0512__S02__seed_0033__waffle_maker.png,86251,d51a7eda1704fac00457c044565c0732031f5406ccff741b6542411191c8a436,-3.2330389,-26.6559219
2557,2558,G0512__S03__seed_0017,G0512,waffle_maker,3,picture_backed,0611,seed_0017,17,#886828,/mnt/zsn/lyb/arti-skill/exp/uniform531_n5_studio_256_v1/G0512__S03__seed_0017__waffle_maker.png,86995,e4ca0813395daf471ba68743d7d6e3c6d9174e2110677627c466777c01c736be,-20.8048897,6.1659627
2558,2559,G0512__S04__seed_0020,G0512,waffle_maker,4,picture_backed,0611,seed_0020,20,#886828,/mnt/zsn/lyb/arti-skill/exp/uniform531_n5_studio_256_v1/G0512__S04__seed_0020__waffle_maker.png,86400,08eea28a73819306804ad8c13325c8be7139a084a298564af7b4007f87146dfd,-20.3983192,6.61508512
2559,2560,G0512__S05__seed_0005,G0512,waffle_maker,5,picture_backed,0611,seed_0005,5,#886828,/mnt/zsn/lyb/arti-skill/exp/uniform531_n5_studio_256_v1/G0512__S05__seed_0005__waffle_maker.png,81150,06c0d4aeaff16b196f7a6e1a2a8fa5afa8eb9b53b97b4f21ec03a7dcef7d1a97,-20.6133175,6.43238592
2560,2561,G0513__S01__seed_0036,G0513,walking_cane,1,picture_backed,0611,seed_0036,50,#7878c8,/mnt/zsn/lyb/arti-skill/exp/uniform531_n5_studio_256_v1/G0513__S01__seed_0036__walking_cane.png,70845,15a864894691639d3f8b10dec9735388d8e93d1dfea1575dbf4302d5c523077d,59.5020142,-10.9874477
2561,2562,G0513__S02__seed_0015,G0513,walking_cane,2,picture_backed,0611,seed_0015,25,#7878c8,/mnt/zsn/lyb/arti-skill/exp/uniform531_n5_studio_256_v1/G0513__S02__seed_0015__walking_cane.png,68585,afa5f5036ff672e067153429a01a7b51596333ad723d417fe19c45270cb4f0b9,58.7027206,-12.7980785
2562,2563,G0513__S03__seed_0040,G0513,walking_cane,3,picture_backed,0611,seed_0040,55,#7878c8,/mnt/zsn/lyb/arti-skill/exp/uniform531_n5_studio_256_v1/G0513__S03__seed_0040__walking_cane.png,69209,600c64ef70cf10d16e35e06014f98800fd96ec9efe0a626a73af5c4bd8f285d4,58.1135139,-12.1476135
2563,2564,G0513__S04__seed_0011,G0513,walking_cane,4,picture_backed,0611,seed_0011,18,#7878c8,/mnt/zsn/lyb/arti-skill/exp/uniform531_n5_studio_256_v1/G0513__S04__seed_0011__walking_cane.png,70947,6d9f5802b224e13593fb956b0a40c1795726ed1ea30088866457a24f759a7b23,60.1265945,-11.6825285
2564,2565,G0513__S05__seed_0023,G0513,walking_cane,5,picture_backed,0611,seed_0023,36,#7878c8,/mnt/zsn/lyb/arti-skill/exp/uniform531_n5_studio_256_v1/G0513__S05__seed_0023__walking_cane.png,70939,7b6ac554e04bf82f797b1ea2894098f0d55ebc41be145be0da34a8bc04655ad2,59.0267334,-11.260541
2565,2566,G0514__S01__seed_1759,G0514,wall_safe_with_hinged_door_and_dial,1,builtin_no_picture,builtin_no_picture,seed_1759,1759,#b8a868,/mnt/zsn/lyb/arti-skill/exp/uniform531_n5_studio_256_v1/G0514__S01__seed_1759__wall_safe_with_hinged_door_and_dial.png,92495,7652be71c23380d7779898dba3150ee012aba1cd430eb72efb0644804675efcb,-58.883728,-9.51296329
2566,2567,G0514__S02__seed_0573,G0514,wall_safe_with_hinged_door_and_dial,2,builtin_no_picture,builtin_no_picture,seed_0573,573,#b8a868,/mnt/zsn/lyb/arti-skill/exp/uniform531_n5_studio_256_v1/G0514__S02__seed_0573__wall_safe_with_hinged_door_and_dial.png,91864,487c1689161952e5396c1972ae114aa1f1e313f7f73516f75c1c962b56bfda40,-58.7129745,-9.68122768
2567,2568,G0514__S03__seed_2728,G0514,wall_safe_with_hinged_door_and_dial,3,builtin_no_picture,builtin_no_picture,seed_2728,2728,#b8a868,/mnt/zsn/lyb/arti-skill/exp/uniform531_n5_studio_256_v1/G0514__S03__seed_2728__wall_safe_with_hinged_door_and_dial.png,91752,fc95d3b4753c9129db7037edfb07da2ed26df541aa7d3e59ed184e3e3a63dbe6,-59.3327866,-9.60030842
2568,2569,G0514__S04__seed_2884,G0514,wall_safe_with_hinged_door_and_dial,4,builtin_no_picture,builtin_no_picture,seed_2884,2884,#b8a868,/mnt/zsn/lyb/arti-skill/exp/uniform531_n5_studio_256_v1/G0514__S04__seed_2884__wall_safe_with_hinged_door_and_dial.png,91063,5b72dfb8fc907cba7935ca5c0c4a58875de2af953b13c7407e4ed4f382d5211e,-59.2278786,-10.0138712
2569,2570,G0514__S05__seed_2144,G0514,wall_safe_with_hinged_door_and_dial,5,builtin_no_picture,builtin_no_picture,seed_2144,2144,#b8a868,/mnt/zsn/lyb/arti-skill/exp/uniform531_n5_studio_256_v1/G0514__S05__seed_2144__wall_safe_with_hinged_door_and_dial.png,84392,f99cbf917ba317d3f02feace416ab22f6d8bed618263cbb016fd8389530ef78c,-59.909996,-10.3645477
2570,2571,G0515__S01__seed_0300,G0515,watch,1,picture_backed,0611,seed_0300,300,#5858d8,/mnt/zsn/lyb/arti-skill/exp/uniform531_n5_studio_256_v1/G0515__S01__seed_0300__watch.png,73488,805f07e63a3dd0130c4fb02a7271db9ade9a2fb68f428734cedbf66f4516d1d3,44.0709763,22.5740318
2571,2572,G0515__S02__seed_1211,G0515,watch,2,picture_backed,0611,seed_1211,1211,#5858d8,/mnt/zsn/lyb/arti-skill/exp/uniform531_n5_studio_256_v1/G0515__S02__seed_1211__watch.png,73841,cdb9de552c037c902bd1c735fbb2728b6a3f896e785200017be253fbf1788da8,44.0433846,22.3871937
2572,2573,G0515__S03__seed_1293,G0515,watch,3,picture_backed,0611,seed_1293,1293,#5858d8,/mnt/zsn/lyb/arti-skill/exp/uniform531_n5_studio_256_v1/G0515__S03__seed_1293__watch.png,72692,e566f1240c899730c0ba7e86a1ff73095661e7cc5669d8a0e7eec0d1c919746c,44.3109245,21.5246582
2573,2574,G0515__S04__seed_1326,G0515,watch,4,picture_backed,0611,seed_1326,1326,#5858d8,/mnt/zsn/lyb/arti-skill/exp/uniform531_n5_studio_256_v1/G0515__S04__seed_1326__watch.png,72700,9c013dacc0a7441b2a99ed3fb408e29da9f831cb784e27b8c7a6cb6c25b38b4b,44.1877441,22.0163231
2574,2575,G0515__S05__seed_0542,G0515,watch,5,picture_backed,0611,seed_0542,542,#5858d8,/mnt/zsn/lyb/arti-skill/exp/uniform531_n5_studio_256_v1/G0515__S05__seed_0542__watch.png,74139,d2ee377060de216b7a4c01c590a5451069dc7ea1223ed901459e05dc2a276d85,43.9665794,21.7560596
2575,2576,G0516__S01__seed_0749,G0516,water_filter_pump,1,picture_backed,Camping_Outdoor Gear,seed_0749,871,#2818b8,/mnt/zsn/lyb/arti-skill/exp/uniform531_n5_studio_256_v1/G0516__S01__seed_0749__water_filter_pump.png,71101,2a3ceff26db5840d6647908e29401f89b756677cbe3c843f86a5d723025e8dc4,17.0028896,-48.1137123
2576,2577,G0516__S02__seed_1121,G0516,water_filter_pump,2,picture_backed,Camping_Outdoor Gear,seed_1121,1302,#2818b8,/mnt/zsn/lyb/arti-skill/exp/uniform531_n5_studio_256_v1/G0516__S02__seed_1121__water_filter_pump.png,75609,0cf06ce773088a83fcabc8332e4e5ee3d4b25f51d93dcd1c0c4f9b6588cc80f3,14.8921261,-49.3263588
2577,2578,G0516__S03__seed_0839,G0516,water_filter_pump,3,picture_backed,Camping_Outdoor Gear,seed_0839,976,#2818b8,/mnt/zsn/lyb/arti-skill/exp/uniform531_n5_studio_256_v1/G0516__S03__seed_0839__water_filter_pump.png,72304,7b0e4aea8e12c71c20aa5f1dd5b31bc301a80c3802bcd1d911ac2cc9ecd6b8de,14.9675102,-49.6482048
2578,2579,G0516__S04__seed_0944,G0516,water_filter_pump,4,picture_backed,Camping_Outdoor Gear,seed_0944,1096,#2818b8,/mnt/zsn/lyb/arti-skill/exp/uniform531_n5_studio_256_v1/G0516__S04__seed_0944__water_filter_pump.png,74391,0079ff78720e819788b0eacf40ae679f27ada094941f3a993cdcce22caee601b,14.7571955,-49.3034096
2579,2580,G0516__S05__seed_0081,G0516,water_filter_pump,5,picture_backed,Camping_Outdoor Gear,seed_0081,93,#2818b8,/mnt/zsn/lyb/arti-skill/exp/uniform531_n5_studio_256_v1/G0516__S05__seed_0081__water_filter_pump.png,74180,8f8478d642d009bbd388249f0b29de195ba7ce816feb84dd0030d01695e45f9f,17.0932159,-48.2547417
2580,2581,G0517__S01__seed_0196,G0517,watering_can,1,picture_backed,Agricultural,seed_0196,198,#886848,/mnt/zsn/lyb/arti-skill/exp/uniform531_n5_studio_256_v1/G0517__S01__seed_0196__watering_can.png,79103,e6edb44c7619e078dc4f0aa45f677aaa804cd7b9500b28894cdf77c7250bcaed,2.8394711,-39.9149704
2581,2582,G0517__S02__seed_0051,G0517,watering_can,2,picture_backed,Agricultural,seed_0051,51,#886848,/mnt/zsn/lyb/arti-skill/exp/uniform531_n5_studio_256_v1/G0517__S02__seed_0051__watering_can.png,78992,bc937530a7d28d0ca684306d6707504bf713588a627cb89f85b15ee5bcdfa521,8.27898312,-36.3234978
2582,2583,G0517__S03__seed_0378,G0517,watering_can,3,picture_backed,Agricultural,seed_0378,382,#886848,/mnt/zsn/lyb/arti-skill/exp/uniform531_n5_studio_256_v1/G0517__S03__seed_0378__watering_can.png,72185,05fc1d283de07edfed70f2e94083ecead66fe52255206d5bba452b138dec22a5,2.50387478,-39.7786369
2583,2584,G0517__S04__seed_0062,G0517,watering_can,4,picture_backed,Agricultural,seed_0062,62,#886848,/mnt/zsn/lyb/arti-skill/exp/uniform531_n5_studio_256_v1/G0517__S04__seed_0062__watering_can.png,74498,9774b88641af6fec7eaccb9ae592b71714bc5ce7695f52e19438d38ae238c7fe,1.73932874,-39.0085526
2584,2585,G0517__S05__seed_0030,G0517,watering_can,5,picture_backed,Agricultural,seed_0030,30,#886848,/mnt/zsn/lyb/arti-skill/exp/uniform531_n5_studio_256_v1/G0517__S05__seed_0030__watering_can.png,80779,f35b69f8d24c25cc6af20217560e891ac57a6415fbd01487435764516cc556d4,1.44776595,-38.7711105
2585,2586,G0518__S01__seed_0026,G0518,wheelbarrow,1,builtin_no_picture,builtin_no_picture,seed_0026,26,#d8a898,/mnt/zsn/lyb/arti-skill/exp/uniform531_n5_studio_256_v1/G0518__S01__seed_0026__wheelbarrow.png,80107,bd6d52f490a68dafbf294fdfd016f8a42e4b544f2e8f88547935153387387182,7.38244629,59.5214577
2586,2587,G0518__S02__seed_0636,G0518,wheelbarrow,2,builtin_no_picture,builtin_no_picture,seed_0636,637,#d8a898,/mnt/zsn/lyb/arti-skill/exp/uniform531_n5_studio_256_v1/G0518__S02__seed_0636__wheelbarrow.png,79818,7bf794e6f8d660331206ad1e1784fd6480bdcc6e663336d17b17361661868c71,7.12970209,59.8361893
2587,2588,G0518__S03__seed_0588,G0518,wheelbarrow,3,builtin_no_picture,builtin_no_picture,seed_0588,589,#d8a898,/mnt/zsn/lyb/arti-skill/exp/uniform531_n5_studio_256_v1/G0518__S03__seed_0588__wheelbarrow.png,81759,310f9a1047e88d500e8ab8b84faa6c74eb443203b7aff5faf6018ea2a8613446,7.18103075,60.1291008
2588,2589,G0518__S04__seed_0349,G0518,wheelbarrow,4,builtin_no_picture,builtin_no_picture,seed_0349,349,#d8a898,/mnt/zsn/lyb/arti-skill/exp/uniform531_n5_studio_256_v1/G0518__S04__seed_0349__wheelbarrow.png,80698,054feab1068a2476d5d3ae0580b9e7f90a7b48beb528c1a850529186224ca6bf,6.84926939,60.2557106
2589,2590,G0518__S05__seed_0233,G0518,wheelbarrow,5,builtin_no_picture,builtin_no_picture,seed_0233,233,#d8a898,/mnt/zsn/lyb/arti-skill/exp/uniform531_n5_studio_256_v1/G0518__S05__seed_0233__wheelbarrow.png,79689,c10ae335b4f400f0faf86a19ccd21f4c4a887e587a6a47a77905f7e8c4f572f2,7.83374977,59.9454613
2590,2591,G0519__S01__seed_0395,G0519,wheelie_bin_with_hinged_lid,1,builtin_no_picture,builtin_no_picture,seed_0395,395,#b838a8,/mnt/zsn/lyb/arti-skill/exp/uniform531_n5_studio_256_v1/G0519__S01__seed_0395__wheelie_bin_with_hinged_lid.png,81129,cb544650a5853a3652d56185a1e6fff4fb22be610930a7b184fc3dd2996a0b67,-38.8380585,-2.64002633
2591,2592,G0519__S02__seed_0249,G0519,wheelie_bin_with_hinged_lid,2,builtin_no_picture,builtin_no_picture,seed_0249,249,#b838a8,/mnt/zsn/lyb/arti-skill/exp/uniform531_n5_studio_256_v1/G0519__S02__seed_0249__wheelie_bin_with_hinged_lid.png,79646,996d649aa232bc573d038cb71d4829001a2cfdb01b2837e28948d7ddfb71c90d,-38.736248,-2.57589626
2592,2593,G0519__S03__seed_0331,G0519,wheelie_bin_with_hinged_lid,3,builtin_no_picture,builtin_no_picture,seed_0331,331,#b838a8,/mnt/zsn/lyb/arti-skill/exp/uniform531_n5_studio_256_v1/G0519__S03__seed_0331__wheelie_bin_with_hinged_lid.png,75696,12d0d104b5ce7a6dbfaf6c7cf0bfe390bc9a70bfa8a4054a8f86685613dd235b,-38.6596603,-2.35714316
2593,2594,G0519__S04__seed_0360,G0519,wheelie_bin_with_hinged_lid,4,builtin_no_picture,builtin_no_picture,seed_0360,360,#b838a8,/mnt/zsn/lyb/arti-skill/exp/uniform531_n5_studio_256_v1/G0519__S04__seed_0360__wheelie_bin_with_hinged_lid.png,73721,cf7aa9149ab9a490a37a281e9180234ca40274c9beef0e384ed371e293ecbe4f,-38.1340256,-2.78246117
2594,2595,G0519__S05__seed_0530,G0519,wheelie_bin_with_hinged_lid,5,builtin_no_picture,builtin_no_picture,seed_0530,530,#b838a8,/mnt/zsn/lyb/arti-skill/exp/uniform531_n5_studio_256_v1/G0519__S05__seed_0530__wheelie_bin_with_hinged_lid.png,76806,bd324d2eb665d0730f586ff657991b0fcdefe7c77bdb2fb7125802a0a1671014,-38.9966164,-2.47117424
2595,2596,G0520__S01__seed_0019,G0520,whiteboard_easel,1,picture_backed,Workspace,seed_0019,24,#e868e8,/mnt/zsn/lyb/arti-skill/exp/uniform531_n5_studio_256_v1/G0520__S01__seed_0019__whiteboard_easel.png,81378,181f3735e13d47f0543dddd3df949b1525867b7343f3a32840a4dcd3e37f8a96,-39.3009262,16.2979317
2596,2597,G0520__S02__seed_0004,G0520,whiteboard_easel,2,picture_backed,Workspace,seed_0004,5,#e868e8,/mnt/zsn/lyb/arti-skill/exp/uniform531_n5_studio_256_v1/G0520__S02__seed_0004__whiteboard_easel.png,72974,0d45c7254eabe6f24a29e0d1b4bbdd82f834b40a0a93cd4a695dd79431c2e312,-37.6562462,15.3233194
2597,2598,G0520__S03__seed_0016,G0520,whiteboard_easel,3,picture_backed,Workspace,seed_0016,20,#e868e8,/mnt/zsn/lyb/arti-skill/exp/uniform531_n5_studio_256_v1/G0520__S03__seed_0016__whiteboard_easel.png,80010,bb10555c6da3b460f5006c273c773f616a1c8974de152fd1a3668aaaa3f37730,-39.3254395,16.307806
2598,2599,G0520__S04__seed_0014,G0520,whiteboard_easel,4,picture_backed,Workspace,seed_0014,18,#e868e8,/mnt/zsn/lyb/arti-skill/exp/uniform531_n5_studio_256_v1/G0520__S04__seed_0014__whiteboard_easel.png,84124,83d58581e3de656474bd1ca2b8b16f3ec483792079e97cea2378febd8fc23060,-39.3235855,16.3394279
2599,2600,G0520__S05__seed_0010,G0520,whiteboard_easel,5,picture_backed,Workspace,seed_0010,14,#e868e8,/mnt/zsn/lyb/arti-skill/exp/uniform531_n5_studio_256_v1/G0520__S05__seed_0010__whiteboard_easel.png,76889,845a8676f6225bd4a54cb26b101b61f3f5e1bf71604c9ac0987297e63b515ed8,-37.6179657,15.3005314
2600,2601,G0521__S01__seed_0651,G0521,wind_turbine,1,builtin_no_picture,builtin_no_picture,seed_0651,708,#a83878,/mnt/zsn/lyb/arti-skill/exp/uniform531_n5_studio_256_v1/G0521__S01__seed_0651__wind_turbine.png,75211,1b1d94c72c7df4d92435b02b60342e25e4cdc4f627f801bbf7c122fa903e5fef,34.3509293,3.39629388
2601,2602,G0521__S02__seed_0017,G0521,wind_turbine,2,builtin_no_picture,builtin_no_picture,seed_0017,20,#a83878,/mnt/zsn/lyb/arti-skill/exp/uniform531_n5_studio_256_v1/G0521__S02__seed_0017__wind_turbine.png,72997,dc573a89635382fc0cc226f8237484179a8aadd6de8bd0568614c584ed912d70,34.7868958,3.58531904
2602,2603,G0521__S03__seed_0690,G0521,wind_turbine,3,builtin_no_picture,builtin_no_picture,seed_0690,752,#a83878,/mnt/zsn/lyb/arti-skill/exp/uniform531_n5_studio_256_v1/G0521__S03__seed_0690__wind_turbine.png,71132,96a071605717913723536718ec92e1c01898d5a672857dba4aaec92b81745fb0,35.0336494,3.78851414
2603,2604,G0521__S04__seed_0046,G0521,wind_turbine,4,builtin_no_picture,builtin_no_picture,seed_0046,53,#a83878,/mnt/zsn/lyb/arti-skill/exp/uniform531_n5_studio_256_v1/G0521__S04__seed_0046__wind_turbine.png,75782,227f6d2506361f1b36a967ed490893981b6cf8b8a7612d07208046d2cae9c25f,34.4101028,3.36086178
2604,2605,G0521__S05__seed_0853,G0521,wind_turbine,5,builtin_no_picture,builtin_no_picture,seed_0853,928,#a83878,/mnt/zsn/lyb/arti-skill/exp/uniform531_n5_studio_256_v1/G0521__S05__seed_0853__wind_turbine.png,74801,7f77200fe7a946120be38c322fff08ae16f9a080ec35db3ee429d78dbf7e35bd,34.7231522,3.67713761
2605,2606,G0522__S01__seed_0562,G0522,Window_Sliding_window,1,picture_backed,Window,seed_0562,678,#98d858,/mnt/zsn/lyb/arti-skill/exp/uniform531_n5_studio_256_v1/G0522__S01__seed_0562__Window_Sliding_window.png,85192,51c3c5324aec05babf33e7d4fbc20c87cf11926f4adda8021e15e96fec3e5f5f,-50.2402077,-34.5144539
2606,2607,G0522__S02__seed_1020,G0522,Window_Sliding_window,2,picture_backed,Window,seed_1020,1226,#98d858,/mnt/zsn/lyb/arti-skill/exp/uniform531_n5_studio_256_v1/G0522__S02__seed_1020__Window_Sliding_window.png,89867,318ab5faf66f8653a745026977b532172375461ddd732fff9adc474c8ca0ea23,-50.2010269,-34.750843
2607,2608,G0522__S03__seed_0692,G0522,Window_Sliding_window,3,picture_backed,Window,seed_0692,839,#98d858,/mnt/zsn/lyb/arti-skill/exp/uniform531_n5_studio_256_v1/G0522__S03__seed_0692__Window_Sliding_window.png,84949,0c053d14c4cc3530ed26714e68c26fa4b2253127d4d18e34692ace28072c98e8,-50.6120796,-33.35215
2608,2609,G0522__S04__seed_0839,G0522,Window_Sliding_window,4,picture_backed,Window,seed_0839,1016,#98d858,/mnt/zsn/lyb/arti-skill/exp/uniform531_n5_studio_256_v1/G0522__S04__seed_0839__Window_Sliding_window.png,86711,e721f8c3944d2776dc64f55e5c68f96aaf20aecc4b911fe10042b9f2279038c8,-48.8341637,-30.0446854
2609,2610,G0522__S05__seed_0387,G0522,Window_Sliding_window,5,picture_backed,Window,seed_0387,467,#98d858,/mnt/zsn/lyb/arti-skill/exp/uniform531_n5_studio_256_v1/G0522__S05__seed_0387__Window_Sliding_window.png,79824,97ba43cc53261e63a657e61155d5f7962afbe0fad8fd0df2573fe47bd10040ad,-50.3653183,-35.1827545
2610,2611,G0523__S01__seed_0022,G0523,Window_Window,1,picture_backed,Window,seed_0022,22,#d88868,/mnt/zsn/lyb/arti-skill/exp/uniform531_n5_studio_256_v1/G0523__S01__seed_0022__Window_Window.png,84852,e9419b17d83527a835fbfcc879bac599239eeb52bcf4404b17a8c9d84a23af74,-48.1521835,-43.8851013
2611,2612,G0523__S02__seed_0025,G0523,Window_Window,2,picture_backed,Window,seed_0025,25,#d88868,/mnt/zsn/lyb/arti-skill/exp/uniform531_n5_studio_256_v1/G0523__S02__seed_0025__Window_Window.png,75219,4afd39801a9a2909151d23b15d16258ce97267e9ace854c29d6088a45e11745e,-48.4184723,-40.077179
2612,2613,G0523__S03__seed_0004,G0523,Window_Window,3,picture_backed,Window,seed_0004,4,#d88868,/mnt/zsn/lyb/arti-skill/exp/uniform531_n5_studio_256_v1/G0523__S03__seed_0004__Window_Window.png,83335,7ed97ee5741f6e8903cf70a206da22eb083297e8eef648008a9342db0434a5ed,-48.8263817,-38.3146629
2613,2614,G0523__S04__seed_0011,G0523,Window_Window,4,picture_backed,Window,seed_0011,11,#d88868,/mnt/zsn/lyb/arti-skill/exp/uniform531_n5_studio_256_v1/G0523__S04__seed_0011__Window_Window.png,77198,933afbf4ee0b51bed07e0d3d05a26023c8c8073214f39b060e4d24b15740e162,-48.1374168,-39.2417984
2614,2615,G0523__S05__seed_0013,G0523,Window_Window,5,picture_backed,Window,seed_0013,13,#d88868,/mnt/zsn/lyb/arti-skill/exp/uniform531_n5_studio_256_v1/G0523__S05__seed_0013__Window_Window.png,79526,52e28d8e20de72f55911416c74ad778c971ce33ba4c7f309be7b0972526a0090,-48.2124443,-38.8006897
2615,2616,G0524__S01__seed_0098,G0524,windshield_wiper_assembly,1,builtin_no_picture,builtin_no_picture,seed_0098,98,#98c8a8,/mnt/zsn/lyb/arti-skill/exp/uniform531_n5_studio_256_v1/G0524__S01__seed_0098__windshield_wiper_assembly.png,72412,881d973308e083d4af28c9fd958c5db0d76feeb9d646f3b569a1a3656c2a4ed2,26.7350426,17.3875771
2616,2617,G0524__S02__seed_0189,G0524,windshield_wiper_assembly,2,builtin_no_picture,builtin_no_picture,seed_0189,190,#98c8a8,/mnt/zsn/lyb/arti-skill/exp/uniform531_n5_studio_256_v1/G0524__S02__seed_0189__windshield_wiper_assembly.png,70426,0f0a1d93562ab626c043e22cf10bb7522facdf6762b605574c0638550483c553,38.1501846,25.1570301
2617,2618,G0524__S03__seed_0079,G0524,windshield_wiper_assembly,3,builtin_no_picture,builtin_no_picture,seed_0079,79,#98c8a8,/mnt/zsn/lyb/arti-skill/exp/uniform531_n5_studio_256_v1/G0524__S03__seed_0079__windshield_wiper_assembly.png,71963,b1cf2ffe88bb8de12a602cd738dae46a1b384fea7e4be87a4a21a3a10a255ce3,30.0992489,5.32389593
2618,2619,G0524__S04__seed_0092,G0524,windshield_wiper_assembly,4,builtin_no_picture,builtin_no_picture,seed_0092,92,#98c8a8,/mnt/zsn/lyb/arti-skill/exp/uniform531_n5_studio_256_v1/G0524__S04__seed_0092__windshield_wiper_assembly.png,70315,b0b38ebd7163bc196e0deef7547a2b1b772f4ce6c9f30318cdcc50510df84ced,38.2490311,25.3392963
2619,2620,G0524__S05__seed_0206,G0524,windshield_wiper_assembly,5,builtin_no_picture,builtin_no_picture,seed_0206,207,#98c8a8,/mnt/zsn/lyb/arti-skill/exp/uniform531_n5_studio_256_v1/G0524__S05__seed_0206__windshield_wiper_assembly.png,70206,a6db65ded96f35cad5833049e63be0f4e6d2c29b123813527c277bda855ec9e6,38.3451767,25.601675
2620,2621,G0525__S01__seed_0153,G0525,wine_cabinet,1,picture_backed,0611,seed_0153,155,#d81888,/mnt/zsn/lyb/arti-skill/exp/uniform531_n5_studio_256_v1/G0525__S01__seed_0153__wine_cabinet.png,90092,9845e190faa0d3d6127aaa1e1258060664eb4aedb535e2ca53848ec7761d3e18,-52.9815941,11.6451435
2621,2622,G0525__S02__seed_0318,G0525,wine_cabinet,2,picture_backed,0611,seed_0318,321,#d81888,/mnt/zsn/lyb/arti-skill/exp/uniform531_n5_studio_256_v1/G0525__S02__seed_0318__wine_cabinet.png,78899,ed77f33885c4865f3db56c3c5755a9f78e81308455b4170d0de4efc6a693a03d,-57.2681389,2.68233705
2622,2623,G0525__S03__seed_0643,G0525,wine_cabinet,3,picture_backed,0611,seed_0643,651,#d81888,/mnt/zsn/lyb/arti-skill/exp/uniform531_n5_studio_256_v1/G0525__S03__seed_0643__wine_cabinet.png,83256,ef95d894b36c08340c0fdf5f80853e777eaa2ceeb17f949bdf289e050fb208af,-57.2552795,2.57101536
2623,2624,G0525__S04__seed_0214,G0525,wine_cabinet,4,picture_backed,0611,seed_0214,216,#d81888,/mnt/zsn/lyb/arti-skill/exp/uniform531_n5_studio_256_v1/G0525__S04__seed_0214__wine_cabinet.png,82901,ce24bc958c244e11681599cdda370b3a710981dc2eb627490a1b04f87e95bd79,-57.6179008,0.917863071
2624,2625,G0525__S05__seed_0580,G0525,wine_cabinet,5,picture_backed,0611,seed_0580,587,#d81888,/mnt/zsn/lyb/arti-skill/exp/uniform531_n5_studio_256_v1/G0525__S05__seed_0580__wine_cabinet.png,87534,c80358cb61efd3a14840e647c2c7ff649179f0b96a4e81488ea7ebcce1a0ce7f,-52.8974228,11.4259405
2625,2626,G0526__S01__seed_0056,G0526,wine_cabinet1,1,picture_backed,0611,seed_0056,58,#4868d8,/mnt/zsn/lyb/arti-skill/exp/uniform531_n5_studio_256_v1/G0526__S01__seed_0056__wine_cabinet1.png,83772,8f36f82e98e9a7529781e09449cdc4e615130bb8e4646f21154d9e1c8fa08289,-39.2388496,-26.7637005
2626,2627,G0526__S02__seed_0075,G0526,wine_cabinet1,2,picture_backed,0611,seed_0075,78,#4868d8,/mnt/zsn/lyb/arti-skill/exp/uniform531_n5_studio_256_v1/G0526__S02__seed_0075__wine_cabinet1.png,79971,ed6f46054724878d4a18d1ab0deafa4847f4c3e7529d81b3902c2bd7da252085,-39.5832367,-26.727932
2627,2628,G0526__S03__seed_0039,G0526,wine_cabinet1,3,picture_backed,0611,seed_0039,41,#4868d8,/mnt/zsn/lyb/arti-skill/exp/uniform531_n5_studio_256_v1/G0526__S03__seed_0039__wine_cabinet1.png,83225,8acc4b39e8b74ce911a502948834f7ffaa0053857ff1075c62c0e654b0519d21,-39.2139282,-26.8980141
2628,2629,G0526__S04__seed_0011,G0526,wine_cabinet1,4,picture_backed,0611,seed_0011,11,#4868d8,/mnt/zsn/lyb/arti-skill/exp/uniform531_n5_studio_256_v1/G0526__S04__seed_0011__wine_cabinet1.png,71225,4e8fb03e97d5af6a69d1c4e9b47bf68612cd218449af7e7a04d439b2b9cdd1e0,-40.0178299,-25.9226723
2629,2630,G0526__S05__seed_0019,G0526,wine_cabinet1,5,picture_backed,0611,seed_0019,19,#4868d8,/mnt/zsn/lyb/arti-skill/exp/uniform531_n5_studio_256_v1/G0526__S05__seed_0019__wine_cabinet1.png,94313,665f2031d303c0486f2ac8ef2f11cc08a8bb05cb53eeec6f7158c522f11bd5aa,-38.6574516,-24.7262573
2630,2631,G0527__S01__seed_1151,G0527,wine_cabinet2,1,picture_backed,0611,seed_1151,1182,#7898e8,/mnt/zsn/lyb/arti-skill/exp/uniform531_n5_studio_256_v1/G0527__S01__seed_1151__wine_cabinet2.png,79487,4a9b799ee86eee76ff6c8b23fd08d6f1e0fab081b9049fb2131203f06b226dcf,-40.2525597,-27.2842731
2631,2632,G0527__S02__seed_1245,G0527,wine_cabinet2,2,picture_backed,0611,seed_1245,1280,#7898e8,/mnt/zsn/lyb/arti-skill/exp/uniform531_n5_studio_256_v1/G0527__S02__seed_1245__wine_cabinet2.png,83353,6ea346e4a550c1718467fa9566a0223ed5e335d3b831c43aaa8b0a12c95dacef,-46.5845604,-27.6741104
2632,2633,G0527__S03__seed_0088,G0527,wine_cabinet2,3,picture_backed,0611,seed_0088,90,#7898e8,/mnt/zsn/lyb/arti-skill/exp/uniform531_n5_studio_256_v1/G0527__S03__seed_0088__wine_cabinet2.png,74222,4c547c510d3b4dfd872a31d1ab3f742be39937a54b74ad68e48af012a2b57a10,-41.3975334,-28.0768929
2633,2634,G0527__S04__seed_1941,G0527,wine_cabinet2,4,picture_backed,0611,seed_1941,1991,#7898e8,/mnt/zsn/lyb/arti-skill/exp/uniform531_n5_studio_256_v1/G0527__S04__seed_1941__wine_cabinet2.png,85937,9e8f9765162c478164e178ebd2ba3b4a64fa4ff74ecdc0325ebdef27f3ed1563,-40.911026,-27.5308533
2634,2635,G0527__S05__seed_1603,G0527,wine_cabinet2,5,picture_backed,0611,seed_1603,1647,#7898e8,/mnt/zsn/lyb/arti-skill/exp/uniform531_n5_studio_256_v1/G0527__S05__seed_1603__wine_cabinet2.png,86486,2b4788c8fc61c18c443ec3a173f5a7e561c4cde5d26350ff746849af6b5e60db,-46.7534676,-26.6238365
2635,2636,G0528__S01__seed_0002,G0528,wine_rack,1,picture_backed,0611,seed_0002,2,#68b8b8,/mnt/zsn/lyb/arti-skill/exp/uniform531_n5_studio_256_v1/G0528__S01__seed_0002__wine_rack.png,81058,5709f72f2e80bc292029b5b6069de918264f966bf0c2825fcb1caae2b5aff95b,-8.82894707,-5.24525547
2636,2637,G0528__S02__seed_0024,G0528,wine_rack,2,picture_backed,0611,seed_0024,26,#68b8b8,/mnt/zsn/lyb/arti-skill/exp/uniform531_n5_studio_256_v1/G0528__S02__seed_0024__wine_rack.png,85587,cede14746eb264c8a82a873a8eda91ce6c5491b2b0ec21fda34d8eb53c6eb3a2,-8.76490688,-5.30294609
2637,2638,G0528__S03__seed_0009,G0528,wine_rack,3,picture_backed,0611,seed_0009,9,#68b8b8,/mnt/zsn/lyb/arti-skill/exp/uniform531_n5_studio_256_v1/G0528__S03__seed_0009__wine_rack.png,78337,30809bb94275e492083e7cf6181dbc20e830fee36e05cb4e914c3defc1d362ac,-7.94841528,-6.24162579
2638,2639,G0528__S04__seed_0064,G0528,wine_rack,4,picture_backed,0611,seed_0064,66,#68b8b8,/mnt/zsn/lyb/arti-skill/exp/uniform531_n5_studio_256_v1/G0528__S04__seed_0064__wine_rack.png,88564,4da4b18858fdfc4c9d5fb0b14caf9b89230a79bf36ad7d069e0b1530a9454381,-7.72435427,-6.35986996
2639,2640,G0528__S05__seed_0016,G0528,wine_rack,5,picture_backed,0611,seed_0016,17,#68b8b8,/mnt/zsn/lyb/arti-skill/exp/uniform531_n5_studio_256_v1/G0528__S05__seed_0016__wine_rack.png,73932,25c538b05132e322774f372ef5e4a40486de4a9ba5a9e96903d89be8a926887b,22.1755409,-38.6748619
2640,2641,G0529__S01__seed_0003,G0529,worm_gear_and_wheel_assembly,1,picture_backed,0611,seed_0003,3,#8828b8,/mnt/zsn/lyb/arti-skill/exp/uniform531_n5_studio_256_v1/G0529__S01__seed_0003__worm_gear_and_wheel_assembly.png,84385,c1f8fdc24820b54fbf78f7c57e59ae8f63194ab7dc8804d2a74108ca7c247283,6.66227913,-2.64383388
2641,2642,G0529__S02__seed_0024,G0529,worm_gear_and_wheel_assembly,2,picture_backed,0611,seed_0024,24,#8828b8,/mnt/zsn/lyb/arti-skill/exp/uniform531_n5_studio_256_v1/G0529__S02__seed_0024__worm_gear_and_wheel_assembly.png,86972,9e2986b1bcfa865fc81fbf309957a5500428a5736e83f3d91a9f4f6ab5f87c5a,6.04037523,-3.69683671
2642,2643,G0529__S03__seed_0032,G0529,worm_gear_and_wheel_assembly,3,picture_backed,0611,seed_0032,32,#8828b8,/mnt/zsn/lyb/arti-skill/exp/uniform531_n5_studio_256_v1/G0529__S03__seed_0032__worm_gear_and_wheel_assembly.png,88015,559e324d69c840fe805485ec17a41cda557f646bbdecc2c8a6f5980fd2a9c8f5,6.08766699,-3.75316882
2643,2644,G0529__S04__seed_0015,G0529,worm_gear_and_wheel_assembly,4,picture_backed,0611,seed_0015,15,#8828b8,/mnt/zsn/lyb/arti-skill/exp/uniform531_n5_studio_256_v1/G0529__S04__seed_0015__worm_gear_and_wheel_assembly.png,85923,f31417e6dc0f864590d6047e6e1c10deb11fcc30c6c08c88a0d8546421d62ada,6.10247135,-3.41189265
2644,2645,G0529__S05__seed_0005,G0529,worm_gear_and_wheel_assembly,5,picture_backed,0611,seed_0005,5,#8828b8,/mnt/zsn/lyb/arti-skill/exp/uniform531_n5_studio_256_v1/G0529__S05__seed_0005__worm_gear_and_wheel_assembly.png,90871,b581c54a143a3dc91219c67791f9d2f6a33216c1b689cbcc74bc5dabfefe5d2f,6.72604942,-2.55716109
2645,2646,G0530__S01__seed_0009,G0530,wrench_set,1,picture_backed,0611,seed_0009,16,#c84818,/mnt/zsn/lyb/arti-skill/exp/uniform531_n5_studio_256_v1/G0530__S01__seed_0009__wrench_set.png,77544,52665df29c92e3285342d18553fc4b38c8f4fa2cdd5753d7902ae4d838c58086,-10.6546383,39.8533401
2646,2647,G0530__S02__seed_0004,G0530,wrench_set,2,picture_backed,0611,seed_0004,10,#c84818,/mnt/zsn/lyb/arti-skill/exp/uniform531_n5_studio_256_v1/G0530__S02__seed_0004__wrench_set.png,78383,d29a8d939859e44f5c6234d10d60f5e196f3dd51c7d70defec403d1447ed74fa,-10.6661539,39.8855438
2647,2648,G0530__S03__seed_0007,G0530,wrench_set,3,picture_backed,0611,seed_0007,13,#c84818,/mnt/zsn/lyb/arti-skill/exp/uniform531_n5_studio_256_v1/G0530__S03__seed_0007__wrench_set.png,82759,ffe559dd35db72884d0fddf085e3a872466a42d4b9d4020be08c33ac82923af7,-10.7667408,40.032093
2648,2649,G0530__S04__seed_0000,G0530,wrench_set,4,picture_backed,0611,seed_0000,0,#c84818,/mnt/zsn/lyb/arti-skill/exp/uniform531_n5_studio_256_v1/G0530__S04__seed_0000__wrench_set.png,78980,df51b5bccc0107861ee4552ac89b3324b69b01857822d83a52f824cc8db2b338,-10.7119045,40.3111191
2649,2650,G0530__S05__seed_0011,G0530,wrench_set,5,picture_backed,0611,seed_0011,19,#c84818,/mnt/zsn/lyb/arti-skill/exp/uniform531_n5_studio_256_v1/G0530__S05__seed_0011__wrench_set.png,76096,421697921742484fe55c9b5bb5796b8466ebb4c82eaa76da0406a07e709fab4c,-10.637743,39.8968964
2650,2651,G0531__S01__seed_0273,G0531,zippo_lighter,1,builtin_no_picture,builtin_no_picture,seed_0273,273,#b838c8,/mnt/zsn/lyb/arti-skill/exp/uniform531_n5_studio_256_v1/G0531__S01__seed_0273__zippo_lighter.png,69305,7ab16ac3d5206ea48d9e4798269a1baa05a0219fb44f4d4e247dbb73666e62ff,-33.1707115,-32.5231476
2651,2652,G0531__S02__seed_0213,G0531,zippo_lighter,2,builtin_no_picture,builtin_no_picture,seed_0213,213,#b838c8,/mnt/zsn/lyb/arti-skill/exp/uniform531_n5_studio_256_v1/G0531__S02__seed_0213__zippo_lighter.png,74908,a0092475ca8aa4f5a71ef78af9f5535acb3546257842e14ec0463b1c74eec97a,-32.3367462,-33.9974022
2652,2653,G0531__S03__seed_0046,G0531,zippo_lighter,3,builtin_no_picture,builtin_no_picture,seed_0046,46,#b838c8,/mnt/zsn/lyb/arti-skill/exp/uniform531_n5_studio_256_v1/G0531__S03__seed_0046__zippo_lighter.png,73268,59200140b680ad1d4a9d2fb67b9a36054a9130b3410ca7ae9ea8d034109c54eb,-32.1477737,-33.3723373
2653,2654,G0531__S04__seed_0163,G0531,zippo_lighter,4,builtin_no_picture,builtin_no_picture,seed_0163,163,#b838c8,/mnt/zsn/lyb/arti-skill/exp/uniform531_n5_studio_256_v1/G0531__S04__seed_0163__zippo_lighter.png,76956,e56812e6847b84a1a00f7d19893dc1acc00f88c5c69cf9dcf9dfddc03a6972ce,-32.1307983,-33.7916069
2654,2655,G0531__S05__seed_0303,G0531,zippo_lighter,5,builtin_no_picture,builtin_no_picture,seed_0303,303,#b838c8,/mnt/zsn/lyb/arti-skill/exp/uniform531_n5_studio_256_v1/G0531__S05__seed_0303__zippo_lighter.png,72225,976a931b5a8e74378b19b219449e2babc278c531b6ab82b039f8acb793c03079,-32.3720894,-34.2542839
