generator_index,generator_name,source_type,picture_category,picture_label,picture_dir,image_count,alias_of_generator_index,representative_image
G0001,Accessories_Cushion,picture_backed,Accessories,Cushion,,1,,/mnt/zsn/data/particulate/datasets/PV-A/renders/uniform531_studio_256_v1/G0001__Accessories_Cushion__seed_0000.png
G0002,Accessories_glasses,picture_backed,Accessories,glasses,,1,,/mnt/zsn/data/particulate/datasets/PV-A/renders/uniform531_studio_256_v1/G0002__Accessories_glasses__seed_0000.png
G0003,adjustable_monitor_arm,picture_backed,Workspace,Adjustable monitor arm,,1,,/mnt/zsn/data/particulate/datasets/PV-A/renders/uniform531_studio_256_v1/G0003__adjustable_monitor_arm__seed_0000.png
G0004,animal_feeding_bowl_stand,picture_backed,Pet_Animal related,Animal feeding bowl stand,,1,,/mnt/zsn/data/particulate/datasets/PV-A/renders/uniform531_studio_256_v1/G0004__animal_feeding_bowl_stand__seed_0000.png
G0005,aquarium,picture_backed,Pet_Animal related,Aquarium,,1,,/mnt/zsn/data/particulate/datasets/PV-A/renders/uniform531_studio_256_v1/G0005__aquarium__seed_0000.png
G0006,Art_Drawing_Models_Articulated_mannequin_Poseable_figure_mannequin,picture_backed,Art_Drawing Models,Articulated mannequin_Poseable figure mannequin,,1,,/mnt/zsn/data/particulate/datasets/PV-A/renders/uniform531_studio_256_v1/G0006__Art_Drawing_Models_Articulated_mannequin_Poseable_figure_mannequin__seed_0000.png
G0007,articulated_task_lamp,builtin_no_picture,builtin_no_picture,,,1,,/mnt/zsn/data/particulate/datasets/PV-A/renders/uniform531_studio_256_v1/G0007__articulated_task_lamp__seed_0000.png
G0008,astronomical_telescope_on_tripod,builtin_no_picture,builtin_no_picture,,,1,,/mnt/zsn/data/particulate/datasets/PV-A/renders/uniform531_studio_256_v1/G0008__astronomical_telescope_on_tripod__seed_0000.png
G0009,Astronomy_Antenna_dish,picture_backed,Astronomy,Antenna dish,,1,,/mnt/zsn/data/particulate/datasets/PV-A/renders/uniform531_studio_256_v1/G0009__Astronomy_Antenna_dish__seed_0000.png
G0010,Astronomy_Astronaut_helmet,picture_backed,Astronomy,Astronaut helmet,,1,,/mnt/zsn/data/particulate/datasets/PV-A/renders/uniform531_studio_256_v1/G0010__Astronomy_Astronaut_helmet__seed_0000.png
G0011,Astronomy_Lunar_rover,picture_backed,Astronomy,Lunar rover,,1,,/mnt/zsn/data/particulate/datasets/PV-A/renders/uniform531_studio_256_v1/G0011__Astronomy_Lunar_rover__seed_0000.png
G0012,Astronomy_Mars_rover,picture_backed,Astronomy,Mars rover,,1,,/mnt/zsn/data/particulate/datasets/PV-A/renders/uniform531_studio_256_v1/G0012__Astronomy_Mars_rover__seed_0000.png
G0013,Astronomy_Pressurised_module_door,picture_backed,Astronomy,Pressurised module door,,1,,/mnt/zsn/data/particulate/datasets/PV-A/renders/uniform531_studio_256_v1/G0013__Astronomy_Pressurised_module_door__seed_0000.png
G0014,Astronomy_Retractable_landing_gear,picture_backed,Astronomy,Retractable landing gear,,1,,/mnt/zsn/data/particulate/datasets/PV-A/renders/uniform531_studio_256_v1/G0014__Astronomy_Retractable_landing_gear__seed_0000.png
G0015,Astronomy_Return_capsule,picture_backed,Astronomy,Return capsule,,1,,/mnt/zsn/data/particulate/datasets/PV-A/renders/uniform531_studio_256_v1/G0015__Astronomy_Return_capsule__seed_0000.png
G0016,Astronomy_Rocket_engine,picture_backed,Astronomy,Rocket engine,,1,,/mnt/zsn/data/particulate/datasets/PV-A/renders/uniform531_studio_256_v1/G0016__Astronomy_Rocket_engine__seed_0000.png
G0017,Astronomy_Satellite,picture_backed,Astronomy,Satellite,,1,,/mnt/zsn/data/particulate/datasets/PV-A/renders/uniform531_studio_256_v1/G0017__Astronomy_Satellite__seed_0000.png
G0018,Astronomy_Space_shuttle,picture_backed,Astronomy,Space shuttle,,1,,/mnt/zsn/data/particulate/datasets/PV-A/renders/uniform531_studio_256_v1/G0018__Astronomy_Space_shuttle__seed_0000.png
G0019,automotive_differential_differential_gear,picture_backed,Mechanical Components_Drivetrain,Automotive differential_Differential gear,,1,,/mnt/zsn/data/particulate/datasets/PV-A/renders/uniform531_studio_256_v1/G0019__automotive_differential_differential_gear__seed_0000.png
G0020,badge_id_holder_clip,picture_backed,Workspace,Badge_ID holder clip,,1,,/mnt/zsn/data/particulate/datasets/PV-A/renders/uniform531_studio_256_v1/G0020__badge_id_holder_clip__seed_0000.png
G0021,Bag_Suitcase_Box,picture_backed,Bag_Suitcase,Box,,1,,/mnt/zsn/data/particulate/datasets/PV-A/renders/uniform531_studio_256_v1/G0021__Bag_Suitcase_Box__seed_0000.png
G0022,Bag_Suitcase_Luggage_bag,picture_backed,Bag_Suitcase,Luggage bag,,1,,/mnt/zsn/data/particulate/datasets/PV-A/renders/uniform531_studio_256_v1/G0022__Bag_Suitcase_Luggage_bag__seed_0000.png
G0023,Bag_Suitcase_Shopping_bucket,picture_backed,Bag_Suitcase,Shopping bucket,,1,,/mnt/zsn/data/particulate/datasets/PV-A/renders/uniform531_studio_256_v1/G0023__Bag_Suitcase_Shopping_bucket__seed_0000.png
G0024,Bag_Suitcase_Suitcase,picture_backed,Bag_Suitcase,Suitcase,,1,,/mnt/zsn/data/particulate/datasets/PV-A/renders/uniform531_studio_256_v1/G0024__Bag_Suitcase_Suitcase__seed_0000.png
G0025,Bag_Suitcase_Treasure_chest,picture_backed,Bag_Suitcase,Treasure chest,,1,,/mnt/zsn/data/particulate/datasets/PV-A/renders/uniform531_studio_256_v1/G0025__Bag_Suitcase_Treasure_chest__seed_0000.png
G0026,Bar_Piano,picture_backed,Bar,Piano,,1,,/mnt/zsn/data/particulate/datasets/PV-A/renders/uniform531_studio_256_v1/G0026__Bar_Piano__seed_0000.png
G0027,barcode_scanner,picture_backed,Retail_Shop Fixtures,Barcode scanner,,1,,/mnt/zsn/data/particulate/datasets/PV-A/renders/uniform531_studio_256_v1/G0027__barcode_scanner__seed_0000.png
G0028,barrier_gate_boom,builtin_no_picture,builtin_no_picture,,,1,,/mnt/zsn/data/particulate/datasets/PV-A/renders/uniform531_studio_256_v1/G0028__barrier_gate_boom__seed_0000.png
G0029,barrier_gate_leaf_gate,builtin_no_picture,builtin_no_picture,,,1,,/mnt/zsn/data/particulate/datasets/PV-A/renders/uniform531_studio_256_v1/G0029__barrier_gate_leaf_gate__seed_0000.png
G0030,Bathroom_Hair_dryer,picture_backed,Bathroom,Hair dryer,,1,,/mnt/zsn/data/particulate/datasets/PV-A/renders/uniform531_studio_256_v1/G0030__Bathroom_Hair_dryer__seed_0000.png
G0031,Bathroom_toilet,picture_backed,Bathroom,toilet,,1,,/mnt/zsn/data/particulate/datasets/PV-A/renders/uniform531_studio_256_v1/G0031__Bathroom_toilet__seed_0000.png
G0032,Bathroom_washmachine,picture_backed,Bathroom,washmachine,,1,,/mnt/zsn/data/particulate/datasets/PV-A/renders/uniform531_studio_256_v1/G0032__Bathroom_washmachine__seed_0000.png
G0033,bell_tower_with_swinging_bell,builtin_no_picture,builtin_no_picture,,,1,,/mnt/zsn/data/particulate/datasets/PV-A/renders/uniform531_studio_256_v1/G0033__bell_tower_with_swinging_bell__seed_0000.png
G0034,Bench_Wood_Swing,picture_backed,Bench,Wood Swing,,1,,/mnt/zsn/data/particulate/datasets/PV-A/renders/uniform531_studio_256_v1/G0034__Bench_Wood_Swing__seed_0000.png
G0035,bicycle_crankset_and_pedal_assembly,builtin_no_picture,builtin_no_picture,,,1,,/mnt/zsn/data/particulate/datasets/PV-A/renders/uniform531_studio_256_v1/G0035__bicycle_crankset_and_pedal_assembly__seed_0000.png
G0036,bird_cage,picture_backed,Pet_Animal related,Bird cage,,1,,/mnt/zsn/data/particulate/datasets/PV-A/renders/uniform531_studio_256_v1/G0036__bird_cage__seed_0000.png
G0037,blender_countertop,builtin_no_picture,builtin_no_picture,,,1,,/mnt/zsn/data/particulate/datasets/PV-A/renders/uniform531_studio_256_v1/G0037__blender_countertop__seed_0000.png
G0038,box_fan_with_control_knob,builtin_no_picture,builtin_no_picture,,,1,,/mnt/zsn/data/particulate/datasets/PV-A/renders/uniform531_studio_256_v1/G0038__box_fan_with_control_knob__seed_0000.png
G0039,branching_tree_with_three_independent_rotary_branches,builtin_no_picture,builtin_no_picture,,,1,,/mnt/zsn/data/particulate/datasets/PV-A/renders/uniform531_studio_256_v1/G0039__branching_tree_with_three_independent_rotary_branches__seed_0000.png
G0040,branching_tree_with_two_independent_rotary_branches,builtin_no_picture,builtin_no_picture,,,1,,/mnt/zsn/data/particulate/datasets/PV-A/renders/uniform531_studio_256_v1/G0040__branching_tree_with_two_independent_rotary_branches__seed_0000.png
G0041,camcorder_with_flipout_screen,builtin_no_picture,builtin_no_picture,,,1,,/mnt/zsn/data/particulate/datasets/PV-A/renders/uniform531_studio_256_v1/G0041__camcorder_with_flipout_screen__seed_0000.png
G0042,camera_flash,builtin_no_picture,builtin_no_picture,,,1,,/mnt/zsn/data/particulate/datasets/PV-A/renders/uniform531_studio_256_v1/G0042__camera_flash__seed_0000.png
G0043,camera_lens,builtin_no_picture,builtin_no_picture,,,1,,/mnt/zsn/data/particulate/datasets/PV-A/renders/uniform531_studio_256_v1/G0043__camera_lens__seed_0000.png
G0044,camp_chair,picture_backed,Camping_Outdoor Gear,Camp chair,,1,,/mnt/zsn/data/particulate/datasets/PV-A/renders/uniform531_studio_256_v1/G0044__camp_chair__seed_0000.png
G0045,camping_lantern,picture_backed,Camping_Outdoor Gear,Camping Lantern,,1,,/mnt/zsn/data/particulate/datasets/PV-A/renders/uniform531_studio_256_v1/G0045__camping_lantern__seed_0000.png
G0046,candy_vending_machine,builtin_no_picture,builtin_no_picture,,,1,,/mnt/zsn/data/particulate/datasets/PV-A/renders/uniform531_studio_256_v1/G0046__candy_vending_machine__seed_0000.png
G0047,cannon,builtin_no_picture,builtin_no_picture,,,1,,/mnt/zsn/data/particulate/datasets/PV-A/renders/uniform531_studio_256_v1/G0047__cannon__seed_0000.png
G0048,cantilever_articulated_arm,builtin_no_picture,builtin_no_picture,,,1,,/mnt/zsn/data/particulate/datasets/PV-A/renders/uniform531_studio_256_v1/G0048__cantilever_articulated_arm__seed_0000.png
G0049,car_axles,builtin_no_picture,builtin_no_picture,,,1,,/mnt/zsn/data/particulate/datasets/PV-A/renders/uniform531_studio_256_v1/G0049__car_axles__seed_0000.png
G0050,cash_register,picture_backed,Retail_Shop Fixtures,Cash register,,1,,/mnt/zsn/data/particulate/datasets/PV-A/renders/uniform531_studio_256_v1/G0050__cash_register__seed_0000.png
G0051,casino_machine,builtin_no_picture,builtin_no_picture,,,1,,/mnt/zsn/data/particulate/datasets/PV-A/renders/uniform531_studio_256_v1/G0051__casino_machine__seed_0000.png
G0052,cat_flap,picture_backed,Pet_Animal related,Cat flap,,1,,/mnt/zsn/data/particulate/datasets/PV-A/renders/uniform531_studio_256_v1/G0052__cat_flap__seed_0000.png
G0053,cctv_mast_with_pantilt_camera_head,builtin_no_picture,builtin_no_picture,,,1,,/mnt/zsn/data/particulate/datasets/PV-A/renders/uniform531_studio_256_v1/G0053__cctv_mast_with_pantilt_camera_head__seed_0000.png
G0054,ceiling_fan,builtin_no_picture,builtin_no_picture,,,1,,/mnt/zsn/data/particulate/datasets/PV-A/renders/uniform531_studio_256_v1/G0054__ceiling_fan__seed_0000.png
G0055,ceiling_light_fixture_adjustable,builtin_no_picture,builtin_no_picture,,,1,,/mnt/zsn/data/particulate/datasets/PV-A/renders/uniform531_studio_256_v1/G0055__ceiling_light_fixture_adjustable__seed_0000.png
G0056,Chair_Chair,picture_backed,Chair,Chair,,1,,/mnt/zsn/data/particulate/datasets/PV-A/renders/uniform531_studio_256_v1/G0056__Chair_Chair__seed_0000.png
G0057,Chair_Folding_chair,picture_backed,Chair,Folding chair,,1,,/mnt/zsn/data/particulate/datasets/PV-A/renders/uniform531_studio_256_v1/G0057__Chair_Folding_chair__seed_0000.png
G0058,chest_freezer_with_hinged_lid,builtin_no_picture,builtin_no_picture,,,1,,/mnt/zsn/data/particulate/datasets/PV-A/renders/uniform531_studio_256_v1/G0058__chest_freezer_with_hinged_lid__seed_0000.png
G0059,clock_tower_with_rotating_hour_and_minute_hands,builtin_no_picture,builtin_no_picture,,,1,,/mnt/zsn/data/particulate/datasets/PV-A/renders/uniform531_studio_256_v1/G0059__clock_tower_with_rotating_hour_and_minute_hands__seed_0000.png
G0060,clothing_rack,picture_backed,Retail_Shop Fixtures,Clothing rack,,1,,/mnt/zsn/data/particulate/datasets/PV-A/renders/uniform531_studio_256_v1/G0060__clothing_rack__seed_0000.png
G0061,coaxial_rotary_stack,builtin_no_picture,builtin_no_picture,,,1,,/mnt/zsn/data/particulate/datasets/PV-A/renders/uniform531_studio_256_v1/G0061__coaxial_rotary_stack__seed_0000.png
G0062,Container_Barrel,picture_backed,Container,Barrel,,1,,/mnt/zsn/data/particulate/datasets/PV-A/renders/uniform531_studio_256_v1/G0062__Container_Barrel__seed_0000.png
G0063,Container_Basket,picture_backed,Container,Basket,,1,,/mnt/zsn/data/particulate/datasets/PV-A/renders/uniform531_studio_256_v1/G0063__Container_Basket__seed_0000.png
G0064,Container_Bottle,picture_backed,Container,Bottle,,1,,/mnt/zsn/data/particulate/datasets/PV-A/renders/uniform531_studio_256_v1/G0064__Container_Bottle__seed_0000.png
G0065,Container_Bottle_serum,picture_backed,Container,Bottle serum,,1,,/mnt/zsn/data/particulate/datasets/PV-A/renders/uniform531_studio_256_v1/G0065__Container_Bottle_serum__seed_0000.png
G0066,Container_Box,picture_backed,Container,Box,,1,,/mnt/zsn/data/particulate/datasets/PV-A/renders/uniform531_studio_256_v1/G0066__Container_Box__seed_0000.png
G0067,Container_Can,picture_backed,Container,Can,,1,,/mnt/zsn/data/particulate/datasets/PV-A/renders/uniform531_studio_256_v1/G0067__Container_Can__seed_0000.png
G0068,Container_Cosmetic,picture_backed,Container,Cosmetic,,1,,/mnt/zsn/data/particulate/datasets/PV-A/renders/uniform531_studio_256_v1/G0068__Container_Cosmetic__seed_0000.png
G0069,Container_Cup,picture_backed,Container,Cup,,1,,/mnt/zsn/data/particulate/datasets/PV-A/renders/uniform531_studio_256_v1/G0069__Container_Cup__seed_0000.png
G0070,Container_Dispenser,picture_backed,Container,Dispenser,,1,,/mnt/zsn/data/particulate/datasets/PV-A/renders/uniform531_studio_256_v1/G0070__Container_Dispenser__seed_0000.png
G0071,Container_Gas_cylinder,picture_backed,Container,Gas cylinder,,1,,/mnt/zsn/data/particulate/datasets/PV-A/renders/uniform531_studio_256_v1/G0071__Container_Gas_cylinder__seed_0000.png
G0072,Container_Glass_bottle,picture_backed,Container,Glass bottle,,1,,/mnt/zsn/data/particulate/datasets/PV-A/renders/uniform531_studio_256_v1/G0072__Container_Glass_bottle__seed_0000.png
G0073,Container_Jar,picture_backed,Container,Jar,,1,,/mnt/zsn/data/particulate/datasets/PV-A/renders/uniform531_studio_256_v1/G0073__Container_Jar__seed_0000.png
G0074,Container_Kettle,picture_backed,Container,Kettle,,1,,/mnt/zsn/data/particulate/datasets/PV-A/renders/uniform531_studio_256_v1/G0074__Container_Kettle__seed_0000.png
G0075,Container_laundry_detergent_bottle,picture_backed,Container,laundry detergent bottle,,1,,/mnt/zsn/data/particulate/datasets/PV-A/renders/uniform531_studio_256_v1/G0075__Container_laundry_detergent_bottle__seed_0000.png
G0076,Container_Lipstick,picture_backed,Container,Lipstick,,1,,/mnt/zsn/data/particulate/datasets/PV-A/renders/uniform531_studio_256_v1/G0076__Container_Lipstick__seed_0000.png
G0077,Container_Locker,picture_backed,Container,Locker,,1,,/mnt/zsn/data/particulate/datasets/PV-A/renders/uniform531_studio_256_v1/G0077__Container_Locker__seed_0000.png
G0078,Container_Paint_spray,picture_backed,Container,Paint spray,,1,,/mnt/zsn/data/particulate/datasets/PV-A/renders/uniform531_studio_256_v1/G0078__Container_Paint_spray__seed_0000.png
G0079,Container_Plastic_can,picture_backed,Container,Plastic can,,1,,/mnt/zsn/data/particulate/datasets/PV-A/renders/uniform531_studio_256_v1/G0079__Container_Plastic_can__seed_0000.png
G0080,Container_Primer_bottle,picture_backed,Container,Primer bottle,,1,,/mnt/zsn/data/particulate/datasets/PV-A/renders/uniform531_studio_256_v1/G0080__Container_Primer_bottle__seed_0000.png
G0081,Container_Pump,picture_backed,Container,Pump,,1,,/mnt/zsn/data/particulate/datasets/PV-A/renders/uniform531_studio_256_v1/G0081__Container_Pump__seed_0000.png
G0082,Container_Shipping_container,picture_backed,Container,Shipping container,,1,,/mnt/zsn/data/particulate/datasets/PV-A/renders/uniform531_studio_256_v1/G0082__Container_Shipping_container__seed_0000.png
G0083,Container_Tube,picture_backed,Container,Tube,,1,,/mnt/zsn/data/particulate/datasets/PV-A/renders/uniform531_studio_256_v1/G0083__Container_Tube__seed_0000.png
G0084,crane_tower,builtin_no_picture,builtin_no_picture,,,1,,/mnt/zsn/data/particulate/datasets/PV-A/renders/uniform531_studio_256_v1/G0084__crane_tower__seed_0000.png
G0085,Curtain_blind,picture_backed,Curtain,blind,,1,,/mnt/zsn/data/particulate/datasets/PV-A/renders/uniform531_studio_256_v1/G0085__Curtain_blind__seed_0000.png
G0086,defibrillator_case,picture_backed,Emergency Equipment,Defibrillator case,,1,,/mnt/zsn/data/particulate/datasets/PV-A/renders/uniform531_studio_256_v1/G0086__defibrillator_case__seed_0000.png
G0087,desk_with_drawer,builtin_no_picture,builtin_no_picture,,,1,,/mnt/zsn/data/particulate/datasets/PV-A/renders/uniform531_studio_256_v1/G0087__desk_with_drawer__seed_0000.png
G0088,desk_with_drawer_card_catalog,builtin_no_picture,builtin_no_picture,,,1,,/mnt/zsn/data/particulate/datasets/PV-A/renders/uniform531_studio_256_v1/G0088__desk_with_drawer_card_catalog__seed_0000.png
G0089,desktop_monitor_with_tilt_swivel_stand,builtin_no_picture,builtin_no_picture,,,1,,/mnt/zsn/data/particulate/datasets/PV-A/renders/uniform531_studio_256_v1/G0089__desktop_monitor_with_tilt_swivel_stand__seed_0000.png
G0090,desktop_pc_tower,builtin_no_picture,builtin_no_picture,,,1,,/mnt/zsn/data/particulate/datasets/PV-A/renders/uniform531_studio_256_v1/G0090__desktop_pc_tower__seed_0000.png
G0091,differential_drive_wheel,picture_backed,Robotics,Differential drive wheel,,1,,/mnt/zsn/data/particulate/datasets/PV-A/renders/uniform531_studio_256_v1/G0091__differential_drive_wheel__seed_0000.png
G0092,dishwasher_with_dropdown_door_and_sliding_racks,builtin_no_picture,builtin_no_picture,,,1,,/mnt/zsn/data/particulate/datasets/PV-A/renders/uniform531_studio_256_v1/G0092__dishwasher_with_dropdown_door_and_sliding_racks__seed_0000.png
G0093,display_freezer_with_sliding_glass_lids,builtin_no_picture,builtin_no_picture,,,1,,/mnt/zsn/data/particulate/datasets/PV-A/renders/uniform531_studio_256_v1/G0093__display_freezer_with_sliding_glass_lids__seed_0000.png
G0094,dj_equipment,builtin_no_picture,builtin_no_picture,,,1,,/mnt/zsn/data/particulate/datasets/PV-A/renders/uniform531_studio_256_v1/G0094__dj_equipment__seed_0000.png
G0095,Door_Door,picture_backed,Door,Door,,1,,/mnt/zsn/data/particulate/datasets/PV-A/renders/uniform531_studio_256_v1/G0095__Door_Door__seed_0000.png
G0096,Door_Double_Door,picture_backed,Door,Double Door,,1,,/mnt/zsn/data/particulate/datasets/PV-A/renders/uniform531_studio_256_v1/G0096__Door_Double_Door__seed_0000.png
G0097,Door_folding_door,picture_backed,Door,folding door,,1,,/mnt/zsn/data/particulate/datasets/PV-A/renders/uniform531_studio_256_v1/G0097__Door_folding_door__seed_0000.png
G0098,Door_Folding_gate,picture_backed,Door,Folding gate,,1,,/mnt/zsn/data/particulate/datasets/PV-A/renders/uniform531_studio_256_v1/G0098__Door_Folding_gate__seed_0000.png
G0099,Door_Garage_shutter,picture_backed,Door,Garage shutter,,1,,/mnt/zsn/data/particulate/datasets/PV-A/renders/uniform531_studio_256_v1/G0099__Door_Garage_shutter__seed_0000.png
G0100,Door_Gate,picture_backed,Door,Gate,,1,,/mnt/zsn/data/particulate/datasets/PV-A/renders/uniform531_studio_256_v1/G0100__Door_Gate__seed_0000.png
G0101,Door_Other,picture_backed,Door,Other,,1,,/mnt/zsn/data/particulate/datasets/PV-A/renders/uniform531_studio_256_v1/G0101__Door_Other__seed_0000.png
G0102,Door_Scifi_Gate,picture_backed,Door,Scifi Gate,,1,,/mnt/zsn/data/particulate/datasets/PV-A/renders/uniform531_studio_256_v1/G0102__Door_Scifi_Gate__seed_0000.png
G0103,Door_Sliding_Door,picture_backed,Door,Sliding Door,,1,,/mnt/zsn/data/particulate/datasets/PV-A/renders/uniform531_studio_256_v1/G0103__Door_Sliding_Door__seed_0000.png
G0104,Door_Trap_door,picture_backed,Door,Trap door,,1,,/mnt/zsn/data/particulate/datasets/PV-A/renders/uniform531_studio_256_v1/G0104__Door_Trap_door__seed_0000.png
G0105,Door_wooden_plank_door_with_a_ring_pull,picture_backed,Door,wooden plank door with a ring pull,,1,,/mnt/zsn/data/particulate/datasets/PV-A/renders/uniform531_studio_256_v1/G0105__Door_wooden_plank_door_with_a_ring_pull__seed_0000.png
G0106,drafting_table,picture_backed,Workspace,Drafting table,,1,,/mnt/zsn/data/particulate/datasets/PV-A/renders/uniform531_studio_256_v1/G0106__drafting_table__seed_0000.png
G0107,drawer_cabinet_with_sliding_drawers,builtin_no_picture,builtin_no_picture,,,1,,/mnt/zsn/data/particulate/datasets/PV-A/renders/uniform531_studio_256_v1/G0107__drawer_cabinet_with_sliding_drawers__seed_0000.png
G0108,drone,builtin_no_picture,builtin_no_picture,,,1,,/mnt/zsn/data/particulate/datasets/PV-A/renders/uniform531_studio_256_v1/G0108__drone__seed_0000.png
G0109,dual_independent_finger_chains,builtin_no_picture,builtin_no_picture,,,1,,/mnt/zsn/data/particulate/datasets/PV-A/renders/uniform531_studio_256_v1/G0109__dual_independent_finger_chains__seed_0000.png
G0110,Electrical_Wiring_Cable_reel,picture_backed,Electrical_Wiring,Cable reel,,1,,/mnt/zsn/data/particulate/datasets/PV-A/renders/uniform531_studio_256_v1/G0110__Electrical_Wiring_Cable_reel__seed_0000.png
G0111,Electrical_Wiring_Circuit_breaker,picture_backed,Electrical_Wiring,Circuit breaker,,1,,/mnt/zsn/data/particulate/datasets/PV-A/renders/uniform531_studio_256_v1/G0111__Electrical_Wiring_Circuit_breaker__seed_0000.png
G0112,Electrical_Wiring_Conduit_bender,picture_backed,Electrical_Wiring,Conduit bender,,1,,/mnt/zsn/data/particulate/datasets/PV-A/renders/uniform531_studio_256_v1/G0112__Electrical_Wiring_Conduit_bender__seed_0000.png
G0113,Electrical_Wiring_Distribution_board_panel,picture_backed,Electrical_Wiring,Distribution board panel,,1,,/mnt/zsn/data/particulate/datasets/PV-A/renders/uniform531_studio_256_v1/G0113__Electrical_Wiring_Distribution_board_panel__seed_0000.png
G0114,Electrical_Wiring_Junction_box,picture_backed,Electrical_Wiring,Junction box,,1,,/mnt/zsn/data/particulate/datasets/PV-A/renders/uniform531_studio_256_v1/G0114__Electrical_Wiring_Junction_box__seed_0000.png
G0115,Electrical_Wiring_Surge_protector_switch,picture_backed,Electrical_Wiring,Surge protector switch,,1,,/mnt/zsn/data/particulate/datasets/PV-A/renders/uniform531_studio_256_v1/G0115__Electrical_Wiring_Surge_protector_switch__seed_0000.png
G0116,Electrical_Wiring_Wire_stripper,picture_backed,Electrical_Wiring,Wire stripper,,1,,/mnt/zsn/data/particulate/datasets/PV-A/renders/uniform531_studio_256_v1/G0116__Electrical_Wiring_Wire_stripper__seed_0000.png
G0117,elevator_shaft,builtin_no_picture,builtin_no_picture,,,1,,/mnt/zsn/data/particulate/datasets/PV-A/renders/uniform531_studio_256_v1/G0117__elevator_shaft__seed_0000.png
G0118,emergency_exit_door,picture_backed,Emergency Equipment,Emergency exit door,,1,,/mnt/zsn/data/particulate/datasets/PV-A/renders/uniform531_studio_256_v1/G0118__emergency_exit_door__seed_0000.png
G0119,Equipment_Control_panel,picture_backed,Equipment,Control panel,,1,,/mnt/zsn/data/particulate/datasets/PV-A/renders/uniform531_studio_256_v1/G0119__Equipment_Control_panel__seed_0000.png
G0120,Equipment_Game_console,picture_backed,Equipment,Game console,,1,,/mnt/zsn/data/particulate/datasets/PV-A/renders/uniform531_studio_256_v1/G0120__Equipment_Game_console__seed_0000.png
G0121,Equipment_LED_work_light,picture_backed,Equipment,LED work light,,1,,/mnt/zsn/data/particulate/datasets/PV-A/renders/uniform531_studio_256_v1/G0121__Equipment_LED_work_light__seed_0000.png
G0122,Equipment_Lock,picture_backed,Equipment,Lock,,1,,/mnt/zsn/data/particulate/datasets/PV-A/renders/uniform531_studio_256_v1/G0122__Equipment_Lock__seed_0000.png
G0123,Equipment_Pipeline,picture_backed,Equipment,Pipeline,,1,,/mnt/zsn/data/particulate/datasets/PV-A/renders/uniform531_studio_256_v1/G0123__Equipment_Pipeline__seed_0000.png
G0124,Equipment_Power_switch,picture_backed,Equipment,Power switch,,1,,/mnt/zsn/data/particulate/datasets/PV-A/renders/uniform531_studio_256_v1/G0124__Equipment_Power_switch__seed_0000.png
G0125,Equipment_Pump2,picture_backed,Equipment,Pump2,,1,,/mnt/zsn/data/particulate/datasets/PV-A/renders/uniform531_studio_256_v1/G0125__Equipment_Pump2__seed_0000.png
G0126,fabric_scissors,picture_backed,Textiles_Fabric,Fabric scissors,,1,,/mnt/zsn/data/particulate/datasets/PV-A/renders/uniform531_studio_256_v1/G0126__fabric_scissors__seed_0000.png
G0127,Facade_Element_Air_conditioner_outdoor_unit,picture_backed,Facade Element,Air conditioner outdoor unit,,1,,/mnt/zsn/data/particulate/datasets/PV-A/renders/uniform531_studio_256_v1/G0127__Facade_Element_Air_conditioner_outdoor_unit__seed_0000.png
G0128,Facade_Element_Gutter_downchain,picture_backed,Facade Element,Gutter downchain,,1,,/mnt/zsn/data/particulate/datasets/PV-A/renders/uniform531_studio_256_v1/G0128__Facade_Element_Gutter_downchain__seed_0000.png
G0129,Facade_Element_Lamp1,picture_backed,Facade Element,Lamp1,,1,,/mnt/zsn/data/particulate/datasets/PV-A/renders/uniform531_studio_256_v1/G0129__Facade_Element_Lamp1__seed_0000.png
G0130,Fence_Cascade_fences_MORE_THAN_1,picture_backed,Fence,Cascade fences (MORE THAN 1),,1,,/mnt/zsn/data/particulate/datasets/PV-A/renders/uniform531_studio_256_v1/G0130__Fence_Cascade_fences_MORE_THAN_1__seed_0000.png
G0131,ferris_wheel,builtin_no_picture,builtin_no_picture,,,1,,/mnt/zsn/data/particulate/datasets/PV-A/renders/uniform531_studio_256_v1/G0131__ferris_wheel__seed_0000.png
G0132,fingerlike_phalanx_chain,builtin_no_picture,builtin_no_picture,,,1,,/mnt/zsn/data/particulate/datasets/PV-A/renders/uniform531_studio_256_v1/G0132__fingerlike_phalanx_chain__seed_0000.png
G0133,fire_escape_ladder,picture_backed,Emergency Equipment,Fire escape ladder,,1,,/mnt/zsn/data/particulate/datasets/PV-A/renders/uniform531_studio_256_v1/G0133__fire_escape_ladder__seed_0000.png
G0134,folding_arm_chain,builtin_no_picture,builtin_no_picture,,,1,,/mnt/zsn/data/particulate/datasets/PV-A/renders/uniform531_studio_256_v1/G0134__folding_arm_chain__seed_0000.png
G0135,folding_camp_table,picture_backed,Camping_Outdoor Gear,Folding camp table,,1,,/mnt/zsn/data/particulate/datasets/PV-A/renders/uniform531_studio_256_v1/G0135__folding_camp_table__seed_0000.png
G0136,Fountain_Drick_fountain,picture_backed,Fountain,Drick fountain,,1,,/mnt/zsn/data/particulate/datasets/PV-A/renders/uniform531_studio_256_v1/G0136__Fountain_Drick_fountain__seed_0000.png
G0137,gear_assemblies,builtin_no_picture,builtin_no_picture,,,1,,/mnt/zsn/data/particulate/datasets/PV-A/renders/uniform531_studio_256_v1/G0137__gear_assemblies__seed_0000.png
G0138,globe,builtin_no_picture,builtin_no_picture,,,1,,/mnt/zsn/data/particulate/datasets/PV-A/renders/uniform531_studio_256_v1/G0138__globe__seed_0000.png
G0139,graphics_card_with_cooling_fans,builtin_no_picture,builtin_no_picture,,,1,,/mnt/zsn/data/particulate/datasets/PV-A/renders/uniform531_studio_256_v1/G0139__graphics_card_with_cooling_fans__seed_0000.png
G0140,greenhouse_vent_roof,picture_backed,Agricultural,Greenhouse vent roof,,1,,/mnt/zsn/data/particulate/datasets/PV-A/renders/uniform531_studio_256_v1/G0140__greenhouse_vent_roof__seed_0000.png
G0141,hamster_wheel,picture_backed,Pet_Animal related,Hamster wheel,,1,,/mnt/zsn/data/particulate/datasets/PV-A/renders/uniform531_studio_256_v1/G0141__hamster_wheel__seed_0000.png
G0142,hand_cultivator,picture_backed,Agricultural,Hand cultivator,,1,,/mnt/zsn/data/particulate/datasets/PV-A/renders/uniform531_studio_256_v1/G0142__hand_cultivator__seed_0000.png
G0143,hand_operated_pasta_maker_with_rollers_and_crank,picture_backed,0611,hand_operated_pasta_maker_with_rollers_and_crank,,1,,/mnt/zsn/data/particulate/datasets/PV-A/renders/uniform531_studio_256_v1/G0143__hand_operated_pasta_maker_with_rollers_and_crank__seed_0000.png
G0144,Handtools_caulking_gun,picture_backed,Handtools,caulking gun,,1,,/mnt/zsn/data/particulate/datasets/PV-A/renders/uniform531_studio_256_v1/G0144__Handtools_caulking_gun__seed_0000.png
G0145,Handtools_Clamp,picture_backed,Handtools,Clamp,,1,,/mnt/zsn/data/particulate/datasets/PV-A/renders/uniform531_studio_256_v1/G0145__Handtools_Clamp__seed_0000.png
G0146,Handtools_clothes_peg,picture_backed,Handtools,clothes peg,,1,,/mnt/zsn/data/particulate/datasets/PV-A/renders/uniform531_studio_256_v1/G0146__Handtools_clothes_peg__seed_0000.png
G0147,Handtools_dial_caliper,picture_backed,Handtools,dial caliper,,1,,/mnt/zsn/data/particulate/datasets/PV-A/renders/uniform531_studio_256_v1/G0147__Handtools_dial_caliper__seed_0000.png
G0148,Handtools_Hand_plane,picture_backed,Handtools,Hand plane,,1,,/mnt/zsn/data/particulate/datasets/PV-A/renders/uniform531_studio_256_v1/G0148__Handtools_Hand_plane__seed_0000.png
G0149,Handtools_Knife,picture_backed,Handtools,Knife,,1,,/mnt/zsn/data/particulate/datasets/PV-A/renders/uniform531_studio_256_v1/G0149__Handtools_Knife__seed_0000.png
G0150,Handtools_Paint_roller,picture_backed,Handtools,Paint roller,,1,,/mnt/zsn/data/particulate/datasets/PV-A/renders/uniform531_studio_256_v1/G0150__Handtools_Paint_roller__seed_0000.png
G0151,Handtools_Pen,picture_backed,Handtools,Pen,,1,,/mnt/zsn/data/particulate/datasets/PV-A/renders/uniform531_studio_256_v1/G0151__Handtools_Pen__seed_0000.png
G0152,Handtools_Stapler,picture_backed,Handtools,Stapler,,1,,/mnt/zsn/data/particulate/datasets/PV-A/renders/uniform531_studio_256_v1/G0152__Handtools_Stapler__seed_0000.png
G0153,Handtools_Tool_cart,picture_backed,Handtools,Tool cart,,1,,/mnt/zsn/data/particulate/datasets/PV-A/renders/uniform531_studio_256_v1/G0153__Handtools_Tool_cart__seed_0000.png
G0154,Handtools_wooden_tongs,picture_backed,Handtools,wooden tongs,,1,,/mnt/zsn/data/particulate/datasets/PV-A/renders/uniform531_studio_256_v1/G0154__Handtools_wooden_tongs__seed_0000.png
G0155,Handtools_Wrench,picture_backed,Handtools,Wrench,,1,,/mnt/zsn/data/particulate/datasets/PV-A/renders/uniform531_studio_256_v1/G0155__Handtools_Wrench__seed_0000.png
G0156,harmonic_drive,picture_backed,Robotics,Harmonic drive,,1,,/mnt/zsn/data/particulate/datasets/PV-A/renders/uniform531_studio_256_v1/G0156__harmonic_drive__seed_0000.png
G0157,harvester,picture_backed,Agricultural,Harvester vehicle (arm),,1,,/mnt/zsn/data/particulate/datasets/PV-A/renders/uniform531_studio_256_v1/G0157__harvester__seed_0000.png
G0158,Headwear_Racing_helmet,picture_backed,Headwear,Racing helmet,,1,,/mnt/zsn/data/particulate/datasets/PV-A/renders/uniform531_studio_256_v1/G0158__Headwear_Racing_helmet__seed_0000.png
G0159,Healthcare_Adjustable_hospital_bed,picture_backed,Healthcare,Adjustable hospital bed,,1,,/mnt/zsn/data/particulate/datasets/PV-A/renders/uniform531_studio_256_v1/G0159__Healthcare_Adjustable_hospital_bed__seed_0000.png
G0160,Healthcare_Crutches,picture_backed,Healthcare,Crutches,,1,,/mnt/zsn/data/particulate/datasets/PV-A/renders/uniform531_studio_256_v1/G0160__Healthcare_Crutches__seed_0000.png
G0161,Healthcare_First_aid_box,picture_backed,Healthcare,First aid box,,1,,/mnt/zsn/data/particulate/datasets/PV-A/renders/uniform531_studio_256_v1/G0161__Healthcare_First_aid_box__seed_0000.png
G0162,Healthcare_Pill_bottle_box,picture_backed,Healthcare,Pill bottle_box,,1,,/mnt/zsn/data/particulate/datasets/PV-A/renders/uniform531_studio_256_v1/G0162__Healthcare_Pill_bottle_box__seed_0000.png
G0163,Healthcare_Prosthetic_limb,picture_backed,Healthcare,Prosthetic limb,,1,,/mnt/zsn/data/particulate/datasets/PV-A/renders/uniform531_studio_256_v1/G0163__Healthcare_Prosthetic_limb__seed_0000.png
G0164,Healthcare_Wheelchair,picture_backed,Healthcare,Wheelchair,,1,,/mnt/zsn/data/particulate/datasets/PV-A/renders/uniform531_studio_256_v1/G0164__Healthcare_Wheelchair__seed_0000.png
G0165,hole_punch,picture_backed,Workspace,Hole punch,,1,,/mnt/zsn/data/particulate/datasets/PV-A/renders/uniform531_studio_256_v1/G0165__hole_punch__seed_0000.png
G0166,Household_Laundry_Clothes_drying_rack_Laundry_drying_rack,picture_backed,Household_Laundry,Clothes drying rack_Laundry drying rack,,1,,/mnt/zsn/data/particulate/datasets/PV-A/renders/uniform531_studio_256_v1/G0166__Household_Laundry_Clothes_drying_rack_Laundry_drying_rack__seed_0000.png
G0167,immersion_blender,builtin_no_picture,builtin_no_picture,,,1,,/mnt/zsn/data/particulate/datasets/PV-A/renders/uniform531_studio_256_v1/G0167__immersion_blender__seed_0000.png
G0168,Industrial_Blast_door,picture_backed,Industrial,Blast door,,1,,/mnt/zsn/data/particulate/datasets/PV-A/renders/uniform531_studio_256_v1/G0168__Industrial_Blast_door__seed_0000.png
G0169,Industrial_Drill_press_table,picture_backed,Industrial,Drill press table,,1,,/mnt/zsn/data/particulate/datasets/PV-A/renders/uniform531_studio_256_v1/G0169__Industrial_Drill_press_table__seed_0000.png
G0170,Industrial_Electric_Saw,picture_backed,Industrial,Electric Saw,,1,,/mnt/zsn/data/particulate/datasets/PV-A/renders/uniform531_studio_256_v1/G0170__Industrial_Electric_Saw__seed_0000.png
G0171,Industrial_Hydraulic_press,picture_backed,Industrial,Hydraulic press,,1,,/mnt/zsn/data/particulate/datasets/PV-A/renders/uniform531_studio_256_v1/G0171__Industrial_Hydraulic_press__seed_0000.png
G0172,Industrial_Industrial_vice,picture_backed,Industrial,Industrial vice,,1,,/mnt/zsn/data/particulate/datasets/PV-A/renders/uniform531_studio_256_v1/G0172__Industrial_Industrial_vice__seed_0000.png
G0173,Industrial_Mine_cart,picture_backed,Industrial,Mine cart,,1,,/mnt/zsn/data/particulate/datasets/PV-A/renders/uniform531_studio_256_v1/G0173__Industrial_Mine_cart__seed_0000.png
G0174,Industrial_Ore_crusher_jaw,picture_backed,Industrial,Ore crusher jaw,,1,,/mnt/zsn/data/particulate/datasets/PV-A/renders/uniform531_studio_256_v1/G0174__Industrial_Ore_crusher_jaw__seed_0000.png
G0175,Industrial_Safety_cage,picture_backed,Industrial,Safety cage,,1,,/mnt/zsn/data/particulate/datasets/PV-A/renders/uniform531_studio_256_v1/G0175__Industrial_Safety_cage__seed_0000.png
G0176,ironing_board,picture_backed,Textiles_Fabric,Ironing board,,1,,/mnt/zsn/data/particulate/datasets/PV-A/renders/uniform531_studio_256_v1/G0176__ironing_board__seed_0000.png
G0177,jet_engine,builtin_no_picture,builtin_no_picture,,,1,,/mnt/zsn/data/particulate/datasets/PV-A/renders/uniform531_studio_256_v1/G0177__jet_engine__seed_0000.png
G0178,Kitchen_Air_fryer,picture_backed,Kitchen,Air fryer,,1,,/mnt/zsn/data/particulate/datasets/PV-A/renders/uniform531_studio_256_v1/G0178__Kitchen_Air_fryer__seed_0000.png
G0179,Kitchen_Coffee_machine,picture_backed,Kitchen,Coffee machine,,1,,/mnt/zsn/data/particulate/datasets/PV-A/renders/uniform531_studio_256_v1/G0179__Kitchen_Coffee_machine__seed_0000.png
G0180,Kitchen_Corkscrew,picture_backed,Kitchen,Corkscrew,,1,,/mnt/zsn/data/particulate/datasets/PV-A/renders/uniform531_studio_256_v1/G0180__Kitchen_Corkscrew__seed_0000.png
G0181,Kitchen_Dish_washer,picture_backed,Kitchen,Dish washer,,1,,/mnt/zsn/data/particulate/datasets/PV-A/renders/uniform531_studio_256_v1/G0181__Kitchen_Dish_washer__seed_0000.png
G0182,Kitchen_Hood,picture_backed,Kitchen,Hood,,1,,/mnt/zsn/data/particulate/datasets/PV-A/renders/uniform531_studio_256_v1/G0182__Kitchen_Hood__seed_0000.png
G0183,Kitchen_Knife_set,picture_backed,Kitchen,Knife set,,1,,/mnt/zsn/data/particulate/datasets/PV-A/renders/uniform531_studio_256_v1/G0183__Kitchen_Knife_set__seed_0000.png
G0184,Kitchen_Microwave,picture_backed,Kitchen,Microwave,,1,,/mnt/zsn/data/particulate/datasets/PV-A/renders/uniform531_studio_256_v1/G0184__Kitchen_Microwave__seed_0000.png
G0185,Kitchen_Toaster,picture_backed,Kitchen,Toaster,,1,,/mnt/zsn/data/particulate/datasets/PV-A/renders/uniform531_studio_256_v1/G0185__Kitchen_Toaster__seed_0000.png
G0186,laptop_stand,picture_backed,Workspace,Laptop stand,,1,,/mnt/zsn/data/particulate/datasets/PV-A/renders/uniform531_studio_256_v1/G0186__laptop_stand__seed_0000.png
G0187,lever_chain,builtin_no_picture,builtin_no_picture,,,1,,/mnt/zsn/data/particulate/datasets/PV-A/renders/uniform531_studio_256_v1/G0187__lever_chain__seed_0000.png
G0188,Light_Latern,picture_backed,Light,Latern,,1,,/mnt/zsn/data/particulate/datasets/PV-A/renders/uniform531_studio_256_v1/G0188__Light_Latern__seed_0000.png
G0189,linear_actuator,picture_backed,Robotics,Linear actuator,,1,,/mnt/zsn/data/particulate/datasets/PV-A/renders/uniform531_studio_256_v1/G0189__linear_actuator__seed_0000.png
G0190,loom_shuttle,picture_backed,Textiles_Fabric,Loom shuttle,,1,,/mnt/zsn/data/particulate/datasets/PV-A/renders/uniform531_studio_256_v1/G0190__loom_shuttle__seed_0000.png
G0191,louvered_shutter_assembly,builtin_no_picture,builtin_no_picture,,,1,,/mnt/zsn/data/particulate/datasets/PV-A/renders/uniform531_studio_256_v1/G0191__louvered_shutter_assembly__seed_0000.png
G0192,Machinery_Watermill,picture_backed,Machinery,Watermill,,1,,/mnt/zsn/data/particulate/datasets/PV-A/renders/uniform531_studio_256_v1/G0192__Machinery_Watermill__seed_0000.png
G0193,makeup,picture_backed,0611,Makeup,,1,,/mnt/zsn/data/particulate/datasets/PV-A/renders/uniform531_studio_256_v1/G0193__makeup__seed_0000.png
G0194,makeup1,picture_backed,0611,Makeup1,,1,,/mnt/zsn/data/particulate/datasets/PV-A/renders/uniform531_studio_256_v1/G0194__makeup1__seed_0000.png
G0195,makeup2,picture_backed,0611,Makeup2,,1,,/mnt/zsn/data/particulate/datasets/PV-A/renders/uniform531_studio_256_v1/G0195__makeup2__seed_0000.png
G0196,makeup3,picture_backed,0611,Makeup3,,1,,/mnt/zsn/data/particulate/datasets/PV-A/renders/uniform531_studio_256_v1/G0196__makeup3__seed_0000.png
G0197,manual_coffee_grinder,picture_backed,0611,manual_coffee_grinder,,1,,/mnt/zsn/data/particulate/datasets/PV-A/renders/uniform531_studio_256_v1/G0197__manual_coffee_grinder__seed_0000.png
G0198,manual_grain_mill1,picture_backed,0611,manual_grain_mill1,,1,,/mnt/zsn/data/particulate/datasets/PV-A/renders/uniform531_studio_256_v1/G0198__manual_grain_mill1__seed_0000.png
G0199,manual_grain_mill2,picture_backed,0611,manual_grain_mill2,,1,,/mnt/zsn/data/particulate/datasets/PV-A/renders/uniform531_studio_256_v1/G0199__manual_grain_mill2__seed_0000.png
G0200,manual_hand_drill,picture_backed,0611,manual_hand_drill,,1,,/mnt/zsn/data/particulate/datasets/PV-A/renders/uniform531_studio_256_v1/G0200__manual_hand_drill__seed_0000.png
G0201,manual_pipe_bender,picture_backed,0611,manual_pipe_bender,,1,,/mnt/zsn/data/particulate/datasets/PV-A/renders/uniform531_studio_256_v1/G0201__manual_pipe_bender__seed_0000.png
G0202,manual_water_dispenser_pump,picture_backed,0611,Manual_water_dispenser_pump,,1,,/mnt/zsn/data/particulate/datasets/PV-A/renders/uniform531_studio_256_v1/G0202__manual_water_dispenser_pump__seed_0000.png
G0203,meat_grinder,picture_backed,0611,meat_grinder,,1,,/mnt/zsn/data/particulate/datasets/PV-A/renders/uniform531_studio_256_v1/G0203__meat_grinder__seed_0000.png
G0204,Mechanical_calculator,picture_backed,0611,Mechanical_calculator,,1,,/mnt/zsn/data/particulate/datasets/PV-A/renders/uniform531_studio_256_v1/G0204__Mechanical_calculator__seed_0000.png
G0205,mechanical_metronome_with_pendulum,picture_backed,0611,mechanical_metronome_with_pendulum,,1,,/mnt/zsn/data/particulate/datasets/PV-A/renders/uniform531_studio_256_v1/G0205__mechanical_metronome_with_pendulum__seed_0000.png
G0206,mechanical_timer_with_rotating_dial,picture_backed,0611,mechanical_timer_with_rotating_dial,,1,,/mnt/zsn/data/particulate/datasets/PV-A/renders/uniform531_studio_256_v1/G0206__mechanical_timer_with_rotating_dial__seed_0000.png
G0207,metal_blender,picture_backed,0611,Metal_blender,,1,,/mnt/zsn/data/particulate/datasets/PV-A/renders/uniform531_studio_256_v1/G0207__metal_blender__seed_0000.png
G0208,metronome,builtin_no_picture,builtin_no_picture,,,1,,/mnt/zsn/data/particulate/datasets/PV-A/renders/uniform531_studio_256_v1/G0208__metronome__seed_0000.png
G0209,microphone_boom_arm,picture_backed,0611,microphone_boom_arm,,1,,/mnt/zsn/data/particulate/datasets/PV-A/renders/uniform531_studio_256_v1/G0209__microphone_boom_arm__seed_0000.png
G0210,Military_Aircraft,picture_backed,Military,Aircraft,,1,,/mnt/zsn/data/particulate/datasets/PV-A/renders/uniform531_studio_256_v1/G0210__Military_Aircraft__seed_0000.png
G0211,Military_Granade,picture_backed,Military,Granade,,1,,/mnt/zsn/data/particulate/datasets/PV-A/renders/uniform531_studio_256_v1/G0211__Military_Granade__seed_0000.png
G0212,Military_Gun,picture_backed,Military,Gun,,1,,/mnt/zsn/data/particulate/datasets/PV-A/renders/uniform531_studio_256_v1/G0212__Military_Gun__seed_0000.png
G0213,Military_helicopter,picture_backed,Military,helicopter,,1,,/mnt/zsn/data/particulate/datasets/PV-A/renders/uniform531_studio_256_v1/G0213__Military_helicopter__seed_0000.png
G0214,Military_knife,picture_backed,Military,knife,,1,,/mnt/zsn/data/particulate/datasets/PV-A/renders/uniform531_studio_256_v1/G0214__Military_knife__seed_0000.png
G0215,Military_Military_knife,picture_backed,Military,Military knife,,1,,/mnt/zsn/data/particulate/datasets/PV-A/renders/uniform531_studio_256_v1/G0215__Military_Military_knife__seed_0000.png
G0216,Military_Radio,picture_backed,Military,Radio,,1,,/mnt/zsn/data/particulate/datasets/PV-A/renders/uniform531_studio_256_v1/G0216__Military_Radio__seed_0000.png
G0217,Military_Rifle,picture_backed,Military,Rifle,,1,,/mnt/zsn/data/particulate/datasets/PV-A/renders/uniform531_studio_256_v1/G0217__Military_Rifle__seed_0000.png
G0218,Military_sword,picture_backed,Military,sword,,1,,/mnt/zsn/data/particulate/datasets/PV-A/renders/uniform531_studio_256_v1/G0218__Military_sword__seed_0000.png
G0219,Military_Tank,picture_backed,Military,Tank,,1,,/mnt/zsn/data/particulate/datasets/PV-A/renders/uniform531_studio_256_v1/G0219__Military_Tank__seed_0000.png
G0220,Military_Turret,picture_backed,Military,Turret,,1,,/mnt/zsn/data/particulate/datasets/PV-A/renders/uniform531_studio_256_v1/G0220__Military_Turret__seed_0000.png
G0221,missile_launcher,builtin_no_picture,builtin_no_picture,,,1,,/mnt/zsn/data/particulate/datasets/PV-A/renders/uniform531_studio_256_v1/G0221__missile_launcher__seed_0000.png
G0222,miter_saw_arm_assembly,builtin_no_picture,builtin_no_picture,,,1,,/mnt/zsn/data/particulate/datasets/PV-A/renders/uniform531_studio_256_v1/G0222__miter_saw_arm_assembly__seed_0000.png
G0223,monitor_mount,builtin_no_picture,builtin_no_picture,,,1,,/mnt/zsn/data/particulate/datasets/PV-A/renders/uniform531_studio_256_v1/G0223__monitor_mount__seed_0000.png
G0224,multisegment_foldout_arm,builtin_no_picture,builtin_no_picture,,,1,,/mnt/zsn/data/particulate/datasets/PV-A/renders/uniform531_studio_256_v1/G0224__multisegment_foldout_arm__seed_0000.png
G0225,Music_Amplifier,picture_backed,Music,Amplifier,,1,,/mnt/zsn/data/particulate/datasets/PV-A/renders/uniform531_studio_256_v1/G0225__Music_Amplifier__seed_0000.png
G0226,Music_CD_case,picture_backed,Music,CD case,,1,,/mnt/zsn/data/particulate/datasets/PV-A/renders/uniform531_studio_256_v1/G0226__Music_CD_case__seed_0000.png
G0227,Music_Headphone,picture_backed,Music,Headphone,,1,,/mnt/zsn/data/particulate/datasets/PV-A/renders/uniform531_studio_256_v1/G0227__Music_Headphone__seed_0000.png
G0228,Music_keyboard,picture_backed,Music,keyboard,,1,,/mnt/zsn/data/particulate/datasets/PV-A/renders/uniform531_studio_256_v1/G0228__Music_keyboard__seed_0000.png
G0229,music_stand,picture_backed,0611,Music_stand,,1,,/mnt/zsn/data/particulate/datasets/PV-A/renders/uniform531_studio_256_v1/G0229__music_stand__seed_0000.png
G0230,music_stand1,picture_backed,0611,Music_stand1,,1,,/mnt/zsn/data/particulate/datasets/PV-A/renders/uniform531_studio_256_v1/G0230__music_stand1__seed_0000.png
G0231,Music_Violin_case,picture_backed,Music,Violin case,,1,,/mnt/zsn/data/particulate/datasets/PV-A/renders/uniform531_studio_256_v1/G0231__Music_Violin_case__seed_0000.png
G0232,Music_Vocal_mic,picture_backed,Music,Vocal mic,,1,,/mnt/zsn/data/particulate/datasets/PV-A/renders/uniform531_studio_256_v1/G0232__Music_Vocal_mic__seed_0000.png
G0233,n_joint_revolute_chain,builtin_no_picture,builtin_no_picture,,,1,,/mnt/zsn/data/particulate/datasets/PV-A/renders/uniform531_studio_256_v1/G0233__n_joint_revolute_chain__seed_0000.png
G0234,needle_case,picture_backed,Textiles_Fabric,Needle case,,1,,/mnt/zsn/data/particulate/datasets/PV-A/renders/uniform531_studio_256_v1/G0234__needle_case__seed_0000.png
G0235,nutcracker,picture_backed,0611,nutcracker,,1,,/mnt/zsn/data/particulate/datasets/PV-A/renders/uniform531_studio_256_v1/G0235__nutcracker__seed_0000.png
G0236,office_table_with_doors_or_drawers,picture_backed,0611,Office_table_with_doors_or_drawers,,1,,/mnt/zsn/data/particulate/datasets/PV-A/renders/uniform531_studio_256_v1/G0236__office_table_with_doors_or_drawers__seed_0000.png
G0237,Other_Air_conditioner,picture_backed,Other,Air conditioner,,1,,/mnt/zsn/data/particulate/datasets/PV-A/renders/uniform531_studio_256_v1/G0237__Other_Air_conditioner__seed_0000.png
G0238,Other_armchair,picture_backed,Other,armchair,,1,,/mnt/zsn/data/particulate/datasets/PV-A/renders/uniform531_studio_256_v1/G0238__Other_armchair__seed_0000.png
G0239,Other_Bedside,picture_backed,Other,Bedside,,1,,/mnt/zsn/data/particulate/datasets/PV-A/renders/uniform531_studio_256_v1/G0239__Other_Bedside__seed_0000.png
G0240,Other_Built_in_oven,picture_backed,Other,Built-in oven,,1,,/mnt/zsn/data/particulate/datasets/PV-A/renders/uniform531_studio_256_v1/G0240__Other_Built_in_oven__seed_0000.png
G0241,Other_Cabinet,picture_backed,Other,Cabinet,,1,,/mnt/zsn/data/particulate/datasets/PV-A/renders/uniform531_studio_256_v1/G0241__Other_Cabinet__seed_0000.png
G0242,Other_cauldron,picture_backed,Other,cauldron,,1,,/mnt/zsn/data/particulate/datasets/PV-A/renders/uniform531_studio_256_v1/G0242__Other_cauldron__seed_0000.png
G0243,Other_Coffin,picture_backed,Other,Coffin,,1,,/mnt/zsn/data/particulate/datasets/PV-A/renders/uniform531_studio_256_v1/G0243__Other_Coffin__seed_0000.png
G0244,Other_Folding_screen,picture_backed,Other,Folding screen,,1,,/mnt/zsn/data/particulate/datasets/PV-A/renders/uniform531_studio_256_v1/G0244__Other_Folding_screen__seed_0000.png
G0245,Other_high_arc_gooseneck_faucet,picture_backed,Other,high_arc_gooseneck_faucet,,1,,/mnt/zsn/data/particulate/datasets/PV-A/renders/uniform531_studio_256_v1/G0245__Other_high_arc_gooseneck_faucet__seed_0000.png
G0246,Other_Lighter,picture_backed,Other,Lighter,,1,,/mnt/zsn/data/particulate/datasets/PV-A/renders/uniform531_studio_256_v1/G0246__Other_Lighter__seed_0000.png
G0247,Other_Metal_drain,picture_backed,Other,Metal drain,,1,,/mnt/zsn/data/particulate/datasets/PV-A/renders/uniform531_studio_256_v1/G0247__Other_Metal_drain__seed_0000.png
G0248,Other_pliers,picture_backed,Other,pliers,,1,,/mnt/zsn/data/particulate/datasets/PV-A/renders/uniform531_studio_256_v1/G0248__Other_pliers__seed_0000.png
G0249,Other_Scale,picture_backed,Other,Scale,,1,,/mnt/zsn/data/particulate/datasets/PV-A/renders/uniform531_studio_256_v1/G0249__Other_Scale__seed_0000.png
G0250,Other_single_hole_basin_faucet,picture_backed,Other,single_hole_basin_faucet,,1,,/mnt/zsn/data/particulate/datasets/PV-A/renders/uniform531_studio_256_v1/G0250__Other_single_hole_basin_faucet__seed_0000.png
G0251,Other_stove,picture_backed,Other,stove,,1,,/mnt/zsn/data/particulate/datasets/PV-A/renders/uniform531_studio_256_v1/G0251__Other_stove__seed_0000.png
G0252,Other_Switch,picture_backed,Other,Switch,,1,,/mnt/zsn/data/particulate/datasets/PV-A/renders/uniform531_studio_256_v1/G0252__Other_Switch__seed_0000.png
G0253,Other_Tripod_Turnstile,picture_backed,Other,Tripod Turnstile,,1,,/mnt/zsn/data/particulate/datasets/PV-A/renders/uniform531_studio_256_v1/G0253__Other_Tripod_Turnstile__seed_0000.png
G0254,Other_TV,picture_backed,Other,TV,,1,,/mnt/zsn/data/particulate/datasets/PV-A/renders/uniform531_studio_256_v1/G0254__Other_TV__seed_0000.png
G0255,Other_Vent,picture_backed,Other,Vent,,1,,/mnt/zsn/data/particulate/datasets/PV-A/renders/uniform531_studio_256_v1/G0255__Other_Vent__seed_0000.png
G0256,Other_Water_dispenser,picture_backed,Other,Water dispenser,,1,,/mnt/zsn/data/particulate/datasets/PV-A/renders/uniform531_studio_256_v1/G0256__Other_Water_dispenser__seed_0000.png
G0257,Other_widespread_two_handle_faucet,picture_backed,Other,widespread_two_handle_faucet,,1,,/mnt/zsn/data/particulate/datasets/PV-A/renders/uniform531_studio_256_v1/G0257__Other_widespread_two_handle_faucet__seed_0000.png
G0258,Others_Binocular,picture_backed,Others,Binocular,,1,,/mnt/zsn/data/particulate/datasets/PV-A/renders/uniform531_studio_256_v1/G0258__Others_Binocular__seed_0000.png
G0259,Others_blacksmith_tongs,picture_backed,Others,blacksmith tongs,,1,,/mnt/zsn/data/particulate/datasets/PV-A/renders/uniform531_studio_256_v1/G0259__Others_blacksmith_tongs__seed_0000.png
G0260,Others_Matchbox,picture_backed,Others,Matchbox,,1,,/mnt/zsn/data/particulate/datasets/PV-A/renders/uniform531_studio_256_v1/G0260__Others_Matchbox__seed_0000.png
G0261,Others_Safe,picture_backed,Others,Safe,,1,,/mnt/zsn/data/particulate/datasets/PV-A/renders/uniform531_studio_256_v1/G0261__Others_Safe__seed_0000.png
G0262,overhead_projector_with_articulating_mirror,picture_backed,0611,overhead_projector_with_articulating_mirror,,1,,/mnt/zsn/data/particulate/datasets/PV-A/renders/uniform531_studio_256_v1/G0262__overhead_projector_with_articulating_mirror__seed_0000.png
G0263,overshot_waterwheel,builtin_no_picture,builtin_no_picture,,,1,,/mnt/zsn/data/particulate/datasets/PV-A/renders/uniform531_studio_256_v1/G0263__overshot_waterwheel__seed_0000.png
G0264,paper_cutter_guillotine,builtin_no_picture,builtin_no_picture,,,1,,/mnt/zsn/data/particulate/datasets/PV-A/renders/uniform531_studio_256_v1/G0264__paper_cutter_guillotine__seed_0000.png
G0265,paper_shredder,picture_backed,Workspace,Paper shredder,,1,,/mnt/zsn/data/particulate/datasets/PV-A/renders/uniform531_studio_256_v1/G0265__paper_shredder__seed_0000.png
G0266,parabolic_dish_on_azimuth_elevation_mount,builtin_no_picture,builtin_no_picture,,,1,,/mnt/zsn/data/particulate/datasets/PV-A/renders/uniform531_studio_256_v1/G0266__parabolic_dish_on_azimuth_elevation_mount__seed_0000.png
G0267,Parts_quick_release_clamp,picture_backed,Parts,quick release clamp,,1,,/mnt/zsn/data/particulate/datasets/PV-A/renders/uniform531_studio_256_v1/G0267__Parts_quick_release_clamp__seed_0000.png
G0268,pepper_mill_with_rotating_grinder_mechanism,picture_backed,0611,pepper_mill_with_rotating_grinder_mechanism,,1,,/mnt/zsn/data/particulate/datasets/PV-A/renders/uniform531_studio_256_v1/G0268__pepper_mill_with_rotating_grinder_mechanism__seed_0000.png
G0269,pet_carrier,picture_backed,Pet_Animal related,Pet carrier,,1,,/mnt/zsn/data/particulate/datasets/PV-A/renders/uniform531_studio_256_v1/G0269__pet_carrier__seed_0000.png
G0270,pet_stroller,picture_backed,Pet_Animal related,Pet stroller,,1,,/mnt/zsn/data/particulate/datasets/PV-A/renders/uniform531_studio_256_v1/G0270__pet_stroller__seed_0000.png
G0271,piano_bench,picture_backed,0611,piano_bench,,1,,/mnt/zsn/data/particulate/datasets/PV-A/renders/uniform531_studio_256_v1/G0271__piano_bench__seed_0000.png
G0272,pictureX_0611_Air_blower,picture_backed,0611,Air_blower,,1,,/mnt/zsn/data/particulate/datasets/PV-A/renders/uniform531_studio_256_v1/G0272__pictureX_0611_Air_blower__seed_0000.png
G0273,pictureX_0611_ball_transfer_unit_with_spring_loaded_ball,picture_backed,0611,ball_transfer_unit_with_spring_loaded_ball,,1,,/mnt/zsn/data/particulate/datasets/PV-A/renders/uniform531_studio_256_v1/G0273__pictureX_0611_ball_transfer_unit_with_spring_loaded_ball__seed_0000.png
G0274,pictureX_0611_ball_valve_with_quarter_turn_handle,picture_backed,0611,ball_valve_with_quarter_turn_handle,,1,,/mnt/zsn/data/particulate/datasets/PV-A/renders/uniform531_studio_256_v1/G0274__pictureX_0611_ball_valve_with_quarter_turn_handle__seed_0000.png
G0275,pictureX_0611_bevel_gear_pair_with_perpendicular_shafts,picture_backed,0611,bevel_gear_pair_with_perpendicular_shafts,,1,,/mnt/zsn/data/particulate/datasets/PV-A/renders/uniform531_studio_256_v1/G0275__pictureX_0611_bevel_gear_pair_with_perpendicular_shafts__seed_0000.png
G0276,pictureX_0611_bi_fold_closet_door_system,picture_backed,0611,bi_fold_closet_door_system,,1,,/mnt/zsn/data/particulate/datasets/PV-A/renders/uniform531_studio_256_v1/G0276__pictureX_0611_bi_fold_closet_door_system__seed_0000.png
G0277,pictureX_0611_bookcase,picture_backed,0611,bookcase,,1,,/mnt/zsn/data/particulate/datasets/PV-A/renders/uniform531_studio_256_v1/G0277__pictureX_0611_bookcase__seed_0000.png
G0278,pictureX_0611_bookcase1,picture_backed,0611,bookcase1,,1,,/mnt/zsn/data/particulate/datasets/PV-A/renders/uniform531_studio_256_v1/G0278__pictureX_0611_bookcase1__seed_0000.png
G0279,pictureX_0611_bookcase2,picture_backed,0611,bookcase2,,1,,/mnt/zsn/data/particulate/datasets/PV-A/renders/uniform531_studio_256_v1/G0279__pictureX_0611_bookcase2__seed_0000.png
G0280,pictureX_0611_Bookshelf_with_books,picture_backed,0611,Bookshelf_with_books,,1,,/mnt/zsn/data/particulate/datasets/PV-A/renders/uniform531_studio_256_v1/G0280__pictureX_0611_Bookshelf_with_books__seed_0000.png
G0281,pictureX_0611_Butter_maker,picture_backed,0611,Butter_maker,,1,,/mnt/zsn/data/particulate/datasets/PV-A/renders/uniform531_studio_256_v1/G0281__pictureX_0611_Butter_maker__seed_0000.png
G0282,pictureX_0611_butterfly_valve_with_lever_operator,picture_backed,0611,butterfly_valve_with_lever_operator,,1,,/mnt/zsn/data/particulate/datasets/PV-A/renders/uniform531_studio_256_v1/G0282__pictureX_0611_butterfly_valve_with_lever_operator__seed_0000.png
G0283,pictureX_0611_C_shaped_sofa_side_table,picture_backed,0611,C-shaped_sofa_side_table,,1,,/mnt/zsn/data/particulate/datasets/PV-A/renders/uniform531_studio_256_v1/G0283__pictureX_0611_C_shaped_sofa_side_table__seed_0000.png
G0284,pictureX_0611_Cabinet_with_doors,picture_backed,0611,Cabinet_with_doors,,1,,/mnt/zsn/data/particulate/datasets/PV-A/renders/uniform531_studio_256_v1/G0284__pictureX_0611_Cabinet_with_doors__seed_0000.png
G0285,pictureX_0611_Cabinet_with_doors_and_drawers,picture_backed,0611,Cabinet_with_doors_and_drawers,,1,,/mnt/zsn/data/particulate/datasets/PV-A/renders/uniform531_studio_256_v1/G0285__pictureX_0611_Cabinet_with_doors_and_drawers__seed_0000.png
G0286,pictureX_0611_Cabinet_with_drawers,picture_backed,0611,Cabinet_with_drawers,,1,,/mnt/zsn/data/particulate/datasets/PV-A/renders/uniform531_studio_256_v1/G0286__pictureX_0611_Cabinet_with_drawers__seed_0000.png
G0287,pictureX_0611_Cabinet_with_glass_lift_up_vitrine,picture_backed,0611,Cabinet_with_glass_lift-up_vitrine,,1,,/mnt/zsn/data/particulate/datasets/PV-A/renders/uniform531_studio_256_v1/G0287__pictureX_0611_Cabinet_with_glass_lift_up_vitrine__seed_0000.png
G0288,pictureX_0611_car_scissor_jack_with_screw_mechanism,picture_backed,0611,car_scissor_jack_with_screw_mechanism,,1,,/mnt/zsn/data/particulate/datasets/PV-A/renders/uniform531_studio_256_v1/G0288__pictureX_0611_car_scissor_jack_with_screw_mechanism__seed_0000.png
G0289,pictureX_0611_centrifuge_machine1,picture_backed,0611,centrifuge_machine1,,1,,/mnt/zsn/data/particulate/datasets/PV-A/renders/uniform531_studio_256_v1/G0289__pictureX_0611_centrifuge_machine1__seed_0000.png
G0290,pictureX_0611_centrifuge_machine2,picture_backed,0611,centrifuge_machine2,,1,,/mnt/zsn/data/particulate/datasets/PV-A/renders/uniform531_studio_256_v1/G0290__pictureX_0611_centrifuge_machine2__seed_0000.png
G0291,pictureX_0611_Chain_separator,picture_backed,0611,Chain_separator,,1,,/mnt/zsn/data/particulate/datasets/PV-A/renders/uniform531_studio_256_v1/G0291__pictureX_0611_Chain_separator__seed_0000.png
G0292,pictureX_0611_compass,picture_backed,0611,compass,,1,,/mnt/zsn/data/particulate/datasets/PV-A/renders/uniform531_studio_256_v1/G0292__pictureX_0611_compass__seed_0000.png
G0293,pictureX_0611_crimping_tool,picture_backed,0611,crimping_tool,,1,,/mnt/zsn/data/particulate/datasets/PV-A/renders/uniform531_studio_256_v1/G0293__pictureX_0611_crimping_tool__seed_0000.png
G0294,pictureX_0611_Desk_with_drawers_no_door,picture_backed,0611,Desk_with_drawers（no_door）,,1,,/mnt/zsn/data/particulate/datasets/PV-A/renders/uniform531_studio_256_v1/G0294__pictureX_0611_Desk_with_drawers_no_door__seed_0000.png
G0295,pictureX_0611_drafting_table_with_adjustable_tilt_surface,picture_backed,0611,drafting_table_with_adjustable_tilt_surface,,1,,/mnt/zsn/data/particulate/datasets/PV-A/renders/uniform531_studio_256_v1/G0295__pictureX_0611_drafting_table_with_adjustable_tilt_surface__seed_0000.png
G0296,pictureX_0611_drawing_compass_with_adjustable_legs,picture_backed,0611,drawing_compass_with_adjustable_legs,,1,,/mnt/zsn/data/particulate/datasets/PV-A/renders/uniform531_studio_256_v1/G0296__pictureX_0611_drawing_compass_with_adjustable_legs__seed_0000.png
G0297,pictureX_0611_Dressing_table,picture_backed,0611,Dressing_table,,1,,/mnt/zsn/data/particulate/datasets/PV-A/renders/uniform531_studio_256_v1/G0297__pictureX_0611_Dressing_table__seed_0000.png
G0298,pictureX_0611_drum_pedal_with_beater_and_spring_return,picture_backed,0611,drum_pedal_with_beater_and_spring_return,,1,,/mnt/zsn/data/particulate/datasets/PV-A/renders/uniform531_studio_256_v1/G0298__pictureX_0611_drum_pedal_with_beater_and_spring_return__seed_0000.png
G0299,pictureX_0611_elevator_button_panel,picture_backed,0611,elevator_button_panel,,1,,/mnt/zsn/data/particulate/datasets/PV-A/renders/uniform531_studio_256_v1/G0299__pictureX_0611_elevator_button_panel__seed_0000.png
G0300,pictureX_0611_ergonomic_clamp_with_adjustable,picture_backed,0611,ergonomic_clamp_with_adjustable,,1,,/mnt/zsn/data/particulate/datasets/PV-A/renders/uniform531_studio_256_v1/G0300__pictureX_0611_ergonomic_clamp_with_adjustable__seed_0000.png
G0301,pictureX_0611_ergonomic_clamp_with_adjustable_components,picture_backed,0611,ergonomic_clamp_with_adjustable_components,,1,,/mnt/zsn/data/particulate/datasets/PV-A/renders/uniform531_studio_256_v1/G0301__pictureX_0611_ergonomic_clamp_with_adjustable_components__seed_0000.png
G0302,pictureX_0611_flaring_tool_with_cone_and_clamp,picture_backed,0611,flaring_tool_with_cone_and_clamp,,1,,/mnt/zsn/data/particulate/datasets/PV-A/renders/uniform531_studio_256_v1/G0302__pictureX_0611_flaring_tool_with_cone_and_clamp__seed_0000.png
G0303,pictureX_0611_flexible_track_lighting_system,picture_backed,0611,flexible_track_lighting_system,,1,,/mnt/zsn/data/particulate/datasets/PV-A/renders/uniform531_studio_256_v1/G0303__pictureX_0611_flexible_track_lighting_system__seed_0000.png
G0304,pictureX_0611_Floor_standing_drafting_table,picture_backed,0611,Floor-standing_drafting_table,,1,,/mnt/zsn/data/particulate/datasets/PV-A/renders/uniform531_studio_256_v1/G0304__pictureX_0611_Floor_standing_drafting_table__seed_0000.png
G0305,pictureX_0611_folders,picture_backed,0611,folders,,1,,/mnt/zsn/data/particulate/datasets/PV-A/renders/uniform531_studio_256_v1/G0305__pictureX_0611_folders__seed_0000.png
G0306,pictureX_0611_Folding_ruler,picture_backed,0611,Folding_ruler,,1,,/mnt/zsn/data/particulate/datasets/PV-A/renders/uniform531_studio_256_v1/G0306__pictureX_0611_Folding_ruler__seed_0000.png
G0307,pictureX_0611_Folding_sofa_bed,picture_backed,0611,Folding_sofa_bed,,1,,/mnt/zsn/data/particulate/datasets/PV-A/renders/uniform531_studio_256_v1/G0307__pictureX_0611_Folding_sofa_bed__seed_0000.png
G0308,pictureX_0611_Folding_sofa_bed1,picture_backed,0611,Folding_sofa_bed1,,1,,/mnt/zsn/data/particulate/datasets/PV-A/renders/uniform531_studio_256_v1/G0308__pictureX_0611_Folding_sofa_bed1__seed_0000.png
G0309,pictureX_0611_Folding_sofa_bed2,picture_backed,0611,Folding_sofa_bed2,,1,,/mnt/zsn/data/particulate/datasets/PV-A/renders/uniform531_studio_256_v1/G0309__pictureX_0611_Folding_sofa_bed2__seed_0000.png
G0310,pictureX_0611_Folding_sofa_bed3,picture_backed,0611,Folding_sofa_bed3,,1,,/mnt/zsn/data/particulate/datasets/PV-A/renders/uniform531_studio_256_v1/G0310__pictureX_0611_Folding_sofa_bed3__seed_0000.png
G0311,pictureX_0611_Folding_table,picture_backed,0611,Folding_table,,1,,/mnt/zsn/data/particulate/datasets/PV-A/renders/uniform531_studio_256_v1/G0311__pictureX_0611_Folding_table__seed_0000.png
G0312,pictureX_0611_Folding_table1,picture_backed,0611,Folding_table1,,1,,/mnt/zsn/data/particulate/datasets/PV-A/renders/uniform531_studio_256_v1/G0312__pictureX_0611_Folding_table1__seed_0000.png
G0313,pictureX_0611_Folding_table2,picture_backed,0611,Folding_table2,,1,,/mnt/zsn/data/particulate/datasets/PV-A/renders/uniform531_studio_256_v1/G0313__pictureX_0611_Folding_table2__seed_0000.png
G0314,pictureX_0611_Folding_table3,picture_backed,0611,Folding_table3,,1,,/mnt/zsn/data/particulate/datasets/PV-A/renders/uniform531_studio_256_v1/G0314__pictureX_0611_Folding_table3__seed_0000.png
G0315,pictureX_0611_Folding_table4,picture_backed,0611,Folding_table4,,1,,/mnt/zsn/data/particulate/datasets/PV-A/renders/uniform531_studio_256_v1/G0315__pictureX_0611_Folding_table4__seed_0000.png
G0316,pictureX_0611_Folding_table5,picture_backed,0611,Folding_table5,,1,,/mnt/zsn/data/particulate/datasets/PV-A/renders/uniform531_studio_256_v1/G0316__pictureX_0611_Folding_table5__seed_0000.png
G0317,pictureX_0611_full_height_turnstile,picture_backed,0611,full_height_turnstile,,1,,/mnt/zsn/data/particulate/datasets/PV-A/renders/uniform531_studio_256_v1/G0317__pictureX_0611_full_height_turnstile__seed_0000.png
G0318,pictureX_0611_Garden_pruner,picture_backed,0611,Garden_pruner,,1,,/mnt/zsn/data/particulate/datasets/PV-A/renders/uniform531_studio_256_v1/G0318__pictureX_0611_Garden_pruner__seed_0000.png
G0319,pictureX_0611_garlic_press,picture_backed,0611,garlic_press,,1,,/mnt/zsn/data/particulate/datasets/PV-A/renders/uniform531_studio_256_v1/G0319__pictureX_0611_garlic_press__seed_0000.png
G0320,pictureX_0611_generator,picture_backed,0611,generator,,1,,/mnt/zsn/data/particulate/datasets/PV-A/renders/uniform531_studio_256_v1/G0320__pictureX_0611_generator__seed_0000.png
G0321,pictureX_0611_Golf_cart,picture_backed,0611,Golf_cart,,1,,/mnt/zsn/data/particulate/datasets/PV-A/renders/uniform531_studio_256_v1/G0321__pictureX_0611_Golf_cart__seed_0000.png
G0322,pictureX_0611_guitar_tuning_peg_mechanism,picture_backed,0611,guitar_tuning_peg_mechanism,,1,,/mnt/zsn/data/particulate/datasets/PV-A/renders/uniform531_studio_256_v1/G0322__pictureX_0611_guitar_tuning_peg_mechanism__seed_0000.png
G0323,pictureX_0611_gyroscope_with_spinning_wheel_and_gimbal_rings,picture_backed,0611,gyroscope_with_spinning_wheel_and_gimbal_rings,,1,,/mnt/zsn/data/particulate/datasets/PV-A/renders/uniform531_studio_256_v1/G0323__pictureX_0611_gyroscope_with_spinning_wheel_and_gimbal_rings__seed_0000.png
G0324,pictureX_0611_Hall_tree_with_flip_top_seat,picture_backed,0611,Hall_tree_with_flip-top_seat,,1,,/mnt/zsn/data/particulate/datasets/PV-A/renders/uniform531_studio_256_v1/G0324__pictureX_0611_Hall_tree_with_flip_top_seat__seed_0000.png
G0325,pictureX_0611_Hand_crank_clothes_wringer,picture_backed,0611,Hand-crank_clothes_wringer,,1,,/mnt/zsn/data/particulate/datasets/PV-A/renders/uniform531_studio_256_v1/G0325__pictureX_0611_Hand_crank_clothes_wringer__seed_0000.png
G0326,pictureX_0611_hand_operated_metal_brake_for_bending_sheet_metal,picture_backed,0611,hand_operated_metal_brake_for_bending_sheet_metal,,1,,/mnt/zsn/data/particulate/datasets/PV-A/renders/uniform531_studio_256_v1/G0326__pictureX_0611_hand_operated_metal_brake_for_bending_sheet_metal__seed_0000.png
G0327,pictureX_0611_Hole_punch,picture_backed,0611,Hole_punch,,1,,/mnt/zsn/data/particulate/datasets/PV-A/renders/uniform531_studio_256_v1/G0327__pictureX_0611_Hole_punch__seed_0000.png
G0328,pictureX_0611_Hutch_Cabinet,picture_backed,0611,Hutch_Cabinet,,1,,/mnt/zsn/data/particulate/datasets/PV-A/renders/uniform531_studio_256_v1/G0328__pictureX_0611_Hutch_Cabinet__seed_0000.png
G0329,pictureX_0611_hydraulic_jack,picture_backed,0611,hydraulic_jack,,1,,/mnt/zsn/data/particulate/datasets/PV-A/renders/uniform531_studio_256_v1/G0329__pictureX_0611_hydraulic_jack__seed_0000.png
G0330,pictureX_0611_hydraulic_jack1,picture_backed,0611,hydraulic_jack1,,1,,/mnt/zsn/data/particulate/datasets/PV-A/renders/uniform531_studio_256_v1/G0330__pictureX_0611_hydraulic_jack1__seed_0000.png
G0331,pictureX_0611_hydraulic_jack2,picture_backed,0611,hydraulic_jack2,,1,,/mnt/zsn/data/particulate/datasets/PV-A/renders/uniform531_studio_256_v1/G0331__pictureX_0611_hydraulic_jack2__seed_0000.png
G0332,pictureX_0611_Ice_crream_machine,picture_backed,0611,Ice_crream_machine,,1,,/mnt/zsn/data/particulate/datasets/PV-A/renders/uniform531_studio_256_v1/G0332__pictureX_0611_Ice_crream_machine__seed_0000.png
G0333,pictureX_0611_industrial_crane_featuring_advanced_hydraulic,picture_backed,0611,industrial_crane_featuring_advanced_hydraulic,,1,,/mnt/zsn/data/particulate/datasets/PV-A/renders/uniform531_studio_256_v1/G0333__pictureX_0611_industrial_crane_featuring_advanced_hydraulic__seed_0000.png
G0334,pictureX_0611_Industrial_rolling_work_table,picture_backed,0611,Industrial_rolling_work_table,,1,,/mnt/zsn/data/particulate/datasets/PV-A/renders/uniform531_studio_256_v1/G0334__pictureX_0611_Industrial_rolling_work_table__seed_0000.png
G0335,pictureX_0611_ironing_board2,picture_backed,0611,ironing_board2,,1,,/mnt/zsn/data/particulate/datasets/PV-A/renders/uniform531_studio_256_v1/G0335__pictureX_0611_ironing_board2__seed_0000.png
G0336,pictureX_0611_juicer_press_with_handle,picture_backed,0611,juicer_press_with_handle,,1,,/mnt/zsn/data/particulate/datasets/PV-A/renders/uniform531_studio_256_v1/G0336__pictureX_0611_juicer_press_with_handle__seed_0000.png
G0337,pictureX_0611_kitchen_cabinet,picture_backed,0611,kitchen_cabinet,,1,,/mnt/zsn/data/particulate/datasets/PV-A/renders/uniform531_studio_256_v1/G0337__pictureX_0611_kitchen_cabinet__seed_0000.png
G0338,pictureX_0611_Kitchen_set,picture_backed,0611,Kitchen_set,,1,,/mnt/zsn/data/particulate/datasets/PV-A/renders/uniform531_studio_256_v1/G0338__pictureX_0611_Kitchen_set__seed_0000.png
G0339,pictureX_0611_laser_level_tripod,picture_backed,0611,laser_level_tripod,,1,,/mnt/zsn/data/particulate/datasets/PV-A/renders/uniform531_studio_256_v1/G0339__pictureX_0611_laser_level_tripod__seed_0000.png
G0340,pictureX_0611_lazy_susan,picture_backed,0611,lazy_susan,,1,,/mnt/zsn/data/particulate/datasets/PV-A/renders/uniform531_studio_256_v1/G0340__pictureX_0611_lazy_susan__seed_0000.png
G0341,pictureX_0611_Lid_opener,picture_backed,0611,Lid_opener,,1,,/mnt/zsn/data/particulate/datasets/PV-A/renders/uniform531_studio_256_v1/G0341__pictureX_0611_Lid_opener__seed_0000.png
G0342,pictureX_0611_linear_bearing_slide_with_rail,picture_backed,0611,linear_bearing_slide_with_rail,,1,,/mnt/zsn/data/particulate/datasets/PV-A/renders/uniform531_studio_256_v1/G0342__pictureX_0611_linear_bearing_slide_with_rail__seed_0000.png
G0343,pictureX_0611_Locker_box,picture_backed,0611,Locker_box,,1,,/mnt/zsn/data/particulate/datasets/PV-A/renders/uniform531_studio_256_v1/G0343__pictureX_0611_Locker_box__seed_0000.png
G0344,pilers_cutting_pliers,picture_backed,0611,Pilers_cutting_pliers,,1,,/mnt/zsn/data/particulate/datasets/PV-A/renders/uniform531_studio_256_v1/G0344__pilers_cutting_pliers__seed_0000.png
G0345,pilers_fencing_pliers,picture_backed,0611,Pilers_fencing_pliers,,1,,/mnt/zsn/data/particulate/datasets/PV-A/renders/uniform531_studio_256_v1/G0345__pilers_fencing_pliers__seed_0000.png
G0346,pilers_linesman_pliers,picture_backed,0611,Pilers_linesman_pliers,,1,,/mnt/zsn/data/particulate/datasets/PV-A/renders/uniform531_studio_256_v1/G0346__pilers_linesman_pliers__seed_0000.png
G0347,pilers_locking_pliers,picture_backed,0611,Pilers_locking_pliers,,1,,/mnt/zsn/data/particulate/datasets/PV-A/renders/uniform531_studio_256_v1/G0347__pilers_locking_pliers__seed_0000.png
G0348,pilers_needle_nose_pliers,picture_backed,0611,Pilers_needle_nose_pliers,,1,,/mnt/zsn/data/particulate/datasets/PV-A/renders/uniform531_studio_256_v1/G0348__pilers_needle_nose_pliers__seed_0000.png
G0349,pilers_slip_joint_pliers,picture_backed,0611,Pilers_slip_joint_pliers,,1,,/mnt/zsn/data/particulate/datasets/PV-A/renders/uniform531_studio_256_v1/G0349__pilers_slip_joint_pliers__seed_0000.png
G0350,pilers_tongue_groove_pliers,picture_backed,0611,Pilers_tongue_groove_pliers,,1,,/mnt/zsn/data/particulate/datasets/PV-A/renders/uniform531_studio_256_v1/G0350__pilers_tongue_groove_pliers__seed_0000.png
G0351,pilers_wire_strippers,picture_backed,0611,Pilers_wire_strippers,,1,,/mnt/zsn/data/particulate/datasets/PV-A/renders/uniform531_studio_256_v1/G0351__pilers_wire_strippers__seed_0000.png
G0352,platform_cart,builtin_no_picture,builtin_no_picture,,,1,,/mnt/zsn/data/particulate/datasets/PV-A/renders/uniform531_studio_256_v1/G0352__platform_cart__seed_0000.png
G0353,Playground_playground_chair_swing_carousel,picture_backed,Playground,playground chair swing carousel,,1,,/mnt/zsn/data/particulate/datasets/PV-A/renders/uniform531_studio_256_v1/G0353__Playground_playground_chair_swing_carousel__seed_0000.png
G0354,Playground_playground_merry_go_round,picture_backed,Playground,playground merry-go-round,,1,,/mnt/zsn/data/particulate/datasets/PV-A/renders/uniform531_studio_256_v1/G0354__Playground_playground_merry_go_round__seed_0000.png
G0355,Playground_Seesaw,picture_backed,Playground,Seesaw,,1,,/mnt/zsn/data/particulate/datasets/PV-A/renders/uniform531_studio_256_v1/G0355__Playground_Seesaw__seed_0000.png
G0356,Playground_swing,picture_backed,Playground,swing,,1,,/mnt/zsn/data/particulate/datasets/PV-A/renders/uniform531_studio_256_v1/G0356__Playground_swing__seed_0000.png
G0357,playground_swing,builtin_no_picture,builtin_no_picture,,,1,,/mnt/zsn/data/particulate/datasets/PV-A/renders/uniform531_studio_256_v1/G0357__playground_swing__seed_0000.png
G0358,Playground_swing_circular,picture_backed,Playground,swing circular,,1,,/mnt/zsn/data/particulate/datasets/PV-A/renders/uniform531_studio_256_v1/G0358__Playground_swing_circular__seed_0000.png
G0359,point_of_sale_terminal,picture_backed,Retail_Shop Fixtures,Point-of-sale terminal,,1,,/mnt/zsn/data/particulate/datasets/PV-A/renders/uniform531_studio_256_v1/G0359__point_of_sale_terminal__seed_0000.png
G0360,Powertools_angle_grinder,picture_backed,Powertools,angle grinder,,1,,/mnt/zsn/data/particulate/datasets/PV-A/renders/uniform531_studio_256_v1/G0360__Powertools_angle_grinder__seed_0000.png
G0361,Powertools_drill,picture_backed,Powertools,drill,,1,,/mnt/zsn/data/particulate/datasets/PV-A/renders/uniform531_studio_256_v1/G0361__Powertools_drill__seed_0000.png
G0362,Powertools_Lawn_mower,picture_backed,Powertools,Lawn mower,,1,,/mnt/zsn/data/particulate/datasets/PV-A/renders/uniform531_studio_256_v1/G0362__Powertools_Lawn_mower__seed_0000.png
G0363,projector,picture_backed,0611,projector,,1,,/mnt/zsn/data/particulate/datasets/PV-A/renders/uniform531_studio_256_v1/G0363__projector__seed_0000.png
G0364,protractor_with_swing_arm,picture_backed,0611,protractor_with_swing_arm,,1,,/mnt/zsn/data/particulate/datasets/PV-A/renders/uniform531_studio_256_v1/G0364__protractor_with_swing_arm__seed_0000.png
G0365,pulley,picture_backed,0611,pulley,,1,,/mnt/zsn/data/particulate/datasets/PV-A/renders/uniform531_studio_256_v1/G0365__pulley__seed_0000.png
G0366,pushpull_plunger_chain,builtin_no_picture,builtin_no_picture,,,1,,/mnt/zsn/data/particulate/datasets/PV-A/renders/uniform531_studio_256_v1/G0366__pushpull_plunger_chain__seed_0000.png
G0367,rabbit_hutch,picture_backed,Pet_Animal related,Rabbit hutch,,1,,/mnt/zsn/data/particulate/datasets/PV-A/renders/uniform531_studio_256_v1/G0367__rabbit_hutch__seed_0000.png
G0368,rack_and_pinion_slider,picture_backed,Robotics,Rack-and-pinion slider,,1,,/mnt/zsn/data/particulate/datasets/PV-A/renders/uniform531_studio_256_v1/G0368__rack_and_pinion_slider__seed_0000.png
G0369,ratchet_strap,picture_backed,0611,ratchet_strap,,1,,/mnt/zsn/data/particulate/datasets/PV-A/renders/uniform531_studio_256_v1/G0369__ratchet_strap__seed_0000.png
G0370,refrigerator_with_hinged_doors,builtin_no_picture,builtin_no_picture,,,1,,/mnt/zsn/data/particulate/datasets/PV-A/renders/uniform531_studio_256_v1/G0370__refrigerator_with_hinged_doors__seed_0000.png
G0371,remote_weapon_station,builtin_no_picture,builtin_no_picture,,,1,,/mnt/zsn/data/particulate/datasets/PV-A/renders/uniform531_studio_256_v1/G0371__remote_weapon_station__seed_0000.png
G0372,retractable_patio_awning,picture_backed,0611,retractable_patio_awning,,1,,/mnt/zsn/data/particulate/datasets/PV-A/renders/uniform531_studio_256_v1/G0372__retractable_patio_awning__seed_0000.png
G0373,retractable_utility_knife,builtin_no_picture,builtin_no_picture,,,1,,/mnt/zsn/data/particulate/datasets/PV-A/renders/uniform531_studio_256_v1/G0373__retractable_utility_knife__seed_0000.png
G0374,revolving_door,builtin_no_picture,builtin_no_picture,,,1,,/mnt/zsn/data/particulate/datasets/PV-A/renders/uniform531_studio_256_v1/G0374__revolving_door__seed_0000.png
G0375,ring_blinder,picture_backed,Workspace,ring-blinder,,1,,/mnt/zsn/data/particulate/datasets/PV-A/renders/uniform531_studio_256_v1/G0375__ring_blinder__seed_0000.png
G0376,riot_shield,picture_backed,Law Enforcement_Protective Gear,Riot shield,,1,,/mnt/zsn/data/particulate/datasets/PV-A/renders/uniform531_studio_256_v1/G0376__riot_shield__seed_0000.png
G0377,rivet_squeeze,picture_backed,0611,rivet_squeeze,,1,,/mnt/zsn/data/particulate/datasets/PV-A/renders/uniform531_studio_256_v1/G0377__rivet_squeeze__seed_0000.png
G0378,rivet_squeeze1,picture_backed,0611,rivet_squeeze1,,1,,/mnt/zsn/data/particulate/datasets/PV-A/renders/uniform531_studio_256_v1/G0378__rivet_squeeze1__seed_0000.png
G0379,robotic_arms,builtin_no_picture,builtin_no_picture,,,1,,/mnt/zsn/data/particulate/datasets/PV-A/renders/uniform531_studio_256_v1/G0379__robotic_arms__seed_0000.png
G0380,robotic_leg,builtin_no_picture,builtin_no_picture,,,1,,/mnt/zsn/data/particulate/datasets/PV-A/renders/uniform531_studio_256_v1/G0380__robotic_leg__seed_0000.png
G0381,roller_conveyor,picture_backed,0611,roller_conveyor,,1,,/mnt/zsn/data/particulate/datasets/PV-A/renders/uniform531_studio_256_v1/G0381__roller_conveyor__seed_0000.png
G0382,rolling_toolbox_with_telescoping_handle,builtin_no_picture,builtin_no_picture,,,1,,/mnt/zsn/data/particulate/datasets/PV-A/renders/uniform531_studio_256_v1/G0382__rolling_toolbox_with_telescoping_handle__seed_0000.png
G0383,rope_pulley,picture_backed,Camping_Outdoor Gear,Rope pulley,,1,,/mnt/zsn/data/particulate/datasets/PV-A/renders/uniform531_studio_256_v1/G0383__rope_pulley__seed_0000.png
G0384,rotary_table_with_tilting_trunnion,builtin_no_picture,builtin_no_picture,,,1,,/mnt/zsn/data/particulate/datasets/PV-A/renders/uniform531_studio_256_v1/G0384__rotary_table_with_tilting_trunnion__seed_0000.png
G0385,rotating_observatory_dome,builtin_no_picture,builtin_no_picture,,,1,,/mnt/zsn/data/particulate/datasets/PV-A/renders/uniform531_studio_256_v1/G0385__rotating_observatory_dome__seed_0000.png
G0386,round_cabinet,picture_backed,0611,Round_cabinet,,1,,/mnt/zsn/data/particulate/datasets/PV-A/renders/uniform531_studio_256_v1/G0386__round_cabinet__seed_0000.png
G0387,sailboat_winch_with_pawl_and_handle,picture_backed,0611,sailboat_winch_with_pawl_and_handle,,1,,/mnt/zsn/data/particulate/datasets/PV-A/renders/uniform531_studio_256_v1/G0387__sailboat_winch_with_pawl_and_handle__seed_0000.png
G0388,satellite_with_articulated_solar_panels,builtin_no_picture,builtin_no_picture,,,1,,/mnt/zsn/data/particulate/datasets/PV-A/renders/uniform531_studio_256_v1/G0388__satellite_with_articulated_solar_panels__seed_0000.png
G0389,scanner,picture_backed,0611,scanner,,1,,/mnt/zsn/data/particulate/datasets/PV-A/renders/uniform531_studio_256_v1/G0389__scanner__seed_0000.png
G0390,Science_Capsule,picture_backed,Science,Capsule,,1,,/mnt/zsn/data/particulate/datasets/PV-A/renders/uniform531_studio_256_v1/G0390__Science_Capsule__seed_0000.png
G0391,Science_Dental_setup,picture_backed,Science,Dental setup,,1,,/mnt/zsn/data/particulate/datasets/PV-A/renders/uniform531_studio_256_v1/G0391__Science_Dental_setup__seed_0000.png
G0392,Science_First_aid_cabinet,picture_backed,Science,First aid cabinet,,1,,/mnt/zsn/data/particulate/datasets/PV-A/renders/uniform531_studio_256_v1/G0392__Science_First_aid_cabinet__seed_0000.png
G0393,Science_microscope,picture_backed,Science,microscope,,1,,/mnt/zsn/data/particulate/datasets/PV-A/renders/uniform531_studio_256_v1/G0393__Science_microscope__seed_0000.png
G0394,Science_Surgical_bed,picture_backed,Science,Surgical bed,,1,,/mnt/zsn/data/particulate/datasets/PV-A/renders/uniform531_studio_256_v1/G0394__Science_Surgical_bed__seed_0000.png
G0395,Science_Surgical_chair,picture_backed,Science,Surgical chair,,1,,/mnt/zsn/data/particulate/datasets/PV-A/renders/uniform531_studio_256_v1/G0395__Science_Surgical_chair__seed_0000.png
G0396,Science_Syringe,picture_backed,Science,Syringe,,1,,/mnt/zsn/data/particulate/datasets/PV-A/renders/uniform531_studio_256_v1/G0396__Science_Syringe__seed_0000.png
G0397,screwcap_bottle,builtin_no_picture,builtin_no_picture,,,1,,/mnt/zsn/data/particulate/datasets/PV-A/renders/uniform531_studio_256_v1/G0397__screwcap_bottle__seed_0000.png
G0398,screwin_light_bulb_with_socket,builtin_no_picture,builtin_no_picture,,,1,,/mnt/zsn/data/particulate/datasets/PV-A/renders/uniform531_studio_256_v1/G0398__screwin_light_bulb_with_socket__seed_0000.png
G0399,searchlight_tower,builtin_no_picture,builtin_no_picture,,,1,,/mnt/zsn/data/particulate/datasets/PV-A/renders/uniform531_studio_256_v1/G0399__searchlight_tower__seed_0000.png
G0400,seed_spreader,picture_backed,Agricultural,Seed spreader,,1,,/mnt/zsn/data/particulate/datasets/PV-A/renders/uniform531_studio_256_v1/G0400__seed_spreader__seed_0000.png
G0401,seeder,picture_backed,0611,seeder,,1,,/mnt/zsn/data/particulate/datasets/PV-A/renders/uniform531_studio_256_v1/G0401__seeder__seed_0000.png
G0402,serial_elbow_arm,builtin_no_picture,builtin_no_picture,,,1,,/mnt/zsn/data/particulate/datasets/PV-A/renders/uniform531_studio_256_v1/G0402__serial_elbow_arm__seed_0000.png
G0403,sewing_machine,picture_backed,Textiles_Fabric,Sewing machine,,1,,/mnt/zsn/data/particulate/datasets/PV-A/renders/uniform531_studio_256_v1/G0403__sewing_machine__seed_0000.png
G0404,shelving_unit_with_adjustable_shelves,picture_backed,0611,Shelving_unit_with_adjustable_shelves,,1,,/mnt/zsn/data/particulate/datasets/PV-A/renders/uniform531_studio_256_v1/G0404__shelving_unit_with_adjustable_shelves__seed_0000.png
G0405,shelving_unit_with_folding_shelves,picture_backed,0611,Shelving_unit_with_folding_shelves,,1,,/mnt/zsn/data/particulate/datasets/PV-A/renders/uniform531_studio_256_v1/G0405__shelving_unit_with_folding_shelves__seed_0000.png
G0406,shoulderelbowwrist_arm,builtin_no_picture,builtin_no_picture,,,1,,/mnt/zsn/data/particulate/datasets/PV-A/renders/uniform531_studio_256_v1/G0406__shoulderelbowwrist_arm__seed_0000.png
G0407,Sign_sign,picture_backed,Sign,sign,,1,,/mnt/zsn/data/particulate/datasets/PV-A/renders/uniform531_studio_256_v1/G0407__Sign_sign__seed_0000.png
G0408,simple_aframe_step_ladder,builtin_no_picture,builtin_no_picture,,,1,,/mnt/zsn/data/particulate/datasets/PV-A/renders/uniform531_studio_256_v1/G0408__simple_aframe_step_ladder__seed_0000.png
G0409,simple_drying_rack,builtin_no_picture,builtin_no_picture,,,1,,/mnt/zsn/data/particulate/datasets/PV-A/renders/uniform531_studio_256_v1/G0409__simple_drying_rack__seed_0000.png
G0410,single_revolute_hinge,builtin_no_picture,builtin_no_picture,,,1,,/mnt/zsn/data/particulate/datasets/PV-A/renders/uniform531_studio_256_v1/G0410__single_revolute_hinge__seed_0000.png
G0411,single_rotor_helicopter,builtin_no_picture,builtin_no_picture,,,1,,/mnt/zsn/data/particulate/datasets/PV-A/renders/uniform531_studio_256_v1/G0411__single_rotor_helicopter__seed_0000.png
G0412,single_wheelbarrow,picture_backed,Agricultural,Single-Wheelbarrow,,1,,/mnt/zsn/data/particulate/datasets/PV-A/renders/uniform531_studio_256_v1/G0412__single_wheelbarrow__seed_0000.png
G0413,singleleaf_drawbridge,builtin_no_picture,builtin_no_picture,,,1,,/mnt/zsn/data/particulate/datasets/PV-A/renders/uniform531_studio_256_v1/G0413__singleleaf_drawbridge__seed_0000.png
G0414,sliding_turnstile,picture_backed,0611,sliding_turnstile,,1,,/mnt/zsn/data/particulate/datasets/PV-A/renders/uniform531_studio_256_v1/G0414__sliding_turnstile__seed_0000.png
G0415,sliding_window_classic,builtin_no_picture,builtin_no_picture,,,1,,/mnt/zsn/data/particulate/datasets/PV-A/renders/uniform531_studio_256_v1/G0415__sliding_window_classic__seed_0000.png
G0416,sluice_gate_with_vertical_lift_panel,builtin_no_picture,builtin_no_picture,,,1,,/mnt/zsn/data/particulate/datasets/PV-A/renders/uniform531_studio_256_v1/G0416__sluice_gate_with_vertical_lift_panel__seed_0000.png
G0417,soft_pneumatic_gripper,picture_backed,Robotics,Soft pneumatic gripper,,1,,/mnt/zsn/data/particulate/datasets/PV-A/renders/uniform531_studio_256_v1/G0417__soft_pneumatic_gripper__seed_0000.png
G0418,speed_gate,picture_backed,0611,speed_gate,,1,,/mnt/zsn/data/particulate/datasets/PV-A/renders/uniform531_studio_256_v1/G0418__speed_gate__seed_0000.png
G0419,Sports_Baby_cycle,picture_backed,Sports,Baby cycle,,1,,/mnt/zsn/data/particulate/datasets/PV-A/renders/uniform531_studio_256_v1/G0419__Sports_Baby_cycle__seed_0000.png
G0420,Sports_Bike,picture_backed,Sports,Bike,,1,,/mnt/zsn/data/particulate/datasets/PV-A/renders/uniform531_studio_256_v1/G0420__Sports_Bike__seed_0000.png
G0421,Sports_Carabiner,picture_backed,Sports,Carabiner,,1,,/mnt/zsn/data/particulate/datasets/PV-A/renders/uniform531_studio_256_v1/G0421__Sports_Carabiner__seed_0000.png
G0422,Sports_Dumble,picture_backed,Sports,Dumble,,1,,/mnt/zsn/data/particulate/datasets/PV-A/renders/uniform531_studio_256_v1/G0422__Sports_Dumble__seed_0000.png
G0423,Sports_Exercise_bike,picture_backed,Sports,Exercise bike,,1,,/mnt/zsn/data/particulate/datasets/PV-A/renders/uniform531_studio_256_v1/G0423__Sports_Exercise_bike__seed_0000.png
G0424,Sports_Fidget_Spinner,picture_backed,Sports,Fidget Spinner,,1,,/mnt/zsn/data/particulate/datasets/PV-A/renders/uniform531_studio_256_v1/G0424__Sports_Fidget_Spinner__seed_0000.png
G0425,Sports_game_console,picture_backed,Sports,game console,,1,,/mnt/zsn/data/particulate/datasets/PV-A/renders/uniform531_studio_256_v1/G0425__Sports_game_console__seed_0000.png
G0426,Sports_Karting,picture_backed,Sports,Karting,,1,,/mnt/zsn/data/particulate/datasets/PV-A/renders/uniform531_studio_256_v1/G0426__Sports_Karting__seed_0000.png
G0427,Sports_Roller_scates,picture_backed,Sports,Roller scates,,1,,/mnt/zsn/data/particulate/datasets/PV-A/renders/uniform531_studio_256_v1/G0427__Sports_Roller_scates__seed_0000.png
G0428,Sports_Scooter_Racer,picture_backed,Sports,Scooter Racer,,1,,/mnt/zsn/data/particulate/datasets/PV-A/renders/uniform531_studio_256_v1/G0428__Sports_Scooter_Racer__seed_0000.png
G0429,Sports_Skateboard,picture_backed,Sports,Skateboard,,1,,/mnt/zsn/data/particulate/datasets/PV-A/renders/uniform531_studio_256_v1/G0429__Sports_Skateboard__seed_0000.png
G0430,Sports_Skincare_Roller,picture_backed,Sports,Skincare Roller,,1,,/mnt/zsn/data/particulate/datasets/PV-A/renders/uniform531_studio_256_v1/G0430__Sports_Skincare_Roller__seed_0000.png
G0431,Sports_Table_football,picture_backed,Sports,Table football,,1,,/mnt/zsn/data/particulate/datasets/PV-A/renders/uniform531_studio_256_v1/G0431__Sports_Table_football__seed_0000.png
G0432,Sports_Toy_car,picture_backed,Sports,Toy car,,1,,/mnt/zsn/data/particulate/datasets/PV-A/renders/uniform531_studio_256_v1/G0432__Sports_Toy_car__seed_0000.png
G0433,sprinkler_head_with_rotating_arms,picture_backed,0611,sprinkler_head_with_rotating_arms,,1,,/mnt/zsn/data/particulate/datasets/PV-A/renders/uniform531_studio_256_v1/G0433__sprinkler_head_with_rotating_arms__seed_0000.png
G0434,Stairs_Escalator,picture_backed,Stairs,Escalator,,1,,/mnt/zsn/data/particulate/datasets/PV-A/renders/uniform531_studio_256_v1/G0434__Stairs_Escalator__seed_0000.png
G0435,stand_mixer,builtin_no_picture,builtin_no_picture,,,1,,/mnt/zsn/data/particulate/datasets/PV-A/renders/uniform531_studio_256_v1/G0435__stand_mixer__seed_0000.png
G0436,standing_desk_with_synchronous_telescoping_legs_and_articulated_controls,builtin_no_picture,builtin_no_picture,,,1,,/mnt/zsn/data/particulate/datasets/PV-A/renders/uniform531_studio_256_v1/G0436__standing_desk_with_synchronous_telescoping_legs_and_articulated_controls__seed_0000.png
G0437,Stationary_Calculater,picture_backed,Stationary,Calculater,,1,,/mnt/zsn/data/particulate/datasets/PV-A/renders/uniform531_studio_256_v1/G0437__Stationary_Calculater__seed_0000.png
G0438,Stationary_Clip,picture_backed,Stationary,Clip,,1,,/mnt/zsn/data/particulate/datasets/PV-A/renders/uniform531_studio_256_v1/G0438__Stationary_Clip__seed_0000.png
G0439,Stationary_Clipboard,picture_backed,Stationary,Clipboard,,1,,/mnt/zsn/data/particulate/datasets/PV-A/renders/uniform531_studio_256_v1/G0439__Stationary_Clipboard__seed_0000.png
G0440,Stationary_Folder,picture_backed,Stationary,Folder,,1,,/mnt/zsn/data/particulate/datasets/PV-A/renders/uniform531_studio_256_v1/G0440__Stationary_Folder__seed_0000.png
G0441,Stationary_Pen,picture_backed,Stationary,Pen,,1,,/mnt/zsn/data/particulate/datasets/PV-A/renders/uniform531_studio_256_v1/G0441__Stationary_Pen__seed_0000.png
G0442,Stationary_Pencil_sharpener,picture_backed,Stationary,Pencil sharpener,,1,,/mnt/zsn/data/particulate/datasets/PV-A/renders/uniform531_studio_256_v1/G0442__Stationary_Pencil_sharpener__seed_0000.png
G0443,Stationary_Scissors,picture_backed,Stationary,Scissors,,1,,/mnt/zsn/data/particulate/datasets/PV-A/renders/uniform531_studio_256_v1/G0443__Stationary_Scissors__seed_0000.png
G0444,storage_cart_with_drawers_on_wheels,picture_backed,0611,Storage_cart_with_drawers_on_wheels,,1,,/mnt/zsn/data/particulate/datasets/PV-A/renders/uniform531_studio_256_v1/G0444__storage_cart_with_drawers_on_wheels__seed_0000.png
G0445,stretcher,picture_backed,Emergency Equipment,Stretcher,,1,,/mnt/zsn/data/particulate/datasets/PV-A/renders/uniform531_studio_256_v1/G0445__stretcher__seed_0000.png
G0446,Structure_Elevator,picture_backed,Structure,Elevator,,1,,/mnt/zsn/data/particulate/datasets/PV-A/renders/uniform531_studio_256_v1/G0446__Structure_Elevator__seed_0000.png
G0447,studio_lamp,picture_backed,0611,studio_lamp,,1,,/mnt/zsn/data/particulate/datasets/PV-A/renders/uniform531_studio_256_v1/G0447__studio_lamp__seed_0000.png
G0448,studio_spotlight_on_yoke,builtin_no_picture,builtin_no_picture,,,1,,/mnt/zsn/data/particulate/datasets/PV-A/renders/uniform531_studio_256_v1/G0448__studio_spotlight_on_yoke__seed_0000.png
G0449,table_tennis_table,picture_backed,0611,table_tennis_table,,1,,/mnt/zsn/data/particulate/datasets/PV-A/renders/uniform531_studio_256_v1/G0449__table_tennis_table__seed_0000.png
G0450,table_with_doors_and_drawers,picture_backed,0611,Table_with_doors_and_drawers,,1,,/mnt/zsn/data/particulate/datasets/PV-A/renders/uniform531_studio_256_v1/G0450__table_with_doors_and_drawers__seed_0000.png
G0451,table_with_drawers_no_door,picture_backed,0611,Table_with_drawers（no_door）,,1,,/mnt/zsn/data/particulate/datasets/PV-A/renders/uniform531_studio_256_v1/G0451__table_with_drawers_no_door__seed_0000.png
G0452,tackle_box_with_simple_hinged_lid,builtin_no_picture,builtin_no_picture,,,1,,/mnt/zsn/data/particulate/datasets/PV-A/renders/uniform531_studio_256_v1/G0452__tackle_box_with_simple_hinged_lid__seed_0000.png
G0453,tailor_s_dummy,picture_backed,Textiles_Fabric,Tailor's dummy,,1,,/mnt/zsn/data/particulate/datasets/PV-A/renders/uniform531_studio_256_v1/G0453__tailor_s_dummy__seed_0000.png
G0454,Technology_Audio_Device,picture_backed,Technology,Audio_Device,,1,,/mnt/zsn/data/particulate/datasets/PV-A/renders/uniform531_studio_256_v1/G0454__Technology_Audio_Device__seed_0000.png
G0455,Technology_Conference_Phone,picture_backed,Technology,Conference_Phone,,1,,/mnt/zsn/data/particulate/datasets/PV-A/renders/uniform531_studio_256_v1/G0455__Technology_Conference_Phone__seed_0000.png
G0456,Technology_Flashlight,picture_backed,Technology,Flashlight,,1,,/mnt/zsn/data/particulate/datasets/PV-A/renders/uniform531_studio_256_v1/G0456__Technology_Flashlight__seed_0000.png
G0457,Technology_Graphics_Card,picture_backed,Technology,Graphics_Card,,1,,/mnt/zsn/data/particulate/datasets/PV-A/renders/uniform531_studio_256_v1/G0457__Technology_Graphics_Card__seed_0000.png
G0458,Technology_Keyboard,picture_backed,Technology,Keyboard,,1,,/mnt/zsn/data/particulate/datasets/PV-A/renders/uniform531_studio_256_v1/G0458__Technology_Keyboard__seed_0000.png
G0459,Technology_Laptop,picture_backed,Technology,Laptop,,1,,/mnt/zsn/data/particulate/datasets/PV-A/renders/uniform531_studio_256_v1/G0459__Technology_Laptop__seed_0000.png
G0460,Technology_Mobile_Phone,picture_backed,Technology,Mobile_Phone,,1,,/mnt/zsn/data/particulate/datasets/PV-A/renders/uniform531_studio_256_v1/G0460__Technology_Mobile_Phone__seed_0000.png
G0461,Technology_Monitor,picture_backed,Technology,Monitor,,1,,/mnt/zsn/data/particulate/datasets/PV-A/renders/uniform531_studio_256_v1/G0461__Technology_Monitor__seed_0000.png
G0462,Technology_Printer,picture_backed,Technology,Printer,,1,,/mnt/zsn/data/particulate/datasets/PV-A/renders/uniform531_studio_256_v1/G0462__Technology_Printer__seed_0000.png
G0463,Technology_Remote_Control,picture_backed,Technology,Remote_Control,,1,,/mnt/zsn/data/particulate/datasets/PV-A/renders/uniform531_studio_256_v1/G0463__Technology_Remote_Control__seed_0000.png
G0464,Technology_Security_Camera,picture_backed,Technology,Security_Camera,,1,,/mnt/zsn/data/particulate/datasets/PV-A/renders/uniform531_studio_256_v1/G0464__Technology_Security_Camera__seed_0000.png
G0465,Technology_Telescope,picture_backed,Technology,Telescope,,1,,/mnt/zsn/data/particulate/datasets/PV-A/renders/uniform531_studio_256_v1/G0465__Technology_Telescope__seed_0000.png
G0466,telescoping_boom,builtin_no_picture,builtin_no_picture,,,1,,/mnt/zsn/data/particulate/datasets/PV-A/renders/uniform531_studio_256_v1/G0466__telescoping_boom__seed_0000.png
G0467,telescoping_fishing_rod,picture_backed,0611,telescoping_fishing_rod,,1,,/mnt/zsn/data/particulate/datasets/PV-A/renders/uniform531_studio_256_v1/G0467__telescoping_fishing_rod__seed_0000.png
G0468,telescoping_pointer,picture_backed,0611,telescoping_pointer,,1,,/mnt/zsn/data/particulate/datasets/PV-A/renders/uniform531_studio_256_v1/G0468__telescoping_pointer__seed_0000.png
G0469,threestage_telescoping_slide,builtin_no_picture,builtin_no_picture,,,1,,/mnt/zsn/data/particulate/datasets/PV-A/renders/uniform531_studio_256_v1/G0469__threestage_telescoping_slide__seed_0000.png
G0470,tractor,picture_backed,Agricultural,Tractor,,1,,/mnt/zsn/data/particulate/datasets/PV-A/renders/uniform531_studio_256_v1/G0470__tractor__seed_0000.png
G0471,traditional_windmill,builtin_no_picture,builtin_no_picture,,,1,,/mnt/zsn/data/particulate/datasets/PV-A/renders/uniform531_studio_256_v1/G0471__traditional_windmill__seed_0000.png
G0472,trekking_pole_collapsible,picture_backed,Camping_Outdoor Gear,Trekking pole collapsible,,1,,/mnt/zsn/data/particulate/datasets/PV-A/renders/uniform531_studio_256_v1/G0472__trekking_pole_collapsible__seed_0000.png
G0473,tricycle,picture_backed,0611,tricycle,,1,,/mnt/zsn/data/particulate/datasets/PV-A/renders/uniform531_studio_256_v1/G0473__tricycle__seed_0000.png
G0474,tripod,picture_backed,0611,tripod,,1,,/mnt/zsn/data/particulate/datasets/PV-A/renders/uniform531_studio_256_v1/G0474__tripod__seed_0000.png
G0475,trombone,picture_backed,0611,trombone,,1,,/mnt/zsn/data/particulate/datasets/PV-A/renders/uniform531_studio_256_v1/G0475__trombone__seed_0000.png
G0476,trumpet,picture_backed,0611,trumpet,,1,,/mnt/zsn/data/particulate/datasets/PV-A/renders/uniform531_studio_256_v1/G0476__trumpet__seed_0000.png
G0477,tube_cutter,picture_backed,0611,tube_cutter,,1,,/mnt/zsn/data/particulate/datasets/PV-A/renders/uniform531_studio_256_v1/G0477__tube_cutter__seed_0000.png
G0478,turnbuckle,picture_backed,0611,turnbuckle,,1,,/mnt/zsn/data/particulate/datasets/PV-A/renders/uniform531_studio_256_v1/G0478__turnbuckle__seed_0000.png
G0479,turnstile_gates,builtin_no_picture,builtin_no_picture,,,1,,/mnt/zsn/data/particulate/datasets/PV-A/renders/uniform531_studio_256_v1/G0479__turnstile_gates__seed_0000.png
G0480,turntable,builtin_no_picture,builtin_no_picture,,,1,,/mnt/zsn/data/particulate/datasets/PV-A/renders/uniform531_studio_256_v1/G0480__turntable__seed_0000.png
G0481,tv_cabinet,picture_backed,0611,TV_cabinet,,1,,/mnt/zsn/data/particulate/datasets/PV-A/renders/uniform531_studio_256_v1/G0481__tv_cabinet__seed_0000.png
G0482,tv_wall_mount,picture_backed,0611,tv_wall_mount,,1,,/mnt/zsn/data/particulate/datasets/PV-A/renders/uniform531_studio_256_v1/G0482__tv_wall_mount__seed_0000.png
G0483,twojoint_prismatic_chain,builtin_no_picture,builtin_no_picture,,,1,,/mnt/zsn/data/particulate/datasets/PV-A/renders/uniform531_studio_256_v1/G0483__twojoint_prismatic_chain__seed_0000.png
G0484,twojoint_revolute_chain,builtin_no_picture,builtin_no_picture,,,1,,/mnt/zsn/data/particulate/datasets/PV-A/renders/uniform531_studio_256_v1/G0484__twojoint_revolute_chain__seed_0000.png
G0485,universal_joint,picture_backed,0611,universal_joint,,1,,/mnt/zsn/data/particulate/datasets/PV-A/renders/uniform531_studio_256_v1/G0485__universal_joint__seed_0000.png
G0486,Urban_Environment_bucket1,picture_backed,Urban Environment,bucket1,,1,,/mnt/zsn/data/particulate/datasets/PV-A/renders/uniform531_studio_256_v1/G0486__Urban_Environment_bucket1__seed_0000.png
G0487,Urban_Environment_bucket2,picture_backed,Urban Environment,bucket2,,1,,/mnt/zsn/data/particulate/datasets/PV-A/renders/uniform531_studio_256_v1/G0487__Urban_Environment_bucket2__seed_0000.png
G0488,Urban_Environment_Caster_Trolley,picture_backed,Urban Environment,Caster Trolley,,1,,/mnt/zsn/data/particulate/datasets/PV-A/renders/uniform531_studio_256_v1/G0488__Urban_Environment_Caster_Trolley__seed_0000.png
G0489,Urban_Environment_Caster_Trolley2,picture_backed,Urban Environment,Caster Trolley2,,1,,/mnt/zsn/data/particulate/datasets/PV-A/renders/uniform531_studio_256_v1/G0489__Urban_Environment_Caster_Trolley2__seed_0000.png
G0490,Urban_Environment_Draft_Wagon,picture_backed,Urban Environment,Draft Wagon,,1,,/mnt/zsn/data/particulate/datasets/PV-A/renders/uniform531_studio_256_v1/G0490__Urban_Environment_Draft_Wagon__seed_0000.png
G0491,Urban_Environment_Fire_cabinet,picture_backed,Urban Environment,Fire cabinet,,1,,/mnt/zsn/data/particulate/datasets/PV-A/renders/uniform531_studio_256_v1/G0491__Urban_Environment_Fire_cabinet__seed_0000.png
G0492,Urban_Environment_Fire_Extinguisher,picture_backed,Urban Environment,Fire Extinguisher,,1,,/mnt/zsn/data/particulate/datasets/PV-A/renders/uniform531_studio_256_v1/G0492__Urban_Environment_Fire_Extinguisher__seed_0000.png
G0493,Urban_Environment_Fire_Hydrant,picture_backed,Urban Environment,Fire Hydrant,,1,,/mnt/zsn/data/particulate/datasets/PV-A/renders/uniform531_studio_256_v1/G0493__Urban_Environment_Fire_Hydrant__seed_0000.png
G0494,Urban_Environment_Garbage_bin,picture_backed,Urban Environment,Garbage bin,,1,,/mnt/zsn/data/particulate/datasets/PV-A/renders/uniform531_studio_256_v1/G0494__Urban_Environment_Garbage_bin__seed_0000.png
G0495,Urban_Environment_Large_Trashcan,picture_backed,Urban Environment,Large Trashcan,,1,,/mnt/zsn/data/particulate/datasets/PV-A/renders/uniform531_studio_256_v1/G0495__Urban_Environment_Large_Trashcan__seed_0000.png
G0496,Urban_Environment_Mailbox,picture_backed,Urban Environment,Mailbox,,1,,/mnt/zsn/data/particulate/datasets/PV-A/renders/uniform531_studio_256_v1/G0496__Urban_Environment_Mailbox__seed_0000.png
G0497,Urban_Environment_Manhole_cover,picture_backed,Urban Environment,Manhole cover,,1,,/mnt/zsn/data/particulate/datasets/PV-A/renders/uniform531_studio_256_v1/G0497__Urban_Environment_Manhole_cover__seed_0000.png
G0498,Urban_Environment_Phone_box,picture_backed,Urban Environment,Phone box,,1,,/mnt/zsn/data/particulate/datasets/PV-A/renders/uniform531_studio_256_v1/G0498__Urban_Environment_Phone_box__seed_0000.png
G0499,Urban_Environment_Public_toilet,picture_backed,Urban Environment,Public toilet,,1,,/mnt/zsn/data/particulate/datasets/PV-A/renders/uniform531_studio_256_v1/G0499__Urban_Environment_Public_toilet__seed_0000.png
G0500,Urban_Environment_Public_toilet1,picture_backed,Urban Environment,Public toilet,,1,,/mnt/zsn/data/particulate/datasets/PV-A/renders/uniform531_studio_256_v1/G0500__Urban_Environment_Public_toilet1__seed_0000.png
G0501,Urban_Environment_Roof_antena,picture_backed,Urban Environment,Roof antena,,1,,/mnt/zsn/data/particulate/datasets/PV-A/renders/uniform531_studio_256_v1/G0501__Urban_Environment_Roof_antena__seed_0000.png
G0502,Urban_Environment_sci_fi_satellite_dish,picture_backed,Urban Environment,sci-fi satellite dish,,1,,/mnt/zsn/data/particulate/datasets/PV-A/renders/uniform531_studio_256_v1/G0502__Urban_Environment_sci_fi_satellite_dish__seed_0000.png
G0503,Urban_Environment_Tilt_Truck1,picture_backed,Urban Environment,Tilt Truck1,,1,,/mnt/zsn/data/particulate/datasets/PV-A/renders/uniform531_studio_256_v1/G0503__Urban_Environment_Tilt_Truck1__seed_0000.png
G0504,Urban_Environment_Tilt_Truck2,picture_backed,Urban Environment,Tilt Truck2,,1,,/mnt/zsn/data/particulate/datasets/PV-A/renders/uniform531_studio_256_v1/G0504__Urban_Environment_Tilt_Truck2__seed_0000.png
G0505,Urban_Environment_Trashcan1,picture_backed,Urban Environment,Trashcan1,,1,,/mnt/zsn/data/particulate/datasets/PV-A/renders/uniform531_studio_256_v1/G0505__Urban_Environment_Trashcan1__seed_0000.png
G0506,Urban_Environment_Trashcan2,picture_backed,Urban Environment,Trashcan2,,1,,/mnt/zsn/data/particulate/datasets/PV-A/renders/uniform531_studio_256_v1/G0506__Urban_Environment_Trashcan2__seed_0000.png
G0507,Urban_Environment_utility_box,picture_backed,Urban Environment,utility box,,1,,/mnt/zsn/data/particulate/datasets/PV-A/renders/uniform531_studio_256_v1/G0507__Urban_Environment_utility_box__seed_0000.png
G0508,Urban_Environment_Well_lid,picture_backed,Urban Environment,Well lid,,1,,/mnt/zsn/data/particulate/datasets/PV-A/renders/uniform531_studio_256_v1/G0508__Urban_Environment_Well_lid__seed_0000.png
G0509,usb_drive_with_swivel_cover,builtin_no_picture,builtin_no_picture,,,1,,/mnt/zsn/data/particulate/datasets/PV-A/renders/uniform531_studio_256_v1/G0509__usb_drive_with_swivel_cover__seed_0000.png
G0510,vane_array_with_independent_pivots,builtin_no_picture,builtin_no_picture,,,1,,/mnt/zsn/data/particulate/datasets/PV-A/renders/uniform531_studio_256_v1/G0510__vane_array_with_independent_pivots__seed_0000.png
G0511,Vehicle_Sports_car,picture_backed,Vehicle,Sports car_,,1,,/mnt/zsn/data/particulate/datasets/PV-A/renders/uniform531_studio_256_v1/G0511__Vehicle_Sports_car__seed_0000.png
G0512,waffle_maker,picture_backed,0611,waffle_maker,,1,,/mnt/zsn/data/particulate/datasets/PV-A/renders/uniform531_studio_256_v1/G0512__waffle_maker__seed_0000.png
G0513,walking_cane,picture_backed,0611,Walking_cane,,1,,/mnt/zsn/data/particulate/datasets/PV-A/renders/uniform531_studio_256_v1/G0513__walking_cane__seed_0000.png
G0514,wall_safe_with_hinged_door_and_dial,builtin_no_picture,builtin_no_picture,,,1,,/mnt/zsn/data/particulate/datasets/PV-A/renders/uniform531_studio_256_v1/G0514__wall_safe_with_hinged_door_and_dial__seed_0000.png
G0515,watch,picture_backed,0611,watch,,1,,/mnt/zsn/data/particulate/datasets/PV-A/renders/uniform531_studio_256_v1/G0515__watch__seed_0000.png
G0516,water_filter_pump,picture_backed,Camping_Outdoor Gear,Water filter pump,,1,,/mnt/zsn/data/particulate/datasets/PV-A/renders/uniform531_studio_256_v1/G0516__water_filter_pump__seed_0000.png
G0517,watering_can,picture_backed,Agricultural,Watering can,,1,,/mnt/zsn/data/particulate/datasets/PV-A/renders/uniform531_studio_256_v1/G0517__watering_can__seed_0000.png
G0518,wheelbarrow,builtin_no_picture,builtin_no_picture,,,1,,/mnt/zsn/data/particulate/datasets/PV-A/renders/uniform531_studio_256_v1/G0518__wheelbarrow__seed_0000.png
G0519,wheelie_bin_with_hinged_lid,builtin_no_picture,builtin_no_picture,,,1,,/mnt/zsn/data/particulate/datasets/PV-A/renders/uniform531_studio_256_v1/G0519__wheelie_bin_with_hinged_lid__seed_0000.png
G0520,whiteboard_easel,picture_backed,Workspace,Whiteboard easel,,1,,/mnt/zsn/data/particulate/datasets/PV-A/renders/uniform531_studio_256_v1/G0520__whiteboard_easel__seed_0000.png
G0521,wind_turbine,builtin_no_picture,builtin_no_picture,,,1,,/mnt/zsn/data/particulate/datasets/PV-A/renders/uniform531_studio_256_v1/G0521__wind_turbine__seed_0000.png
G0522,Window_Sliding_window,picture_backed,Window,Sliding window,,1,,/mnt/zsn/data/particulate/datasets/PV-A/renders/uniform531_studio_256_v1/G0522__Window_Sliding_window__seed_0000.png
G0523,Window_Window,picture_backed,Window,Window,,1,,/mnt/zsn/data/particulate/datasets/PV-A/renders/uniform531_studio_256_v1/G0523__Window_Window__seed_0000.png
G0524,windshield_wiper_assembly,builtin_no_picture,builtin_no_picture,,,1,,/mnt/zsn/data/particulate/datasets/PV-A/renders/uniform531_studio_256_v1/G0524__windshield_wiper_assembly__seed_0000.png
G0525,wine_cabinet,picture_backed,0611,wine_cabinet,,1,,/mnt/zsn/data/particulate/datasets/PV-A/renders/uniform531_studio_256_v1/G0525__wine_cabinet__seed_0000.png
G0526,wine_cabinet1,picture_backed,0611,wine_cabinet1,,1,,/mnt/zsn/data/particulate/datasets/PV-A/renders/uniform531_studio_256_v1/G0526__wine_cabinet1__seed_0000.png
G0527,wine_cabinet2,picture_backed,0611,wine_cabinet2,,1,,/mnt/zsn/data/particulate/datasets/PV-A/renders/uniform531_studio_256_v1/G0527__wine_cabinet2__seed_0000.png
G0528,wine_rack,picture_backed,0611,Wine_rack,,1,,/mnt/zsn/data/particulate/datasets/PV-A/renders/uniform531_studio_256_v1/G0528__wine_rack__seed_0000.png
G0529,worm_gear_and_wheel_assembly,picture_backed,0611,worm_gear_and_wheel_assembly,,1,,/mnt/zsn/data/particulate/datasets/PV-A/renders/uniform531_studio_256_v1/G0529__worm_gear_and_wheel_assembly__seed_0000.png
G0530,wrench_set,picture_backed,0611,Wrench_set,,1,,/mnt/zsn/data/particulate/datasets/PV-A/renders/uniform531_studio_256_v1/G0530__wrench_set__seed_0000.png
G0531,zippo_lighter,builtin_no_picture,builtin_no_picture,,,1,,/mnt/zsn/data/particulate/datasets/PV-A/renders/uniform531_studio_256_v1/G0531__zippo_lighter__seed_0000.png
