generator_index,generator_name,generator_path,source_type,picture_index,picture_category,picture_label,picture_source_path,arti_template_picture_path,picture_storage,picture_png_count,mapping_source,catalog_image_path
G0001,Accessories_Cushion,arti-template/agent/templates/Accessories_Cushion.py,picture_backed,P0147,Accessories,Cushion,articraft_data/picture/Accessories/Cushion,,articraft_data_only,2,existing_map:non_articraft_190_map.csv,
G0002,Accessories_glasses,arti-template/agent/templates/Accessories_glasses.py,picture_backed,P0150,Accessories,glasses,articraft_data/picture/Accessories/glasses,,articraft_data_only,2,existing_map:non_articraft_190_map.csv,
G0003,adjustable_monitor_arm,arti-template/agent/templates/adjustable_monitor_arm.py,picture_backed,P0444,Workspace,Adjustable monitor arm,articraft_data/picture/Workspace/Adjustable monitor arm,arti-template/picture/Workspace/Adjustable monitor arm,articraft_data_and_arti_template,2,existing_map:extra_requested_gallery_map.csv,
G0004,animal_feeding_bowl_stand,arti-template/agent/templates/animal_feeding_bowl_stand.py,picture_backed,P0339,Pet_Animal related,Animal feeding bowl stand,articraft_data/picture/Pet_Animal related/Animal feeding bowl stand,arti-template/picture/Pet_Animal related/Animal feeding bowl stand,articraft_data_and_arti_template,2,existing_map:extra_requested_gallery_map.csv,
G0005,aquarium,arti-template/agent/templates/aquarium.py,picture_backed,P0340,Pet_Animal related,Aquarium,articraft_data/picture/Pet_Animal related/Aquarium,arti-template/picture/Pet_Animal related/Aquarium,articraft_data_and_arti_template,2,existing_map:extra_requested_gallery_map.csv,
G0006,Art_Drawing_Models_Articulated_mannequin_Poseable_figure_mannequin,arti-template/agent/templates/Art_Drawing_Models_Articulated_mannequin_Poseable_figure_mannequin.py,picture_backed,P0158,Art_Drawing Models,Articulated mannequin_Poseable figure mannequin,articraft_data/picture/Art_Drawing Models/Articulated mannequin_Poseable figure mannequin,arti-template/picture/Art_Drawing Models/Articulated mannequin_Poseable figure mannequin,articraft_data_and_arti_template,3,existing_map:extra_requested_gallery_map.csv,
G0007,articulated_task_lamp,arti-template/agent/templates/articulated_task_lamp.py,articraft_builtin_dataset_no_picture,,,,,,none,0,articraft_builtin_100_map.csv,arti-template/template_catalog/images/articulated_task_lamp.png
G0008,astronomical_telescope_on_tripod,arti-template/agent/templates/astronomical_telescope_on_tripod.py,articraft_builtin_dataset_no_picture,,,,,,none,0,articraft_builtin_100_map.csv,arti-template/template_catalog/images/astronomical_telescope_on_tripod.png
G0009,Astronomy_Antenna_dish,arti-template/agent/templates/Astronomy_Antenna_dish.py,picture_backed,P0159,Astronomy,Antenna dish,articraft_data/picture/Astronomy/Antenna dish,arti-template/picture/Astronomy/Antenna dish,articraft_data_and_arti_template,3,existing_map:extra_requested_gallery_map.csv,
G0010,Astronomy_Astronaut_helmet,arti-template/agent/templates/Astronomy_Astronaut_helmet.py,picture_backed,P0160,Astronomy,Astronaut helmet,articraft_data/picture/Astronomy/Astronaut helmet,arti-template/picture/Astronomy/Astronaut helmet,articraft_data_and_arti_template,2,existing_map:extra_requested_gallery_map.csv,
G0011,Astronomy_Lunar_rover,arti-template/agent/templates/Astronomy_Lunar_rover.py,picture_backed,P0161,Astronomy,Lunar rover,articraft_data/picture/Astronomy/Lunar rover,arti-template/picture/Astronomy/Lunar rover,articraft_data_and_arti_template,2,existing_map:extra_requested_gallery_map.csv,
G0012,Astronomy_Mars_rover,arti-template/agent/templates/Astronomy_Mars_rover.py,picture_backed,P0162,Astronomy,Mars rover,articraft_data/picture/Astronomy/Mars rover,arti-template/picture/Astronomy/Mars rover,articraft_data_and_arti_template,2,existing_map:extra_requested_gallery_map.csv,
G0013,Astronomy_Pressurised_module_door,arti-template/agent/templates/Astronomy_Pressurised_module_door.py,picture_backed,P0163,Astronomy,Pressurised module door,articraft_data/picture/Astronomy/Pressurised module door,arti-template/picture/Astronomy/Pressurised module door,articraft_data_and_arti_template,2,existing_map:extra_requested_gallery_map.csv,
G0014,Astronomy_Retractable_landing_gear,arti-template/agent/templates/Astronomy_Retractable_landing_gear.py,picture_backed,P0164,Astronomy,Retractable landing gear,articraft_data/picture/Astronomy/Retractable landing gear,arti-template/picture/Astronomy/Retractable landing gear,articraft_data_and_arti_template,3,existing_map:extra_requested_gallery_map.csv,
G0015,Astronomy_Return_capsule,arti-template/agent/templates/Astronomy_Return_capsule.py,picture_backed,P0165,Astronomy,Return capsule,articraft_data/picture/Astronomy/Return capsule,arti-template/picture/Astronomy/Return capsule,articraft_data_and_arti_template,2,existing_map:extra_requested_gallery_map.csv,
G0016,Astronomy_Rocket_engine,arti-template/agent/templates/Astronomy_Rocket_engine.py,picture_backed,P0166,Astronomy,Rocket engine,articraft_data/picture/Astronomy/Rocket engine,arti-template/picture/Astronomy/Rocket engine,articraft_data_and_arti_template,1,existing_map:extra_requested_gallery_map.csv,
G0017,Astronomy_Satellite,arti-template/agent/templates/Astronomy_Satellite.py,picture_backed,P0167,Astronomy,Satellite,articraft_data/picture/Astronomy/Satellite,arti-template/picture/Astronomy/Satellite,articraft_data_and_arti_template,2,existing_map:extra_requested_gallery_map.csv,
G0018,Astronomy_Space_shuttle,arti-template/agent/templates/Astronomy_Space_shuttle.py,picture_backed,P0168,Astronomy,Space shuttle,articraft_data/picture/Astronomy/Space shuttle,arti-template/picture/Astronomy/Space shuttle,articraft_data_and_arti_template,1,existing_map:extra_requested_gallery_map.csv,
G0019,automotive_differential_differential_gear,arti-template/agent/templates/automotive_differential_differential_gear.py,picture_backed,P0292,Mechanical Components_Drivetrain,Automotive differential_Differential gear,articraft_data/picture/Mechanical Components_Drivetrain/Automotive differential_Differential gear,arti-template/picture/Mechanical Components_Drivetrain/Automotive differential_Differential gear,articraft_data_and_arti_template,1,existing_map:extra_requested_gallery_map.csv,
G0020,badge_id_holder_clip,arti-template/agent/templates/badge_id_holder_clip.py,picture_backed,P0445,Workspace,Badge_ID holder clip,articraft_data/picture/Workspace/Badge_ID holder clip,arti-template/picture/Workspace/Badge_ID holder clip,articraft_data_and_arti_template,2,existing_map:extra_requested_gallery_map.csv,
G0021,Bag_Suitcase_Box,arti-template/agent/templates/Bag_Suitcase_Box.py,picture_backed,P0169,Bag_Suitcase,Box,articraft_data/picture/Bag_Suitcase/Box,,articraft_data_only,1,existing_map:non_articraft_190_map.csv,
G0022,Bag_Suitcase_Luggage_bag,arti-template/agent/templates/Bag_Suitcase_Luggage_bag.py,picture_backed,P0170,Bag_Suitcase,Luggage bag,articraft_data/picture/Bag_Suitcase/Luggage bag,,articraft_data_only,1,existing_map:non_articraft_190_map.csv,
G0023,Bag_Suitcase_Shopping_bucket,arti-template/agent/templates/Bag_Suitcase_Shopping_bucket.py,picture_backed,P0171,Bag_Suitcase,Shopping bucket,articraft_data/picture/Bag_Suitcase/Shopping bucket,,articraft_data_only,2,existing_map:non_articraft_190_map.csv,
G0024,Bag_Suitcase_Suitcase,arti-template/agent/templates/Bag_Suitcase_Suitcase.py,picture_backed,P0172,Bag_Suitcase,Suitcase,articraft_data/picture/Bag_Suitcase/Suitcase,,articraft_data_only,1,existing_map:non_articraft_190_map.csv,
G0025,Bag_Suitcase_Treasure_chest,arti-template/agent/templates/Bag_Suitcase_Treasure_chest.py,picture_backed,P0173,Bag_Suitcase,Treasure chest,articraft_data/picture/Bag_Suitcase/Treasure chest,,articraft_data_only,1,existing_map:non_articraft_190_map.csv,
G0026,Bar_Piano,arti-template/agent/templates/Bar_Piano.py,picture_backed,P0176,Bar,Piano,articraft_data/picture/Bar/Piano,,articraft_data_only,2,existing_map:non_articraft_190_map.csv,
G0027,barcode_scanner,arti-template/agent/templates/barcode_scanner.py,picture_backed,P0355,Retail_Shop Fixtures,Barcode scanner,articraft_data/picture/Retail_Shop Fixtures/Barcode scanner,arti-template/picture/Retail_Shop Fixtures/Barcode scanner,articraft_data_and_arti_template,2,existing_map:extra_requested_gallery_map.csv,
G0028,barrier_gate_boom,arti-template/agent/templates/barrier_gate_boom.py,articraft_builtin_dataset_no_picture,,,,,,none,0,articraft_builtin_100_map.csv,arti-template/template_catalog/images/barrier_gate_boom.png
G0029,barrier_gate_leaf_gate,arti-template/agent/templates/barrier_gate_leaf_gate.py,articraft_builtin_dataset_no_picture,,,,,,none,0,articraft_builtin_100_map.csv,arti-template/template_catalog/images/barrier_gate_leaf_gate.png
G0030,Bathroom_Hair_dryer,arti-template/agent/templates/Bathroom_Hair_dryer.py,picture_backed,P0177,Bathroom,Hair dryer,articraft_data/picture/Bathroom/Hair dryer,,articraft_data_only,1,existing_map:non_articraft_190_map.csv,
G0031,Bathroom_toilet,arti-template/agent/templates/Bathroom_toilet.py,picture_backed,P0178,Bathroom,toilet,articraft_data/picture/Bathroom/toilet,,articraft_data_only,3,existing_map:non_articraft_190_map.csv,
G0032,Bathroom_washmachine,arti-template/agent/templates/Bathroom_washmachine.py,picture_backed,P0179,Bathroom,washmachine,articraft_data/picture/Bathroom/washmachine,,articraft_data_only,1,existing_map:non_articraft_190_map.csv,
G0033,bell_tower_with_swinging_bell,arti-template/agent/templates/bell_tower_with_swinging_bell.py,articraft_builtin_dataset_no_picture,,,,,,none,0,articraft_builtin_100_map.csv,arti-template/template_catalog/images/bell_tower_with_swinging_bell.png
G0034,Bench_Wood_Swing,arti-template/agent/templates/Bench_Wood_Swing.py,picture_backed,P0180,Bench,Wood Swing,articraft_data/picture/Bench/Wood Swing,,articraft_data_only,5,existing_map:non_articraft_190_map.csv,
G0035,bicycle_crankset_and_pedal_assembly,arti-template/agent/templates/bicycle_crankset_and_pedal_assembly.py,articraft_builtin_dataset_no_picture,,,,,,none,0,articraft_builtin_100_map.csv,arti-template/template_catalog/images/bicycle_crankset_and_pedal_assembly.png
G0036,bird_cage,arti-template/agent/templates/bird_cage.py,picture_backed,P0341,Pet_Animal related,Bird cage,articraft_data/picture/Pet_Animal related/Bird cage,arti-template/picture/Pet_Animal related/Bird cage,articraft_data_and_arti_template,2,existing_map:extra_requested_gallery_map.csv,
G0037,blender_countertop,arti-template/agent/templates/blender_countertop.py,articraft_builtin_dataset_no_picture,,,,,,none,0,articraft_builtin_100_map.csv,arti-template/template_catalog/images/blender_countertop.png
G0038,box_fan_with_control_knob,arti-template/agent/templates/box_fan_with_control_knob.py,articraft_builtin_dataset_no_picture,,,,,,none,0,articraft_builtin_100_map.csv,arti-template/template_catalog/images/box_fan_with_control_knob.png
G0039,branching_tree_with_three_independent_rotary_branches,arti-template/agent/templates/branching_tree_with_three_independent_rotary_branches.py,articraft_builtin_dataset_no_picture,,,,,,none,0,articraft_builtin_100_map.csv,arti-template/template_catalog/images/branching_tree_with_three_independent_rotary_branches.png
G0040,branching_tree_with_two_independent_rotary_branches,arti-template/agent/templates/branching_tree_with_two_independent_rotary_branches.py,articraft_builtin_dataset_no_picture,,,,,,none,0,articraft_builtin_100_map.csv,arti-template/template_catalog/images/branching_tree_with_two_independent_rotary_branches.png
G0041,camcorder_with_flipout_screen,arti-template/agent/templates/camcorder_with_flipout_screen.py,articraft_builtin_dataset_no_picture,,,,,,none,0,articraft_builtin_100_map.csv,arti-template/template_catalog/images/camcorder_with_flipout_screen.png
G0042,camera_flash,arti-template/agent/templates/camera_flash.py,articraft_builtin_dataset_no_picture,,,,,,none,0,articraft_builtin_100_map.csv,arti-template/template_catalog/images/camera_flash.png
G0043,camera_lens,arti-template/agent/templates/camera_lens.py,articraft_builtin_dataset_no_picture,,,,,,none,0,articraft_builtin_100_map.csv,arti-template/template_catalog/images/camera_lens.png
G0044,camp_chair,arti-template/agent/templates/camp_chair.py,picture_backed,P0181,Camping_Outdoor Gear,Camp chair,articraft_data/picture/Camping_Outdoor Gear/Camp chair,,articraft_data_only,2,existing_map:extra_requested_gallery_map.csv,
G0045,camping_lantern,arti-template/agent/templates/camping_lantern.py,picture_backed,P0182,Camping_Outdoor Gear,Camping Lantern,articraft_data/picture/Camping_Outdoor Gear/Camping Lantern,,articraft_data_only,2,existing_map:extra_requested_gallery_map.csv,
G0046,candy_vending_machine,arti-template/agent/templates/candy_vending_machine.py,articraft_builtin_dataset_no_picture,,,,,,none,0,articraft_builtin_100_map.csv,arti-template/template_catalog/images/candy_vending_machine.png
G0047,cannon,arti-template/agent/templates/cannon.py,articraft_builtin_dataset_no_picture,,,,,,none,0,articraft_builtin_100_map.csv,arti-template/template_catalog/images/cannon.png
G0048,cantilever_articulated_arm,arti-template/agent/templates/cantilever_articulated_arm.py,articraft_builtin_dataset_no_picture,,,,,,none,0,articraft_builtin_100_map.csv,arti-template/template_catalog/images/cantilever_articulated_arm.png
G0049,car_axles,arti-template/agent/templates/car_axles.py,articraft_builtin_dataset_no_picture,,,,,,none,0,articraft_builtin_100_map.csv,arti-template/template_catalog/images/car_axles.png
G0050,cash_register,arti-template/agent/templates/cash_register.py,picture_backed,P0356,Retail_Shop Fixtures,Cash register,articraft_data/picture/Retail_Shop Fixtures/Cash register,arti-template/picture/Retail_Shop Fixtures/Cash register,articraft_data_and_arti_template,2,existing_map:extra_requested_gallery_map.csv,
G0051,casino_machine,arti-template/agent/templates/casino_machine.py,articraft_builtin_dataset_no_picture,,,,,,none,0,articraft_builtin_100_map.csv,arti-template/template_catalog/images/casino_machine.png
G0052,cat_flap,arti-template/agent/templates/cat_flap.py,picture_backed,P0342,Pet_Animal related,Cat flap,articraft_data/picture/Pet_Animal related/Cat flap,arti-template/picture/Pet_Animal related/Cat flap,articraft_data_and_arti_template,2,existing_map:extra_requested_gallery_map.csv,
G0053,cctv_mast_with_pantilt_camera_head,arti-template/agent/templates/cctv_mast_with_pantilt_camera_head.py,articraft_builtin_dataset_no_picture,,,,,,none,0,articraft_builtin_100_map.csv,arti-template/template_catalog/images/cctv_mast_with_pantilt_camera_head.png
G0054,ceiling_fan,arti-template/agent/templates/ceiling_fan.py,articraft_builtin_dataset_no_picture,,,,,,none,0,articraft_builtin_100_map.csv,arti-template/template_catalog/images/ceiling_fan.png
G0055,ceiling_light_fixture_adjustable,arti-template/agent/templates/ceiling_light_fixture_adjustable.py,articraft_builtin_dataset_no_picture,,,,,,none,0,articraft_builtin_100_map.csv,arti-template/template_catalog/images/ceiling_light_fixture_adjustable.png
G0056,Chair_Chair,arti-template/agent/templates/Chair_Chair.py,picture_backed,P0187,Chair,Chair,articraft_data/picture/Chair/Chair,,articraft_data_only,2,existing_map:non_articraft_190_map.csv,
G0057,Chair_Folding_chair,arti-template/agent/templates/Chair_Folding_chair.py,picture_backed,P0188,Chair,Folding chair,articraft_data/picture/Chair/Folding chair,,articraft_data_only,1,existing_map:non_articraft_190_map.csv,
G0058,chest_freezer_with_hinged_lid,arti-template/agent/templates/chest_freezer_with_hinged_lid.py,articraft_builtin_dataset_no_picture,,,,,,none,0,articraft_builtin_100_map.csv,arti-template/template_catalog/images/chest_freezer_with_hinged_lid.png
G0059,clock_tower_with_rotating_hour_and_minute_hands,arti-template/agent/templates/clock_tower_with_rotating_hour_and_minute_hands.py,articraft_builtin_dataset_no_picture,,,,,,none,0,articraft_builtin_100_map.csv,arti-template/template_catalog/images/clock_tower_with_rotating_hour_and_minute_hands.png
G0060,clothing_rack,arti-template/agent/templates/clothing_rack.py,picture_backed,P0357,Retail_Shop Fixtures,Clothing rack,articraft_data/picture/Retail_Shop Fixtures/Clothing rack,arti-template/picture/Retail_Shop Fixtures/Clothing rack,articraft_data_and_arti_template,2,existing_map:extra_requested_gallery_map.csv,
G0061,coaxial_rotary_stack,arti-template/agent/templates/coaxial_rotary_stack.py,articraft_builtin_dataset_no_picture,,,,,,none,0,articraft_builtin_100_map.csv,arti-template/template_catalog/images/coaxial_rotary_stack.png
G0062,Container_Barrel,arti-template/agent/templates/Container_Barrel.py,picture_backed,P0190,Container,Barrel,articraft_data/picture/Container/Barrel,,articraft_data_only,2,existing_map:non_articraft_190_map.csv,
G0063,Container_Basket,arti-template/agent/templates/Container_Basket.py,picture_backed,P0191,Container,Basket,articraft_data/picture/Container/Basket,,articraft_data_only,5,existing_map:non_articraft_190_map.csv,
G0064,Container_Bottle,arti-template/agent/templates/Container_Bottle.py,picture_backed,P0192,Container,Bottle,articraft_data/picture/Container/Bottle,,articraft_data_only,2,existing_map:non_articraft_190_map.csv,
G0065,Container_Bottle_serum,arti-template/agent/templates/Container_Bottle_serum.py,picture_backed,P0193,Container,Bottle serum,articraft_data/picture/Container/Bottle serum,,articraft_data_only,1,existing_map:non_articraft_190_map.csv,
G0066,Container_Box,arti-template/agent/templates/Container_Box.py,picture_backed,P0194,Container,Box,articraft_data/picture/Container/Box,,articraft_data_only,4,existing_map:non_articraft_190_map.csv,
G0067,Container_Can,arti-template/agent/templates/Container_Can.py,picture_backed,P0195,Container,Can,articraft_data/picture/Container/Can,,articraft_data_only,6,existing_map:non_articraft_190_map.csv,
G0068,Container_Cosmetic,arti-template/agent/templates/Container_Cosmetic.py,picture_backed,P0196,Container,Cosmetic,articraft_data/picture/Container/Cosmetic,,articraft_data_only,1,existing_map:non_articraft_190_map.csv,
G0069,Container_Cup,arti-template/agent/templates/Container_Cup.py,picture_backed,P0197,Container,Cup,articraft_data/picture/Container/Cup,,articraft_data_only,1,existing_map:non_articraft_190_map.csv,
G0070,Container_Dispenser,arti-template/agent/templates/Container_Dispenser.py,picture_backed,P0198,Container,Dispenser,articraft_data/picture/Container/Dispenser,,articraft_data_only,1,existing_map:non_articraft_190_map.csv,
G0071,Container_Gas_cylinder,arti-template/agent/templates/Container_Gas_cylinder.py,picture_backed,P0199,Container,Gas cylinder,articraft_data/picture/Container/Gas cylinder,,articraft_data_only,1,existing_map:non_articraft_190_map.csv,
G0072,Container_Glass_bottle,arti-template/agent/templates/Container_Glass_bottle.py,picture_backed,P0200,Container,Glass bottle,articraft_data/picture/Container/Glass bottle,,articraft_data_only,1,existing_map:non_articraft_190_map.csv,
G0073,Container_Jar,arti-template/agent/templates/Container_Jar.py,picture_backed,P0201,Container,Jar,articraft_data/picture/Container/Jar,,articraft_data_only,3,existing_map:non_articraft_190_map.csv,
G0074,Container_Kettle,arti-template/agent/templates/Container_Kettle.py,picture_backed,P0202,Container,Kettle,articraft_data/picture/Container/Kettle,,articraft_data_only,2,existing_map:non_articraft_190_map.csv,
G0075,Container_laundry_detergent_bottle,arti-template/agent/templates/Container_laundry_detergent_bottle.py,picture_backed,P0211,Container,laundry detergent bottle,articraft_data/picture/Container/laundry detergent bottle,,articraft_data_only,1,existing_map:non_articraft_190_map.csv,
G0076,Container_Lipstick,arti-template/agent/templates/Container_Lipstick.py,picture_backed,P0203,Container,Lipstick,articraft_data/picture/Container/Lipstick,,articraft_data_only,2,existing_map:non_articraft_190_map.csv,
G0077,Container_Locker,arti-template/agent/templates/Container_Locker.py,picture_backed,P0204,Container,Locker,articraft_data/picture/Container/Locker,,articraft_data_only,1,existing_map:non_articraft_190_map.csv,
G0078,Container_Paint_spray,arti-template/agent/templates/Container_Paint_spray.py,picture_backed,P0205,Container,Paint spray,articraft_data/picture/Container/Paint spray,,articraft_data_only,1,existing_map:non_articraft_190_map.csv,
G0079,Container_Plastic_can,arti-template/agent/templates/Container_Plastic_can.py,picture_backed,P0206,Container,Plastic can,articraft_data/picture/Container/Plastic can,,articraft_data_only,4,existing_map:non_articraft_190_map.csv,
G0080,Container_Primer_bottle,arti-template/agent/templates/Container_Primer_bottle.py,picture_backed,P0207,Container,Primer bottle,articraft_data/picture/Container/Primer bottle,,articraft_data_only,1,existing_map:non_articraft_190_map.csv,
G0081,Container_Pump,arti-template/agent/templates/Container_Pump.py,picture_backed,P0208,Container,Pump,articraft_data/picture/Container/Pump,,articraft_data_only,1,existing_map:non_articraft_190_map.csv,
G0082,Container_Shipping_container,arti-template/agent/templates/Container_Shipping_container.py,picture_backed,P0209,Container,Shipping container,articraft_data/picture/Container/Shipping container,,articraft_data_only,1,existing_map:non_articraft_190_map.csv,
G0083,Container_Tube,arti-template/agent/templates/Container_Tube.py,picture_backed,P0210,Container,Tube,articraft_data/picture/Container/Tube,,articraft_data_only,2,existing_map:non_articraft_190_map.csv,
G0084,crane_tower,arti-template/agent/templates/crane_tower.py,articraft_builtin_dataset_no_picture,,,,,,none,0,articraft_builtin_100_map.csv,arti-template/template_catalog/images/crane_tower.png
G0085,Curtain_blind,arti-template/agent/templates/Curtain_blind.py,picture_backed,P0212,Curtain,blind,articraft_data/picture/Curtain/blind,,articraft_data_only,2,existing_map:non_articraft_190_map.csv,
G0086,defibrillator_case,arti-template/agent/templates/defibrillator_case.py,picture_backed,P0231,Emergency Equipment,Defibrillator case,articraft_data/picture/Emergency Equipment/Defibrillator case,,articraft_data_only,2,existing_map:extra_requested_gallery_map.csv,
G0087,desk_with_drawer,arti-template/agent/templates/desk_with_drawer.py,articraft_builtin_dataset_no_picture,,,,,,none,0,articraft_builtin_100_map.csv,arti-template/template_catalog/images/desk_with_drawer.png
G0088,desk_with_drawer_card_catalog,arti-template/agent/templates/desk_with_drawer_card_catalog.py,articraft_builtin_dataset_no_picture,,,,,,none,0,articraft_builtin_100_map.csv,arti-template/template_catalog/images/desk_with_drawer_card_catalog.png
G0089,desktop_monitor_with_tilt_swivel_stand,arti-template/agent/templates/desktop_monitor_with_tilt_swivel_stand.py,articraft_builtin_dataset_no_picture,,,,,,none,0,articraft_builtin_100_map.csv,arti-template/template_catalog/images/desktop_monitor_with_tilt_swivel_stand.png
G0090,desktop_pc_tower,arti-template/agent/templates/desktop_pc_tower.py,articraft_builtin_dataset_no_picture,,,,,,none,0,articraft_builtin_100_map.csv,arti-template/template_catalog/images/desktop_pc_tower.png
G0091,differential_drive_wheel,arti-template/agent/templates/differential_drive_wheel.py,picture_backed,P0359,Robotics,Differential drive wheel,articraft_data/picture/Robotics/Differential drive wheel,arti-template/picture/Robotics/Differential drive wheel,articraft_data_and_arti_template,2,existing_map:extra_requested_gallery_map.csv,
G0092,dishwasher_with_dropdown_door_and_sliding_racks,arti-template/agent/templates/dishwasher_with_dropdown_door_and_sliding_racks.py,articraft_builtin_dataset_no_picture,,,,,,none,0,articraft_builtin_100_map.csv,arti-template/template_catalog/images/dishwasher_with_dropdown_door_and_sliding_racks.png
G0093,display_freezer_with_sliding_glass_lids,arti-template/agent/templates/display_freezer_with_sliding_glass_lids.py,articraft_builtin_dataset_no_picture,,,,,,none,0,articraft_builtin_100_map.csv,arti-template/template_catalog/images/display_freezer_with_sliding_glass_lids.png
G0094,dj_equipment,arti-template/agent/templates/dj_equipment.py,articraft_builtin_dataset_no_picture,,,,,,none,0,articraft_builtin_100_map.csv,arti-template/template_catalog/images/dj_equipment.png
G0095,Door_Door,arti-template/agent/templates/Door_Door.py,picture_backed,P0213,Door,Door,articraft_data/picture/Door/Door,,articraft_data_only,6,existing_map:non_articraft_190_map.csv,
G0096,Door_Double_Door,arti-template/agent/templates/Door_Double_Door.py,picture_backed,P0214,Door,Double Door,articraft_data/picture/Door/Double Door,,articraft_data_only,6,existing_map:non_articraft_190_map.csv,
G0097,Door_folding_door,arti-template/agent/templates/Door_folding_door.py,picture_backed,P0222,Door,folding door,articraft_data/picture/Door/folding door,,articraft_data_only,3,existing_map:non_articraft_190_map.csv,
G0098,Door_Folding_gate,arti-template/agent/templates/Door_Folding_gate.py,picture_backed,P0215,Door,Folding gate,articraft_data/picture/Door/Folding gate,,articraft_data_only,1,existing_map:non_articraft_190_map.csv,
G0099,Door_Garage_shutter,arti-template/agent/templates/Door_Garage_shutter.py,picture_backed,P0216,Door,Garage shutter,articraft_data/picture/Door/Garage shutter,,articraft_data_only,1,existing_map:non_articraft_190_map.csv,
G0100,Door_Gate,arti-template/agent/templates/Door_Gate.py,picture_backed,P0217,Door,Gate,articraft_data/picture/Door/Gate,,articraft_data_only,1,existing_map:non_articraft_190_map.csv,
G0101,Door_Other,arti-template/agent/templates/Door_Other.py,picture_backed,P0218,Door,Other,articraft_data/picture/Door/Other,,articraft_data_only,2,existing_map:non_articraft_190_map.csv,
G0102,Door_Scifi_Gate,arti-template/agent/templates/Door_Scifi_Gate.py,picture_backed,P0219,Door,Scifi Gate,articraft_data/picture/Door/Scifi Gate,,articraft_data_only,2,existing_map:non_articraft_190_map.csv,
G0103,Door_Sliding_Door,arti-template/agent/templates/Door_Sliding_Door.py,picture_backed,P0220,Door,Sliding Door,articraft_data/picture/Door/Sliding Door,,articraft_data_only,5,existing_map:non_articraft_190_map.csv,
G0104,Door_Trap_door,arti-template/agent/templates/Door_Trap_door.py,picture_backed,P0221,Door,Trap door,articraft_data/picture/Door/Trap door,,articraft_data_only,1,existing_map:non_articraft_190_map.csv,
G0105,Door_wooden_plank_door_with_a_ring_pull,arti-template/agent/templates/Door_wooden_plank_door_with_a_ring_pull.py,picture_backed,P0223,Door,wooden plank door with a ring pull,articraft_data/picture/Door/wooden plank door with a ring pull,,articraft_data_only,2,existing_map:non_articraft_190_map.csv,
G0106,drafting_table,arti-template/agent/templates/drafting_table.py,picture_backed,P0446,Workspace,Drafting table,articraft_data/picture/Workspace/Drafting table,arti-template/picture/Workspace/Drafting table,articraft_data_and_arti_template,3,existing_map:extra_requested_gallery_map.csv,
G0107,drawer_cabinet_with_sliding_drawers,arti-template/agent/templates/drawer_cabinet_with_sliding_drawers.py,articraft_builtin_dataset_no_picture,,,,,,none,0,articraft_builtin_100_map.csv,arti-template/template_catalog/images/drawer_cabinet_with_sliding_drawers.png
G0108,drone,arti-template/agent/templates/drone.py,articraft_builtin_dataset_no_picture,,,,,,none,0,articraft_builtin_100_map.csv,arti-template/template_catalog/images/drone.png
G0109,dual_independent_finger_chains,arti-template/agent/templates/dual_independent_finger_chains.py,articraft_builtin_dataset_no_picture,,,,,,none,0,articraft_builtin_100_map.csv,arti-template/template_catalog/images/dual_independent_finger_chains.png
G0110,Electrical_Wiring_Cable_reel,arti-template/agent/templates/Electrical_Wiring_Cable_reel.py,picture_backed,P0224,Electrical_Wiring,Cable reel,articraft_data/picture/Electrical_Wiring/Cable reel,,articraft_data_only,2,existing_map:extra_requested_gallery_map.csv,
G0111,Electrical_Wiring_Circuit_breaker,arti-template/agent/templates/Electrical_Wiring_Circuit_breaker.py,picture_backed,P0225,Electrical_Wiring,Circuit breaker,articraft_data/picture/Electrical_Wiring/Circuit breaker,,articraft_data_only,2,existing_map:extra_requested_gallery_map.csv,
G0112,Electrical_Wiring_Conduit_bender,arti-template/agent/templates/Electrical_Wiring_Conduit_bender.py,picture_backed,P0226,Electrical_Wiring,Conduit bender,articraft_data/picture/Electrical_Wiring/Conduit bender,,articraft_data_only,2,existing_map:extra_requested_gallery_map.csv,
G0113,Electrical_Wiring_Distribution_board_panel,arti-template/agent/templates/Electrical_Wiring_Distribution_board_panel.py,picture_backed,P0227,Electrical_Wiring,Distribution board panel,articraft_data/picture/Electrical_Wiring/Distribution board panel,,articraft_data_only,2,existing_map:extra_requested_gallery_map.csv,
G0114,Electrical_Wiring_Junction_box,arti-template/agent/templates/Electrical_Wiring_Junction_box.py,picture_backed,P0228,Electrical_Wiring,Junction box,articraft_data/picture/Electrical_Wiring/Junction box,,articraft_data_only,3,existing_map:extra_requested_gallery_map.csv,
G0115,Electrical_Wiring_Surge_protector_switch,arti-template/agent/templates/Electrical_Wiring_Surge_protector_switch.py,picture_backed,P0229,Electrical_Wiring,Surge protector switch,articraft_data/picture/Electrical_Wiring/Surge protector switch,,articraft_data_only,2,existing_map:extra_requested_gallery_map.csv,
G0116,Electrical_Wiring_Wire_stripper,arti-template/agent/templates/Electrical_Wiring_Wire_stripper.py,picture_backed,P0230,Electrical_Wiring,Wire stripper,articraft_data/picture/Electrical_Wiring/Wire stripper,,articraft_data_only,2,existing_map:extra_requested_gallery_map.csv,
G0117,elevator_shaft,arti-template/agent/templates/elevator_shaft.py,articraft_builtin_dataset_no_picture,,,,,,none,0,articraft_builtin_100_map.csv,
G0118,emergency_exit_door,arti-template/agent/templates/emergency_exit_door.py,picture_backed,P0232,Emergency Equipment,Emergency exit door,articraft_data/picture/Emergency Equipment/Emergency exit door,,articraft_data_only,2,existing_map:extra_requested_gallery_map.csv,
G0119,Equipment_Control_panel,arti-template/agent/templates/Equipment_Control_panel.py,picture_backed,P0236,Equipment,Control panel,articraft_data/picture/Equipment/Control panel,,articraft_data_only,3,existing_map:non_articraft_190_map.csv,
G0120,Equipment_Game_console,arti-template/agent/templates/Equipment_Game_console.py,picture_backed,P0238,Equipment,Game console,articraft_data/picture/Equipment/Game console,,articraft_data_only,1,existing_map:non_articraft_190_map.csv,
G0121,Equipment_LED_work_light,arti-template/agent/templates/Equipment_LED_work_light.py,picture_backed,P0239,Equipment,LED work light,articraft_data/picture/Equipment/LED work light,,articraft_data_only,1,existing_map:non_articraft_190_map.csv,
G0122,Equipment_Lock,arti-template/agent/templates/Equipment_Lock.py,picture_backed,P0241,Equipment,Lock,articraft_data/picture/Equipment/Lock,,articraft_data_only,2,existing_map:non_articraft_190_map.csv,
G0123,Equipment_Pipeline,arti-template/agent/templates/Equipment_Pipeline.py,picture_backed,P0242,Equipment,Pipeline,articraft_data/picture/Equipment/Pipeline,,articraft_data_only,3,existing_map:non_articraft_190_map.csv,
G0124,Equipment_Power_switch,arti-template/agent/templates/Equipment_Power_switch.py,picture_backed,P0243,Equipment,Power switch,articraft_data/picture/Equipment/Power switch,,articraft_data_only,2,existing_map:non_articraft_190_map.csv,
G0125,Equipment_Pump2,arti-template/agent/templates/Equipment_Pump2.py,picture_backed,P0244,Equipment,Pump2,articraft_data/picture/Equipment/Pump2,,articraft_data_only,1,existing_map:non_articraft_190_map.csv,
G0126,fabric_scissors,arti-template/agent/templates/fabric_scissors.py,picture_backed,P0408,Textiles_Fabric,Fabric scissors,articraft_data/picture/Textiles_Fabric/Fabric scissors,arti-template/picture/Textiles_Fabric/Fabric scissors,articraft_data_and_arti_template,2,existing_map:extra_requested_gallery_map.csv,
G0127,Facade_Element_Air_conditioner_outdoor_unit,arti-template/agent/templates/Facade_Element_Air_conditioner_outdoor_unit.py,picture_backed,P0246,Facade Element,Air conditioner outdoor unit,articraft_data/picture/Facade Element/Air conditioner outdoor unit,,articraft_data_only,3,existing_map:non_articraft_190_map.csv,
G0128,Facade_Element_Gutter_downchain,arti-template/agent/templates/Facade_Element_Gutter_downchain.py,picture_backed,P0247,Facade Element,Gutter downchain,articraft_data/picture/Facade Element/Gutter downchain,,articraft_data_only,2,existing_map:non_articraft_190_map.csv,
G0129,Facade_Element_Lamp1,arti-template/agent/templates/Facade_Element_Lamp1.py,picture_backed,P0248,Facade Element,Lamp1,articraft_data/picture/Facade Element/Lamp1,,articraft_data_only,2,existing_map:non_articraft_190_map.csv,
G0130,Fence_Cascade_fences_MORE_THAN_1,arti-template/agent/templates/Fence_Cascade_fences_MORE_THAN_1.py,picture_backed,P0249,Fence,Cascade fences (MORE THAN 1),articraft_data/picture/Fence/Cascade fences (MORE THAN 1),,articraft_data_only,2,existing_map:non_articraft_190_map.csv,
G0131,ferris_wheel,arti-template/agent/templates/ferris_wheel.py,articraft_builtin_dataset_no_picture,,,,,,none,0,articraft_builtin_100_map.csv,arti-template/template_catalog/images/ferris_wheel.png
G0132,fingerlike_phalanx_chain,arti-template/agent/templates/fingerlike_phalanx_chain.py,articraft_builtin_dataset_no_picture,,,,,,none,0,articraft_builtin_100_map.csv,arti-template/template_catalog/images/fingerlike_phalanx_chain.png
G0133,fire_escape_ladder,arti-template/agent/templates/fire_escape_ladder.py,picture_backed,P0233,Emergency Equipment,Fire escape ladder,articraft_data/picture/Emergency Equipment/Fire escape ladder,,articraft_data_only,2,existing_map:extra_requested_gallery_map.csv,
G0134,folding_arm_chain,arti-template/agent/templates/folding_arm_chain.py,articraft_builtin_dataset_no_picture,,,,,,none,0,articraft_builtin_100_map.csv,arti-template/template_catalog/images/folding_arm_chain.png
G0135,folding_camp_table,arti-template/agent/templates/folding_camp_table.py,picture_backed,P0183,Camping_Outdoor Gear,Folding camp table,articraft_data/picture/Camping_Outdoor Gear/Folding camp table,,articraft_data_only,2,existing_map:extra_requested_gallery_map.csv,
G0136,Fountain_Drick_fountain,arti-template/agent/templates/Fountain_Drick_fountain.py,picture_backed,P0251,Fountain,Drick fountain,articraft_data/picture/Fountain/Drick fountain,,articraft_data_only,1,existing_map:non_articraft_190_map.csv,
G0137,gear_assemblies,arti-template/agent/templates/gear_assemblies.py,articraft_builtin_dataset_no_picture,,,,,,none,0,articraft_builtin_100_map.csv,arti-template/template_catalog/images/gear_assemblies.png
G0138,globe,arti-template/agent/templates/globe.py,articraft_builtin_dataset_no_picture,,,,,,none,0,articraft_builtin_100_map.csv,arti-template/template_catalog/images/globe.png
G0139,graphics_card_with_cooling_fans,arti-template/agent/templates/graphics_card_with_cooling_fans.py,articraft_builtin_dataset_no_picture,,,,,,none,0,articraft_builtin_100_map.csv,arti-template/template_catalog/images/graphics_card_with_cooling_fans.png
G0140,greenhouse_vent_roof,arti-template/agent/templates/greenhouse_vent_roof.py,picture_backed,P0151,Agricultural,Greenhouse vent roof,articraft_data/picture/Agricultural/Greenhouse vent roof,,articraft_data_only,1,existing_map:extra_requested_gallery_map.csv,
G0141,hamster_wheel,arti-template/agent/templates/hamster_wheel.py,picture_backed,P0343,Pet_Animal related,Hamster wheel,articraft_data/picture/Pet_Animal related/Hamster wheel,arti-template/picture/Pet_Animal related/Hamster wheel,articraft_data_and_arti_template,2,existing_map:extra_requested_gallery_map.csv,
G0142,hand_cultivator,arti-template/agent/templates/hand_cultivator.py,picture_backed,P0152,Agricultural,Hand cultivator,articraft_data/picture/Agricultural/Hand cultivator,,articraft_data_only,1,existing_map:extra_requested_gallery_map.csv,
G0143,hand_operated_pasta_maker_with_rollers_and_crank,arti-template/agent/templates/hand_operated_pasta_maker_with_rollers_and_crank.py,picture_backed,P0091,0611,hand_operated_pasta_maker_with_rollers_and_crank,articraft_data/picture/0611/hand_operated_pasta_maker_with_rollers_and_crank,,articraft_data_only,1,normalized_0611_picture_label,
G0144,Handtools_caulking_gun,arti-template/agent/templates/Handtools_caulking_gun.py,picture_backed,P0260,Handtools,caulking gun,articraft_data/picture/Handtools/caulking gun,,articraft_data_only,3,existing_map:non_articraft_190_map.csv,
G0145,Handtools_Clamp,arti-template/agent/templates/Handtools_Clamp.py,picture_backed,P0252,Handtools,Clamp,articraft_data/picture/Handtools/Clamp,,articraft_data_only,2,existing_map:non_articraft_190_map.csv,
G0146,Handtools_clothes_peg,arti-template/agent/templates/Handtools_clothes_peg.py,picture_backed,P0261,Handtools,clothes peg,articraft_data/picture/Handtools/clothes peg,,articraft_data_only,1,existing_map:non_articraft_190_map.csv,
G0147,Handtools_dial_caliper,arti-template/agent/templates/Handtools_dial_caliper.py,picture_backed,P0262,Handtools,dial caliper,articraft_data/picture/Handtools/dial caliper,,articraft_data_only,1,existing_map:non_articraft_190_map.csv,
G0148,Handtools_Hand_plane,arti-template/agent/templates/Handtools_Hand_plane.py,picture_backed,P0253,Handtools,Hand plane,articraft_data/picture/Handtools/Hand plane,,articraft_data_only,1,existing_map:non_articraft_190_map.csv,
G0149,Handtools_Knife,arti-template/agent/templates/Handtools_Knife.py,picture_backed,P0254,Handtools,Knife,articraft_data/picture/Handtools/Knife,,articraft_data_only,1,existing_map:non_articraft_190_map.csv,
G0150,Handtools_Paint_roller,arti-template/agent/templates/Handtools_Paint_roller.py,picture_backed,P0255,Handtools,Paint roller,articraft_data/picture/Handtools/Paint roller,,articraft_data_only,1,existing_map:non_articraft_190_map.csv,
G0151,Handtools_Pen,arti-template/agent/templates/Handtools_Pen.py,picture_backed,P0256,Handtools,Pen,articraft_data/picture/Handtools/Pen,,articraft_data_only,1,existing_map:non_articraft_190_map.csv,
G0152,Handtools_Stapler,arti-template/agent/templates/Handtools_Stapler.py,picture_backed,P0257,Handtools,Stapler,articraft_data/picture/Handtools/Stapler,,articraft_data_only,1,existing_map:non_articraft_190_map.csv,
G0153,Handtools_Tool_cart,arti-template/agent/templates/Handtools_Tool_cart.py,picture_backed,P0258,Handtools,Tool cart,articraft_data/picture/Handtools/Tool cart,,articraft_data_only,1,existing_map:non_articraft_190_map.csv,
G0154,Handtools_wooden_tongs,arti-template/agent/templates/Handtools_wooden_tongs.py,picture_backed,P0263,Handtools,wooden tongs,articraft_data/picture/Handtools/wooden tongs,,articraft_data_only,1,existing_map:non_articraft_190_map.csv,
G0155,Handtools_Wrench,arti-template/agent/templates/Handtools_Wrench.py,picture_backed,P0259,Handtools,Wrench,articraft_data/picture/Handtools/Wrench,,articraft_data_only,2,existing_map:non_articraft_190_map.csv,
G0156,harmonic_drive,arti-template/agent/templates/harmonic_drive.py,picture_backed,P0360,Robotics,Harmonic drive,articraft_data/picture/Robotics/Harmonic drive,arti-template/picture/Robotics/Harmonic drive,articraft_data_and_arti_template,2,existing_map:extra_requested_gallery_map.csv,
G0157,harvester,arti-template/agent/templates/harvester.py,picture_backed,P0153,Agricultural,Harvester vehicle (arm),articraft_data/picture/Agricultural/Harvester vehicle (arm),,articraft_data_only,3,existing_map:extra_requested_gallery_map.csv,
G0158,Headwear_Racing_helmet,arti-template/agent/templates/Headwear_Racing_helmet.py,picture_backed,P0264,Headwear,Racing helmet,articraft_data/picture/Headwear/Racing helmet,,articraft_data_only,1,existing_map:non_articraft_190_map.csv,
G0159,Healthcare_Adjustable_hospital_bed,arti-template/agent/templates/Healthcare_Adjustable_hospital_bed.py,picture_backed,P0265,Healthcare,Adjustable hospital bed,articraft_data/picture/Healthcare/Adjustable hospital bed,,articraft_data_only,2,existing_map:extra_requested_gallery_map.csv,
G0160,Healthcare_Crutches,arti-template/agent/templates/Healthcare_Crutches.py,picture_backed,P0266,Healthcare,Crutches,articraft_data/picture/Healthcare/Crutches,,articraft_data_only,5,existing_map:extra_requested_gallery_map.csv,
G0161,Healthcare_First_aid_box,arti-template/agent/templates/Healthcare_First_aid_box.py,picture_backed,P0267,Healthcare,First aid box,articraft_data/picture/Healthcare/First aid box,,articraft_data_only,2,existing_map:extra_requested_gallery_map.csv,
G0162,Healthcare_Pill_bottle_box,arti-template/agent/templates/Healthcare_Pill_bottle_box.py,picture_backed,P0268,Healthcare,Pill bottle_box,articraft_data/picture/Healthcare/Pill bottle_box,,articraft_data_only,2,existing_map:extra_requested_gallery_map.csv,
G0163,Healthcare_Prosthetic_limb,arti-template/agent/templates/Healthcare_Prosthetic_limb.py,picture_backed,P0269,Healthcare,Prosthetic limb,articraft_data/picture/Healthcare/Prosthetic limb,,articraft_data_only,2,existing_map:extra_requested_gallery_map.csv,
G0164,Healthcare_Wheelchair,arti-template/agent/templates/Healthcare_Wheelchair.py,picture_backed,P0270,Healthcare,Wheelchair,articraft_data/picture/Healthcare/Wheelchair,,articraft_data_only,1,existing_map:extra_requested_gallery_map.csv,
G0165,hole_punch,arti-template/agent/templates/hole_punch.py,picture_backed,P0447,Workspace,Hole punch,articraft_data/picture/Workspace/Hole punch,arti-template/picture/Workspace/Hole punch,articraft_data_and_arti_template,2,existing_map:extra_requested_gallery_map.csv,
G0166,Household_Laundry_Clothes_drying_rack_Laundry_drying_rack,arti-template/agent/templates/Household_Laundry_Clothes_drying_rack_Laundry_drying_rack.py,picture_backed,P0271,Household_Laundry,Clothes drying rack_Laundry drying rack,articraft_data/picture/Household_Laundry/Clothes drying rack_Laundry drying rack,arti-template/picture/Household_Laundry/Clothes drying rack_Laundry drying rack,articraft_data_and_arti_template,2,existing_map:extra_requested_gallery_map.csv,
G0167,immersion_blender,arti-template/agent/templates/immersion_blender.py,articraft_builtin_dataset_no_picture,,,,,,none,0,articraft_builtin_100_map.csv,arti-template/template_catalog/images/immersion_blender.png
G0168,Industrial_Blast_door,arti-template/agent/templates/Industrial_Blast_door.py,picture_backed,P0272,Industrial,Blast door,articraft_data/picture/Industrial/Blast door,arti-template/picture/Industrial/Blast door,articraft_data_and_arti_template,3,existing_map:extra_requested_gallery_map.csv,
G0169,Industrial_Drill_press_table,arti-template/agent/templates/Industrial_Drill_press_table.py,picture_backed,P0273,Industrial,Drill press table,articraft_data/picture/Industrial/Drill press table,arti-template/picture/Industrial/Drill press table,articraft_data_and_arti_template,2,existing_map:extra_requested_gallery_map.csv,
G0170,Industrial_Electric_Saw,arti-template/agent/templates/Industrial_Electric_Saw.py,picture_backed,P0274,Industrial,Electric Saw,articraft_data/picture/Industrial/Electric Saw,arti-template/picture/Industrial/Electric Saw,articraft_data_and_arti_template,3,existing_map:extra_requested_gallery_map.csv,
G0171,Industrial_Hydraulic_press,arti-template/agent/templates/Industrial_Hydraulic_press.py,picture_backed,P0275,Industrial,Hydraulic press,articraft_data/picture/Industrial/Hydraulic press,arti-template/picture/Industrial/Hydraulic press,articraft_data_and_arti_template,2,existing_map:extra_requested_gallery_map.csv,
G0172,Industrial_Industrial_vice,arti-template/agent/templates/Industrial_Industrial_vice.py,picture_backed,P0276,Industrial,Industrial vice,articraft_data/picture/Industrial/Industrial vice,arti-template/picture/Industrial/Industrial vice,articraft_data_and_arti_template,2,existing_map:extra_requested_gallery_map.csv,
G0173,Industrial_Mine_cart,arti-template/agent/templates/Industrial_Mine_cart.py,picture_backed,P0277,Industrial,Mine cart,articraft_data/picture/Industrial/Mine cart,arti-template/picture/Industrial/Mine cart,articraft_data_and_arti_template,2,existing_map:extra_requested_gallery_map.csv,
G0174,Industrial_Ore_crusher_jaw,arti-template/agent/templates/Industrial_Ore_crusher_jaw.py,picture_backed,P0278,Industrial,Ore crusher jaw,articraft_data/picture/Industrial/Ore crusher jaw,arti-template/picture/Industrial/Ore crusher jaw,articraft_data_and_arti_template,2,existing_map:extra_requested_gallery_map.csv,
G0175,Industrial_Safety_cage,arti-template/agent/templates/Industrial_Safety_cage.py,picture_backed,P0279,Industrial,Safety cage,articraft_data/picture/Industrial/Safety cage,arti-template/picture/Industrial/Safety cage,articraft_data_and_arti_template,3,existing_map:extra_requested_gallery_map.csv,
G0176,ironing_board,arti-template/agent/templates/ironing_board.py,picture_backed,P0409,Textiles_Fabric,Ironing board,articraft_data/picture/Textiles_Fabric/Ironing board,arti-template/picture/Textiles_Fabric/Ironing board,articraft_data_and_arti_template,2,existing_map:extra_requested_gallery_map.csv,
G0177,jet_engine,arti-template/agent/templates/jet_engine.py,articraft_builtin_dataset_no_picture,,,,,,none,0,articraft_builtin_100_map.csv,arti-template/template_catalog/images/jet_engine.png
G0178,Kitchen_Air_fryer,arti-template/agent/templates/Kitchen_Air_fryer.py,picture_backed,P0280,Kitchen,Air fryer,articraft_data/picture/Kitchen/Air fryer,,articraft_data_only,1,existing_map:non_articraft_190_map.csv,
G0179,Kitchen_Coffee_machine,arti-template/agent/templates/Kitchen_Coffee_machine.py,picture_backed,P0281,Kitchen,Coffee machine,articraft_data/picture/Kitchen/Coffee machine,,articraft_data_only,1,existing_map:non_articraft_190_map.csv,
G0180,Kitchen_Corkscrew,arti-template/agent/templates/Kitchen_Corkscrew.py,picture_backed,P0282,Kitchen,Corkscrew,articraft_data/picture/Kitchen/Corkscrew,,articraft_data_only,1,existing_map:non_articraft_190_map.csv,
G0181,Kitchen_Dish_washer,arti-template/agent/templates/Kitchen_Dish_washer.py,picture_backed,P0283,Kitchen,Dish washer,articraft_data/picture/Kitchen/Dish washer,,articraft_data_only,1,existing_map:non_articraft_190_map.csv,
G0182,Kitchen_Hood,arti-template/agent/templates/Kitchen_Hood.py,picture_backed,P0284,Kitchen,Hood,articraft_data/picture/Kitchen/Hood,,articraft_data_only,1,existing_map:non_articraft_190_map.csv,
G0183,Kitchen_Knife_set,arti-template/agent/templates/Kitchen_Knife_set.py,picture_backed,P0285,Kitchen,Knife set,articraft_data/picture/Kitchen/Knife set,,articraft_data_only,1,existing_map:non_articraft_190_map.csv,
G0184,Kitchen_Microwave,arti-template/agent/templates/Kitchen_Microwave.py,picture_backed,P0286,Kitchen,Microwave,articraft_data/picture/Kitchen/Microwave,,articraft_data_only,1,existing_map:non_articraft_190_map.csv,
G0185,Kitchen_Toaster,arti-template/agent/templates/Kitchen_Toaster.py,picture_backed,P0287,Kitchen,Toaster,articraft_data/picture/Kitchen/Toaster,,articraft_data_only,1,existing_map:non_articraft_190_map.csv,
G0186,laptop_stand,arti-template/agent/templates/laptop_stand.py,picture_backed,P0448,Workspace,Laptop stand,articraft_data/picture/Workspace/Laptop stand,arti-template/picture/Workspace/Laptop stand,articraft_data_and_arti_template,2,existing_map:extra_requested_gallery_map.csv,
G0187,lever_chain,arti-template/agent/templates/lever_chain.py,articraft_builtin_dataset_no_picture,,,,,,none,0,articraft_builtin_100_map.csv,arti-template/template_catalog/images/lever_chain.png
G0188,Light_Latern,arti-template/agent/templates/Light_Latern.py,picture_backed,P0290,Light,Latern,articraft_data/picture/Light/Latern,,articraft_data_only,1,existing_map:non_articraft_190_map.csv,
G0189,linear_actuator,arti-template/agent/templates/linear_actuator.py,picture_backed,P0361,Robotics,Linear actuator,articraft_data/picture/Robotics/Linear actuator,arti-template/picture/Robotics/Linear actuator,articraft_data_and_arti_template,2,existing_map:extra_requested_gallery_map.csv,
G0190,loom_shuttle,arti-template/agent/templates/loom_shuttle.py,picture_backed,P0410,Textiles_Fabric,Loom shuttle,articraft_data/picture/Textiles_Fabric/Loom shuttle,arti-template/picture/Textiles_Fabric/Loom shuttle,articraft_data_and_arti_template,2,existing_map:extra_requested_gallery_map.csv,
G0191,louvered_shutter_assembly,arti-template/agent/templates/louvered_shutter_assembly.py,articraft_builtin_dataset_no_picture,,,,,,none,0,articraft_builtin_100_map.csv,arti-template/template_catalog/images/louvered_shutter_assembly.png
G0192,Machinery_Watermill,arti-template/agent/templates/Machinery_Watermill.py,picture_backed,P0291,Machinery,Watermill,articraft_data/picture/Machinery/Watermill,,articraft_data_only,1,existing_map:non_articraft_190_map.csv,
G0193,makeup,arti-template/agent/templates/makeup.py,picture_backed,P0035,0611,Makeup,articraft_data/picture/0611/Makeup,,articraft_data_only,2,normalized_0611_picture_label,
G0194,makeup1,arti-template/agent/templates/makeup1.py,picture_backed,P0036,0611,Makeup1,articraft_data/picture/0611/Makeup1,,articraft_data_only,3,normalized_0611_picture_label,
G0195,makeup2,arti-template/agent/templates/makeup2.py,picture_backed,P0037,0611,Makeup2,articraft_data/picture/0611/Makeup2,,articraft_data_only,2,normalized_0611_picture_label,
G0196,makeup3,arti-template/agent/templates/makeup3.py,picture_backed,P0038,0611,Makeup3,articraft_data/picture/0611/Makeup3,,articraft_data_only,2,normalized_0611_picture_label,
G0197,manual_coffee_grinder,arti-template/agent/templates/manual_coffee_grinder.py,picture_backed,P0102,0611,manual_coffee_grinder,articraft_data/picture/0611/manual_coffee_grinder,,articraft_data_only,3,normalized_0611_picture_label,
G0198,manual_grain_mill1,arti-template/agent/templates/manual_grain_mill1.py,picture_backed,P0103,0611,manual_grain_mill1,articraft_data/picture/0611/manual_grain_mill1,,articraft_data_only,1,normalized_0611_picture_label,
G0199,manual_grain_mill2,arti-template/agent/templates/manual_grain_mill2.py,picture_backed,P0104,0611,manual_grain_mill2,articraft_data/picture/0611/manual_grain_mill2,,articraft_data_only,1,normalized_0611_picture_label,
G0200,manual_hand_drill,arti-template/agent/templates/manual_hand_drill.py,picture_backed,P0105,0611,manual_hand_drill,articraft_data/picture/0611/manual_hand_drill,,articraft_data_only,1,normalized_0611_picture_label,
G0201,manual_pipe_bender,arti-template/agent/templates/manual_pipe_bender.py,picture_backed,P0106,0611,manual_pipe_bender,articraft_data/picture/0611/manual_pipe_bender,,articraft_data_only,5,normalized_0611_picture_label,
G0202,manual_water_dispenser_pump,arti-template/agent/templates/manual_water_dispenser_pump.py,picture_backed,P0039,0611,Manual_water_dispenser_pump,articraft_data/picture/0611/Manual_water_dispenser_pump,,articraft_data_only,2,normalized_0611_picture_label,
G0203,meat_grinder,arti-template/agent/templates/meat_grinder.py,picture_backed,P0107,0611,meat_grinder,articraft_data/picture/0611/meat_grinder,,articraft_data_only,3,normalized_0611_picture_label,
G0204,Mechanical_calculator,arti-template/agent/templates/Mechanical_calculator.py,picture_backed,P0040,0611,Mechanical_calculator,articraft_data/picture/0611/Mechanical_calculator,,articraft_data_only,3,normalized_0611_picture_label,
G0205,mechanical_metronome_with_pendulum,arti-template/agent/templates/mechanical_metronome_with_pendulum.py,picture_backed,P0108,0611,mechanical_metronome_with_pendulum,articraft_data/picture/0611/mechanical_metronome_with_pendulum,,articraft_data_only,1,normalized_0611_picture_label,
G0206,mechanical_timer_with_rotating_dial,arti-template/agent/templates/mechanical_timer_with_rotating_dial.py,picture_backed,P0109,0611,mechanical_timer_with_rotating_dial,articraft_data/picture/0611/mechanical_timer_with_rotating_dial,,articraft_data_only,4,normalized_0611_picture_label,
G0207,metal_blender,arti-template/agent/templates/metal_blender.py,picture_backed,P0041,0611,Metal_blender,articraft_data/picture/0611/Metal_blender,,articraft_data_only,1,normalized_0611_picture_label,
G0208,metronome,arti-template/agent/templates/metronome.py,articraft_builtin_dataset_no_picture,,,,,,none,0,articraft_builtin_100_map.csv,arti-template/template_catalog/images/metronome.png
G0209,microphone_boom_arm,arti-template/agent/templates/microphone_boom_arm.py,picture_backed,P0110,0611,microphone_boom_arm,articraft_data/picture/0611/microphone_boom_arm,,articraft_data_only,4,normalized_0611_picture_label,
G0210,Military_Aircraft,arti-template/agent/templates/Military_Aircraft.py,picture_backed,P0293,Military,Aircraft,articraft_data/picture/Military/Aircraft,,articraft_data_only,2,existing_map:non_articraft_190_map.csv,
G0211,Military_Granade,arti-template/agent/templates/Military_Granade.py,picture_backed,P0294,Military,Granade,articraft_data/picture/Military/Granade,,articraft_data_only,2,existing_map:non_articraft_190_map.csv,
G0212,Military_Gun,arti-template/agent/templates/Military_Gun.py,picture_backed,P0295,Military,Gun,articraft_data/picture/Military/Gun,,articraft_data_only,2,existing_map:non_articraft_190_map.csv,
G0213,Military_helicopter,arti-template/agent/templates/Military_helicopter.py,picture_backed,P0301,Military,helicopter,articraft_data/picture/Military/helicopter,,articraft_data_only,1,existing_map:non_articraft_190_map.csv,
G0214,Military_knife,arti-template/agent/templates/Military_knife.py,picture_backed,P0302,Military,knife,articraft_data/picture/Military/knife,,articraft_data_only,1,existing_map:non_articraft_190_map.csv,
G0215,Military_Military_knife,arti-template/agent/templates/Military_Military_knife.py,picture_backed,P0296,Military,Military knife,articraft_data/picture/Military/Military knife,,articraft_data_only,1,existing_map:non_articraft_190_map.csv,
G0216,Military_Radio,arti-template/agent/templates/Military_Radio.py,picture_backed,P0297,Military,Radio,articraft_data/picture/Military/Radio,,articraft_data_only,1,existing_map:non_articraft_190_map.csv,
G0217,Military_Rifle,arti-template/agent/templates/Military_Rifle.py,picture_backed,P0298,Military,Rifle,articraft_data/picture/Military/Rifle,,articraft_data_only,1,existing_map:non_articraft_190_map.csv,
G0218,Military_sword,arti-template/agent/templates/Military_sword.py,picture_backed,P0303,Military,sword,articraft_data/picture/Military/sword,,articraft_data_only,1,existing_map:non_articraft_190_map.csv,
G0219,Military_Tank,arti-template/agent/templates/Military_Tank.py,picture_backed,P0299,Military,Tank,articraft_data/picture/Military/Tank,,articraft_data_only,1,existing_map:non_articraft_190_map.csv,
G0220,Military_Turret,arti-template/agent/templates/Military_Turret.py,picture_backed,P0300,Military,Turret,articraft_data/picture/Military/Turret,,articraft_data_only,1,existing_map:non_articraft_190_map.csv,
G0221,missile_launcher,arti-template/agent/templates/missile_launcher.py,articraft_builtin_dataset_no_picture,,,,,,none,0,articraft_builtin_100_map.csv,arti-template/template_catalog/images/missile_launcher.png
G0222,miter_saw_arm_assembly,arti-template/agent/templates/miter_saw_arm_assembly.py,articraft_builtin_dataset_no_picture,,,,,,none,0,articraft_builtin_100_map.csv,arti-template/template_catalog/images/miter_saw_arm_assembly.png
G0223,monitor_mount,arti-template/agent/templates/monitor_mount.py,articraft_builtin_dataset_no_picture,,,,,,none,0,articraft_builtin_100_map.csv,arti-template/template_catalog/images/monitor_mount.png
G0224,multisegment_foldout_arm,arti-template/agent/templates/multisegment_foldout_arm.py,articraft_builtin_dataset_no_picture,,,,,,none,0,articraft_builtin_100_map.csv,arti-template/template_catalog/images/multisegment_foldout_arm.png
G0225,Music_Amplifier,arti-template/agent/templates/Music_Amplifier.py,picture_backed,P0304,Music,Amplifier,articraft_data/picture/Music/Amplifier,,articraft_data_only,1,existing_map:non_articraft_190_map.csv,
G0226,Music_CD_case,arti-template/agent/templates/Music_CD_case.py,picture_backed,P0305,Music,CD case,articraft_data/picture/Music/CD case,,articraft_data_only,1,existing_map:non_articraft_190_map.csv,
G0227,Music_Headphone,arti-template/agent/templates/Music_Headphone.py,picture_backed,P0306,Music,Headphone,articraft_data/picture/Music/Headphone,,articraft_data_only,1,existing_map:non_articraft_190_map.csv,
G0228,Music_keyboard,arti-template/agent/templates/Music_keyboard.py,picture_backed,P0309,Music,keyboard,articraft_data/picture/Music/keyboard,,articraft_data_only,2,existing_map:non_articraft_190_map.csv,
G0229,music_stand,arti-template/agent/templates/music_stand.py,picture_backed,P0042,0611,Music_stand,articraft_data/picture/0611/Music_stand,,articraft_data_only,3,normalized_0611_picture_label,
G0230,music_stand1,arti-template/agent/templates/music_stand1.py,picture_backed,P0043,0611,Music_stand1,articraft_data/picture/0611/Music_stand1,,articraft_data_only,3,normalized_0611_picture_label,
G0231,Music_Violin_case,arti-template/agent/templates/Music_Violin_case.py,picture_backed,P0307,Music,Violin case,articraft_data/picture/Music/Violin case,,articraft_data_only,1,existing_map:non_articraft_190_map.csv,
G0232,Music_Vocal_mic,arti-template/agent/templates/Music_Vocal_mic.py,picture_backed,P0308,Music,Vocal mic,articraft_data/picture/Music/Vocal mic,,articraft_data_only,2,existing_map:non_articraft_190_map.csv,
G0233,n_joint_revolute_chain,arti-template/agent/templates/n_joint_revolute_chain.py,articraft_builtin_dataset_no_picture,,,,,,none,0,articraft_builtin_100_map.csv,arti-template/template_catalog/images/n_joint_revolute_chain.png
G0234,needle_case,arti-template/agent/templates/needle_case.py,picture_backed,P0411,Textiles_Fabric,Needle case,articraft_data/picture/Textiles_Fabric/Needle case,arti-template/picture/Textiles_Fabric/Needle case,articraft_data_and_arti_template,2,existing_map:extra_requested_gallery_map.csv,
G0235,nutcracker,arti-template/agent/templates/nutcracker.py,picture_backed,P0111,0611,nutcracker,articraft_data/picture/0611/nutcracker,,articraft_data_only,2,normalized_0611_picture_label,
G0236,office_table_with_doors_or_drawers,arti-template/agent/templates/office_table_with_doors_or_drawers.py,picture_backed,P0044,0611,Office_table_with_doors_or_drawers,articraft_data/picture/0611/Office_table_with_doors_or_drawers,,articraft_data_only,3,normalized_0611_picture_label,
G0237,Other_Air_conditioner,arti-template/agent/templates/Other_Air_conditioner.py,picture_backed,P0310,Other,Air conditioner,articraft_data/picture/Other/Air conditioner,,articraft_data_only,1,existing_map:non_articraft_190_map.csv,
G0238,Other_armchair,arti-template/agent/templates/Other_armchair.py,picture_backed,P0327,Other,armchair,articraft_data/picture/Other/armchair,,articraft_data_only,4,existing_map:non_articraft_190_map.csv,
G0239,Other_Bedside,arti-template/agent/templates/Other_Bedside.py,picture_backed,P0311,Other,Bedside,articraft_data/picture/Other/Bedside,,articraft_data_only,1,existing_map:non_articraft_190_map.csv,
G0240,Other_Built_in_oven,arti-template/agent/templates/Other_Built_in_oven.py,picture_backed,P0312,Other,Built-in oven,articraft_data/picture/Other/Built-in oven,,articraft_data_only,2,existing_map:non_articraft_190_map.csv,
G0241,Other_Cabinet,arti-template/agent/templates/Other_Cabinet.py,picture_backed,P0313,Other,Cabinet,articraft_data/picture/Other/Cabinet,,articraft_data_only,2,existing_map:non_articraft_190_map.csv,
G0242,Other_cauldron,arti-template/agent/templates/Other_cauldron.py,picture_backed,P0328,Other,cauldron,articraft_data/picture/Other/cauldron,,articraft_data_only,1,existing_map:non_articraft_190_map.csv,
G0243,Other_Coffin,arti-template/agent/templates/Other_Coffin.py,picture_backed,P0314,Other,Coffin,articraft_data/picture/Other/Coffin,,articraft_data_only,1,existing_map:non_articraft_190_map.csv,
G0244,Other_Folding_screen,arti-template/agent/templates/Other_Folding_screen.py,picture_backed,P0315,Other,Folding screen,articraft_data/picture/Other/Folding screen,,articraft_data_only,1,existing_map:non_articraft_190_map.csv,
G0245,Other_high_arc_gooseneck_faucet,arti-template/agent/templates/Other_high_arc_gooseneck_faucet.py,picture_backed,P0329,Other,high_arc_gooseneck_faucet,articraft_data/picture/Other/high_arc_gooseneck_faucet,,articraft_data_only,2,existing_map:non_articraft_190_map.csv,
G0246,Other_Lighter,arti-template/agent/templates/Other_Lighter.py,picture_backed,P0316,Other,Lighter,articraft_data/picture/Other/Lighter,,articraft_data_only,1,existing_map:non_articraft_190_map.csv,
G0247,Other_Metal_drain,arti-template/agent/templates/Other_Metal_drain.py,picture_backed,P0317,Other,Metal drain,articraft_data/picture/Other/Metal drain,,articraft_data_only,1,existing_map:non_articraft_190_map.csv,
G0248,Other_pliers,arti-template/agent/templates/Other_pliers.py,picture_backed,P0330,Other,pliers,articraft_data/picture/Other/pliers,,articraft_data_only,2,existing_map:non_articraft_190_map.csv,
G0249,Other_Scale,arti-template/agent/templates/Other_Scale.py,picture_backed,P0319,Other,Scale,articraft_data/picture/Other/Scale,,articraft_data_only,1,existing_map:non_articraft_190_map.csv,
G0250,Other_single_hole_basin_faucet,arti-template/agent/templates/Other_single_hole_basin_faucet.py,picture_backed,P0331,Other,single_hole_basin_faucet,articraft_data/picture/Other/single_hole_basin_faucet,,articraft_data_only,3,existing_map:non_articraft_190_map.csv,
G0251,Other_stove,arti-template/agent/templates/Other_stove.py,picture_backed,P0332,Other,stove,articraft_data/picture/Other/stove,,articraft_data_only,2,existing_map:non_articraft_190_map.csv,
G0252,Other_Switch,arti-template/agent/templates/Other_Switch.py,picture_backed,P0320,Other,Switch,articraft_data/picture/Other/Switch,,articraft_data_only,1,existing_map:non_articraft_190_map.csv,
G0253,Other_Tripod_Turnstile,arti-template/agent/templates/Other_Tripod_Turnstile.py,picture_backed,P0322,Other,Tripod Turnstile,articraft_data/picture/Other/Tripod Turnstile,,articraft_data_only,2,existing_map:non_articraft_190_map.csv,
G0254,Other_TV,arti-template/agent/templates/Other_TV.py,picture_backed,P0321,Other,TV,articraft_data/picture/Other/TV,,articraft_data_only,1,existing_map:non_articraft_190_map.csv,
G0255,Other_Vent,arti-template/agent/templates/Other_Vent.py,picture_backed,P0323,Other,Vent,articraft_data/picture/Other/Vent,,articraft_data_only,4,existing_map:non_articraft_190_map.csv,
G0256,Other_Water_dispenser,arti-template/agent/templates/Other_Water_dispenser.py,picture_backed,P0324,Other,Water dispenser,articraft_data/picture/Other/Water dispenser,,articraft_data_only,5,existing_map:non_articraft_190_map.csv,
G0257,Other_widespread_two_handle_faucet,arti-template/agent/templates/Other_widespread_two_handle_faucet.py,picture_backed,P0333,Other,widespread_two_handle_faucet,articraft_data/picture/Other/widespread_two_handle_faucet,,articraft_data_only,3,existing_map:non_articraft_190_map.csv,
G0258,Others_Binocular,arti-template/agent/templates/Others_Binocular.py,picture_backed,P0334,Others,Binocular,articraft_data/picture/Others/Binocular,,articraft_data_only,1,existing_map:non_articraft_190_map.csv,
G0259,Others_blacksmith_tongs,arti-template/agent/templates/Others_blacksmith_tongs.py,picture_backed,P0337,Others,blacksmith tongs,articraft_data/picture/Others/blacksmith tongs,,articraft_data_only,3,existing_map:non_articraft_190_map.csv,
G0260,Others_Matchbox,arti-template/agent/templates/Others_Matchbox.py,picture_backed,P0335,Others,Matchbox,articraft_data/picture/Others/Matchbox,,articraft_data_only,1,existing_map:non_articraft_190_map.csv,
G0261,Others_Safe,arti-template/agent/templates/Others_Safe.py,picture_backed,P0336,Others,Safe,articraft_data/picture/Others/Safe,,articraft_data_only,1,existing_map:non_articraft_190_map.csv,
G0262,overhead_projector_with_articulating_mirror,arti-template/agent/templates/overhead_projector_with_articulating_mirror.py,picture_backed,P0112,0611,overhead_projector_with_articulating_mirror,articraft_data/picture/0611/overhead_projector_with_articulating_mirror,,articraft_data_only,1,normalized_0611_picture_label,
G0263,overshot_waterwheel,arti-template/agent/templates/overshot_waterwheel.py,articraft_builtin_dataset_no_picture,,,,,,none,0,articraft_builtin_100_map.csv,arti-template/template_catalog/images/overshot_waterwheel.png
G0264,paper_cutter_guillotine,arti-template/agent/templates/paper_cutter_guillotine.py,articraft_builtin_dataset_no_picture,,,,,,none,0,articraft_builtin_100_map.csv,arti-template/template_catalog/images/paper_cutter_guillotine.png
G0265,paper_shredder,arti-template/agent/templates/paper_shredder.py,picture_backed,P0449,Workspace,Paper shredder,articraft_data/picture/Workspace/Paper shredder,arti-template/picture/Workspace/Paper shredder,articraft_data_and_arti_template,2,existing_map:extra_requested_gallery_map.csv,
G0266,parabolic_dish_on_azimuth_elevation_mount,arti-template/agent/templates/parabolic_dish_on_azimuth_elevation_mount.py,articraft_builtin_dataset_no_picture,,,,,,none,0,articraft_builtin_100_map.csv,arti-template/template_catalog/images/parabolic_dish_on_azimuth_elevation_mount.png
G0267,Parts_quick_release_clamp,arti-template/agent/templates/Parts_quick_release_clamp.py,picture_backed,P0338,Parts,quick release clamp,articraft_data/picture/Parts/quick release clamp,,articraft_data_only,1,existing_map:non_articraft_190_map.csv,
G0268,pepper_mill_with_rotating_grinder_mechanism,arti-template/agent/templates/pepper_mill_with_rotating_grinder_mechanism.py,picture_backed,P0113,0611,pepper_mill_with_rotating_grinder_mechanism,articraft_data/picture/0611/pepper_mill_with_rotating_grinder_mechanism,,articraft_data_only,1,normalized_0611_picture_label,
G0269,pet_carrier,arti-template/agent/templates/pet_carrier.py,picture_backed,P0344,Pet_Animal related,Pet carrier,articraft_data/picture/Pet_Animal related/Pet carrier,arti-template/picture/Pet_Animal related/Pet carrier,articraft_data_and_arti_template,2,existing_map:extra_requested_gallery_map.csv,
G0270,pet_stroller,arti-template/agent/templates/pet_stroller.py,picture_backed,P0345,Pet_Animal related,Pet stroller,articraft_data/picture/Pet_Animal related/Pet stroller,arti-template/picture/Pet_Animal related/Pet stroller,articraft_data_and_arti_template,2,existing_map:extra_requested_gallery_map.csv,
G0271,piano_bench,arti-template/agent/templates/piano_bench.py,picture_backed,P0114,0611,piano_bench,articraft_data/picture/0611/piano_bench,,articraft_data_only,3,normalized_0611_picture_label,
G0272,pictureX_0611_Air_blower,arti-template/agent/templates/pictureX_0611_Air_blower.py,picture_backed,P0001,0611,Air_blower,articraft_data/picture/0611/Air_blower,,articraft_data_only,2,normalized_0611_picture_label,
G0273,pictureX_0611_ball_transfer_unit_with_spring_loaded_ball,arti-template/agent/templates/pictureX_0611_ball_transfer_unit_with_spring_loaded_ball.py,picture_backed,P0063,0611,ball_transfer_unit_with_spring_loaded_ball,articraft_data/picture/0611/ball_transfer_unit_with_spring_loaded_ball,,articraft_data_only,1,normalized_0611_picture_label,
G0274,pictureX_0611_ball_valve_with_quarter_turn_handle,arti-template/agent/templates/pictureX_0611_ball_valve_with_quarter_turn_handle.py,picture_backed,P0064,0611,ball_valve_with_quarter_turn_handle,articraft_data/picture/0611/ball_valve_with_quarter_turn_handle,,articraft_data_only,1,normalized_0611_picture_label,
G0275,pictureX_0611_bevel_gear_pair_with_perpendicular_shafts,arti-template/agent/templates/pictureX_0611_bevel_gear_pair_with_perpendicular_shafts.py,picture_backed,P0065,0611,bevel_gear_pair_with_perpendicular_shafts,articraft_data/picture/0611/bevel_gear_pair_with_perpendicular_shafts,,articraft_data_only,2,normalized_0611_picture_label,
G0276,pictureX_0611_bi_fold_closet_door_system,arti-template/agent/templates/pictureX_0611_bi_fold_closet_door_system.py,picture_backed,P0066,0611,bi_fold_closet_door_system,articraft_data/picture/0611/bi_fold_closet_door_system,,articraft_data_only,1,normalized_0611_picture_label,
G0277,pictureX_0611_bookcase,arti-template/agent/templates/pictureX_0611_bookcase.py,picture_backed,P0067,0611,bookcase,articraft_data/picture/0611/bookcase,,articraft_data_only,6,normalized_0611_picture_label,
G0278,pictureX_0611_bookcase1,arti-template/agent/templates/pictureX_0611_bookcase1.py,picture_backed,P0068,0611,bookcase1,articraft_data/picture/0611/bookcase1,,articraft_data_only,3,normalized_0611_picture_label,
G0279,pictureX_0611_bookcase2,arti-template/agent/templates/pictureX_0611_bookcase2.py,picture_backed,P0069,0611,bookcase2,articraft_data/picture/0611/bookcase2,,articraft_data_only,3,normalized_0611_picture_label,
G0280,pictureX_0611_Bookshelf_with_books,arti-template/agent/templates/pictureX_0611_Bookshelf_with_books.py,picture_backed,P0002,0611,Bookshelf_with_books,articraft_data/picture/0611/Bookshelf_with_books,,articraft_data_only,1,normalized_0611_picture_label,
G0281,pictureX_0611_Butter_maker,arti-template/agent/templates/pictureX_0611_Butter_maker.py,picture_backed,P0003,0611,Butter_maker,articraft_data/picture/0611/Butter_maker,,articraft_data_only,1,normalized_0611_picture_label,
G0282,pictureX_0611_butterfly_valve_with_lever_operator,arti-template/agent/templates/pictureX_0611_butterfly_valve_with_lever_operator.py,picture_backed,P0070,0611,butterfly_valve_with_lever_operator,articraft_data/picture/0611/butterfly_valve_with_lever_operator,,articraft_data_only,1,normalized_0611_picture_label,
G0283,pictureX_0611_C_shaped_sofa_side_table,arti-template/agent/templates/pictureX_0611_C_shaped_sofa_side_table.py,picture_backed,P0004,0611,C-shaped_sofa_side_table,articraft_data/picture/0611/C-shaped_sofa_side_table,,articraft_data_only,1,normalized_0611_picture_label,
G0284,pictureX_0611_Cabinet_with_doors,arti-template/agent/templates/pictureX_0611_Cabinet_with_doors.py,picture_backed,P0005,0611,Cabinet_with_doors,articraft_data/picture/0611/Cabinet_with_doors,,articraft_data_only,5,normalized_0611_picture_label,
G0285,pictureX_0611_Cabinet_with_doors_and_drawers,arti-template/agent/templates/pictureX_0611_Cabinet_with_doors_and_drawers.py,picture_backed,P0006,0611,Cabinet_with_doors_and_drawers,articraft_data/picture/0611/Cabinet_with_doors_and_drawers,,articraft_data_only,4,normalized_0611_picture_label,
G0286,pictureX_0611_Cabinet_with_drawers,arti-template/agent/templates/pictureX_0611_Cabinet_with_drawers.py,picture_backed,P0007,0611,Cabinet_with_drawers,articraft_data/picture/0611/Cabinet_with_drawers,,articraft_data_only,5,normalized_0611_picture_label,
G0287,pictureX_0611_Cabinet_with_glass_lift_up_vitrine,arti-template/agent/templates/pictureX_0611_Cabinet_with_glass_lift_up_vitrine.py,picture_backed,P0008,0611,Cabinet_with_glass_lift-up_vitrine,articraft_data/picture/0611/Cabinet_with_glass_lift-up_vitrine,,articraft_data_only,2,normalized_0611_picture_label,
G0288,pictureX_0611_car_scissor_jack_with_screw_mechanism,arti-template/agent/templates/pictureX_0611_car_scissor_jack_with_screw_mechanism.py,picture_backed,P0071,0611,car_scissor_jack_with_screw_mechanism,articraft_data/picture/0611/car_scissor_jack_with_screw_mechanism,,articraft_data_only,1,normalized_0611_picture_label,
G0289,pictureX_0611_centrifuge_machine1,arti-template/agent/templates/pictureX_0611_centrifuge_machine1.py,picture_backed,P0072,0611,centrifuge_machine1,articraft_data/picture/0611/centrifuge_machine1,,articraft_data_only,1,normalized_0611_picture_label,
G0290,pictureX_0611_centrifuge_machine2,arti-template/agent/templates/pictureX_0611_centrifuge_machine2.py,picture_backed,P0073,0611,centrifuge_machine2,articraft_data/picture/0611/centrifuge_machine2,,articraft_data_only,2,normalized_0611_picture_label,
G0291,pictureX_0611_Chain_separator,arti-template/agent/templates/pictureX_0611_Chain_separator.py,picture_backed,P0009,0611,Chain_separator,articraft_data/picture/0611/Chain_separator,,articraft_data_only,1,normalized_0611_picture_label,
G0292,pictureX_0611_compass,arti-template/agent/templates/pictureX_0611_compass.py,picture_backed,P0074,0611,compass,articraft_data/picture/0611/compass,,articraft_data_only,1,normalized_0611_picture_label,
G0293,pictureX_0611_crimping_tool,arti-template/agent/templates/pictureX_0611_crimping_tool.py,picture_backed,P0075,0611,crimping_tool,articraft_data/picture/0611/crimping_tool,,articraft_data_only,3,normalized_0611_picture_label,
G0294,pictureX_0611_Desk_with_drawers_no_door,arti-template/agent/templates/pictureX_0611_Desk_with_drawers_no_door.py,picture_backed,P0010,0611,Desk_with_drawers（no_door）,articraft_data/picture/0611/Desk_with_drawers（no_door）,,articraft_data_only,5,normalized_0611_picture_label,
G0295,pictureX_0611_drafting_table_with_adjustable_tilt_surface,arti-template/agent/templates/pictureX_0611_drafting_table_with_adjustable_tilt_surface.py,picture_backed,P0076,0611,drafting_table_with_adjustable_tilt_surface,articraft_data/picture/0611/drafting_table_with_adjustable_tilt_surface,,articraft_data_only,5,normalized_0611_picture_label,
G0296,pictureX_0611_drawing_compass_with_adjustable_legs,arti-template/agent/templates/pictureX_0611_drawing_compass_with_adjustable_legs.py,picture_backed,P0077,0611,drawing_compass_with_adjustable_legs,articraft_data/picture/0611/drawing_compass_with_adjustable_legs,,articraft_data_only,4,normalized_0611_picture_label,
G0297,pictureX_0611_Dressing_table,arti-template/agent/templates/pictureX_0611_Dressing_table.py,picture_backed,P0011,0611,Dressing_table,articraft_data/picture/0611/Dressing_table,,articraft_data_only,6,normalized_0611_picture_label,
G0298,pictureX_0611_drum_pedal_with_beater_and_spring_return,arti-template/agent/templates/pictureX_0611_drum_pedal_with_beater_and_spring_return.py,picture_backed,P0078,0611,drum_pedal_with_beater_and_spring_return,articraft_data/picture/0611/drum_pedal_with_beater_and_spring_return,,articraft_data_only,1,normalized_0611_picture_label,
G0299,pictureX_0611_elevator_button_panel,arti-template/agent/templates/pictureX_0611_elevator_button_panel.py,picture_backed,P0079,0611,elevator_button_panel,articraft_data/picture/0611/elevator_button_panel,,articraft_data_only,2,normalized_0611_picture_label,
G0300,pictureX_0611_ergonomic_clamp_with_adjustable,arti-template/agent/templates/pictureX_0611_ergonomic_clamp_with_adjustable.py,picture_backed,P0080,0611,ergonomic_clamp_with_adjustable,articraft_data/picture/0611/ergonomic_clamp_with_adjustable,,articraft_data_only,1,normalized_0611_picture_label,
G0301,pictureX_0611_ergonomic_clamp_with_adjustable_components,arti-template/agent/templates/pictureX_0611_ergonomic_clamp_with_adjustable_components.py,picture_backed,P0081,0611,ergonomic_clamp_with_adjustable_components,articraft_data/picture/0611/ergonomic_clamp_with_adjustable_components,,articraft_data_only,2,normalized_0611_picture_label,
G0302,pictureX_0611_flaring_tool_with_cone_and_clamp,arti-template/agent/templates/pictureX_0611_flaring_tool_with_cone_and_clamp.py,picture_backed,P0082,0611,flaring_tool_with_cone_and_clamp,articraft_data/picture/0611/flaring_tool_with_cone_and_clamp,,articraft_data_only,2,normalized_0611_picture_label,
G0303,pictureX_0611_flexible_track_lighting_system,arti-template/agent/templates/pictureX_0611_flexible_track_lighting_system.py,picture_backed,P0083,0611,flexible_track_lighting_system,articraft_data/picture/0611/flexible_track_lighting_system,,articraft_data_only,2,normalized_0611_picture_label,
G0304,pictureX_0611_Floor_standing_drafting_table,arti-template/agent/templates/pictureX_0611_Floor_standing_drafting_table.py,picture_backed,P0012,0611,Floor-standing_drafting_table,articraft_data/picture/0611/Floor-standing_drafting_table,,articraft_data_only,1,normalized_0611_picture_label,
G0305,pictureX_0611_folders,arti-template/agent/templates/pictureX_0611_folders.py,picture_backed,P0084,0611,folders,articraft_data/picture/0611/folders,,articraft_data_only,1,normalized_0611_picture_label,
G0306,pictureX_0611_Folding_ruler,arti-template/agent/templates/pictureX_0611_Folding_ruler.py,picture_backed,P0013,0611,Folding_ruler,articraft_data/picture/0611/Folding_ruler,,articraft_data_only,2,normalized_0611_picture_label,
G0307,pictureX_0611_Folding_sofa_bed,arti-template/agent/templates/pictureX_0611_Folding_sofa_bed.py,picture_backed,P0014,0611,Folding_sofa_bed,articraft_data/picture/0611/Folding_sofa_bed,,articraft_data_only,1,normalized_0611_picture_label,
G0308,pictureX_0611_Folding_sofa_bed1,arti-template/agent/templates/pictureX_0611_Folding_sofa_bed1.py,picture_backed,P0015,0611,Folding_sofa_bed1,articraft_data/picture/0611/Folding_sofa_bed1,,articraft_data_only,3,normalized_0611_picture_label,
G0309,pictureX_0611_Folding_sofa_bed2,arti-template/agent/templates/pictureX_0611_Folding_sofa_bed2.py,picture_backed,P0016,0611,Folding_sofa_bed2,articraft_data/picture/0611/Folding_sofa_bed2,,articraft_data_only,1,normalized_0611_picture_label,
G0310,pictureX_0611_Folding_sofa_bed3,arti-template/agent/templates/pictureX_0611_Folding_sofa_bed3.py,picture_backed,P0017,0611,Folding_sofa_bed3,articraft_data/picture/0611/Folding_sofa_bed3,,articraft_data_only,1,normalized_0611_picture_label,
G0311,pictureX_0611_Folding_table,arti-template/agent/templates/pictureX_0611_Folding_table.py,picture_backed,P0018,0611,Folding_table,articraft_data/picture/0611/Folding_table,,articraft_data_only,4,normalized_0611_picture_label,
G0312,pictureX_0611_Folding_table1,arti-template/agent/templates/pictureX_0611_Folding_table1.py,picture_backed,P0019,0611,Folding_table1,articraft_data/picture/0611/Folding_table1,,articraft_data_only,3,normalized_0611_picture_label,
G0313,pictureX_0611_Folding_table2,arti-template/agent/templates/pictureX_0611_Folding_table2.py,picture_backed,P0020,0611,Folding_table2,articraft_data/picture/0611/Folding_table2,,articraft_data_only,1,normalized_0611_picture_label,
G0314,pictureX_0611_Folding_table3,arti-template/agent/templates/pictureX_0611_Folding_table3.py,picture_backed,P0021,0611,Folding_table3,articraft_data/picture/0611/Folding_table3,,articraft_data_only,2,normalized_0611_picture_label,
G0315,pictureX_0611_Folding_table4,arti-template/agent/templates/pictureX_0611_Folding_table4.py,picture_backed,P0022,0611,Folding_table4,articraft_data/picture/0611/Folding_table4,,articraft_data_only,1,normalized_0611_picture_label,
G0316,pictureX_0611_Folding_table5,arti-template/agent/templates/pictureX_0611_Folding_table5.py,picture_backed,P0023,0611,Folding_table5,articraft_data/picture/0611/Folding_table5,,articraft_data_only,3,normalized_0611_picture_label,
G0317,pictureX_0611_full_height_turnstile,arti-template/agent/templates/pictureX_0611_full_height_turnstile.py,picture_backed,P0085,0611,full_height_turnstile,articraft_data/picture/0611/full_height_turnstile,,articraft_data_only,4,normalized_0611_picture_label,
G0318,pictureX_0611_Garden_pruner,arti-template/agent/templates/pictureX_0611_Garden_pruner.py,picture_backed,P0024,0611,Garden_pruner,articraft_data/picture/0611/Garden_pruner,,articraft_data_only,4,normalized_0611_picture_label,
G0319,pictureX_0611_garlic_press,arti-template/agent/templates/pictureX_0611_garlic_press.py,picture_backed,P0086,0611,garlic_press,articraft_data/picture/0611/garlic_press,,articraft_data_only,6,normalized_0611_picture_label,
G0320,pictureX_0611_generator,arti-template/agent/templates/pictureX_0611_generator.py,picture_backed,P0087,0611,generator,articraft_data/picture/0611/generator,,articraft_data_only,4,normalized_0611_picture_label,
G0321,pictureX_0611_Golf_cart,arti-template/agent/templates/pictureX_0611_Golf_cart.py,picture_backed,P0025,0611,Golf_cart,articraft_data/picture/0611/Golf_cart,,articraft_data_only,1,normalized_0611_picture_label,
G0322,pictureX_0611_guitar_tuning_peg_mechanism,arti-template/agent/templates/pictureX_0611_guitar_tuning_peg_mechanism.py,picture_backed,P0088,0611,guitar_tuning_peg_mechanism,articraft_data/picture/0611/guitar_tuning_peg_mechanism,,articraft_data_only,5,normalized_0611_picture_label,
G0323,pictureX_0611_gyroscope_with_spinning_wheel_and_gimbal_rings,arti-template/agent/templates/pictureX_0611_gyroscope_with_spinning_wheel_and_gimbal_rings.py,picture_backed,P0089,0611,gyroscope_with_spinning_wheel_and_gimbal_rings,articraft_data/picture/0611/gyroscope_with_spinning_wheel_and_gimbal_rings,,articraft_data_only,2,normalized_0611_picture_label,
G0324,pictureX_0611_Hall_tree_with_flip_top_seat,arti-template/agent/templates/pictureX_0611_Hall_tree_with_flip_top_seat.py,picture_backed,P0026,0611,Hall_tree_with_flip-top_seat,articraft_data/picture/0611/Hall_tree_with_flip-top_seat,,articraft_data_only,3,normalized_0611_picture_label,
G0325,pictureX_0611_Hand_crank_clothes_wringer,arti-template/agent/templates/pictureX_0611_Hand_crank_clothes_wringer.py,picture_backed,P0027,0611,Hand-crank_clothes_wringer,articraft_data/picture/0611/Hand-crank_clothes_wringer,,articraft_data_only,1,normalized_0611_picture_label,
G0326,pictureX_0611_hand_operated_metal_brake_for_bending_sheet_metal,arti-template/agent/templates/pictureX_0611_hand_operated_metal_brake_for_bending_sheet_metal.py,picture_backed,P0090,0611,hand_operated_metal_brake_for_bending_sheet_metal,articraft_data/picture/0611/hand_operated_metal_brake_for_bending_sheet_metal,,articraft_data_only,1,normalized_0611_picture_label,
G0327,pictureX_0611_Hole_punch,arti-template/agent/templates/pictureX_0611_Hole_punch.py,picture_backed,P0028,0611,Hole_punch,articraft_data/picture/0611/Hole_punch,,articraft_data_only,2,normalized_0611_picture_label,
G0328,pictureX_0611_Hutch_Cabinet,arti-template/agent/templates/pictureX_0611_Hutch_Cabinet.py,picture_backed,P0029,0611,Hutch_Cabinet,articraft_data/picture/0611/Hutch_Cabinet,,articraft_data_only,1,normalized_0611_picture_label,
G0329,pictureX_0611_hydraulic_jack,arti-template/agent/templates/pictureX_0611_hydraulic_jack.py,picture_backed,P0092,0611,hydraulic_jack,articraft_data/picture/0611/hydraulic_jack,,articraft_data_only,2,normalized_0611_picture_label,
G0330,pictureX_0611_hydraulic_jack1,arti-template/agent/templates/pictureX_0611_hydraulic_jack1.py,picture_backed,P0093,0611,hydraulic_jack1,articraft_data/picture/0611/hydraulic_jack1,,articraft_data_only,2,normalized_0611_picture_label,
G0331,pictureX_0611_hydraulic_jack2,arti-template/agent/templates/pictureX_0611_hydraulic_jack2.py,picture_backed,P0094,0611,hydraulic_jack2,articraft_data/picture/0611/hydraulic_jack2,,articraft_data_only,1,normalized_0611_picture_label,
G0332,pictureX_0611_Ice_crream_machine,arti-template/agent/templates/pictureX_0611_Ice_crream_machine.py,picture_backed,P0030,0611,Ice_crream_machine,articraft_data/picture/0611/Ice_crream_machine,,articraft_data_only,4,normalized_0611_picture_label,
G0333,pictureX_0611_industrial_crane_featuring_advanced_hydraulic,arti-template/agent/templates/pictureX_0611_industrial_crane_featuring_advanced_hydraulic.py,picture_backed,P0095,0611,industrial_crane_featuring_advanced_hydraulic,articraft_data/picture/0611/industrial_crane_featuring_advanced_hydraulic,,articraft_data_only,2,normalized_0611_picture_label,
G0334,pictureX_0611_Industrial_rolling_work_table,arti-template/agent/templates/pictureX_0611_Industrial_rolling_work_table.py,picture_backed,P0031,0611,Industrial_rolling_work_table,articraft_data/picture/0611/Industrial_rolling_work_table,,articraft_data_only,4,normalized_0611_picture_label,
G0335,pictureX_0611_ironing_board2,arti-template/agent/templates/pictureX_0611_ironing_board2.py,picture_backed,P0096,0611,ironing_board2,articraft_data/picture/0611/ironing_board2,,articraft_data_only,2,normalized_0611_picture_label,
G0336,pictureX_0611_juicer_press_with_handle,arti-template/agent/templates/pictureX_0611_juicer_press_with_handle.py,picture_backed,P0097,0611,juicer_press_with_handle,articraft_data/picture/0611/juicer_press_with_handle,,articraft_data_only,1,normalized_0611_picture_label,
G0337,pictureX_0611_kitchen_cabinet,arti-template/agent/templates/pictureX_0611_kitchen_cabinet.py,picture_backed,P0098,0611,kitchen_cabinet,articraft_data/picture/0611/kitchen_cabinet,,articraft_data_only,5,normalized_0611_picture_label,
G0338,pictureX_0611_Kitchen_set,arti-template/agent/templates/pictureX_0611_Kitchen_set.py,picture_backed,P0032,0611,Kitchen_set,articraft_data/picture/0611/Kitchen_set,,articraft_data_only,3,normalized_0611_picture_label,
G0339,pictureX_0611_laser_level_tripod,arti-template/agent/templates/pictureX_0611_laser_level_tripod.py,picture_backed,P0099,0611,laser_level_tripod,articraft_data/picture/0611/laser_level_tripod,,articraft_data_only,1,normalized_0611_picture_label,
G0340,pictureX_0611_lazy_susan,arti-template/agent/templates/pictureX_0611_lazy_susan.py,picture_backed,P0100,0611,lazy_susan,articraft_data/picture/0611/lazy_susan,,articraft_data_only,2,normalized_0611_picture_label,
G0341,pictureX_0611_Lid_opener,arti-template/agent/templates/pictureX_0611_Lid_opener.py,picture_backed,P0033,0611,Lid_opener,articraft_data/picture/0611/Lid_opener,,articraft_data_only,1,normalized_0611_picture_label,
G0342,pictureX_0611_linear_bearing_slide_with_rail,arti-template/agent/templates/pictureX_0611_linear_bearing_slide_with_rail.py,picture_backed,P0101,0611,linear_bearing_slide_with_rail,articraft_data/picture/0611/linear_bearing_slide_with_rail,,articraft_data_only,2,normalized_0611_picture_label,
G0343,pictureX_0611_Locker_box,arti-template/agent/templates/pictureX_0611_Locker_box.py,picture_backed,P0034,0611,Locker_box,articraft_data/picture/0611/Locker_box,,articraft_data_only,1,normalized_0611_picture_label,
G0344,pilers_cutting_pliers,arti-template/agent/templates/pilers_cutting_pliers.py,picture_backed,P0045,0611,Pilers_cutting_pliers,articraft_data/picture/0611/Pilers_cutting_pliers,,articraft_data_only,1,normalized_0611_picture_label,
G0345,pilers_fencing_pliers,arti-template/agent/templates/pilers_fencing_pliers.py,picture_backed,P0046,0611,Pilers_fencing_pliers,articraft_data/picture/0611/Pilers_fencing_pliers,,articraft_data_only,1,normalized_0611_picture_label,
G0346,pilers_linesman_pliers,arti-template/agent/templates/pilers_linesman_pliers.py,picture_backed,P0047,0611,Pilers_linesman_pliers,articraft_data/picture/0611/Pilers_linesman_pliers,,articraft_data_only,1,normalized_0611_picture_label,
G0347,pilers_locking_pliers,arti-template/agent/templates/pilers_locking_pliers.py,picture_backed,P0048,0611,Pilers_locking_pliers,articraft_data/picture/0611/Pilers_locking_pliers,,articraft_data_only,1,normalized_0611_picture_label,
G0348,pilers_needle_nose_pliers,arti-template/agent/templates/pilers_needle_nose_pliers.py,picture_backed,P0049,0611,Pilers_needle_nose_pliers,articraft_data/picture/0611/Pilers_needle_nose_pliers,,articraft_data_only,1,normalized_0611_picture_label,
G0349,pilers_slip_joint_pliers,arti-template/agent/templates/pilers_slip_joint_pliers.py,picture_backed,P0050,0611,Pilers_slip_joint_pliers,articraft_data/picture/0611/Pilers_slip_joint_pliers,,articraft_data_only,1,normalized_0611_picture_label,
G0350,pilers_tongue_groove_pliers,arti-template/agent/templates/pilers_tongue_groove_pliers.py,picture_backed,P0051,0611,Pilers_tongue_groove_pliers,articraft_data/picture/0611/Pilers_tongue_groove_pliers,,articraft_data_only,1,normalized_0611_picture_label,
G0351,pilers_wire_strippers,arti-template/agent/templates/pilers_wire_strippers.py,picture_backed,P0052,0611,Pilers_wire_strippers,articraft_data/picture/0611/Pilers_wire_strippers,,articraft_data_only,1,normalized_0611_picture_label,
G0352,platform_cart,arti-template/agent/templates/platform_cart.py,articraft_builtin_dataset_no_picture,,,,,,none,0,articraft_builtin_100_map.csv,arti-template/template_catalog/images/platform_cart.png
G0353,Playground_playground_chair_swing_carousel,arti-template/agent/templates/Playground_playground_chair_swing_carousel.py,picture_backed,P0348,Playground,playground chair swing carousel,articraft_data/picture/Playground/playground chair swing carousel,,articraft_data_only,2,existing_map:non_articraft_190_map.csv,
G0354,Playground_playground_merry_go_round,arti-template/agent/templates/Playground_playground_merry_go_round.py,picture_backed,P0349,Playground,playground merry-go-round,articraft_data/picture/Playground/playground merry-go-round,,articraft_data_only,1,existing_map:non_articraft_190_map.csv,
G0355,Playground_Seesaw,arti-template/agent/templates/Playground_Seesaw.py,picture_backed,P0347,Playground,Seesaw,articraft_data/picture/Playground/Seesaw,,articraft_data_only,3,existing_map:non_articraft_190_map.csv,
G0356,Playground_swing,arti-template/agent/templates/Playground_swing.py,picture_backed,P0350,Playground,swing,articraft_data/picture/Playground/swing,,articraft_data_only,2,existing_map:non_articraft_190_map.csv,
G0357,playground_swing,arti-template/agent/templates/playground_swing.py,articraft_builtin_dataset_no_picture,,,,,,none,0,articraft_builtin_100_map.csv,arti-template/template_catalog/images/playground_swing.png
G0358,Playground_swing_circular,arti-template/agent/templates/Playground_swing_circular.py,picture_backed,P0351,Playground,swing circular,articraft_data/picture/Playground/swing circular,,articraft_data_only,1,existing_map:non_articraft_190_map.csv,
G0359,point_of_sale_terminal,arti-template/agent/templates/point_of_sale_terminal.py,picture_backed,P0358,Retail_Shop Fixtures,Point-of-sale terminal,articraft_data/picture/Retail_Shop Fixtures/Point-of-sale terminal,arti-template/picture/Retail_Shop Fixtures/Point-of-sale terminal,articraft_data_and_arti_template,2,existing_map:extra_requested_gallery_map.csv,
G0360,Powertools_angle_grinder,arti-template/agent/templates/Powertools_angle_grinder.py,picture_backed,P0353,Powertools,angle grinder,articraft_data/picture/Powertools/angle grinder,,articraft_data_only,1,existing_map:non_articraft_190_map.csv,
G0361,Powertools_drill,arti-template/agent/templates/Powertools_drill.py,picture_backed,P0354,Powertools,drill,articraft_data/picture/Powertools/drill,,articraft_data_only,1,existing_map:non_articraft_190_map.csv,
G0362,Powertools_Lawn_mower,arti-template/agent/templates/Powertools_Lawn_mower.py,picture_backed,P0352,Powertools,Lawn mower,articraft_data/picture/Powertools/Lawn mower,,articraft_data_only,1,existing_map:non_articraft_190_map.csv,
G0363,projector,arti-template/agent/templates/projector.py,picture_backed,P0115,0611,projector,articraft_data/picture/0611/projector,,articraft_data_only,1,normalized_0611_picture_label,
G0364,protractor_with_swing_arm,arti-template/agent/templates/protractor_with_swing_arm.py,picture_backed,P0116,0611,protractor_with_swing_arm,articraft_data/picture/0611/protractor_with_swing_arm,,articraft_data_only,3,normalized_0611_picture_label,
G0365,pulley,arti-template/agent/templates/pulley.py,picture_backed,P0117,0611,pulley,articraft_data/picture/0611/pulley,,articraft_data_only,1,normalized_0611_picture_label,
G0366,pushpull_plunger_chain,arti-template/agent/templates/pushpull_plunger_chain.py,articraft_builtin_dataset_no_picture,,,,,,none,0,articraft_builtin_100_map.csv,arti-template/template_catalog/images/pushpull_plunger_chain.png
G0367,rabbit_hutch,arti-template/agent/templates/rabbit_hutch.py,picture_backed,P0346,Pet_Animal related,Rabbit hutch,articraft_data/picture/Pet_Animal related/Rabbit hutch,arti-template/picture/Pet_Animal related/Rabbit hutch,articraft_data_and_arti_template,2,existing_map:extra_requested_gallery_map.csv,
G0368,rack_and_pinion_slider,arti-template/agent/templates/rack_and_pinion_slider.py,picture_backed,P0362,Robotics,Rack-and-pinion slider,articraft_data/picture/Robotics/Rack-and-pinion slider,arti-template/picture/Robotics/Rack-and-pinion slider,articraft_data_and_arti_template,2,existing_map:extra_requested_gallery_map.csv,
G0369,ratchet_strap,arti-template/agent/templates/ratchet_strap.py,picture_backed,P0118,0611,ratchet_strap,articraft_data/picture/0611/ratchet_strap,,articraft_data_only,2,normalized_0611_picture_label,
G0370,refrigerator_with_hinged_doors,arti-template/agent/templates/refrigerator_with_hinged_doors.py,articraft_builtin_dataset_no_picture,,,,,,none,0,articraft_builtin_100_map.csv,arti-template/template_catalog/images/refrigerator_with_hinged_doors.png
G0371,remote_weapon_station,arti-template/agent/templates/remote_weapon_station.py,articraft_builtin_dataset_no_picture,,,,,,none,0,articraft_builtin_100_map.csv,arti-template/template_catalog/images/remote_weapon_station.png
G0372,retractable_patio_awning,arti-template/agent/templates/retractable_patio_awning.py,picture_backed,P0119,0611,retractable_patio_awning,articraft_data/picture/0611/retractable_patio_awning,,articraft_data_only,2,normalized_0611_picture_label,
G0373,retractable_utility_knife,arti-template/agent/templates/retractable_utility_knife.py,articraft_builtin_dataset_no_picture,,,,,,none,0,articraft_builtin_100_map.csv,arti-template/template_catalog/images/retractable_utility_knife.png
G0374,revolving_door,arti-template/agent/templates/revolving_door.py,articraft_builtin_dataset_no_picture,,,,,,none,0,articraft_builtin_100_map.csv,arti-template/template_catalog/images/revolving_door.png
G0375,ring_blinder,arti-template/agent/templates/ring_blinder.py,picture_backed,P0451,Workspace,ring-blinder,articraft_data/picture/Workspace/ring-blinder,arti-template/picture/Workspace/ring-blinder,articraft_data_and_arti_template,2,existing_map:extra_requested_gallery_map.csv,
G0376,riot_shield,arti-template/agent/templates/riot_shield.py,picture_backed,P0289,Law Enforcement_Protective Gear,Riot shield,articraft_data/picture/Law Enforcement_Protective Gear/Riot shield,arti-template/picture/Law Enforcement_Protective Gear/Riot shield,articraft_data_and_arti_template,2,existing_map:extra_requested_gallery_map.csv,
G0377,rivet_squeeze,arti-template/agent/templates/rivet_squeeze.py,picture_backed,P0120,0611,rivet_squeeze,articraft_data/picture/0611/rivet_squeeze,,articraft_data_only,3,normalized_0611_picture_label,
G0378,rivet_squeeze1,arti-template/agent/templates/rivet_squeeze1.py,picture_backed,P0121,0611,rivet_squeeze1,articraft_data/picture/0611/rivet_squeeze1,,articraft_data_only,1,normalized_0611_picture_label,
G0379,robotic_arms,arti-template/agent/templates/robotic_arms.py,articraft_builtin_dataset_no_picture,,,,,,none,0,articraft_builtin_100_map.csv,arti-template/template_catalog/images/robotic_arms.png
G0380,robotic_leg,arti-template/agent/templates/robotic_leg.py,articraft_builtin_dataset_no_picture,,,,,,none,0,articraft_builtin_100_map.csv,arti-template/template_catalog/images/robotic_leg.png
G0381,roller_conveyor,arti-template/agent/templates/roller_conveyor.py,picture_backed,P0122,0611,roller_conveyor,articraft_data/picture/0611/roller_conveyor,,articraft_data_only,2,normalized_0611_picture_label,
G0382,rolling_toolbox_with_telescoping_handle,arti-template/agent/templates/rolling_toolbox_with_telescoping_handle.py,articraft_builtin_dataset_no_picture,,,,,,none,0,articraft_builtin_100_map.csv,arti-template/template_catalog/images/rolling_toolbox_with_telescoping_handle.png
G0383,rope_pulley,arti-template/agent/templates/rope_pulley.py,picture_backed,P0184,Camping_Outdoor Gear,Rope pulley,articraft_data/picture/Camping_Outdoor Gear/Rope pulley,,articraft_data_only,3,existing_map:extra_requested_gallery_map.csv,
G0384,rotary_table_with_tilting_trunnion,arti-template/agent/templates/rotary_table_with_tilting_trunnion.py,articraft_builtin_dataset_no_picture,,,,,,none,0,articraft_builtin_100_map.csv,arti-template/template_catalog/images/rotary_table_with_tilting_trunnion.png
G0385,rotating_observatory_dome,arti-template/agent/templates/rotating_observatory_dome.py,articraft_builtin_dataset_no_picture,,,,,,none,0,articraft_builtin_100_map.csv,arti-template/template_catalog/images/rotating_observatory_dome.png
G0386,round_cabinet,arti-template/agent/templates/round_cabinet.py,picture_backed,P0053,0611,Round_cabinet,articraft_data/picture/0611/Round_cabinet,,articraft_data_only,1,normalized_0611_picture_label,
G0387,sailboat_winch_with_pawl_and_handle,arti-template/agent/templates/sailboat_winch_with_pawl_and_handle.py,picture_backed,P0123,0611,sailboat_winch_with_pawl_and_handle,articraft_data/picture/0611/sailboat_winch_with_pawl_and_handle,,articraft_data_only,3,normalized_0611_picture_label,
G0388,satellite_with_articulated_solar_panels,arti-template/agent/templates/satellite_with_articulated_solar_panels.py,articraft_builtin_dataset_no_picture,,,,,,none,0,articraft_builtin_100_map.csv,arti-template/template_catalog/images/satellite_with_articulated_solar_panels.png
G0389,scanner,arti-template/agent/templates/scanner.py,picture_backed,P0124,0611,scanner,articraft_data/picture/0611/scanner,,articraft_data_only,3,normalized_0611_picture_label,
G0390,Science_Capsule,arti-template/agent/templates/Science_Capsule.py,picture_backed,P0364,Science,Capsule,articraft_data/picture/Science/Capsule,,articraft_data_only,1,existing_map:non_articraft_190_map.csv,
G0391,Science_Dental_setup,arti-template/agent/templates/Science_Dental_setup.py,picture_backed,P0365,Science,Dental setup,articraft_data/picture/Science/Dental setup,,articraft_data_only,1,existing_map:non_articraft_190_map.csv,
G0392,Science_First_aid_cabinet,arti-template/agent/templates/Science_First_aid_cabinet.py,picture_backed,P0366,Science,First aid cabinet,articraft_data/picture/Science/First aid cabinet,,articraft_data_only,1,existing_map:non_articraft_190_map.csv,
G0393,Science_microscope,arti-template/agent/templates/Science_microscope.py,picture_backed,P0370,Science,microscope,articraft_data/picture/Science/microscope,,articraft_data_only,1,existing_map:non_articraft_190_map.csv,
G0394,Science_Surgical_bed,arti-template/agent/templates/Science_Surgical_bed.py,picture_backed,P0367,Science,Surgical bed,articraft_data/picture/Science/Surgical bed,,articraft_data_only,1,existing_map:non_articraft_190_map.csv,
G0395,Science_Surgical_chair,arti-template/agent/templates/Science_Surgical_chair.py,picture_backed,P0368,Science,Surgical chair,articraft_data/picture/Science/Surgical chair,,articraft_data_only,1,existing_map:non_articraft_190_map.csv,
G0396,Science_Syringe,arti-template/agent/templates/Science_Syringe.py,picture_backed,P0369,Science,Syringe,articraft_data/picture/Science/Syringe,,articraft_data_only,1,existing_map:non_articraft_190_map.csv,
G0397,screwcap_bottle,arti-template/agent/templates/screwcap_bottle.py,articraft_builtin_dataset_no_picture,,,,,,none,0,articraft_builtin_100_map.csv,arti-template/template_catalog/images/screwcap_bottle.png
G0398,screwin_light_bulb_with_socket,arti-template/agent/templates/screwin_light_bulb_with_socket.py,articraft_builtin_dataset_no_picture,,,,,,none,0,articraft_builtin_100_map.csv,arti-template/template_catalog/images/screwin_light_bulb_with_socket.png
G0399,searchlight_tower,arti-template/agent/templates/searchlight_tower.py,articraft_builtin_dataset_no_picture,,,,,,none,0,articraft_builtin_100_map.csv,arti-template/template_catalog/images/searchlight_tower.png
G0400,seed_spreader,arti-template/agent/templates/seed_spreader.py,picture_backed,P0154,Agricultural,Seed spreader,articraft_data/picture/Agricultural/Seed spreader,,articraft_data_only,2,existing_map:extra_requested_gallery_map.csv,
G0401,seeder,arti-template/agent/templates/seeder.py,picture_backed,P0125,0611,seeder,articraft_data/picture/0611/seeder,,articraft_data_only,3,normalized_0611_picture_label,
G0402,serial_elbow_arm,arti-template/agent/templates/serial_elbow_arm.py,articraft_builtin_dataset_no_picture,,,,,,none,0,articraft_builtin_100_map.csv,arti-template/template_catalog/images/serial_elbow_arm.png
G0403,sewing_machine,arti-template/agent/templates/sewing_machine.py,picture_backed,P0412,Textiles_Fabric,Sewing machine,articraft_data/picture/Textiles_Fabric/Sewing machine,arti-template/picture/Textiles_Fabric/Sewing machine,articraft_data_and_arti_template,2,existing_map:extra_requested_gallery_map.csv,
G0404,shelving_unit_with_adjustable_shelves,arti-template/agent/templates/shelving_unit_with_adjustable_shelves.py,picture_backed,P0054,0611,Shelving_unit_with_adjustable_shelves,articraft_data/picture/0611/Shelving_unit_with_adjustable_shelves,,articraft_data_only,1,normalized_0611_picture_label,
G0405,shelving_unit_with_folding_shelves,arti-template/agent/templates/shelving_unit_with_folding_shelves.py,picture_backed,P0055,0611,Shelving_unit_with_folding_shelves,articraft_data/picture/0611/Shelving_unit_with_folding_shelves,,articraft_data_only,2,normalized_0611_picture_label,
G0406,shoulderelbowwrist_arm,arti-template/agent/templates/shoulderelbowwrist_arm.py,articraft_builtin_dataset_no_picture,,,,,,none,0,articraft_builtin_100_map.csv,arti-template/template_catalog/images/shoulderelbowwrist_arm.png
G0407,Sign_sign,arti-template/agent/templates/Sign_sign.py,picture_backed,P0371,Sign,sign,articraft_data/picture/Sign/sign,,articraft_data_only,2,existing_map:non_articraft_190_map.csv,
G0408,simple_aframe_step_ladder,arti-template/agent/templates/simple_aframe_step_ladder.py,articraft_builtin_dataset_no_picture,,,,,,none,0,articraft_builtin_100_map.csv,arti-template/template_catalog/images/simple_aframe_step_ladder.png
G0409,simple_drying_rack,arti-template/agent/templates/simple_drying_rack.py,articraft_builtin_dataset_no_picture,,,,,,none,0,articraft_builtin_100_map.csv,arti-template/template_catalog/images/simple_drying_rack.png
G0410,single_revolute_hinge,arti-template/agent/templates/single_revolute_hinge.py,articraft_builtin_dataset_no_picture,,,,,,none,0,articraft_builtin_100_map.csv,arti-template/template_catalog/images/single_revolute_hinge.png
G0411,single_rotor_helicopter,arti-template/agent/templates/single_rotor_helicopter.py,articraft_builtin_dataset_no_picture,,,,,,none,0,articraft_builtin_100_map.csv,arti-template/template_catalog/images/single_rotor_helicopter.png
G0412,single_wheelbarrow,arti-template/agent/templates/single_wheelbarrow.py,picture_backed,P0155,Agricultural,Single-Wheelbarrow,articraft_data/picture/Agricultural/Single-Wheelbarrow,,articraft_data_only,2,existing_map:extra_requested_gallery_map.csv,
G0413,singleleaf_drawbridge,arti-template/agent/templates/singleleaf_drawbridge.py,articraft_builtin_dataset_no_picture,,,,,,none,0,articraft_builtin_100_map.csv,arti-template/template_catalog/images/singleleaf_drawbridge.png
G0414,sliding_turnstile,arti-template/agent/templates/sliding_turnstile.py,picture_backed,P0126,0611,sliding_turnstile,articraft_data/picture/0611/sliding_turnstile,,articraft_data_only,4,normalized_0611_picture_label,
G0415,sliding_window_classic,arti-template/agent/templates/sliding_window_classic.py,articraft_builtin_dataset_no_picture,,,,,,none,0,articraft_builtin_100_map.csv,
G0416,sluice_gate_with_vertical_lift_panel,arti-template/agent/templates/sluice_gate_with_vertical_lift_panel.py,articraft_builtin_dataset_no_picture,,,,,,none,0,articraft_builtin_100_map.csv,arti-template/template_catalog/images/sluice_gate_with_vertical_lift_panel.png
G0417,soft_pneumatic_gripper,arti-template/agent/templates/soft_pneumatic_gripper.py,picture_backed,P0363,Robotics,Soft pneumatic gripper,articraft_data/picture/Robotics/Soft pneumatic gripper,arti-template/picture/Robotics/Soft pneumatic gripper,articraft_data_and_arti_template,2,existing_map:extra_requested_gallery_map.csv,
G0418,speed_gate,arti-template/agent/templates/speed_gate.py,picture_backed,P0127,0611,speed_gate,articraft_data/picture/0611/speed_gate,,articraft_data_only,2,normalized_0611_picture_label,
G0419,Sports_Baby_cycle,arti-template/agent/templates/Sports_Baby_cycle.py,picture_backed,P0372,Sports,Baby cycle,articraft_data/picture/Sports/Baby cycle,,articraft_data_only,1,existing_map:non_articraft_190_map.csv,
G0420,Sports_Bike,arti-template/agent/templates/Sports_Bike.py,picture_backed,P0373,Sports,Bike,articraft_data/picture/Sports/Bike,,articraft_data_only,1,existing_map:non_articraft_190_map.csv,
G0421,Sports_Carabiner,arti-template/agent/templates/Sports_Carabiner.py,picture_backed,P0374,Sports,Carabiner,articraft_data/picture/Sports/Carabiner,,articraft_data_only,1,existing_map:non_articraft_190_map.csv,
G0422,Sports_Dumble,arti-template/agent/templates/Sports_Dumble.py,picture_backed,P0375,Sports,Dumble,articraft_data/picture/Sports/Dumble,,articraft_data_only,2,existing_map:non_articraft_190_map.csv,
G0423,Sports_Exercise_bike,arti-template/agent/templates/Sports_Exercise_bike.py,picture_backed,P0376,Sports,Exercise bike,articraft_data/picture/Sports/Exercise bike,,articraft_data_only,1,existing_map:non_articraft_190_map.csv,
G0424,Sports_Fidget_Spinner,arti-template/agent/templates/Sports_Fidget_Spinner.py,picture_backed,P0377,Sports,Fidget Spinner,articraft_data/picture/Sports/Fidget Spinner,,articraft_data_only,1,existing_map:non_articraft_190_map.csv,
G0425,Sports_game_console,arti-template/agent/templates/Sports_game_console.py,picture_backed,P0385,Sports,game console,articraft_data/picture/Sports/game console,,articraft_data_only,3,existing_map:non_articraft_190_map.csv,
G0426,Sports_Karting,arti-template/agent/templates/Sports_Karting.py,picture_backed,P0378,Sports,Karting,articraft_data/picture/Sports/Karting,,articraft_data_only,1,existing_map:non_articraft_190_map.csv,
G0427,Sports_Roller_scates,arti-template/agent/templates/Sports_Roller_scates.py,picture_backed,P0379,Sports,Roller scates,articraft_data/picture/Sports/Roller scates,,articraft_data_only,1,existing_map:non_articraft_190_map.csv,
G0428,Sports_Scooter_Racer,arti-template/agent/templates/Sports_Scooter_Racer.py,picture_backed,P0380,Sports,Scooter Racer,articraft_data/picture/Sports/Scooter Racer,,articraft_data_only,1,existing_map:non_articraft_190_map.csv,
G0429,Sports_Skateboard,arti-template/agent/templates/Sports_Skateboard.py,picture_backed,P0381,Sports,Skateboard,articraft_data/picture/Sports/Skateboard,,articraft_data_only,1,existing_map:non_articraft_190_map.csv,
G0430,Sports_Skincare_Roller,arti-template/agent/templates/Sports_Skincare_Roller.py,picture_backed,P0382,Sports,Skincare Roller,articraft_data/picture/Sports/Skincare Roller,,articraft_data_only,1,existing_map:non_articraft_190_map.csv,
G0431,Sports_Table_football,arti-template/agent/templates/Sports_Table_football.py,picture_backed,P0383,Sports,Table football,articraft_data/picture/Sports/Table football,,articraft_data_only,1,existing_map:non_articraft_190_map.csv,
G0432,Sports_Toy_car,arti-template/agent/templates/Sports_Toy_car.py,picture_backed,P0384,Sports,Toy car,articraft_data/picture/Sports/Toy car,,articraft_data_only,1,existing_map:non_articraft_190_map.csv,
G0433,sprinkler_head_with_rotating_arms,arti-template/agent/templates/sprinkler_head_with_rotating_arms.py,picture_backed,P0128,0611,sprinkler_head_with_rotating_arms,articraft_data/picture/0611/sprinkler_head_with_rotating_arms,,articraft_data_only,3,normalized_0611_picture_label,
G0434,Stairs_Escalator,arti-template/agent/templates/Stairs_Escalator.py,picture_backed,P0386,Stairs,Escalator,articraft_data/picture/Stairs/Escalator,,articraft_data_only,2,existing_map:non_articraft_190_map.csv,
G0435,stand_mixer,arti-template/agent/templates/stand_mixer.py,articraft_builtin_dataset_no_picture,,,,,,none,0,articraft_builtin_100_map.csv,arti-template/template_catalog/images/stand_mixer.png
G0436,standing_desk_with_synchronous_telescoping_legs_and_articulated_controls,arti-template/agent/templates/standing_desk_with_synchronous_telescoping_legs_and_articulated_controls.py,articraft_builtin_dataset_no_picture,,,,,,none,0,articraft_builtin_100_map.csv,arti-template/template_catalog/images/standing_desk_with_synchronous_telescoping_legs_and_articulated_controls.png
G0437,Stationary_Calculater,arti-template/agent/templates/Stationary_Calculater.py,picture_backed,P0387,Stationary,Calculater,articraft_data/picture/Stationary/Calculater,,articraft_data_only,1,existing_map:non_articraft_190_map.csv,
G0438,Stationary_Clip,arti-template/agent/templates/Stationary_Clip.py,picture_backed,P0388,Stationary,Clip,articraft_data/picture/Stationary/Clip,,articraft_data_only,1,existing_map:non_articraft_190_map.csv,
G0439,Stationary_Clipboard,arti-template/agent/templates/Stationary_Clipboard.py,picture_backed,P0389,Stationary,Clipboard,articraft_data/picture/Stationary/Clipboard,,articraft_data_only,1,existing_map:non_articraft_190_map.csv,
G0440,Stationary_Folder,arti-template/agent/templates/Stationary_Folder.py,picture_backed,P0390,Stationary,Folder,articraft_data/picture/Stationary/Folder,,articraft_data_only,1,existing_map:non_articraft_190_map.csv,
G0441,Stationary_Pen,arti-template/agent/templates/Stationary_Pen.py,picture_backed,P0391,Stationary,Pen,articraft_data/picture/Stationary/Pen,,articraft_data_only,1,existing_map:non_articraft_190_map.csv,
G0442,Stationary_Pencil_sharpener,arti-template/agent/templates/Stationary_Pencil_sharpener.py,picture_backed,P0392,Stationary,Pencil sharpener,articraft_data/picture/Stationary/Pencil sharpener,,articraft_data_only,1,existing_map:non_articraft_190_map.csv,
G0443,Stationary_Scissors,arti-template/agent/templates/Stationary_Scissors.py,picture_backed,P0393,Stationary,Scissors,articraft_data/picture/Stationary/Scissors,,articraft_data_only,1,existing_map:non_articraft_190_map.csv,
G0444,storage_cart_with_drawers_on_wheels,arti-template/agent/templates/storage_cart_with_drawers_on_wheels.py,picture_backed,P0056,0611,Storage_cart_with_drawers_on_wheels,articraft_data/picture/0611/Storage_cart_with_drawers_on_wheels,,articraft_data_only,6,normalized_0611_picture_label,
G0445,stretcher,arti-template/agent/templates/stretcher.py,picture_backed,P0234,Emergency Equipment,Stretcher,articraft_data/picture/Emergency Equipment/Stretcher,,articraft_data_only,2,existing_map:extra_requested_gallery_map.csv,
G0446,Structure_Elevator,arti-template/agent/templates/Structure_Elevator.py,picture_backed,P0394,Structure,Elevator,articraft_data/picture/Structure/Elevator,,articraft_data_only,2,existing_map:non_articraft_190_map.csv,
G0447,studio_lamp,arti-template/agent/templates/studio_lamp.py,picture_backed,P0129,0611,studio_lamp,articraft_data/picture/0611/studio_lamp,,articraft_data_only,3,normalized_0611_picture_label,
G0448,studio_spotlight_on_yoke,arti-template/agent/templates/studio_spotlight_on_yoke.py,articraft_builtin_dataset_no_picture,,,,,,none,0,articraft_builtin_100_map.csv,arti-template/template_catalog/images/studio_spotlight_on_yoke.png
G0449,table_tennis_table,arti-template/agent/templates/table_tennis_table.py,picture_backed,P0130,0611,table_tennis_table,articraft_data/picture/0611/table_tennis_table,,articraft_data_only,4,normalized_0611_picture_label,
G0450,table_with_doors_and_drawers,arti-template/agent/templates/table_with_doors_and_drawers.py,picture_backed,P0058,0611,Table_with_doors_and_drawers,articraft_data/picture/0611/Table_with_doors_and_drawers,,articraft_data_only,2,normalized_0611_picture_label,
G0451,table_with_drawers_no_door,arti-template/agent/templates/table_with_drawers_no_door.py,picture_backed,P0059,0611,Table_with_drawers（no_door）,articraft_data/picture/0611/Table_with_drawers（no_door）,,articraft_data_only,3,normalized_0611_picture_label,
G0452,tackle_box_with_simple_hinged_lid,arti-template/agent/templates/tackle_box_with_simple_hinged_lid.py,articraft_builtin_dataset_no_picture,,,,,,none,0,articraft_builtin_100_map.csv,arti-template/template_catalog/images/tackle_box_with_simple_hinged_lid.png
G0453,tailor_s_dummy,arti-template/agent/templates/tailor_s_dummy.py,picture_backed,P0414,Textiles_Fabric,Tailor's dummy,articraft_data/picture/Textiles_Fabric/Tailor's dummy,arti-template/picture/Textiles_Fabric/Tailor's dummy,articraft_data_and_arti_template,2,existing_map:extra_requested_gallery_map.csv,
G0454,Technology_Audio_Device,arti-template/agent/templates/Technology_Audio_Device.py,picture_backed,P0395,Technology,Audio_Device,articraft_data/picture/Technology/Audio_Device,,articraft_data_only,4,existing_map:extra_requested_gallery_map.csv,
G0455,Technology_Conference_Phone,arti-template/agent/templates/Technology_Conference_Phone.py,picture_backed,P0396,Technology,Conference_Phone,articraft_data/picture/Technology/Conference_Phone,,articraft_data_only,5,existing_map:extra_requested_gallery_map.csv,
G0456,Technology_Flashlight,arti-template/agent/templates/Technology_Flashlight.py,picture_backed,P0397,Technology,Flashlight,articraft_data/picture/Technology/Flashlight,,articraft_data_only,2,existing_map:extra_requested_gallery_map.csv,
G0457,Technology_Graphics_Card,arti-template/agent/templates/Technology_Graphics_Card.py,picture_backed,P0398,Technology,Graphics_Card,articraft_data/picture/Technology/Graphics_Card,,articraft_data_only,4,existing_map:extra_requested_gallery_map.csv,
G0458,Technology_Keyboard,arti-template/agent/templates/Technology_Keyboard.py,picture_backed,P0399,Technology,Keyboard,articraft_data/picture/Technology/Keyboard,,articraft_data_only,2,existing_map:extra_requested_gallery_map.csv,
G0459,Technology_Laptop,arti-template/agent/templates/Technology_Laptop.py,picture_backed,P0400,Technology,Laptop,articraft_data/picture/Technology/Laptop,,articraft_data_only,2,existing_map:extra_requested_gallery_map.csv,
G0460,Technology_Mobile_Phone,arti-template/agent/templates/Technology_Mobile_Phone.py,picture_backed,P0401,Technology,Mobile_Phone,articraft_data/picture/Technology/Mobile_Phone,,articraft_data_only,2,normalized_full_picture_path,
G0461,Technology_Monitor,arti-template/agent/templates/Technology_Monitor.py,picture_backed,P0402,Technology,Monitor,articraft_data/picture/Technology/Monitor,,articraft_data_only,2,existing_map:extra_requested_gallery_map.csv,
G0462,Technology_Printer,arti-template/agent/templates/Technology_Printer.py,picture_backed,P0404,Technology,Printer,articraft_data/picture/Technology/Printer,,articraft_data_only,3,existing_map:extra_requested_gallery_map.csv,
G0463,Technology_Remote_Control,arti-template/agent/templates/Technology_Remote_Control.py,picture_backed,P0405,Technology,Remote_Control,articraft_data/picture/Technology/Remote_Control,,articraft_data_only,2,normalized_full_picture_path,
G0464,Technology_Security_Camera,arti-template/agent/templates/Technology_Security_Camera.py,picture_backed,P0406,Technology,Security_Camera,articraft_data/picture/Technology/Security_Camera,,articraft_data_only,4,existing_map:extra_requested_gallery_map.csv,
G0465,Technology_Telescope,arti-template/agent/templates/Technology_Telescope.py,picture_backed,P0407,Technology,Telescope,articraft_data/picture/Technology/Telescope,,articraft_data_only,2,existing_map:extra_requested_gallery_map.csv,
G0466,telescoping_boom,arti-template/agent/templates/telescoping_boom.py,articraft_builtin_dataset_no_picture,,,,,,none,0,articraft_builtin_100_map.csv,arti-template/template_catalog/images/telescoping_boom.png
G0467,telescoping_fishing_rod,arti-template/agent/templates/telescoping_fishing_rod.py,picture_backed,P0131,0611,telescoping_fishing_rod,articraft_data/picture/0611/telescoping_fishing_rod,,articraft_data_only,2,normalized_0611_picture_label,
G0468,telescoping_pointer,arti-template/agent/templates/telescoping_pointer.py,picture_backed,P0132,0611,telescoping_pointer,articraft_data/picture/0611/telescoping_pointer,,articraft_data_only,1,normalized_0611_picture_label,
G0469,threestage_telescoping_slide,arti-template/agent/templates/threestage_telescoping_slide.py,articraft_builtin_dataset_no_picture,,,,,,none,0,articraft_builtin_100_map.csv,arti-template/template_catalog/images/threestage_telescoping_slide.png
G0470,tractor,arti-template/agent/templates/tractor.py,picture_backed,P0156,Agricultural,Tractor,articraft_data/picture/Agricultural/Tractor,,articraft_data_only,2,existing_map:extra_requested_gallery_map.csv,
G0471,traditional_windmill,arti-template/agent/templates/traditional_windmill.py,articraft_builtin_dataset_no_picture,,,,,,none,0,articraft_builtin_100_map.csv,arti-template/template_catalog/images/traditional_windmill.png
G0472,trekking_pole_collapsible,arti-template/agent/templates/trekking_pole_collapsible.py,picture_backed,P0185,Camping_Outdoor Gear,Trekking pole collapsible,articraft_data/picture/Camping_Outdoor Gear/Trekking pole collapsible,,articraft_data_only,2,existing_map:extra_requested_gallery_map.csv,
G0473,tricycle,arti-template/agent/templates/tricycle.py,picture_backed,P0133,0611,tricycle,articraft_data/picture/0611/tricycle,,articraft_data_only,1,normalized_0611_picture_label,
G0474,tripod,arti-template/agent/templates/tripod.py,picture_backed,P0134,0611,tripod,articraft_data/picture/0611/tripod,,articraft_data_only,3,normalized_0611_picture_label,
G0475,trombone,arti-template/agent/templates/trombone.py,picture_backed,P0135,0611,trombone,articraft_data/picture/0611/trombone,,articraft_data_only,2,normalized_0611_picture_label,
G0476,trumpet,arti-template/agent/templates/trumpet.py,picture_backed,P0136,0611,trumpet,articraft_data/picture/0611/trumpet,,articraft_data_only,2,normalized_0611_picture_label,
G0477,tube_cutter,arti-template/agent/templates/tube_cutter.py,picture_backed,P0137,0611,tube_cutter,articraft_data/picture/0611/tube_cutter,,articraft_data_only,3,normalized_0611_picture_label,
G0478,turnbuckle,arti-template/agent/templates/turnbuckle.py,picture_backed,P0138,0611,turnbuckle,articraft_data/picture/0611/turnbuckle,,articraft_data_only,4,normalized_0611_picture_label,
G0479,turnstile_gates,arti-template/agent/templates/turnstile_gates.py,articraft_builtin_dataset_no_picture,,,,,,none,0,articraft_builtin_100_map.csv,arti-template/template_catalog/images/turnstile_gates.png
G0480,turntable,arti-template/agent/templates/turntable.py,articraft_builtin_dataset_no_picture,,,,,,none,0,articraft_builtin_100_map.csv,arti-template/template_catalog/images/turntable.png
G0481,tv_cabinet,arti-template/agent/templates/tv_cabinet.py,picture_backed,P0057,0611,TV_cabinet,articraft_data/picture/0611/TV_cabinet,,articraft_data_only,7,normalized_0611_picture_label,
G0482,tv_wall_mount,arti-template/agent/templates/tv_wall_mount.py,picture_backed,P0139,0611,tv_wall_mount,articraft_data/picture/0611/tv_wall_mount,,articraft_data_only,4,normalized_0611_picture_label,
G0483,twojoint_prismatic_chain,arti-template/agent/templates/twojoint_prismatic_chain.py,articraft_builtin_dataset_no_picture,,,,,,none,0,articraft_builtin_100_map.csv,arti-template/template_catalog/images/twojoint_prismatic_chain.png
G0484,twojoint_revolute_chain,arti-template/agent/templates/twojoint_revolute_chain.py,articraft_builtin_dataset_no_picture,,,,,,none,0,articraft_builtin_100_map.csv,arti-template/template_catalog/images/twojoint_revolute_chain.png
G0485,universal_joint,arti-template/agent/templates/universal_joint.py,picture_backed,P0140,0611,universal_joint,articraft_data/picture/0611/universal_joint,,articraft_data_only,2,normalized_0611_picture_label,
G0486,Urban_Environment_bucket1,arti-template/agent/templates/Urban_Environment_bucket1.py,picture_backed,P0435,Urban Environment,bucket1,articraft_data/picture/Urban Environment/bucket1,,articraft_data_only,1,existing_map:non_articraft_190_map.csv,
G0487,Urban_Environment_bucket2,arti-template/agent/templates/Urban_Environment_bucket2.py,picture_backed,P0436,Urban Environment,bucket2,articraft_data/picture/Urban Environment/bucket2,,articraft_data_only,1,existing_map:non_articraft_190_map.csv,
G0488,Urban_Environment_Caster_Trolley,arti-template/agent/templates/Urban_Environment_Caster_Trolley.py,picture_backed,P0415,Urban Environment,Caster Trolley,articraft_data/picture/Urban Environment/Caster Trolley,,articraft_data_only,4,existing_map:non_articraft_190_map.csv,
G0489,Urban_Environment_Caster_Trolley2,arti-template/agent/templates/Urban_Environment_Caster_Trolley2.py,picture_backed,P0416,Urban Environment,Caster Trolley2,articraft_data/picture/Urban Environment/Caster Trolley2,,articraft_data_only,1,existing_map:non_articraft_190_map.csv,
G0490,Urban_Environment_Draft_Wagon,arti-template/agent/templates/Urban_Environment_Draft_Wagon.py,picture_backed,P0417,Urban Environment,Draft Wagon,articraft_data/picture/Urban Environment/Draft Wagon,,articraft_data_only,3,existing_map:non_articraft_190_map.csv,
G0491,Urban_Environment_Fire_cabinet,arti-template/agent/templates/Urban_Environment_Fire_cabinet.py,picture_backed,P0420,Urban Environment,Fire cabinet,articraft_data/picture/Urban Environment/Fire cabinet,,articraft_data_only,1,existing_map:non_articraft_190_map.csv,
G0492,Urban_Environment_Fire_Extinguisher,arti-template/agent/templates/Urban_Environment_Fire_Extinguisher.py,picture_backed,P0418,Urban Environment,Fire Extinguisher,articraft_data/picture/Urban Environment/Fire Extinguisher,,articraft_data_only,1,existing_map:non_articraft_190_map.csv,
G0493,Urban_Environment_Fire_Hydrant,arti-template/agent/templates/Urban_Environment_Fire_Hydrant.py,picture_backed,P0419,Urban Environment,Fire Hydrant,articraft_data/picture/Urban Environment/Fire Hydrant,,articraft_data_only,2,existing_map:non_articraft_190_map.csv,
G0494,Urban_Environment_Garbage_bin,arti-template/agent/templates/Urban_Environment_Garbage_bin.py,picture_backed,P0421,Urban Environment,Garbage bin,articraft_data/picture/Urban Environment/Garbage bin,,articraft_data_only,1,existing_map:non_articraft_190_map.csv,
G0495,Urban_Environment_Large_Trashcan,arti-template/agent/templates/Urban_Environment_Large_Trashcan.py,picture_backed,P0422,Urban Environment,Large Trashcan,articraft_data/picture/Urban Environment/Large Trashcan,,articraft_data_only,2,existing_map:non_articraft_190_map.csv,
G0496,Urban_Environment_Mailbox,arti-template/agent/templates/Urban_Environment_Mailbox.py,picture_backed,P0423,Urban Environment,Mailbox,articraft_data/picture/Urban Environment/Mailbox,,articraft_data_only,3,existing_map:non_articraft_190_map.csv,
G0497,Urban_Environment_Manhole_cover,arti-template/agent/templates/Urban_Environment_Manhole_cover.py,picture_backed,P0424,Urban Environment,Manhole cover,articraft_data/picture/Urban Environment/Manhole cover,,articraft_data_only,4,existing_map:non_articraft_190_map.csv,
G0498,Urban_Environment_Phone_box,arti-template/agent/templates/Urban_Environment_Phone_box.py,picture_backed,P0426,Urban Environment,Phone box,articraft_data/picture/Urban Environment/Phone box,,articraft_data_only,1,existing_map:non_articraft_190_map.csv,
G0499,Urban_Environment_Public_toilet,arti-template/agent/templates/Urban_Environment_Public_toilet.py,picture_backed,P0427,Urban Environment,Public toilet,articraft_data/picture/Urban Environment/Public toilet,,articraft_data_only,1,existing_map:non_articraft_190_map.csv,
G0500,Urban_Environment_Public_toilet1,arti-template/agent/templates/Urban_Environment_Public_toilet1.py,picture_backed,P0427,Urban Environment,Public toilet,articraft_data/picture/Urban Environment/Public toilet,,articraft_data_only,1,existing_map:non_articraft_190_map.csv,
G0501,Urban_Environment_Roof_antena,arti-template/agent/templates/Urban_Environment_Roof_antena.py,picture_backed,P0428,Urban Environment,Roof antena,articraft_data/picture/Urban Environment/Roof antena,,articraft_data_only,1,existing_map:non_articraft_190_map.csv,
G0502,Urban_Environment_sci_fi_satellite_dish,arti-template/agent/templates/Urban_Environment_sci_fi_satellite_dish.py,picture_backed,P0437,Urban Environment,sci-fi satellite dish,articraft_data/picture/Urban Environment/sci-fi satellite dish,,articraft_data_only,1,existing_map:non_articraft_190_map.csv,
G0503,Urban_Environment_Tilt_Truck1,arti-template/agent/templates/Urban_Environment_Tilt_Truck1.py,picture_backed,P0429,Urban Environment,Tilt Truck1,articraft_data/picture/Urban Environment/Tilt Truck1,,articraft_data_only,4,normalized_full_picture_path,
G0504,Urban_Environment_Tilt_Truck2,arti-template/agent/templates/Urban_Environment_Tilt_Truck2.py,picture_backed,P0430,Urban Environment,Tilt Truck2,articraft_data/picture/Urban Environment/Tilt Truck2,,articraft_data_only,4,normalized_full_picture_path,
G0505,Urban_Environment_Trashcan1,arti-template/agent/templates/Urban_Environment_Trashcan1.py,picture_backed,P0432,Urban Environment,Trashcan1,articraft_data/picture/Urban Environment/Trashcan1,,articraft_data_only,2,existing_map:non_articraft_190_map.csv,
G0506,Urban_Environment_Trashcan2,arti-template/agent/templates/Urban_Environment_Trashcan2.py,picture_backed,P0433,Urban Environment,Trashcan2,articraft_data/picture/Urban Environment/Trashcan2,,articraft_data_only,3,existing_map:non_articraft_190_map.csv,
G0507,Urban_Environment_utility_box,arti-template/agent/templates/Urban_Environment_utility_box.py,picture_backed,P0438,Urban Environment,utility box,articraft_data/picture/Urban Environment/utility box,,articraft_data_only,4,existing_map:non_articraft_190_map.csv,
G0508,Urban_Environment_Well_lid,arti-template/agent/templates/Urban_Environment_Well_lid.py,picture_backed,P0434,Urban Environment,Well lid,articraft_data/picture/Urban Environment/Well lid,,articraft_data_only,1,existing_map:non_articraft_190_map.csv,
G0509,usb_drive_with_swivel_cover,arti-template/agent/templates/usb_drive_with_swivel_cover.py,articraft_builtin_dataset_no_picture,,,,,,none,0,articraft_builtin_100_map.csv,arti-template/template_catalog/images/usb_drive_with_swivel_cover.png
G0510,vane_array_with_independent_pivots,arti-template/agent/templates/vane_array_with_independent_pivots.py,articraft_builtin_dataset_no_picture,,,,,,none,0,articraft_builtin_100_map.csv,arti-template/template_catalog/images/vane_array_with_independent_pivots.png
G0511,Vehicle_Sports_car,arti-template/agent/templates/Vehicle_Sports_car.py,picture_backed,P0441,Vehicle,Sports car_,articraft_data/picture/Vehicle/Sports car_,,articraft_data_only,4,existing_map:non_articraft_190_map.csv,
G0512,waffle_maker,arti-template/agent/templates/waffle_maker.py,picture_backed,P0141,0611,waffle_maker,articraft_data/picture/0611/waffle_maker,,articraft_data_only,5,normalized_0611_picture_label,
G0513,walking_cane,arti-template/agent/templates/walking_cane.py,picture_backed,P0060,0611,Walking_cane,articraft_data/picture/0611/Walking_cane,,articraft_data_only,3,normalized_0611_picture_label,
G0514,wall_safe_with_hinged_door_and_dial,arti-template/agent/templates/wall_safe_with_hinged_door_and_dial.py,articraft_builtin_dataset_no_picture,,,,,,none,0,articraft_builtin_100_map.csv,arti-template/template_catalog/images/wall_safe_with_hinged_door_and_dial.png
G0515,watch,arti-template/agent/templates/watch.py,picture_backed,P0142,0611,watch,articraft_data/picture/0611/watch,,articraft_data_only,5,normalized_0611_picture_label,
G0516,water_filter_pump,arti-template/agent/templates/water_filter_pump.py,picture_backed,P0186,Camping_Outdoor Gear,Water filter pump,articraft_data/picture/Camping_Outdoor Gear/Water filter pump,,articraft_data_only,2,existing_map:extra_requested_gallery_map.csv,
G0517,watering_can,arti-template/agent/templates/watering_can.py,picture_backed,P0157,Agricultural,Watering can,articraft_data/picture/Agricultural/Watering can,,articraft_data_only,1,existing_map:extra_requested_gallery_map.csv,
G0518,wheelbarrow,arti-template/agent/templates/wheelbarrow.py,articraft_builtin_dataset_no_picture,,,,,,none,0,articraft_builtin_100_map.csv,arti-template/template_catalog/images/wheelbarrow.png
G0519,wheelie_bin_with_hinged_lid,arti-template/agent/templates/wheelie_bin_with_hinged_lid.py,articraft_builtin_dataset_no_picture,,,,,,none,0,articraft_builtin_100_map.csv,arti-template/template_catalog/images/wheelie_bin_with_hinged_lid.png
G0520,whiteboard_easel,arti-template/agent/templates/whiteboard_easel.py,picture_backed,P0450,Workspace,Whiteboard easel,articraft_data/picture/Workspace/Whiteboard easel,arti-template/picture/Workspace/Whiteboard easel,articraft_data_and_arti_template,2,existing_map:extra_requested_gallery_map.csv,
G0521,wind_turbine,arti-template/agent/templates/wind_turbine.py,articraft_builtin_dataset_no_picture,,,,,,none,0,articraft_builtin_100_map.csv,arti-template/template_catalog/images/wind_turbine.png
G0522,Window_Sliding_window,arti-template/agent/templates/Window_Sliding_window.py,picture_backed,P0442,Window,Sliding window,articraft_data/picture/Window/Sliding window,,articraft_data_only,3,existing_map:non_articraft_190_map.csv,
G0523,Window_Window,arti-template/agent/templates/Window_Window.py,picture_backed,P0443,Window,Window,articraft_data/picture/Window/Window,,articraft_data_only,9,existing_map:non_articraft_190_map.csv,
G0524,windshield_wiper_assembly,arti-template/agent/templates/windshield_wiper_assembly.py,articraft_builtin_dataset_no_picture,,,,,,none,0,articraft_builtin_100_map.csv,arti-template/template_catalog/images/windshield_wiper_assembly.png
G0525,wine_cabinet,arti-template/agent/templates/wine_cabinet.py,picture_backed,P0143,0611,wine_cabinet,articraft_data/picture/0611/wine_cabinet,,articraft_data_only,3,normalized_0611_picture_label,
G0526,wine_cabinet1,arti-template/agent/templates/wine_cabinet1.py,picture_backed,P0144,0611,wine_cabinet1,articraft_data/picture/0611/wine_cabinet1,,articraft_data_only,4,normalized_0611_picture_label,
G0527,wine_cabinet2,arti-template/agent/templates/wine_cabinet2.py,picture_backed,P0145,0611,wine_cabinet2,articraft_data/picture/0611/wine_cabinet2,,articraft_data_only,4,normalized_0611_picture_label,
G0528,wine_rack,arti-template/agent/templates/wine_rack.py,picture_backed,P0061,0611,Wine_rack,articraft_data/picture/0611/Wine_rack,,articraft_data_only,1,normalized_0611_picture_label,
G0529,worm_gear_and_wheel_assembly,arti-template/agent/templates/worm_gear_and_wheel_assembly.py,picture_backed,P0146,0611,worm_gear_and_wheel_assembly,articraft_data/picture/0611/worm_gear_and_wheel_assembly,,articraft_data_only,2,normalized_0611_picture_label,
G0530,wrench_set,arti-template/agent/templates/wrench_set.py,picture_backed,P0062,0611,Wrench_set,articraft_data/picture/0611/Wrench_set,,articraft_data_only,2,normalized_0611_picture_label,
G0531,zippo_lighter,arti-template/agent/templates/zippo_lighter.py,articraft_builtin_dataset_no_picture,,,,,,none,0,articraft_builtin_100_map.csv,arti-template/template_catalog/images/zippo_lighter.png
