generator_index,generator_name,source_type,picture_category,picture_label,picture_dir,image_count,alias_of_generator_index,representative_image
G0001,Accessories_Cushion,picture_backed,Accessories,Cushion,/mnt/zsn/lyb/arti-skill/articraft_data/picture/Accessories/Cushion,2,,/mnt/zsn/lyb/arti-skill/articraft_data/picture/Accessories/Cushion/001.png
G0002,Accessories_glasses,picture_backed,Accessories,glasses,/mnt/zsn/lyb/arti-skill/articraft_data/picture/Accessories/glasses,2,,/mnt/zsn/lyb/arti-skill/articraft_data/picture/Accessories/glasses/001.png
G0003,adjustable_monitor_arm,picture_backed,Workspace,Adjustable monitor arm,/mnt/zsn/lyb/arti-skill/articraft_data/picture/Workspace/Adjustable monitor arm,2,,/mnt/zsn/lyb/arti-skill/articraft_data/picture/Workspace/Adjustable monitor arm/001.png
G0004,animal_feeding_bowl_stand,picture_backed,Pet_Animal related,Animal feeding bowl stand,/mnt/zsn/lyb/arti-skill/articraft_data/picture/Pet_Animal related/Animal feeding bowl stand,2,,/mnt/zsn/lyb/arti-skill/articraft_data/picture/Pet_Animal related/Animal feeding bowl stand/001.png
G0005,aquarium,picture_backed,Pet_Animal related,Aquarium,/mnt/zsn/lyb/arti-skill/articraft_data/picture/Pet_Animal related/Aquarium,2,,/mnt/zsn/lyb/arti-skill/articraft_data/picture/Pet_Animal related/Aquarium/001.png
G0006,Art_Drawing_Models_Articulated_mannequin_Poseable_figure_mannequin,picture_backed,Art_Drawing Models,Articulated mannequin_Poseable figure mannequin,/mnt/zsn/lyb/arti-skill/articraft_data/picture/Art_Drawing Models/Articulated mannequin_Poseable figure mannequin,3,,/mnt/zsn/lyb/arti-skill/articraft_data/picture/Art_Drawing Models/Articulated mannequin_Poseable figure mannequin/001.png
G0007,articulated_task_lamp,builtin_no_picture,builtin_no_picture,,,1,,/mnt/zsn/data/particulate/datasets/PV-A/renders/builtin99_representatives/articulated_task_lamp__seed_0000.png
G0008,astronomical_telescope_on_tripod,builtin_no_picture,builtin_no_picture,,,1,,/mnt/zsn/data/particulate/datasets/PV-A/renders/builtin99_representatives/astronomical_telescope_on_tripod__seed_0000.png
G0009,Astronomy_Antenna_dish,picture_backed,Astronomy,Antenna dish,/mnt/zsn/lyb/arti-skill/articraft_data/picture/Astronomy/Antenna dish,3,,/mnt/zsn/lyb/arti-skill/articraft_data/picture/Astronomy/Antenna dish/001.png
G0010,Astronomy_Astronaut_helmet,picture_backed,Astronomy,Astronaut helmet,/mnt/zsn/lyb/arti-skill/articraft_data/picture/Astronomy/Astronaut helmet,2,,/mnt/zsn/lyb/arti-skill/articraft_data/picture/Astronomy/Astronaut helmet/001.png
G0011,Astronomy_Lunar_rover,picture_backed,Astronomy,Lunar rover,/mnt/zsn/lyb/arti-skill/articraft_data/picture/Astronomy/Lunar rover,2,,/mnt/zsn/lyb/arti-skill/articraft_data/picture/Astronomy/Lunar rover/001.png
G0012,Astronomy_Mars_rover,picture_backed,Astronomy,Mars rover,/mnt/zsn/lyb/arti-skill/articraft_data/picture/Astronomy/Mars rover,2,,/mnt/zsn/lyb/arti-skill/articraft_data/picture/Astronomy/Mars rover/001.png
G0013,Astronomy_Pressurised_module_door,picture_backed,Astronomy,Pressurised module door,/mnt/zsn/lyb/arti-skill/articraft_data/picture/Astronomy/Pressurised module door,2,,/mnt/zsn/lyb/arti-skill/articraft_data/picture/Astronomy/Pressurised module door/001.png
G0014,Astronomy_Retractable_landing_gear,picture_backed,Astronomy,Retractable landing gear,/mnt/zsn/lyb/arti-skill/articraft_data/picture/Astronomy/Retractable landing gear,3,,/mnt/zsn/lyb/arti-skill/articraft_data/picture/Astronomy/Retractable landing gear/001.png
G0015,Astronomy_Return_capsule,picture_backed,Astronomy,Return capsule,/mnt/zsn/lyb/arti-skill/articraft_data/picture/Astronomy/Return capsule,2,,/mnt/zsn/lyb/arti-skill/articraft_data/picture/Astronomy/Return capsule/001.png
G0016,Astronomy_Rocket_engine,picture_backed,Astronomy,Rocket engine,/mnt/zsn/lyb/arti-skill/articraft_data/picture/Astronomy/Rocket engine,1,,/mnt/zsn/lyb/arti-skill/articraft_data/picture/Astronomy/Rocket engine/001.png
G0017,Astronomy_Satellite,picture_backed,Astronomy,Satellite,/mnt/zsn/lyb/arti-skill/articraft_data/picture/Astronomy/Satellite,2,,/mnt/zsn/lyb/arti-skill/articraft_data/picture/Astronomy/Satellite/001.png
G0018,Astronomy_Space_shuttle,picture_backed,Astronomy,Space shuttle,/mnt/zsn/lyb/arti-skill/articraft_data/picture/Astronomy/Space shuttle,1,,/mnt/zsn/lyb/arti-skill/articraft_data/picture/Astronomy/Space shuttle/001.png
G0019,automotive_differential_differential_gear,picture_backed,Mechanical Components_Drivetrain,Automotive differential_Differential gear,/mnt/zsn/lyb/arti-skill/articraft_data/picture/Mechanical Components_Drivetrain/Automotive differential_Differential gear,1,,/mnt/zsn/lyb/arti-skill/articraft_data/picture/Mechanical Components_Drivetrain/Automotive differential_Differential gear/001.png
G0020,badge_id_holder_clip,picture_backed,Workspace,Badge_ID holder clip,/mnt/zsn/lyb/arti-skill/articraft_data/picture/Workspace/Badge_ID holder clip,2,,/mnt/zsn/lyb/arti-skill/articraft_data/picture/Workspace/Badge_ID holder clip/001.png
G0021,Bag_Suitcase_Box,picture_backed,Bag_Suitcase,Box,/mnt/zsn/lyb/arti-skill/articraft_data/picture/Bag_Suitcase/Box,1,,/mnt/zsn/lyb/arti-skill/articraft_data/picture/Bag_Suitcase/Box/001.png
G0022,Bag_Suitcase_Luggage_bag,picture_backed,Bag_Suitcase,Luggage bag,/mnt/zsn/lyb/arti-skill/articraft_data/picture/Bag_Suitcase/Luggage bag,1,,/mnt/zsn/lyb/arti-skill/articraft_data/picture/Bag_Suitcase/Luggage bag/001.png
G0023,Bag_Suitcase_Shopping_bucket,picture_backed,Bag_Suitcase,Shopping bucket,/mnt/zsn/lyb/arti-skill/articraft_data/picture/Bag_Suitcase/Shopping bucket,2,,/mnt/zsn/lyb/arti-skill/articraft_data/picture/Bag_Suitcase/Shopping bucket/001.png
G0024,Bag_Suitcase_Suitcase,picture_backed,Bag_Suitcase,Suitcase,/mnt/zsn/lyb/arti-skill/articraft_data/picture/Bag_Suitcase/Suitcase,1,,/mnt/zsn/lyb/arti-skill/articraft_data/picture/Bag_Suitcase/Suitcase/001.png
G0025,Bag_Suitcase_Treasure_chest,picture_backed,Bag_Suitcase,Treasure chest,/mnt/zsn/lyb/arti-skill/articraft_data/picture/Bag_Suitcase/Treasure chest,1,,/mnt/zsn/lyb/arti-skill/articraft_data/picture/Bag_Suitcase/Treasure chest/001.png
G0026,Bar_Piano,picture_backed,Bar,Piano,/mnt/zsn/lyb/arti-skill/articraft_data/picture/Bar/Piano,2,,/mnt/zsn/lyb/arti-skill/articraft_data/picture/Bar/Piano/001.png
G0027,barcode_scanner,picture_backed,Retail_Shop Fixtures,Barcode scanner,/mnt/zsn/lyb/arti-skill/articraft_data/picture/Retail_Shop Fixtures/Barcode scanner,2,,/mnt/zsn/lyb/arti-skill/articraft_data/picture/Retail_Shop Fixtures/Barcode scanner/001.png
G0028,barrier_gate_boom,builtin_no_picture,builtin_no_picture,,,1,,/mnt/zsn/data/particulate/datasets/PV-A/renders/builtin99_representatives/barrier_gate_boom__seed_0000.png
G0029,barrier_gate_leaf_gate,builtin_no_picture,builtin_no_picture,,,1,,/mnt/zsn/data/particulate/datasets/PV-A/renders/builtin99_representatives/barrier_gate_leaf_gate__seed_0000.png
G0030,Bathroom_Hair_dryer,picture_backed,Bathroom,Hair dryer,/mnt/zsn/lyb/arti-skill/articraft_data/picture/Bathroom/Hair dryer,1,,/mnt/zsn/lyb/arti-skill/articraft_data/picture/Bathroom/Hair dryer/001.png
G0031,Bathroom_toilet,picture_backed,Bathroom,toilet,/mnt/zsn/lyb/arti-skill/articraft_data/picture/Bathroom/toilet,3,,/mnt/zsn/lyb/arti-skill/articraft_data/picture/Bathroom/toilet/001.png
G0032,Bathroom_washmachine,picture_backed,Bathroom,washmachine,/mnt/zsn/lyb/arti-skill/articraft_data/picture/Bathroom/washmachine,1,,/mnt/zsn/lyb/arti-skill/articraft_data/picture/Bathroom/washmachine/001.png
G0033,bell_tower_with_swinging_bell,builtin_no_picture,builtin_no_picture,,,1,,/mnt/zsn/data/particulate/datasets/PV-A/renders/builtin99_representatives/bell_tower_with_swinging_bell__seed_0000.png
G0034,Bench_Wood_Swing,picture_backed,Bench,Wood Swing,/mnt/zsn/lyb/arti-skill/articraft_data/picture/Bench/Wood Swing,5,,/mnt/zsn/lyb/arti-skill/articraft_data/picture/Bench/Wood Swing/001.png
G0035,bicycle_crankset_and_pedal_assembly,builtin_no_picture,builtin_no_picture,,,1,,/mnt/zsn/data/particulate/datasets/PV-A/renders/builtin99_representatives/bicycle_crankset_and_pedal_assembly__seed_0000.png
G0036,bird_cage,picture_backed,Pet_Animal related,Bird cage,/mnt/zsn/lyb/arti-skill/articraft_data/picture/Pet_Animal related/Bird cage,2,,/mnt/zsn/lyb/arti-skill/articraft_data/picture/Pet_Animal related/Bird cage/001.png
G0037,blender_countertop,builtin_no_picture,builtin_no_picture,,,1,,/mnt/zsn/data/particulate/datasets/PV-A/renders/builtin99_representatives/blender_countertop__seed_0000.png
G0038,box_fan_with_control_knob,builtin_no_picture,builtin_no_picture,,,1,,/mnt/zsn/data/particulate/datasets/PV-A/renders/builtin99_representatives/box_fan_with_control_knob__seed_0000.png
G0039,branching_tree_with_three_independent_rotary_branches,builtin_no_picture,builtin_no_picture,,,1,,/mnt/zsn/data/particulate/datasets/PV-A/renders/builtin99_representatives/branching_tree_with_three_independent_rotary_branches__seed_0000.png
G0040,branching_tree_with_two_independent_rotary_branches,builtin_no_picture,builtin_no_picture,,,1,,/mnt/zsn/data/particulate/datasets/PV-A/renders/builtin99_representatives/branching_tree_with_two_independent_rotary_branches__seed_0000.png
G0041,camcorder_with_flipout_screen,builtin_no_picture,builtin_no_picture,,,1,,/mnt/zsn/data/particulate/datasets/PV-A/renders/builtin99_representatives/camcorder_with_flipout_screen__seed_0000.png
G0042,camera_flash,builtin_no_picture,builtin_no_picture,,,1,,/mnt/zsn/data/particulate/datasets/PV-A/renders/builtin99_representatives/camera_flash__seed_0000.png
G0043,camera_lens,builtin_no_picture,builtin_no_picture,,,1,,/mnt/zsn/data/particulate/datasets/PV-A/renders/builtin99_representatives/camera_lens__seed_0000.png
G0044,camp_chair,picture_backed,Camping_Outdoor Gear,Camp chair,/mnt/zsn/lyb/arti-skill/articraft_data/picture/Camping_Outdoor Gear/Camp chair,2,,/mnt/zsn/lyb/arti-skill/articraft_data/picture/Camping_Outdoor Gear/Camp chair/001.png
G0045,camping_lantern,picture_backed,Camping_Outdoor Gear,Camping Lantern,/mnt/zsn/lyb/arti-skill/articraft_data/picture/Camping_Outdoor Gear/Camping Lantern,2,,/mnt/zsn/lyb/arti-skill/articraft_data/picture/Camping_Outdoor Gear/Camping Lantern/001.png
G0046,candy_vending_machine,builtin_no_picture,builtin_no_picture,,,1,,/mnt/zsn/data/particulate/datasets/PV-A/renders/builtin99_representatives/candy_vending_machine__seed_0000.png
G0047,cannon,builtin_no_picture,builtin_no_picture,,,1,,/mnt/zsn/data/particulate/datasets/PV-A/renders/builtin99_representatives/cannon__seed_0000.png
G0048,cantilever_articulated_arm,builtin_no_picture,builtin_no_picture,,,1,,/mnt/zsn/data/particulate/datasets/PV-A/renders/builtin99_representatives/cantilever_articulated_arm__seed_0000.png
G0049,car_axles,builtin_no_picture,builtin_no_picture,,,1,,/mnt/zsn/data/particulate/datasets/PV-A/renders/builtin99_representatives/car_axles__seed_0000.png
G0050,cash_register,picture_backed,Retail_Shop Fixtures,Cash register,/mnt/zsn/lyb/arti-skill/articraft_data/picture/Retail_Shop Fixtures/Cash register,2,,/mnt/zsn/lyb/arti-skill/articraft_data/picture/Retail_Shop Fixtures/Cash register/001.png
G0051,casino_machine,builtin_no_picture,builtin_no_picture,,,1,,/mnt/zsn/data/particulate/datasets/PV-A/renders/builtin99_representatives/casino_machine__seed_0000.png
G0052,cat_flap,picture_backed,Pet_Animal related,Cat flap,/mnt/zsn/lyb/arti-skill/articraft_data/picture/Pet_Animal related/Cat flap,2,,/mnt/zsn/lyb/arti-skill/articraft_data/picture/Pet_Animal related/Cat flap/001.png
G0053,cctv_mast_with_pantilt_camera_head,builtin_no_picture,builtin_no_picture,,,1,,/mnt/zsn/data/particulate/datasets/PV-A/renders/builtin99_representatives/cctv_mast_with_pantilt_camera_head__seed_0000.png
G0054,ceiling_fan,builtin_no_picture,builtin_no_picture,,,1,,/mnt/zsn/data/particulate/datasets/PV-A/renders/builtin99_representatives/ceiling_fan__seed_0000.png
G0055,ceiling_light_fixture_adjustable,builtin_no_picture,builtin_no_picture,,,1,,/mnt/zsn/data/particulate/datasets/PV-A/renders/builtin99_representatives/ceiling_light_fixture_adjustable__seed_0000.png
G0056,Chair_Chair,picture_backed,Chair,Chair,/mnt/zsn/lyb/arti-skill/articraft_data/picture/Chair/Chair,2,,/mnt/zsn/lyb/arti-skill/articraft_data/picture/Chair/Chair/001.png
G0057,Chair_Folding_chair,picture_backed,Chair,Folding chair,/mnt/zsn/lyb/arti-skill/articraft_data/picture/Chair/Folding chair,1,,/mnt/zsn/lyb/arti-skill/articraft_data/picture/Chair/Folding chair/001.png
G0058,chest_freezer_with_hinged_lid,builtin_no_picture,builtin_no_picture,,,1,,/mnt/zsn/data/particulate/datasets/PV-A/renders/builtin99_representatives/chest_freezer_with_hinged_lid__seed_0000.png
G0059,clock_tower_with_rotating_hour_and_minute_hands,builtin_no_picture,builtin_no_picture,,,1,,/mnt/zsn/data/particulate/datasets/PV-A/renders/builtin99_representatives/clock_tower_with_rotating_hour_and_minute_hands__seed_0000.png
G0060,clothing_rack,picture_backed,Retail_Shop Fixtures,Clothing rack,/mnt/zsn/lyb/arti-skill/articraft_data/picture/Retail_Shop Fixtures/Clothing rack,2,,/mnt/zsn/lyb/arti-skill/articraft_data/picture/Retail_Shop Fixtures/Clothing rack/001.png
G0061,coaxial_rotary_stack,builtin_no_picture,builtin_no_picture,,,1,,/mnt/zsn/data/particulate/datasets/PV-A/renders/builtin99_representatives/coaxial_rotary_stack__seed_0000.png
G0062,Container_Barrel,picture_backed,Container,Barrel,/mnt/zsn/lyb/arti-skill/articraft_data/picture/Container/Barrel,2,,/mnt/zsn/lyb/arti-skill/articraft_data/picture/Container/Barrel/001.png
G0063,Container_Basket,picture_backed,Container,Basket,/mnt/zsn/lyb/arti-skill/articraft_data/picture/Container/Basket,5,,/mnt/zsn/lyb/arti-skill/articraft_data/picture/Container/Basket/001.png
G0064,Container_Bottle,picture_backed,Container,Bottle,/mnt/zsn/lyb/arti-skill/articraft_data/picture/Container/Bottle,2,,/mnt/zsn/lyb/arti-skill/articraft_data/picture/Container/Bottle/001.png
G0065,Container_Bottle_serum,picture_backed,Container,Bottle serum,/mnt/zsn/lyb/arti-skill/articraft_data/picture/Container/Bottle serum,1,,/mnt/zsn/lyb/arti-skill/articraft_data/picture/Container/Bottle serum/001.png
G0066,Container_Box,picture_backed,Container,Box,/mnt/zsn/lyb/arti-skill/articraft_data/picture/Container/Box,4,,/mnt/zsn/lyb/arti-skill/articraft_data/picture/Container/Box/001.png
G0067,Container_Can,picture_backed,Container,Can,/mnt/zsn/lyb/arti-skill/articraft_data/picture/Container/Can,6,,/mnt/zsn/lyb/arti-skill/articraft_data/picture/Container/Can/001.png
G0068,Container_Cosmetic,picture_backed,Container,Cosmetic,/mnt/zsn/lyb/arti-skill/articraft_data/picture/Container/Cosmetic,1,,/mnt/zsn/lyb/arti-skill/articraft_data/picture/Container/Cosmetic/001.png
G0069,Container_Cup,picture_backed,Container,Cup,/mnt/zsn/lyb/arti-skill/articraft_data/picture/Container/Cup,1,,/mnt/zsn/lyb/arti-skill/articraft_data/picture/Container/Cup/001.png
G0070,Container_Dispenser,picture_backed,Container,Dispenser,/mnt/zsn/lyb/arti-skill/articraft_data/picture/Container/Dispenser,1,,/mnt/zsn/lyb/arti-skill/articraft_data/picture/Container/Dispenser/001.png
G0071,Container_Gas_cylinder,picture_backed,Container,Gas cylinder,/mnt/zsn/lyb/arti-skill/articraft_data/picture/Container/Gas cylinder,1,,/mnt/zsn/lyb/arti-skill/articraft_data/picture/Container/Gas cylinder/001.png
G0072,Container_Glass_bottle,picture_backed,Container,Glass bottle,/mnt/zsn/lyb/arti-skill/articraft_data/picture/Container/Glass bottle,1,,/mnt/zsn/lyb/arti-skill/articraft_data/picture/Container/Glass bottle/001.png
G0073,Container_Jar,picture_backed,Container,Jar,/mnt/zsn/lyb/arti-skill/articraft_data/picture/Container/Jar,3,,/mnt/zsn/lyb/arti-skill/articraft_data/picture/Container/Jar/001.png
G0074,Container_Kettle,picture_backed,Container,Kettle,/mnt/zsn/lyb/arti-skill/articraft_data/picture/Container/Kettle,2,,/mnt/zsn/lyb/arti-skill/articraft_data/picture/Container/Kettle/001.png
G0075,Container_laundry_detergent_bottle,picture_backed,Container,laundry detergent bottle,/mnt/zsn/lyb/arti-skill/articraft_data/picture/Container/laundry detergent bottle,1,,/mnt/zsn/lyb/arti-skill/articraft_data/picture/Container/laundry detergent bottle/001.png
G0076,Container_Lipstick,picture_backed,Container,Lipstick,/mnt/zsn/lyb/arti-skill/articraft_data/picture/Container/Lipstick,2,,/mnt/zsn/lyb/arti-skill/articraft_data/picture/Container/Lipstick/001.png
G0077,Container_Locker,picture_backed,Container,Locker,/mnt/zsn/lyb/arti-skill/articraft_data/picture/Container/Locker,1,,/mnt/zsn/lyb/arti-skill/articraft_data/picture/Container/Locker/001.png
G0078,Container_Paint_spray,picture_backed,Container,Paint spray,/mnt/zsn/lyb/arti-skill/articraft_data/picture/Container/Paint spray,1,,/mnt/zsn/lyb/arti-skill/articraft_data/picture/Container/Paint spray/001.png
G0079,Container_Plastic_can,picture_backed,Container,Plastic can,/mnt/zsn/lyb/arti-skill/articraft_data/picture/Container/Plastic can,4,,/mnt/zsn/lyb/arti-skill/articraft_data/picture/Container/Plastic can/001.png
G0080,Container_Primer_bottle,picture_backed,Container,Primer bottle,/mnt/zsn/lyb/arti-skill/articraft_data/picture/Container/Primer bottle,1,,/mnt/zsn/lyb/arti-skill/articraft_data/picture/Container/Primer bottle/001.png
G0081,Container_Pump,picture_backed,Container,Pump,/mnt/zsn/lyb/arti-skill/articraft_data/picture/Container/Pump,1,,/mnt/zsn/lyb/arti-skill/articraft_data/picture/Container/Pump/001.png
G0082,Container_Shipping_container,picture_backed,Container,Shipping container,/mnt/zsn/lyb/arti-skill/articraft_data/picture/Container/Shipping container,1,,/mnt/zsn/lyb/arti-skill/articraft_data/picture/Container/Shipping container/001.png
G0083,Container_Tube,picture_backed,Container,Tube,/mnt/zsn/lyb/arti-skill/articraft_data/picture/Container/Tube,2,,/mnt/zsn/lyb/arti-skill/articraft_data/picture/Container/Tube/001.png
G0084,crane_tower,builtin_no_picture,builtin_no_picture,,,1,,/mnt/zsn/data/particulate/datasets/PV-A/renders/builtin99_representatives/crane_tower__seed_0000.png
G0085,Curtain_blind,picture_backed,Curtain,blind,/mnt/zsn/lyb/arti-skill/articraft_data/picture/Curtain/blind,2,,/mnt/zsn/lyb/arti-skill/articraft_data/picture/Curtain/blind/001.png
G0086,defibrillator_case,picture_backed,Emergency Equipment,Defibrillator case,/mnt/zsn/lyb/arti-skill/articraft_data/picture/Emergency Equipment/Defibrillator case,2,,/mnt/zsn/lyb/arti-skill/articraft_data/picture/Emergency Equipment/Defibrillator case/001.png
G0087,desk_with_drawer,builtin_no_picture,builtin_no_picture,,,1,,/mnt/zsn/data/particulate/datasets/PV-A/renders/builtin99_representatives/desk_with_drawer__seed_0000.png
G0088,desk_with_drawer_card_catalog,builtin_no_picture,builtin_no_picture,,,1,,/mnt/zsn/data/particulate/datasets/PV-A/renders/builtin99_representatives/desk_with_drawer_card_catalog__seed_0000.png
G0089,desktop_monitor_with_tilt_swivel_stand,builtin_no_picture,builtin_no_picture,,,1,,/mnt/zsn/data/particulate/datasets/PV-A/renders/builtin99_representatives/desktop_monitor_with_tilt_swivel_stand__seed_0000.png
G0090,desktop_pc_tower,builtin_no_picture,builtin_no_picture,,,1,,/mnt/zsn/data/particulate/datasets/PV-A/renders/builtin99_representatives/desktop_pc_tower__seed_0000.png
G0091,differential_drive_wheel,picture_backed,Robotics,Differential drive wheel,/mnt/zsn/lyb/arti-skill/articraft_data/picture/Robotics/Differential drive wheel,2,,/mnt/zsn/lyb/arti-skill/articraft_data/picture/Robotics/Differential drive wheel/001.png
G0092,dishwasher_with_dropdown_door_and_sliding_racks,builtin_no_picture,builtin_no_picture,,,1,,/mnt/zsn/data/particulate/datasets/PV-A/renders/builtin99_representatives/dishwasher_with_dropdown_door_and_sliding_racks__seed_0000.png
G0093,display_freezer_with_sliding_glass_lids,builtin_no_picture,builtin_no_picture,,,1,,/mnt/zsn/data/particulate/datasets/PV-A/renders/builtin99_representatives/display_freezer_with_sliding_glass_lids__seed_0000.png
G0094,dj_equipment,builtin_no_picture,builtin_no_picture,,,1,,/mnt/zsn/data/particulate/datasets/PV-A/renders/builtin99_representatives/dj_equipment__seed_0000.png
G0095,Door_Door,picture_backed,Door,Door,/mnt/zsn/lyb/arti-skill/articraft_data/picture/Door/Door,6,,/mnt/zsn/lyb/arti-skill/articraft_data/picture/Door/Door/001.png
G0096,Door_Double_Door,picture_backed,Door,Double Door,/mnt/zsn/lyb/arti-skill/articraft_data/picture/Door/Double Door,6,,/mnt/zsn/lyb/arti-skill/articraft_data/picture/Door/Double Door/001.png
G0097,Door_folding_door,picture_backed,Door,folding door,/mnt/zsn/lyb/arti-skill/articraft_data/picture/Door/folding door,3,,/mnt/zsn/lyb/arti-skill/articraft_data/picture/Door/folding door/001.png
G0098,Door_Folding_gate,picture_backed,Door,Folding gate,/mnt/zsn/lyb/arti-skill/articraft_data/picture/Door/Folding gate,1,,/mnt/zsn/lyb/arti-skill/articraft_data/picture/Door/Folding gate/001.png
G0099,Door_Garage_shutter,picture_backed,Door,Garage shutter,/mnt/zsn/lyb/arti-skill/articraft_data/picture/Door/Garage shutter,1,,/mnt/zsn/lyb/arti-skill/articraft_data/picture/Door/Garage shutter/001.png
G0100,Door_Gate,picture_backed,Door,Gate,/mnt/zsn/lyb/arti-skill/articraft_data/picture/Door/Gate,1,,/mnt/zsn/lyb/arti-skill/articraft_data/picture/Door/Gate/001.png
G0101,Door_Other,picture_backed,Door,Other,/mnt/zsn/lyb/arti-skill/articraft_data/picture/Door/Other,2,,/mnt/zsn/lyb/arti-skill/articraft_data/picture/Door/Other/001.png
G0102,Door_Scifi_Gate,picture_backed,Door,Scifi Gate,/mnt/zsn/lyb/arti-skill/articraft_data/picture/Door/Scifi Gate,2,,/mnt/zsn/lyb/arti-skill/articraft_data/picture/Door/Scifi Gate/001.png
G0103,Door_Sliding_Door,picture_backed,Door,Sliding Door,/mnt/zsn/lyb/arti-skill/articraft_data/picture/Door/Sliding Door,5,,/mnt/zsn/lyb/arti-skill/articraft_data/picture/Door/Sliding Door/001.png
G0104,Door_Trap_door,picture_backed,Door,Trap door,/mnt/zsn/lyb/arti-skill/articraft_data/picture/Door/Trap door,1,,/mnt/zsn/lyb/arti-skill/articraft_data/picture/Door/Trap door/001.png
G0105,Door_wooden_plank_door_with_a_ring_pull,picture_backed,Door,wooden plank door with a ring pull,/mnt/zsn/lyb/arti-skill/articraft_data/picture/Door/wooden plank door with a ring pull,2,,/mnt/zsn/lyb/arti-skill/articraft_data/picture/Door/wooden plank door with a ring pull/001.png
G0106,drafting_table,picture_backed,Workspace,Drafting table,/mnt/zsn/lyb/arti-skill/articraft_data/picture/Workspace/Drafting table,3,,/mnt/zsn/lyb/arti-skill/articraft_data/picture/Workspace/Drafting table/001.png
G0107,drawer_cabinet_with_sliding_drawers,builtin_no_picture,builtin_no_picture,,,1,,/mnt/zsn/data/particulate/datasets/PV-A/renders/builtin99_representatives/drawer_cabinet_with_sliding_drawers__seed_0000.png
G0108,drone,builtin_no_picture,builtin_no_picture,,,1,,/mnt/zsn/data/particulate/datasets/PV-A/renders/builtin99_representatives/drone__seed_0000.png
G0109,dual_independent_finger_chains,builtin_no_picture,builtin_no_picture,,,1,,/mnt/zsn/data/particulate/datasets/PV-A/renders/builtin99_representatives/dual_independent_finger_chains__seed_0000.png
G0110,Electrical_Wiring_Cable_reel,picture_backed,Electrical_Wiring,Cable reel,/mnt/zsn/lyb/arti-skill/articraft_data/picture/Electrical_Wiring/Cable reel,2,,/mnt/zsn/lyb/arti-skill/articraft_data/picture/Electrical_Wiring/Cable reel/001.png
G0111,Electrical_Wiring_Circuit_breaker,picture_backed,Electrical_Wiring,Circuit breaker,/mnt/zsn/lyb/arti-skill/articraft_data/picture/Electrical_Wiring/Circuit breaker,2,,/mnt/zsn/lyb/arti-skill/articraft_data/picture/Electrical_Wiring/Circuit breaker/001.png
G0112,Electrical_Wiring_Conduit_bender,picture_backed,Electrical_Wiring,Conduit bender,/mnt/zsn/lyb/arti-skill/articraft_data/picture/Electrical_Wiring/Conduit bender,2,,/mnt/zsn/lyb/arti-skill/articraft_data/picture/Electrical_Wiring/Conduit bender/001.png
G0113,Electrical_Wiring_Distribution_board_panel,picture_backed,Electrical_Wiring,Distribution board panel,/mnt/zsn/lyb/arti-skill/articraft_data/picture/Electrical_Wiring/Distribution board panel,2,,/mnt/zsn/lyb/arti-skill/articraft_data/picture/Electrical_Wiring/Distribution board panel/001.png
G0114,Electrical_Wiring_Junction_box,picture_backed,Electrical_Wiring,Junction box,/mnt/zsn/lyb/arti-skill/articraft_data/picture/Electrical_Wiring/Junction box,3,,/mnt/zsn/lyb/arti-skill/articraft_data/picture/Electrical_Wiring/Junction box/001.png
G0115,Electrical_Wiring_Surge_protector_switch,picture_backed,Electrical_Wiring,Surge protector switch,/mnt/zsn/lyb/arti-skill/articraft_data/picture/Electrical_Wiring/Surge protector switch,2,,/mnt/zsn/lyb/arti-skill/articraft_data/picture/Electrical_Wiring/Surge protector switch/001.png
G0116,Electrical_Wiring_Wire_stripper,picture_backed,Electrical_Wiring,Wire stripper,/mnt/zsn/lyb/arti-skill/articraft_data/picture/Electrical_Wiring/Wire stripper,2,,/mnt/zsn/lyb/arti-skill/articraft_data/picture/Electrical_Wiring/Wire stripper/001.png
G0117,elevator_shaft,builtin_no_picture,builtin_no_picture,,,1,,/mnt/zsn/data/particulate/datasets/PV-A/renders/builtin99_representatives/elevator_shaft__seed_0000.png
G0118,emergency_exit_door,picture_backed,Emergency Equipment,Emergency exit door,/mnt/zsn/lyb/arti-skill/articraft_data/picture/Emergency Equipment/Emergency exit door,2,,/mnt/zsn/lyb/arti-skill/articraft_data/picture/Emergency Equipment/Emergency exit door/001.png
G0119,Equipment_Control_panel,picture_backed,Equipment,Control panel,/mnt/zsn/lyb/arti-skill/articraft_data/picture/Equipment/Control panel,3,,/mnt/zsn/lyb/arti-skill/articraft_data/picture/Equipment/Control panel/001.png
G0120,Equipment_Game_console,picture_backed,Equipment,Game console,/mnt/zsn/lyb/arti-skill/articraft_data/picture/Equipment/Game console,1,,/mnt/zsn/lyb/arti-skill/articraft_data/picture/Equipment/Game console/001.png
G0121,Equipment_LED_work_light,picture_backed,Equipment,LED work light,/mnt/zsn/lyb/arti-skill/articraft_data/picture/Equipment/LED work light,1,,/mnt/zsn/lyb/arti-skill/articraft_data/picture/Equipment/LED work light/001.png
G0122,Equipment_Lock,picture_backed,Equipment,Lock,/mnt/zsn/lyb/arti-skill/articraft_data/picture/Equipment/Lock,2,,/mnt/zsn/lyb/arti-skill/articraft_data/picture/Equipment/Lock/001.png
G0123,Equipment_Pipeline,picture_backed,Equipment,Pipeline,/mnt/zsn/lyb/arti-skill/articraft_data/picture/Equipment/Pipeline,3,,/mnt/zsn/lyb/arti-skill/articraft_data/picture/Equipment/Pipeline/001.png
G0124,Equipment_Power_switch,picture_backed,Equipment,Power switch,/mnt/zsn/lyb/arti-skill/articraft_data/picture/Equipment/Power switch,2,,/mnt/zsn/lyb/arti-skill/articraft_data/picture/Equipment/Power switch/001.png
G0125,Equipment_Pump2,picture_backed,Equipment,Pump2,/mnt/zsn/lyb/arti-skill/articraft_data/picture/Equipment/Pump2,1,,/mnt/zsn/lyb/arti-skill/articraft_data/picture/Equipment/Pump2/001.png
G0126,fabric_scissors,picture_backed,Textiles_Fabric,Fabric scissors,/mnt/zsn/lyb/arti-skill/articraft_data/picture/Textiles_Fabric/Fabric scissors,2,,/mnt/zsn/lyb/arti-skill/articraft_data/picture/Textiles_Fabric/Fabric scissors/001.png
G0127,Facade_Element_Air_conditioner_outdoor_unit,picture_backed,Facade Element,Air conditioner outdoor unit,/mnt/zsn/lyb/arti-skill/articraft_data/picture/Facade Element/Air conditioner outdoor unit,3,,/mnt/zsn/lyb/arti-skill/articraft_data/picture/Facade Element/Air conditioner outdoor unit/001.png
G0128,Facade_Element_Gutter_downchain,picture_backed,Facade Element,Gutter downchain,/mnt/zsn/lyb/arti-skill/articraft_data/picture/Facade Element/Gutter downchain,2,,/mnt/zsn/lyb/arti-skill/articraft_data/picture/Facade Element/Gutter downchain/001.png
G0129,Facade_Element_Lamp1,picture_backed,Facade Element,Lamp1,/mnt/zsn/lyb/arti-skill/articraft_data/picture/Facade Element/Lamp1,2,,/mnt/zsn/lyb/arti-skill/articraft_data/picture/Facade Element/Lamp1/001.png
G0130,Fence_Cascade_fences_MORE_THAN_1,picture_backed,Fence,Cascade fences (MORE THAN 1),/mnt/zsn/lyb/arti-skill/articraft_data/picture/Fence/Cascade fences (MORE THAN 1),2,,/mnt/zsn/lyb/arti-skill/articraft_data/picture/Fence/Cascade fences (MORE THAN 1)/001.png
G0131,ferris_wheel,builtin_no_picture,builtin_no_picture,,,1,,/mnt/zsn/data/particulate/datasets/PV-A/renders/builtin99_representatives/ferris_wheel__seed_0000.png
G0132,fingerlike_phalanx_chain,builtin_no_picture,builtin_no_picture,,,1,,/mnt/zsn/data/particulate/datasets/PV-A/renders/builtin99_representatives/fingerlike_phalanx_chain__seed_0000.png
G0133,fire_escape_ladder,picture_backed,Emergency Equipment,Fire escape ladder,/mnt/zsn/lyb/arti-skill/articraft_data/picture/Emergency Equipment/Fire escape ladder,2,,/mnt/zsn/lyb/arti-skill/articraft_data/picture/Emergency Equipment/Fire escape ladder/001.png
G0134,folding_arm_chain,builtin_no_picture,builtin_no_picture,,,1,,/mnt/zsn/data/particulate/datasets/PV-A/renders/builtin99_representatives/folding_arm_chain__seed_0000.png
G0135,folding_camp_table,picture_backed,Camping_Outdoor Gear,Folding camp table,/mnt/zsn/lyb/arti-skill/articraft_data/picture/Camping_Outdoor Gear/Folding camp table,2,,/mnt/zsn/lyb/arti-skill/articraft_data/picture/Camping_Outdoor Gear/Folding camp table/001.png
G0136,Fountain_Drick_fountain,picture_backed,Fountain,Drick fountain,/mnt/zsn/lyb/arti-skill/articraft_data/picture/Fountain/Drick fountain,1,,/mnt/zsn/lyb/arti-skill/articraft_data/picture/Fountain/Drick fountain/001.png
G0137,gear_assemblies,builtin_no_picture,builtin_no_picture,,,1,,/mnt/zsn/data/particulate/datasets/PV-A/renders/builtin99_representatives/gear_assemblies__seed_0000.png
G0138,globe,builtin_no_picture,builtin_no_picture,,,1,,/mnt/zsn/data/particulate/datasets/PV-A/renders/builtin99_representatives/globe__seed_0000.png
G0139,graphics_card_with_cooling_fans,builtin_no_picture,builtin_no_picture,,,1,,/mnt/zsn/data/particulate/datasets/PV-A/renders/builtin99_representatives/graphics_card_with_cooling_fans__seed_0000.png
G0140,greenhouse_vent_roof,picture_backed,Agricultural,Greenhouse vent roof,/mnt/zsn/lyb/arti-skill/articraft_data/picture/Agricultural/Greenhouse vent roof,1,,/mnt/zsn/lyb/arti-skill/articraft_data/picture/Agricultural/Greenhouse vent roof/001.png
G0141,hamster_wheel,picture_backed,Pet_Animal related,Hamster wheel,/mnt/zsn/lyb/arti-skill/articraft_data/picture/Pet_Animal related/Hamster wheel,2,,/mnt/zsn/lyb/arti-skill/articraft_data/picture/Pet_Animal related/Hamster wheel/001.png
G0142,hand_cultivator,picture_backed,Agricultural,Hand cultivator,/mnt/zsn/lyb/arti-skill/articraft_data/picture/Agricultural/Hand cultivator,1,,/mnt/zsn/lyb/arti-skill/articraft_data/picture/Agricultural/Hand cultivator/001.png
G0143,hand_operated_pasta_maker_with_rollers_and_crank,picture_backed,0611,hand_operated_pasta_maker_with_rollers_and_crank,/mnt/zsn/lyb/arti-skill/articraft_data/picture/0611/hand_operated_pasta_maker_with_rollers_and_crank,1,,/mnt/zsn/lyb/arti-skill/articraft_data/picture/0611/hand_operated_pasta_maker_with_rollers_and_crank/001.png
G0144,Handtools_caulking_gun,picture_backed,Handtools,caulking gun,/mnt/zsn/lyb/arti-skill/articraft_data/picture/Handtools/caulking gun,3,,/mnt/zsn/lyb/arti-skill/articraft_data/picture/Handtools/caulking gun/001.png
G0145,Handtools_Clamp,picture_backed,Handtools,Clamp,/mnt/zsn/lyb/arti-skill/articraft_data/picture/Handtools/Clamp,2,,/mnt/zsn/lyb/arti-skill/articraft_data/picture/Handtools/Clamp/001.png
G0146,Handtools_clothes_peg,picture_backed,Handtools,clothes peg,/mnt/zsn/lyb/arti-skill/articraft_data/picture/Handtools/clothes peg,1,,/mnt/zsn/lyb/arti-skill/articraft_data/picture/Handtools/clothes peg/001.png
G0147,Handtools_dial_caliper,picture_backed,Handtools,dial caliper,/mnt/zsn/lyb/arti-skill/articraft_data/picture/Handtools/dial caliper,1,,/mnt/zsn/lyb/arti-skill/articraft_data/picture/Handtools/dial caliper/001.png
G0148,Handtools_Hand_plane,picture_backed,Handtools,Hand plane,/mnt/zsn/lyb/arti-skill/articraft_data/picture/Handtools/Hand plane,1,,/mnt/zsn/lyb/arti-skill/articraft_data/picture/Handtools/Hand plane/001.png
G0149,Handtools_Knife,picture_backed,Handtools,Knife,/mnt/zsn/lyb/arti-skill/articraft_data/picture/Handtools/Knife,1,,/mnt/zsn/lyb/arti-skill/articraft_data/picture/Handtools/Knife/001.png
G0150,Handtools_Paint_roller,picture_backed,Handtools,Paint roller,/mnt/zsn/lyb/arti-skill/articraft_data/picture/Handtools/Paint roller,1,,/mnt/zsn/lyb/arti-skill/articraft_data/picture/Handtools/Paint roller/001.png
G0151,Handtools_Pen,picture_backed,Handtools,Pen,/mnt/zsn/lyb/arti-skill/articraft_data/picture/Handtools/Pen,1,,/mnt/zsn/lyb/arti-skill/articraft_data/picture/Handtools/Pen/001.png
G0152,Handtools_Stapler,picture_backed,Handtools,Stapler,/mnt/zsn/lyb/arti-skill/articraft_data/picture/Handtools/Stapler,1,,/mnt/zsn/lyb/arti-skill/articraft_data/picture/Handtools/Stapler/001.png
G0153,Handtools_Tool_cart,picture_backed,Handtools,Tool cart,/mnt/zsn/lyb/arti-skill/articraft_data/picture/Handtools/Tool cart,1,,/mnt/zsn/lyb/arti-skill/articraft_data/picture/Handtools/Tool cart/001.png
G0154,Handtools_wooden_tongs,picture_backed,Handtools,wooden tongs,/mnt/zsn/lyb/arti-skill/articraft_data/picture/Handtools/wooden tongs,1,,/mnt/zsn/lyb/arti-skill/articraft_data/picture/Handtools/wooden tongs/001.png
G0155,Handtools_Wrench,picture_backed,Handtools,Wrench,/mnt/zsn/lyb/arti-skill/articraft_data/picture/Handtools/Wrench,2,,/mnt/zsn/lyb/arti-skill/articraft_data/picture/Handtools/Wrench/001.png
G0156,harmonic_drive,picture_backed,Robotics,Harmonic drive,/mnt/zsn/lyb/arti-skill/articraft_data/picture/Robotics/Harmonic drive,2,,/mnt/zsn/lyb/arti-skill/articraft_data/picture/Robotics/Harmonic drive/001.png
G0157,harvester,picture_backed,Agricultural,Harvester vehicle (arm),/mnt/zsn/lyb/arti-skill/articraft_data/picture/Agricultural/Harvester vehicle (arm),3,,/mnt/zsn/lyb/arti-skill/articraft_data/picture/Agricultural/Harvester vehicle (arm)/001.png
G0158,Headwear_Racing_helmet,picture_backed,Headwear,Racing helmet,/mnt/zsn/lyb/arti-skill/articraft_data/picture/Headwear/Racing helmet,1,,/mnt/zsn/lyb/arti-skill/articraft_data/picture/Headwear/Racing helmet/001.png
G0159,Healthcare_Adjustable_hospital_bed,picture_backed,Healthcare,Adjustable hospital bed,/mnt/zsn/lyb/arti-skill/articraft_data/picture/Healthcare/Adjustable hospital bed,2,,/mnt/zsn/lyb/arti-skill/articraft_data/picture/Healthcare/Adjustable hospital bed/001.png
G0160,Healthcare_Crutches,picture_backed,Healthcare,Crutches,/mnt/zsn/lyb/arti-skill/articraft_data/picture/Healthcare/Crutches,5,,/mnt/zsn/lyb/arti-skill/articraft_data/picture/Healthcare/Crutches/001.png
G0161,Healthcare_First_aid_box,picture_backed,Healthcare,First aid box,/mnt/zsn/lyb/arti-skill/articraft_data/picture/Healthcare/First aid box,2,,/mnt/zsn/lyb/arti-skill/articraft_data/picture/Healthcare/First aid box/001.png
G0162,Healthcare_Pill_bottle_box,picture_backed,Healthcare,Pill bottle_box,/mnt/zsn/lyb/arti-skill/articraft_data/picture/Healthcare/Pill bottle_box,2,,/mnt/zsn/lyb/arti-skill/articraft_data/picture/Healthcare/Pill bottle_box/001.png
G0163,Healthcare_Prosthetic_limb,picture_backed,Healthcare,Prosthetic limb,/mnt/zsn/lyb/arti-skill/articraft_data/picture/Healthcare/Prosthetic limb,2,,/mnt/zsn/lyb/arti-skill/articraft_data/picture/Healthcare/Prosthetic limb/001.png
G0164,Healthcare_Wheelchair,picture_backed,Healthcare,Wheelchair,/mnt/zsn/lyb/arti-skill/articraft_data/picture/Healthcare/Wheelchair,1,,/mnt/zsn/lyb/arti-skill/articraft_data/picture/Healthcare/Wheelchair/001.png
G0165,hole_punch,picture_backed,Workspace,Hole punch,/mnt/zsn/lyb/arti-skill/articraft_data/picture/Workspace/Hole punch,2,,/mnt/zsn/lyb/arti-skill/articraft_data/picture/Workspace/Hole punch/001.png
G0166,Household_Laundry_Clothes_drying_rack_Laundry_drying_rack,picture_backed,Household_Laundry,Clothes drying rack_Laundry drying rack,/mnt/zsn/lyb/arti-skill/articraft_data/picture/Household_Laundry/Clothes drying rack_Laundry drying rack,2,,/mnt/zsn/lyb/arti-skill/articraft_data/picture/Household_Laundry/Clothes drying rack_Laundry drying rack/001.png
G0167,immersion_blender,builtin_no_picture,builtin_no_picture,,,1,,/mnt/zsn/data/particulate/datasets/PV-A/renders/builtin99_representatives/immersion_blender__seed_0000.png
G0168,Industrial_Blast_door,picture_backed,Industrial,Blast door,/mnt/zsn/lyb/arti-skill/articraft_data/picture/Industrial/Blast door,3,,/mnt/zsn/lyb/arti-skill/articraft_data/picture/Industrial/Blast door/001.png
G0169,Industrial_Drill_press_table,picture_backed,Industrial,Drill press table,/mnt/zsn/lyb/arti-skill/articraft_data/picture/Industrial/Drill press table,2,,/mnt/zsn/lyb/arti-skill/articraft_data/picture/Industrial/Drill press table/001.png
G0170,Industrial_Electric_Saw,picture_backed,Industrial,Electric Saw,/mnt/zsn/lyb/arti-skill/articraft_data/picture/Industrial/Electric Saw,3,,/mnt/zsn/lyb/arti-skill/articraft_data/picture/Industrial/Electric Saw/001.png
G0171,Industrial_Hydraulic_press,picture_backed,Industrial,Hydraulic press,/mnt/zsn/lyb/arti-skill/articraft_data/picture/Industrial/Hydraulic press,2,,/mnt/zsn/lyb/arti-skill/articraft_data/picture/Industrial/Hydraulic press/001.png
G0172,Industrial_Industrial_vice,picture_backed,Industrial,Industrial vice,/mnt/zsn/lyb/arti-skill/articraft_data/picture/Industrial/Industrial vice,2,,/mnt/zsn/lyb/arti-skill/articraft_data/picture/Industrial/Industrial vice/001.png
G0173,Industrial_Mine_cart,picture_backed,Industrial,Mine cart,/mnt/zsn/lyb/arti-skill/articraft_data/picture/Industrial/Mine cart,2,,/mnt/zsn/lyb/arti-skill/articraft_data/picture/Industrial/Mine cart/001.png
G0174,Industrial_Ore_crusher_jaw,picture_backed,Industrial,Ore crusher jaw,/mnt/zsn/lyb/arti-skill/articraft_data/picture/Industrial/Ore crusher jaw,2,,/mnt/zsn/lyb/arti-skill/articraft_data/picture/Industrial/Ore crusher jaw/001.png
G0175,Industrial_Safety_cage,picture_backed,Industrial,Safety cage,/mnt/zsn/lyb/arti-skill/articraft_data/picture/Industrial/Safety cage,3,,/mnt/zsn/lyb/arti-skill/articraft_data/picture/Industrial/Safety cage/001.png
G0176,ironing_board,picture_backed,Textiles_Fabric,Ironing board,/mnt/zsn/lyb/arti-skill/articraft_data/picture/Textiles_Fabric/Ironing board,2,,/mnt/zsn/lyb/arti-skill/articraft_data/picture/Textiles_Fabric/Ironing board/001.png
G0177,jet_engine,builtin_no_picture,builtin_no_picture,,,1,,/mnt/zsn/data/particulate/datasets/PV-A/renders/builtin99_representatives/jet_engine__seed_0000.png
G0178,Kitchen_Air_fryer,picture_backed,Kitchen,Air fryer,/mnt/zsn/lyb/arti-skill/articraft_data/picture/Kitchen/Air fryer,1,,/mnt/zsn/lyb/arti-skill/articraft_data/picture/Kitchen/Air fryer/001.png
G0179,Kitchen_Coffee_machine,picture_backed,Kitchen,Coffee machine,/mnt/zsn/lyb/arti-skill/articraft_data/picture/Kitchen/Coffee machine,1,,/mnt/zsn/lyb/arti-skill/articraft_data/picture/Kitchen/Coffee machine/001.png
G0180,Kitchen_Corkscrew,picture_backed,Kitchen,Corkscrew,/mnt/zsn/lyb/arti-skill/articraft_data/picture/Kitchen/Corkscrew,1,,/mnt/zsn/lyb/arti-skill/articraft_data/picture/Kitchen/Corkscrew/001.png
G0181,Kitchen_Dish_washer,picture_backed,Kitchen,Dish washer,/mnt/zsn/lyb/arti-skill/articraft_data/picture/Kitchen/Dish washer,1,,/mnt/zsn/lyb/arti-skill/articraft_data/picture/Kitchen/Dish washer/001.png
G0182,Kitchen_Hood,picture_backed,Kitchen,Hood,/mnt/zsn/lyb/arti-skill/articraft_data/picture/Kitchen/Hood,1,,/mnt/zsn/lyb/arti-skill/articraft_data/picture/Kitchen/Hood/001.png
G0183,Kitchen_Knife_set,picture_backed,Kitchen,Knife set,/mnt/zsn/lyb/arti-skill/articraft_data/picture/Kitchen/Knife set,1,,/mnt/zsn/lyb/arti-skill/articraft_data/picture/Kitchen/Knife set/001.png
G0184,Kitchen_Microwave,picture_backed,Kitchen,Microwave,/mnt/zsn/lyb/arti-skill/articraft_data/picture/Kitchen/Microwave,1,,/mnt/zsn/lyb/arti-skill/articraft_data/picture/Kitchen/Microwave/001.png
G0185,Kitchen_Toaster,picture_backed,Kitchen,Toaster,/mnt/zsn/lyb/arti-skill/articraft_data/picture/Kitchen/Toaster,1,,/mnt/zsn/lyb/arti-skill/articraft_data/picture/Kitchen/Toaster/001.png
G0186,laptop_stand,picture_backed,Workspace,Laptop stand,/mnt/zsn/lyb/arti-skill/articraft_data/picture/Workspace/Laptop stand,2,,/mnt/zsn/lyb/arti-skill/articraft_data/picture/Workspace/Laptop stand/001.png
G0187,lever_chain,builtin_no_picture,builtin_no_picture,,,1,,/mnt/zsn/data/particulate/datasets/PV-A/renders/builtin99_representatives/lever_chain__seed_0000.png
G0188,Light_Latern,picture_backed,Light,Latern,/mnt/zsn/lyb/arti-skill/articraft_data/picture/Light/Latern,1,,/mnt/zsn/lyb/arti-skill/articraft_data/picture/Light/Latern/001.png
G0189,linear_actuator,picture_backed,Robotics,Linear actuator,/mnt/zsn/lyb/arti-skill/articraft_data/picture/Robotics/Linear actuator,2,,/mnt/zsn/lyb/arti-skill/articraft_data/picture/Robotics/Linear actuator/001.png
G0190,loom_shuttle,picture_backed,Textiles_Fabric,Loom shuttle,/mnt/zsn/lyb/arti-skill/articraft_data/picture/Textiles_Fabric/Loom shuttle,2,,/mnt/zsn/lyb/arti-skill/articraft_data/picture/Textiles_Fabric/Loom shuttle/001.png
G0191,louvered_shutter_assembly,builtin_no_picture,builtin_no_picture,,,1,,/mnt/zsn/data/particulate/datasets/PV-A/renders/builtin99_representatives/louvered_shutter_assembly__seed_0000.png
G0192,Machinery_Watermill,picture_backed,Machinery,Watermill,/mnt/zsn/lyb/arti-skill/articraft_data/picture/Machinery/Watermill,1,,/mnt/zsn/lyb/arti-skill/articraft_data/picture/Machinery/Watermill/001.png
G0193,makeup,picture_backed,0611,Makeup,/mnt/zsn/lyb/arti-skill/articraft_data/picture/0611/Makeup,2,,/mnt/zsn/lyb/arti-skill/articraft_data/picture/0611/Makeup/001.png
G0194,makeup1,picture_backed,0611,Makeup1,/mnt/zsn/lyb/arti-skill/articraft_data/picture/0611/Makeup1,3,,/mnt/zsn/lyb/arti-skill/articraft_data/picture/0611/Makeup1/001.png
G0195,makeup2,picture_backed,0611,Makeup2,/mnt/zsn/lyb/arti-skill/articraft_data/picture/0611/Makeup2,2,,/mnt/zsn/lyb/arti-skill/articraft_data/picture/0611/Makeup2/001.png
G0196,makeup3,picture_backed,0611,Makeup3,/mnt/zsn/lyb/arti-skill/articraft_data/picture/0611/Makeup3,2,,/mnt/zsn/lyb/arti-skill/articraft_data/picture/0611/Makeup3/001.png
G0197,manual_coffee_grinder,picture_backed,0611,manual_coffee_grinder,/mnt/zsn/lyb/arti-skill/articraft_data/picture/0611/manual_coffee_grinder,3,,/mnt/zsn/lyb/arti-skill/articraft_data/picture/0611/manual_coffee_grinder/001.png
G0198,manual_grain_mill1,picture_backed,0611,manual_grain_mill1,/mnt/zsn/lyb/arti-skill/articraft_data/picture/0611/manual_grain_mill1,1,,/mnt/zsn/lyb/arti-skill/articraft_data/picture/0611/manual_grain_mill1/001.png
G0199,manual_grain_mill2,picture_backed,0611,manual_grain_mill2,/mnt/zsn/lyb/arti-skill/articraft_data/picture/0611/manual_grain_mill2,1,,/mnt/zsn/lyb/arti-skill/articraft_data/picture/0611/manual_grain_mill2/002.png
G0200,manual_hand_drill,picture_backed,0611,manual_hand_drill,/mnt/zsn/lyb/arti-skill/articraft_data/picture/0611/manual_hand_drill,1,,/mnt/zsn/lyb/arti-skill/articraft_data/picture/0611/manual_hand_drill/001.png
G0201,manual_pipe_bender,picture_backed,0611,manual_pipe_bender,/mnt/zsn/lyb/arti-skill/articraft_data/picture/0611/manual_pipe_bender,5,,/mnt/zsn/lyb/arti-skill/articraft_data/picture/0611/manual_pipe_bender/001.png
G0202,manual_water_dispenser_pump,picture_backed,0611,Manual_water_dispenser_pump,/mnt/zsn/lyb/arti-skill/articraft_data/picture/0611/Manual_water_dispenser_pump,2,,/mnt/zsn/lyb/arti-skill/articraft_data/picture/0611/Manual_water_dispenser_pump/001.png
G0203,meat_grinder,picture_backed,0611,meat_grinder,/mnt/zsn/lyb/arti-skill/articraft_data/picture/0611/meat_grinder,3,,/mnt/zsn/lyb/arti-skill/articraft_data/picture/0611/meat_grinder/001.png
G0204,Mechanical_calculator,picture_backed,0611,Mechanical_calculator,/mnt/zsn/lyb/arti-skill/articraft_data/picture/0611/Mechanical_calculator,3,,/mnt/zsn/lyb/arti-skill/articraft_data/picture/0611/Mechanical_calculator/001.png
G0205,mechanical_metronome_with_pendulum,picture_backed,0611,mechanical_metronome_with_pendulum,/mnt/zsn/lyb/arti-skill/articraft_data/picture/0611/mechanical_metronome_with_pendulum,1,,/mnt/zsn/lyb/arti-skill/articraft_data/picture/0611/mechanical_metronome_with_pendulum/001.png
G0206,mechanical_timer_with_rotating_dial,picture_backed,0611,mechanical_timer_with_rotating_dial,/mnt/zsn/lyb/arti-skill/articraft_data/picture/0611/mechanical_timer_with_rotating_dial,4,,/mnt/zsn/lyb/arti-skill/articraft_data/picture/0611/mechanical_timer_with_rotating_dial/001.png
G0207,metal_blender,picture_backed,0611,Metal_blender,/mnt/zsn/lyb/arti-skill/articraft_data/picture/0611/Metal_blender,1,,/mnt/zsn/lyb/arti-skill/articraft_data/picture/0611/Metal_blender/001.png
G0208,metronome,builtin_no_picture,builtin_no_picture,,,1,,/mnt/zsn/data/particulate/datasets/PV-A/renders/builtin99_representatives/metronome__seed_0000.png
G0209,microphone_boom_arm,picture_backed,0611,microphone_boom_arm,/mnt/zsn/lyb/arti-skill/articraft_data/picture/0611/microphone_boom_arm,4,,/mnt/zsn/lyb/arti-skill/articraft_data/picture/0611/microphone_boom_arm/001.png
G0210,Military_Aircraft,picture_backed,Military,Aircraft,/mnt/zsn/lyb/arti-skill/articraft_data/picture/Military/Aircraft,2,,/mnt/zsn/lyb/arti-skill/articraft_data/picture/Military/Aircraft/001.png
G0211,Military_Granade,picture_backed,Military,Granade,/mnt/zsn/lyb/arti-skill/articraft_data/picture/Military/Granade,2,,/mnt/zsn/lyb/arti-skill/articraft_data/picture/Military/Granade/001.png
G0212,Military_Gun,picture_backed,Military,Gun,/mnt/zsn/lyb/arti-skill/articraft_data/picture/Military/Gun,2,,/mnt/zsn/lyb/arti-skill/articraft_data/picture/Military/Gun/001.png
G0213,Military_helicopter,picture_backed,Military,helicopter,/mnt/zsn/lyb/arti-skill/articraft_data/picture/Military/helicopter,1,,/mnt/zsn/lyb/arti-skill/articraft_data/picture/Military/helicopter/001.png
G0214,Military_knife,picture_backed,Military,knife,/mnt/zsn/lyb/arti-skill/articraft_data/picture/Military/knife,1,,/mnt/zsn/lyb/arti-skill/articraft_data/picture/Military/knife/001.png
G0215,Military_Military_knife,picture_backed,Military,Military knife,/mnt/zsn/lyb/arti-skill/articraft_data/picture/Military/Military knife,1,,/mnt/zsn/lyb/arti-skill/articraft_data/picture/Military/Military knife/001.png
G0216,Military_Radio,picture_backed,Military,Radio,/mnt/zsn/lyb/arti-skill/articraft_data/picture/Military/Radio,1,,/mnt/zsn/lyb/arti-skill/articraft_data/picture/Military/Radio/001.png
G0217,Military_Rifle,picture_backed,Military,Rifle,/mnt/zsn/lyb/arti-skill/articraft_data/picture/Military/Rifle,1,,/mnt/zsn/lyb/arti-skill/articraft_data/picture/Military/Rifle/001.png
G0218,Military_sword,picture_backed,Military,sword,/mnt/zsn/lyb/arti-skill/articraft_data/picture/Military/sword,1,,/mnt/zsn/lyb/arti-skill/articraft_data/picture/Military/sword/001.png
G0219,Military_Tank,picture_backed,Military,Tank,/mnt/zsn/lyb/arti-skill/articraft_data/picture/Military/Tank,1,,/mnt/zsn/lyb/arti-skill/articraft_data/picture/Military/Tank/001.png
G0220,Military_Turret,picture_backed,Military,Turret,/mnt/zsn/lyb/arti-skill/articraft_data/picture/Military/Turret,1,,/mnt/zsn/lyb/arti-skill/articraft_data/picture/Military/Turret/001.png
G0221,missile_launcher,builtin_no_picture,builtin_no_picture,,,1,,/mnt/zsn/data/particulate/datasets/PV-A/renders/builtin99_representatives/missile_launcher__seed_0000.png
G0222,miter_saw_arm_assembly,builtin_no_picture,builtin_no_picture,,,1,,/mnt/zsn/data/particulate/datasets/PV-A/renders/builtin99_representatives/miter_saw_arm_assembly__seed_0000.png
G0223,monitor_mount,builtin_no_picture,builtin_no_picture,,,1,,/mnt/zsn/data/particulate/datasets/PV-A/renders/builtin99_representatives/monitor_mount__seed_0000.png
G0224,multisegment_foldout_arm,builtin_no_picture,builtin_no_picture,,,1,,/mnt/zsn/data/particulate/datasets/PV-A/renders/builtin99_representatives/multisegment_foldout_arm__seed_0000.png
G0225,Music_Amplifier,picture_backed,Music,Amplifier,/mnt/zsn/lyb/arti-skill/articraft_data/picture/Music/Amplifier,1,,/mnt/zsn/lyb/arti-skill/articraft_data/picture/Music/Amplifier/001.png
G0226,Music_CD_case,picture_backed,Music,CD case,/mnt/zsn/lyb/arti-skill/articraft_data/picture/Music/CD case,1,,/mnt/zsn/lyb/arti-skill/articraft_data/picture/Music/CD case/001.png
G0227,Music_Headphone,picture_backed,Music,Headphone,/mnt/zsn/lyb/arti-skill/articraft_data/picture/Music/Headphone,1,,/mnt/zsn/lyb/arti-skill/articraft_data/picture/Music/Headphone/001.png
G0228,Music_keyboard,picture_backed,Music,keyboard,/mnt/zsn/lyb/arti-skill/articraft_data/picture/Music/keyboard,2,,/mnt/zsn/lyb/arti-skill/articraft_data/picture/Music/keyboard/001.png
G0229,music_stand,picture_backed,0611,Music_stand,/mnt/zsn/lyb/arti-skill/articraft_data/picture/0611/Music_stand,3,,/mnt/zsn/lyb/arti-skill/articraft_data/picture/0611/Music_stand/001.png
G0230,music_stand1,picture_backed,0611,Music_stand1,/mnt/zsn/lyb/arti-skill/articraft_data/picture/0611/Music_stand1,3,,/mnt/zsn/lyb/arti-skill/articraft_data/picture/0611/Music_stand1/001.png
G0231,Music_Violin_case,picture_backed,Music,Violin case,/mnt/zsn/lyb/arti-skill/articraft_data/picture/Music/Violin case,1,,/mnt/zsn/lyb/arti-skill/articraft_data/picture/Music/Violin case/001.png
G0232,Music_Vocal_mic,picture_backed,Music,Vocal mic,/mnt/zsn/lyb/arti-skill/articraft_data/picture/Music/Vocal mic,2,,/mnt/zsn/lyb/arti-skill/articraft_data/picture/Music/Vocal mic/001.png
G0233,n_joint_revolute_chain,builtin_no_picture,builtin_no_picture,,,1,,/mnt/zsn/data/particulate/datasets/PV-A/renders/builtin99_representatives/n_joint_revolute_chain__seed_0000.png
G0234,needle_case,picture_backed,Textiles_Fabric,Needle case,/mnt/zsn/lyb/arti-skill/articraft_data/picture/Textiles_Fabric/Needle case,2,,/mnt/zsn/lyb/arti-skill/articraft_data/picture/Textiles_Fabric/Needle case/001.png
G0235,nutcracker,picture_backed,0611,nutcracker,/mnt/zsn/lyb/arti-skill/articraft_data/picture/0611/nutcracker,2,,/mnt/zsn/lyb/arti-skill/articraft_data/picture/0611/nutcracker/001.png
G0236,office_table_with_doors_or_drawers,picture_backed,0611,Office_table_with_doors_or_drawers,/mnt/zsn/lyb/arti-skill/articraft_data/picture/0611/Office_table_with_doors_or_drawers,3,,/mnt/zsn/lyb/arti-skill/articraft_data/picture/0611/Office_table_with_doors_or_drawers/001.png
G0237,Other_Air_conditioner,picture_backed,Other,Air conditioner,/mnt/zsn/lyb/arti-skill/articraft_data/picture/Other/Air conditioner,1,,/mnt/zsn/lyb/arti-skill/articraft_data/picture/Other/Air conditioner/001.png
G0238,Other_armchair,picture_backed,Other,armchair,/mnt/zsn/lyb/arti-skill/articraft_data/picture/Other/armchair,4,,/mnt/zsn/lyb/arti-skill/articraft_data/picture/Other/armchair/001.png
G0239,Other_Bedside,picture_backed,Other,Bedside,/mnt/zsn/lyb/arti-skill/articraft_data/picture/Other/Bedside,1,,/mnt/zsn/lyb/arti-skill/articraft_data/picture/Other/Bedside/001.png
G0240,Other_Built_in_oven,picture_backed,Other,Built-in oven,/mnt/zsn/lyb/arti-skill/articraft_data/picture/Other/Built-in oven,2,,/mnt/zsn/lyb/arti-skill/articraft_data/picture/Other/Built-in oven/001.png
G0241,Other_Cabinet,picture_backed,Other,Cabinet,/mnt/zsn/lyb/arti-skill/articraft_data/picture/Other/Cabinet,2,,/mnt/zsn/lyb/arti-skill/articraft_data/picture/Other/Cabinet/001.png
G0242,Other_cauldron,picture_backed,Other,cauldron,/mnt/zsn/lyb/arti-skill/articraft_data/picture/Other/cauldron,1,,/mnt/zsn/lyb/arti-skill/articraft_data/picture/Other/cauldron/001.png
G0243,Other_Coffin,picture_backed,Other,Coffin,/mnt/zsn/lyb/arti-skill/articraft_data/picture/Other/Coffin,1,,/mnt/zsn/lyb/arti-skill/articraft_data/picture/Other/Coffin/001.png
G0244,Other_Folding_screen,picture_backed,Other,Folding screen,/mnt/zsn/lyb/arti-skill/articraft_data/picture/Other/Folding screen,1,,/mnt/zsn/lyb/arti-skill/articraft_data/picture/Other/Folding screen/001.png
G0245,Other_high_arc_gooseneck_faucet,picture_backed,Other,high_arc_gooseneck_faucet,/mnt/zsn/lyb/arti-skill/articraft_data/picture/Other/high_arc_gooseneck_faucet,2,,/mnt/zsn/lyb/arti-skill/articraft_data/picture/Other/high_arc_gooseneck_faucet/002.png
G0246,Other_Lighter,picture_backed,Other,Lighter,/mnt/zsn/lyb/arti-skill/articraft_data/picture/Other/Lighter,1,,/mnt/zsn/lyb/arti-skill/articraft_data/picture/Other/Lighter/001.png
G0247,Other_Metal_drain,picture_backed,Other,Metal drain,/mnt/zsn/lyb/arti-skill/articraft_data/picture/Other/Metal drain,1,,/mnt/zsn/lyb/arti-skill/articraft_data/picture/Other/Metal drain/001.png
G0248,Other_pliers,picture_backed,Other,pliers,/mnt/zsn/lyb/arti-skill/articraft_data/picture/Other/pliers,2,,/mnt/zsn/lyb/arti-skill/articraft_data/picture/Other/pliers/001.png
G0249,Other_Scale,picture_backed,Other,Scale,/mnt/zsn/lyb/arti-skill/articraft_data/picture/Other/Scale,1,,/mnt/zsn/lyb/arti-skill/articraft_data/picture/Other/Scale/001.png
G0250,Other_single_hole_basin_faucet,picture_backed,Other,single_hole_basin_faucet,/mnt/zsn/lyb/arti-skill/articraft_data/picture/Other/single_hole_basin_faucet,3,,/mnt/zsn/lyb/arti-skill/articraft_data/picture/Other/single_hole_basin_faucet/004.png
G0251,Other_stove,picture_backed,Other,stove,/mnt/zsn/lyb/arti-skill/articraft_data/picture/Other/stove,2,,/mnt/zsn/lyb/arti-skill/articraft_data/picture/Other/stove/001.png
G0252,Other_Switch,picture_backed,Other,Switch,/mnt/zsn/lyb/arti-skill/articraft_data/picture/Other/Switch,1,,/mnt/zsn/lyb/arti-skill/articraft_data/picture/Other/Switch/001.png
G0253,Other_Tripod_Turnstile,picture_backed,Other,Tripod Turnstile,/mnt/zsn/lyb/arti-skill/articraft_data/picture/Other/Tripod Turnstile,2,,/mnt/zsn/lyb/arti-skill/articraft_data/picture/Other/Tripod Turnstile/001.png
G0254,Other_TV,picture_backed,Other,TV,/mnt/zsn/lyb/arti-skill/articraft_data/picture/Other/TV,1,,/mnt/zsn/lyb/arti-skill/articraft_data/picture/Other/TV/001.png
G0255,Other_Vent,picture_backed,Other,Vent,/mnt/zsn/lyb/arti-skill/articraft_data/picture/Other/Vent,4,,/mnt/zsn/lyb/arti-skill/articraft_data/picture/Other/Vent/001.png
G0256,Other_Water_dispenser,picture_backed,Other,Water dispenser,/mnt/zsn/lyb/arti-skill/articraft_data/picture/Other/Water dispenser,5,,/mnt/zsn/lyb/arti-skill/articraft_data/picture/Other/Water dispenser/001.png
G0257,Other_widespread_two_handle_faucet,picture_backed,Other,widespread_two_handle_faucet,/mnt/zsn/lyb/arti-skill/articraft_data/picture/Other/widespread_two_handle_faucet,3,,/mnt/zsn/lyb/arti-skill/articraft_data/picture/Other/widespread_two_handle_faucet/001.png
G0258,Others_Binocular,picture_backed,Others,Binocular,/mnt/zsn/lyb/arti-skill/articraft_data/picture/Others/Binocular,1,,/mnt/zsn/lyb/arti-skill/articraft_data/picture/Others/Binocular/001.png
G0259,Others_blacksmith_tongs,picture_backed,Others,blacksmith tongs,/mnt/zsn/lyb/arti-skill/articraft_data/picture/Others/blacksmith tongs,3,,/mnt/zsn/lyb/arti-skill/articraft_data/picture/Others/blacksmith tongs/001.png
G0260,Others_Matchbox,picture_backed,Others,Matchbox,/mnt/zsn/lyb/arti-skill/articraft_data/picture/Others/Matchbox,1,,/mnt/zsn/lyb/arti-skill/articraft_data/picture/Others/Matchbox/001.png
G0261,Others_Safe,picture_backed,Others,Safe,/mnt/zsn/lyb/arti-skill/articraft_data/picture/Others/Safe,1,,/mnt/zsn/lyb/arti-skill/articraft_data/picture/Others/Safe/001.png
G0262,overhead_projector_with_articulating_mirror,picture_backed,0611,overhead_projector_with_articulating_mirror,/mnt/zsn/lyb/arti-skill/articraft_data/picture/0611/overhead_projector_with_articulating_mirror,1,,/mnt/zsn/lyb/arti-skill/articraft_data/picture/0611/overhead_projector_with_articulating_mirror/001.png
G0263,overshot_waterwheel,builtin_no_picture,builtin_no_picture,,,1,,/mnt/zsn/data/particulate/datasets/PV-A/renders/builtin99_representatives/overshot_waterwheel__seed_0000.png
G0264,paper_cutter_guillotine,builtin_no_picture,builtin_no_picture,,,1,,/mnt/zsn/data/particulate/datasets/PV-A/renders/builtin99_representatives/paper_cutter_guillotine__seed_0000.png
G0265,paper_shredder,picture_backed,Workspace,Paper shredder,/mnt/zsn/lyb/arti-skill/articraft_data/picture/Workspace/Paper shredder,2,,/mnt/zsn/lyb/arti-skill/articraft_data/picture/Workspace/Paper shredder/001.png
G0266,parabolic_dish_on_azimuth_elevation_mount,builtin_no_picture,builtin_no_picture,,,1,,/mnt/zsn/data/particulate/datasets/PV-A/renders/builtin99_representatives/parabolic_dish_on_azimuth_elevation_mount__seed_0000.png
G0267,Parts_quick_release_clamp,picture_backed,Parts,quick release clamp,/mnt/zsn/lyb/arti-skill/articraft_data/picture/Parts/quick release clamp,1,,/mnt/zsn/lyb/arti-skill/articraft_data/picture/Parts/quick release clamp/001.png
G0268,pepper_mill_with_rotating_grinder_mechanism,picture_backed,0611,pepper_mill_with_rotating_grinder_mechanism,/mnt/zsn/lyb/arti-skill/articraft_data/picture/0611/pepper_mill_with_rotating_grinder_mechanism,1,,/mnt/zsn/lyb/arti-skill/articraft_data/picture/0611/pepper_mill_with_rotating_grinder_mechanism/001.png
G0269,pet_carrier,picture_backed,Pet_Animal related,Pet carrier,/mnt/zsn/lyb/arti-skill/articraft_data/picture/Pet_Animal related/Pet carrier,2,,/mnt/zsn/lyb/arti-skill/articraft_data/picture/Pet_Animal related/Pet carrier/001.png
G0270,pet_stroller,picture_backed,Pet_Animal related,Pet stroller,/mnt/zsn/lyb/arti-skill/articraft_data/picture/Pet_Animal related/Pet stroller,2,,/mnt/zsn/lyb/arti-skill/articraft_data/picture/Pet_Animal related/Pet stroller/001.png
G0271,piano_bench,picture_backed,0611,piano_bench,/mnt/zsn/lyb/arti-skill/articraft_data/picture/0611/piano_bench,3,,/mnt/zsn/lyb/arti-skill/articraft_data/picture/0611/piano_bench/001.png
G0272,pictureX_0611_Air_blower,picture_backed,0611,Air_blower,/mnt/zsn/lyb/arti-skill/articraft_data/picture/0611/Air_blower,2,,/mnt/zsn/lyb/arti-skill/articraft_data/picture/0611/Air_blower/001.png
G0273,pictureX_0611_ball_transfer_unit_with_spring_loaded_ball,picture_backed,0611,ball_transfer_unit_with_spring_loaded_ball,/mnt/zsn/lyb/arti-skill/articraft_data/picture/0611/ball_transfer_unit_with_spring_loaded_ball,1,,/mnt/zsn/lyb/arti-skill/articraft_data/picture/0611/ball_transfer_unit_with_spring_loaded_ball/001.png
G0274,pictureX_0611_ball_valve_with_quarter_turn_handle,picture_backed,0611,ball_valve_with_quarter_turn_handle,/mnt/zsn/lyb/arti-skill/articraft_data/picture/0611/ball_valve_with_quarter_turn_handle,1,,/mnt/zsn/lyb/arti-skill/articraft_data/picture/0611/ball_valve_with_quarter_turn_handle/001.png
G0275,pictureX_0611_bevel_gear_pair_with_perpendicular_shafts,picture_backed,0611,bevel_gear_pair_with_perpendicular_shafts,/mnt/zsn/lyb/arti-skill/articraft_data/picture/0611/bevel_gear_pair_with_perpendicular_shafts,2,,/mnt/zsn/lyb/arti-skill/articraft_data/picture/0611/bevel_gear_pair_with_perpendicular_shafts/001.png
G0276,pictureX_0611_bi_fold_closet_door_system,picture_backed,0611,bi_fold_closet_door_system,/mnt/zsn/lyb/arti-skill/articraft_data/picture/0611/bi_fold_closet_door_system,1,,/mnt/zsn/lyb/arti-skill/articraft_data/picture/0611/bi_fold_closet_door_system/001.png
G0277,pictureX_0611_bookcase,picture_backed,0611,bookcase,/mnt/zsn/lyb/arti-skill/articraft_data/picture/0611/bookcase,6,,/mnt/zsn/lyb/arti-skill/articraft_data/picture/0611/bookcase/001.png
G0278,pictureX_0611_bookcase1,picture_backed,0611,bookcase1,/mnt/zsn/lyb/arti-skill/articraft_data/picture/0611/bookcase1,3,,/mnt/zsn/lyb/arti-skill/articraft_data/picture/0611/bookcase1/001.png
G0279,pictureX_0611_bookcase2,picture_backed,0611,bookcase2,/mnt/zsn/lyb/arti-skill/articraft_data/picture/0611/bookcase2,3,,/mnt/zsn/lyb/arti-skill/articraft_data/picture/0611/bookcase2/001.png
G0280,pictureX_0611_Bookshelf_with_books,picture_backed,0611,Bookshelf_with_books,/mnt/zsn/lyb/arti-skill/articraft_data/picture/0611/Bookshelf_with_books,1,,/mnt/zsn/lyb/arti-skill/articraft_data/picture/0611/Bookshelf_with_books/001.png
G0281,pictureX_0611_Butter_maker,picture_backed,0611,Butter_maker,/mnt/zsn/lyb/arti-skill/articraft_data/picture/0611/Butter_maker,1,,/mnt/zsn/lyb/arti-skill/articraft_data/picture/0611/Butter_maker/001.png
G0282,pictureX_0611_butterfly_valve_with_lever_operator,picture_backed,0611,butterfly_valve_with_lever_operator,/mnt/zsn/lyb/arti-skill/articraft_data/picture/0611/butterfly_valve_with_lever_operator,1,,/mnt/zsn/lyb/arti-skill/articraft_data/picture/0611/butterfly_valve_with_lever_operator/001.png
G0283,pictureX_0611_C_shaped_sofa_side_table,picture_backed,0611,C-shaped_sofa_side_table,/mnt/zsn/lyb/arti-skill/articraft_data/picture/0611/C-shaped_sofa_side_table,1,,/mnt/zsn/lyb/arti-skill/articraft_data/picture/0611/C-shaped_sofa_side_table/001.png
G0284,pictureX_0611_Cabinet_with_doors,picture_backed,0611,Cabinet_with_doors,/mnt/zsn/lyb/arti-skill/articraft_data/picture/0611/Cabinet_with_doors,5,,/mnt/zsn/lyb/arti-skill/articraft_data/picture/0611/Cabinet_with_doors/001.png
G0285,pictureX_0611_Cabinet_with_doors_and_drawers,picture_backed,0611,Cabinet_with_doors_and_drawers,/mnt/zsn/lyb/arti-skill/articraft_data/picture/0611/Cabinet_with_doors_and_drawers,4,,/mnt/zsn/lyb/arti-skill/articraft_data/picture/0611/Cabinet_with_doors_and_drawers/001.png
G0286,pictureX_0611_Cabinet_with_drawers,picture_backed,0611,Cabinet_with_drawers,/mnt/zsn/lyb/arti-skill/articraft_data/picture/0611/Cabinet_with_drawers,5,,/mnt/zsn/lyb/arti-skill/articraft_data/picture/0611/Cabinet_with_drawers/001.png
G0287,pictureX_0611_Cabinet_with_glass_lift_up_vitrine,picture_backed,0611,Cabinet_with_glass_lift-up_vitrine,/mnt/zsn/lyb/arti-skill/articraft_data/picture/0611/Cabinet_with_glass_lift-up_vitrine,2,,/mnt/zsn/lyb/arti-skill/articraft_data/picture/0611/Cabinet_with_glass_lift-up_vitrine/001.png
G0288,pictureX_0611_car_scissor_jack_with_screw_mechanism,picture_backed,0611,car_scissor_jack_with_screw_mechanism,/mnt/zsn/lyb/arti-skill/articraft_data/picture/0611/car_scissor_jack_with_screw_mechanism,1,,/mnt/zsn/lyb/arti-skill/articraft_data/picture/0611/car_scissor_jack_with_screw_mechanism/001.png
G0289,pictureX_0611_centrifuge_machine1,picture_backed,0611,centrifuge_machine1,/mnt/zsn/lyb/arti-skill/articraft_data/picture/0611/centrifuge_machine1,1,,/mnt/zsn/lyb/arti-skill/articraft_data/picture/0611/centrifuge_machine1/001.png
G0290,pictureX_0611_centrifuge_machine2,picture_backed,0611,centrifuge_machine2,/mnt/zsn/lyb/arti-skill/articraft_data/picture/0611/centrifuge_machine2,2,,/mnt/zsn/lyb/arti-skill/articraft_data/picture/0611/centrifuge_machine2/001.png
G0291,pictureX_0611_Chain_separator,picture_backed,0611,Chain_separator,/mnt/zsn/lyb/arti-skill/articraft_data/picture/0611/Chain_separator,1,,/mnt/zsn/lyb/arti-skill/articraft_data/picture/0611/Chain_separator/001.png
G0292,pictureX_0611_compass,picture_backed,0611,compass,/mnt/zsn/lyb/arti-skill/articraft_data/picture/0611/compass,1,,/mnt/zsn/lyb/arti-skill/articraft_data/picture/0611/compass/001.png
G0293,pictureX_0611_crimping_tool,picture_backed,0611,crimping_tool,/mnt/zsn/lyb/arti-skill/articraft_data/picture/0611/crimping_tool,3,,/mnt/zsn/lyb/arti-skill/articraft_data/picture/0611/crimping_tool/001.png
G0294,pictureX_0611_Desk_with_drawers_no_door,picture_backed,0611,Desk_with_drawers（no_door）,/mnt/zsn/lyb/arti-skill/articraft_data/picture/0611/Desk_with_drawers（no_door）,5,,/mnt/zsn/lyb/arti-skill/articraft_data/picture/0611/Desk_with_drawers（no_door）/001.png
G0295,pictureX_0611_drafting_table_with_adjustable_tilt_surface,picture_backed,0611,drafting_table_with_adjustable_tilt_surface,/mnt/zsn/lyb/arti-skill/articraft_data/picture/0611/drafting_table_with_adjustable_tilt_surface,5,,/mnt/zsn/lyb/arti-skill/articraft_data/picture/0611/drafting_table_with_adjustable_tilt_surface/001.png
G0296,pictureX_0611_drawing_compass_with_adjustable_legs,picture_backed,0611,drawing_compass_with_adjustable_legs,/mnt/zsn/lyb/arti-skill/articraft_data/picture/0611/drawing_compass_with_adjustable_legs,4,,/mnt/zsn/lyb/arti-skill/articraft_data/picture/0611/drawing_compass_with_adjustable_legs/001.png
G0297,pictureX_0611_Dressing_table,picture_backed,0611,Dressing_table,/mnt/zsn/lyb/arti-skill/articraft_data/picture/0611/Dressing_table,6,,/mnt/zsn/lyb/arti-skill/articraft_data/picture/0611/Dressing_table/001.png
G0298,pictureX_0611_drum_pedal_with_beater_and_spring_return,picture_backed,0611,drum_pedal_with_beater_and_spring_return,/mnt/zsn/lyb/arti-skill/articraft_data/picture/0611/drum_pedal_with_beater_and_spring_return,1,,/mnt/zsn/lyb/arti-skill/articraft_data/picture/0611/drum_pedal_with_beater_and_spring_return/001.png
G0299,pictureX_0611_elevator_button_panel,picture_backed,0611,elevator_button_panel,/mnt/zsn/lyb/arti-skill/articraft_data/picture/0611/elevator_button_panel,2,,/mnt/zsn/lyb/arti-skill/articraft_data/picture/0611/elevator_button_panel/001.png
G0300,pictureX_0611_ergonomic_clamp_with_adjustable,picture_backed,0611,ergonomic_clamp_with_adjustable,/mnt/zsn/lyb/arti-skill/articraft_data/picture/0611/ergonomic_clamp_with_adjustable,1,,/mnt/zsn/lyb/arti-skill/articraft_data/picture/0611/ergonomic_clamp_with_adjustable/001.png
G0301,pictureX_0611_ergonomic_clamp_with_adjustable_components,picture_backed,0611,ergonomic_clamp_with_adjustable_components,/mnt/zsn/lyb/arti-skill/articraft_data/picture/0611/ergonomic_clamp_with_adjustable_components,2,,/mnt/zsn/lyb/arti-skill/articraft_data/picture/0611/ergonomic_clamp_with_adjustable_components/001.png
G0302,pictureX_0611_flaring_tool_with_cone_and_clamp,picture_backed,0611,flaring_tool_with_cone_and_clamp,/mnt/zsn/lyb/arti-skill/articraft_data/picture/0611/flaring_tool_with_cone_and_clamp,2,,/mnt/zsn/lyb/arti-skill/articraft_data/picture/0611/flaring_tool_with_cone_and_clamp/001.png
G0303,pictureX_0611_flexible_track_lighting_system,picture_backed,0611,flexible_track_lighting_system,/mnt/zsn/lyb/arti-skill/articraft_data/picture/0611/flexible_track_lighting_system,2,,/mnt/zsn/lyb/arti-skill/articraft_data/picture/0611/flexible_track_lighting_system/001.png
G0304,pictureX_0611_Floor_standing_drafting_table,picture_backed,0611,Floor-standing_drafting_table,/mnt/zsn/lyb/arti-skill/articraft_data/picture/0611/Floor-standing_drafting_table,1,,/mnt/zsn/lyb/arti-skill/articraft_data/picture/0611/Floor-standing_drafting_table/001.png
G0305,pictureX_0611_folders,picture_backed,0611,folders,/mnt/zsn/lyb/arti-skill/articraft_data/picture/0611/folders,1,,/mnt/zsn/lyb/arti-skill/articraft_data/picture/0611/folders/001.png
G0306,pictureX_0611_Folding_ruler,picture_backed,0611,Folding_ruler,/mnt/zsn/lyb/arti-skill/articraft_data/picture/0611/Folding_ruler,2,,/mnt/zsn/lyb/arti-skill/articraft_data/picture/0611/Folding_ruler/001.png
G0307,pictureX_0611_Folding_sofa_bed,picture_backed,0611,Folding_sofa_bed,/mnt/zsn/lyb/arti-skill/articraft_data/picture/0611/Folding_sofa_bed,1,,/mnt/zsn/lyb/arti-skill/articraft_data/picture/0611/Folding_sofa_bed/001.png
G0308,pictureX_0611_Folding_sofa_bed1,picture_backed,0611,Folding_sofa_bed1,/mnt/zsn/lyb/arti-skill/articraft_data/picture/0611/Folding_sofa_bed1,3,,/mnt/zsn/lyb/arti-skill/articraft_data/picture/0611/Folding_sofa_bed1/001.png
G0309,pictureX_0611_Folding_sofa_bed2,picture_backed,0611,Folding_sofa_bed2,/mnt/zsn/lyb/arti-skill/articraft_data/picture/0611/Folding_sofa_bed2,1,,/mnt/zsn/lyb/arti-skill/articraft_data/picture/0611/Folding_sofa_bed2/001.png
G0310,pictureX_0611_Folding_sofa_bed3,picture_backed,0611,Folding_sofa_bed3,/mnt/zsn/lyb/arti-skill/articraft_data/picture/0611/Folding_sofa_bed3,1,,/mnt/zsn/lyb/arti-skill/articraft_data/picture/0611/Folding_sofa_bed3/001.png
G0311,pictureX_0611_Folding_table,picture_backed,0611,Folding_table,/mnt/zsn/lyb/arti-skill/articraft_data/picture/0611/Folding_table,4,,/mnt/zsn/lyb/arti-skill/articraft_data/picture/0611/Folding_table/001.png
G0312,pictureX_0611_Folding_table1,picture_backed,0611,Folding_table1,/mnt/zsn/lyb/arti-skill/articraft_data/picture/0611/Folding_table1,3,,/mnt/zsn/lyb/arti-skill/articraft_data/picture/0611/Folding_table1/001.png
G0313,pictureX_0611_Folding_table2,picture_backed,0611,Folding_table2,/mnt/zsn/lyb/arti-skill/articraft_data/picture/0611/Folding_table2,1,,/mnt/zsn/lyb/arti-skill/articraft_data/picture/0611/Folding_table2/001.png
G0314,pictureX_0611_Folding_table3,picture_backed,0611,Folding_table3,/mnt/zsn/lyb/arti-skill/articraft_data/picture/0611/Folding_table3,2,,/mnt/zsn/lyb/arti-skill/articraft_data/picture/0611/Folding_table3/001.png
G0315,pictureX_0611_Folding_table4,picture_backed,0611,Folding_table4,/mnt/zsn/lyb/arti-skill/articraft_data/picture/0611/Folding_table4,1,,/mnt/zsn/lyb/arti-skill/articraft_data/picture/0611/Folding_table4/001.png
G0316,pictureX_0611_Folding_table5,picture_backed,0611,Folding_table5,/mnt/zsn/lyb/arti-skill/articraft_data/picture/0611/Folding_table5,3,,/mnt/zsn/lyb/arti-skill/articraft_data/picture/0611/Folding_table5/001.png
G0317,pictureX_0611_full_height_turnstile,picture_backed,0611,full_height_turnstile,/mnt/zsn/lyb/arti-skill/articraft_data/picture/0611/full_height_turnstile,4,,/mnt/zsn/lyb/arti-skill/articraft_data/picture/0611/full_height_turnstile/001.png
G0318,pictureX_0611_Garden_pruner,picture_backed,0611,Garden_pruner,/mnt/zsn/lyb/arti-skill/articraft_data/picture/0611/Garden_pruner,4,,/mnt/zsn/lyb/arti-skill/articraft_data/picture/0611/Garden_pruner/001.png
G0319,pictureX_0611_garlic_press,picture_backed,0611,garlic_press,/mnt/zsn/lyb/arti-skill/articraft_data/picture/0611/garlic_press,6,,/mnt/zsn/lyb/arti-skill/articraft_data/picture/0611/garlic_press/001.png
G0320,pictureX_0611_generator,picture_backed,0611,generator,/mnt/zsn/lyb/arti-skill/articraft_data/picture/0611/generator,4,,/mnt/zsn/lyb/arti-skill/articraft_data/picture/0611/generator/001.png
G0321,pictureX_0611_Golf_cart,picture_backed,0611,Golf_cart,/mnt/zsn/lyb/arti-skill/articraft_data/picture/0611/Golf_cart,1,,/mnt/zsn/lyb/arti-skill/articraft_data/picture/0611/Golf_cart/001.png
G0322,pictureX_0611_guitar_tuning_peg_mechanism,picture_backed,0611,guitar_tuning_peg_mechanism,/mnt/zsn/lyb/arti-skill/articraft_data/picture/0611/guitar_tuning_peg_mechanism,5,,/mnt/zsn/lyb/arti-skill/articraft_data/picture/0611/guitar_tuning_peg_mechanism/001.png
G0323,pictureX_0611_gyroscope_with_spinning_wheel_and_gimbal_rings,picture_backed,0611,gyroscope_with_spinning_wheel_and_gimbal_rings,/mnt/zsn/lyb/arti-skill/articraft_data/picture/0611/gyroscope_with_spinning_wheel_and_gimbal_rings,2,,/mnt/zsn/lyb/arti-skill/articraft_data/picture/0611/gyroscope_with_spinning_wheel_and_gimbal_rings/001.png
G0324,pictureX_0611_Hall_tree_with_flip_top_seat,picture_backed,0611,Hall_tree_with_flip-top_seat,/mnt/zsn/lyb/arti-skill/articraft_data/picture/0611/Hall_tree_with_flip-top_seat,3,,/mnt/zsn/lyb/arti-skill/articraft_data/picture/0611/Hall_tree_with_flip-top_seat/001.png
G0325,pictureX_0611_Hand_crank_clothes_wringer,picture_backed,0611,Hand-crank_clothes_wringer,/mnt/zsn/lyb/arti-skill/articraft_data/picture/0611/Hand-crank_clothes_wringer,1,,/mnt/zsn/lyb/arti-skill/articraft_data/picture/0611/Hand-crank_clothes_wringer/001.png
G0326,pictureX_0611_hand_operated_metal_brake_for_bending_sheet_metal,picture_backed,0611,hand_operated_metal_brake_for_bending_sheet_metal,/mnt/zsn/lyb/arti-skill/articraft_data/picture/0611/hand_operated_metal_brake_for_bending_sheet_metal,1,,/mnt/zsn/lyb/arti-skill/articraft_data/picture/0611/hand_operated_metal_brake_for_bending_sheet_metal/001.png
G0327,pictureX_0611_Hole_punch,picture_backed,0611,Hole_punch,/mnt/zsn/lyb/arti-skill/articraft_data/picture/0611/Hole_punch,2,,/mnt/zsn/lyb/arti-skill/articraft_data/picture/0611/Hole_punch/001.png
G0328,pictureX_0611_Hutch_Cabinet,picture_backed,0611,Hutch_Cabinet,/mnt/zsn/lyb/arti-skill/articraft_data/picture/0611/Hutch_Cabinet,1,,/mnt/zsn/lyb/arti-skill/articraft_data/picture/0611/Hutch_Cabinet/001.png
G0329,pictureX_0611_hydraulic_jack,picture_backed,0611,hydraulic_jack,/mnt/zsn/lyb/arti-skill/articraft_data/picture/0611/hydraulic_jack,2,,/mnt/zsn/lyb/arti-skill/articraft_data/picture/0611/hydraulic_jack/001.png
G0330,pictureX_0611_hydraulic_jack1,picture_backed,0611,hydraulic_jack1,/mnt/zsn/lyb/arti-skill/articraft_data/picture/0611/hydraulic_jack1,2,,/mnt/zsn/lyb/arti-skill/articraft_data/picture/0611/hydraulic_jack1/001.png
G0331,pictureX_0611_hydraulic_jack2,picture_backed,0611,hydraulic_jack2,/mnt/zsn/lyb/arti-skill/articraft_data/picture/0611/hydraulic_jack2,1,,/mnt/zsn/lyb/arti-skill/articraft_data/picture/0611/hydraulic_jack2/001.png
G0332,pictureX_0611_Ice_crream_machine,picture_backed,0611,Ice_crream_machine,/mnt/zsn/lyb/arti-skill/articraft_data/picture/0611/Ice_crream_machine,4,,/mnt/zsn/lyb/arti-skill/articraft_data/picture/0611/Ice_crream_machine/001.png
G0333,pictureX_0611_industrial_crane_featuring_advanced_hydraulic,picture_backed,0611,industrial_crane_featuring_advanced_hydraulic,/mnt/zsn/lyb/arti-skill/articraft_data/picture/0611/industrial_crane_featuring_advanced_hydraulic,2,,/mnt/zsn/lyb/arti-skill/articraft_data/picture/0611/industrial_crane_featuring_advanced_hydraulic/001.png
G0334,pictureX_0611_Industrial_rolling_work_table,picture_backed,0611,Industrial_rolling_work_table,/mnt/zsn/lyb/arti-skill/articraft_data/picture/0611/Industrial_rolling_work_table,4,,/mnt/zsn/lyb/arti-skill/articraft_data/picture/0611/Industrial_rolling_work_table/001.png
G0335,pictureX_0611_ironing_board2,picture_backed,0611,ironing_board2,/mnt/zsn/lyb/arti-skill/articraft_data/picture/0611/ironing_board2,2,,/mnt/zsn/lyb/arti-skill/articraft_data/picture/0611/ironing_board2/001.png
G0336,pictureX_0611_juicer_press_with_handle,picture_backed,0611,juicer_press_with_handle,/mnt/zsn/lyb/arti-skill/articraft_data/picture/0611/juicer_press_with_handle,1,,/mnt/zsn/lyb/arti-skill/articraft_data/picture/0611/juicer_press_with_handle/001.png
G0337,pictureX_0611_kitchen_cabinet,picture_backed,0611,kitchen_cabinet,/mnt/zsn/lyb/arti-skill/articraft_data/picture/0611/kitchen_cabinet,5,,/mnt/zsn/lyb/arti-skill/articraft_data/picture/0611/kitchen_cabinet/001.png
G0338,pictureX_0611_Kitchen_set,picture_backed,0611,Kitchen_set,/mnt/zsn/lyb/arti-skill/articraft_data/picture/0611/Kitchen_set,3,,/mnt/zsn/lyb/arti-skill/articraft_data/picture/0611/Kitchen_set/001.png
G0339,pictureX_0611_laser_level_tripod,picture_backed,0611,laser_level_tripod,/mnt/zsn/lyb/arti-skill/articraft_data/picture/0611/laser_level_tripod,1,,/mnt/zsn/lyb/arti-skill/articraft_data/picture/0611/laser_level_tripod/001.png
G0340,pictureX_0611_lazy_susan,picture_backed,0611,lazy_susan,/mnt/zsn/lyb/arti-skill/articraft_data/picture/0611/lazy_susan,2,,/mnt/zsn/lyb/arti-skill/articraft_data/picture/0611/lazy_susan/001.png
G0341,pictureX_0611_Lid_opener,picture_backed,0611,Lid_opener,/mnt/zsn/lyb/arti-skill/articraft_data/picture/0611/Lid_opener,1,,/mnt/zsn/lyb/arti-skill/articraft_data/picture/0611/Lid_opener/001.png
G0342,pictureX_0611_linear_bearing_slide_with_rail,picture_backed,0611,linear_bearing_slide_with_rail,/mnt/zsn/lyb/arti-skill/articraft_data/picture/0611/linear_bearing_slide_with_rail,2,,/mnt/zsn/lyb/arti-skill/articraft_data/picture/0611/linear_bearing_slide_with_rail/001.png
G0343,pictureX_0611_Locker_box,picture_backed,0611,Locker_box,/mnt/zsn/lyb/arti-skill/articraft_data/picture/0611/Locker_box,1,,/mnt/zsn/lyb/arti-skill/articraft_data/picture/0611/Locker_box/001.png
G0344,pilers_cutting_pliers,picture_backed,0611,Pilers_cutting_pliers,/mnt/zsn/lyb/arti-skill/articraft_data/picture/0611/Pilers_cutting_pliers,1,,/mnt/zsn/lyb/arti-skill/articraft_data/picture/0611/Pilers_cutting_pliers/001.png
G0345,pilers_fencing_pliers,picture_backed,0611,Pilers_fencing_pliers,/mnt/zsn/lyb/arti-skill/articraft_data/picture/0611/Pilers_fencing_pliers,1,,/mnt/zsn/lyb/arti-skill/articraft_data/picture/0611/Pilers_fencing_pliers/001.png
G0346,pilers_linesman_pliers,picture_backed,0611,Pilers_linesman_pliers,/mnt/zsn/lyb/arti-skill/articraft_data/picture/0611/Pilers_linesman_pliers,1,,/mnt/zsn/lyb/arti-skill/articraft_data/picture/0611/Pilers_linesman_pliers/001.png
G0347,pilers_locking_pliers,picture_backed,0611,Pilers_locking_pliers,/mnt/zsn/lyb/arti-skill/articraft_data/picture/0611/Pilers_locking_pliers,1,,/mnt/zsn/lyb/arti-skill/articraft_data/picture/0611/Pilers_locking_pliers/001.png
G0348,pilers_needle_nose_pliers,picture_backed,0611,Pilers_needle_nose_pliers,/mnt/zsn/lyb/arti-skill/articraft_data/picture/0611/Pilers_needle_nose_pliers,1,,/mnt/zsn/lyb/arti-skill/articraft_data/picture/0611/Pilers_needle_nose_pliers/001.png
G0349,pilers_slip_joint_pliers,picture_backed,0611,Pilers_slip_joint_pliers,/mnt/zsn/lyb/arti-skill/articraft_data/picture/0611/Pilers_slip_joint_pliers,1,,/mnt/zsn/lyb/arti-skill/articraft_data/picture/0611/Pilers_slip_joint_pliers/001.png
G0350,pilers_tongue_groove_pliers,picture_backed,0611,Pilers_tongue_groove_pliers,/mnt/zsn/lyb/arti-skill/articraft_data/picture/0611/Pilers_tongue_groove_pliers,1,,/mnt/zsn/lyb/arti-skill/articraft_data/picture/0611/Pilers_tongue_groove_pliers/001.png
G0351,pilers_wire_strippers,picture_backed,0611,Pilers_wire_strippers,/mnt/zsn/lyb/arti-skill/articraft_data/picture/0611/Pilers_wire_strippers,1,,/mnt/zsn/lyb/arti-skill/articraft_data/picture/0611/Pilers_wire_strippers/001.png
G0352,platform_cart,builtin_no_picture,builtin_no_picture,,,1,,/mnt/zsn/data/particulate/datasets/PV-A/renders/builtin99_representatives/platform_cart__seed_0000.png
G0353,Playground_playground_chair_swing_carousel,picture_backed,Playground,playground chair swing carousel,/mnt/zsn/lyb/arti-skill/articraft_data/picture/Playground/playground chair swing carousel,2,,/mnt/zsn/lyb/arti-skill/articraft_data/picture/Playground/playground chair swing carousel/001.png
G0354,Playground_playground_merry_go_round,picture_backed,Playground,playground merry-go-round,/mnt/zsn/lyb/arti-skill/articraft_data/picture/Playground/playground merry-go-round,1,,/mnt/zsn/lyb/arti-skill/articraft_data/picture/Playground/playground merry-go-round/001.png
G0355,Playground_Seesaw,picture_backed,Playground,Seesaw,/mnt/zsn/lyb/arti-skill/articraft_data/picture/Playground/Seesaw,3,,/mnt/zsn/lyb/arti-skill/articraft_data/picture/Playground/Seesaw/001.png
G0356,Playground_swing,picture_backed,Playground,swing,/mnt/zsn/lyb/arti-skill/articraft_data/picture/Playground/swing,2,,/mnt/zsn/lyb/arti-skill/articraft_data/picture/Playground/swing/001.png
G0357,playground_swing,builtin_no_picture,builtin_no_picture,,,1,,/mnt/zsn/data/particulate/datasets/PV-A/renders/builtin99_representatives/playground_swing__seed_0000.png
G0358,Playground_swing_circular,picture_backed,Playground,swing circular,/mnt/zsn/lyb/arti-skill/articraft_data/picture/Playground/swing circular,1,,/mnt/zsn/lyb/arti-skill/articraft_data/picture/Playground/swing circular/001.png
G0359,point_of_sale_terminal,picture_backed,Retail_Shop Fixtures,Point-of-sale terminal,/mnt/zsn/lyb/arti-skill/articraft_data/picture/Retail_Shop Fixtures/Point-of-sale terminal,2,,/mnt/zsn/lyb/arti-skill/articraft_data/picture/Retail_Shop Fixtures/Point-of-sale terminal/001.png
G0360,Powertools_angle_grinder,picture_backed,Powertools,angle grinder,/mnt/zsn/lyb/arti-skill/articraft_data/picture/Powertools/angle grinder,1,,/mnt/zsn/lyb/arti-skill/articraft_data/picture/Powertools/angle grinder/001.png
G0361,Powertools_drill,picture_backed,Powertools,drill,/mnt/zsn/lyb/arti-skill/articraft_data/picture/Powertools/drill,1,,/mnt/zsn/lyb/arti-skill/articraft_data/picture/Powertools/drill/001.png
G0362,Powertools_Lawn_mower,picture_backed,Powertools,Lawn mower,/mnt/zsn/lyb/arti-skill/articraft_data/picture/Powertools/Lawn mower,1,,/mnt/zsn/lyb/arti-skill/articraft_data/picture/Powertools/Lawn mower/001.png
G0363,projector,picture_backed,0611,projector,/mnt/zsn/lyb/arti-skill/articraft_data/picture/0611/projector,1,,/mnt/zsn/lyb/arti-skill/articraft_data/picture/0611/projector/001.png
G0364,protractor_with_swing_arm,picture_backed,0611,protractor_with_swing_arm,/mnt/zsn/lyb/arti-skill/articraft_data/picture/0611/protractor_with_swing_arm,3,,/mnt/zsn/lyb/arti-skill/articraft_data/picture/0611/protractor_with_swing_arm/001.png
G0365,pulley,picture_backed,0611,pulley,/mnt/zsn/lyb/arti-skill/articraft_data/picture/0611/pulley,1,,/mnt/zsn/lyb/arti-skill/articraft_data/picture/0611/pulley/001.png
G0366,pushpull_plunger_chain,builtin_no_picture,builtin_no_picture,,,1,,/mnt/zsn/data/particulate/datasets/PV-A/renders/builtin99_representatives/pushpull_plunger_chain__seed_0000.png
G0367,rabbit_hutch,picture_backed,Pet_Animal related,Rabbit hutch,/mnt/zsn/lyb/arti-skill/articraft_data/picture/Pet_Animal related/Rabbit hutch,2,,/mnt/zsn/lyb/arti-skill/articraft_data/picture/Pet_Animal related/Rabbit hutch/001.png
G0368,rack_and_pinion_slider,picture_backed,Robotics,Rack-and-pinion slider,/mnt/zsn/lyb/arti-skill/articraft_data/picture/Robotics/Rack-and-pinion slider,2,,/mnt/zsn/lyb/arti-skill/articraft_data/picture/Robotics/Rack-and-pinion slider/001.png
G0369,ratchet_strap,picture_backed,0611,ratchet_strap,/mnt/zsn/lyb/arti-skill/articraft_data/picture/0611/ratchet_strap,2,,/mnt/zsn/lyb/arti-skill/articraft_data/picture/0611/ratchet_strap/001.png
G0370,refrigerator_with_hinged_doors,builtin_no_picture,builtin_no_picture,,,1,,/mnt/zsn/data/particulate/datasets/PV-A/renders/builtin99_representatives/refrigerator_with_hinged_doors__seed_0000.png
G0371,remote_weapon_station,builtin_no_picture,builtin_no_picture,,,1,,/mnt/zsn/data/particulate/datasets/PV-A/renders/builtin99_representatives/remote_weapon_station__seed_0000.png
G0372,retractable_patio_awning,picture_backed,0611,retractable_patio_awning,/mnt/zsn/lyb/arti-skill/articraft_data/picture/0611/retractable_patio_awning,2,,/mnt/zsn/lyb/arti-skill/articraft_data/picture/0611/retractable_patio_awning/001.png
G0373,retractable_utility_knife,builtin_no_picture,builtin_no_picture,,,1,,/mnt/zsn/data/particulate/datasets/PV-A/renders/builtin99_representatives/retractable_utility_knife__seed_0000.png
G0374,revolving_door,builtin_no_picture,builtin_no_picture,,,1,,/mnt/zsn/data/particulate/datasets/PV-A/renders/builtin99_representatives/revolving_door__seed_0000.png
G0375,ring_blinder,picture_backed,Workspace,ring-blinder,/mnt/zsn/lyb/arti-skill/articraft_data/picture/Workspace/ring-blinder,2,,/mnt/zsn/lyb/arti-skill/articraft_data/picture/Workspace/ring-blinder/001.png
G0376,riot_shield,picture_backed,Law Enforcement_Protective Gear,Riot shield,/mnt/zsn/lyb/arti-skill/articraft_data/picture/Law Enforcement_Protective Gear/Riot shield,2,,/mnt/zsn/lyb/arti-skill/articraft_data/picture/Law Enforcement_Protective Gear/Riot shield/001.png
G0377,rivet_squeeze,picture_backed,0611,rivet_squeeze,/mnt/zsn/lyb/arti-skill/articraft_data/picture/0611/rivet_squeeze,3,,/mnt/zsn/lyb/arti-skill/articraft_data/picture/0611/rivet_squeeze/001.png
G0378,rivet_squeeze1,picture_backed,0611,rivet_squeeze1,/mnt/zsn/lyb/arti-skill/articraft_data/picture/0611/rivet_squeeze1,1,,/mnt/zsn/lyb/arti-skill/articraft_data/picture/0611/rivet_squeeze1/001.png
G0379,robotic_arms,builtin_no_picture,builtin_no_picture,,,1,,/mnt/zsn/data/particulate/datasets/PV-A/renders/builtin99_representatives/robotic_arms__seed_0000.png
G0380,robotic_leg,builtin_no_picture,builtin_no_picture,,,1,,/mnt/zsn/data/particulate/datasets/PV-A/renders/builtin99_representatives/robotic_leg__seed_0000.png
G0381,roller_conveyor,picture_backed,0611,roller_conveyor,/mnt/zsn/lyb/arti-skill/articraft_data/picture/0611/roller_conveyor,2,,/mnt/zsn/lyb/arti-skill/articraft_data/picture/0611/roller_conveyor/001.png
G0382,rolling_toolbox_with_telescoping_handle,builtin_no_picture,builtin_no_picture,,,1,,/mnt/zsn/data/particulate/datasets/PV-A/renders/builtin99_representatives/rolling_toolbox_with_telescoping_handle__seed_0000.png
G0383,rope_pulley,picture_backed,Camping_Outdoor Gear,Rope pulley,/mnt/zsn/lyb/arti-skill/articraft_data/picture/Camping_Outdoor Gear/Rope pulley,3,,/mnt/zsn/lyb/arti-skill/articraft_data/picture/Camping_Outdoor Gear/Rope pulley/001.png
G0384,rotary_table_with_tilting_trunnion,builtin_no_picture,builtin_no_picture,,,1,,/mnt/zsn/data/particulate/datasets/PV-A/renders/builtin99_representatives/rotary_table_with_tilting_trunnion__seed_0000.png
G0385,rotating_observatory_dome,builtin_no_picture,builtin_no_picture,,,1,,/mnt/zsn/data/particulate/datasets/PV-A/renders/builtin99_representatives/rotating_observatory_dome__seed_0000.png
G0386,round_cabinet,picture_backed,0611,Round_cabinet,/mnt/zsn/lyb/arti-skill/articraft_data/picture/0611/Round_cabinet,1,,/mnt/zsn/lyb/arti-skill/articraft_data/picture/0611/Round_cabinet/001.png
G0387,sailboat_winch_with_pawl_and_handle,picture_backed,0611,sailboat_winch_with_pawl_and_handle,/mnt/zsn/lyb/arti-skill/articraft_data/picture/0611/sailboat_winch_with_pawl_and_handle,3,,/mnt/zsn/lyb/arti-skill/articraft_data/picture/0611/sailboat_winch_with_pawl_and_handle/001.png
G0388,satellite_with_articulated_solar_panels,builtin_no_picture,builtin_no_picture,,,1,,/mnt/zsn/data/particulate/datasets/PV-A/renders/builtin99_representatives/satellite_with_articulated_solar_panels__seed_0000.png
G0389,scanner,picture_backed,0611,scanner,/mnt/zsn/lyb/arti-skill/articraft_data/picture/0611/scanner,3,,/mnt/zsn/lyb/arti-skill/articraft_data/picture/0611/scanner/001.png
G0390,Science_Capsule,picture_backed,Science,Capsule,/mnt/zsn/lyb/arti-skill/articraft_data/picture/Science/Capsule,1,,/mnt/zsn/lyb/arti-skill/articraft_data/picture/Science/Capsule/001.png
G0391,Science_Dental_setup,picture_backed,Science,Dental setup,/mnt/zsn/lyb/arti-skill/articraft_data/picture/Science/Dental setup,1,,/mnt/zsn/lyb/arti-skill/articraft_data/picture/Science/Dental setup/001.png
G0392,Science_First_aid_cabinet,picture_backed,Science,First aid cabinet,/mnt/zsn/lyb/arti-skill/articraft_data/picture/Science/First aid cabinet,1,,/mnt/zsn/lyb/arti-skill/articraft_data/picture/Science/First aid cabinet/001.png
G0393,Science_microscope,picture_backed,Science,microscope,/mnt/zsn/lyb/arti-skill/articraft_data/picture/Science/microscope,1,,/mnt/zsn/lyb/arti-skill/articraft_data/picture/Science/microscope/001.png
G0394,Science_Surgical_bed,picture_backed,Science,Surgical bed,/mnt/zsn/lyb/arti-skill/articraft_data/picture/Science/Surgical bed,1,,/mnt/zsn/lyb/arti-skill/articraft_data/picture/Science/Surgical bed/001.png
G0395,Science_Surgical_chair,picture_backed,Science,Surgical chair,/mnt/zsn/lyb/arti-skill/articraft_data/picture/Science/Surgical chair,1,,/mnt/zsn/lyb/arti-skill/articraft_data/picture/Science/Surgical chair/001.png
G0396,Science_Syringe,picture_backed,Science,Syringe,/mnt/zsn/lyb/arti-skill/articraft_data/picture/Science/Syringe,1,,/mnt/zsn/lyb/arti-skill/articraft_data/picture/Science/Syringe/001.png
G0397,screwcap_bottle,builtin_no_picture,builtin_no_picture,,,1,,/mnt/zsn/data/particulate/datasets/PV-A/renders/builtin99_representatives/screwcap_bottle__seed_0000.png
G0398,screwin_light_bulb_with_socket,builtin_no_picture,builtin_no_picture,,,1,,/mnt/zsn/data/particulate/datasets/PV-A/renders/builtin99_representatives/screwin_light_bulb_with_socket__seed_0000.png
G0399,searchlight_tower,builtin_no_picture,builtin_no_picture,,,1,,/mnt/zsn/data/particulate/datasets/PV-A/renders/builtin99_representatives/searchlight_tower__seed_0000.png
G0400,seed_spreader,picture_backed,Agricultural,Seed spreader,/mnt/zsn/lyb/arti-skill/articraft_data/picture/Agricultural/Seed spreader,2,,/mnt/zsn/lyb/arti-skill/articraft_data/picture/Agricultural/Seed spreader/001.png
G0401,seeder,picture_backed,0611,seeder,/mnt/zsn/lyb/arti-skill/articraft_data/picture/0611/seeder,3,,/mnt/zsn/lyb/arti-skill/articraft_data/picture/0611/seeder/001.png
G0402,serial_elbow_arm,builtin_no_picture,builtin_no_picture,,,1,,/mnt/zsn/data/particulate/datasets/PV-A/renders/builtin99_representatives/serial_elbow_arm__seed_0000.png
G0403,sewing_machine,picture_backed,Textiles_Fabric,Sewing machine,/mnt/zsn/lyb/arti-skill/articraft_data/picture/Textiles_Fabric/Sewing machine,2,,/mnt/zsn/lyb/arti-skill/articraft_data/picture/Textiles_Fabric/Sewing machine/001.png
G0404,shelving_unit_with_adjustable_shelves,picture_backed,0611,Shelving_unit_with_adjustable_shelves,/mnt/zsn/lyb/arti-skill/articraft_data/picture/0611/Shelving_unit_with_adjustable_shelves,1,,/mnt/zsn/lyb/arti-skill/articraft_data/picture/0611/Shelving_unit_with_adjustable_shelves/001.png
G0405,shelving_unit_with_folding_shelves,picture_backed,0611,Shelving_unit_with_folding_shelves,/mnt/zsn/lyb/arti-skill/articraft_data/picture/0611/Shelving_unit_with_folding_shelves,2,,/mnt/zsn/lyb/arti-skill/articraft_data/picture/0611/Shelving_unit_with_folding_shelves/001.png
G0406,shoulderelbowwrist_arm,builtin_no_picture,builtin_no_picture,,,1,,/mnt/zsn/data/particulate/datasets/PV-A/renders/builtin99_representatives/shoulderelbowwrist_arm__seed_0000.png
G0407,Sign_sign,picture_backed,Sign,sign,/mnt/zsn/lyb/arti-skill/articraft_data/picture/Sign/sign,2,,/mnt/zsn/lyb/arti-skill/articraft_data/picture/Sign/sign/001.png
G0408,simple_aframe_step_ladder,builtin_no_picture,builtin_no_picture,,,1,,/mnt/zsn/data/particulate/datasets/PV-A/renders/builtin99_representatives/simple_aframe_step_ladder__seed_0000.png
G0409,simple_drying_rack,builtin_no_picture,builtin_no_picture,,,1,,/mnt/zsn/data/particulate/datasets/PV-A/renders/builtin99_representatives/simple_drying_rack__seed_0000.png
G0410,single_revolute_hinge,builtin_no_picture,builtin_no_picture,,,1,,/mnt/zsn/data/particulate/datasets/PV-A/renders/builtin99_representatives/single_revolute_hinge__seed_0000.png
G0411,single_rotor_helicopter,builtin_no_picture,builtin_no_picture,,,1,,/mnt/zsn/data/particulate/datasets/PV-A/renders/builtin99_representatives/single_rotor_helicopter__seed_0000.png
G0412,single_wheelbarrow,picture_backed,Agricultural,Single-Wheelbarrow,/mnt/zsn/lyb/arti-skill/articraft_data/picture/Agricultural/Single-Wheelbarrow,2,,/mnt/zsn/lyb/arti-skill/articraft_data/picture/Agricultural/Single-Wheelbarrow/001.png
G0413,singleleaf_drawbridge,builtin_no_picture,builtin_no_picture,,,1,,/mnt/zsn/data/particulate/datasets/PV-A/renders/builtin99_representatives/singleleaf_drawbridge__seed_0000.png
G0414,sliding_turnstile,picture_backed,0611,sliding_turnstile,/mnt/zsn/lyb/arti-skill/articraft_data/picture/0611/sliding_turnstile,4,,/mnt/zsn/lyb/arti-skill/articraft_data/picture/0611/sliding_turnstile/001.png
G0415,sliding_window_classic,builtin_no_picture,builtin_no_picture,,,1,,/mnt/zsn/data/particulate/datasets/PV-A/renders/builtin99_representatives/sliding_window_classic__seed_0000.png
G0416,sluice_gate_with_vertical_lift_panel,builtin_no_picture,builtin_no_picture,,,1,,/mnt/zsn/data/particulate/datasets/PV-A/renders/builtin99_representatives/sluice_gate_with_vertical_lift_panel__seed_0000.png
G0417,soft_pneumatic_gripper,picture_backed,Robotics,Soft pneumatic gripper,/mnt/zsn/lyb/arti-skill/articraft_data/picture/Robotics/Soft pneumatic gripper,2,,/mnt/zsn/lyb/arti-skill/articraft_data/picture/Robotics/Soft pneumatic gripper/001.png
G0418,speed_gate,picture_backed,0611,speed_gate,/mnt/zsn/lyb/arti-skill/articraft_data/picture/0611/speed_gate,2,,/mnt/zsn/lyb/arti-skill/articraft_data/picture/0611/speed_gate/001.png
G0419,Sports_Baby_cycle,picture_backed,Sports,Baby cycle,/mnt/zsn/lyb/arti-skill/articraft_data/picture/Sports/Baby cycle,1,,/mnt/zsn/lyb/arti-skill/articraft_data/picture/Sports/Baby cycle/001.png
G0420,Sports_Bike,picture_backed,Sports,Bike,/mnt/zsn/lyb/arti-skill/articraft_data/picture/Sports/Bike,1,,/mnt/zsn/lyb/arti-skill/articraft_data/picture/Sports/Bike/001.png
G0421,Sports_Carabiner,picture_backed,Sports,Carabiner,/mnt/zsn/lyb/arti-skill/articraft_data/picture/Sports/Carabiner,1,,/mnt/zsn/lyb/arti-skill/articraft_data/picture/Sports/Carabiner/001.png
G0422,Sports_Dumble,picture_backed,Sports,Dumble,/mnt/zsn/lyb/arti-skill/articraft_data/picture/Sports/Dumble,2,,/mnt/zsn/lyb/arti-skill/articraft_data/picture/Sports/Dumble/001.png
G0423,Sports_Exercise_bike,picture_backed,Sports,Exercise bike,/mnt/zsn/lyb/arti-skill/articraft_data/picture/Sports/Exercise bike,1,,/mnt/zsn/lyb/arti-skill/articraft_data/picture/Sports/Exercise bike/001.png
G0424,Sports_Fidget_Spinner,picture_backed,Sports,Fidget Spinner,/mnt/zsn/lyb/arti-skill/articraft_data/picture/Sports/Fidget Spinner,1,,/mnt/zsn/lyb/arti-skill/articraft_data/picture/Sports/Fidget Spinner/001.png
G0425,Sports_game_console,picture_backed,Sports,game console,/mnt/zsn/lyb/arti-skill/articraft_data/picture/Sports/game console,3,,/mnt/zsn/lyb/arti-skill/articraft_data/picture/Sports/game console/001.png
G0426,Sports_Karting,picture_backed,Sports,Karting,/mnt/zsn/lyb/arti-skill/articraft_data/picture/Sports/Karting,1,,/mnt/zsn/lyb/arti-skill/articraft_data/picture/Sports/Karting/001.png
G0427,Sports_Roller_scates,picture_backed,Sports,Roller scates,/mnt/zsn/lyb/arti-skill/articraft_data/picture/Sports/Roller scates,1,,/mnt/zsn/lyb/arti-skill/articraft_data/picture/Sports/Roller scates/001.png
G0428,Sports_Scooter_Racer,picture_backed,Sports,Scooter Racer,/mnt/zsn/lyb/arti-skill/articraft_data/picture/Sports/Scooter Racer,1,,/mnt/zsn/lyb/arti-skill/articraft_data/picture/Sports/Scooter Racer/001.png
G0429,Sports_Skateboard,picture_backed,Sports,Skateboard,/mnt/zsn/lyb/arti-skill/articraft_data/picture/Sports/Skateboard,1,,/mnt/zsn/lyb/arti-skill/articraft_data/picture/Sports/Skateboard/001.png
G0430,Sports_Skincare_Roller,picture_backed,Sports,Skincare Roller,/mnt/zsn/lyb/arti-skill/articraft_data/picture/Sports/Skincare Roller,1,,/mnt/zsn/lyb/arti-skill/articraft_data/picture/Sports/Skincare Roller/001.png
G0431,Sports_Table_football,picture_backed,Sports,Table football,/mnt/zsn/lyb/arti-skill/articraft_data/picture/Sports/Table football,1,,/mnt/zsn/lyb/arti-skill/articraft_data/picture/Sports/Table football/001.png
G0432,Sports_Toy_car,picture_backed,Sports,Toy car,/mnt/zsn/lyb/arti-skill/articraft_data/picture/Sports/Toy car,1,,/mnt/zsn/lyb/arti-skill/articraft_data/picture/Sports/Toy car/001.png
G0433,sprinkler_head_with_rotating_arms,picture_backed,0611,sprinkler_head_with_rotating_arms,/mnt/zsn/lyb/arti-skill/articraft_data/picture/0611/sprinkler_head_with_rotating_arms,3,,/mnt/zsn/lyb/arti-skill/articraft_data/picture/0611/sprinkler_head_with_rotating_arms/001.png
G0434,Stairs_Escalator,picture_backed,Stairs,Escalator,/mnt/zsn/lyb/arti-skill/articraft_data/picture/Stairs/Escalator,2,,/mnt/zsn/lyb/arti-skill/articraft_data/picture/Stairs/Escalator/001.png
G0435,stand_mixer,builtin_no_picture,builtin_no_picture,,,1,,/mnt/zsn/data/particulate/datasets/PV-A/renders/builtin99_representatives/stand_mixer__seed_0000.png
G0436,standing_desk_with_synchronous_telescoping_legs_and_articulated_controls,builtin_no_picture,builtin_no_picture,,,1,,/mnt/zsn/data/particulate/datasets/PV-A/renders/builtin99_representatives/standing_desk_with_synchronous_telescoping_legs_and_articulated_controls__seed_0000.png
G0437,Stationary_Calculater,picture_backed,Stationary,Calculater,/mnt/zsn/lyb/arti-skill/articraft_data/picture/Stationary/Calculater,1,,/mnt/zsn/lyb/arti-skill/articraft_data/picture/Stationary/Calculater/001.png
G0438,Stationary_Clip,picture_backed,Stationary,Clip,/mnt/zsn/lyb/arti-skill/articraft_data/picture/Stationary/Clip,1,,/mnt/zsn/lyb/arti-skill/articraft_data/picture/Stationary/Clip/001.png
G0439,Stationary_Clipboard,picture_backed,Stationary,Clipboard,/mnt/zsn/lyb/arti-skill/articraft_data/picture/Stationary/Clipboard,1,,/mnt/zsn/lyb/arti-skill/articraft_data/picture/Stationary/Clipboard/001.png
G0440,Stationary_Folder,picture_backed,Stationary,Folder,/mnt/zsn/lyb/arti-skill/articraft_data/picture/Stationary/Folder,1,,/mnt/zsn/lyb/arti-skill/articraft_data/picture/Stationary/Folder/001.png
G0441,Stationary_Pen,picture_backed,Stationary,Pen,/mnt/zsn/lyb/arti-skill/articraft_data/picture/Stationary/Pen,1,,/mnt/zsn/lyb/arti-skill/articraft_data/picture/Stationary/Pen/001.png
G0442,Stationary_Pencil_sharpener,picture_backed,Stationary,Pencil sharpener,/mnt/zsn/lyb/arti-skill/articraft_data/picture/Stationary/Pencil sharpener,1,,/mnt/zsn/lyb/arti-skill/articraft_data/picture/Stationary/Pencil sharpener/001.png
G0443,Stationary_Scissors,picture_backed,Stationary,Scissors,/mnt/zsn/lyb/arti-skill/articraft_data/picture/Stationary/Scissors,1,,/mnt/zsn/lyb/arti-skill/articraft_data/picture/Stationary/Scissors/001.png
G0444,storage_cart_with_drawers_on_wheels,picture_backed,0611,Storage_cart_with_drawers_on_wheels,/mnt/zsn/lyb/arti-skill/articraft_data/picture/0611/Storage_cart_with_drawers_on_wheels,6,,/mnt/zsn/lyb/arti-skill/articraft_data/picture/0611/Storage_cart_with_drawers_on_wheels/001.png
G0445,stretcher,picture_backed,Emergency Equipment,Stretcher,/mnt/zsn/lyb/arti-skill/articraft_data/picture/Emergency Equipment/Stretcher,2,,/mnt/zsn/lyb/arti-skill/articraft_data/picture/Emergency Equipment/Stretcher/001.png
G0446,Structure_Elevator,picture_backed,Structure,Elevator,/mnt/zsn/lyb/arti-skill/articraft_data/picture/Structure/Elevator,2,,/mnt/zsn/lyb/arti-skill/articraft_data/picture/Structure/Elevator/001.png
G0447,studio_lamp,picture_backed,0611,studio_lamp,/mnt/zsn/lyb/arti-skill/articraft_data/picture/0611/studio_lamp,3,,/mnt/zsn/lyb/arti-skill/articraft_data/picture/0611/studio_lamp/001.png
G0448,studio_spotlight_on_yoke,builtin_no_picture,builtin_no_picture,,,1,,/mnt/zsn/data/particulate/datasets/PV-A/renders/builtin99_representatives/studio_spotlight_on_yoke__seed_0000.png
G0449,table_tennis_table,picture_backed,0611,table_tennis_table,/mnt/zsn/lyb/arti-skill/articraft_data/picture/0611/table_tennis_table,4,,/mnt/zsn/lyb/arti-skill/articraft_data/picture/0611/table_tennis_table/001.png
G0450,table_with_doors_and_drawers,picture_backed,0611,Table_with_doors_and_drawers,/mnt/zsn/lyb/arti-skill/articraft_data/picture/0611/Table_with_doors_and_drawers,2,,/mnt/zsn/lyb/arti-skill/articraft_data/picture/0611/Table_with_doors_and_drawers/001.png
G0451,table_with_drawers_no_door,picture_backed,0611,Table_with_drawers（no_door）,/mnt/zsn/lyb/arti-skill/articraft_data/picture/0611/Table_with_drawers（no_door）,3,,/mnt/zsn/lyb/arti-skill/articraft_data/picture/0611/Table_with_drawers（no_door）/001.png
G0452,tackle_box_with_simple_hinged_lid,builtin_no_picture,builtin_no_picture,,,1,,/mnt/zsn/data/particulate/datasets/PV-A/renders/builtin99_representatives/tackle_box_with_simple_hinged_lid__seed_0000.png
G0453,tailor_s_dummy,picture_backed,Textiles_Fabric,Tailor's dummy,/mnt/zsn/lyb/arti-skill/articraft_data/picture/Textiles_Fabric/Tailor's dummy,2,,/mnt/zsn/lyb/arti-skill/articraft_data/picture/Textiles_Fabric/Tailor's dummy/001.png
G0454,Technology_Audio_Device,picture_backed,Technology,Audio_Device,/mnt/zsn/lyb/arti-skill/articraft_data/picture/Technology/Audio_Device,4,,/mnt/zsn/lyb/arti-skill/articraft_data/picture/Technology/Audio_Device/001.png
G0455,Technology_Conference_Phone,picture_backed,Technology,Conference_Phone,/mnt/zsn/lyb/arti-skill/articraft_data/picture/Technology/Conference_Phone,5,,/mnt/zsn/lyb/arti-skill/articraft_data/picture/Technology/Conference_Phone/001.png
G0456,Technology_Flashlight,picture_backed,Technology,Flashlight,/mnt/zsn/lyb/arti-skill/articraft_data/picture/Technology/Flashlight,2,,/mnt/zsn/lyb/arti-skill/articraft_data/picture/Technology/Flashlight/001.png
G0457,Technology_Graphics_Card,picture_backed,Technology,Graphics_Card,/mnt/zsn/lyb/arti-skill/articraft_data/picture/Technology/Graphics_Card,4,,/mnt/zsn/lyb/arti-skill/articraft_data/picture/Technology/Graphics_Card/001.png
G0458,Technology_Keyboard,picture_backed,Technology,Keyboard,/mnt/zsn/lyb/arti-skill/articraft_data/picture/Technology/Keyboard,2,,/mnt/zsn/lyb/arti-skill/articraft_data/picture/Technology/Keyboard/001.png
G0459,Technology_Laptop,picture_backed,Technology,Laptop,/mnt/zsn/lyb/arti-skill/articraft_data/picture/Technology/Laptop,2,,/mnt/zsn/lyb/arti-skill/articraft_data/picture/Technology/Laptop/001.png
G0460,Technology_Mobile_Phone,picture_backed,Technology,Mobile_Phone,/mnt/zsn/lyb/arti-skill/articraft_data/picture/Technology/Mobile_Phone,2,,/mnt/zsn/lyb/arti-skill/articraft_data/picture/Technology/Mobile_Phone/001.png
G0461,Technology_Monitor,picture_backed,Technology,Monitor,/mnt/zsn/lyb/arti-skill/articraft_data/picture/Technology/Monitor,2,,/mnt/zsn/lyb/arti-skill/articraft_data/picture/Technology/Monitor/001.png
G0462,Technology_Printer,picture_backed,Technology,Printer,/mnt/zsn/lyb/arti-skill/articraft_data/picture/Technology/Printer,3,,/mnt/zsn/lyb/arti-skill/articraft_data/picture/Technology/Printer/001.png
G0463,Technology_Remote_Control,picture_backed,Technology,Remote_Control,/mnt/zsn/lyb/arti-skill/articraft_data/picture/Technology/Remote_Control,2,,/mnt/zsn/lyb/arti-skill/articraft_data/picture/Technology/Remote_Control/001.png
G0464,Technology_Security_Camera,picture_backed,Technology,Security_Camera,/mnt/zsn/lyb/arti-skill/articraft_data/picture/Technology/Security_Camera,4,,/mnt/zsn/lyb/arti-skill/articraft_data/picture/Technology/Security_Camera/001.png
G0465,Technology_Telescope,picture_backed,Technology,Telescope,/mnt/zsn/lyb/arti-skill/articraft_data/picture/Technology/Telescope,2,,/mnt/zsn/lyb/arti-skill/articraft_data/picture/Technology/Telescope/001.png
G0466,telescoping_boom,builtin_no_picture,builtin_no_picture,,,1,,/mnt/zsn/data/particulate/datasets/PV-A/renders/builtin99_representatives/telescoping_boom__seed_0000.png
G0467,telescoping_fishing_rod,picture_backed,0611,telescoping_fishing_rod,/mnt/zsn/lyb/arti-skill/articraft_data/picture/0611/telescoping_fishing_rod,2,,/mnt/zsn/lyb/arti-skill/articraft_data/picture/0611/telescoping_fishing_rod/001.png
G0468,telescoping_pointer,picture_backed,0611,telescoping_pointer,/mnt/zsn/lyb/arti-skill/articraft_data/picture/0611/telescoping_pointer,1,,/mnt/zsn/lyb/arti-skill/articraft_data/picture/0611/telescoping_pointer/001.png
G0469,threestage_telescoping_slide,builtin_no_picture,builtin_no_picture,,,1,,/mnt/zsn/data/particulate/datasets/PV-A/renders/builtin99_representatives/threestage_telescoping_slide__seed_0000.png
G0470,tractor,picture_backed,Agricultural,Tractor,/mnt/zsn/lyb/arti-skill/articraft_data/picture/Agricultural/Tractor,2,,/mnt/zsn/lyb/arti-skill/articraft_data/picture/Agricultural/Tractor/001.png
G0471,traditional_windmill,builtin_no_picture,builtin_no_picture,,,1,,/mnt/zsn/data/particulate/datasets/PV-A/renders/builtin99_representatives/traditional_windmill__seed_0000.png
G0472,trekking_pole_collapsible,picture_backed,Camping_Outdoor Gear,Trekking pole collapsible,/mnt/zsn/lyb/arti-skill/articraft_data/picture/Camping_Outdoor Gear/Trekking pole collapsible,2,,/mnt/zsn/lyb/arti-skill/articraft_data/picture/Camping_Outdoor Gear/Trekking pole collapsible/001.png
G0473,tricycle,picture_backed,0611,tricycle,/mnt/zsn/lyb/arti-skill/articraft_data/picture/0611/tricycle,1,,/mnt/zsn/lyb/arti-skill/articraft_data/picture/0611/tricycle/001.png
G0474,tripod,picture_backed,0611,tripod,/mnt/zsn/lyb/arti-skill/articraft_data/picture/0611/tripod,3,,/mnt/zsn/lyb/arti-skill/articraft_data/picture/0611/tripod/001.png
G0475,trombone,picture_backed,0611,trombone,/mnt/zsn/lyb/arti-skill/articraft_data/picture/0611/trombone,2,,/mnt/zsn/lyb/arti-skill/articraft_data/picture/0611/trombone/001.png
G0476,trumpet,picture_backed,0611,trumpet,/mnt/zsn/lyb/arti-skill/articraft_data/picture/0611/trumpet,2,,/mnt/zsn/lyb/arti-skill/articraft_data/picture/0611/trumpet/001.png
G0477,tube_cutter,picture_backed,0611,tube_cutter,/mnt/zsn/lyb/arti-skill/articraft_data/picture/0611/tube_cutter,3,,/mnt/zsn/lyb/arti-skill/articraft_data/picture/0611/tube_cutter/001.png
G0478,turnbuckle,picture_backed,0611,turnbuckle,/mnt/zsn/lyb/arti-skill/articraft_data/picture/0611/turnbuckle,4,,/mnt/zsn/lyb/arti-skill/articraft_data/picture/0611/turnbuckle/001.png
G0479,turnstile_gates,builtin_no_picture,builtin_no_picture,,,1,,/mnt/zsn/data/particulate/datasets/PV-A/renders/builtin99_representatives/turnstile_gates__seed_0000.png
G0480,turntable,builtin_no_picture,builtin_no_picture,,,1,,/mnt/zsn/data/particulate/datasets/PV-A/renders/builtin99_representatives/turntable__seed_0000.png
G0481,tv_cabinet,picture_backed,0611,TV_cabinet,/mnt/zsn/lyb/arti-skill/articraft_data/picture/0611/TV_cabinet,7,,/mnt/zsn/lyb/arti-skill/articraft_data/picture/0611/TV_cabinet/001.png
G0482,tv_wall_mount,picture_backed,0611,tv_wall_mount,/mnt/zsn/lyb/arti-skill/articraft_data/picture/0611/tv_wall_mount,4,,/mnt/zsn/lyb/arti-skill/articraft_data/picture/0611/tv_wall_mount/001.png
G0483,twojoint_prismatic_chain,builtin_no_picture,builtin_no_picture,,,1,,/mnt/zsn/data/particulate/datasets/PV-A/renders/builtin99_representatives/twojoint_prismatic_chain__seed_0000.png
G0484,twojoint_revolute_chain,builtin_no_picture,builtin_no_picture,,,1,,/mnt/zsn/data/particulate/datasets/PV-A/renders/builtin99_representatives/twojoint_revolute_chain__seed_0000.png
G0485,universal_joint,picture_backed,0611,universal_joint,/mnt/zsn/lyb/arti-skill/articraft_data/picture/0611/universal_joint,2,,/mnt/zsn/lyb/arti-skill/articraft_data/picture/0611/universal_joint/001.png
G0486,Urban_Environment_bucket1,picture_backed,Urban Environment,bucket1,/mnt/zsn/lyb/arti-skill/articraft_data/picture/Urban Environment/bucket1,1,,/mnt/zsn/lyb/arti-skill/articraft_data/picture/Urban Environment/bucket1/001.png
G0487,Urban_Environment_bucket2,picture_backed,Urban Environment,bucket2,/mnt/zsn/lyb/arti-skill/articraft_data/picture/Urban Environment/bucket2,1,,/mnt/zsn/lyb/arti-skill/articraft_data/picture/Urban Environment/bucket2/001.png
G0488,Urban_Environment_Caster_Trolley,picture_backed,Urban Environment,Caster Trolley,/mnt/zsn/lyb/arti-skill/articraft_data/picture/Urban Environment/Caster Trolley,4,,/mnt/zsn/lyb/arti-skill/articraft_data/picture/Urban Environment/Caster Trolley/001.png
G0489,Urban_Environment_Caster_Trolley2,picture_backed,Urban Environment,Caster Trolley2,/mnt/zsn/lyb/arti-skill/articraft_data/picture/Urban Environment/Caster Trolley2,1,,/mnt/zsn/lyb/arti-skill/articraft_data/picture/Urban Environment/Caster Trolley2/001.png
G0490,Urban_Environment_Draft_Wagon,picture_backed,Urban Environment,Draft Wagon,/mnt/zsn/lyb/arti-skill/articraft_data/picture/Urban Environment/Draft Wagon,3,,/mnt/zsn/lyb/arti-skill/articraft_data/picture/Urban Environment/Draft Wagon/001.png
G0491,Urban_Environment_Fire_cabinet,picture_backed,Urban Environment,Fire cabinet,/mnt/zsn/lyb/arti-skill/articraft_data/picture/Urban Environment/Fire cabinet,1,,/mnt/zsn/lyb/arti-skill/articraft_data/picture/Urban Environment/Fire cabinet/001.png
G0492,Urban_Environment_Fire_Extinguisher,picture_backed,Urban Environment,Fire Extinguisher,/mnt/zsn/lyb/arti-skill/articraft_data/picture/Urban Environment/Fire Extinguisher,1,,/mnt/zsn/lyb/arti-skill/articraft_data/picture/Urban Environment/Fire Extinguisher/001.png
G0493,Urban_Environment_Fire_Hydrant,picture_backed,Urban Environment,Fire Hydrant,/mnt/zsn/lyb/arti-skill/articraft_data/picture/Urban Environment/Fire Hydrant,2,,/mnt/zsn/lyb/arti-skill/articraft_data/picture/Urban Environment/Fire Hydrant/001.png
G0494,Urban_Environment_Garbage_bin,picture_backed,Urban Environment,Garbage bin,/mnt/zsn/lyb/arti-skill/articraft_data/picture/Urban Environment/Garbage bin,1,,/mnt/zsn/lyb/arti-skill/articraft_data/picture/Urban Environment/Garbage bin/001.png
G0495,Urban_Environment_Large_Trashcan,picture_backed,Urban Environment,Large Trashcan,/mnt/zsn/lyb/arti-skill/articraft_data/picture/Urban Environment/Large Trashcan,2,,/mnt/zsn/lyb/arti-skill/articraft_data/picture/Urban Environment/Large Trashcan/001.png
G0496,Urban_Environment_Mailbox,picture_backed,Urban Environment,Mailbox,/mnt/zsn/lyb/arti-skill/articraft_data/picture/Urban Environment/Mailbox,3,,/mnt/zsn/lyb/arti-skill/articraft_data/picture/Urban Environment/Mailbox/001.png
G0497,Urban_Environment_Manhole_cover,picture_backed,Urban Environment,Manhole cover,/mnt/zsn/lyb/arti-skill/articraft_data/picture/Urban Environment/Manhole cover,4,,/mnt/zsn/lyb/arti-skill/articraft_data/picture/Urban Environment/Manhole cover/001.png
G0498,Urban_Environment_Phone_box,picture_backed,Urban Environment,Phone box,/mnt/zsn/lyb/arti-skill/articraft_data/picture/Urban Environment/Phone box,1,,/mnt/zsn/lyb/arti-skill/articraft_data/picture/Urban Environment/Phone box/001.png
G0499,Urban_Environment_Public_toilet,picture_backed,Urban Environment,Public toilet,/mnt/zsn/lyb/arti-skill/articraft_data/picture/Urban Environment/Public toilet,1,,/mnt/zsn/lyb/arti-skill/articraft_data/picture/Urban Environment/Public toilet/001.png
G0500,Urban_Environment_Public_toilet1,picture_backed,Urban Environment,Public toilet,/mnt/zsn/lyb/arti-skill/articraft_data/picture/Urban Environment/Public toilet,1,G0499,/mnt/zsn/lyb/arti-skill/articraft_data/picture/Urban Environment/Public toilet/001.png
G0501,Urban_Environment_Roof_antena,picture_backed,Urban Environment,Roof antena,/mnt/zsn/lyb/arti-skill/articraft_data/picture/Urban Environment/Roof antena,1,,/mnt/zsn/lyb/arti-skill/articraft_data/picture/Urban Environment/Roof antena/001.png
G0502,Urban_Environment_sci_fi_satellite_dish,picture_backed,Urban Environment,sci-fi satellite dish,/mnt/zsn/lyb/arti-skill/articraft_data/picture/Urban Environment/sci-fi satellite dish,1,,/mnt/zsn/lyb/arti-skill/articraft_data/picture/Urban Environment/sci-fi satellite dish/001.png
G0503,Urban_Environment_Tilt_Truck1,picture_backed,Urban Environment,Tilt Truck1,/mnt/zsn/lyb/arti-skill/articraft_data/picture/Urban Environment/Tilt Truck1,4,,/mnt/zsn/lyb/arti-skill/articraft_data/picture/Urban Environment/Tilt Truck1/001.png
G0504,Urban_Environment_Tilt_Truck2,picture_backed,Urban Environment,Tilt Truck2,/mnt/zsn/lyb/arti-skill/articraft_data/picture/Urban Environment/Tilt Truck2,4,,/mnt/zsn/lyb/arti-skill/articraft_data/picture/Urban Environment/Tilt Truck2/001.png
G0505,Urban_Environment_Trashcan1,picture_backed,Urban Environment,Trashcan1,/mnt/zsn/lyb/arti-skill/articraft_data/picture/Urban Environment/Trashcan1,2,,/mnt/zsn/lyb/arti-skill/articraft_data/picture/Urban Environment/Trashcan1/001.png
G0506,Urban_Environment_Trashcan2,picture_backed,Urban Environment,Trashcan2,/mnt/zsn/lyb/arti-skill/articraft_data/picture/Urban Environment/Trashcan2,3,,/mnt/zsn/lyb/arti-skill/articraft_data/picture/Urban Environment/Trashcan2/001.png
G0507,Urban_Environment_utility_box,picture_backed,Urban Environment,utility box,/mnt/zsn/lyb/arti-skill/articraft_data/picture/Urban Environment/utility box,4,,/mnt/zsn/lyb/arti-skill/articraft_data/picture/Urban Environment/utility box/001.png
G0508,Urban_Environment_Well_lid,picture_backed,Urban Environment,Well lid,/mnt/zsn/lyb/arti-skill/articraft_data/picture/Urban Environment/Well lid,1,,/mnt/zsn/lyb/arti-skill/articraft_data/picture/Urban Environment/Well lid/001.png
G0509,usb_drive_with_swivel_cover,builtin_no_picture,builtin_no_picture,,,1,,/mnt/zsn/data/particulate/datasets/PV-A/renders/builtin99_representatives/usb_drive_with_swivel_cover__seed_0000.png
G0510,vane_array_with_independent_pivots,builtin_no_picture,builtin_no_picture,,,1,,/mnt/zsn/data/particulate/datasets/PV-A/renders/builtin99_representatives/vane_array_with_independent_pivots__seed_0000.png
G0511,Vehicle_Sports_car,picture_backed,Vehicle,Sports car_,/mnt/zsn/lyb/arti-skill/articraft_data/picture/Vehicle/Sports car_,4,,/mnt/zsn/lyb/arti-skill/articraft_data/picture/Vehicle/Sports car_/001.png
G0512,waffle_maker,picture_backed,0611,waffle_maker,/mnt/zsn/lyb/arti-skill/articraft_data/picture/0611/waffle_maker,5,,/mnt/zsn/lyb/arti-skill/articraft_data/picture/0611/waffle_maker/001.png
G0513,walking_cane,picture_backed,0611,Walking_cane,/mnt/zsn/lyb/arti-skill/articraft_data/picture/0611/Walking_cane,3,,/mnt/zsn/lyb/arti-skill/articraft_data/picture/0611/Walking_cane/001.png
G0514,wall_safe_with_hinged_door_and_dial,builtin_no_picture,builtin_no_picture,,,1,,/mnt/zsn/data/particulate/datasets/PV-A/renders/builtin99_representatives/wall_safe_with_hinged_door_and_dial__seed_0000.png
G0515,watch,picture_backed,0611,watch,/mnt/zsn/lyb/arti-skill/articraft_data/picture/0611/watch,5,,/mnt/zsn/lyb/arti-skill/articraft_data/picture/0611/watch/001.png
G0516,water_filter_pump,picture_backed,Camping_Outdoor Gear,Water filter pump,/mnt/zsn/lyb/arti-skill/articraft_data/picture/Camping_Outdoor Gear/Water filter pump,2,,/mnt/zsn/lyb/arti-skill/articraft_data/picture/Camping_Outdoor Gear/Water filter pump/001.png
G0517,watering_can,picture_backed,Agricultural,Watering can,/mnt/zsn/lyb/arti-skill/articraft_data/picture/Agricultural/Watering can,1,,/mnt/zsn/lyb/arti-skill/articraft_data/picture/Agricultural/Watering can/001.png
G0518,wheelbarrow,builtin_no_picture,builtin_no_picture,,,1,,/mnt/zsn/data/particulate/datasets/PV-A/renders/builtin99_representatives/wheelbarrow__seed_0000.png
G0519,wheelie_bin_with_hinged_lid,builtin_no_picture,builtin_no_picture,,,1,,/mnt/zsn/data/particulate/datasets/PV-A/renders/builtin99_representatives/wheelie_bin_with_hinged_lid__seed_0000.png
G0520,whiteboard_easel,picture_backed,Workspace,Whiteboard easel,/mnt/zsn/lyb/arti-skill/articraft_data/picture/Workspace/Whiteboard easel,2,,/mnt/zsn/lyb/arti-skill/articraft_data/picture/Workspace/Whiteboard easel/001.png
G0521,wind_turbine,builtin_no_picture,builtin_no_picture,,,1,,/mnt/zsn/data/particulate/datasets/PV-A/renders/builtin99_representatives/wind_turbine__seed_0000.png
G0522,Window_Sliding_window,picture_backed,Window,Sliding window,/mnt/zsn/lyb/arti-skill/articraft_data/picture/Window/Sliding window,3,,/mnt/zsn/lyb/arti-skill/articraft_data/picture/Window/Sliding window/001.png
G0523,Window_Window,picture_backed,Window,Window,/mnt/zsn/lyb/arti-skill/articraft_data/picture/Window/Window,9,,/mnt/zsn/lyb/arti-skill/articraft_data/picture/Window/Window/001.png
G0524,windshield_wiper_assembly,builtin_no_picture,builtin_no_picture,,,1,,/mnt/zsn/data/particulate/datasets/PV-A/renders/builtin99_representatives/windshield_wiper_assembly__seed_0000.png
G0525,wine_cabinet,picture_backed,0611,wine_cabinet,/mnt/zsn/lyb/arti-skill/articraft_data/picture/0611/wine_cabinet,3,,/mnt/zsn/lyb/arti-skill/articraft_data/picture/0611/wine_cabinet/001.png
G0526,wine_cabinet1,picture_backed,0611,wine_cabinet1,/mnt/zsn/lyb/arti-skill/articraft_data/picture/0611/wine_cabinet1,4,,/mnt/zsn/lyb/arti-skill/articraft_data/picture/0611/wine_cabinet1/001.png
G0527,wine_cabinet2,picture_backed,0611,wine_cabinet2,/mnt/zsn/lyb/arti-skill/articraft_data/picture/0611/wine_cabinet2,4,,/mnt/zsn/lyb/arti-skill/articraft_data/picture/0611/wine_cabinet2/001.png
G0528,wine_rack,picture_backed,0611,Wine_rack,/mnt/zsn/lyb/arti-skill/articraft_data/picture/0611/Wine_rack,1,,/mnt/zsn/lyb/arti-skill/articraft_data/picture/0611/Wine_rack/001.png
G0529,worm_gear_and_wheel_assembly,picture_backed,0611,worm_gear_and_wheel_assembly,/mnt/zsn/lyb/arti-skill/articraft_data/picture/0611/worm_gear_and_wheel_assembly,2,,/mnt/zsn/lyb/arti-skill/articraft_data/picture/0611/worm_gear_and_wheel_assembly/001.png
G0530,wrench_set,picture_backed,0611,Wrench_set,/mnt/zsn/lyb/arti-skill/articraft_data/picture/0611/Wrench_set,2,,/mnt/zsn/lyb/arti-skill/articraft_data/picture/0611/Wrench_set/001.png
G0531,zippo_lighter,builtin_no_picture,builtin_no_picture,,,1,,/mnt/zsn/data/particulate/datasets/PV-A/renders/builtin99_representatives/zippo_lighter__seed_0000.png
