tsne_x,tsne_y,category,source,model_id,view_count
43.8925629,-22.7537441,aerosol_can,3dw,256cab538afb0e2c24c1dae961c37e57,16
39.2448387,-23.0035915,aerosol_can,3dw,2965f6268caecf604ab66e8aee61c10e,16
43.9263039,-23.0773678,aerosol_can,objaverse,0adc4e0dd1344d91a71a1597933db68e,16
44.8025551,-23.0032825,aerosol_can,objaverse,4c8af55af44c4e888fa9e3ca037f65e3,16
40.6934128,-22.0489063,aerosol_can,objaverse,6dba40d87e2547d4b6f764fa36ff2bbe,16
44.1245193,-23.0750504,aerosol_can,objaverse,aa77678c92814abdb22d7975c88687bf,16
39.9831657,-22.9487057,aerosol_can,objaverse,ef58952aec3b4a93a514f5fff5607d1a,16
40.1407738,-21.2348576,aerosol_can,objaverse_xl,0c178423638bb7deb2b0eb54de7c28aa6cbb5b6704893ee00a2ae073a609f43b,16
40.3634491,-22.3193531,aerosol_can,objaverse_xl,3c0eef618e1a2f4f477f648f3b74cf31f597686b84887eaac25d21d11ceb1e90,16
40.2849121,-22.7545528,aerosol_can,objaverse_xl,54defceed6aa74df4b2dc35ceb3d1a00b762dcf4857104fbd3143ca4d5638d1a,16
40.513485,-22.3949299,aerosol_can,objaverse_xl,60687f522812f0ee18e8b77045420eb096eff8aaafc9a7c4f04d1fca5634d987,16
44.702198,-23.0804691,aerosol_can,objaverse_xl,66405591e063445bd68937052010c514c40013f71463f815637bfb5296044913,16
39.9747734,-22.6077595,aerosol_can,objaverse_xl,c686040727519dde172ba46d69ee7ce4df4607d3e72625bcc0a7082273b4e1b9,16
40.8515396,-22.0958691,aerosol_can,objaverse_xl,d35e6c5258a3dd7d4e30e17d5d4773b44a680ec4a488b9c4d66f9d2ae93cb19f,16
40.595726,-22.2328968,aerosol_can,objaverse_xl,ed0f2de2e0ab86665e80a974f15dce23ee69723d0a43cfe305fcde281790f49e,16
43.8634491,-22.520647,aerosol_can,objaverse_xl,f0c1582a186fe47d067940d1c6a82e9f91591d26e81ca514b3734b1c56a03d16,16
43.6757545,-23.2598381,aerosol_can,texverse,04d1ea511812473999cad176cbc6911a_1024,16
41.2238808,-22.0554008,aerosol_can,texverse,31ab421e1dbf408a99f3f95d19dd786d_1024,16
44.6318169,-22.7634068,aerosol_can,texverse,463f6a9f8a76441c9d7b5ed78ac73598_1024,16
42.7166634,-22.4319572,aerosol_can,texverse,678b0789336b4f05ac367a5d748509d9_1024,16
-1.75569212,-4.18545055,armoire,3dfModel,ab16f4ce-dc13-4694-bb5b-288c850a12aa,16
-25.355587,19.1114979,armoire,3dfModel,f7efeaa4-5b51-416f-9f0b-33d9714b4fae,16
-31.39645,-17.7488174,armoire,3dw,2da8942b9375ced92d00acc55ae8d65,16
-34.2587318,23.0665455,armoire,3dw,5dd80ce8c9963063c8f389b1356acc7,16
-32.2296104,28.9588184,armoire,3dw,63150191888d2b57f4794440e5445196,16
-33.6462326,25.4071541,armoire,3dw,7402940980c4a422cb8fd9b8e3886ff7,16
-31.8600197,25.0331001,armoire,3dw,9b020ead02a68b5e63b8587dbb53fa73,16
-44.8166618,-6.5556016,armoire,3dw,b6ad99b4cc31451a2c9bcb7d372748d2,16
-31.8753147,23.9523888,armoire,3dw,baf19a5513fdeee2504b6d44202efbee,16
-0.582613468,-3.60055184,armoire,3dw,c30743883f83aafc28071c9cb2d83c67,16
-3.6162796,-4.6517601,armoire,3dw,d93d7016eae04efc3c2e50348f23d3d,16
2.30608368,14.5868206,armoire,3dw,ecd8db3abbf3309e48fda83c10428379,16
3.63118005,18.5691566,armoire,fpModel,03ba174d13db7f909a79cb64d4319383c6fa99ee,16
0.0453973822,-4.43986702,armoire,fpModel,0435460643f982a6b247ee4cd009c9a56eb133cb,16
-29.5390854,19.7381535,armoire,fpModel,0486ae7dd0b011240a162dc0ff1d96e2cac23dca,16
4.72057104,18.181963,armoire,fpModel,0546a524f6584d5beeaf8a72b3df494f9ceeec90,16
-27.2612438,19.6658516,armoire,fpModel,06764d11dcec69878cc762c36482be5ef2865443,16
-18.6894302,19.1407623,armoire,fpModel,0760a3dd43bd9dd9c0ec1ea4e033c6e121d92df5,16
-31.0511761,22.1174545,armoire,fpModel,08045ba4de0a267910c938a065e0842159d3c0e6,16
1.74828017,16.5951214,armoire,fpModel,0ac0bc57b0ac6ed9925ae77a5cbe4db447c89e6b,16
-25.1375008,19.4310989,armoire,fpModel,0c5661f4da12434fca0546701f1b00c22edd563f,16
-23.0340996,20.4005833,armoire,fpModel,0f38ea137f95af6829a411432627e3272fa3906a,16
-33.3949356,18.5830135,armoire,fpModel,11f8b552a802c6233a1332713568f05f901b725c,16
4.88136721,18.1721478,armoire,fpModel,12001de4686bf2e4b9c721c93b35a424dd48249f,16
4.8422389,18.3502083,armoire,fpModel,12279170351af560f40ced884359cc539984e111,16
-29.2896118,18.7549248,armoire,fpModel,128b5f2d072869004b7a218ab674f93f73a66670,16
-31.2014389,21.7915649,armoire,fpModel,16b93d86d1a466f5982e60c8d322ddd8f312056e,16
0.987918913,16.0650024,armoire,fpModel,17a563b45ad4ccdd0ec9e026cacb949657536e48,16
-43.9883957,-5.63677979,armoire,fpModel,19bc84c6aca89995b69259a0ec179eaa5532ba2b,16
-27.8907585,20.7989445,armoire,fpModel,1df8886bf3b249e75336ee557458ab673766a06c,16
-25.4455166,20.8221378,armoire,fpModel,1ffa630662e8feac26e3f7f6c41f8afc66a81928,16
-29.5556736,22.1522961,armoire,fpModel,21558be8922692da15d54962cb7e5ab2c4fb6653,16
-1.75541246,-5.95140314,armoire,fpModel,277a090638f90cdcd36bb8289cbb5aa153032fad,16
-3.26223207,-5.23810053,armoire,fpModel,27eda9b8daae5b3b6748bc329fe7e312cbd9d232,16
1.71776414,16.5064564,armoire,fpModel,28098e6540f2f2fc07f7fc6a00edd6ce371a2618,16
-27.6655712,20.2061253,armoire,fpModel,28555a5e8afd0f7833d23fb947b228461bd5baf1,16
1.04376256,-1.88463247,armoire,fpModel,2c31adfeb4c1596fba2992437c4ce203633dce21,16
-2.59015393,-1.81430686,armoire,fpModel,2e32ff526dbeb03092164450a309d084a99879cd,16
-32.1816864,17.5485573,armoire,fpModel,3033be75f2ac15885e8f4813dc55e168af09e91f,16
12.4414978,34.9443359,armoire,fpModel,30ebb83f48ea03738e4530f17940775b8a251b03,16
-27.0491276,16.5303345,armoire,fpModel,36cb9151e8746f132b466046b29dc649edff0683,16
-27.8005161,21.3376007,armoire,fpModel,38aad23d1a6ab4834f48025e25ff7143c2f92078,16
-27.1561661,14.6701813,armoire,fpModel,3a48ae6d5886879be81acaec677cbd8cdbd3f2db,16
0.448816508,14.0935249,armoire,fpModel,41bafa470b4e4eb9ed3a8fb57a8d4ba5b321a939,16
-43.5997849,-5.6533308,armoire,fpModel,44067754e792986cd4f827d28d3776ca78338176,16
0.573911071,16.1040249,armoire,fpModel,4b02240753963be92086f8fb2e1ec3e2a3259e77,16
0.435815483,13.9397688,armoire,fpModel,4ba52fb378a3d5f0e77f42146cc0d9c248479ace,16
-44.109623,-5.29686069,armoire,fpModel,4e0a645fa6515ad09308a5243cd77e3975e4c4da,16
-27.0444145,21.3287144,armoire,fpModel,51b1228d7e9384c9c8b70e2de4a86426b0c2d818,16
-27.4252663,21.2031765,armoire,fpModel,5234e3e43ed32fc53724bb4052eb1bce39109e02,16
-33.4925842,18.5104065,armoire,fpModel,52ece22f4c47ace86f4635ce5d3498d1e7a09689,16
-30.4993992,19.6541443,armoire,fpModel,57966e0a857591dab70815223ad393ffb6134f5b,16
-29.8522778,22.9472485,armoire,fpModel,5855df4f61c036448115abedf5aa947a6383b1ce,16
6.51606274,18.3933849,armoire,fpModel,59ddc22886fd0f1bd7dab823ef7d90ad634d248f,16
12.0695553,35.2106209,armoire,fpModel,5e74de078d0d0bd18ecb9f41feb1fd2aef42d478,16
-42.3329239,-2.03137922,armoire,fpModel,602e95402b712af5ac6273ce4d2d2e6f57229516,16
6.20041752,18.4029732,armoire,fpModel,674b628a31866a0ccef740fbb4836d8aca5a5d51,16
0.224811181,15.7175846,armoire,fpModel,68e0c3ea856e5d85c915e534db8f7ce071012e58,16
-29.5879402,20.7590199,armoire,fpModel,69340d8678701e72f39cc01890da1b8af3fd603d,16
-0.864858329,-5.50071144,armoire,fpModel,6f2bb312036ebbae505dbdc84cd4316e48736776,16
-0.11426875,14.3010263,armoire,fpModel,7094e30496b2735c235819e99c509769dc30502d,16
1.25786507,15.1976109,armoire,fpModel,74da20ef257e10a06164a588ce1e2f80c43f543c,16
-26.8698769,21.4607029,armoire,fpModel,7629cab57668d2f1befe0a554e212d4f36849056,16
-44.7026978,-5.76625776,armoire,fpModel,7e7d4081032a219390bc671fc4a88f2ef0a466ff,16
-25.7164936,20.3544846,armoire,fpModel,83d5a78a042210c917fd7d14d57ac69feb6988f0,16
-30.58708,20.330719,armoire,fpModel,8415f258d5e129e9bb63cab54c7c207e04c0dfed,16
3.45075154,17.4184074,armoire,fpModel,86503db5b715ed604e238d74f99701ccc418592e,16
1.00076711,-2.35282445,armoire,fpModel,8adff54532c5b497625e63c05997fa166786f5f3,16
-1.32989752,-4.74400377,armoire,fpModel,917eb4faafe8d1c12b815376f9742eefbe5b8f75,16
0.680550158,13.4071655,armoire,fpModel,91e3292c3524a014023015d2e498f39b4f0cea37,16
3.71932125,17.9606915,armoire,fpModel,95c48a9ba1e1531fe26ca7068d11f3e3ebdf178c,16
-31.245224,18.5391293,armoire,fpModel,9e738f6b2ba6fe3bace3de086e55370ecb4c1a79,16
0.991580725,15.1613111,armoire,fpModel,a2546f59391df58427404b45a53dbfbdc70f77bd,16
6.0506115,18.8273582,armoire,fpModel,a279753d53f40ac43e222bf0cc86b08ce0911d50,16
0.0738290027,-4.43271589,armoire,fpModel,aae86871741a96090f4a07f39db579f778d53aa0,16
1.53713214,14.8863964,armoire,fpModel,ab56aaa7f6e5e1baf9382b507d105db411484a50,16
5.86660528,19.3386936,armoire,fpModel,ad4b7198f5d3fa326398c1c239a4e6c830ed3320,16
-31.511982,21.8887253,armoire,fpModel,b035d7f8ef2f8becc5585d131ad31c5ffc708083,16
-0.135823101,-3.18910027,armoire,fpModel,b89676c68f7f6513c6b3fe07d46350e427acd54b,16
-0.927074194,-3.02353096,armoire,fpModel,bbbd1200db14a6d56f7e0ec9b761c4cd011794fc,16
-30.3456593,21.8388367,armoire,fpModel,bd66ae3b3a35cd718f3befa8d2dc74205d537c74,16
-30.8809662,21.0256805,armoire,fpModel,c577041acb239ce222181e716bcc5e3b4c097305,16
1.11443293,14.8479681,armoire,fpModel,c58f80fee5a4b2d9463effc9618e33b68eb7a9c5,16
-0.104763173,14.6927471,armoire,fpModel,c7c5a1b22bc45672ee746040a0113a80f8e85531,16
2.92142677,-3.0316534,armoire,fpModel,cd6cfef40870510516a4cdc79c3168924284cbec,16
5.89001846,18.4016037,armoire,fpModel,d34539104b7eb3776fa7e3259c2b5ba6e21154a1,16
-1.51618242,-5.90171957,armoire,fpModel,d47861b542c4f2e8fe9adcf86d55e26e12d1a213,16
-24.8136234,20.6911259,armoire,fpModel,d595ed74fb59b637c5175d3d775421788ab9cfed,16
-29.2456627,18.7870655,armoire,fpModel,d6a8ea7841967baf3eb2dcb20eff191c0382c9cb,16
-2.04004478,-6.18134451,armoire,fpModel,daa2bae8cc5b6febde6578bf827b310107619caa,16
0.219425976,15.5158691,armoire,fpModel,db19f85684c964132250926f988da86ac513baa6,16
-22.1655769,19.8861141,armoire,fpModel,db99ea06891a3dbce721816075f0f8de683dbde1,16
-2.63783503,-2.05733991,armoire,fpModel,e073005a5e9c826bea7bb60485c7c7fc12901017,16
-1.13597524,-2.86772704,armoire,fpModel,e1085698f8090a287a6115006d23e8f6dc68e92b,16
-30.547596,21.6393089,armoire,fpModel,e1bd0f66a94b27878f1114d2341c3abce3491189,16
-33.0334854,24.8912888,armoire,fpModel,e432bd2619cb6eb619e6bf72ffa6a39892c92b7d,16
-25.6685143,19.9916725,armoire,fpModel,eb44268ba2ef9bc41c22e47617568af49aba9ee0,16
-0.821122348,-5.15925741,armoire,fpModel,ed3ac6c284f74cdb9212dbfb8f166c8602df82a4,16
-18.6565151,19.1138458,armoire,fpModel,f19f4eb60204eef42a4dc3b073ef9006916a2c0b,16
-32.0721664,17.6149864,armoire,fpModel,f4bc230471d6dd823233c7305235aa2ed2a4f98b,16
0.956101298,13.3323469,armoire,fpModel,f55b08dbf09d3ff3401465721f3e482c9b69f09c,16
-11.4260559,-7.71103334,armoire,fpModel,f9aa6e3c89a05941c1eb6859bade56571bc54a1a,16
-31.1527786,18.6103764,armoire,fpModel,fa4b1d6372666ce51c59b0cb1d82d2c8fdc9d2ab,16
12.6786757,34.7014885,armoire,fpModel,fa786f463631d9e8ab7b794d8df610a233a445eb,16
-0.123615161,-5.96408558,armoire,fpModel,fc9f8dd33db0aad0f8179a4e1e448cbb46bbcddd,16
-44.9433937,-6.27463913,armoire,wss,4ac778bfc7acaf3eeb1646d537959b18,16
-26.5183525,16.2814503,armoire,wss,581c8baea2ec1161e8109480f4780398,16
-35.3989105,25.7694168,armoire,wss,7c5a375035a8b19ce8479ad2eabcbab4,16
-3.32055259,-4.40365505,armoire,wss,7f416248bb57f1c0598f1102685df4cd,16
-2.25926018,-6.34579277,armoire,wss,a81165df41c774ba33526354c39ba9cd,16
-2.54367566,-7.00499392,armoire,wss,c0940c5f37974c7af46d6fc43de3fc46,16
-29.9539185,23.9550362,armoire,wss,d80c97095901cc2b6e31219e8c9f72d3,16
-3.0819459,-3.95950198,armoire,wss,d917ca3f60dce05aaf31a22c7bed177d,16
24.2409382,-13.2438316,bar_stool,3dfModel,0f283e36-3b81-41be-9386-8b3435bd5f2f,16
23.8773365,-13.7127695,bar_stool,3dfModel,447e7b39-e2a9-3857-b889-1088270d771a,16
23.5591755,-12.274024,bar_stool,3dfModel,65577db9-83b0-4693-90c8-24c4522d071d,16
23.6778355,-12.4633865,bar_stool,3dfModel,6ebaebb4-f3e2-4331-ba0e-d61bcd0772aa,16
24.4171505,-13.4575729,bar_stool,3dw,ae5b18b3515c84ee39683a06407f7f3,16
23.6766148,-13.4455013,bar_stool,abo,B07QZ478KZ,16
23.5703354,-13.4528236,bar_stool,abo,B07R17YNZX,16
23.6528111,-13.3157635,bar_stool,abo,B07R3X38R8,16
23.5845051,-13.464241,bar_stool,abo,B07R3X4RYD,16
23.3009338,-12.5072689,bar_stool,fpModel,70bd930f4beef594c96e8f228535b7f188a161ef,16
24.4266529,-13.6026239,bar_stool,fpModel,af6ba002ca336c58af252b6de53b36aa1387ca79,16
33.2951431,-19.6330757,blender,3dw,dac56f9b33a03b63eed4b2bb88c072a8,16
33.4828072,-20.8848305,blender,fpModel,22940dc4859fd58f2234c7f2d31ef75446a30857,16
32.3516502,-20.1640339,blender,objaverse,6bb71a461929468caf5ba9a60e4529ff,16
32.3253555,-20.1583519,blender,objaverse,995ec373d380457e990057e6fdadcfab,16
32.3382759,-20.172781,blender,objaverse,d93c5f854657451d92d7ba7dfaa27888,16
32.3298874,-20.3560276,blender,objaverse_xl,2042dba9b9dba7b07f77f0a852ae9c084d7bdc6cbf57d3bf5499ee2c3fee14ff,16
33.135601,-19.338829,blender,objaverse_xl,b94ab4e53d3423d44993c0c258c8f4ede7d5d7a5dfd767c4850a9a54419b070d,16
32.8960533,-19.986393,blender,objaverse_xl,beab2452cf423c5f7589e932e13b6ef017fd3ec21fdda7ab57bcf7986e9a0f7c,16
32.6151543,-20.3895683,blender,objaverse_xl,e67f998076c3a852a21d7139b7d97835f490547c2b923ad691ccc3a7381c5646,16
33.1954117,-19.7694473,blender,texverse,4f8a84657b6549d1a8e139f1f2b47563_1024,16
32.624794,-20.4745445,blender,texverse,d5fc197375a94513a5303b00099be555_1024,16
-16.2588806,-5.02113008,bookcase,3dfModel,4c57d811-0177-4d2b-9a18-369efb8ae234,16
-16.7046528,-6.3391428,bookcase,3dfModel,c06e4978-df84-49de-aaa5-407d24d37090,16
-34.9420586,21.0272522,bookcase,3dfModel,c97bf2e1-1fa0-4267-9795-b53b19655601,16
-31.0850773,-18.0577698,bookcase,3dw,d6d136f686120d8162a280769c3934a3,16
-20.2668877,10.7568512,bookcase,fpModel,0de5288928717b30ef111c44a6af982247c279b6,16
-34.3321877,21.2501678,bookcase,fpModel,2db50fb1f8120974d6157ae9aff704a4fc9d181f_part_45,16
-29.4934654,21.1769791,bookcase,fpModel,3637d32cdd9638a7e430319da9283407b33e2129,16
-19.5120373,-5.44482517,bookcase,fpModel,3a8afefa6b4a735293520f5bd14f3ec9d456a004_part_45,16
-9.22912121,43.9985924,bookcase,fpModel,4561530bfb8b3aeacadf64388d82000b2d2e56d1,16
-15.8707466,-5.89296627,bookcase,fpModel,4ba5032a1ede242f49f624a4bad79f71b415bc7f,16
-17.6754436,-6.69989538,bookcase,fpModel,4f89b3cd70cb8d85fa7e9f050ea71aed1c3d80cb,16
-5.52184916,6.48285389,bookcase,fpModel,6410bde9a047274313c1786f8d28d777aed12fcf,16
-24.6838417,21.4724407,bookcase,fpModel,7ea8cf3577b6be995849734b877dc5a51510998e,16
-16.8789177,-6.46415758,bookcase,fpModel,8ac4d1dae919d7391b3ee3ff02cde5de46dc30e9,16
-26.0890999,21.2445335,bookcase,fpModel,925bea10c8bc2648e7e31e696ae81610c194e8e4,16
-35.1860771,20.9898109,bookcase,fpModel,979ae06f639a0a37dd07202282f5d65c3cba8425,16
-32.3486137,22.7543926,bookcase,fpModel,9ca2f0d06e506af080cb7bf4f27b0b2144ad20e4,16
12.4696522,35.6015968,bookcase,fpModel,a5ceb39dcca171665cdf5b5afe8791c6298eb9e7,16
-31.2542515,20.0878162,bookcase,fpModel,b136d105af1f63f9caaae98c3942a9415123fd0c,16
-5.33374929,5.87469625,bookcase,fpModel,d1d1e0cdaba797ee70882e63f66055675c3f1e7f,16
-2.33540487,5.89623213,bookcase,fpModel,d2f7d40d8e1a56ede42103027842e000d9cacd3e,16
-18.7675495,-5.18488646,bookcase,fpModel,d5ac460b0fb98c00928d2ea17fbf6afbd33d6da0,16
-16.1961689,-5.955585,bookcase,fpModel,d5ba163ba97f94c7aa4a4a625eb0547b8894e1a5,16
-33.2758636,21.9128532,bookcase,fpModel,e00cdf595139fa3377cd57037c9a60263d182fa3,16
-30.0461273,20.3286095,bookcase,fpModel,f05bd29fb90510885dfdcd048dd7af8234dd7d01,16
-32.0074196,-17.1626129,bookcase,wss,8dee8f6e35453e2698d5fc0473d00a1c,16
-25.6938629,16.959053,bookcase,wss,f6c0d095a49f5880fe1a61f05bc63860,16
33.0740089,6.41431665,bottle,3dw,2090afd653cef06e98b8f306d9ef389b,16
40.651577,-20.0477276,bottle,3dw,21154e75069774011e85aadf133ec2bb,16
40.7994003,-20.5337238,bottle,3dw,328f89218fd9ba30c39b9a4a817b9616,16
45.8363266,-16.2637596,bottle,3dw,3db01cda-9641-4853-bccd-2606474ad502,16
40.3438721,-16.541111,bottle,3dw,44b2dc288adc6d5af891de6ebb9065e,16
36.6632805,-22.4257812,bottle,3dw,9c3d1a76d01c37ec9921431405933fd2,16
42.6682739,-12.3590717,bottle,3dw,a2abc4f235aaad92c99a7c5a2898f1fc,16
39.6737709,-16.7549629,bottle,3dw,b776955e24e7dfc9e21cb2afd5599119,16
42.098671,-19.9683285,bottle,3dw,e75c3aeef55b02891d36a9793896730,16
45.3529243,-16.2266407,bottle,3dw,f1749b854dd0e788618a83203feeb40,16
42.6477852,-18.4615955,bottle,3dw,f5fa1f2921a8268ee0cd746086d989,16
41.0581436,-16.8139,bottle,fpModel,21527bf23974c98dc7bc88b44ba6b54ed32e676c,16
37.6463013,-10.4656029,bottle,fpModel,2af49526b00696ff2449c5e19f44d6b8e653a1b4_part_12,16
44.5033188,-19.8742409,bottle,fpModel,2af49526b00696ff2449c5e19f44d6b8e653a1b4_part_13,16
44.7965813,-19.2133389,bottle,fpModel,2af49526b00696ff2449c5e19f44d6b8e653a1b4_part_14,16
43.111084,-20.2814598,bottle,fpModel,411d4c41eb34bad684255b479ecb7f607bfc056d,16
38.4676781,-22.2355824,bottle,fpModel,6559f3e7b5325e7981d153d288fbb8e54659584a,16
44.9168396,-15.5850754,bottle,fpModel,a5554f1d7f6d6778f3ffa7513f080afbf8cea47f,16
44.334549,-19.9285278,bottle,fpModel,ad51f2c0a160cb05bb5376a6f8b2f17412eaf980,16
45.0182037,-18.34198,bottle,fpModel,ce33c1228cfca3da78e22645019258d7a92af3a9,16
45.6657486,-20.73386,bottle,fpModel,dd56f602c6c29a97bbff71f4e48f07454ec97b62_part_8,16
40.5340614,-15.867219,bottle,fpModel,f1c99d9ad79767c09aed2f6d96e1cf87f898b9df,16
43.7517853,-18.3434124,bottle,wss,109d55a137c042f5760315ac3bf2c13e,16
43.3873596,-20.0795116,bottle,wss,10d3d5961e00b2133ff038bc77759685,16
36.6957169,-16.7862835,bottle,wss,11a0f60b9baaaf59968608843530f3d7,16
42.4837418,-17.2413349,bottle,wss,1d4480abe9aa45ce51a99c0e19a8a54,16
40.2603378,-16.5064735,bottle,wss,1e5abf0465d97d826118a17db9de8c0,16
40.0324593,-17.1109676,bottle,wss,2d3f7082ad6d293daf6843c094838b08,16
40.6522141,-18.3871441,bottle,wss,371b604f78300e02d76ab6ff59fe7e10,16
44.6494904,-16.9901905,bottle,wss,43762b28fb40088f724d867867ccd9fb,16
40.737812,-17.3157406,bottle,wss,4ec31503deb053636c19a70b7478f722,16
45.5848312,-19.227972,bottle,wss,5566f264a6fa08cd2a68e506fbd6eecf,16
36.9851761,-15.4247732,bottle,wss,6aba175c988c8bec9fac57ed2e044778,16
42.4529839,-18.0182686,bottle,wss,6d680415396d14d4d7c5502d4a22edf5,16
45.5559235,-20.4478626,bottle,wss,6da7fa9722b2a12d195232a03d04563a,16
39.8219299,-17.018671,bottle,wss,7446fa250adf49c5e7ef9fff09638f8e,16
36.6827316,-16.8196754,bottle,wss,776502db6e2e680e5e4f0d37557f3953,16
39.9546165,-16.2868576,bottle,wss,8099b9d546231dd27b9c6deef486a7d8,16
44.6994209,-21.3970451,bottle,wss,81b2ce7d719326c8fd54367fe37b16,16
45.658638,-19.1016636,bottle,wss,8309e710832c07f91082f2ea630bf69e,16
42.6450005,-17.1078568,bottle,wss,a429f8eb0c3e6a1e6ea2d79f658bbae7,16
40.6085968,-19.9658833,bottle,wss,acc67510dd228d01d7cbb1f9251b6139,16
43.6565933,-18.7238331,bottle,wss,af3dda1cfe61d0fc9403b0d0536a04af,16
42.561451,-12.2899685,bottle,wss,b0652a09588f293c7e95755f464f6241,16
41.5875511,-15.9778824,bottle,wss,b1d75ad18d986ec760005b40a079e2d3,16
40.8699188,-19.0303555,bottle,wss,ba94b8c90aed65b6dfd1d17b67edb09,16
42.5312805,-18.1011181,bottle,wss,c5e425b9b1f4f42b6d7d15cb5e1928e,16
39.9519234,-17.0998287,bottle,wss,c5eb3234b73037562825656dc457df78,16
43.8206596,-18.424612,bottle,wss,e101cc44ead036294bc79c881a0e818b,16
42.1704712,-16.1693192,bottle,wss,ef631a2ce94fae3ab8966911a5afa22c,16
22.0508099,-38.9421463,bucket,3dc200,35_000,16
24.9587307,-38.7000847,bucket,3dc200,35_001,16
22.6306343,-39.5164986,bucket,3dc200,35_002,16
25.4446297,-36.2862473,bucket,3dc200,35_003,16
23.728199,-38.2907104,bucket,3dc200,35_005,16
26.6787262,-38.9011917,bucket,3dc200,35_006,16
23.4640484,-37.0728569,bucket,3dc200,35_007,16
22.0204506,-39.2474098,bucket,3dc200,35_00a,16
24.803566,-37.3450546,bucket,3dc200,35_00b,16
25.7977676,-38.2873001,bucket,3dc200,35_00d,16
25.5131531,-39.3403625,bucket,3dc200,35_00f,16
25.5037251,-36.2596359,bucket,3dc200,35_010,16
24.6013336,-38.052803,bucket,3dc200,35_011,16
25.7858391,-39.0506783,bucket,3dc200,35_012,16
25.6629925,-36.0931587,bucket,3dc200,35_013,16
26.0764561,-36.9756508,bucket,3dc200,35_015,16
25.4779415,-36.0241585,bucket,3dc200,35_017,16
24.8161335,-37.8716888,bucket,3dc200,35_018,16
26.1460476,-37.9160728,bucket,3dc200,35_019,16
22.7494183,-38.3845139,bucket,3dc200,35_01a,16
26.2078362,-38.801693,bucket,3dc200,35_01c,16
25.3619595,-38.708107,bucket,3dc200,35_01f,16
26.2388592,-36.9843216,bucket,3dc200,35_021,16
22.6407089,-38.9783669,bucket,3dc200,35_023,16
22.457613,-39.251133,bucket,3dc200,35_026,16
26.5054073,-37.9594193,bucket,3dc200,35_028,16
21.8754501,-38.0101013,bucket,3dc200,35_029,16
22.469099,-38.6019974,bucket,3dc200,35_02c,16
24.7521629,-38.4279556,bucket,3dc200,35_02d,16
23.826376,-39.1752167,bucket,3dc200,35_02f,16
25.0043659,-39.3140755,bucket,3dc200,35_031,16
23.3390102,-37.2481308,bucket,3dc200,35_032,16
25.7226887,-37.1509018,bucket,3dc200,35_034,16
22.7834129,-33.6992531,bucket,3dc200,35_035,16
26.4861851,-39.0087509,bucket,3dc200,35_045,16
24.9465542,-38.8356361,bucket,3dc200,35_046,16
22.7892971,-33.727684,bucket,3dc200,35_047,16
25.8204422,-37.8480148,bucket,3dc200,35_048,16
26.0168819,-36.2855415,bucket,3dc200,35_049,16
26.366148,-39.5804749,bucket,3dc200,35_04d,16
25.3133488,-38.2857246,bucket,3dw,719a1f0f80594f72cb633c18a6fbc156,16
25.2202225,-35.5615997,bucket,3dw,9cdb6d091efcf84f591b628c361f70ed,16
25.6155434,-37.2073441,bucket,fpModel,fc519cea87da6fe43f4d583b63ce7ba688ffe81d,16
21.7060108,-38.4671402,bucket,partnext,06cc34ad538042f49f31a395415f6b0c,16
21.4747791,-38.1720695,bucket,partnext,28367a3cf1e04c80af66384d9a72f710,16
21.9992104,-39.5740395,bucket,partnext,2af7a93e3c8845379efa488a25dac123,16
24.343401,-38.7750015,bucket,partnext,353891ac10294022bac635608b6862ea,16
20.9348412,-37.4735947,bucket,partnext,66b2be8dc57846738489d623e9b407e1,16
24.6467667,-36.3381195,bucket,wss,9baa0eed7aab576801550504988680c,16
26.8657436,-38.2272263,bucket,wss,c377cffe09ca11a57b6fd5468f603b31,16
30.9714451,13.1034784,camera,wss,ef8069fb0c4fa45454ea70ce1ed3957e,16
25.5681458,6.59353828,camera,wss,f486c2f051c05ea5e352b5685b8d43e7,16
30.9416294,13.1147223,camera,wss,f7ee121bcda734f9e25865f244b5a66,16
36.9360924,-9.892272,cap_pen,3dw,3003c646791b45e1357344bbe34f53f5,16
37.0813599,-7.65854406,cap_pen,3dw,3588dc6893669e731392000c5452879,16
37.0829773,-8.22982121,cap_pen,3dw,4d974365270af283a4cbb9b5d5e695fd,16
38.7284927,-2.28582239,cap_pen,3dw,79f832c10e1d557cb2920cf5c60c4da3,16
36.7883415,-7.38037539,cap_pen,3dw,a1e8db4ff9194437920de219c00d1c3b,16
36.3936119,-7.31129646,cap_pen,3dw,cdf54835677a246f9bbaaf08505f5db3,16
36.9264183,-7.20621014,cap_pen,3dw,d3d8462d897197aa77034bcf2b943e87,16
34.9837418,-7.56192398,cap_pen,wss,50f37a61069bd804663d13fe53a3b750,16
35.2466583,-7.727355,cap_pen,wss,6db9d631ff966a5b6e839cadad6117f7,16
37.068119,-9.75544453,cap_pen,wss,a5ebdd190b3cc8f125f2fde927e4b52e,16
52.1661148,-0.404531986,ceiling_fan,fpModel,1178f3e77d2ca208971092a4346ba3b3d70df7d8,16
52.156044,-0.431797147,ceiling_fan,fpModel,14eec36e26211ebb7a14a24a85800ff206c9f4ca,16
52.5801315,-0.606774628,ceiling_fan,fpModel,55e1de5b5ab8291c9c29ecac4395e64dca748f30,16
52.6112556,-0.572187483,ceiling_fan,fpModel,8b6b51a58869080e3cbadbb2b9dad90c5f2369ae,16
52.2218399,-0.425070316,ceiling_fan,fpModel,d5e647fdb3fe99a18906a67e83344081f1852446,16
5.95431471,13.5472622,chest_of_drawers,3dfModel,0033e020-460c-4990-a2d2-cfe223a2f5a0,16
-41.4860649,-1.10268271,chest_of_drawers,3dfModel,0188e055-34ac-48e5-ae53-3489fbc47328,16
-5.43353796,-12.3250484,chest_of_drawers,3dfModel,060eba93-a0cb-4382-b2bc-a25e606a97e3,16
-35.5802917,-1.21445119,chest_of_drawers,3dfModel,0679c9e0-e5f1-4644-934b-28b8b9be3ec0,16
-51.4255333,-6.31939459,chest_of_drawers,3dfModel,088d317e-b564-4d1f-890b-dfed8491ca9f,16
-21.1668053,18.1469002,chest_of_drawers,3dfModel,0893795a-7f5b-41ff-a2fd-a4aa35af6ba0,16
-37.4931488,-1.66653752,chest_of_drawers,3dfModel,090fd738-2c0f-4cad-99b5-c9d2c43d4289,16
-46.4010468,-12.396349,chest_of_drawers,3dfModel,0956955e-54b9-4ac1-9766-6fcd24df6a95,16
-11.4589405,-15.6886816,chest_of_drawers,3dfModel,09f18111-d73e-4e87-8b9b-c8e585701ff7,16
-39.2020264,-14.0776396,chest_of_drawers,3dfModel,0a183ba7-03e7-4ff1-b82c-25fb0f6836d0,16
-7.03536463,-11.8847618,chest_of_drawers,3dfModel,0a9fe7e8-5be2-4d2d-bc9d-9e382f42725f,16
-45.1217079,-15.0061703,chest_of_drawers,3dfModel,0b05744e-198a-4e9c-836d-a5095da21c78,16
-4.24189901,-13.6539354,chest_of_drawers,3dfModel,0cc9c249-9b8a-4f43-8999-3f0336cb1e77,16
-34.416256,13.424119,chest_of_drawers,3dfModel,0d151f94-1e99-41d4-a9de-8c674d54f503,16
-44.8562126,-11.4738493,chest_of_drawers,3dfModel,0e58f271-f7fc-42b7-b98b-9eaf1d93169a,16
-5.71533489,-9.8707056,chest_of_drawers,3dfModel,101563cd-8b31-4ae9-a715-d13f8f1938a0,16
-39.880764,-9.10908699,chest_of_drawers,3dfModel,11960890-cd65-442e-9f36-5bd2d8336f0a,16
-47.5346565,-11.9816866,chest_of_drawers,3dfModel,1397e7ab-a767-325d-a201-88639093e90f,16
-40.4480324,-12.2768373,chest_of_drawers,3dfModel,15560c80-c144-49be-82f8-85bb07ffec5c,16
-45.5057564,-14.6792908,chest_of_drawers,3dfModel,16af38a8-3117-4212-8627-4db34f751786,16
1.3651886,-10.7176056,chest_of_drawers,3dfModel,186dc52f-806a-4064-b5a1-f22a95aa17f7,16
-53.3944588,-10.1080093,chest_of_drawers,3dfModel,19dc59f4-4db3-4180-8085-a3bfaeb3926e,16
-54.0256882,1.04467452,chest_of_drawers,3dfModel,1b1788c6-2ce2-4ddb-b8b9-7776bc0bb88d,16
-1.24942994,14.0016356,chest_of_drawers,3dfModel,1b36174b-6e8b-498d-9c04-a37396663bc4,16
-9.58570385,-16.5455112,chest_of_drawers,3dfModel,1b5cbe2f-1e06-4d26-9d42-959cbec1ed6f,16
-1.20387852,-13.1650858,chest_of_drawers,3dfModel,1c992756-170b-4f94-aaac-788c02cfb649,16
-0.8964715,-12.1511154,chest_of_drawers,3dfModel,1d4fa17e-fd0c-4722-a0ff-8aa46bd73a90,16
-29.7989807,-0.688532948,chest_of_drawers,3dfModel,1ed074bd-83a9-4570-ae89-db2404e790ab,16
-6.31992006,-0.676207781,chest_of_drawers,3dfModel,1ed5a089-ff17-48c4-9957-7496ea39b229,16
-9.15462685,-9.93372059,chest_of_drawers,3dfModel,1f52b97b-2ce8-452c-a9cf-3e4729fa9a46,16
-13.4909706,-16.7303619,chest_of_drawers,3dfModel,238d3e68-90aa-49b0-a361-06ad72932347,16
-43.2853813,-10.0012579,chest_of_drawers,3dfModel,2733efef-df31-45f7-b427-c3dc7437a75b,16
-45.5393715,-14.118701,chest_of_drawers,3dfModel,2752e301-d232-382d-8051-8882c8a023a7,16
-8.14707565,-14.9819136,chest_of_drawers,3dfModel,27798896-2679-4557-a5a0-f3ce7fe8e8d2,16
-44.1922226,-13.6804972,chest_of_drawers,3dfModel,27d2fbe3-91c3-4521-a2bb-3386e7fba42a,16
-47.0591736,3.64905643,chest_of_drawers,3dfModel,29085848-5a6f-4950-a9a0-0dee92d683c9,16
-45.9726868,-10.8173618,chest_of_drawers,3dfModel,2946a5e8-d81d-4768-ae28-f27ba8886410,16
-35.5462151,2.64378524,chest_of_drawers,3dfModel,2a4cdefa-33ee-41b9-887d-926fe31988fa,16
-4.59340429,-13.7482815,chest_of_drawers,3dfModel,2b34acc5-526b-4a6f-a4a7-ea1bea9bfbe2,16
-46.1859474,-10.3385181,chest_of_drawers,3dfModel,2c7cd7d2-3d14-43f7-bd18-cf10271606bf,16
-8.9205246,-12.4466419,chest_of_drawers,3dfModel,2d2782b8-f8ff-41bb-b580-1e4ba93bb841,16
-8.94909859,-12.1831923,chest_of_drawers,3dfModel,2f519eef-97a8-474e-b94e-f0bd8b66222e,16
-43.3189697,9.87018871,chest_of_drawers,3dfModel,3913c596-ce17-444d-a3e2-516fd68a5cb5,16
-1.57647169,12.4677114,chest_of_drawers,3dfModel,395703a4-ba72-4f9b-a0de-9d9fcfb17159,16
2.44729233,3.21243548,chest_of_drawers,3dfModel,3bd29e63-e999-48e4-b6be-2e40c7ab8d01,16
-45.5233727,-14.3286943,chest_of_drawers,3dfModel,3f6e40c9-97d2-4733-9519-5a252c47da3e,16
-47.1305237,-9.4666481,chest_of_drawers,3dfModel,40b47eb6-9abf-49c4-82a5-9644deb2c40f,16
-5.7714963,-1.53511202,chest_of_drawers,3dfModel,40d61d5e-965b-457c-88e8-287cc69821c9,16
-43.109623,-13.6831303,chest_of_drawers,3dfModel,413441d5-c4a1-42a3-9063-fe48e87d103f,16
-34.2988777,-2.47736335,chest_of_drawers,3dfModel,423416c0-e97a-4287-bbad-93be543037d8,16
-41.5443993,8.88649273,chest_of_drawers,3dfModel,43a7a012-98f8-4ee9-ab65-635ccf658ba6,16
-40.944294,8.29345036,chest_of_drawers,3dfModel,43b7ae4e-cd9e-43e8-aff5-ec0213828902,16
-45.2092552,-13.8180809,chest_of_drawers,3dfModel,46ccda99-78ee-4aec-84eb-0618a74fd06c,16
-8.338521,-16.6012096,chest_of_drawers,3dfModel,47b6ca5f-ca02-48df-9600-b516b998291c,16
-4.18158388,-14.4581985,chest_of_drawers,3dfModel,47babdd0-b7fd-416b-a257-fc23d885f4f0,16
-7.52957773,7.95194101,chest_of_drawers,3dfModel,487092ac-5c24-48bc-a957-95be07cd9be5,16
-2.57616472,-11.6465502,chest_of_drawers,3dfModel,49bf9877-f049-4953-a76b-c77868354e2e,16
-31.3904762,-0.808677793,chest_of_drawers,3dfModel,4a9b3bbb-1910-4c91-aedf-bf035b9f8f2e,16
-6.47733307,-16.8042889,chest_of_drawers,3dfModel,4d0767ac-5b1c-4cd4-b305-589fedddea98,16
0.908865929,2.92232656,chest_of_drawers,3dfModel,4df08a2f-8e8c-46bf-a1ff-e87db0607177,16
-11.0545492,-16.8367729,chest_of_drawers,3dfModel,4e904746-cb1c-422b-b150-72732c1481ed,16
-43.4706764,-15.6461391,chest_of_drawers,3dfModel,4f247470-b328-4044-aa05-4288d8e6e3c5,16
-7.20244884,-10.0306063,chest_of_drawers,3dfModel,4f91cb82-0031-41d6-b592-c20c21826dcb,16
-43.0220757,-15.7007113,chest_of_drawers,3dfModel,4fed340e-6d64-4328-ba85-d0152a1b7f36,16
-11.9385738,3.21202636,chest_of_drawers,3dfModel,505ef9a9-4829-4a56-9233-08bd02b2fcb6,16
-38.3403969,0.527682722,chest_of_drawers,3dfModel,50823ece-f1e0-4a8e-b7d6-312953939076,16
3.35030484,-6.90544176,chest_of_drawers,3dfModel,511ca9b2-4849-4eea-a48a-a9374edc1968,16
-35.9789429,11.8620682,chest_of_drawers,3dfModel,5374854b-9c60-44cf-894b-f7cddf7d8765,16
-6.02688169,1.22095335,chest_of_drawers,3dfModel,54ead750-3b04-427b-b0c1-fcde242288f5,16
-8.44547367,-8.98832607,chest_of_drawers,3dfModel,556a3cff-2f81-484f-80bf-bc9a661d7d8b,16
-1.10866082,-8.64859009,chest_of_drawers,3dfModel,559e7fcc-08cb-4790-a094-19f528bf7369,16
-34.9408302,10.2466717,chest_of_drawers,3dfModel,5783e47f-4120-4ee1-a722-a9736e6fa9f7,16
-37.6865768,-4.55533934,chest_of_drawers,3dfModel,5a03bb86-b4cf-470b-8cd7-d13c56bc4cd0,16
-29.282938,15.568861,chest_of_drawers,3dfModel,5adbb127-4932-482e-987b-8e9137112a3d,16
-42.7646408,-10.1571617,chest_of_drawers,3dfModel,5c67e92b-b938-4f87-bad0-4f00f1876677,16
-46.9699554,-11.2155476,chest_of_drawers,3dfModel,5e6fda22-246b-4d43-9690-36cc3b44576f,16
-28.7791672,10.8673019,chest_of_drawers,3dfModel,61f87fc0-dce6-4b40-8d83-019e0804ac1d,16
-46.9188271,4.05393982,chest_of_drawers,3dfModel,62c6465f-8379-43b4-ad0c-c180c0846961,16
-38.374176,-11.9051142,chest_of_drawers,3dfModel,642db79d-aeba-4071-a9cf-08980d606e18,16
-45.4157372,-15.5099812,chest_of_drawers,3dfModel,65ecdbb8-77d1-46d8-9cf4-0bf305496615,16
-39.1934891,-11.7702913,chest_of_drawers,3dfModel,66bf4221-66c9-4d37-a695-ab371621c70b,16
6.93625784,-9.25425816,chest_of_drawers,3dfModel,66e4702d-e391-37f2-86ac-fd3607bedcf1,16
-4.80876017,2.19635224,chest_of_drawers,3dfModel,69ff4f04-12b5-41a3-9f2d-d560fbb409ce,16
-5.50898743,-14.4592514,chest_of_drawers,3dfModel,6af92caa-1036-4a78-a403-a89ab0959264,16
-42.3895912,-13.7359619,chest_of_drawers,3dfModel,6f34683b-6504-4e0d-a1d7-dbaca5daf845,16
-12.0747013,-17.9706364,chest_of_drawers,3dfModel,705d818d-482b-471a-a572-f66ad298b163,16
-41.8312721,-6.74662685,chest_of_drawers,3dfModel,70f49095-cc81-45e0-8892-a3a246502fde,16
-46.5636368,4.02117205,chest_of_drawers,3dfModel,70fb47a9-3173-4d04-9d7d-f79da172a999,16
-2.07106876,-11.6186972,chest_of_drawers,3dfModel,72366b16-480d-4a80-ad7b-e70801f44b0d,16
-12.0760012,-17.972044,chest_of_drawers,3dfModel,7281cdef-1185-440c-8465-3e1052043ca6,16
-42.8449059,4.55643368,chest_of_drawers,3dfModel,72ceae36-37b8-4b8d-9549-ceea4b653229,16
-34.7461624,-4.94850874,chest_of_drawers,3dfModel,73e85e57-b389-494b-81dc-5827c238cb1b,16
-6.83367682,13.9073868,chest_of_drawers,3dfModel,7469de80-fe4a-4443-a742-a01607de8471,16
-35.5736809,-5.87949562,chest_of_drawers,3dfModel,7495ba4c-14e0-4f29-a864-6564524e8afa,16
-41.4412842,-0.238847673,chest_of_drawers,3dfModel,76c240f7-f21e-4226-9cc3-d489940c1d3d,16
-45.5983009,18.503252,chest_of_drawers,3dfModel,7a698e5b-f41e-4f5f-80b1-608592c1fe1f,16
-40.8755836,5.89596128,chest_of_drawers,3dfModel,7bb1794d-3a37-4455-a801-abe31de2ce8c,16
-43.1549797,-9.82257462,chest_of_drawers,3dfModel,7e652e57-a5bd-4ab1-bac0-f9cb900f2b9a,16
2.57650805,0.335688204,chest_of_drawers,3dfModel,8094da78-6570-408a-9a18-5f2988717ca4,16
-8.35918713,-16.3366413,chest_of_drawers,3dfModel,80a21ce9-e036-4005-8039-927a719e8e86,16
-40.8262749,10.5378923,chest_of_drawers,3dfModel,8112d427-b2a6-4160-ab08-167e99eae15b,16
-31.9497356,12.9906445,chest_of_drawers,3dfModel,82c89bd1-bb47-4ec5-b292-41793a5c04f4,16
-8.7618103,-7.58479881,chest_of_drawers,3dfModel,83c442a2-645a-4e4d-a3df-94a52aabc006,16
-46.6252785,3.76334429,chest_of_drawers,3dfModel,8726ddab-39b7-4547-bfe1-25d0e21c1ddb,16
-11.2260752,-17.5620575,chest_of_drawers,3dfModel,8af3c9ea-30f7-46b3-8055-9708a9025e3a,16
-10.0600672,-10.0459194,chest_of_drawers,3dfModel,8c255d77-817c-442a-ba10-abb8474a15dd,16
-5.91274118,-9.31288147,chest_of_drawers,3dfModel,8dd47a1c-a2fb-4719-ae7f-d86845740321,16
0.959750652,2.88951349,chest_of_drawers,3dfModel,8e695919-bdd6-423e-824b-48e3205cfa38,16
-42.8516159,-13.6382408,chest_of_drawers,3dfModel,8e732db1-d34b-475b-9b2d-6b995c3bd298,16
-6.8587985,1.33165133,chest_of_drawers,3dfModel,8f320eb8-e0c2-4308-b811-9c07039353fa,16
-47.133873,3.4678483,chest_of_drawers,3dfModel,8fd8af95-ae50-43d1-8384-88b9510647cf,16
2.42232656,0.445586532,chest_of_drawers,3dfModel,93267a4a-cb87-4bcd-9f44-fbd5bc705eec,16
-4.30471134,-13.2862406,chest_of_drawers,3dfModel,933b0a6e-20b6-4e88-8aa9-0543c52fb8d5,16
-34.7373886,-3.19846845,chest_of_drawers,3dfModel,951da582-852c-4702-85c8-f2435a5e47b3,16
-54.5366936,0.125523806,chest_of_drawers,3dfModel,96c675a4-c849-4af9-8f52-bca18725afd8,16
-7.9745121,-11.5633669,chest_of_drawers,3dfModel,97dc7e5b-68bc-4e1f-ac9b-b5de5e69819d,16
-50.5808487,2.34259677,chest_of_drawers,3dfModel,991994b1-13c4-496b-bcce-0c2cf39e0463,16
-45.4822769,-15.9333916,chest_of_drawers,3dfModel,9b0124ec-88dc-4d47-a83c-64cccaecf73a,16
-7.0324049,-15.132185,chest_of_drawers,3dfModel,9c949ef1-f9ca-4505-8107-1e87a1568fc7,16
-6.99495935,14.7139769,chest_of_drawers,3dfModel,9caf178e-d2db-418f-9de2-74a7c2556f07,16
-43.7451935,-13.2475157,chest_of_drawers,3dfModel,9e50f69b-1a65-4862-82f9-9b9d8fda478a,16
-6.02973557,1.25552166,chest_of_drawers,3dfModel,a120e00c-454a-4db0-b0a3-b4b864f55fdc,16
-47.1446991,-11.5996771,chest_of_drawers,3dfModel,a454de07-1d86-4590-95f5-93e6eceabba3,16
-33.8987236,13.7185221,chest_of_drawers,3dfModel,a4df9d54-2dad-4dbf-a4b2-c942ccb8288d,16
-46.4706039,-0.972625792,chest_of_drawers,3dfModel,a808729e-5695-4799-8da1-89675b81b147,16
2.53512573,3.31848264,chest_of_drawers,3dfModel,a820a795-bdc8-4e1b-97d9-5193394f31a7,16
-45.0765495,17.473093,chest_of_drawers,3dfModel,a91e11fe-c219-47c9-a0a1-5fa46b9a1af4,16
3.16720223,-0.614348352,chest_of_drawers,3dfModel,abb2b9a2-5ed2-4bfe-a923-58b2ace9fc58,16
-8.76480579,-13.228117,chest_of_drawers,3dfModel,abc7523e-b680-4e84-9106-eed9f6f0fdbe,16
5.35577536,0.451368809,chest_of_drawers,3dfModel,af2f13b7-7e12-4364-ab25-30b9337421d1,16
6.11642694,-3.82944417,chest_of_drawers,3dfModel,af3b72c0-106d-4ac4-8ddc-c77968be1104,16
-44.1773605,3.20268512,chest_of_drawers,3dfModel,af6ecfd9-39db-4b26-9442-2525d0dcb0b0,16
-9.23817825,-15.5027027,chest_of_drawers,3dfModel,b0b89064-3f7b-42f7-926f-9fa9767863a5,16
-46.647892,-1.03422236,chest_of_drawers,3dfModel,b1ff08ad-36a5-4e40-9ff6-fc8b2a7531a7,16
-34.2728615,13.5376272,chest_of_drawers,3dfModel,b9818aa0-fb95-4a9d-b4c6-c33dc37ec16c,16
-27.7322121,-21.951437,chest_of_drawers,3dfModel,bc7c90bb-c1cf-4b1d-ae98-5f7fc5ba0dd4,16
6.64365482,-3.34832478,chest_of_drawers,3dfModel,be59babc-cd43-4032-8060-e7af640c2494,16
-44.9384232,3.82572436,chest_of_drawers,3dfModel,bf28980b-25bb-4f56-85e6-b0d424273e46,16
-34.9984703,-3.55285835,chest_of_drawers,3dfModel,c28de481-41bc-4957-809f-251d66997a31,16
-8.51574898,-13.8765917,chest_of_drawers,3dfModel,c297b5cb-8b18-4504-96c7-921d9b7e8d4c,16
-8.33319759,14.7376032,chest_of_drawers,3dfModel,ca051e8c-0402-4400-b02e-6aa3fc6b89f9,16
-34.8323555,-4.88610125,chest_of_drawers,3dfModel,cb8db969-8844-4673-b5db-fe3212f58e59,16
3.80927539,1.01211941,chest_of_drawers,3dfModel,cc4117b3-1387-4e20-8c61-d9d12ef36194,16
-45.7850075,-12.3437757,chest_of_drawers,3dfModel,cc43057c-a3e1-4fc9-90fb-48fe7e823975,16
-6.989995,-10.7540474,chest_of_drawers,3dfModel,cde8a26c-1ec9-4444-9f89-f0ed2156f6b8,16
-42.6606712,5.48406601,chest_of_drawers,3dfModel,ce1165fa-0b79-4a4c-93d2-e526da994db0,16
-41.2436829,-13.9912815,chest_of_drawers,3dfModel,d1112da8-01e2-4297-9afe-c6e6c571d196,16
-7.56634855,-15.5359869,chest_of_drawers,3dfModel,d150b794-c363-4de1-841b-581a0e7de3a9,16
-29.191103,10.7784567,chest_of_drawers,3dfModel,d254955c-d7b2-424c-8493-b7a880b9512e,16
-34.8332024,-4.88417959,chest_of_drawers,3dfModel,d293a3c0-72e4-43b1-b188-cf905a23af1a,16
-4.28828478,-12.2657766,chest_of_drawers,3dfModel,d5d3b987-b6de-489b-8f31-e3c872ab66f5,16
0.582016528,-15.8093204,chest_of_drawers,3dfModel,d72c4c06-ca0a-4380-adc1-eef9babe61c0,16
-46.1370354,-8.50224876,chest_of_drawers,3dfModel,dc1eff7b-2541-4296-aac8-f28e0c190dc1,16
-7.09593201,-11.281208,chest_of_drawers,3dfModel,dcada3bb-39e5-4ad6-9dae-11fee68726cf,16
-5.55062199,-13.1434021,chest_of_drawers,3dfModel,e0414d6c-1472-442f-b417-ebca71c83918,16
-46.1035156,3.38918138,chest_of_drawers,3dfModel,e14d89ec-42a6-4dec-995a-63d7feb3c89b,16
-46.6067696,4.8942771,chest_of_drawers,3dfModel,e407fb7f-cad6-41db-b055-b53cec937796,16
-35.0499153,-6.80322123,chest_of_drawers,3dfModel,e54b8272-2151-4fc4-b2b1-252ed31acecf,16
-47.3255348,-13.0098858,chest_of_drawers,3dfModel,e63a7a5d-9b44-4395-a320-fc04623ad374,16
-32.1504631,13.1767187,chest_of_drawers,3dfModel,e8c3140c-053d-4b0e-969b-64c149d9720e,16
-35.6055222,-6.0640955,chest_of_drawers,3dfModel,ee4974b2-4257-4c5e-b162-e02359f4bee2,16
-41.8335495,-6.78012943,chest_of_drawers,3dfModel,f13bb9b6-69d7-4f52-9330-2a07306a5865,16
3.54292107,1.34519231,chest_of_drawers,3dfModel,f2bf96f7-1fdd-4ee3-93dc-60f5d027a95b,16
-29.6327209,10.7044134,chest_of_drawers,3dfModel,f2f683f9-4b26-452d-bf64-9bab9bbf6fd3,16
-0.685648263,1.2090987,chest_of_drawers,3dfModel,f75ac3f3-3393-40dd-b4c3-69c9275832d2,16
-8.09222507,-8.83377838,chest_of_drawers,3dfModel,f9cafe53-a055-4059-90b2-892a14e3b750,16
-6.0304389,1.25637317,chest_of_drawers,3dfModel,f9f91675-6d4b-4eb1-9dc9-9c8248937536,16
-35.0899086,10.7567472,chest_of_drawers,3dfModel,fa471522-2ec3-4925-aa44-2a0129cd6b3b,16
-2.47015691,-13.0629368,chest_of_drawers,3dw,2eed87b6250327ae5af2e94e1c642385,16
-11.5032587,6.51447105,chest_of_drawers,3dw,370b6a73d21db46769c0ae1d5b3c701c,16
-4.33110428,6.83511496,chest_of_drawers,3dw,391044517b84f42322bdf63acccdec9a,16
-44.3824043,-9.6735611,chest_of_drawers,3dw,39831deddde3b185391e4d6c585a697a,16
-3.03961372,-11.3402758,chest_of_drawers,3dw,85272e1c07aed978d8709d97a3a00799,16
-46.3317757,-11.5124846,chest_of_drawers,3dw,8612f0d5246a6d8423afb61f25e1136e,16
-38.3661194,-10.7803335,chest_of_drawers,3dw,87053c17b8c4b739eb88ee6e66f77e68,16
-2.87294245,-11.5928202,chest_of_drawers,3dw,923ec58b498b45bcf5f1aefc7b79a370,16
-13.7243652,-12.3636913,chest_of_drawers,3dw,af8b6dbfc2bc4345a6c03a53cf0a14c9,16
-45.8626366,18.787281,chest_of_drawers,3dw,afe18414025657b0a15412e77390865b,16
6.07511425,13.6447506,chest_of_drawers,3dw,bfe209245efbce1e560d718bb41742b7,16
-44.1696205,-15.7254906,chest_of_drawers,3dw,d072ed310c1ae30562a280769c3934a3,16
-26.2361908,16.1206455,chest_of_drawers,3dw,ddbe61d4d1fdf5c023208e12944f4ce1,16
-23.3269386,15.0240746,chest_of_drawers,3dw,ea325fef9584810c32ea7023fdb35f75,16
-43.8793106,11.4269934,chest_of_drawers,3dw,eafd860879c72d10adab4c26397edfab,16
-45.8420334,1.84931016,chest_of_drawers,3dw,ebf81b1f2fe5d7f4ec89626a4213fd07,16
-45.5636101,1.92303014,chest_of_drawers,3dw,f0f8aefcb1d16a1a9303898c72654442,16
-45.6748543,-8.38110828,chest_of_drawers,3dw,fc09b0bdfd44ba3fe6048e9979f4499e,16
-41.1149788,4.95611763,chest_of_drawers,abo,B07121RM99,16
-37.3887863,-0.351065278,chest_of_drawers,abo,B071FJR3S6,16
-41.5534134,8.23321629,chest_of_drawers,abo,B071FJR3SR,16
-38.5872879,-9.64546108,chest_of_drawers,abo,B071P9WJBT,16
-42.6859093,9.02988625,chest_of_drawers,abo,B071SHBTM5,16
-43.3027,-10.7750416,chest_of_drawers,abo,B071ZHY8X9,16
-35.3847809,0.696207881,chest_of_drawers,abo,B0725Z23G4,16
-46.0932922,4.20019817,chest_of_drawers,abo,B0728KSP2T,16
-6.05003214,1.54753506,chest_of_drawers,abo,B075X2PC3L,16
-37.3537903,-0.553913176,chest_of_drawers,abo,B075YZ16V7,16
-34.7107773,4.77016687,chest_of_drawers,abo,B075YZ8468,16
-33.3066254,4.32024145,chest_of_drawers,abo,B075YZPG5Y,16
-45.2856483,4.81513357,chest_of_drawers,abo,B075YZYJQN,16
-36.9785805,-1.47836912,chest_of_drawers,abo,B075Z8THYY,16
-40.793232,2.72405124,chest_of_drawers,abo,B075Z93N8N,16
-41.2899513,10.0478363,chest_of_drawers,abo,B079X4CP3F,16
-7.24292421,15.1778517,chest_of_drawers,abo,B079X4Z6QX,16
-35.3377609,-2.77295589,chest_of_drawers,abo,B07B4SBZDV,16
-39.4696846,-11.7345791,chest_of_drawers,abo,B07B4SCM7N,16
-34.7494316,-0.693220794,chest_of_drawers,abo,B07B4W2FKR,16
-44.6334915,8.80922413,chest_of_drawers,abo,B07B4W2MFM,16
-42.5601959,4.75204182,chest_of_drawers,abo,B07B4YZWRK,16
-27.2279587,7.39492321,chest_of_drawers,abo,B07B4Z2WDQ,16
-43.4756355,-11.53368,chest_of_drawers,abo,B07B4ZFC5H,16
-42.6411209,1.8827517,chest_of_drawers,abo,B07FFWSBBF,16
-35.1644554,11.7036486,chest_of_drawers,abo,B07GFDPB2V,16
-40.9613228,1.73676789,chest_of_drawers,abo,B07GFFKRXS,16
-46.4880486,12.698348,chest_of_drawers,abo,B07GFRP9RY,16
-26.5036583,6.40458107,chest_of_drawers,abo,B07GFRWK15,16
-29.518858,5.03178787,chest_of_drawers,abo,B07GFSJ68G,16
5.31919479,5.94743347,chest_of_drawers,abo,B07H8JRYSB,16
7.88929796,1.74797392,chest_of_drawers,abo,B07H8SKPWP,16
4.04588079,4.05861378,chest_of_drawers,abo,B07H8SSJVW,16
-0.737951577,12.0923109,chest_of_drawers,abo,B07H8VHYHN,16
-42.3653946,0.635573328,chest_of_drawers,abo,B07HSDP2CP,16
-42.4449539,0.691329598,chest_of_drawers,abo,B07HSH4WFB,16
-41.2657127,1.67265999,chest_of_drawers,abo,B07HSHYZKN,16
4.30400562,-4.80587959,chest_of_drawers,abo,B07HSL4TS1,16
-33.4709625,-5.29061127,chest_of_drawers,abo,B07HSNQW37,16
3.97957158,2.40806127,chest_of_drawers,abo,B07JGPKY8D,16
3.77513099,4.6062026,chest_of_drawers,abo,B07JWP2Y5K,16
4.59214592,2.50005412,chest_of_drawers,abo,B07JWPM3HD,16
-47.0652504,-10.0724306,chest_of_drawers,abo,B07K8F58D7,16
-41.9175911,8.47229195,chest_of_drawers,abo,B07PVBJ622,16
-34.116066,1.73841572,chest_of_drawers,abo,B07PVBJ7X8,16
2.67450929,2.89943099,chest_of_drawers,abo,B07PXFVNXR,16
-41.863224,8.49577332,chest_of_drawers,abo,B07PYKQNKK,16
-41.745266,7.28562212,chest_of_drawers,fpModel,01d1b7a2c92f97d248ca72d85d828f930e472064,16
-2.00369477,12.1177025,chest_of_drawers,fpModel,0463153d9be9a8603ecd0e9af7e7763f42ee6c92,16
-2.72518802,-10.2849312,chest_of_drawers,fpModel,065ec382b612213e49941b205a074141469eba31,16
-35.2811127,7.2987771,chest_of_drawers,fpModel,06eb76102dd16261005fd5e4755c71fc3fe83c6d,16
-47.3187981,6.61347389,chest_of_drawers,fpModel,09a0a4a031e33e738214b812f71dd838232df54c,16
-24.870573,7.38479853,chest_of_drawers,fpModel,0a7cedd2c534592ab5d5be1f0d8979e47896252b,16
-4.45601797,-13.1640024,chest_of_drawers,fpModel,0a9e33bd8772e0b3030d0a443b990328141c7028,16
-6.69482613,-16.4542542,chest_of_drawers,fpModel,0bd260f8efb1afe4ec095ef6dbe503cd1f127af8,16
-41.3796883,-11.2674465,chest_of_drawers,fpModel,0f587b130202742338c4836b425cd9478fb971e1,16
-13.2646427,-16.8353863,chest_of_drawers,fpModel,11808e4bfc4534caf787fa15ba07bc2cbee95fdd,16
-36.9662552,-3.60505605,chest_of_drawers,fpModel,11d4ccea439e533416350bbaffa5325a06eb53b6,16
-40.0278358,1.47454643,chest_of_drawers,fpModel,18fbff8c769c98fe65f8b37e8db12169ff9b37a9,16
-42.6909485,9.1229229,chest_of_drawers,fpModel,1b4359cec4e8321f0477daa2981fad83b5379f39,16
3.56480074,4.35017061,chest_of_drawers,fpModel,1b7f8e7466fd35725ff1b8eff84e66bd90875a4f,16
-47.6959877,5.45679665,chest_of_drawers,fpModel,1c0bbc026e76c09885dc5c6f156a6c3dec605d10,16
4.24760675,1.34372389,chest_of_drawers,fpModel,1ccf240adc43432e3bad29950a96f18cfb8bd550,16
-36.3527565,-0.533824444,chest_of_drawers,fpModel,1d38f7b0032aea0e6419d5041cac9d8bedc7dffb,16
-4.79717827,-10.0098677,chest_of_drawers,fpModel,1f1d1126a8fa29130c20424a26176a043af934a0,16
-7.1196661,-0.37537542,chest_of_drawers,fpModel,1f48206dca3babea534ced6c1b440a24ed1d8bc1,16
-30.094574,-0.782037616,chest_of_drawers,fpModel,1f683d9d9451e5347cc742a539e94468a18e9a7c,16
-39.3939476,-10.5534544,chest_of_drawers,fpModel,2049f5c3e9a4f810916c270f85e639e4326f49ff,16
-43.47649,-13.4580956,chest_of_drawers,fpModel,223c0f130bcd4b3d546f7044d30ff62d90563177,16
-41.8388252,-11.6021585,chest_of_drawers,fpModel,22fc9eec57f263e39bce3cd973de66f05cf8cc75,16
5.49203634,6.81447363,chest_of_drawers,fpModel,24f319e7073bdc9de813e228379526cb99406935,16
3.85176587,1.93768358,chest_of_drawers,fpModel,2573653e620e455e41f5ef35d8e17d1997629159,16
-32.1313057,4.29613352,chest_of_drawers,fpModel,2643558f6dbe025d988cf3b0d96a14e362d380d4,16
7.94745684,-7.92706394,chest_of_drawers,fpModel,293c42d04758bffcc63070066170cbb1f09918cc,16
-33.533062,-1.92699838,chest_of_drawers,fpModel,298fde032f598963af06e258cd91385bb453bc22,16
-0.934832931,12.5815287,chest_of_drawers,fpModel,2abfe2c185d18cf31e3dcfd8833207d78daae258,16
-39.6069183,10.3938007,chest_of_drawers,fpModel,2be5f12815e542ec385f7abdb423500e1c90d0cf,16
-41.2260475,-15.4927521,chest_of_drawers,fpModel,2cdb28938dff1f9ab13aee7630cea51f44f60952,16
-1.74877846,12.2552834,chest_of_drawers,fpModel,2dc4fc2ba44e670900db84b7fe9e7e98c8c7b338,16
-10.2968683,-10.1455412,chest_of_drawers,fpModel,317294cbd71b7a56a3a38f6d5b912a19bf04ed81,16
5.65701056,13.4793253,chest_of_drawers,fpModel,31c6e463c3d60f9be291c8acfa561bdceaea1cd6,16
-6.25752592,-14.7196274,chest_of_drawers,fpModel,331805416bff2bc91d12068625853de085443c62,16
-25.0837612,7.19858313,chest_of_drawers,fpModel,3325d76f019bb4ce6533ec1e985ae3e2d67b693e,16
-40.2264023,-11.3188372,chest_of_drawers,fpModel,397597cec45fad93300498e52c2f454e966b2491,16
-45.6592941,9.61537838,chest_of_drawers,fpModel,39a52ed5a9fa90d42d4da320f129d550ec93fb69,16
-57.7693558,21.8174305,chest_of_drawers,fpModel,3a80d608e8af86e86f62cabe698e39e2a5d074e7,16
-40.4095039,9.19749355,chest_of_drawers,fpModel,3c22ce5ae9be5492c9816faf85879f48534af732,16
-37.9362946,-13.7035189,chest_of_drawers,fpModel,3c37a58988da0e601a092ad2407b45810dae2b04,16
2.93853092,5.67027807,chest_of_drawers,fpModel,44c41c97eee1e7c7e05b91d58da8d1737586d55d,16
-42.2521973,9.9647541,chest_of_drawers,fpModel,463e89b665479d4a82c4fde27ab4898afa91c33f,16
-36.8854523,-10.2150879,chest_of_drawers,fpModel,47b51d048d81593acb7000ff7f131c5ecb5a4f16,16
-6.94454765,-2.34882021,chest_of_drawers,fpModel,48ee0122414566a9e3a6dd7b1eee41925c38792c,16
-27.3563118,5.02326012,chest_of_drawers,fpModel,49821166f6f44815955aed0168003c6b6e7d6f27,16
-41.8156166,5.48224688,chest_of_drawers,fpModel,4d2c2d793673e1bbfc7139a1247788878e1f3855,16
-42.7302742,8.74643612,chest_of_drawers,fpModel,4e8e1181584e949cc255e66b0ca57b6bf1a6b49c,16
4.07110596,1.72544503,chest_of_drawers,fpModel,4f19667d3471b5c6334c100f58e8028bce855ddf,16
-6.33882666,-10.7498922,chest_of_drawers,fpModel,5056a49e5f84570b0869f38913c33a89b69e074f,16
-32.0577736,4.1391058,chest_of_drawers,fpModel,51f5784f9aa737d70861e540e5ea988f89c03fd4,16
-2.1649518,1.78835762,chest_of_drawers,fpModel,54ce1f3c68d8fb0c86ae7e9b88803fc1306044c6,16
-35.8429832,0.530080438,chest_of_drawers,fpModel,54ff8e2cc09fafb0f6b7a8df9f9cf20bd6c34074,16
-36.1024933,-0.482096732,chest_of_drawers,fpModel,5522cdf6b9135266e8c73fd545bceaa40f6f7271,16
-6.62716436,-16.2950058,chest_of_drawers,fpModel,55ff9aed203f1ebde9fe8651de7ec26954ed0232,16
-38.0792465,2.80290532,chest_of_drawers,fpModel,58c1f347bea26244cf39efe7ff10e6cebaf48758,16
-45.3637657,2.51356554,chest_of_drawers,fpModel,5dc40ae3eeb5fbd9c901ba3bae7f6e4647614c81,16
-7.4447155,-0.306558967,chest_of_drawers,fpModel,609530b858465d9795ac43ba435fdd5f12d95956,16
-3.55350471,-9.813591,chest_of_drawers,fpModel,61d4155613cdff2e36558a2c210452232eea676f,16
7.18590736,6.97960949,chest_of_drawers,fpModel,646494372843940c527b852cc9d9412bb6fe8e16,16
6.41718245,15.0663977,chest_of_drawers,fpModel,66971c63d2b4e3c6c42ec3563a66db522c2e8b93,16
-33.6144371,4.26892138,chest_of_drawers,fpModel,671a738c995751adca603a8aef3781db5df82e84,16
-41.8477478,4.41930485,chest_of_drawers,fpModel,6962a0d748b88e71de56e28472adebb9fe6cefe7,16
-43.7728081,3.60431933,chest_of_drawers,fpModel,6b72541c4a983863be92d0c603846ca9e1792ad1,16
-2.83409452,-8.92976665,chest_of_drawers,fpModel,6d373958555e97eb77c89ce28fae01475877b0b8,16
-27.1721897,4.90397596,chest_of_drawers,fpModel,6e799bed095680306e2852efbe7f191cc6c3ff87,16
-35.3904991,1.49375141,chest_of_drawers,fpModel,70c79bca253e00b3f33bdca64f8aa12eda31db70,16
-13.318223,-17.0263882,chest_of_drawers,fpModel,741c787824bad244f18eba3b24e0b5176631217c,16
6.25861549,6.52291775,chest_of_drawers,fpModel,762665bc7a958151874c15edfc2711b161376678,16
-21.902462,19.7899342,chest_of_drawers,fpModel,7e9ae82058f7719b0e8b0e83a055ed7341afe69d,16
-41.3120766,-10.3440323,chest_of_drawers,fpModel,807955fd4dcb59b67789b24f2e7bc167027c870a,16
6.44541931,15.2177811,chest_of_drawers,fpModel,81017a44e0b7694b93bcf6ca1f6a46bc8fc8077c,16
-41.8083801,5.46199799,chest_of_drawers,fpModel,82728c060f48775287a921c7530606aebaac0448,16
-48.9428291,1.93833935,chest_of_drawers,fpModel,831e2cff446337af8791038161c7d32d96726b20,16
-41.3913727,-10.8080549,chest_of_drawers,fpModel,83fa9995d2ae8d358de0160c9f446ec15048b142,16
-2.80578756,-12.0655737,chest_of_drawers,fpModel,85e57bc57bc1929784b066eab7ced82d5f44a6a1,16
-33.2601318,-1.0445751,chest_of_drawers,fpModel,865da0881974291c56a1a12c9acb0a95f664f741,16
-35.2396469,7.29985714,chest_of_drawers,fpModel,891f93778cdee4e6fc7133e344bff9f5ccdd1d48,16
-39.8923531,-14.1275177,chest_of_drawers,fpModel,8994a2078b60a17205a34a19f8851ad81980aa97,16
-37.1502609,-2.87125587,chest_of_drawers,fpModel,899eebd2e800dead618d9df13704e2c94c2f453f,16
-5.86006689,-0.682103097,chest_of_drawers,fpModel,89ba3ca85be9fdeec04468df9a4f75c17d91b01b,16
-33.1942596,-3.09585071,chest_of_drawers,fpModel,8a2467f42dc962b5a3bcc7868f6faf9ea31397dd,16
-33.6705513,-2.44611168,chest_of_drawers,fpModel,8a75b901c9375d1647b9a7d51e6a6838a9751a86,16
-45.5302277,4.53082848,chest_of_drawers,fpModel,8acbdabe5523ae5326804e4472d9c9910c94b4af,16
-34.3498154,-0.098528266,chest_of_drawers,fpModel,8dba4cb9fe62d4f420d087fa9c358a3a7801e404,16
-4.82889509,-10.6089239,chest_of_drawers,fpModel,8ead2614ed88bb808e684234eec0f9120f41c089,16
-42.4936371,9.74921036,chest_of_drawers,fpModel,93767fc355a1afbfff79d54a25204069e0543d2b,16
-4.00938511,-9.98445988,chest_of_drawers,fpModel,93845075e1c4e220eea68160d6028072985ccce8,16
-33.6034279,-1.9227339,chest_of_drawers,fpModel,94551b307867c4780e5f811f82a9bd3b708767b0,16
-29.7751465,4.90864563,chest_of_drawers,fpModel,94bcdbab5bdbd66a83152fb67b620ebbca789fc7,16
7.26292992,-6.09429646,chest_of_drawers,fpModel,95eebb59a0118bc955310006181781b67de0303b,16
-39.2934532,-10.3157692,chest_of_drawers,fpModel,96ba916d576ea72cad9f317a3013d4bea661e74d,16
-14.2931194,-15.3529358,chest_of_drawers,fpModel,96e10274b2d1c6c76568386a781b1d74a226856a,16
-35.9984436,-0.415111661,chest_of_drawers,fpModel,9aa961137b4a6103e242a6e515aefcb7aa434161,16
-28.7554474,5.56763697,chest_of_drawers,fpModel,9b34edb22079c93180e57192ed0c919435f8fabc,16
-2.11801839,-10.6861076,chest_of_drawers,fpModel,9eb29f8df2d6130cdc5d4028a93ba460688b8042,16
-2.37152433,-12.5261946,chest_of_drawers,fpModel,a0800bdac932b41d0e661a1dff7b03fa44b0a4b7,16
-35.7841835,-0.0948266461,chest_of_drawers,fpModel,a0f01ff926fe404204e9a7914ba299df5e807694,16
-4.40634584,-13.2737265,chest_of_drawers,fpModel,a20c3592b8233194d54cd75d882f86cfe84edcd1,16
-41.9683762,6.87244463,chest_of_drawers,fpModel,a65297dccfaad2014cb1dfeee9e07ebc3dab25db,16
-36.2057266,-1.61855364,chest_of_drawers,fpModel,a6d4ca2a63e1bd0bff603d1fd57e3e321d16587f,16
4.05547523,5.44914055,chest_of_drawers,fpModel,a789f832710854534fd892d04ce030f7a1a9320e,16
-26.8205643,8.7564888,chest_of_drawers,fpModel,a8c7b544e50ac5d032cdd676ae83d5e15cb9cf6f,16
-4.75052643,-7.81812239,chest_of_drawers,fpModel,ab147892f0d3e77a2ff2cf511c8cd62cafb2b973,16
6.59638405,15.8552923,chest_of_drawers,fpModel,ac0817d0fe557345c16534a7c1f25ae6e2972393,16
-37.9842339,4.18515873,chest_of_drawers,fpModel,ae0c378302f7fe60bae22dfd25ad9f2713a08505,16
-37.6326332,-12.3597908,chest_of_drawers,fpModel,afa04171fbf30e2a5e5cf439d4ae70cdb7a88c62,16
-34.8101578,0.765542746,chest_of_drawers,fpModel,afc34f614d37dd15c323fbdb9df5e67023c5bc84,16
3.12769413,-3.05335188,chest_of_drawers,fpModel,b460642155f053278bd1ff6d057e6bcf49ae8ba5,16
-8.73916149,-8.99859524,chest_of_drawers,fpModel,b5729920dcc9568aa10fa3034e37566ae8944203,16
-5.19456816,-13.1220922,chest_of_drawers,fpModel,b5813425898277762224ac7c5772d3637586abfa,16
-27.7668781,6.25283527,chest_of_drawers,fpModel,b5ac5dd1dc346152f1a07d3e40e665de05095852,16
-8.68819332,14.7139578,chest_of_drawers,fpModel,b5e518e3fea5db109669295a3b91d6e2654c9ae6,16
5.86016655,4.09554863,chest_of_drawers,fpModel,b6645423faac4d8a1bfeff2d5106285dba2a8a00,16
-35.9128113,-0.147680938,chest_of_drawers,fpModel,b83ed34420fefdf8063b9b33d4c1305aa534e75a,16
-35.0479317,4.89725971,chest_of_drawers,fpModel,bb3f594366eccfe9dec0e81311389b85088299c7,16
-39.026516,-11.2277727,chest_of_drawers,fpModel,bc59a49ebf99164d5ed88bd6eaff12ec4ed86d0a,16
-30.5573807,4.94361115,chest_of_drawers,fpModel,bd7afc0af95def79ba0a85559ba1a35c9b32b83b,16
-42.4252014,-10.9357376,chest_of_drawers,fpModel,bd8f1a9eb25a71785663f03fd8e8770068ea49bb,16
-7.16496801,15.740859,chest_of_drawers,fpModel,bf02cf6cbdba130dffd8bd550a2bb2eed8573c62,16
-1.96519899,6.18352365,chest_of_drawers,fpModel,c037f556753b66e786c130526e4b807a8636cf1b,16
-24.7707386,7.36720371,chest_of_drawers,fpModel,c2cbb4677994a6d2fbd4796360fe7538d9189eda,16
-3.99082851,-9.90245152,chest_of_drawers,fpModel,c34d55162d1b20d077c536fbafd0a1430680222a,16
-4.49579239,-10.4894695,chest_of_drawers,fpModel,c3a726217d3a5aea52bebf82925a734ef322e529,16
-7.25723886,-10.2303429,chest_of_drawers,fpModel,c498d4ff8a6506991025a1a036943ad3f82c62ac,16
-36.3655014,-3.78784442,chest_of_drawers,fpModel,c5fe7eaaa71f5cc7e2bc468d56bbdd3685b24224,16
-25.5134811,9.68109226,chest_of_drawers,fpModel,c8066b282efeea5f6d7930a742cb57ffdec6105b,16
-45.3049507,4.50747442,chest_of_drawers,fpModel,cc34d2bd7d33c5dd311fae8268857ee35dcbab47,16
-45.9649849,29.2157993,chest_of_drawers,fpModel,cd69767e95dec46a9ced153cb9faa4e36d595805,16
-41.8050652,5.40105057,chest_of_drawers,fpModel,cdd7e787c588639f7f7418656396df152f8a2a81,16
-37.4074478,-4.21913195,chest_of_drawers,fpModel,cf9fb707f111d08c80f8d4aa84793567ce13daf3,16
-5.86236668,-0.658467889,chest_of_drawers,fpModel,cfa828eda507f07bda0a4ae48dad583b9f6f4c07,16
-14.0823288,-17.4292355,chest_of_drawers,fpModel,d015e61bece2fc81cddeadd8bd55d97005846874,16
7.77408075,-0.00774085848,chest_of_drawers,fpModel,d15420918c690dbe0c1e62db3e69a94db6ad109a,16
-5.82691336,-10.284523,chest_of_drawers,fpModel,d42d4f924fafaf8c326cca055aa6f21b0852d32f,16
-41.5833359,-12.3002605,chest_of_drawers,fpModel,d74335d420e30b73fe0f8859cef6e5701b0d0360,16
-14.1178818,-17.3505211,chest_of_drawers,fpModel,d96b2b9537c7c721d5a79b375aefbfacecd04f65,16
-48.8347702,-4.78008366,chest_of_drawers,fpModel,da5808d15d8c00f8b358672b2279c5c3dc1f22f4,16
-42.5522537,2.19385147,chest_of_drawers,fpModel,daf22e426300f5b1676128b22affd6a5cb40a285,16
-44.9039497,9.00561237,chest_of_drawers,fpModel,dccf4f0724add1d24511d9353a2c959487df35e6,16
-8.56459236,-18.7907505,chest_of_drawers,fpModel,e0904825b1054930b43c7c9c1a4340e24845c989,16
-17.046833,2.88255358,chest_of_drawers,fpModel,e0c58f0e9cfa8fffaa6707541a2e7a79754a99be,16
-2.57552624,-12.2512169,chest_of_drawers,fpModel,e18ae6c638ec54e7e75a4dc9a1b2a3e81f220d6e,16
-39.4350853,-11.2552576,chest_of_drawers,fpModel,e2ccbc72bf0fd7d7c0ac172153fa5441393463b8,16
-45.3655777,9.30723763,chest_of_drawers,fpModel,e3ca4616713c8ffa6e9292f63e5c5eea48a06675,16
-2.96986961,-11.5971909,chest_of_drawers,fpModel,e40eb85bbfeb96330fa43d3a766676fd4bb9fb3e,16
-37.6939049,-13.8101053,chest_of_drawers,fpModel,e5e5164617d57163bf0a422c90ace89bca38a1bf,16
-39.1783867,3.77752566,chest_of_drawers,fpModel,e90b8e22e998c42978d40fc56a6c82f05206f85b,16
-1.84083474,-39.7306633,chest_of_drawers,fpModel,ea5d508ed930bac843d729a15da80aa04a374cde,16
4.70064878,1.81160104,chest_of_drawers,fpModel,eb1f0e36c538c16711d71646749d334a48b16f40,16
-45.1388969,-10.7370815,chest_of_drawers,fpModel,ebdc1c859bc54bc67a2dba4fb9eda25ec1e3abf7,16
-13.9646597,-11.6563873,chest_of_drawers,fpModel,ec18a3aa141da6cc66cd7e3cc90909fb071481bc,16
-35.8679581,1.10405183,chest_of_drawers,fpModel,edf190bde948f0a9563431f27102d88a533a3b0a,16
-1.88580763,11.9431925,chest_of_drawers,fpModel,ee40f3189cef7223efba7b28ffe3a49625f3fa86,16
-39.1064415,-13.6037197,chest_of_drawers,fpModel,ee98fccde070292795afc79f792b1fdccd0017e1,16
-5.45536184,-10.6449652,chest_of_drawers,fpModel,efdf51d72fbd488727731660402fd776fd96fea6,16
-47.0850563,-10.86514,chest_of_drawers,fpModel,f189f07dd84f84ec694f21df8c35e07d392c6486,16
-4.13811445,1.77161849,chest_of_drawers,fpModel,f376eee2893560e6d4e96fedfb32c29aece8ea3f,16
-0.499085724,2.28062892,chest_of_drawers,fpModel,f5726f2e407d3c64105ae2f86398cd413bf745c6,16
-44.3644867,-12.9545565,chest_of_drawers,fpModel,f5d30765219e9a8ac3a49fcabd6fdd56980893e4,16
-38.8733788,9.78634644,chest_of_drawers,fpModel,f6914c27f2fc0981865d7d5bef5d7581c373a7b1,16
-39.6239166,10.2484207,chest_of_drawers,fpModel,f7dd7bd228c2036cf45951c3d956163357a6094a,16
-40.9847603,-11.8604813,chest_of_drawers,fpModel,f8aa61c06228b4a2b01786c63ce8906b2d20c1ca,16
-35.4147949,7.32929897,chest_of_drawers,fpModel,f98c28031324740e01f300978e64aa4fd91e15fb,16
-41.8991623,-7.16804123,chest_of_drawers,fpModel,fa4157def4e294f4fc7c68000d99b90821e47f75,16
6.0570879,6.36545277,chest_of_drawers,fpModel,fa4784999bded45e376e3807e60c0875ae5dd08e,16
-27.193716,-14.9339476,chest_of_drawers,fpModel,fb10f5c28cc55822c0b662f8b78a70f39093dec2,16
5.10184717,-3.06868339,chest_of_drawers,fpModel,fb757ae376be045ec538f416544191b47e05bbb8,16
6.23520708,6.52665281,chest_of_drawers,fpModel,fb8325020112cbf94b481e2524f9975ad7a45de1,16
-42.454586,5.27983379,chest_of_drawers,fpModel,feb39fbc538b7a42b64d274baae3b8f10d8eb8b7,16
-34.4049416,-0.684610486,chest_of_drawers,fpModel,xxxx91982f33xb278x4c6dxbc98x360785ee2a8c,16
-52.6897545,1.18243587,chest_of_drawers,fpModel,xxxxf2ce548bxccd4x48aex9518xaf99df64dd72,16
-24.9901905,16.0577393,chest_of_drawers,wss,208977431e9f1ebcd85b29704f5fc7f2,16
-43.9003677,3.14073205,chest_of_drawers,wss,3a606e8ae4cb46b1e83221ad0d21775,16
-43.9802017,4.70762253,chest_of_drawers,wss,3c693492780885e248af20241edfd17b,16
-46.0769463,-11.4985437,chest_of_drawers,wss,47b8322f6c83407ae0bc4ac9fb86d343,16
-43.223629,-15.7177668,chest_of_drawers,wss,47ffa354257d2e3b20f4d1b537b5ee90,16
-2.88945818,-13.5833607,chest_of_drawers,wss,5a4a4d6f1f5a83a8124763df40048906,16
-45.9675102,-8.5445137,chest_of_drawers,wss,648bdbefbe72c6e596d5fa1ee6ada8d1,16
-41.7288971,-6.47426558,chest_of_drawers,wss,7ffe6bb6e47960c621d25a6a55757584,16
-46.1396484,-8.64987564,chest_of_drawers,wss,a38f20793fbbd3d3ff03fd9a67a9cdfc,16
-46.260128,-12.0501232,chest_of_drawers,wss,ad86354fb5faf1c98a4820926b2a786,16
-30.3274517,6.02095842,chest_of_drawers,wss,c8f1c5562dc1e97358661a3fa3dffb70,16
-48.796917,5.33041096,chest_of_drawers,wss,ca6aa453d78ad2872b34000f367cf8,16
-25.1967068,16.1996002,chest_of_drawers,wss,e9e3f04bce3933a2c62986712894256b,16
-4.8348856,-14.7083149,chest_of_drawers,wss,eaf341c056c79bec1a2c782fdbf60db6,16
-2.0362196,-11.8041792,chest_of_drawers,wss,ed962adb28a752239d83b0c6628c5e37,16
34.4365082,-2.87411523,clasp_knife,3dc200,74_029,16
-22.870142,-22.498394,coffee_table,3dfModel,24582f50-e36a-4306-a5d6-c03013fe23d7,16
-21.1988754,-28.498579,coffee_table,3dfModel,40860cf0-4d90-409e-92dc-14e57ee94d70,16
-29.0690575,-28.092762,coffee_table,3dfModel,60f31d5f-5196-4237-88b5-de02deecdbad,16
-25.2154732,-7.2999711,coffee_table,3dw,106d7ba2e8b2b8d1e6942c5426df6055,16
-9.86798191,0.555656075,coffee_table,fpModel,03fdc8dd8b89fbff8cf749f5c847180ab13e53d2,16
-36.6441307,-16.4588184,coffee_table,fpModel,1b914fb6bcc81386bfa1ff7a3eb8412b7ac581ff,16
-36.6994591,-16.4036217,coffee_table,fpModel,34b1492d454d5339285b02b94d1d3e7833f58b30,16
-23.347435,-20.9295464,coffee_table,fpModel,56992c68d20498de6e888ca811f2507f0c6707b7,16
-31.5734501,-10.6724415,coffee_table,fpModel,6e8ab0b6640c5a66914dbb05d4019a5dcaeb0b44,16
-19.4357586,1.25205219,coffee_table,fpModel,7f98d7f8b92972a8f65e3584626ac02b2c731931,16
-26.2697582,-6.97691917,coffee_table,fpModel,c3d1458850c46eda098af12448fd306c93cef1e5,16
-57.6880493,22.0032291,coffee_table,fpModel,efb43e8fe3f3676e24825ad26cfd166737d1ae6c,16
-26.1874428,-7.12100554,coffee_table,fpModel,f8a1e9ad71428615e74490c8fe10d309b527ee55,16
-24.5277805,-5.56676102,coffee_table,objaverse,00441c95af714b6db3e9b733409f2918,16
-22.7284698,-7.98912287,coffee_table,objaverse,10a44181bd4a42ab9daf7e86d4db9498,16
-22.5959053,-31.7003822,coffee_table,objaverse,4a4025012dfc4794a1f861364a5794df,16
-23.2275295,-8.64834118,coffee_table,objaverse,52726e7028fe416e8592184470a5fbc4,16
-22.6809502,-21.9665718,coffee_table,objaverse,52c0ffec000844ef9f165598ac824958,16
-11.8074427,-31.3186092,coffee_table,objaverse,54ef18c4cdc44a6ca0c77a0fe7673231,16
-21.7279453,-26.022501,coffee_table,objaverse,6e11d13b545c40a08bfb5bb65c1c06f6,16
-21.2200203,-27.9479008,coffee_table,objaverse,8bbf1e3099d04216b52c350bfd7f2d34,16
-14.0775509,-31.2837658,coffee_table,objaverse,abfe794f8f6a4e2a8c770e86591fbc1c,16
-22.5451775,-21.4380951,coffee_table,objaverse,bced80b703d34192a711aeb4b7df711c,16
-32.6164055,-6.16712999,coffee_table,objaverse,dba88f71ce0240c08bca4a1155bf0afb,16
-24.0832481,-22.8918915,coffee_table,objaverse,f24a856428f94f2ebbcaa0626f62eb0e,16
-10.7167463,-31.0060921,coffee_table,objaverse_xl,3d4b203db889624a42c31c96285c88fd399fe25e375ba6f1e9af4e3e5414440c,16
-22.1375923,-5.87044287,coffee_table,objaverse_xl,c0c55e1d3ea8d5242fd522e101ca9406433fb6b0038a85a03ecb940525b12226,16
-23.4466076,-23.4509163,coffee_table,texverse,18a37f7bedbc4d85b00f7ff5a549c181_1024,16
-27.993185,-6.61322021,coffee_table,texverse,3724c5b98d3d45abbb3c5757aae34d02_1024,16
-28.1061954,-6.66027164,coffee_table,texverse,47e3b472cbdf4bf09f5a9485d3487ae9_1024,16
-23.4269199,-22.9679909,coffee_table,texverse,67b2125f1875467484a7fa738b19951d_1024,16
-27.9919376,-6.59167433,coffee_table,texverse,6ba0e6124a6245c98b23d2efd105c0b0_1024,16
-23.5655785,-8.32668686,coffee_table,texverse,89a6a688d501462aa8e8141814830828_1024,16
-22.4904575,-21.4066372,coffee_table,texverse,b72107f5ceed42c59789ea4638ab3814_1024,16
-32.1275826,-11.4266663,coffee_table,texverse,f7b39cad83bb43fe88c302e6dc895798_1024,16
-13.9190617,-36.6995964,desk,3dfModel,0a6ce4c3-1fbd-4135-b441-40a07c634660,16
-19.7370033,-43.6440964,desk,3dfModel,1018f771-ba38-41ef-aaf9-368f2376cf7c,16
-22.1304932,-43.5517616,desk,3dfModel,11a0113b-3bf2-4333-b2f1-f882179a8844,16
-14.981184,-40.5552788,desk,3dfModel,2d529a92-bbac-4b3c-a506-51ed907edadd,16
-14.7569456,-33.1187859,desk,3dfModel,40eb7172-370e-36d8-a79d-5485e3df0da0,16
-25.6125565,-43.9077606,desk,3dfModel,4d079123-d24f-41f0-822c-b2140ea44fac,16
-13.3166332,-32.1888847,desk,3dfModel,5ae0d9c7-b509-458c-ac58-8a91322deb8b,16
-18.645956,-7.5990634,desk,3dfModel,5d12b4c1-0978-4b57-a6ba-0f9fbe168810,16
-31.0315037,-36.4296875,desk,3dfModel,6898badc-cf55-3bbf-a498-cbfd128c698c,16
-28.771965,-33.5287857,desk,3dfModel,76c55e1b-71ca-3af4-9eaf-4c040567ce02,16
-35.9111061,-35.6517525,desk,3dfModel,7fabb243-e90c-4dbb-bca1-03a94462bde9,16
-19.882019,-43.6211777,desk,3dfModel,87779242-ec6f-4a22-9b1f-831270695c9c,16
-10.3303471,-37.5614471,desk,3dfModel,8d88a0e7-c261-4ac0-93cb-39b3264bf7b5,16
-22.2167778,-43.365593,desk,3dfModel,ae2afb0b-9911-41cf-8786-4493546c3185,16
-34.8029251,-43.1422462,desk,3dfModel,af9e4300-62e6-4c4a-b4d6-1bfc9eeeeee2,16
-21.484251,-42.7638893,desk,3dfModel,b44ed9b8-1dd3-407b-ae5f-930270312e28,16
-15.8347864,-30.2756233,desk,3dfModel,b71413ff-2169-47b7-9a72-48add2708bf5,16
-13.7954159,-31.679554,desk,3dfModel,c255e58f-427f-40a3-ac56-b2469c5322b5,16
-13.3316631,-33.1686783,desk,3dfModel,c566f84c-b77c-4f90-9573-f5b464abff6d,16
-25.9578056,-34.327179,desk,3dfModel,d3cdf932-8e63-462c-bd12-cf58c075b0b2,16
-15.0094891,-30.3963737,desk,3dfModel,dc7b8f77-9661-4d6f-ad9a-2c202d6d8e1f,16
-25.6425323,-48.1411819,desk,3dfModel,e0601178-765a-4bad-8ad8-4dc593ae155a,16
-24.397665,-34.953392,desk,3dfModel,f33cf33b-ab28-41b7-95fc-c05d527c32b3,16
-12.7256699,-40.125885,desk,3dfModel,f3ad0290-c182-4316-a727-07be002ad838,16
-34.0092163,-43.6334686,desk,3dfModel,fec2a457-251b-40ad-94b8-ee4760e78153,16
-34.978611,-41.8246117,desk,3dw,283ad934385bfe6a77448e5a5b30a534,16
-35.1350098,-37.3158302,desk,3dw,417612713991fcb7ef63c5e641f6128e,16
-26.4726429,-24.5174084,desk,3dw,5c63fc733d0a1443391e4d6c585a697a,16
-23.901247,-41.4728851,desk,3dw,5f1437b18cec7dde97a7520540a0e77,16
-21.6705589,-44.2860069,desk,3dw,63af2bcbd329f7c2951c1fffab4f5807,16
-32.7471008,-38.840332,desk,3dw,762e7f3d4ad5c50962a9eaa32bfe99c4,16
-26.8396988,-43.423111,desk,3dw,918ed935eb5503ff7b4645b0bf6b47f2,16
-25.1303539,-46.8932457,desk,3dw,a06b67f40c9d675188ce13d0c8749b7f,16
-22.6378021,-44.6130295,desk,3dw,b0e503e12dafe51545526323d32ff22,16
-31.4023056,-39.4656448,desk,3dw,ba3c3e39d934d004a0ab1d82ef09f78f,16
-31.6150875,-34.7153778,desk,3dw,c87b5a312fad42d6c088f4333102490e,16
-22.6224461,-44.4176941,desk,3dw,db780c4c250bfab3ffdde8f3dc94bd93,16
-27.8823547,-41.1633263,desk,3dw,dea12a3961f77622a0ab1d82ef09f78f,16
-21.9805298,-46.6939049,desk,3dw,e5f6560601d3279a3fb0920a55a7e805,16
-32.0198441,-41.1457787,desk,3dw,f2ca4260edd439b64b7ab0e8e275bdf0,16
-31.0495358,-38.7078247,desk,3dw,uce030552-b4e1-4867-a8b4-252b59b53b41,16
-33.3464241,-37.0238495,desk,abo,B075Z93NHP,16
-6.47187996,-33.5282516,desk,abo,B079HXWXXD,16
-6.28381348,-33.7155151,desk,abo,B079HYXWPC,16
-23.8234997,-46.9621658,desk,abo,B07GFFQZRQ,16
-23.7128162,-46.6267052,desk,abo,B07GFT67NJ,16
-22.9108353,-47.1145096,desk,abo,B07JQ7T5YP,16
-34.5318642,-37.8242378,desk,abo,B07K6N3XKZ,16
-23.2182331,-46.6964722,desk,abo,B07K6N5FVX,16
-34.5108337,-37.8184433,desk,abo,B07K6RNQDH,16
-35.5688171,-36.6936989,desk,abo,B07K6S2G5Z,16
-25.8810253,-44.1179199,desk,abo,B07K6S2G67,16
-8.37974644,-35.1514435,desk,abo,B07QF9Y6Z9,16
-25.7933941,-44.2688065,desk,abo,B07TJV6Q5W,16
-24.7764626,-47.3974915,desk,abo,B07TN2RZPW,16
-34.0777969,-38.5067902,desk,abo,B082YM18R2,16
-24.0121956,-47.0721054,desk,abo,B084S6R7MV,16
-12.2588491,-33.1634827,desk,fpModel,00f5afbca9f9bb5eadf718e81a66f0973ed67898,16
-34.524826,-43.0885506,desk,fpModel,01be253cbfd14b947e9dbe09d0b1959e97d72122,16
-34.2685661,-40.4128494,desk,fpModel,03f226dd0e012925a8674564c4de19cb786c9a88,16
-13.9537172,-32.5387001,desk,fpModel,128ed2ced9a101aa0d131fd224012fd52198003f,16
-13.6093216,-39.4915199,desk,fpModel,13fb5e59f1f43a212565ecccb938cef340453b13,16
-27.2439156,-31.4619637,desk,fpModel,1619e2e6a18d5d374963a3a4280f7a6d76356079,16
-13.632123,-39.4760857,desk,fpModel,1f3cb2b9ca2bbeab98947de6f076ac212474c494,16
-15.5488844,-30.065115,desk,fpModel,215e08aaca7f96eb917fb32b11a459b2271a31f0,16
-11.5387211,-39.640049,desk,fpModel,24430dbe765dd54d727d0ba3d234601142805e4b,16
-12.9879932,-31.8630791,desk,fpModel,31e11f036e69ac95f264368f9736ad533b8c1325,16
-14.264348,-37.2311592,desk,fpModel,35effafce676776d73b022654d4bf7c1d668363f,16
-13.6735668,-39.8586464,desk,fpModel,3752800362cdc6ebfba94a5a4f45aa730d81cef4,16
-9.8011446,-35.6720581,desk,fpModel,3a12fb2ab85d734b4b11bc6f541be9961e7ecd23,16
-22.5616608,-32.7729874,desk,fpModel,406f46db4f76f7973ac743ef7fbc70b77785f05d,16
-6.95179892,-34.3197899,desk,fpModel,41d16010bfc200eb4d71aea6edaf6ad4bc548105,16
-33.009655,-40.6915627,desk,fpModel,429de8a53ddf94a47ec553147dc8603b803be056,16
-13.4929419,-39.0683289,desk,fpModel,437d63141f9c157ca01a57b90e50be01ce2568c1,16
-12.6342249,-39.1156769,desk,fpModel,43ae5bbfa16a74dbc82d29041846e0b92ccafabc,16
-15.2995968,-33.2931938,desk,fpModel,502531250c603e992364acdeb7ced91b9c82e3f4,16
-29.5803661,-30.8716526,desk,fpModel,561105c73bf76152a2b32e4f55f80db6a25ac0d4,16
-18.0365696,-21.6097546,desk,fpModel,64070ceff1d42c909465e51ea0ae4c2be6469fba,16
-12.8070402,-39.4987411,desk,fpModel,67cd90e7e00c93901ba366c8ec6f5dbf586890f9,16
-10.635128,-37.5405388,desk,fpModel,6804953904df94d4abdb0776ad6d55c2a5b8aeaa,16
-9.79856205,-35.6306343,desk,fpModel,69d3d9f343616758471411e4eae82daadc1d1ac0,16
-30.9620705,-26.0527802,desk,fpModel,6d24b2fdb2fd4ba5a34bb077ce32d05270fb8ad2,16
-23.8819199,-41.4192505,desk,fpModel,6d264e3023b940b0b1d31b77e04d0c845853c1f0,16
-30.2109737,-30.3844624,desk,fpModel,6e6c0f0829627cf5ca77c58142311dcfb12a17e8,16
-30.0635777,-39.1319504,desk,fpModel,6f0b2844edf4906d69832484e80d5a69d9b33b1e,16
-22.3893719,-46.7875824,desk,fpModel,709745fbd3cc41050840793cdf67e73995e27270,16
-25.2060661,-31.743763,desk,fpModel,7489bcf3f226d315b4627bc442422f44f9eff092,16
-32.9508667,-39.8642082,desk,fpModel,78c6daa160452aab3cebdbf707a034cf121c86e8,16
-7.22938251,-34.4814186,desk,fpModel,78fe75bb14f06cdfba063a60de551a71d84e89f0,16
-13.1020308,-32.224987,desk,fpModel,7cdeb790eb0a2a35f1bd5a29588c1b251dc0a3e4,16
-8.39070606,-35.1581535,desk,fpModel,8195c2991d03645f5a989b7aa0601161ad34241f,16
-13.6650362,-32.9021301,desk,fpModel,8adc3b058f1684f4de9e4f6d1ca718f4f2e1df4f,16
-11.1240854,-36.5427399,desk,fpModel,95c60720df5c0b8d3b59de6ac852f4d1b2d06a3f,16
-27.1042728,-31.4477844,desk,fpModel,98082ffefeda96e60df9cd906920ef6918a9e874,16
-11.8117304,-39.3953972,desk,fpModel,9adb235d4841962c4ed5729d151cfe3ae39609e9,16
-22.1742496,-44.7358932,desk,fpModel,a32ed32cc5693cb1ccd4792b7c3f0340cc8eda91,16
-11.6318836,-35.9461098,desk,fpModel,a988bc50b88f4e627a0860ff647e1c9f62ea66a2,16
-33.4219475,-43.4039574,desk,fpModel,aaecdb19e67392d21115834f481a4c7a2660e90b,16
-21.863018,-47.5493469,desk,fpModel,b16142c1f913731acf684391604959b2989ff917,16
-24.9595795,-47.5865555,desk,fpModel,b1c0fc607c063010c4b9300c955a0e3e5f7001fc,16
-13.2396688,-33.1943169,desk,fpModel,b2a15fbf1be55416b27bc7ef9a10d2b22af24376,16
-14.6647949,-31.8450127,desk,fpModel,b2d2f9ca104169f9f8b874be2a35b40c77642439,16
-45.2708511,17.2651806,desk,fpModel,b5a23e82cd0af7f35dac26da79ff5e34d4efdd2b,16
-13.8864737,-37.0177956,desk,fpModel,bb034d375833247e8539a25b7075afb01e908507,16
-22.5775356,-46.8555222,desk,fpModel,c192b6182392e8ab3704f8f95f8899fa0b6c7cf7,16
-15.1932917,-31.8041382,desk,fpModel,c77e8ffcb85d5d91694bfe37516ef9880890716c,16
-24.9188747,-31.5629292,desk,fpModel,cd88a7acd6170502cae92b5054f0ea1327376a03,16
-30.5898495,-30.2338161,desk,fpModel,cf2ccf35f30d7f7a463a0ef5eefc18a90ea7d2fe,16
-14.3244591,-36.9217567,desk,fpModel,d0e9a70969310ca5b09c46606d1c8959edba16f5,16
-23.0448589,-48.4986725,desk,fpModel,d213d8ab611456a8c8d1f8b1f76bd075d9070f48,16
-14.7516689,-33.146183,desk,fpModel,d35907d5ba40cef9835aea3cbb808e9a92d9cbaa,16
-8.50519943,-35.3526382,desk,fpModel,d4e0d78439767eedfbf0a3ab83301d472c8c13cf,16
-13.5358448,-39.2043114,desk,fpModel,db360d1335005af5d247884ecb78fa6977addc6a,16
-24.469099,-47.7978477,desk,fpModel,ea4826625a4ad17e2bd2f4013acdb1c26b568999,16
-30.9375954,-26.2399311,desk,fpModel,ef4ef1a757e871e774b4f1a73c55906bea1dae7f,16
-14.50735,-30.8851738,desk,fpModel,f1daaca929f58ab494442d7ffa6b60a7d886befc,16
-14.9318647,-29.4987373,desk,fpModel,f686c15418b7ef098ba67f04d746c6971ac31002,16
-13.0624895,-32.0708504,desk,fpModel,f84624a16fc343ce94373e0ec45362127c70451a,16
-11.5013046,-37.7531586,desk,fpModel,f8c1be8fafd7d652e850774aa20a4e33feddea4c,16
-12.9341555,-33.498951,desk,fpModel,fccbc696de991f8a9547b04138db49c8ae596bf0,16
-32.347496,-40.7177429,desk,fpModel,fe145ac32fc7a2f829631072886fb4f6125e318d,16
-25.2773342,-46.1356888,desk,fpModel,ffb44e74fd5223fe28edce2117e26f841c8c9448,16
-20.8551559,-31.8566418,desk,fpModel,xxxx5b90aecaxec62x4c50x96e4xbf3aeb5a1a6b,16
-22.7252979,-32.1213989,desk,objaverse,11dfbd61f02a491a98119bdb482f818e,16
-13.5707207,-33.5026207,desk,objaverse,1d9e363d30a44b82b49af7d7d9b66641,16
-28.9842281,-38.2921791,desk,objaverse,95fe0ea09f97465fb5183573b44f2b7b,16
-33.0892754,-40.5442734,desk,objaverse,bf2f5c812068489c92188cde9932ef0d,16
-34.1511574,-38.7967148,desk,objaverse,cdbf99ee9b714c24bd373607b0b310b2,16
-30.2768116,-36.4607735,desk,objaverse,ef8bc947f7144174856fbf8fed77d656,16
-23.893322,-45.9848289,desk,objaverse_xl,01db42613ec916b570af2706277a5dcda671d03816958f7bcd2c74e8fac22f1e,16
-15.9485016,-32.4646606,desk,objaverse_xl,090634bb5740809f9059be926c66c99bcaae5c39c945e22d0f2558b831836af2,16
-23.9134769,-46.1974678,desk,objaverse_xl,09809b9eb62f23014da57aba1c8ddd3e3d0ccb872058fe5c503ac26443bf15af,16
-31.9559517,-34.3790321,desk,objaverse_xl,12408ad150034aed024bf1f48e83019cc656a006252cf180ccf64017fe5ef96d,16
-29.7650776,-41.0922356,desk,objaverse_xl,1a6585a08b8e2221f1f8ced16e0ab54f2357bb17195698d8cc99d7489b219c3d,16
-22.6756439,-45.5186768,desk,objaverse_xl,24ecf47c9a7fb71c7ad0943f68b9f95739f498667eeba808118ee9f28d25ba64,16
-23.223465,-45.1750183,desk,objaverse_xl,2db5be6fa1e71e3cb55dfbea29b84bd5c2621fb48a08534de57be2c6a3404408,16
-29.7590466,-41.1195183,desk,objaverse_xl,4ae8e56ff8bbf6e5097ca12be58b84e23b40bdf1f8f6c584fa1fa1898b7028e3,16
-28.9720669,-38.3052101,desk,objaverse_xl,50fa4039a97acaf1ae97ac3d590bec9d8b5f2387be1c1c1ac227c38caed72b58,16
-23.8473301,-41.2040482,desk,objaverse_xl,53d26cdbd64b8d768cdef700ebac2603dca48b6fd0107e94fd5f875412b28892,16
-30.8142796,-35.9700127,desk,objaverse_xl,567efde0cb2f433bef4e579b2acbbfa5b129dc6f3453faa83ecbee80dc1f047b,16
-23.2504787,-45.1952972,desk,objaverse_xl,57464e9894972c3b9f59229c392f8129bbe90c9cc5fb0fbbecb01515c2c2851e,16
-26.8831444,-34.1320229,desk,objaverse_xl,591b220ceb45ce328df9fdec9b8ec918c743b5e5ed84209a13b0e8b0af0fcd75,16
-21.4127216,-44.3852997,desk,objaverse_xl,704be18381a2c0a9472a6364aac62588ddb275e1a27463530a87b5bc5ce93402,16
-28.3645687,-37.4474258,desk,objaverse_xl,708f3589a17b414b680e2d1c17246a36596b9d0d17bc3b6f57b7a2bc0591fe45,16
-25.8732948,-47.3725624,desk,objaverse_xl,77e1fe31d0f72c66562dae5a9895d3e2a68898b493cf4c90cbd247cad8d12dad,16
-21.4666786,-46.517662,desk,objaverse_xl,7dcdb77d975c6f78ec7b90300030872bbff852c6413d8f53771918f4a32668b3,16
-24.200737,-46.4270248,desk,objaverse_xl,7de55215df72c6b6fe869a9474b508897562d865779a7ea72144c437a143a81b,16
-10.0572929,-37.3307419,desk,objaverse_xl,8b0d197ad61d1568a31f28aa18db2f612b810a46f9d9fb33c6ecae4e0b45cc48,16
-35.2995567,-38.8994179,desk,objaverse_xl,8fffb7e82593c3e4e77318503de470a01d2b8e0c94f2077adc19052e1464cd71,16
-23.8092136,-40.9942017,desk,objaverse_xl,970054af72dd47b9788b0d7f30ca7dee0309a05088d13af70e70110fe20b4c97,16
-31.381155,-38.8249016,desk,objaverse_xl,987dd3d92678e7a8275b939ae2d0aa7b59216e4838cf1c69a4f976d94ba9b4b0,16
-29.8519764,-31.8598518,desk,objaverse_xl,a468ac22b4dd6c2f9aa463dd0e045df3b0c94b31a595ccc7f2540b2b101988f0,16
-35.078125,-34.8518906,desk,objaverse_xl,a5db769d2ce81b92a44904febdb6f1807dcf026560b64bf11dcbabf22df4013d,16
-21.4308472,-42.6125755,desk,objaverse_xl,ab43eed86ed9db6cef41e3f83d10cd0cba3c09384407c945ce9ba1f75556c5c4,16
-31.1522732,-38.3719292,desk,objaverse_xl,aef96d08c8462bda77f4bbfc156ff495fcfcbdcc19a946222d3a14763426c302,16
-23.9113026,-45.8404732,desk,objaverse_xl,b28c3f78400823a2e3f175355105d07c3fc83dff9aeb601fbf8aac6b1e920614,16
-33.9937859,-40.9913483,desk,objaverse_xl,b94bd374792b2d950fecb162fd0b13680601c61c8b25845a0466fb0a0a1597c0,16
-32.4625359,-38.1428947,desk,objaverse_xl,be80a430d2a25a881bf3d8dcee3b98bfb489cfba85f5e273e6200567a9246e4a,16
-34.1165009,-40.7643166,desk,objaverse_xl,ce6083a116aa9ec4e41ded69677bff6ba739101aad7a41a7a341231a373861bd,16
-22.7149925,-46.4468994,desk,objaverse_xl,d1c842d1ca9c4f75571bb228de0381b60c78e342647404f1a6c797d6e81a0eea,16
-24.1723137,-46.5167618,desk,objaverse_xl,d80f8eafaf35f5e3f4d7200b86cdfe11f41324bd088b796ce8a058d5835d4f81,16
-32.7452545,-39.596096,desk,objaverse_xl,f42a01d801e55fd10125eedd25dffb70fd69237829a6a12621a13b6d1bab503c,16
-31.3965626,-33.6936455,desk,objaverse_xl,fabe8482957ba32233fed74e43b62e1c795a3d7b2356536c1d9fce6f09850d75,16
-24.2231407,-46.2969093,desk,objaverse_xl,fac680e54bd722e0648aee2bffc513b2bf9b377fcdd2cdc3e9ac3dc238f1b6f7,16
-23.6536217,-44.4127693,desk,objaverse_xl,fae7ef4854831453b53834b60f056d0ace30b6e54469233d0aea7ca49f303c5a,16
-23.0975513,-44.0209351,desk,objaverse_xl,ff98ec57ad654fc67bbedfac2a7142acf09597005b1cf29472593c3b1708dec8,16
-34.1791687,-36.8013,desk,texverse,01f6ba08d39844b1afb149ecbcb81832_1024,16
-33.5497246,-36.3231163,desk,texverse,03e8889a66134d358b915a816c91d3e3_1024,16
-34.1179543,-42.405407,desk,texverse,0ab89684af9c40789d30109b47015012_1024,16
-34.8008194,-43.1416016,desk,texverse,0be18266137a4c718280608335a8ccab_1024,16
-30.522047,-29.8665981,desk,texverse,1245f288febd4544899e3378d19eb05f_1024,16
-34.0391312,-39.343441,desk,texverse,159e6d46373d44d4b9a5fc97eee3e263_1024,16
-32.695591,-36.2402229,desk,texverse,1bb2a31ccedf4cebacd524cf6913311f_1024,16
-15.1072197,-31.7561836,desk,texverse,216ab075f4d742478fd91423b326441e_1024,16
-31.371603,-32.5087967,desk,texverse,22e91b10696b439f9914d55f99eb67a8_1024,16
-24.0688858,-35.0047035,desk,texverse,2499ad45d2644f72b9208d8ab9862d90_1024,16
-30.4727573,-37.0661125,desk,texverse,27d8e3b1fc0d44c3b1f763abbdd7d22f_1024,16
-35.2810287,-36.3621521,desk,texverse,2ccbccabadb04d7cbceadc92350d18d7_1024,16
-33.4765511,-40.4231606,desk,texverse,36e27887358e45d3b400d4c4dd7ac7a8_1024,16
-35.0952454,-37.2665901,desk,texverse,40f8490edfb54af0b4676fad7b4e33ee_1024,16
-33.9057961,-35.9414597,desk,texverse,42f1d3c373784c9996d35cbf08f2dbbb_1024,16
-21.8623009,-46.117012,desk,texverse,447da0bd6e244a849730305aab9605bc_1024,16
-32.4934959,-35.8428459,desk,texverse,44d5006cec6246188a5f01491495c3ab_1024,16
-30.2393169,-30.5953445,desk,texverse,536ee7c5cfb94775ae3eff608bd9fecf_1024,16
-31.0408974,-40.9317436,desk,texverse,54175365053d4bcd8eb9774665a786a6_1024,16
-26.3718567,-33.828331,desk,texverse,5439fc5552194750b2cbae8e7d699f02_1024,16
-32.0428543,-32.2801514,desk,texverse,58b1498d53fc4a69a06a6618ae0c2b05_1024,16
-36.2289314,-40.1423645,desk,texverse,5b9584fb6872477892970ef93da16b0a_1024,16
-34.997242,-36.8791122,desk,texverse,5d44cba3aeb24b729f367ef935c7d6f4_1024,16
-31.1615772,-33.0166931,desk,texverse,607a7a7e5c4b4c168ccb7b7eccc72900_1024,16
-38.0951233,-39.1336632,desk,texverse,6506b87f90c6437bb160532dce9a9115_1024,16
-32.9930725,-38.228157,desk,texverse,66b06572980e48089789ab0f7a43e17c_1024,16
-27.7092915,-41.9016762,desk,texverse,695b700c82214bc4bd586c5001e11922_1024,16
-28.2711372,-33.6141815,desk,texverse,6be1e432fc8c4c88afd8f507f6ef5633_1024,16
-32.3284416,-41.6229477,desk,texverse,6d4f5b7a603b43ec80dd8689ebf092ec_1024,16
-34.3289032,-35.7620468,desk,texverse,7730b7282b254cd0a4f6163790e0bff2_1024,16
-31.2559528,-33.5262566,desk,texverse,7cf629f6b1da4075bdafeb05cd44eb46_1024,16
-32.3940544,-40.1995163,desk,texverse,7d012888377943cca9c78d8678a49890_1024,16
-33.2534828,-40.8728905,desk,texverse,81695fe88fd4403da589948c65590d5b_1024,16
-33.4323997,-39.9548187,desk,texverse,82f26ae6a84b404b9162ef887017273e_1024,16
-34.2328415,-37.203022,desk,texverse,84104d9454b949d8bee3c31e4a58cffd_1024,16
-31.4410801,-36.7214813,desk,texverse,8b1b3df04a1a47e0a1fe3fe1d369544a_1024,16
-28.8745785,-31.0807571,desk,texverse,8c3b402a4c21466c99c18f3a58701b47_1024,16
-30.5124435,-36.8876114,desk,texverse,8cb42925a5c5487596ef76b27d3d373e_1024,16
-33.3065529,-36.0486526,desk,texverse,90c3d8f071a44a2db3ecb6037126bb5a_1024,16
-30.1352043,-41.4406548,desk,texverse,91571d85c6344c6cbe21403ad03260e3_1024,16
-33.6383362,-38.5079803,desk,texverse,9262f311271c4c4390341e526d3fe103_1024,16
-29.8826237,-41.7395782,desk,texverse,9914f655a62d42289199ccc36a981a75_1024,16
-30.6875496,-30.9099808,desk,texverse,a7d57288a0f4432298255548e4a01ca2_1024,16
-31.0203342,-35.3522453,desk,texverse,aa18313ffb144bef9ffe00496452b58b_1024,16
-28.0684624,-33.8549461,desk,texverse,aa6e630c19c14b7d9f57776da494a950_1024,16
-36.1236191,-40.157444,desk,texverse,abad6762e1a24bf1b1b465bb48692cc8_1024,16
-32.1428566,-34.1297646,desk,texverse,b45351a9760946338767bf53f11c796b_1024,16
-35.2557793,-36.5828705,desk,texverse,bbddc0cc8d6a4c9a96a0fc4170594336_1024,16
-32.6115456,-39.4385948,desk,texverse,c1c7223834ca49cba5ee213eb7131a0b_1024,16
-26.6062031,-33.782486,desk,texverse,c7763913b1854ffabac04c660f6eb3fd_1024,16
-33.3862801,-37.4837875,desk,texverse,c7d79c5a304a476d87c8014a2f6565cf_1024,16
-11.0027304,-36.4927444,desk,texverse,c7fb0dc26f9a4f7d8973b246ae1141f7_1024,16
-34.4003296,-39.2533684,desk,texverse,ce90db71851e4bc78c3e91f7a2f82e62_1024,16
-30.2167988,-36.2039604,desk,texverse,d263b96494e046c3a7721039d52c70bd_1024,16
-32.1432381,-37.0276909,desk,texverse,d2ff584217c34219be3838381258e7b2_1024,16
-33.9584389,-43.2287216,desk,texverse,d5654876bce34840a2f979ee4d72b193_1024,16
-28.2025433,-29.4083424,desk,texverse,f0df621fcbb5497ebd4e20785835e010_1024,16
-32.893219,-39.0903511,desk,texverse,fc9c79ea7a4c4da885cf9bdde7589003_1024,16
-33.1649933,-35.2245026,desk,texverse,fcb6d958059747359a834b0f79ec4971_1024,16
-29.125948,-28.1609077,desk,texverse,fcce7edc84134fa2b7207649771cebd0_1024,16
-33.4665222,-38.6661186,desk,texverse,ff0592d8abfd469eb491ccc04d2e5f24_1024,16
-29.8092785,-29.6399364,desk,texverse,ff65d895b4354d0ebf934f6e549b12f2_1024,16
-28.9077511,-38.2385025,desk,wss,e18b448f7e5f6ecc1baf720a45fc5c38,16
29.2480526,10.0564814,digital_piano,3dw,a8cd050cd15899e1111b6746634830eb,16
30.1303482,11.6537485,digital_piano,3dw,cae13ed2422461d7dfe7aeb56fc00bf,16
-11.5695076,30.6128025,dishwasher,3dc200,10_000,16
-9.51362896,30.2471905,dishwasher,3dc200,10_003,16
2.69817042,32.4250107,dishwasher,3dc200,10_008,16
-1.0438844,25.7191334,dishwasher,3dc200,10_00d,16
-9.51318741,29.9191532,dishwasher,3dc200,10_00e,16
-8.30414295,28.8432007,dishwasher,3dc200,10_017,16
-11.67801,30.5592728,dishwasher,3dc200,10_018,16
-11.6475058,30.5886612,dishwasher,3dc200,10_01a,16
3.79553509,33.9166985,dishwasher,3dc200,10_023,16
1.24969471,32.3721733,dishwasher,3dw,19d07548-e7fa-4fc0-9213-4aaae731bd78,16
-0.897974849,28.3089447,dishwasher,3dw,2671f872cd730cdc9941e769880462e7,16
0.572378099,25.4271278,dishwasher,3dw,28e9e35150b7b105aa986b5d0b87be41,16
-0.152675375,28.7117023,dishwasher,3dw,49ca6b66fbd6ca0bb7dc65d7950bd55b,16
3.91986465,25.7876053,dishwasher,3dw,50b7eac2-dee9-4eeb-b94a-e2f06282e95d,16
1.18619037,25.8286247,dishwasher,3dw,5a3faa0f-7758-4992-ba16-e09d55e52b24,16
0.65616864,26.0025997,dishwasher,3dw,5de9319c5714e603b361c88e264d57a6,16
-5.2584362,26.019846,dishwasher,3dw,7158c087-acc5-4c14-b49c-c4c60c1c29cb,16
-3.56380367,29.7008724,dishwasher,3dw,c709c8a6cb97c8e55c67382e5c978dae,16
2.72674513,31.2983055,dishwasher,3dw,d866256e6fb8d4a9d1897a899ab1ada3,16
0.0608747303,26.6594067,dishwasher,3dw,dfb3e16d675a9b9e78469234ea19fc4d,16
2.49812436,30.9911804,dishwasher,3dw,e289f439064635b0df3a1b0d597ce76e,16
19.2807064,6.5695672,dishwasher,fpModel,5241c215a33586533ab0b748cd900c8d3468df22,16
19.2812481,6.56956482,dishwasher,fpModel,9f4ddfa2353e1db1588938fbc3dc0a66cb898da7,16
2.47673821,33.0016747,dishwasher,fpModel,aad01c69d7a27a1740e422f5f64b781816bd86fa,16
18.1186104,18.9323502,dishwasher,fpModel,c788d5a6d5cfe39a4ab5d8e33f1e4e5c8e8d3652,16
2.93426466,33.7471199,dishwasher,fpModel,cb3dd8f2c8de396606e0794f6effc921aff7235d,16
2.37458372,25.7380791,dishwasher,wss,77ddd857eb3c1460121859336e292a5d,16
8.05582905,5.60493135,dishwasher,wss,91cec7275a9b3266a6eaed098287ffd3,16
-0.160988346,27.9277554,dishwasher,wss,b5ca6cded4b23f2455b2aedb5bd199c6,16
0.804255784,25.995121,dishwasher,wss,c5f76c9a4137a3563862b05b9038dcc,16
-4.75396299,28.9807281,dishwasher,wss,fb3c5f6d4c66073260ddc468fe733ed1,16
0.568093419,26.4559155,dishwasher,wss,fba77111f045a448fad3c648a4e3c1dd,16
1.88357103,27.0699005,dishwasher,wss,ff421b871c104dabf37a318b55c6a3c,16
32.8371582,11.93398,display,3dw,12bf39c6f389614ef8208b6313b1ffa0,16
-10.5649395,42.2571793,display,3dw,1446c8304745f735f14fd7b2d07274f,16
30.5459728,21.2959309,display,3dw,198cac374443e7ffb6e56ccb2c92c79c,16
33.9356003,22.8484859,display,3dw,1ba6617a7c980f0774462b472371ea23,16
32.8689575,22.9684448,display,3dw,2ff8b8d07835ff76b7c668affa710700,16
33.9860878,23.5344257,display,3dw,307d8ebd7006825621c33b81f14e1494,16
35.0310059,23.3762836,display,3dw,3a14e20b81bcb8559531a714ad5bf7d5,16
30.8108883,21.2604904,display,3dw,556ee24af3368766d582842dfd31e6a2,16
34.1729355,23.8572617,display,3dw,5929e9a5e22904898ea0068b966c5177,16
31.6643162,23.777298,display,3dw,6f808d9b088d894852f267585c0cef8d,16
34.0561104,22.1290245,display,3dw,8b4cde6138ce8f7d4356a06cbb104724,16
34.7414627,21.9167747,display,3dw,9929130d8526403941e79a812b534768,16
33.6088295,22.7738533,display,3dw,9a7ee9510b0730a8a6fe2121b38b1a23,16
35.2685814,23.5481224,display,3dw,a2a41ee7b40793d64b673bcb347ff283,16
34.3261757,22.1668205,display,3dw,ca0bb45fe48e7932aa669fbe8e7a7c4d,16
30.970129,21.4659233,display,3dw,cad95b52691fae8ef67d64f1c5c1158,16
34.08992,22.6418324,display,3dw,ccd5d9ca3210f293408a989db21a071,16
33.6176796,23.3636169,display,3dw,d09dce205a4cdb552b0816234b7cd03,16
33.1352654,24.6471233,display,3dw,d6bce5fb13e380428a262a12a7dd1858,16
33.4880753,22.7427406,display,3dw,da41bce60145620658045ef91de99311,16
30.2835827,21.180891,display,3dw,dac35a5726cb8277198e224e6808a75c,16
33.6633224,21.9937077,display,3dw,de25290718e58e1afb199d4d7f9595be,16
38.6689377,-2.20795703,display,3dw,e988ea94186c23bdafd8d4af119e777,16
33.4233208,22.1616726,display,3dw,f9e9ea8b9012e28e1a9cdc473de1c9be,16
34.6401482,22.9273643,display,fpModel,2029bfb9eca4ab612eb6724916cbff472de47d7b,16
35.6006546,22.7648029,display,fpModel,296b43e62a47818108187de2baa6011f06403446,16
35.4676819,22.8712273,display,fpModel,5b842854c8dd112a18e51922da58267e7ea60d5d,16
36.2838936,21.5841026,display,fpModel,878fded4b4bc0dcec55d68a662a89ab81c8f0cd5,16
35.3068466,23.7516327,display,fpModel,ad9fc592f9942a7e3feaa19a697329bd65bb7ed3,16
34.5200996,23.4695702,display,fpModel,d160e323f1d5a92394de74865aef8938f986d344,16
33.7192116,23.4155216,display,fpModel,d294c9a5b9a28083a3bd1af2fc2b5c7b55fe1c7e,16
34.2837982,23.3797131,display,fpModel,xxxxb79b5f0ex1782x4aaaxb790x11d3c073f345,16
-34.9359779,18.5924282,display_cabinet,fpModel,222a445d2cce84b5ad352758634c94962b44153d,16
-0.688287199,-4.11737299,display_cabinet,fpModel,32a302104ec8f94faa2950f0167945ed4895e9b9,16
-12.7626791,-0.876947761,display_cabinet,fpModel,3c080d106ad03db9be1ea6c996264fb66c053973,16
-32.5064392,17.3021755,display_cabinet,fpModel,6bc64333d6108aae201e5c0bf1ce9be86b7f7fcd,16
-34.5507126,17.6774082,display_cabinet,fpModel,80dea841d023ea7ebc15065709eb0cf6b2636b5c,16
-31.7343597,-17.168478,display_cabinet,fpModel,86275a65ca62f6e046ed9ce1080dd150d3bbc76a,16
-3.66835117,-5.86884785,display_cabinet,fpModel,9d6618cb72507fc3e2e656836a32c9960393f522,16
-34.7480202,17.8656883,display_cabinet,fpModel,bd29ebd8934cde447c1c219e180cbf3c26831c7a,16
-29.5158062,22.2663307,display_cabinet,fpModel,be0ea104f86eedb2424627de3e52a32af8d19c02,16
33.7789497,29.9415913,display_cabinet,fpModel,d898715b817ee6c34958abada9ca65d8a40439e5,16
-34.7872276,19.2207794,display_cabinet,fpModel,f1f57d97c401d914c14d0f3d1e9e322971908b7c,16
26.4025364,37.4145279,divider,3dc200,48_001,16
25.8014832,36.2646103,divider,3dc200,48_002,16
26.1692581,36.5471573,divider,3dc200,48_004,16
27.0081768,37.0059738,divider,3dc200,48_006,16
26.980257,37.063942,divider,3dc200,48_008,16
27.2357731,36.5274849,divider,3dc200,48_009,16
26.2425461,38.0245171,divider,3dc200,48_00b,16
26.4912586,36.9820747,divider,3dc200,48_00c,16
27.3937321,36.5869446,divider,3dc200,48_010,16
26.4699631,36.4553032,divider,3dc200,48_012,16
26.5109024,37.5092964,divider,3dc200,48_016,16
16.5666847,55.7655602,door,3dw,12c21bcb15c323ecac335ea44608605a,16
26.6332684,53.7835388,door,3dw,1398476e9bcf89c19923f29a73f1a8cf,16
19.1581001,52.3536949,door,3dw,2bac8aa350b7817a450a305670f50016,16
16.4881687,59.9096069,door,3dw,322d51ba912154606a44fdd49dec8069,16
16.0329132,55.6785622,door,3dw,381c4e4464bac9ccdfd1d17b67edb09,16
20.1882153,53.3100357,door,3dw,3bb6fef20cbfcbaa3e350b5043f1742,16
19.5695629,53.8813057,door,3dw,3de2edf492a1ec723ac25a59e42ee54e,16
17.471508,52.0517998,door,3dw,663533e1ba65816423a0043bb9ea7f10,16
27.9119339,51.14674,door,3dw,68b6701563fba62b84006e2f6b451ae2,16
29.5373917,57.5248642,door,3dw,6de121721159eb6421a08935eb37d792,16
26.5921326,53.672802,door,3dw,78cf08412b751eca9923f29a73f1a8cf,16
25.6207924,52.2228165,door,3dw,7b104937be8475c0cb79366be6a95730,16
23.7357731,50.1268082,door,3dw,7bab89bf893fd435de650492e45fb14f,16
25.9237289,53.026268,door,3dw,82c6b7da8081050e9ff218a0e4a95181,16
20.1768837,53.3127136,door,3dw,925643c47a7423fca97f91414ead4a32,16
16.7812939,52.732254,door,3dw,9bef525c49272db567f499300bd67b90,16
22.6977062,50.855442,door,3dw,a45f4bcc4b138edba35a7666f0cfa5bb,16
17.7031727,56.5246162,door,3dw,a9db4685fccf94cbacd0ab0e2d10cb9b,16
16.7947063,53.2178726,door,3dw,b75b4c9ad3d02d05d7ffe06e3f59dccf,16
20.3879852,53.2110138,door,3dw,b9686534f1bb635c7499f911648d1cac,16
15.3366623,56.6073265,door,3dw,bb58ae645113fc6a8b82f597570a7a6,16
-30.9417477,25.8526058,door,3dw,d01578b2624462c7b63a61619818b168,16
27.0186729,54.4767799,door,3dw,e62dc8100104c139720fafea2a58c17c,16
26.4050522,56.0637321,door,fpModel,200-18,16
24.9398842,53.9961128,door,fpModel,200-19,16
27.1946831,56.3839531,door,fpModel,200-2,16
26.8147011,55.958786,door,fpModel,200-20,16
26.7917385,55.6992645,door,fpModel,200-21,16
27.2328987,56.1366119,door,fpModel,200-22,16
26.3423843,55.2044487,door,fpModel,200-23,16
27.0188007,56.1084595,door,fpModel,200-27,16
27.0720367,56.4742012,door,fpModel,200-28,16
20.6833572,58.734066,door,fpModel,201-24,16
20.4673729,58.4605675,door,fpModel,201-25,16
20.7494545,59.3602333,door,fpModel,201-26,16
22.7844982,57.81567,door,fpModel,201-27,16
21.054594,58.5043449,door,fpModel,201-32,16
22.8520641,57.8026199,door,fpModel,201-33,16
19.9313507,59.4687767,door,fpModel,201-41,16
20.7059898,57.7942657,door,fpModel,201-47,16
22.9889565,57.7416496,door,fpModel,201-50,16
22.9764442,57.7477646,door,fpModel,201-51,16
20.7110519,59.5359421,door,fpModel,201-52,16
20.6913033,59.436882,door,fpModel,201-53,16
20.6946869,59.4963722,door,fpModel,201-54,16
20.9298553,58.5595818,door,fpModel,201-55,16
21.7814751,57.7109375,door,fpModel,201-63,16
21.8296127,57.6874046,door,fpModel,201-64,16
21.1487942,57.5295219,door,fpModel,201-69,16
22.9525166,57.8544006,door,fpModel,201-70,16
20.730196,57.7331505,door,fpModel,201-71,16
23.6293545,57.547554,door,fpModel,201-74,16
23.5375214,57.5928383,door,fpModel,201-75,16
27.0304165,52.2234306,door,fpModel,202-1,16
27.0123882,52.2571907,door,fpModel,202-5,16
26.9884014,52.2531242,door,fpModel,202-6,16
27.1782951,52.1790581,door,fpModel,202-7,16
19.3153,59.2265091,door,fpModel,203-5,16
19.4846821,58.6708908,door,fpModel,203-6,16
19.5026131,59.0491676,door,fpModel,203-8,16
27.0420532,56.1364746,door,fpModel,205-1,16
26.8702488,56.1700058,door,fpModel,205-3,16
23.8032188,53.9513969,door,fpModel,205-4,16
26.0126438,55.3064651,door,fpModel,205-5,16
25.3728466,54.9957504,door,fpModel,205-6,16
23.7966309,53.9649773,door,fpModel,206-2,16
15.0288572,58.0656853,door,fpModel,210-0,16
25.497282,52.0755615,door,fpModel,216-49,16
17.6697922,58.1874466,door,fpModel,3262-0,16
17.1813374,58.6054344,door,fpModel,3262-1,16
17.197649,58.5505524,door,fpModel,3262-3,16
17.3164749,58.563839,door,fpModel,3262-4,16
17.9035625,58.974575,door,fpModel,3262-6,16
17.5641727,58.3356133,door,fpModel,3262-7,16
17.1279373,58.0349617,door,fpModel,3263-2,16
16.6494865,58.5905647,door,fpModel,3263-3,16
17.6388912,59.0181541,door,fpModel,3263-4,16
16.7234135,58.400692,door,fpModel,3263-5,16
16.7387848,58.7876244,door,fpModel,3263-6,16
16.6377163,58.8190231,door,fpModel,3263-8,16
14.4179411,56.2288246,door,fpModel,4076-0,16
14.6485891,56.2992516,door,fpModel,4076-3,16
14.5096512,56.4284058,door,fpModel,4076-4,16
29.4367161,56.5526619,door,fpModel,4141-0,16
29.4534588,56.5226479,door,fpModel,4141-1,16
29.3846893,56.5406761,door,fpModel,4141-10,16
29.3840408,56.5148125,door,fpModel,4141-13,16
29.4783001,56.5460014,door,fpModel,4141-8,16
29.5142479,56.4095764,door,fpModel,4141-9,16
26.342804,56.3351746,door,fpModel,4372-0,16
13.2506542,56.2234535,door,fpModel,4823-0,16
13.3855162,55.8930244,door,fpModel,4823-1,16
13.4229498,55.3264542,door,fpModel,4823-2,16
13.6843796,55.4422646,door,fpModel,4823-3,16
13.3021202,55.6330872,door,fpModel,4823-4,16
13.2543306,55.8060379,door,fpModel,4823-5,16
13.8249769,55.5772476,door,fpModel,4823-6,16
13.6606178,55.4122467,door,fpModel,4823-7,16
25.8240891,55.0410347,door,fpModel,5776-4,16
27.5766048,56.9213524,door,fpModel,5776-5,16
26.1531029,55.4676819,door,fpModel,5776-9,16
16.5252914,57.6267357,door,fpModel,732069dfadee69978fa6db9d3ac9c2c8ce5e7b56,16
29.8239956,32.7539444,door,fpModel,9a754d099529da9132d06d30eedf8109925f975a,16
15.8976221,55.7766457,door,fpModel,c6673dc3736f0a04ee53fe2021aabed1a4b826d4,16
28.1995926,52.8117409,door,objaverse,18b995d775bc4e0eb17ef42aea2bf9b5,16
28.414196,52.9229431,door,objaverse,2b8ca11b4b4647b8848cd4920c8384c5,16
28.4098568,52.7595139,door,objaverse,39704aa9a9bb4ee9b31b405895db67aa,16
27.6285801,54.0593491,door,objaverse,533f8af315ab4f59a0f07f03d650b5b9,16
25.988903,56.1159706,door,objaverse,6efd95dba8ec4046bb655418d349a60f,16
28.3919659,52.9996262,door,objaverse,8239215dfd6543c8adb25356f89f04c1,16
20.5928421,57.0756798,door,objaverse,9dcddb245fc54c3a93176bbd151e2488,16
19.6295662,54.0878487,door,objaverse,ad40077ab16a4afe982287706481d86d,16
28.8267746,52.3534241,door,objaverse,e64dd061b85e4e1cbbeadee1494a348d,16
26.3577271,50.7931747,door,objaverse,eaff096d6e9a4e099e21d685bd23987f,16
28.944397,52.187561,door,objaverse,f11f685342c447ec8fa86025ea4f706b,16
27.2512016,55.3623123,door,objaverse_xl,205fccd6ebfeee0941e314c5bf1ac8a3c0861b8bd9f95df7caf831f03b33f07e,16
23.1706581,53.8166161,door,objaverse_xl,2e75b71931be24874dac759ca9db8a38a8caa9aa26c01ee4ba6fd99475b7a043,16
24.9276314,52.9966087,door,objaverse_xl,3a35fa6924bf5c1a2a9e3ba14ab7f4b90d7e046a7eaedea51bbf413c30b8d7bd,16
25.8950253,52.8205681,door,objaverse_xl,5e03e52911f357a7751e469caa1c19ad1faccaece1bff88124e8dfef77d5169d,16
26.1886597,51.1002617,door,objaverse_xl,64632c715876b302d0a307ae38ab33ce5c5da41143fee36f564b6978269e3762,16
27.7964478,55.6002502,door,objaverse_xl,9f48f5c137f31ed8b98397bda84cbdeb8a9d19e99c8b4fcd707793705b1c80d7,16
24.4529476,52.1424789,door,objaverse_xl,aaca56473909494bdbcbf684af21eb35da72ba34f6e8a2d93a94fdd0e4f0f8a4,16
28.2024555,54.6113625,door,objaverse_xl,bae4f40defabbe517bb01fa18fed2ff6b37c9b46f62909502047538d7bece466,16
27.466589,54.7090225,door,objaverse_xl,c04986349f1c7b1e1652bc7c7d190a938869af639723c7826babba4d393cb719,16
19.8270187,56.6054649,door,objaverse_xl,c25c5599bd6e63313f8b777a31ef7128d6698d470d445d3dcc89f9ef389648a3,16
28.2934494,54.7547035,door,objaverse_xl,c4100cff6be43c111e5d3e1ea91434e27afadd6f42726bdbe9c7d64e19e40543,16
17.2814178,57.8120995,door,objaverse_xl,d2006e57bb691770dda81033d2db77a499c6964fffee4ce516e361582e842c17,16
17.633707,56.5839958,door,objaverse_xl,dba6d8932ce5ede8f11adc11b7df39933c33cdff31742c2697780fa0a97f52b6,16
22.1181183,54.7747192,door,objaverse_xl,e805389c76f5d9813cb472fd5841b50938bb4382cfd90738f97b92ab5e1e721c,16
23.7170544,53.7391586,door,objaverse_xl,e99cdf4dadecf91e30f95b233d88a3d6241e3311e3873aacfc8243212ece9720,16
25.0030251,58.0726204,door,objaverse_xl,f0d8a731ada59cb5fa026017b4f0d58e41afa3f8ca6174e743e455445671020e,16
23.3427696,52.9163666,door,objaverse_xl,f7736b3687e7cdeed68c949f131b12a295ed94d58da9a0926cbfb44943d61c72,16
19.8268681,56.6054001,door,objaverse_xl,fa695da03f7176d8a7e34c1335ad82c22b943993ce6cf3c94feb372d027e04ef,16
20.0739498,54.5710907,door,objaverse_xl,fc4574365b975a77fc6c61c304ce17bd7439f703e40adf12b9afb877e4377c85,16
14.6368866,54.7551231,door,texverse,1e45c4560ecf4d2694ecd579077b657f_1024,16
26.5837173,57.4841499,door,texverse,50ada9f251764bcdabd2a239c8c203f8_1024,16
15.5037136,-25.991848,dumpster,3dw,aa547280eb99fd3fc8a06b09a9a18b3d,16
9.12645721,-26.106142,dumpster,objaverse,1decb6575857439094f8790a4c2f2054,16
10.3926868,-24.8315945,dumpster,objaverse,5d9073f042274800a5e36129c98c1951,16
14.0728769,-26.5995159,dumpster,objaverse,80304a526c854908ad086d56a30535dc,16
9.48292923,-25.7633133,dumpster,objaverse,f80a2a0af6924562be10be7354b7a72f,16
10.1299448,-22.7296963,dumpster,objaverse_xl,2e250206f44a07d2ff25eaf67af7f2e865bdcf5490e3d8e17a9d7bbd4d273cde,16
10.3063278,-23.4701481,dumpster,objaverse_xl,3cf79299e2f73fed8f71aa893fbe047931808cc521357fef831a91d945f6ae1d,16
10.4562559,-23.2313805,dumpster,objaverse_xl,51815e64a7cc2a3a1a29007c7ae1d7ab9cd3da6391f601be63df365a3b7f1177,16
10.0284204,-23.3428707,dumpster,objaverse_xl,68c757d1e89e541a92cdda134d19613a05ec9ef8b6f4ab80d7666f6e72bb6b41,16
10.2884064,-23.1741753,dumpster,objaverse_xl,7af96abed5db154303b95369a3de5b7c4afa51ef96fe3f45d880c9eace3d5171,16
10.0156775,-22.5778217,dumpster,objaverse_xl,7ea633e65af9b46050806f4461d0b1a55689f8e66dfc3a9b72a13d97d6fc99a0,16
10.028285,-22.6590939,dumpster,objaverse_xl,cba5e10d9dbdc18268de6797d52c578823d0e766233c183c609cb83058e579fd,16
10.3518591,-23.4949017,dumpster,objaverse_xl,d6ed905155614237b418319633bdef44a9d626d384d435942ee41ad46b52d4d9,16
10.2261925,-23.1564064,dumpster,objaverse_xl,d87772462dee092f0ae132179d6f7b7a76af131e7f9e138c166dc010c51f33de,16
9.03535557,-25.4761753,dumpster,objaverse_xl,dcac65c3bfc0c30c1a735c904d4123e666fee4143f68b6e0f1c7911f6bde52fb,16
9.08179188,-25.9329662,dumpster,texverse,135d33df60304481830d6ddd8c43cc47_1024,16
8.80504513,-25.2872086,dumpster,texverse,2001da965c74469c8e5f682387ca1f3a_1024,16
9.04162884,-25.5079956,dumpster,texverse,23f0a1c5875b435fa2933e7ea8157fdf_1024,16
8.66338062,-25.5225449,dumpster,texverse,91ee96c085a7480b859cf3b2b6943878_1024,16
9.04219055,-26.5166283,dumpster,texverse,a4aae2a650474683aaad3fff059b70c9_1024,16
9.0705061,-25.018959,dumpster,texverse,da7a730cfbe14d9ab911bc34852bea72_1024,16
9.14701939,-25.9178562,dumpster,texverse,f77c43a407244009ba49d16540a03515_1024,16
9.03493309,-26.1270428,dumpster,texverse,faabee47a9d74188b40bdb89250596c8_1024,16
14.3395748,11.7694569,electric_clock,3dw,151964e6795a6841bd38b2fec63ec87b,16
24.3183918,10.3580284,electric_clock,3dw,1b2d7e22bd20ccf66efc3422324cb77,16
25.2055931,9.52409744,electric_clock,3dw,262eb65e0a4de779831e392dc75a14aa,16
15.7737427,11.3887339,electric_clock,3dw,3b98994e780fe991dd195661813efe58,16
27.1275425,6.93877316,electric_clock,fpModel,2503515e4e92100f8d9c1e8fc661c4ff7ba9496a,16
26.8941517,6.74396276,electric_clock,fpModel,3b21020881a85d6316b9473259c0d77514c12876,16
29.1027203,6.59668541,electric_clock,fpModel,568a7d49f3f327c9c8ce5f4b47291a44edbb7aa5,16
27.0378246,6.79081774,electric_clock,fpModel,d0d608870026a708eb52b2599117a5f260424d22,16
55.3527565,-4.83050776,electric_fan,3dw,9664b84d9f19eebfd756bb3534c86c49,16
58.0756989,-1.48689926,electric_fan,fpModel,77ac2c866e0ed8b7aac1e79c31502a787aff1ae9,16
57.7924614,-2.25381637,electric_fan,objaverse,1e2cac5238dc4168a6a2eb333451d27d,16
58.4348717,-1.5555737,electric_fan,objaverse,45bccd8afa834e84b690fb91e34f9262,16
59.2880135,-1.48436308,electric_fan,objaverse,5479adf1797b4ab693b899e8f77d1423,16
57.7524414,-2.74623775,electric_fan,objaverse,5e38bcaa4c7b4d3da21a726bb7d0ad3b,16
58.8105659,-1.8782748,electric_fan,objaverse,641e8a73066041339d82539860fd5c29,16
58.4715118,-2.34997058,electric_fan,objaverse,7115685c28d141ffa65fecc3ee1838b1,16
58.5202293,-2.86351752,electric_fan,objaverse,879a32a914cf4f848477819965871d87,16
58.8587379,-2.61297512,electric_fan,objaverse,8f9f88c340ec47798fa5cf07e92312be,16
57.8108749,-2.51741076,electric_fan,objaverse,b1a2e6023574419690b60e9616572564,16
59.2614479,-2.78952622,electric_fan,objaverse,d9a33fb3804f4c338a41811327a6a6e2,16
59.5015106,-3.16016817,electric_fan,objaverse,e82a2d9de75646d185fb5b22f4fc37bc,16
59.0521317,-2.35406899,electric_fan,objaverse,feabb8d50d304af082461b9289289c92,16
58.5844002,-3.0186305,electric_fan,objaverse_xl,074926db01b044bf318be633aace253ed0118c6dd4d8debacb8fd4f19502f00c,16
60.0545464,-2.59796906,electric_fan,objaverse_xl,0e0b75737a04cd5f04ffb37c650be64318d937d662064699e0d378c9a8e78b53,16
60.1190567,-2.18684149,electric_fan,objaverse_xl,295d86f7aa19fdaf83ef490e5d2867af67c794c7993803a76cdf136e736f4055,16
58.661171,-2.20099735,electric_fan,objaverse_xl,33ef6b2bb472b2c050dacf3a3e4ab407ff17b3f776d573143a1b99079c6aac19,16
57.8908768,-2.0581789,electric_fan,objaverse_xl,5942ffdd55afb8fa08a33303081b40567aae46a98768a44f4b21bc20d78a72cc,16
58.9909935,-1.12640619,electric_fan,texverse,291cdc7070d54d4d89e9b6cd86767d23_1024,16
59.0013504,-1.98861957,electric_fan,texverse,4ae13757afb04da889d98f75c58d0045_1024,16
58.3090744,-2.49339533,electric_fan,texverse,742c4c8c9a66401f9fc295dd72c2c451_1024,16
57.5101166,-1.66557109,electric_fan,texverse,76aa30acf9704f2ea56813c9ce2a9e8b_1024,16
59.8720207,-3.10967946,electric_fan,texverse,9b3155f5c8e044cc868e209c029fb101_1024,16
58.9177895,-1.17845845,electric_fan,texverse,cdf8e79247664c82b3d38e48f7c503d9_1024,16
57.611145,-1.4343816,electric_fan,texverse,d9d8d63645994c828331fc504797768a_1024,16
58.7307701,-1.5119642,electric_fan,texverse,e831a2a8e3674b248a04f53d93ff885d_1024,16
58.4125404,-1.20955944,electric_fan,texverse,ef2e767b20b142d087cde66164d86107_1024,16
57.2303658,-2.38264966,electric_fan,texverse,f74b4a4d8cd141ab8ff1422d7ffa3fd3_1024,16
34.1976929,-21.7526073,electric_kettle,fpModel,689686140b7ab8fd656ce588f10f8c40568da3bf,16
34.7956238,-20.9158382,electric_kettle,objaverse,5e4f6e312dd94725ae7d4c37854374b8,16
34.9401932,-20.9708405,electric_kettle,objaverse_xl,272fb0cb1429b3321bf0ccb164daa17ed08e60c4e62baa3960ff2a33eafe2133,16
6.33434916,-60.13517,eyeglasses,3dw,068f0024-6ea5-49a4-b34b-648b0117a0f8,16
10.2256374,-56.9599113,eyeglasses,3dw,18118fc1-1596-4b68-9cee-adb92e81f274,16
4.38466501,-61.653347,eyeglasses,3dw,73ddba51-c831-434b-8e51-d2354523257f,16
4.10381746,-61.2988319,eyeglasses,3dw,9128882c-4b1c-44f8-8181-a2ea511be2b2,16
4.6861105,-65.1613922,eyeglasses,objaverse,0cccfa31993d4397856cc17a0f734405,16
4.67106724,-66.7965622,eyeglasses,objaverse,1145d066f66442b9a4af629c039d83c2,16
5.12450314,-66.4502563,eyeglasses,objaverse,1bb41621fac1403e9c11aa45b349ec72,16
8.18179417,-64.0370102,eyeglasses,objaverse,27abdf67827e4811bcb959942fd1cced,16
3.9727509,-65.3542252,eyeglasses,objaverse,4291f381ce0e46f7b2d4c48ace84e73a,16
5.62362862,-60.59412,eyeglasses,objaverse,4330849036a744b5a9c0876c049c62b8,16
9.93718529,-58.8235092,eyeglasses,objaverse,44598cea973f495daf38d2bc627d2716,16
12.5220671,-59.8997879,eyeglasses,objaverse,4add2d48a927438390734379946ddc9f,16
4.540277,-65.4092484,eyeglasses,objaverse,550db344f7674d81be9d49e550f668ba,16
4.66590214,-63.0653076,eyeglasses,objaverse,5a15a88a9dda46ea8728fbb1a5e38f7e,16
9.37405682,-60.7107048,eyeglasses,objaverse,727fcd6989e7473a9df1f23af9d21cbd,16
7.25931215,-65.3171158,eyeglasses,objaverse,7877d497ddcb45a5ba501b91e5e15700,16
3.46281672,-64.9390869,eyeglasses,objaverse,7ad11dd84c4342fda5466e2424ac0e5b,16
6.39703083,-58.6852112,eyeglasses,objaverse,80382232802446e09d91b452b5198a05,16
3.93405509,-63.4939842,eyeglasses,objaverse,8487383dec1c4807af59609a6fed415f,16
13.2063398,-61.5788116,eyeglasses,objaverse,85acf3d110314662b2f502d868913538,16
11.2274475,-58.8917961,eyeglasses,objaverse,867ab04528614d6581599e0e27684c52,16
11.6486931,-59.8666534,eyeglasses,objaverse,8ec54755399a4eca8a1356812e68fe02,16
12.6483965,-61.8641815,eyeglasses,objaverse,a00f60192d1740f49902009c3d0aac05,16
8.30597401,-62.2618065,eyeglasses,objaverse,a1258dfd672a40a6b16118506f970cfe,16
7.51779652,-57.251915,eyeglasses,objaverse,a27b5a127ae54ee7a9900cf63bfa4b6f,16
8.67709732,-59.7319412,eyeglasses,objaverse,a7b80bbbb6894160bc364bdf3822d3ba,16
11.0132656,-58.1499786,eyeglasses,objaverse,a7f1ae67f2484b9fbe351b6a758832ed,16
8.76558495,-64.3767624,eyeglasses,objaverse,a9e9aef9d630407f9956eca64d54719e,16
9.37071133,-58.0859451,eyeglasses,objaverse,adcbb744ee964bf8a2119a2f96c2835d,16
7.9153738,-59.0085564,eyeglasses,objaverse,b74c7b814fc646de8ec874abfc72d722,16
3.22446299,-63.5935135,eyeglasses,objaverse,ba33bd49e6324da9829317357ef1e04c,16
4.44665718,-66.2555313,eyeglasses,objaverse,bab93acb3990415783b9b6d9b2e178ba,16
9.11812878,-57.8953285,eyeglasses,objaverse,bed4643c801b4a0581333489a5e0b3ea,16
4.67621803,-62.975563,eyeglasses,objaverse,c14ee13622324a4795408802342a17db,16
9.60889435,-57.6277924,eyeglasses,objaverse,c26b857dd476422184234da84a56c5b1,16
10.7474947,-59.9925499,eyeglasses,objaverse,cdc00cceaf2f4ab09e9800e913226011,16
8.557971,-61.270546,eyeglasses,objaverse,d16cf9c4149c45029f2a84c821491dff,16
3.64692497,-65.9428864,eyeglasses,objaverse,d27ffa45966949ec96c11b46235dc326,16
11.6972609,-59.5721931,eyeglasses,objaverse,d9346daf70784ce18ba70fdce678890b,16
4.72399426,-62.9409218,eyeglasses,objaverse,efe88d155ccd44c09eac15cfb76d0b6e,16
9.90245056,-60.9491959,eyeglasses,objaverse,f01c33a244f843549cae405bbb84d465,16
7.85148525,-58.7439537,eyeglasses,objaverse,f21f576988d64101813dec5bdebda1fb,16
12.8994446,-57.968441,eyeglasses,objaverse_xl,028f2f1260b1c7fc826428c6098fd92d979df2fd372042dccfccaa96127b3694,16
7.74358034,-59.5416489,eyeglasses,objaverse_xl,029ee74ee2579cdc10c19f1be277e36d2da1b6adc6932b6e1e0973d24dfe3cea,16
7.52918386,-65.2014999,eyeglasses,objaverse_xl,0adf7cb4d6f723dc64a507bf99e5bb6a1904ebcdc324fa71a5a73207d9cb0cf6,16
11.7717447,-58.0375481,eyeglasses,objaverse_xl,194ca9851fcae0525b51a71676162a8d11abad7cf8e055e61b38f14c5d607ec2,16
5.90411997,-65.993988,eyeglasses,objaverse_xl,1cc9865f85bb847e02790502196abc9be78d01bd537e26bac46afe596f3b268e,16
8.75442696,-64.1147614,eyeglasses,objaverse_xl,1e9411fe606f48ddbbca525293e71213ac1f333c3e88212ca61b3a4f924649e5,16
10.1760721,-59.5176315,eyeglasses,objaverse_xl,1f92fb0eef911f2ac5fcb24be3fa98d857c596dda6b0fb688e00bc5cd4662037,16
8.94455719,-59.8072357,eyeglasses,objaverse_xl,29c5cf9d209c30483de5986b2912602ffd4fbfc010ed6207f2e745932ada73f6,16
4.65714169,-63.1017189,eyeglasses,objaverse_xl,312807341bbfb3f7f05facfa5e1d0dde6a536280a0ed1f7f007653e56b9b3612,16
6.38770294,-62.3518448,eyeglasses,objaverse_xl,329d026595dc7cac1ee2836c9f242a63eba6bd042e18dea604665dcc1f76b0ba,16
12.4599314,-61.4855576,eyeglasses,objaverse_xl,3c12793c13b15b6f8d2d1c6a556387b828bed20fe1430c8f2526541f6d4e8b19,16
9.09679699,-58.8041649,eyeglasses,objaverse_xl,3dd0d2e515e57ea29e414ebbc41c4f5e0f4699ae986b004f9089061aed92b078,16
12.8670597,-57.6592865,eyeglasses,objaverse_xl,4f7f03a016f461b18d29541839fe387c0d48f6a66bb5ba141adee215f1ab08bf,16
9.22235298,-59.5638809,eyeglasses,objaverse_xl,536f42df26f399a96a4a289c1e68b8762d99712d47bd472f02c8f87d9e796ce2,16
6.43977928,-60.4535294,eyeglasses,objaverse_xl,54c0f397ea6cf62ad81071f8f542d196da868ccfd482866397cbcd9c48e8dbfa,16
11.0480061,-63.2688484,eyeglasses,objaverse_xl,5d3408f138388f527b1a1724279a3de7a3e96d9787773a46bf62f5e449f50207,16
13.557107,-59.827507,eyeglasses,objaverse_xl,5f31fcd80bb10bb4f2c4a41155fb486695bad4f8fed72960d279a5c3ce0421e6,16
10.2532291,-63.9747009,eyeglasses,objaverse_xl,66ee2fcfa46144723877210b12fee0d6e24d1baa182254d6a9365c6a31936505,16
3.22851181,-62.4842529,eyeglasses,objaverse_xl,67251a5816f0237bbd14646c22494915ab95b02e573d7db455b4a1ade163b57f,16
13.1038961,-61.3595276,eyeglasses,objaverse_xl,821ae40852445a7ff65c8d48735fe824b7d9696f3e7ee47544785d632e64c373,16
13.5425911,-59.7991219,eyeglasses,objaverse_xl,8372d4b194dcc016f1ec362cfe87e4215084c4103b4826eef270c4bc6f69d009,16
13.5416183,-59.7066422,eyeglasses,objaverse_xl,91e65035efd464edc0ba4e51a5523721022cdf226626e0212af604ddf754f51d,16
4.95507765,-66.6266708,eyeglasses,objaverse_xl,95668013b90d4b9ac6be698fe2398f03f2b741679322c70ce98cc2f4c60d2c56,16
12.2478752,-61.2944107,eyeglasses,objaverse_xl,974ff0310052d512dba55b209c6fcdf12bde4016202e01f6f19f3c638e839911,16
13.4906569,-59.6609688,eyeglasses,objaverse_xl,9ed6e758f9917b83fc45cca9134138884081d0d3c47d9576173e340a88c2dbbd,16
13.8044186,-61.4501228,eyeglasses,objaverse_xl,aebe76f58a52d5c05c71f44102e698f21c952de6b8087b2cada3a6c560c5ee38,16
10.4892454,-63.8289146,eyeglasses,objaverse_xl,b389fc82e09805294efd185549b9eea7042387744875fd0cc8531757c3face30,16
4.44734907,-63.6564407,eyeglasses,objaverse_xl,b4c7904a27ad6be6d02a4f3cb64b4d03601fba2fb95d90330650615d6d18cbec,16
2.74127698,-64.3104172,eyeglasses,objaverse_xl,b532138431b4f26d3bb3064806f1dcbdeae4510212a8b74af68bd37f97292d00,16
12.0270882,-59.4158669,eyeglasses,objaverse_xl,bbeaee99980d226d531a7cdb674cfb346a6c0f98447f8468449088c26ac77f92,16
6.51174164,-60.3187752,eyeglasses,objaverse_xl,bffa8a91c5f7b068e30d947c8a31aa9c9a2d7e14a66a19de8ca30150a0b54396,16
13.3407574,-59.6091576,eyeglasses,objaverse_xl,c492fa709259af9158a77823f04cdf75247ea6f279de5b987c10dbde0231947e,16
6.58981562,-65.9696808,eyeglasses,objaverse_xl,d0b31f5c76ce3e63de9b5571ce1b544d35cd24a8a277f1eef4a1eabf457dfd1d,16
7.50130892,-63.8126373,eyeglasses,objaverse_xl,d5e48fcb475ec5cb6d2c1566aa1a8054b96301f6dd542842b8abd7af8b7474e4,16
7.25108767,-62.0864372,eyeglasses,objaverse_xl,d7c0b0480cf6fd72afc4e54055282a0f40f67693de6f2eb513de29263007d64d,16
3.93224573,-65.1137238,eyeglasses,objaverse_xl,d9719b7185d34a302016016ebc6c4736c7eb98699be6b3217389b69e19aaef1b,16
10.1069794,-58.4596024,eyeglasses,objaverse_xl,e998b37c9f5527110c8d102ba5642780eaca8af7ec652e0eb501e2ae723a9875,16
10.5282097,-59.4204941,eyeglasses,objaverse_xl,ebff95f5c83d4d400f59f99aa07f8e2667331ef0b2af3426716e6c60dd5a5e98,16
13.4407187,-59.8680649,eyeglasses,objaverse_xl,ece86186fd12c5f19203525558b02136fafcf6db4564491a53dc1481979f7ec5,16
5.26998281,-63.4864655,eyeglasses,objaverse_xl,ed512c308bc64bc179f11554107e0a380899377ef7373ca14037b73d56878ef9,16
5.61067629,-61.1063347,eyeglasses,texverse,05497943410d4a7388695190a5a68eac_1024,16
9.29011917,-56.9858475,eyeglasses,texverse,07c114707de144c58a4808841ce203ba_1024,16
10.6828556,-57.7977524,eyeglasses,texverse,092d998579834a32acc69cfe59cb4139_1024,16
7.76225471,-61.8094215,eyeglasses,texverse,151118e6ef674301af6aa04435cb9097_1024,16
7.33303452,-57.2982941,eyeglasses,texverse,154e3f7fdd8544fd88d560b9cb73063f_1024,16
8.85878372,-62.4660721,eyeglasses,texverse,1e9cf376e032420997ae15fc47eb54a4_1024,16
8.14283276,-57.3581123,eyeglasses,texverse,2a2210171ad24d8f97ffbb9bc0c58aa7_1024,16
2.44008422,-62.684063,eyeglasses,texverse,33ea5427ce4045a8a9cecdbfafc3aa33_1024,16
5.93472862,-65.8575592,eyeglasses,texverse,3b31fcf2f9e54b9ca86e0e29ca86d3fb_1024,16
7.34336472,-57.0882225,eyeglasses,texverse,4461d3ed732e4912945d479c7e7c3611_1024,16
4.59635115,-65.0356445,eyeglasses,texverse,47765d466d4743ee995dab0f21122114_1024,16
13.59554,-62.4643402,eyeglasses,texverse,53d14acdc57a4f049bbb16f8d03baff5_1024,16
3.98650241,-64.3011398,eyeglasses,texverse,55a639c9574446fca32e8c1d2a94377e_1024,16
10.6658583,-58.4894981,eyeglasses,texverse,56be93698ca34d77ae24fd58856328ee_1024,16
4.5841589,-66.2492981,eyeglasses,texverse,5c78f100eea749c895d69fe2ed728197_1024,16
7.12303352,-60.3752251,eyeglasses,texverse,5f85c88063a1426289a837dde2bb41f6_1024,16
10.4498301,-57.9731293,eyeglasses,texverse,74c1d202ac0249e39823e379e2b065e9_1024,16
5.71214867,-64.933876,eyeglasses,texverse,7ad6ba3ac55b4eb5a5b6c3be287ed312_1024,16
4.68754387,-64.1379776,eyeglasses,texverse,805c71bb3ffb4e42afab20b40f45b39b_1024,16
5.33218241,-64.2782059,eyeglasses,texverse,81880a4aa9494d628318e4ae65e4563b_1024,16
4.63502455,-65.9173431,eyeglasses,texverse,860a92a2881347a18f6cebe94f2ddead_1024,16
8.49492168,-57.0379219,eyeglasses,texverse,89a7d11d48bf46e2a8668144c5c6093e_1024,16
5.11010075,-63.0709267,eyeglasses,texverse,8de69eaf870c4021812238958df15cbd_1024,16
4.96609402,-62.167244,eyeglasses,texverse,914a89485f0d4f3190f0535ac93cb8dd_1024,16
8.82550526,-57.5158272,eyeglasses,texverse,93bf1d2239af427d8241d24728a321b8_1024,16
12.6421776,-62.1638489,eyeglasses,texverse,9c0f0d00863b4522b6ec5cc7b5615fa4_1024,16
3.66576576,-66.1459808,eyeglasses,texverse,9c74e3dea6f04ca4a53439b616c45d7e_1024,16
12.1478672,-59.4035912,eyeglasses,texverse,a1c1fa25658442f78281fdcb673f4602_1024,16
6.58113098,-65.4783173,eyeglasses,texverse,a83ea2430f8e4d44be050f7d62da12ca_1024,16
9.86723328,-57.1366577,eyeglasses,texverse,bb3a3736110a41bdacc9f92e11831a41_1024,16
6.98305178,-58.1276245,eyeglasses,texverse,be4c55427d31421687eb4fbbec126eb1_1024,16
7.01343918,-57.2735023,eyeglasses,texverse,cb90b345c471434b94ce6e2eae0f1283_1024,16
4.96209717,-61.4624557,eyeglasses,texverse,d0492f06831c400baa64940764fdcfac_1024,16
5.97768021,-63.0970039,eyeglasses,texverse,d112b4606a764121821da083ddb15476_1024,16
9.45554924,-57.2523918,eyeglasses,texverse,deeb41e3f5f1480bb6f79f474c9f7ef5_1024,16
2.49913692,-62.6480446,eyeglasses,texverse,df4946e732f64f0e8f5549b9d9d80674_1024,16
4.75097513,-64.6424179,eyeglasses,texverse,e76b6019130f43db8109844b86cfa079_1024,16
11.5549631,-58.4918175,eyeglasses,texverse,f9128bd394214539af2ac80e4204bd35_1024,16
42.3964767,19.7850552,faucet,3dc200,13_03e,16
44.8506889,20.3674316,faucet,fpModel,00a3d5c105208365240029f50413fe059423b6e6,16
46.434761,21.1389217,faucet,fpModel,561974b161ebcd6d02f64be285dfa2a2236bbc77,16
51.5946884,17.7413731,faucet,fpModel,66f9cd9d406e6997c93b737dae81191389dbf640,16
44.8201561,20.3581123,faucet,fpModel,7095ecb50b522b8bc72ff8157495c0bdac2d3d94,16
48.3278313,19.4385471,faucet,fpModel,7216165ffb87202befd80f154a6ac2f7ce521888,16
46.7715111,20.5463085,faucet,fpModel,7732b28bdef9a8a73923e867c7928dac3d15e34d,16
45.4518318,19.4745674,faucet,fpModel,7737aeabe0a277694657ab002af8a1b83bf02062,16
51.5460472,17.5969734,faucet,fpModel,8c3dd1d7ba7a3fd4b6864febab9cc409969a4ce3,16
46.6522255,18.7176495,faucet,fpModel,a99053b5ac310305bc5205d96afcb5759638dc5b,16
48.4288177,19.9552708,faucet,fpModel,c277ad9364e53b3c1bac1a74a7f5f770362f5634,16
54.1687508,24.0010891,faucet,fpModel,da12ddee162bc245d492d39ac6e675f03789ed07,16
51.3512611,17.6593933,faucet,fpModel,e6205aee53710a30ac6ebeb362838abadf847909,16
45.6288834,19.4142742,faucet,fpModel,f6f7e30695d43aa670599bde04df94e20d4a7e53,16
45.5873375,20.4490776,faucet,objaverse,03c409c40d7b4a90903764296d0dd707,16
53.8229179,19.465641,faucet,objaverse,04b89268d6534b329d4abcfdf6e40730,16
53.26688,20.7393646,faucet,objaverse,0eabcd88d310476c96eb4cfeb3c7958c,16
53.4288597,23.5518761,faucet,objaverse,100d45cebe2d434691d5e69f80878d60,16
54.0061913,21.4638443,faucet,objaverse,10367ce0fcbc45279f59648e80e26139,16
53.8000069,22.9862881,faucet,objaverse,1b61bb39e22c4af998487e00b8a14297,16
48.4644966,18.3141994,faucet,objaverse,1e12e5f82b2a48679d07c638a78455ec,16
54.9647636,20.7688084,faucet,objaverse,204e1c6f6c2144489e510a16ff2fe8c0,16
54.6546555,21.3741932,faucet,objaverse,224b2e1336b641d4b8f3414260dc5522,16
55.0103607,21.891943,faucet,objaverse,2492d46d50af43bf83b8040cb719ba39,16
49.2365723,20.5274906,faucet,objaverse,29403c9ff55147098e5d82ebc446d51c,16
44.9456024,21.7925148,faucet,objaverse,29822806506149acaba60edc3d8304be,16
53.0577927,22.5505028,faucet,objaverse,2abb0a3a313a484b887925752d13059a,16
52.4878159,19.3471928,faucet,objaverse,3212b8b1fb254371888daa55f5a5724d,16
48.0893784,20.4095058,faucet,objaverse,328a6f5dab4449c3ad10dd8e5e9932ff,16
54.7230339,22.5628281,faucet,objaverse,37bc19f5da104ae29d9833300a252468,16
49.8353577,22.3641872,faucet,objaverse,38705a59c3564443915b634e6b1bffe6,16
50.220089,18.6528873,faucet,objaverse,4625db20e00e48d5b02a59da30b081c2,16
54.2149849,21.7394619,faucet,objaverse,59d409193a994ed9b3369a04b7f3ad14,16
48.9921951,21.390398,faucet,objaverse,5d426c82a8a440c48dedb5c0beea2c99,16
53.8807449,21.311512,faucet,objaverse,60e44e54860745278875d5c331e2d735,16
54.7165794,21.4162121,faucet,objaverse,68b5d9f2f2cf4958ad1fda7898bdf442,16
48.9563332,18.4069138,faucet,objaverse,6f0d0406c5b44b7bbb50d57d8c27a39b,16
52.5250587,19.4981251,faucet,objaverse,720ae68b1c93428aa9bca52f88623e19,16
52.9571457,23.2564564,faucet,objaverse,72a6a812be504c4dae0d2574b7163f2b,16
52.5861855,19.1130066,faucet,objaverse,72e0a59c1db545e899cfbb433337717b,16
47.348938,18.4004955,faucet,objaverse,80cde6e9bac04ea7a74facae1a764dd1,16
46.9509048,18.5892735,faucet,objaverse,88baa52cc0954962ab063ee7b2a9b6a2,16
54.6229668,21.4893684,faucet,objaverse,8988104ff8a846cbb0e68cd37a26452d,16
48.8091393,19.5952549,faucet,objaverse,8e6600f5eb8b43dab6932a56d1ed7095,16
53.8113289,21.9976864,faucet,objaverse,9792adac98ec4cec8d30c1093ebdd20e,16
46.9197388,18.6001053,faucet,objaverse,aee68f47100a465db98837d6c15d2f47,16
49.460804,18.7683945,faucet,objaverse,b6d7c7372a6d440396e503fb7d5257c1,16
44.4726334,20.7273273,faucet,objaverse,b85a0ca166db4abe971fa229a52eb88a,16
54.4552689,22.3401623,faucet,objaverse,b97e6b20be564f1e85c104c2e9e50766,16
49.0438766,21.8985443,faucet,objaverse,b9cf6eaa374e40949568d9774e4f55db,16
53.8515663,21.5922337,faucet,objaverse,c1cadb0b6f3e495f8a9f061e3613785a,16
54.7248993,21.8667088,faucet,objaverse,c3cc24dad9be405d8044dcb2c7d67598,16
53.0989456,22.1583061,faucet,objaverse,c9f78b912d0c485fab552465b8da447e,16
49.6503601,18.8139725,faucet,objaverse,ccebc76ca970421a954f6953c66dbf33,16
48.4481087,19.6723785,faucet,objaverse,d265074377ae48f0bbe1b97e206ec80f,16
48.9093666,18.7781696,faucet,objaverse,d4ca4774cf9247d9bedcafcd202169ce,16
44.1632309,20.7608471,faucet,objaverse,d8892c2ecf5346878dcf2ffb0ecfad68,16
54.2613602,21.4675903,faucet,objaverse,dd6c06710eb143ce8c0d3a0d5b6ff5c5,16
54.3246727,21.2555046,faucet,objaverse,deca7a14b8a54124a7b545ef7557b07f,16
53.6462097,22.8360977,faucet,objaverse,e89c698db9cd401fbc7df91866b2afc2,16
52.821846,22.7833023,faucet,objaverse,f19ee359dc52473b8327258e32cae8b5,16
49.136364,18.7487011,faucet,objaverse,f4b521f601fd47ed9a2b31924a655fbe,16
54.9267654,22.5309963,faucet,objaverse_xl,3542398ea4526fd72a19b408deea6d82d73deb58e14b83bc38de90d14928bb96,16
53.1276321,22.664362,faucet,objaverse_xl,882ff53a2b5437f1e808928ee3c24cea7af4511f75bdc0a5a811d9c42b7807d7,16
48.2635918,19.994915,faucet,objaverse_xl,e47dce76659c0175393ed8aa92daae7ca06c79014b51211e8ec103afecb1d639,16
53.8263321,19.4634876,faucet,texverse,2123b80554be451eb9c015cce6b6f267_1024,16
49.2235146,21.4248199,faucet,texverse,2202c978ffed42d690ec88398021d87b_1024,16
55.2137451,22.0727482,faucet,texverse,2f40404706cc4c25aecd66e50871d800_1024,16
49.8256454,22.2860928,faucet,texverse,4794ea71edce43fda7d0d44faa07fe9e_1024,16
43.7231102,19.7915001,faucet,texverse,4a92220849664711a280a011590c9878_1024,16
50.8389778,21.4826431,faucet,texverse,5458afa4a1a744f4a20152ae582bf5db_1024,16
50.4696121,18.6439896,faucet,texverse,70558a4b8c834fe28c4c8db5b7a0273e_1024,16
54.4129601,21.9305,faucet,texverse,74dc9a4f3b09435cb077a9b511816057_1024,16
51.333477,21.5014248,faucet,texverse,77a3c76645d5420d91be7fdc77ad9ec8_1024,16
49.3279572,20.9067154,faucet,texverse,845c506346b6477b9a02c0402340693c_1024,16
52.7962418,21.7309723,faucet,texverse,8fc06288ddbd49f2b499040c7c0d27f1_1024,16
51.216259,18.8233681,faucet,texverse,9c3da9c402ee47e7ad1e762d5610fa7d_1024,16
46.1258354,20.8914928,faucet,texverse,c62db58411d44e22a9c34086f8be2d21_1024,16
51.3422127,21.4695568,faucet,texverse,c7964b9969f24fee946fdf38a4780156_1024,16
49.9184074,21.0294571,faucet,texverse,d3242ca97f494342a27faaa01fa9b139_1024,16
43.4802208,20.0170307,faucet,texverse,ecb894ba90ed495992874726c613b907_1024,16
44.3673248,20.7567806,faucet,texverse,f0c17a61a946476ab8254093f7d209d6_1024,16
50.3786201,18.2989235,faucet,texverse,f61f0e0bba004228afd31d3ed3f71818_1024,16
35.7533875,-12.3231373,flashlight,3dw,290c375ebfd4304d540f7dc51aa27342,16
36.1530724,-10.2897444,flashlight,3dw,3b4bde6e61bc34f9aebcb4f8f99f5b8a,16
35.5896225,-11.1009502,flashlight,3dw,3bbc66491dc1b6272eb0505088d40b01,16
34.5271187,-12.0793362,flashlight,3dw,3d597bac838dbec55672266b722495b,16
36.4970436,-12.7300329,flashlight,3dw,57fc262fd4c2d8d96436afb5d0edca8b,16
36.9918251,-13.7601376,flashlight,3dw,5e759be44b4ab2c2fc88f15aa2f9c9d3,16
35.3899689,-11.7135401,flashlight,3dw,95ef38a34e451bb7f7a3639637cc3e61,16
36.3587761,-12.6381588,flashlight,3dw,961509152f567bcf601942405395f8c8,16
34.6609726,-10.8921976,flashlight,3dw,b6acff0e8e10f758540d263632d5fce3,16
37.2537689,-10.5376024,flashlight,3dw,c70d7defac034bbd4e277d775c5c5a5,16
34.2436256,-10.792058,flashlight,3dw,ce289500e3135ab62c6678aa52932aa1,16
35.4329872,-9.87761402,flashlight,3dw,daf674b0fa54aca19cbc26fe3298656b,16
34.9598465,-11.3225994,flashlight,3dw,eaa9a6c52b062cc5cb7e9ee2bb5c85bb,16
35.3098412,-11.0806141,flashlight,partnext,031c2276bfc24ea29bad03779ecf764f,16
34.050518,-10.7781401,flashlight,partnext,0a963cd017564cd1a4f6652d5188e223,16
34.5359421,-11.9536591,flashlight,partnext,123a79642c2646d8b315576828fea84a,16
34.7709503,-11.8564672,flashlight,wss,5c7bf45b0f847489181be2d6e974dccd,16
34.902153,-11.1438227,flashlight,wss,6182be9b916ade25dd25a522583661aa,16
35.0797272,-12.1213255,flashlight,wss,70cfc22ffe0e9835fc3223d52c1f21a9,16
36.4303665,-13.4741821,flashlight,wss,9b8eef439813d9945322b45f6e8d738b,16
35.7667427,-12.0329638,flashlight,wss,ec168629d03637bbbda5c22972fd72db,16
50.2149353,2.06645226,floor_clock,3dw,6cd9f0f548979d5160ddc468fe733ed1,16
20.4347839,21.9952927,floor_clock,3dw,e01c3bb5470030aca34cf9b3e7cc7dc3,16
66.8527451,-15.3286572,floor_lamp,3dfModel,09fdda8c-7df0-4af6-ac68-aee7cbead3fb,16
66.4343567,-16.8114433,floor_lamp,3dfModel,34f1e822-be2d-4e80-b9ca-7e841dc5438b,16
68.9543304,-16.2330818,floor_lamp,3dfModel,835fd00a-3a2b-4fb1-a8fc-8e68df742cd5,16
66.4227142,-16.9403915,floor_lamp,3dfModel,9e17d130-682e-4292-997d-bf59c76aaf7b,16
66.4227142,-16.9403915,floor_lamp,3dfModel,e3cf90ae-d6b4-42a4-8db7-7034db37774b,16
67.4738541,-17.6366749,floor_lamp,3dfModel,eb7561b1-cc10-478f-85a3-9ac66919a246,16
67.3194962,-16.164053,floor_lamp,abo,B073P39KQ8,16
68.2858505,-15.1409492,floor_lamp,abo,B07DBCG1QY,16
68.302597,-14.6553755,floor_lamp,abo,B07DBHB6D4,16
68.2103882,-14.6164703,floor_lamp,abo,B07DBK7NFM,16
67.4375839,-15.343441,floor_lamp,abo,B07HKGKSMM,16
25.3548183,-22.5854836,floor_lamp,fpModel,01f1f0ea47cb3046a99ba5d7652f05107fb1f22a,16
68.1611023,-16.732357,floor_lamp,fpModel,0950e2145e15b08eb9734376ed8b7b6f3d4b702c,16
66.9974594,-16.0143566,floor_lamp,fpModel,1cb6834bf8bd189824829214189baf3f44efaaed,16
66.1836624,-15.6926422,floor_lamp,fpModel,20e20fd238c7e5563a0611b6e0cca39a6f48333b,16
66.9548492,-16.077774,floor_lamp,fpModel,2b868ad66501c720e2fd22c9a109f02e4e063f7b,16
67.4019699,-16.9575043,floor_lamp,fpModel,5987e6fd4cb15f901db7b01e38935c3f2ef2839e,16
65.4233475,-15.2621241,floor_lamp,fpModel,5eee84dd3c04e5e44a3afe88c34a535c10c5aa32,16
67.2553024,-16.533884,floor_lamp,fpModel,921bd83d9f8512671944dc77d933c4bf50177c44,16
68.0384521,-16.8008327,floor_lamp,fpModel,c85e30cd15dabe1633d60b06196767164c244c9e,16
66.0506744,-16.1308956,floor_lamp,fpModel,e38c1c169a5e121bb4ba2acecdfa506640732cd1,16
68.1366119,-16.4447708,floor_lamp,objaverse,273e3232aabc43188b0cc30f384ecd4c,16
67.815712,-14.8899269,floor_lamp,objaverse,58823caf1d9f4235a0872ae3e886fd20,16
68.8547592,-15.1822691,floor_lamp,objaverse,df242ae2058a4217b3cc461c2e363694,16
65.5294571,-15.9258652,floor_lamp,objaverse_xl,600c5c88560b4e9a508e433f3a818ef37885144e8df41bda429cf3bf4bc5da35,16
66.7985382,-17.879034,floor_lamp,objaverse_xl,74645e4bcc97f0f16e3489ec23f356364401b3d75cdc3a527412248d8f6b1858,16
67.2515411,-16.9752789,floor_lamp,objaverse_xl,b46cb9fa2cf427a493c897c49fb7ab6ef5150023a74412d4f45bbc0642944f87,16
64.5225754,-16.3981686,floor_lamp,wss,300a2c57c5c0a31c35836c728d324152,16
68.0070724,-17.4082241,floor_lamp,wss,8c0380a0d385c98145d451096984140d,16
32.3166885,6.73215723,game_controller,partnext,d60802ee3f9042859cc09bfe9c8f4f82,16
-11.4584732,-40.8224678,grill,3dw,1dea3c57806e5c7e385cc93c89fda0d8,16
25.2801647,-23.2142353,grill,3dw,ua5b19e7c-d9eb-4df1-8278-d343048c9912,16
25.2767906,-23.0616169,grill,fpModel,0516be93fa8832ae85f42da29177aaf7f3500dcb,16
-30.9770737,5.79252195,jewelry_box,3dw,319fc93f1e53ed78868e056477e8db87,16
-50.4369278,25.9604435,jewelry_box,3dw,34841c789208cb46587d0dbfbd9ca24c,16
-49.4141808,31.8312759,jewelry_box,3dw,381dddebc9d1f5a8d4a147733422d301,16
0.879302025,5.30736017,jewelry_box,3dw,3a242543fb2c0867df253edc1fde0322,16
18.0166779,16.2400455,jewelry_box,3dw,57fe3f25c9a07e347fd32cfd49d07a81,16
28.7032585,13.7282534,jewelry_box,3dw,7ca9ee40fa2648d55bbc2c24e78c0124,16
-36.6895905,-16.4606609,jewelry_box,3dw,e2e531b4ec663f1ab724bccd568c5fc1,16
-50.440464,25.9590435,jewelry_box,wss,6db3229c0f25280f5b041a060e851dfc,16
29.4539909,-29.0765533,kitchen_pot,abo,B07BLB6644,16
29.3057404,-28.8983402,kitchen_pot,fpModel,089c89c9d166731f737c77be2e9f6d7345324da8,16
29.1053238,-28.192976,kitchen_pot,fpModel,0d07adc252041dce26f422e37b146f9bd6ec2881,16
29.3956337,-29.1652145,kitchen_pot,fpModel,214a993418b4aee37d1b3797e2b6ed2bd2fd73bc,16
28.315958,-28.8075619,kitchen_pot,fpModel,214f1f476b131b11636fd17e6f8e8d8ec86e2c59,16
28.5130215,-28.7880249,kitchen_pot,fpModel,2e220a72339bd2be92f210affc6adb599e7a297a,16
28.4272594,-29.1260662,kitchen_pot,fpModel,3024a2ac938ec92f5f6e5e62714c5dfd4a73d10c,16
28.5031185,-28.7365131,kitchen_pot,fpModel,37baf0a14c64605c3c68d56dad6e725f1f0eff47,16
29.0658646,-29.1553669,kitchen_pot,fpModel,4af1300e811470c87b3440240ca8c61451fecf21,16
29.1780949,-27.7570992,kitchen_pot,fpModel,4daafc22eac40dad081c7b888072672affa8d8ac,16
28.4653206,-28.8142681,kitchen_pot,fpModel,696d6ec35f255e7649f731fc937dde61b9fb0439,16
28.977066,-29.3807354,kitchen_pot,fpModel,87924de6df55046e6099383f62efa22653c626a7,16
29.8544331,-27.932436,kitchen_pot,fpModel,8e2cdcd475c5b8676779bf6a24605861517818bd,16
28.5128212,-28.6251526,kitchen_pot,fpModel,98bda20462843fb446a678c0cfca18f2736f7060,16
33.5022964,-25.3902435,kitchen_pot,fpModel,b1722de81151d2e1b1f51e779414e9259473ed1f,16
28.4014187,-28.7266445,kitchen_pot,fpModel,e1c1bad84e5f13ad43ee5c702656ac412df0d088,16
28.2864189,-28.2829914,kitchen_pot,fpModel,e6eed5cd7d1357bd2e5957e8b05590643543f8c2,16
29.8302097,-29.4165649,kitchen_pot,fpModel,ef65c930c62e036c22ecbdfd26e4c9e5f052c8f9,16
44.3120918,40.5005226,laptop,3dw,3bdc4f99715e357261cbd416a9b98b4b,16
43.1649818,40.4691849,laptop,3dw,f25e33ba95c86ec4ea1049888037504d,16
45.6069221,40.9158516,laptop,objaverse_xl,2ba8cda1d2f3844785f5226f71819bcdfe76faf3fc74b8f5d5e7ff39c77c8acb,16
44.7067146,39.2510529,laptop,objaverse_xl,2d4fb3a0b0616dae13feb8869895297a68f981e5604c11c8195aa92be7969a49,16
45.4400291,39.4793663,laptop,objaverse_xl,3760c7ad56ba5c40173b6ba461f26f2d93620c6435f6e1af5fd29f8a6adcaec2,16
44.3614273,38.8781166,laptop,objaverse_xl,3bccdcf82e67d538046a819d7a8173fec8ff9674582190f3593f89dc35e51621,16
44.0053253,39.1325722,laptop,objaverse_xl,3ec5d1e494fdba8a6366be8c33a6f204244689fa2b2395f31cedba142d25e0cd,16
43.7058601,38.86689,laptop,objaverse_xl,4001151adc76a5aacc11dab7bdda462cf35e0b400fc75dea2a9f729df3b056d5,16
42.6889839,38.5063515,laptop,objaverse_xl,485453823f2a93f544c16c03b17f8e698be60b9138fa41af137cc6ad057fa0cc,16
43.3017731,39.0442505,laptop,objaverse_xl,69ab3a0f6009ba02ec15feeb0e81b041e23d94f2a35599d53f5cc6527e8e27b6,16
43.3413315,38.3710747,laptop,objaverse_xl,7a4dad873602d1c5587325528c4740ededef9fd468d74e7456fb132ee6a583e6,16
45.0241737,39.3561821,laptop,objaverse_xl,7b8d3b248bfd5ef11e468eebf5dc917333c16a83544f746bb64286e245845be8,16
43.8681564,39.3890762,laptop,objaverse_xl,82caa046c7392e91894998e34b4f2931d0c2913435f23d0f2e27eb464a9a3d9d,16
43.1493263,38.8683357,laptop,objaverse_xl,9b63c98b6f60ae08dbd39024d01c8e3ae9d8c2292dc2ed3ebfd558403cc99b53,16
43.0716629,38.8303108,laptop,objaverse_xl,9e3199da699e42ec4cac130fa7eed5deadf3f976abd2777fc0d99c06cea6e706,16
43.6732864,38.7869377,laptop,texverse,345a7ec44d9c42afb388384b342858e6_1024,16
43.0939217,39.4750748,laptop,texverse,4de0585489c347da8aae4c4202169df8_1024,16
44.0960884,38.5827599,laptop,texverse,57b77f1bdac44a8693ea5d337bbb1101_1024,16
44.4479103,39.8136711,laptop,texverse,70b963af167343cd9194ba77d3765e39_1024,16
45.5652733,38.666214,laptop,texverse,8099b08fa9f848dab4cb7e64f12f62b1_1024,16
45.2158661,39.8734818,laptop,texverse,98889e0d945e4cf49024420f1589a68f_1024,16
45.6088142,39.1646004,laptop,texverse,c27812e526734c089ee9af6a693dda4b_1024,16
45.5571404,39.2584801,laptop,texverse,d444fd7f96844acba8511cca564d7268_1024,16
44.8148994,40.260952,laptop,texverse,d85d1e3914fd49e9aeb439ce4664d42a_1024,16
45.1209831,38.7015038,laptop,texverse,dadf809ad19146618ff1800078fae5a4_1024,16
46.1284904,39.3696213,laptop,texverse,edd1c11a511742c1903e273f50b0c83e_1024,16
44.2061157,39.6776314,laptop,texverse,f9ac8175b6ec4ed28013250a85b10dd5_1024,16
44.0963249,37.6768417,laptop,wss,151fccb37c2d51b0b82fa571a1cdbf24,16
45.3232536,40.1678276,laptop,wss,1f507b26c31ae69be42930af58a36dce,16
44.4148979,40.9299927,laptop,wss,495e5abfb57f04ba6bb5dc693bf723b4,16
44.8073807,37.1696281,laptop,wss,64690e8eb7567389f8a97f238a8ceb14,16
44.9226913,37.3824501,laptop,wss,7df09674bc991904c78df40cf2e9097a,16
45.8043823,40.0814056,laptop,wss,86fffd7992bcf081eb4d90d878fc8d02,16
43.3082619,39.9874611,laptop,wss,caed57aed39be7f21c9c158082d8e4b7,16
45.3647728,39.7008896,laptop,wss,d4a1b5ef035650a51021cd55d164c0ed,16
42.6629028,39.7182045,laptop,wss,dd67a2225e7b61c162682d6b7b4ec83,16
44.2511101,40.7352562,laptop,wss,e755e5704beaa9dda50b88953d263a42,16
45.8546791,40.204174,laptop,wss,ed35ed3a7c8824e5996bace9c8deb982,16
20.6496811,2.69309616,lidded_bin,fpModel,a1cb00c89a44aca868e5ab139a6697cc1050d1d2,16
41.4759216,-11.5251637,lighter,3dw,31aedb25d150f5bc7ff1725b349a9075,16
41.5653648,-11.4760208,lighter,3dw,509215ae3e8c694250d2ca661321bc9,16
30.1386414,8.86749458,lighter,3dw,7003a87b7c8242f9e8058cf23f6382c1,16
41.7517586,-11.5998383,lighter,3dw,90b990ebb9967ab45e36b7a13073ba1a,16
41.5795021,-11.6026611,lighter,3dw,fa8f158df1b4059a949ee851f2cd7e2b,16
9.70344257,20.6779423,locker,3dw,87dffb4ac0bb1f93e37da89d6aa52b44,16
7.85978889,20.1380615,locker,3dw,a06f22822347e9c857191348c74f6bb8,16
-9.08723164,44.2290993,locker,3dw,be128836cecabd659b39484b1f61a294,16
5.66086721,18.0561543,locker,3dw,ce9f1e0c38688c69cd59123bcb6534c3,16
9.73578453,20.5143833,locker,3dw,f488cf93feddd2fb91a2a5174703986b,16
1.11799538,-1.21390891,locker,fpModel,1d0eace356e1cdddd761a9aca1d6cfcc9685de42,16
1.30148041,-1.07653499,locker,fpModel,341094b867eb9d6b86f227a6cc65022a840099e5,16
8.36447525,18.109211,locker,fpModel,4e74ef0956614341bd226da209f0fd9798c2bc68,16
1.01267886,-1.37592435,locker,fpModel,8ef198585e210a09ad76c8d8ba1d0b2a9d7cd005,16
0.94052434,-0.830037773,locker,fpModel,ac49fcf122c3a29fdce60f17e669ae23605561c5,16
1.02677119,-1.32624888,locker,fpModel,b23e528013a3892d372731a5dd2f13da2e44bc97,16
8.37045765,18.0969563,locker,fpModel,cd196cef130b539fc5f2596f6acf43384a63a515,16
48.0872574,-4.51946831,makeup_mirror,3dw,30c577bb496d90654a200f5f1797d729,16
47.7895737,-4.30975199,makeup_mirror,3dw,de444f5117dde4fa20bf9756ac49fafa,16
47.827919,-2.36296821,makeup_mirror,fpModel,03b9da6158d9f400ab8842ead21e2644f596ddee,16
48.9265709,-5.55510569,makeup_mirror,fpModel,2fc2e7cbb6059bc61b4ca0d706ea10649cdabf53,16
49.0656395,-5.50688839,makeup_mirror,fpModel,322937108d19988849e2bb6c09268d1920aa0504,16
48.8561668,-5.37569571,makeup_mirror,fpModel,3f4f000ead3ecadaa3aad35d8489182509552154,16
48.8014908,-5.958601,makeup_mirror,fpModel,6c1ba9752bd62342932d7d80b49773968f03deae,16
48.6042938,-5.46098614,makeup_mirror,fpModel,8583032839f5dee78fc19a4d1775eeb7aa380bab,16
48.9928818,-5.68056345,makeup_mirror,fpModel,88a3efad0856410f9cd133f785599ec56abb8a6f,16
46.4141083,-4.01405144,makeup_mirror,fpModel,acd4be0d167ad8bd8ee4cede8264950870fc7337,16
49.5753021,-4.82374859,makeup_mirror,fpModel,bd6868f7b7f9b7f671998a1d27d0555b0946e855,16
34.9823837,-7.62380314,mechanical_pen,3dw,2c567890888f7b40aca737c0176f3832,16
34.8667603,-7.70351648,mechanical_pen,3dw,35d8012a02cac7f6677290abad454484,16
36.0720825,-7.97585249,mechanical_pen,3dw,7dba8ab37d468bb651417dd4e2cbd36,16
27.9995804,16.856287,mechanical_pen,3dw,b154e4bd54c02a0bdd14ae8eebde9395,16
36.2198257,-7.62390709,mechanical_pen,wss,5580924f960463d5aa26b0b13ca3661,16
36.3555183,-8.18207455,mechanical_pen,wss,5aafa1ad93de547b84f57a9f1a358c0d,16
35.0253525,-7.66300678,mechanical_pen,wss,8ed1668d846d7fa76dbbb4a01db03953,16
36.103096,-7.86000538,mechanical_pen,wss,c0479deba016f81ee8ce293298cb8c1f,16
36.5203133,-7.83747816,mechanical_pen,wss,e0b97bb35c2bd2ee67f419f49cbdddec,16
35.5440483,-9.12411213,mechanical_pen,wss,e69776ab0e8ceb328b398b2ca89fce81,16
30.1913376,8.75957775,memory_stick,3dw,94c4ed8f3074aea1398968fd209b2972,16
27.6253548,10.7494192,memory_stick,3dw,bd248c65ffb1da9a5b9a45f9870882b3,16
-5.65722609,32.6628265,microwave,3dc200,7e_000,16
-4.57466221,35.3054504,microwave,3dc200,7e_008,16
18.7916107,9.20578003,microwave,3dc200,7e_00d,16
-8.80633926,30.7717724,microwave,3dc200,7e_010,16
-6.97782946,32.3609657,microwave,3dc200,7e_013,16
-9.76714897,28.6239777,microwave,3dc200,7e_016,16
-23.2854595,22.2419395,microwave,3dc200,7e_018,16
-8.34485435,30.5445824,microwave,3dc200,7e_01d,16
-9.19134712,30.1059208,microwave,3dc200,7e_020,16
-8.59038544,31.1463089,microwave,3dc200,7e_02a,16
-9.70365238,28.6643009,microwave,3dc200,7e_02d,16
18.7640572,9.1979208,microwave,3dc200,7e_02f,16
-5.76286554,29.3318977,microwave,3dw,20289deb-408c-4468-bcb1-648ede7551a5,16
1.38633215,23.0303764,microwave,3dw,22636ce5-f0f8-480b-b297-e6b93c4dfb9b,16
-9.74365616,42.1040039,microwave,3dw,32cd9cac8bb1595d270a95b9e64402ee,16
-2.84854174,29.546793,microwave,3dw,382062cb92d0f90283247f812f2eaa97,16
1.20488536,22.4754066,microwave,3dw,4057186d18c1f805535ab615e8b7f112,16
9.84693909,13.8456497,microwave,3dw,4f0cc91077ee8cac64c0c614e0cb58aa,16
11.4611187,12.8457241,microwave,3dw,5bfca4e7-d5ac-4005-a95d-a30c1810a5ea,16
-4.70048094,32.776516,microwave,3dw,6cf4a2fed74c1cfeb5d116369fec4197,16
-8.16051483,40.3255348,microwave,3dw,7bf3ab546a7c626563eee14940c555b6,16
10.1817312,13.7337122,microwave,3dw,7f7389f0-89c0-4981-a3c7-de2c49fef429,16
1.50353265,23.1942787,microwave,3dw,9033b3ee-d3a7-4b64-a010-843d4c82d759,16
-10.7233629,41.1435471,microwave,3dw,9507b6f3-de0d-4300-84d5-d0c91b99893e,16
1.66145778,22.6814785,microwave,3dw,9a7e399a-07e4-4da5-9d22-d2389585a182,16
-4.00663567,33.5102119,microwave,3dw,9fa6beb0eef3baf9ffc6e457221b9271,16
-5.22903681,25.9864483,microwave,3dw,a0d24234c60bab2b9941e769880462e7,16
0.946628869,22.8230457,microwave,3dw,be22179849419e0d4fb42087918269e,16
12.2047291,14.4705095,microwave,3dw,c8baf954-f240-487e-906f-c2cc7689e749,16
12.2129736,14.6298351,microwave,3dw,ca2332d6-b0c1-4435-bab0-3f46e36e6792,16
12.2359085,14.9369268,microwave,3dw,cbbe4c9f-1a7b-47d0-9fd4-16aa17998f69,16
-6.38059139,29.561058,microwave,3dw,d6196176af304f8ae1f9b37d2883a2ab,16
-0.525012195,31.5481548,microwave,3dw,d882a22f3ba89c3bd1b2557b80a0d3f0,16
-9.42240238,40.8372993,microwave,3dw,e4351dffd3ab7841af9a5a7008cc3ec,16
-2.68091726,27.4102516,microwave,3dw,fb093a88a702f571709c8fc944e59e0f,16
-9.70242882,41.6576462,microwave,3dw,fd93647b660ec61d1001e28660fe24d7,16
2.12154317,22.4044933,microwave,3dw,ff9f8e457421a0c769a264ec7f2b5b6c,16
12.1942329,15.319459,microwave,3dw,u742ca329-dd7d-474b-964c-b146becccbab,16
11.6387663,12.774703,microwave,3dw,ue7254598-3ce6-42b6-9c29-a0212ff1ba94,16
11.4187307,12.7356472,microwave,fpModel,09b7f888a08a35d64d05e5f94cde9b75715c9a6d,16
-5.77177811,32.992363,microwave,fpModel,1cc51b96a5050214f2955649971fe990da9a449d,16
11.1707067,11.5145617,microwave,fpModel,7a06b033beac2d46a538e141792ccc507a0ec6b7,16
10.8390875,13.0924234,microwave,fpModel,844be43b1c34647e153e9b1c4054bd59a8bb64ed,16
-6.3165884,32.7156029,microwave,fpModel,93951e48e6f29a5592dd6e8e2c426427707d6496,16
10.2098475,13.7282114,microwave,fpModel,a630fbac79cdc164c9344a588f72d207b6d25e33,16
-6.21367502,32.9279289,microwave,fpModel,bf840db863fc9c2646b2f8f372e4847b2fd42e34,16
-5.9624567,33.0527725,microwave,fpModel,c3b2adbd3b89bdcd01f1e813bc4d2e06975ec727,16
-2.38782358,30.0992889,microwave,wss,30e4d5f28706a95abf37a318b55c6a3c,16
11.9917498,14.418191,microwave,wss,4b896032652578d8b5d95a89c22ce403,16
16.1594772,11.5225239,microwave,wss,67e4d0cf70b87600ddf024f7de40d58f,16
34.2210503,-21.6245041,moka_pot,fpModel,9d027ac8635b202c4ba4d2e39708d98a918677af,16
33.9676933,-20.6823654,moka_pot,fpModel,xxxxf45a8691xe75bx4c1cx8a2fx5489a1a6f470,16
66.9257126,10.8171721,monitor_arm,3dw,42f04270165f4fb3b4ccc26873bfd14c,16
38.2642288,20.5665417,monitor_arm,3dw,5fd9e3276a8e1f37c0c1fc02caade959,16
66.981926,10.8114967,monitor_arm,3dw,8eed2027a2100f76b4ccc26873bfd14c,16
41.8301773,19.7201099,monitor_arm,3dw,e63dc22f88ee0538de8a4c4635fd3ff2,16
36.6448669,21.0610523,monitor_arm,3dw,e7ee3b8119874c0b40ff33d80c1d7d1e,16
13.8261652,3.07858109,nightstand,3dfModel,022895dd-19c5-46ee-8de6-f2ba11b68c57,16
-4.05946064,-37.8935814,nightstand,3dfModel,029d0231-a5c8-403f-93d4-790cd153d2f9,16
-15.1753674,-24.1936378,nightstand,3dfModel,0312fba3-cf31-4e4d-b6b2-3d9967750577,16
-5.7304945,-38.8437157,nightstand,3dfModel,0327502e-993e-42f4-a9d3-85593c561ae7,16
-6.27212286,-37.2164726,nightstand,3dfModel,04c289ae-17fc-4c4a-a3b4-c5ecae294da8,16
-52.5843391,-8.71226883,nightstand,3dfModel,05667d56-f53a-4d86-a7ab-382140d2eeaa,16
-58.8561363,-3.30589223,nightstand,3dfModel,056d9c19-ddb8-45d0-bc22-f9c4f0b41962,16
-0.106865801,-18.8263931,nightstand,3dfModel,05740eed-3ed1-472e-81b6-f651395c4ada,16
-5.95724773,-29.4544907,nightstand,3dfModel,06d0beb2-9724-4e98-929d-80b23a31775a,16
-4.94138813,-18.2659512,nightstand,3dfModel,0883d358-904d-4e6b-9bac-66ad28c5621e,16
-48.1098824,14.4887857,nightstand,3dfModel,0b50f3c4-f43e-4371-9960-7cf471542640,16
-8.33421612,28.1906948,nightstand,3dfModel,0d521015-9097-4339-8960-ae1a366d1a65,16
-49.7528343,-1.4619602,nightstand,3dfModel,103429c6-24bb-4f9f-9d4a-897d97a6bab1,16
-19.080162,-12.9168835,nightstand,3dfModel,10be3edd-3cd5-4183-bd60-622b4fe379ef,16
-50.3040771,-1.7382741,nightstand,3dfModel,115678d8-847c-46c8-9fd4-f8801c65082a,16
-48.9212952,-2.77795315,nightstand,3dfModel,1261c3e5-9d31-4474-abe5-da2c1668ef63,16
7.92184305,-6.78821039,nightstand,3dfModel,155ab62e-4ea5-4539-a5bb-a0833c93bc82,16
6.28078556,-8.07798481,nightstand,3dfModel,172d257d-5eab-4f7e-8671-ae3752a02b45,16
-4.57362366,-40.2188339,nightstand,3dfModel,18971be9-a137-40f9-89ac-69b7330da081,16
-40.8354721,13.3521233,nightstand,3dfModel,193b4097-7917-40a0-99d1-ff43c94d92c2,16
-4.95872164,-33.2646713,nightstand,3dfModel,1ba78b12-1c33-4f8a-97f6-9a4ea84dc3f9,16
18.593586,3.63530517,nightstand,3dfModel,1c9f791a-a92f-4727-91c9-4474946e63d8,16
7.64035559,-5.13862705,nightstand,3dfModel,1ce16338-ac1a-469b-b257-2891488e9fa4,16
6.13776112,-0.528004885,nightstand,3dfModel,1e8ecf09-4a2f-49dd-b472-e9f4b5569d32,16
8.74992085,7.53625393,nightstand,3dfModel,1eaf6625-0487-4378-8532-79b77a856b50,16
-6.76535511,19.0851517,nightstand,3dfModel,23000814-7305-4ce2-bcdf-1be89f68fb57,16
7.3390584,-8.95297432,nightstand,3dfModel,2397df9e-1c62-413d-ac85-4279dec34f88,16
-2.51959753,-31.736702,nightstand,3dfModel,24adeee8-399e-46e9-8d8c-aa641084c1e1,16
-48.4680405,0.231717154,nightstand,3dfModel,24b4b76a-65b5-4774-8797-726bd6abe893,16
-0.31895119,7.11406279,nightstand,3dfModel,24d58179-b687-4920-8652-a66745d787d7,16
-5.33421373,-39.4774323,nightstand,3dfModel,24de449c-a06b-4561-8641-f9cb6407b62c,16
9.32713604,-9.16617775,nightstand,3dfModel,2584ac59-b93c-47c3-92b2-e517b42c1c51,16
9.91763306,0.951340973,nightstand,3dfModel,26df8f51-1552-438d-8da7-a1213f6640b2,16
-13.2272558,-24.5688591,nightstand,3dfModel,278bc115-a727-4ff8-abfb-647e45bdab46,16
-50.8720169,-13.1268873,nightstand,3dfModel,28a8fde0-22ef-4175-9370-12ba922348aa,16
-48.8036728,-2.14635324,nightstand,3dfModel,2924a537-18e9-428d-9922-ab1460e1f58b,16
18.0935612,17.0454731,nightstand,3dfModel,29d5bbf7-f577-4f5c-baa7-1ed3f9817a67,16
-15.7224989,-22.1180458,nightstand,3dfModel,2aee7bfa-1696-44be-bf4f-36b2872e95b8,16
8.86418724,7.9592948,nightstand,3dfModel,2b24e3e5-846d-47a4-b16e-4cb85f28e690,16
-19.617651,-28.8820076,nightstand,3dfModel,2c8e4321-b9ca-4d71-9168-15c85f860667,16
-53.7746582,-13.1331606,nightstand,3dfModel,2f77e6db-9e31-4b42-9813-850a9d5ef7a0,16
-5.91791344,18.6544704,nightstand,3dfModel,2fb67033-71a0-464a-86d3-6faf75d73b93,16
-2.6162672,-31.1818352,nightstand,3dfModel,2fd5c449-667b-418e-b53d-3596f954eab7,16
10.9187756,-3.37764335,nightstand,3dfModel,3241f1fe-5d13-4283-a443-b6ecee0bb225,16
-3.8921659,-39.1787643,nightstand,3dfModel,33061136-bad0-4ffa-b303-dd8543405dd4,16
-47.2368088,13.0345154,nightstand,3dfModel,3324e2d3-feb5-424c-aa82-196984a45a89,16
-12.9506207,-25.9078789,nightstand,3dfModel,339c818d-30d1-4f42-9f68-e88ff89906e8,16
-9.4406805,-12.3398438,nightstand,3dfModel,34e5b695-1212-4cf3-9d9e-50314061a036,16
-48.3195038,15.1972065,nightstand,3dfModel,35638b4f-913d-4f26-bc09-acd6c5049e69,16
-7.88708019,-37.7875137,nightstand,3dfModel,3664dd1d-7fd1-49b2-b5d4-8b9c613c1fcd,16
-49.6143417,16.736887,nightstand,3dfModel,36a4de8e-bdc1-410d-99d3-5acb5dacc5eb,16
6.88986969,-7.03388882,nightstand,3dfModel,36df9d95-c1a4-47e7-8e68-7d1e4b9ea4ca,16
-4.33682203,-19.1509399,nightstand,3dfModel,3826da77-490e-47dd-ab86-eff80e251f15,16
-6.19417286,19.1552315,nightstand,3dfModel,3ce3cc7d-fadd-45e5-8312-0915a357103c,16
-11.1037035,-23.5296555,nightstand,3dfModel,3d1978d2-e10b-4989-af91-8fafb5931f04,16
-3.90671611,-18.8098736,nightstand,3dfModel,3e44eae9-3e3c-49af-86e8-dc21bfc8725c,16
-3.51944518,-17.0324268,nightstand,3dfModel,4198a69c-3720-475b-87fa-0fa4a1d0052e,16
7.68580151,3.86915112,nightstand,3dfModel,4219c88c-a6be-4c0d-813c-dbaf934dab46,16
18.0750923,5.10980034,nightstand,3dfModel,43733ff6-1f45-4c56-89bf-619e8d9f7853,16
-53.1841583,-5.1109128,nightstand,3dfModel,43adc992-e772-4763-a7ad-36eecfde3e5b,16
-18.2769566,-23.4354229,nightstand,3dfModel,43f83fe9-ab65-4d67-816a-1e6e3c1161c2,16
16.2157688,1.2730211,nightstand,3dfModel,4490d4ed-ff54-48a6-99b1-e6051fa1eb9e,16
1.335585,-18.9393368,nightstand,3dfModel,44a785fa-1afe-465c-90ea-5847592b334b,16
-3.92834282,-38.7927589,nightstand,3dfModel,452793a7-feab-4004-b144-fa7e7a6b8705,16
6.89557505,-3.54044938,nightstand,3dfModel,46c68d2d-c1cb-4bc2-8028-38d5b29f07d8,16
-20.1675053,-28.6051788,nightstand,3dfModel,496b7e7d-2798-41ca-ab19-1ac9c5701ad2,16
7.2393961,3.21430993,nightstand,3dfModel,4bdf5de9-6e8f-46cb-bf46-7ccb85855c85,16
-3.7664814,-16.8123932,nightstand,3dfModel,4df73dcd-8406-4c85-951f-3f6b9c41deb9,16
-0.497510374,6.92930746,nightstand,3dfModel,4e151a11-bc80-4383-acdc-668bb129b836,16
-52.265049,0.0572054721,nightstand,3dfModel,4f96b0ad-88df-4180-8068-1909732d1dbd,16
-3.84208441,-17.41992,nightstand,3dfModel,52a7986a-d2a3-4492-8d4c-ac7a06fcd3b6,16
-3.56163502,-19.1051178,nightstand,3dfModel,53eaf7fe-a4f0-47b8-8e8d-8892794398bf,16
5.47453785,-8.16826916,nightstand,3dfModel,5407c841-c45c-46d3-9442-be979f5eb0ba,16
-14.5165043,-24.9296188,nightstand,3dfModel,55e14772-c606-4a9a-8b08-e07189804e8f,16
-21.1779861,-29.988802,nightstand,3dfModel,56c41341-bb30-4ad5-bf99-c156222d8ec1,16
-5.78334808,-29.3414268,nightstand,3dfModel,5b3cde66-3804-4b0f-8b78-b2e35c554d11,16
-45.5119247,14.8715868,nightstand,3dfModel,5cf20093-e8c1-405f-aaf7-ede2c1ce2819,16
-0.0175305493,-16.9975967,nightstand,3dfModel,5d73771e-7a4c-438b-8241-b933ee5dd937,16
-13.7875481,-25.4193687,nightstand,3dfModel,5e15b4b1-3160-4c80-bde3-e53322a72fa0,16
-13.2554026,-24.6509571,nightstand,3dfModel,5e4c8a81-79dd-43c2-a117-f3b9bda9e560,16
7.50413418,-10.7902155,nightstand,3dfModel,5e6ab4d2-68c4-4adf-9254-0774692b5683,16
-16.9574509,-25.757637,nightstand,3dfModel,5f647e91-185e-4daa-819b-4de676e55627,16
9.68658257,-6.49300623,nightstand,3dfModel,5f6ef37d-5525-497b-87f3-b6cce3d5f676,16
-13.6683216,-26.9176102,nightstand,3dfModel,610e35a5-595b-4919-91bb-de99ef9de8b8,16
-17.9615479,-31.5443783,nightstand,3dfModel,6170b3c0-e6ca-45e0-a539-11c6dd063672,16
-53.3906174,-13.1760187,nightstand,3dfModel,62319141-32fa-4353-b2ff-ec31ca232e3e,16
-57.2316856,-3.20637751,nightstand,3dfModel,65303fc7-e257-44ea-a715-b8de195ed0d3,16
-17.6396713,-23.6621113,nightstand,3dfModel,66e53d0b-9f97-46b9-873e-df25496281c9,16
-10.3574286,-41.0103416,nightstand,3dfModel,68450a89-8e99-44c0-a16a-003800f2876d,16
-34.8929939,10.0209742,nightstand,3dfModel,69acc8df-eaac-4453-9729-12f25673b9fe,16
-57.3693428,-9.78948116,nightstand,3dfModel,69cd87bf-5d95-45ca-97a4-5f538d72bd68,16
6.98805761,-0.607842088,nightstand,3dfModel,6a0b1a22-b45e-4dd0-869c-8ccea4fa6950,16
-2.9681468,15.3056145,nightstand,3dfModel,6ae84081-8907-4796-b732-c23949add087,16
9.5024929,-4.57029629,nightstand,3dfModel,6beaa9e4-8fe9-41e2-9687-f555c93f7103,16
36.5392532,-27.8734665,nightstand,3dfModel,6c097118-c8cf-475c-b918-189316a7fa3b,16
-4.03207445,-38.2486877,nightstand,3dfModel,6e0990a5-99fa-4007-8791-ef311fde55ce,16
-15.8597088,-25.6238804,nightstand,3dfModel,6e63d677-66c4-4c0a-9ecc-60d69c4c3a36,16
-51.8105888,0.329702139,nightstand,3dfModel,6f706a39-670c-4f39-920f-337be30a9a3e,16
7.17937899,-8.65194035,nightstand,3dfModel,7066099b-eb99-4e14-8b54-4df7c159e599,16
-38.12006,12.9113798,nightstand,3dfModel,709bb15d-00a9-4da6-9f92-e18e9391a525,16
-56.0918961,-0.897007883,nightstand,3dfModel,719d16f2-dfb6-450a-94b7-258a63109d7f,16
-53.2667046,-0.685624719,nightstand,3dfModel,71cab17f-bef2-45d9-834c-f83ded9a78ba,16
14.1099615,2.88205409,nightstand,3dfModel,7322fdc9-34f6-40f6-972e-aad5b09e61dd,16
-54.9767723,-8.07896996,nightstand,3dfModel,75aca66b-7852-4d21-938b-d6cb9ea77002,16
7.2990365,3.32859445,nightstand,3dfModel,761dea3b-2580-4828-b3b7-51636b1d1c4a,16
-58.8051643,-6.84779119,nightstand,3dfModel,789c9d21-22a1-4612-8fd3-90a56644d4aa,16
-47.8934784,-1.40356612,nightstand,3dfModel,78c603ae-d755-41a0-bb7e-759220303454,16
-2.26717401,-31.9848099,nightstand,3dfModel,7ade5547-a4e4-4220-b1f8-ca8ac48f12f5,16
-5.41079617,-33.5361671,nightstand,3dfModel,7c2916f5-3c12-437f-ac90-371206e5d1a1,16
-42.2394218,18.065958,nightstand,3dfModel,7c410fee-3ed9-49fa-9293-da601eb29ae3,16
-53.6352959,-8.13906002,nightstand,3dfModel,7c418d2e-974e-4a2e-b286-ad5043eb7d95,16
-3.09971476,-17.1340542,nightstand,3dfModel,7c7585e8-ac27-4762-b06c-516e44e6526a,16
10.614377,-3.66951585,nightstand,3dfModel,7dfbf4e3-237f-470a-82e9-d47bb278c40b,16
-53.0782547,9.55380058,nightstand,3dfModel,808d18b1-8d1b-401a-9304-22239bfed4a4,16
-5.5230999,-32.1262398,nightstand,3dfModel,841a57e7-68a6-42bb-b414-77c32424874f,16
-4.34007645,-28.9952545,nightstand,3dfModel,8540ec2c-f5e6-40da-af37-6c0098ce200e,16
-1.80935133,-15.7607555,nightstand,3dfModel,877ea345-1520-4ee8-8ca1-69ce2488ec91,16
-40.955677,11.5285864,nightstand,3dfModel,879812cc-973d-4c7c-ad38-76262208230a,16
-52.4760056,2.21769381,nightstand,3dfModel,87bf20d6-68b8-46c7-84ea-884880c10d8d,16
-53.185894,-5.24004602,nightstand,3dfModel,8b8cdbde-57e3-432a-a46a-89a77f8e6294,16
-46.8877335,13.0089474,nightstand,3dfModel,8bcfbbc3-fb54-46d6-b9f6-8029c2fbb3b1,16
37.5633316,-27.0179787,nightstand,3dfModel,8e604449-9d9f-44ad-baf5-a9fabe9350b0,16
9.71131706,-1.46992612,nightstand,3dfModel,8ef74600-39f7-43b4-9950-4766a8ec2abf,16
-5.66272497,-32.5261459,nightstand,3dfModel,8fe26c63-f744-4dbf-9149-ed8147275bed,16
-42.2591248,18.0597935,nightstand,3dfModel,904bbde8-4912-464b-a58a-6e8dc8dc280b,16
8.23572445,-8.64562893,nightstand,3dfModel,91abd8fe-2686-4c18-ba2e-50579bdc2b3a,16
-45.1826553,14.7232084,nightstand,3dfModel,93e536ca-4533-4b67-8f78-112b1faa4332,16
-7.10554647,-39.2848778,nightstand,3dfModel,940f50a6-b09d-41eb-9b38-073a64530373,16
-0.110324517,-18.824831,nightstand,3dfModel,94d07fac-1f98-45a8-8433-a4ee5a71881d,16
-1.34511638,-39.3873749,nightstand,3dfModel,95f44043-569b-41fe-8d0d-933f09a63c61,16
-13.7212,-22.9912014,nightstand,3dfModel,9600708e-c589-4924-9dc8-c2fe3286497b,16
-50.8805771,0.376434535,nightstand,3dfModel,9603344b-99b8-43db-abf0-73c7eaf0ea5f,16
-16.6100502,-24.2359047,nightstand,3dfModel,966714a3-b8ac-4551-917a-e3af7a4c4b02,16
-5.89059877,-41.0784569,nightstand,3dfModel,96f2f1f6-8dfd-402e-af95-4f6e6af203c8,16
-13.7905626,-23.6771259,nightstand,3dfModel,98105891-1421-4f66-a513-0ac57aa3bf54,16
7.34199905,-2.25001621,nightstand,3dfModel,989e0d90-dc20-44e7-b745-f5cc39149268,16
-5.73112822,18.8428745,nightstand,3dfModel,99bb0a0a-8d3c-4887-9014-d3ba91aacd5f,16
16.3044147,3.98632002,nightstand,3dfModel,9a3fb696-7a73-4371-8b44-9fffba986a29,16
10.6604214,-6.27432203,nightstand,3dfModel,9b2c3161-c6d7-4090-bcbc-6389e6c44177,16
9.23144531,-6.98573017,nightstand,3dfModel,9baf0264-9494-4a9c-ae4f-e83612896426,16
16.1950359,1.25267255,nightstand,3dfModel,9bb6bc0f-1a6f-4a44-91cc-86099a886530,16
-12.5255632,-25.2086582,nightstand,3dfModel,9c2424f6-5c02-44dc-a129-d43ca083ffe3,16
18.6017323,3.72396803,nightstand,3dfModel,9c33e622-62df-48b9-ae48-8f5245074435,16
9.45149422,-6.46140671,nightstand,3dfModel,9c4424b3-ed58-4cf8-b1b5-7c75dcf54286,16
-12.2369986,-24.1252327,nightstand,3dfModel,9edc708d-be83-41c4-9f8d-8f80ade68a4e,16
9.13906193,-5.12359667,nightstand,3dfModel,9f6f8c41-b485-4201-96dd-5c44368d6bf5,16
-54.3332062,-13.4989147,nightstand,3dfModel,a0f4720c-c9ea-48f0-a4c3-8e9786d01589,16
-41.3104858,11.3034563,nightstand,3dfModel,a20adaf3-e98a-4d47-a8e2-4a3d32fa56aa,16
-6.33741236,20.1833534,nightstand,3dfModel,a2e48bd4-ce55-4cd2-b3d1-5fc18fc0e7a2,16
-5.71063995,-38.9157104,nightstand,3dfModel,a4906939-5cb0-4d38-9bff-2c3d68da34c8,16
-6.59480524,-38.067894,nightstand,3dfModel,a6bb7b34-43ec-489a-9a92-e9eff5c4eca2,16
-39.714035,11.7515259,nightstand,3dfModel,aa4714b2-e1f4-40b9-b680-5ee2d82c920b,16
-52.0101738,0.602705419,nightstand,3dfModel,aba876cd-aed8-4bdb-956d-ca3e3946c3f8,16
-8.09824562,-37.9566116,nightstand,3dfModel,ac7d2819-cae6-4551-b03b-21e973a5e166,16
-51.6393433,-2.46649027,nightstand,3dfModel,ad37faea-9ed2-412f-a856-e4a4584c5e24,16
-41.4289246,15.4264507,nightstand,3dfModel,af69165c-eead-4290-821e-e532868d695a,16
-31.4514446,12.7035017,nightstand,3dfModel,af899b3f-5bd2-4470-84eb-564fb87d56e2,16
-14.7881479,-25.1409912,nightstand,3dfModel,af8f84de-bb38-49e0-9e39-ffd0511dd65b,16
-49.0512886,10.7909508,nightstand,3dfModel,afcf6dfd-730f-4ba1-b8c2-158804fb6886,16
12.0732737,4.09861231,nightstand,3dfModel,b07444ff-5d5d-4493-8616-c1eabe6a840b,16
9.07334709,-1.33823967,nightstand,3dfModel,b0cf3221-d5b3-48be-a80f-127e3b727f50,16
7.40861607,-11.0318909,nightstand,3dfModel,b1c00df7-462c-48ef-8506-8f7a3da9e90a,16
-38.2338142,-39.118206,nightstand,3dfModel,b1cbab5c-316a-4fab-91ea-f75519686f75,16
-13.8588886,-26.9971714,nightstand,3dfModel,b41f5051-57aa-491e-8a33-2ac9e201173d,16
6.36918259,-4.91357279,nightstand,3dfModel,b532ba4b-ccd6-481f-a097-69247e5f196f,16
-21.9200478,-28.7931118,nightstand,3dfModel,b56e73a9-f2f3-4316-be1e-01ebcded12a8,16
7.92438459,-3.77399945,nightstand,3dfModel,b63299fd-c11b-4a1d-8511-31cbfe11bcea,16
-2.6434381,-18.1965733,nightstand,3dfModel,b669c249-8016-499f-b389-d9f3f42a3a63,16
-54.9738045,-8.07908726,nightstand,3dfModel,b6ec33de-c372-407c-b5b7-141436b02e7b,16
-36.40205,12.3885965,nightstand,3dfModel,b734950d-92f3-4955-8d06-232dfc9c56c6,16
-15.8597927,-25.6239223,nightstand,3dfModel,b74de7fc-c3c2-4a58-849b-76f542ee332a,16
-55.194088,-6.47860956,nightstand,3dfModel,b8691383-7782-4e7e-9198-2475e987f082,16
-42.0243225,14.0348072,nightstand,3dfModel,b8e5dcb5-a141-4f35-a41f-034a702bf56c,16
16.5186138,1.56864405,nightstand,3dfModel,b9a31abf-f88f-4c5f-9f39-21b4039283de,16
1.35053682,-13.7293015,nightstand,3dfModel,b9db14f3-27a1-4325-b212-9bf82352d66c,16
-50.046093,-2.09353542,nightstand,3dfModel,bb9598e5-69bc-46e9-90c6-c6fb93f96ed1,16
-50.8886833,11.9427738,nightstand,3dfModel,bbf6a85c-16e6-42ac-8754-f74d51bc17ce,16
-4.87313223,-18.3760948,nightstand,3dfModel,bc6f3ed7-808f-4d18-b001-fe0642df679a,16
-2.67246962,-18.1099701,nightstand,3dfModel,bcd6a9a4-acfd-4bf0-8344-ad4cbfe0b189,16
-17.1117268,-24.267292,nightstand,3dfModel,bcf190c8-288a-46c6-a178-c08dae003eed,16
-53.0797081,9.55540657,nightstand,3dfModel,bcfa634c-2693-494c-9b20-c3eeb42f6a8e,16
-7.01781893,14.9183855,nightstand,3dfModel,bd68e830-18a3-4b11-bab5-0065a5531d83,16
-22.3537197,-25.8129406,nightstand,3dfModel,bd809296-245a-4b50-b872-5e91b76ba738,16
-5.58327675,-29.0913563,nightstand,3dfModel,be19ca05-cffc-4619-b950-33bebb7b403d,16
-46.5392303,14.0409307,nightstand,3dfModel,bf9b9bc2-b4d2-40ac-9089-f05055664ab3,16
-54.0444107,-6.39587831,nightstand,3dfModel,c02d4213-31f1-4bf5-8290-6d4d5783a624,16
-12.99226,-23.5239334,nightstand,3dfModel,c10d2f7e-246e-45ec-9561-345288c91349,16
-15.0520878,-10.6961031,nightstand,3dfModel,c18f1967-f371-43c0-a83e-5de113507553,16
5.47635603,-8.16723442,nightstand,3dfModel,c2aa13c4-04be-4bb3-bdbc-b118feeef460,16
-5.90157032,-29.7343159,nightstand,3dfModel,c4a6b030-7fd9-4fe6-811f-3d7cb2bfd408,16
-11.9555435,-24.5982819,nightstand,3dfModel,c525c09a-a3d2-4589-8c96-32c842cfc1e7,16
-2.80074191,-17.9097328,nightstand,3dfModel,c6293606-b642-455e-890d-525a4744f8f3,16
-53.3367805,0.84006995,nightstand,3dfModel,cad2275a-a927-45fc-82f4-8041f9fe421d,16
-7.14231205,-18.7166653,nightstand,3dfModel,ccb862af-0731-4ec7-bda5-9b11506190f6,16
-46.0800934,15.9136629,nightstand,3dfModel,cd5dfd5c-f75a-4f11-aab8-882d848c7f7d,16
-12.6550751,-24.1572418,nightstand,3dfModel,cd813c3a-95a6-49cc-8450-c0d2e007a941,16
12.6752214,3.44586468,nightstand,3dfModel,cf3811e5-6b86-47ee-a495-451388f676fb,16
38.0270805,-27.4716396,nightstand,3dfModel,d028ddfa-e149-4ed5-87c4-cd9e31d1265c,16
-56.6237793,-9.23663235,nightstand,3dfModel,d47b027b-cf6b-409b-be35-aa7ab0203534,16
10.7851992,-1.6635592,nightstand,3dfModel,d90a1757-89b7-4bb5-a281-8e643b4735fe,16
-6.34100771,20.3915577,nightstand,3dfModel,dc9b4e10-7df3-4a25-bd55-8dab4d0ddeac,16
6.90091038,9.21964264,nightstand,3dfModel,ddef48db-000d-4614-94c4-67ce114bb0e9,16
-54.0820961,-13.3248005,nightstand,3dfModel,e0755599-37cc-4c96-945a-34cdabb8252a,16
18.695303,5.65849638,nightstand,3dfModel,e2ef0d6c-4942-4abe-b178-a435c0c23bec,16
-3.81951571,-37.8641319,nightstand,3dfModel,e4eac65b-d96e-455e-b717-972b0adf1793,16
9.52362919,-4.25308132,nightstand,3dfModel,e50ccf7a-da1c-4aa9-901e-bf1fbdabf036,16
6.99343443,-7.90446234,nightstand,3dfModel,e6dc4006-93e9-4229-bc00-5236d3e8b4e6,16
-52.4822235,2.19637132,nightstand,3dfModel,e70b3ce0-fa9d-40b5-a95b-69320649225b,16
10.1138105,-0.866133153,nightstand,3dfModel,e7509d44-ff5a-4033-9ed0-6d4f73a43282,16
-2.891608,16.0780239,nightstand,3dfModel,e7defba1-6d30-415d-a374-a61af4e0b132,16
-12.6415987,-29.9086418,nightstand,3dfModel,ea0be776-bedd-48cc-b929-e1f79e4e847e,16
-46.0226784,15.1440763,nightstand,3dfModel,ea33993c-e458-452e-8193-1afcac00d836,16
-4.61214304,-28.9810085,nightstand,3dfModel,ebdd83c6-283b-4ff8-b2ba-0e83edd3ba9a,16
-10.4436073,-40.9741859,nightstand,3dfModel,edae754d-949e-416e-92cb-2e36acddecfe,16
-48.5471153,10.1848059,nightstand,3dfModel,edeedd5f-bbe8-4087-ad6f-fc168e369265,16
-31.8262997,12.8211374,nightstand,3dfModel,ee361f53-ddb7-43fa-b854-fbf79dcd7a4d,16
-10.6970987,-40.6302452,nightstand,3dfModel,ee626565-5f28-4422-97b8-ab18ccaabe22,16
-1.81710505,-15.7317886,nightstand,3dfModel,ee70905c-37a8-4661-93cc-92f23e9453a5,16
-53.9125519,-8.2654438,nightstand,3dfModel,ee7ce223-8224-451a-96d5-ddbeeda0687b,16
-6.24808931,18.5258121,nightstand,3dfModel,eea883d3-9d0a-48d3-beb9-1732cd3ebf4f,16
-49.450737,9.64622211,nightstand,3dfModel,f12a2b26-d37a-4f1c-86a0-ed54a95d1294,16
-12.7899208,-25.795599,nightstand,3dfModel,f366b9ef-9127-405e-b263-58db5a986fcd,16
-47.8747826,-0.941279113,nightstand,3dfModel,f6e9071f-09fd-4603-ad76-028356d07024,16
-41.3787956,15.0038204,nightstand,3dfModel,f72cfd0b-5219-49cc-a9a2-9f90421efb6e,16
-47.920433,-1.10874808,nightstand,3dfModel,f7e667ee-f042-4428-b29b-6a89d81a48d9,16
14.1993475,2.80803561,nightstand,3dfModel,f97613b1-582b-45b9-9b97-5d7d38a9c267,16
5.47672653,-8.16820717,nightstand,3dfModel,fa3f26ed-dc84-4819-b5fa-9b4e6c664e6b,16
-52.8622742,-3.85790753,nightstand,3dfModel,fb6685eb-c59c-4eb6-ac2c-e18075d272b0,16
6.36646032,-5.00234127,nightstand,3dfModel,fb84f58c-6029-4f37-bd73-6705c29617a1,16
-51.807251,17.1990509,nightstand,3dw,2327f7b16935f6837afee304cce81d6f,16
-50.2819557,-0.244342968,nightstand,3dw,2a5c3e5f-5f2f-4ea7-ba32-6c513a28cd6b,16
-49.7823372,7.25395966,nightstand,3dw,49f943e1b14fe8d687693c0a016606d4,16
-12.2425394,-29.9283428,nightstand,3dw,4bbb5356db171b03647d5ae83641434b,16
7.51622725,7.49263954,nightstand,3dw,56f7a5809e53be881255bc546ed0fe3,16
0.559967697,24.3867168,nightstand,3dw,973cd69d0a07ef85d42b9650f19dd425,16
-47.6247749,16.3808422,nightstand,3dw,9ee47e0f2e4e760348e14a208f675ce,16
-18.8714409,-28.559761,nightstand,3dw,add8f62590fe383bab7b7c9ab079b208,16
-39.3055496,13.5121183,nightstand,3dw,d6122e63eec4b28e1aec2282dd8bc87a,16
-0.214420021,-18.6862183,nightstand,3dw,dcc9a4987a93736a4784492a70265d7b,16
-39.4354439,11.0277786,nightstand,fpModel,01362ea241206b5668fb03f345c4637fd9386c8a,16
-20.9290714,19.738739,nightstand,fpModel,03639dab61b6903ff319e047b008cb6abec971c6,16
-55.7640877,-1.87366819,nightstand,fpModel,037f34132f162235d80ce46f67c4fa2238d94da0,16
-52.4512024,-3.53960061,nightstand,fpModel,038f37d5b8351b29fdc8173d219ca5a503715ccc,16
-49.5869713,-3.38504529,nightstand,fpModel,04c99a0e259fa98fbbc7171112d0a285c1648718,16
7.69165611,8.11863518,nightstand,fpModel,084ff2a0e018cec0a68d318cc0f37f0b7624c8b8,16
-7.4032073,-40.2766151,nightstand,fpModel,0a9cbe043deabb9971a124ea7bdd0f1d242152c9,16
8.0508213,-9.57743645,nightstand,fpModel,0b458bbd4f94efdade07afeb152a5b6cd7f95cd8,16
-48.9887161,7.24905252,nightstand,fpModel,0dfabed4818c34cbaa5ef41a3bcaf89177744b2c,16
-13.2033129,-29.5132351,nightstand,fpModel,109c5d58f006865af44b50749d94040f2396f754,16
-6.09957838,-18.8660355,nightstand,fpModel,155c182834f40ebb1d5666d3a72ee828e097097a,16
8.20616055,-3.20874882,nightstand,fpModel,15c0bd474aa43ea3156a6d33a23dc58384ac68ba,16
-47.0354424,8.36878109,nightstand,fpModel,16a4e41e6085b65ee5f86acabc8c7185d84c4749,16
9.0273962,3.78884268,nightstand,fpModel,183616ff4a41ac27ce0b8456acb0837c5135ca76,16
-53.5791855,8.94220543,nightstand,fpModel,1a8882095aa1aa7e9d4ab68d4b36533f833f6d7b,16
7.80733728,3.07462335,nightstand,fpModel,1b3a5dd7d2a94add4a978d2516e7158980da0cb2,16
-48.5102768,11.1970024,nightstand,fpModel,1d15c6172a86bc8729d2523ec7fed0fa0c991fb3,16
-50.557476,-13.2919655,nightstand,fpModel,1e1c18c687ffc14eb4267863fc389ef74c2e26e3,16
10.0850048,-0.499076933,nightstand,fpModel,21fbcf749f7820bee1b2d045d30a0513c717cf46,16
-10.9158382,-40.2357559,nightstand,fpModel,22f744409072e3a0b1d169995c7ae665b4d505ee,16
0.71709615,-16.548563,nightstand,fpModel,2366c86ee9ee1ec1d3254b392a3a61a249389b12,16
-41.0625763,14.6705675,nightstand,fpModel,24e1d8dfd689b3c978df67dbf5e1596fc512f4ca,16
-15.9955511,-21.2451363,nightstand,fpModel,268fba8564a56219ec24229203fa260753720b5e,16
-2.63398242,-31.6918945,nightstand,fpModel,2af8f7c0fc1c416b2c24affc510fb8eacef76e23,16
-48.2900963,4.01214218,nightstand,fpModel,2be038119f4ebc2eb08e4a2ec46607ed9b0c1796,16
-17.4151192,-24.8273106,nightstand,fpModel,2be70cb7fe451eabbf070838667e5ae4b8c43974,16
-46.9160805,-14.5345869,nightstand,fpModel,3108de6e54bef335ffd071a9016f6b8826497282,16
6.32375002,5.69458675,nightstand,fpModel,31637d2699390a9c52ee1cf50bb814d9043b50cb,16
5.56747627,-11.3820486,nightstand,fpModel,31653c084558e1ecb286adf63a305d914aa3c98b,16
5.19215059,-10.2051001,nightstand,fpModel,35356739cd0ed57bce029e485ee137fb3061b600,16
-48.1209335,11.5193844,nightstand,fpModel,364fd12b7f9dae1470615fb8f459b93c70a94894,16
-54.9389572,-2.55932856,nightstand,fpModel,374d659950e5914d44aeca18fb2265b7a22b69f8,16
-17.5431595,-28.2786617,nightstand,fpModel,3a5612aee60217931565e5003121a9c98fdbc515,16
-47.3460846,7.74196815,nightstand,fpModel,3bbc952ca877b13b41254bc345b1416eb557d4b3,16
5.74906111,-4.47419024,nightstand,fpModel,3d71cae6d28e2b2358f25de31ac1b03977654acc,16
-20.0939865,-28.8681927,nightstand,fpModel,3e4790548c158671fec162757053201da04b6259,16
-56.1620712,-0.916010022,nightstand,fpModel,3fc77979a4622ac665589e79822641ba6b7aa66f,16
7.86918449,-0.0321263,nightstand,fpModel,42cf6dce36f1ec0dd707f974a10bb95415daa17e,16
6.654737,3.83272958,nightstand,fpModel,45c662af829bb97af7d5a4068ff83702f072cff6,16
-13.6241798,-26.8558464,nightstand,fpModel,47afe6c6fd5e0aebbc942a625f8af8533db131a7,16
10.1485615,-6.59702444,nightstand,fpModel,47c7faa8f3f007eb9f2ddcadda655ba017949eb9,16
0.93276006,-15.831749,nightstand,fpModel,48500af9bd528f8379165b2d2f16a24316e7f1cc,16
-5.25150871,-39.7167435,nightstand,fpModel,4ac5e435efc97b7e2ae23e51e6b043de2276c1df,16
-58.6815453,-3.93584371,nightstand,fpModel,4bd1e4ec215403d3239f09517e44568f78da3b40,16
-5.54654741,-39.942955,nightstand,fpModel,4cf74bc7112b601fe700469637710b150f539a5b,16
2.0495975,-16.2123508,nightstand,fpModel,533480caf51888cd4bbdaee89a65c1aeeb8d804d,16
8.7466383,-8.87277794,nightstand,fpModel,53e9a710ba3a592ddf55b3cd2b055003614c4b1c,16
-57.764267,21.7936783,nightstand,fpModel,556f46d2f7a68af885c2d065e503be422f9a0514,16
12.0383663,4.16746998,nightstand,fpModel,56f36105d7bf84f7f796bd6272391e16a2e11c5c,16
-54.39011,-2.24898863,nightstand,fpModel,598e90ea5cc487435ec97888b91d239be0abb91f,16
-49.6518478,16.7437916,nightstand,fpModel,5f7fe56c41db43b1673d70acd0079e9a7ad9c3eb,16
-51.9638405,-2.13424373,nightstand,fpModel,61f1a1e2f7bb45edc46968d3d555a2060c33da84,16
-5.78284597,-30.0094528,nightstand,fpModel,620fe798324b52569ea8cc0101a35a7b2464a405,16
-51.7447319,-10.5935822,nightstand,fpModel,63c2ea5b388948f5c2625defb37dfd03f9dcecf5,16
7.65522718,4.12337637,nightstand,fpModel,64baca090d527addb7cfa63a881612509fddb178,16
9.16634178,-9.17895317,nightstand,fpModel,65f7bee43fcb222850db45ae67e997889c559edb,16
-56.0491447,-4.6000433,nightstand,fpModel,6646f46744931673631d1680de5fa0a334f174c9,16
-10.8275452,-29.5559216,nightstand,fpModel,66842cbebd452355f633c318116aeb4ab0258c8e,16
-39.2559853,3.94833326,nightstand,fpModel,675b6f2c9df66234ba50b68814ba0513da4fd0d7,16
-47.845047,-13.402277,nightstand,fpModel,678fb510b3c435ee023930904083278c3c67670f,16
-8.45937729,-18.8395557,nightstand,fpModel,67e11a52b2e73c099d55405f65f05f7b5141f6da,16
-20.9617596,-29.6527252,nightstand,fpModel,6806bec5437b9907f85780174ad6b8db96650ab1,16
-44.0644531,13.7110357,nightstand,fpModel,68caf241969b03395f50ef353b191336a1e72fb9,16
-47.8427162,12.0813103,nightstand,fpModel,6a93e49c0231ccbdd29d3050e5e1e8053081b7d0,16
-47.4392166,-14.5088682,nightstand,fpModel,6c80f089f60961936c04cbc4ef61d2563eb40062,16
-52.4607315,-5.83446932,nightstand,fpModel,6d14e5d8e9e4a77f19b7743a5ad16d44f53e673c,16
-51.4964256,-0.593832135,nightstand,fpModel,6eff75ec23c4c9c1f83c636bf6d6ea6993d7adde,16
-42.464325,9.91130447,nightstand,fpModel,6f259794d01a14a54e2eb65e30a661f053abe729,16
5.64687538,-4.42557812,nightstand,fpModel,725c5e0c013448a939b748491fe3262b0fb3185e,16
-7.00366354,-18.7344151,nightstand,fpModel,74c48e1d686c342798a9277975731d178194b288,16
-52.2131844,8.7141819,nightstand,fpModel,757c3b2e6018679a04ef04fc6f21b6434c379ebd,16
5.16268635,-9.95667362,nightstand,fpModel,761f0c299a2f5a134f78ba175a0fd1e372a86dc8,16
-52.6313934,1.55826414,nightstand,fpModel,79782167a95f8c45fe73ebe98f4e43264cc4e887,16
-15.1470299,-21.8927135,nightstand,fpModel,7a3152d4a996cb228993a71cc0ef6931582011fe,16
-5.88292885,-41.0561981,nightstand,fpModel,7cc4261ecb65b58c7dd1e2bc2fed9dd3653ac0f3,16
-32.0043678,11.6675558,nightstand,fpModel,7dd55651012d3cec11a14ef934ef669c71413d3d,16
-10.854496,-29.5402126,nightstand,fpModel,7f52743a06cba973a973a13dae47a572dfa0aadf,16
27.330225,16.500124,nightstand,fpModel,80cc694002271fe18b4cb2726af4bab6eaf4ad14,16
-11.3877802,-29.6462536,nightstand,fpModel,826f161322f99bac553b0d73843917c7fe677df2,16
-56.1347923,-5.58423901,nightstand,fpModel,83fdaf0b2aea065f371498612b61f12679f1d82b,16
-11.1198187,-28.5897827,nightstand,fpModel,84815c44d0b7569cd2c023b75d6f11d21bdb7505,16
-46.6331863,9.78641033,nightstand,fpModel,8ad3eae836fed059c1b6979c96903573bf37e1e2,16
-50.5896378,-13.3876085,nightstand,fpModel,8ae8c09d6a2293f578abe129f16114d6b877fc11,16
-54.2529488,-7.81014776,nightstand,fpModel,8be12bde64c1540adeb4237219dff8a004c442ff,16
-56.2133713,-5.21401405,nightstand,fpModel,8f20e048ed6d9a806ecea50c716a4a8847eb302d,16
-55.3740349,-2.97770381,nightstand,fpModel,9316ccc1c31fea6507c2ccabb484bf999c576daa,16
-56.6436844,-5.29237223,nightstand,fpModel,93e258bf137542e809e461c612dc358bcfc7df76,16
-7.27372932,-40.3577766,nightstand,fpModel,965366f3b0f54c504b434fa829ceaec397a6f553,16
-10.8415689,-30.0212002,nightstand,fpModel,96f84bdd96caa3cb6dcc17cc384aa2b1e64b3a85,16
-43.3572235,-11.8683863,nightstand,fpModel,997fbea849da8787d3831c83d614ca2570479c04,16
-54.4712257,-7.15029287,nightstand,fpModel,9f89ceca7ee5515295eeb0974b7ea7ba853c350b,16
-5.99127769,-19.2239704,nightstand,fpModel,a46ed979bc467c63532515b763cb72495931c8a3,16
-53.3983192,-7.08787298,nightstand,fpModel,a4990cf91bd66fe1fda09a1d5df0d6131180939c,16
-57.1745415,-6.01621675,nightstand,fpModel,a4fe17ac1cceb3d8c6cf020b14522c345f526d8a,16
-51.8497543,-8.23716736,nightstand,fpModel,a632498169966d7fb799ac049da4ac322248012e,16
-48.7312851,-14.1272402,nightstand,fpModel,a76b8acbfe647143f0666526ae649fb8099c5c7a,16
-47.3020859,8.39410305,nightstand,fpModel,a7d193c74421cdb99350f3714bfc708bcadffd07,16
1.20993197,-16.9244289,nightstand,fpModel,a99726b1fb773a189df763d7588d4c5a34726f35,16
-54.4267654,-0.767371416,nightstand,fpModel,ae09ba6c03141b495edc4ad1d07ba5fc00b78c4d,16
-53.5622978,-2.45488977,nightstand,fpModel,af3a929bc505b1f6592c4f0dad73cdab191fb20c,16
0.711873055,-16.9474564,nightstand,fpModel,b5b29465833cd37f1b2c33b6853787e0cb72ff3c,16
0.484306097,-16.483757,nightstand,fpModel,b759f0cf80e62d9701b18edb6791d2172cf11c36,16
-56.8147202,-6.00173712,nightstand,fpModel,b8bdd9cbc1ca695a206583afdc26f1a4c3987303,16
7.51557827,4.16422367,nightstand,fpModel,b9acee2dff54f19f51dd086dffb1db280cbc6b25,16
-56.3226509,-2.83881736,nightstand,fpModel,be354ca7f1b4e4ff79b3bf0097152a73605881b2,16
-50.0713501,-0.216739848,nightstand,fpModel,bfd8c5a51d30f073bfa7daa2e4c5c10914103ed6,16
-20.9768276,-29.4777603,nightstand,fpModel,c20a0e84afd93a3008f0df44bb00a7fc65913557,16
5.47172165,6.66802263,nightstand,fpModel,c3c743ba30c2c5488903064178e52a7b61297dc0,16
-52.1291313,-5.95303106,nightstand,fpModel,ca2e3f978e57f15629649965fe52e0ea962998cf,16
0.953888118,-14.1919575,nightstand,fpModel,cacca75ff25d59f01deba6bac2d55bb28b9651ea,16
-57.5699844,-3.23990917,nightstand,fpModel,cb73b8d7a7eba06c5070a71263b39705724e9f7b,16
-51.7954597,-1.24967074,nightstand,fpModel,ced8302d0499c4e88074123d385c00cb7074f2a0,16
7.51622581,-3.57023859,nightstand,fpModel,d06c4e7cdfc08578e0d7f16725f4453c93a401ce,16
7.61151075,-5.08648205,nightstand,fpModel,d15217ebbc7c951edfdc9da15dfa5fb5d9ebc12a,16
-53.3156166,-8.89755154,nightstand,fpModel,d161f89dbda03dc3ff807fd144e448fa6bbc32ca,16
-51.6378441,-10.4668093,nightstand,fpModel,d19eba5ce4f2e7ca6c3166312c236f1297fa2590,16
-39.8084679,12.3638906,nightstand,fpModel,d2d6e99d58f28f41b8c1208013009ae3c02f8a3f,16
-46.9654999,10.7708855,nightstand,fpModel,d46c006fe0b98a335dd2097088af74817824cf3c,16
-53.1099319,-9.92863369,nightstand,fpModel,d46fe2e22344617cbd13f93c50a30a761a27779a,16
-55.7829399,-3.45931506,nightstand,fpModel,d61b10008e1a0fa9af639836eaf9b6e63be86609,16
-6.90460587,-39.0849419,nightstand,fpModel,d7b8594541014144aca68b4bf28d747263b549e4,16
-12.4346123,-26.8206196,nightstand,fpModel,d97c7ae5ab600872266f89c8a5b375ce72ecf3f9,16
-54.7399826,9.13880157,nightstand,fpModel,dab955e709dda5c446bfba2e7a8e4b2107185fd9,16
-50.4870949,-1.48176634,nightstand,fpModel,defe405f45ef55bfc876b2d25b30762478d9a819,16
-52.7486191,-2.18536258,nightstand,fpModel,df43875279fa8ba60adf1cfec4e5fbc7f353525e,16
-39.6817703,12.2750072,nightstand,fpModel,df7b1008225b105b1cf4e67004b5a00e23cc35b8,16
-44.3283501,14.1080656,nightstand,fpModel,df913b62fdd7ff50ba22210b3dd697861dd91a89,16
-4.51708078,-16.8563938,nightstand,fpModel,e0d5b8aea675e79541af41ec6cbd4e132d82cd37,16
0.191456527,-15.1208,nightstand,fpModel,e2fc4ce7367b1e8b5a36f3b4fe67b76eef514b82,16
-4.56226349,-18.0752945,nightstand,fpModel,e38e343fc8704345c2994f67cfbd587f26160367,16
0.70235616,24.2372303,nightstand,fpModel,e5a69ee43da8cb7812bb642595695b98f8165e87,16
-4.35306883,-38.4660721,nightstand,fpModel,e7f247969ee88cc3aba4d0534849ff00749701a0,16
2.03993249,-16.194828,nightstand,fpModel,e81684f7e86116a81839f19a68c4b7e7b50d18ac,16
8.36622906,0.475641668,nightstand,fpModel,eaf49472219845b70e3354e80d499319ae5cdd0e,16
-51.545372,-6.53293705,nightstand,fpModel,eb72d804784efd835c405bd700246f9e4a35b3eb,16
-21.5120239,-30.2941437,nightstand,fpModel,ecbd9f5366385b14a468ae59696a516013286808,16
5.53641462,-11.2634516,nightstand,fpModel,f0c1f2fc880187d25f9c334ebd100bb63400b140,16
-56.4777679,-9.19931221,nightstand,fpModel,f1472cfab8e5e70a0112813a8379743200bf5347,16
8.91264439,-9.04246235,nightstand,fpModel,f379c11757a750c4d77389c528bedbe9b2a6b542,16
-48.1853943,-3.12287617,nightstand,fpModel,f4ed43c5629af451d478a0b5e12b99f56a4915f7,16
-56.6268959,-2.57059431,nightstand,fpModel,f8c3bcfb71e73f96ad040bd10b75e3e03d2045dd,16
-2.75958633,-30.7407341,nightstand,fpModel,f992228eecd4fcee74d0ca66130701538ef6cc51,16
-2.68342686,-31.7166462,nightstand,fpModel,fbd0daa5fe42f6d882143f8d4010ea59c6b822f6,16
-22.924181,-28.2238197,nightstand,fpModel,fc0ff877237969033d32f3ce1012b4221011e2c2,16
7.7808032,-1.96926343,nightstand,fpModel,fc3183e8a0e448595f89cfd19f59205c6d22cb3c,16
-7.99033451,-37.5868187,nightstand,fpModel,xxxx30d28b68x4d7ex4815xa804x4c6279d5f156,16
-21.0419788,10.9812965,nightstand,fpModel,xxxx54c93c4fxabe2x463exafd8xcae01106dc7d,16
8.74455166,-2.60093617,nightstand,fpModel,xxxx562932e4x443cx47f7xaf2dxe60cabe20c9e,16
-7.67395592,-39.7295341,nightstand,objaverse,112f2566932d43a689457c3e5e52b1ed,16
-48.1411438,-2.76175928,nightstand,objaverse,147801240ff74f2fb7025be8a8e002d7,16
-19.8177605,-29.3951836,nightstand,objaverse,2daea83695b84240ad62ca80f83ce3f1,16
-5.67981625,-31.60075,nightstand,objaverse,3553dea24fe44ac5a7f056842ca78d0f,16
-51.6681747,13.4778118,nightstand,objaverse,49b3dc9637694c46af9d11942b12d82d,16
-47.5565453,12.7314577,nightstand,objaverse,5f2556c873944bc6a529d3ec5a4463ce,16
-48.1481476,-2.4060216,nightstand,objaverse,65bf302726be4dbdb31fc9394cd83746,16
-48.2794151,13.607111,nightstand,objaverse,6f828844eea04f418f3a66e889b935c6,16
-15.1565561,-25.3173943,nightstand,objaverse,74a74fc56dd04fc5b6a6f573b29a044e,16
-52.1106224,3.19637489,nightstand,objaverse,77937c5a12a54ab7b8dc85b9e14f8822,16
-40.5168686,11.8038788,nightstand,objaverse,889d490a0fcb49ad9e9200ef8e370ab5,16
-54.8923798,1.63979077,nightstand,objaverse,8b2bf1982c3044d484724104ec5c1cb8,16
-16.6503563,-22.9671383,nightstand,objaverse,915fffa0a7d943d0980c835784340c77,16
-51.864502,11.2263899,nightstand,objaverse,99179a129bb64290a33e2109ffe81fd5,16
-55.7887115,-6.43332672,nightstand,objaverse,a63d5b273ed74801830522f4b4c9fb81,16
-5.39113712,-39.0737762,nightstand,objaverse,aa116a00aee844cfb02f3f9e8c9fab43,16
-52.389122,4.51153898,nightstand,objaverse,af1bba8826494a18a38f36605cb54089,16
-22.6122704,-28.3867798,nightstand,objaverse,cf3e112a4441414db938f3020ec8514f,16
-52.0591927,17.020298,nightstand,objaverse,d665fdf3bb10430f941852d1d5100ea4,16
8.42275238,7.28109598,nightstand,objaverse,daebd78563c74b5ab969b22cdb272ab9,16
-14.2780075,-24.3749409,nightstand,objaverse,dd0c39a2f48e464bb2a64d3063b7a5b0,16
-12.4751387,-25.8582554,nightstand,objaverse,e2e67f820b644e1b86363af4629444e5,16
-14.3835335,-26.6465988,nightstand,objaverse,f0907ae12be04ae0935ce3be64faf62f,16
-58.8135948,-3.61937952,nightstand,objaverse,f8698f7031a14327a63b245326deecfe,16
-15.7740993,-21.9493275,nightstand,objaverse,f9047560c89e4228ab579cb3f22a6849,16
-10.9862862,-23.8886909,nightstand,objaverse_xl,033ae325f35e6332508536a7b4f2546cc37a2280b95ca65c858fe865fca8503b,16
7.54495573,1.96289384,nightstand,objaverse_xl,19721c23f9b01bd7262057b6b31be212e2f83512e8787dda3ad12de257d78531,16
-47.3059845,14.7911806,nightstand,objaverse_xl,1b2a76aa02f158fe2f750747bff5a3384118967388f70133455e3c106f15fb8c,16
-46.9720764,12.7588272,nightstand,objaverse_xl,1e9e437c6aaeb38ff800973a2aabc75b4e4d616d6e25d33795f8746793dd9704,16
11.0346413,-6.16812468,nightstand,objaverse_xl,1f88e0f8fb4b0e9be89fc3307798ce452bdc0490d87b672e6c1efabf17e3a7dc,16
-48.0977898,-13.7788134,nightstand,objaverse_xl,304bd322250ca5d53139eae3f4fd8cf544217ae3373a6e01fc1e4b7a800f6df3,16
-48.6181374,-1.97395968,nightstand,objaverse_xl,393a5056278a372fdf7ae648a903ee9c0136ab4af545eafb62397dfdefd8f290,16
-11.9775953,-24.0223331,nightstand,objaverse_xl,3ac474cedac613744841735ff7ff57d79bc2732efd086442d22eb6e262a7a99f,16
-7.64968252,-39.9004555,nightstand,objaverse_xl,42c59ada46845ea8d80122c81d91fce87abfb1efc59f0a0cca04b2b4bc2632fb,16
-19.2565517,-28.6466198,nightstand,objaverse_xl,4595a533ae00e31f45e30c13e467cc9d0d565f07b15f8c0f58ab7fcda313c612,16
-51.6476784,13.5186682,nightstand,objaverse_xl,5d1279e20d8f65d7bbf7bb4b6a94361951a320d329bf319feb42be7bd7c3ab74,16
6.16267061,-0.644863844,nightstand,objaverse_xl,71fa4401d4d4fc5e21f4299eac453cbd7285a14c7937569a907822191114dbf8,16
-11.163331,-27.5439701,nightstand,objaverse_xl,87707d29b01fe1dc92caaa4c920a1b77db179576d9b47cc6589d01320b0b5312,16
1.05097091,-18.6065102,nightstand,objaverse_xl,97ff66f129956abf2f5f4677d0b0a61ec42c53616131f3b3ce3041d4a3a50adc,16
-47.6457825,15.1487093,nightstand,objaverse_xl,9d31823b35a695f6493f220c27784992b94cb3f51207e408b0b580dc9a47f92f,16
-4.7518158,-33.2431755,nightstand,objaverse_xl,a607069c30b0783cbee297582e55265cac398e8a19c9e0ed638535508908ddd6,16
-10.4695263,-23.3801231,nightstand,objaverse_xl,ac80945d0dbbd057b60dd77fe24a684d73bfb0ae58b39f2cd13959be36960d56,16
-3.6149087,-32.8179665,nightstand,objaverse_xl,ad825db103d545dd53cd82ebcd903294be551dc1810ed6a1629cc0ab8231206f,16
-54.286602,-6.82288599,nightstand,objaverse_xl,af809f0b9b1863dc6727baf1d09494c98e22d8d25d343b9f455ac0d05ad0e0a7,16
5.25882959,3.3622458,nightstand,objaverse_xl,b108011b145d74505d8b2912791d63d3fb584779aa83b7e05760545495a29dca,16
-11.6224966,-29.8737144,nightstand,objaverse_xl,c167fc3bbe003fe0517314091740b4d3d96624981ce57d075ef49065e4c6bc28,16
3.36422992,-7.11998272,nightstand,objaverse_xl,c4c24e934b01f2634b935b3aad02d304c9dcb9fa8670f3cf282977e30f035577,16
-41.7174911,12.8464403,nightstand,objaverse_xl,ccf54fa5da3bd93205ba607a2537aadc8bfaeab22e351c9344bd02da7dac42fa,16
-11.1370678,-25.2429161,nightstand,objaverse_xl,cd06ca79fea1c84f957901315812645f167fbab7c6c90c89e2f94cd005dbb74c,16
-55.596653,2.06149077,nightstand,objaverse_xl,d31caaebb18e7a0581f794996069afce2251a0da91a474262c7907ae2ec68c57,16
-49.0265541,10.727643,nightstand,objaverse_xl,e2c6875dceee75d1c3151bf350d480ad36d61f09d1369fe8e970a774e76ef2c8,16
-46.2446365,-0.624111533,nightstand,objaverse_xl,fc7b92e101e8c8d32ea1b01f7f1590b94a8840306ce5c9feabca64a4dbffb135,16
-6.39022303,-28.6935673,nightstand,texverse,003b0a9ebaf348b6b67b3ed514e38f31_1024,16
-46.0041771,13.0080156,nightstand,texverse,0ed64ef053334119b47e9e765480233d_1024,16
-13.9824324,-26.5813026,nightstand,texverse,1d431bb533a9453384b89d43016958f0_1024,16
-31.8774433,12.5582809,nightstand,texverse,1eb8db34fe9548a5bfec8de1046ee80a_1024,16
-53.3037758,10.8886356,nightstand,texverse,25aa67bff55d4e38a03062a955fe86aa_1024,16
-52.1219139,7.82092333,nightstand,texverse,295953517b3d41b7b2ffe1ea5dcbf6d6_1024,16
-47.2492523,11.2291355,nightstand,texverse,362cd528b14f45a4a9b914003ac56035_1024,16
-47.3404808,15.7428198,nightstand,texverse,368d0cabb5ef4b5dad572505395260ab_1024,16
-55.0611382,-9.22424507,nightstand,texverse,3ad7072f4d31482bb5fc0cf712ece3b9_1024,16
-4.93013382,-33.1919403,nightstand,texverse,40b904ad8ca54f0a8b0e4ecdd6d2c784_1024,16
-46.9399071,10.3055134,nightstand,texverse,415990b9b8d7434099682efbc9993132_1024,16
-57.6869087,-1.5697844,nightstand,texverse,44f1987d76fc4c2992ef8697258d2445_1024,16
-51.8334885,11.0058975,nightstand,texverse,525b88ce9da64edaa91248b5bff2e611_1024,16
-13.4381857,-27.3830776,nightstand,texverse,5aaba166d50544bb8ad111cdd7c0fa33_1024,16
-48.85112,-2.57591414,nightstand,texverse,6ca1a8ca66c34b77a4bc8602115d0004_1024,16
-55.3804359,-7.77532053,nightstand,texverse,73d00e14bef6443c8bb9b4de7f3f9614_1024,16
-52.3910675,4.49802494,nightstand,texverse,845816d6493147fab7a884d74c22c69b_1024,16
-52.3726006,4.42391539,nightstand,texverse,8537f76e9cf2483094bc0b004c8a4462_1024,16
-4.03828192,-28.2612152,nightstand,texverse,881b1de8060c4cb581222b67406d31e7_1024,16
-52.2860489,10.8016367,nightstand,texverse,8cfafaafdb804569be24b4e8eb54721b_1024,16
-48.550705,15.9982738,nightstand,texverse,8dccfc480ac64a13b53976a43bc4893a_1024,16
-53.1975632,10.3845024,nightstand,texverse,93179ed3bd2542168306d8a5a5e2caa9_1024,16
-48.8921661,12.0337124,nightstand,texverse,a0cd37a98ff74f1eb1b12bce0b7da868_1024,16
-17.7753887,-26.7234631,nightstand,texverse,a6c0cd6498964031a27bceb4b85731df_1024,16
-52.3566628,10.7550888,nightstand,texverse,a9bf649698e3445f8e1b66dfcc20da4d_1024,16
-45.2277527,11.4547768,nightstand,texverse,b25de0eb97c64a00a538f09fc7072f67_1024,16
-1.02824271,-18.290596,nightstand,texverse,b508e70e93ee45518f34f247bc422f53_1024,16
-51.9400826,11.2235184,nightstand,texverse,c55ad9d105a84cc49e5a496190cef311_1024,16
-51.8200073,12.6294737,nightstand,texverse,c9e245d0c5cb4b45b03de8868b6f90c4_1024,16
-42.2027588,12.517642,nightstand,texverse,cb5896d029a740e99746308071a5c593_1024,16
-16.2171021,-28.0259857,nightstand,texverse,d27e20298b4842299c35c215d97df82f_1024,16
-8.50580406,-36.0051804,nightstand,texverse,d2899c19ef704d4f80d73bf11485b91b_1024,16
-14.4433832,-24.3169594,nightstand,texverse,d2f477bff10e437f803d4c8258cf0c74_1024,16
-16.0149174,-27.6653461,nightstand,texverse,dda2ffa5f5c54eb68f6adfdb59832b54_1024,16
-12.4567261,-25.9367447,nightstand,texverse,dee2476069404a79a059ebf9d7fb5a72_1024,16
-48.5172234,0.1031745,nightstand,texverse,dfb54ae170e04a55b09c66e37ce382eb_1024,16
-52.283268,-2.26873684,nightstand,texverse,e0ed2e23e00848c589994ffa2c5ebe7d_1024,16
-49.8120041,12.3425827,nightstand,texverse,e72a40a1adde489b9e0149f94eb7d967_1024,16
-51.820797,-9.91477776,nightstand,texverse,e93ac78171c342f7b2424c6181ba4605_1024,16
-15.9105701,-22.2599621,nightstand,texverse,e9e608611f18424dba8c0d2bfc236f94_1024,16
-52.1262665,10.8665562,nightstand,texverse,f5c36a541dd34179851e99685440662a_1024,16
7.75872755,0.202868909,nightstand,texverse,f9be876841b14d15ab9e6de684e6016b_1024,16
-51.5920334,11.8159866,nightstand,texverse,fce69ef692fa45d88a45d30ce523989f_1024,16
-48.4553261,15.3699684,nightstand,wss,1ed01a4f2f9c65fe2cd653bc7e537294,16
-18.562809,-28.5725403,nightstand,wss,24757c70e0d17ff7c84401851c241507,16
-56.0578041,-8.9208889,nightstand,wss,2cf483d86f70b4aaf1783a44a88d6274,16
-1.37017953,-18.0304298,nightstand,wss,3a6015cf4f37e64de3f7a74e12a274ef,16
9.27611065,-6.68676233,nightstand,wss,608eced0e1e598a05f8258dc9a924d03,16
-9.57462215,-22.7145348,nightstand,wss,86905b35aca5a3f11f8d8332ee17945a,16
-51.3292732,6.69623995,nightstand,wss,c7e89ae2db15c0f71360172b4b6205b1,16
-10.4083519,-29.3178482,nightstand,wss,ce0fbba2103410b558da7c6c46faaca7,16
0.892847776,29.4375,oven,3dw,00d72d58-9a7e-4ba9-8b2e-a50a1dcc5b9d,16
0.189406693,25.2791004,oven,3dw,1070a423f9e537febae776dfcaddabd0,16
-0.0045617586,35.3717613,oven,3dw,10a765d116a715e114b35a7d7cea7130,16
6.32269907,27.4719276,oven,3dw,114816c329008acd575f4e5007488531,16
1.02077162,39.7321777,oven,3dw,15e020e34e3d2bba60ddc468fe733ed1,16
-1.39180827,31.444767,oven,3dw,18b6737c4eb0dbf7df3a1b0d597ce76e,16
0.773101866,36.5830612,oven,3dw,1d30230d7e16649d8fd26db49105bfae,16
-9.26519203,39.8774147,oven,3dw,1db104eb9d59a10fb3fdb1a7c9a60207,16
-0.854851961,29.4287815,oven,3dw,21a7ecf58f3847734a44340bf227e40,16
11.7102652,18.8529797,oven,3dw,231fa9b52f677789941e769880462e7,16
-1.8864305,30.9297523,oven,3dw,28560f99bac6d07e8fd26db49105bfae,16
1.81772554,23.0179539,oven,3dw,2c97ae1bd703b476c7c8ce3bef5c2aa9,16
-2.3696816,29.2448921,oven,3dw,2fc2b60ec3c41b75387f1b534c2a912c,16
-2.32261825,30.2279186,oven,3dw,3335625de3a993526f893b5bc716a3fa,16
12.8063269,13.6630821,oven,3dw,35d0629d-e0d1-4a63-93b0-4225775fb8a6,16
-0.606374204,35.6322823,oven,3dw,3cd43ad15d4e8fa914b35a7d7cea7130,16
-1.1056236,29.6056175,oven,3dw,4015b30c669c927c4a44340bf227e40,16
-4.10141039,33.5495949,oven,3dw,426f7c4c260eabeaffc6e457221b9271,16
-2.57324934,34.2994232,oven,3dw,43bdf661c2e2cbcd14b35a7d7cea7130,16
-9.27989388,40.0370102,oven,3dw,452e4158f5043e0c55d3b112eda1800,16
-2.19792032,29.224987,oven,3dw,48a8b1ebff3ea0cd9941e769880462e7,16
-2.5883441,34.2761803,oven,3dw,495fc53ef2e3562d14b35a7d7cea7130,16
-8.05491447,2.32951689,oven,3dw,4c8e10a319b2e7115e585de41f56d4fd,16
-0.735014319,26.0259647,oven,3dw,4d7270b974a2576138fa77ae96ecdba8,16
-10.0163565,39.8834152,oven,3dw,5343c8fdac65f73185bc874ac6d659a9,16
-2.52957439,33.253685,oven,3dw,57a62a952f6988d6d9cf548f5e22819b,16
-2.24138451,28.8166771,oven,3dw,60814df897e72707575f4e5007488531,16
-1.13425887,29.6293259,oven,3dw,609064ad4156b5534a44340bf227e40,16
1.11086464,35.2356796,oven,3dw,63ddaa0a844eefc6df3a1b0d597ce76e,16
-10.2951202,40.3233147,oven,3dw,641b33a45bc0dd26508bf11d62629cbb,16
2.71724463,37.7649727,oven,3dw,6a825c4bdb3348fae5bf1ab8e7d0b,16
11.8257542,18.5030766,oven,3dw,6b00a525cd4383379941e769880462e7,16
-1.7402035,30.0963268,oven,3dw,6d89f2a3f784320e798af4a97e722735,16
2.2077992,37.1178589,oven,3dw,6f86bff990b3fb84df3a1b0d597ce76e,16
-1.77167833,30.9346371,oven,3dw,702bd0ebf17f3a40df3a1b0d597ce76e,16
-9.48161507,40.3160133,oven,3dw,733e32678188103dc55d3b112eda1800,16
-0.35056594,29.9775715,oven,3dw,770de6970f705c824a44340bf227e40,16
4.23337173,27.950758,oven,3dw,7c5a81851d95b51b6f893b5bc716a3fa,16
-0.266020477,35.2309723,oven,3dw,8ba603ec1afc45b4ffc6e457221b9271,16
-9.28301048,41.6216431,oven,3dw,8c482218c11cac2256660d16b97f15cc,16
-9.05212593,40.2299576,oven,3dw,8f7df335eafa4d8bedfe2b53f63d7a7c,16
1.17716551,40.1803551,oven,3dw,954aa9d0cdf8c320be92f74d81ff60bf,16
2.73309946,37.7728844,oven,3dw,97ee66e2ccf45fb8e5bf1ab8e7d0b,16
4.4851799,27.9219704,oven,3dw,980fde0b3af0ada14a44340bf227e40,16
-2.77706051,34.15979,oven,3dw,9f0e9bdde66bd81114b35a7d7cea7130,16
2.1715641,40.651638,oven,3dw,9fde0df9146d61f119bea36737d5c9cb,16
-0.914584577,29.4803371,oven,3dw,b3c3ed626ca500154a44340bf227e40,16
4.38869143,27.917057,oven,3dw,b4e5b289f0bccfd4a44340bf227e40,16
0.60549885,35.4615173,oven,3dw,b93fb6a2d1ae0c45df3a1b0d597ce76e,16
-3.24919486,33.6007614,oven,3dw,bd657898e586cfd6ffc6e457221b9271,16
2.68293476,41.110302,oven,3dw,c35d52ff-dc2f-414b-9580-bca205c51962,16
2.6867938,37.8365974,oven,3dw,c861406578cbdaf4178e7d331e641179,16
2.53987527,41.8878365,oven,3dw,ca4cfa63206f8fbbf2594233c5545918,16
-2.58189678,34.3265038,oven,3dw,cc5e6d075f69cfa614b35a7d7cea7130,16
1.06694496,39.9633217,oven,3dw,cc9f02f1beffcc514a44340bf227e40,16
-1.63453388,30.0867538,oven,3dw,cd53cd60ed00a170b7dc65d7950bd55b,16
1.78366268,23.0450611,oven,3dw,ce614ab974832981b46ca8753a54a1b,16
-4.02955103,33.5147781,oven,3dw,d2d0a2e47dc3ba1dffc6e457221b9271,16
0.874166667,39.3727303,oven,3dw,d5682a30-6847-4541-b3c0-ab8c8cbff842,16
0.0530241802,35.4858017,oven,3dw,d6caebfbfa0add4114b35a7d7cea7130,16
0.0682053939,35.4796791,oven,3dw,d81fb961e8d3ee6e14b35a7d7cea7130,16
-9.42773247,40.2058525,oven,3dw,dc7cdb5356a83a07e7ec4274d0a48ec,16
2.23562169,37.1318321,oven,3dw,dddd113b7641b4c21d25a6a55757584,16
2.6839838,41.9862251,oven,3dw,e50c123b80c6d1a5387f1b534c2a912c,16
-0.783912122,40.6170425,oven,3dw,e75831a6e575d7bb14520b2785148c54,16
-9.18176556,40.3467522,oven,3dw,eaa72fdd259ca7d0843f813f752a5e35,16
-1.35718095,31.5751705,oven,3dw,f2c3dbbdf22db27fdf3a1b0d597ce76e,16
-4.08391523,28.9137859,oven,3dw,fd1bab756156a13f7eaeab1f0c9120b7,16
-2.72885728,30.6511345,oven,3dw,u008c4636-60c7-44b7-b97d-26508b9d1d18,16
12.8975849,13.4619522,oven,3dw,u3a711d8a-526d-4179-bd7d-140bbeeffb22,16
13.1379051,13.2335415,oven,3dw,u47f6c525-2a86-4961-b4e2-4a4f2a1e6899,16
0.992057025,40.9148903,oven,3dw,u6df700a1-ad39-4e7d-80f3-702884d7fb9a,16
0.123963751,39.5341148,oven,fpModel,00b0d5e167ae6b42666de010025efad4506563f1,16
2.99837255,40.8011971,oven,fpModel,197a447eb68ba32ab44c50948b3af1e63048e174,16
-2.12180328,41.4479256,oven,fpModel,2155fdf43148aabbd9beb63943df5606fe0c5945,16
0.0284785591,39.5868568,oven,fpModel,31ce9e9df83a6deb8d40ab8bba2df1dfd874e36c,16
-0.00449820654,39.5605202,oven,fpModel,3ae355dbebacf0ccf273b4af46e0e640eeb4a87e,16
-1.68009758,40.9236832,oven,fpModel,4375bb2914be29819938e8d7c6d5e5661b296bc3,16
-1.78123879,40.9489632,oven,fpModel,51ed863b0c679695f7ce6f6843b5ce528ddc52d3,16
3.4890666,40.9491768,oven,fpModel,638ae5af59935b1bdda9d5543f56505b5f09660c,16
21.3654137,5.98908091,oven,fpModel,678f2105923530a1c11ca1b55b9984a329fb8547,16
-2.0142107,35.0243874,oven,fpModel,702d3ab650d34ee1dd236b0df5882573ec70c504,16
-1.46308768,40.3366776,oven,fpModel,7e0cb6031bb9e6ce31d41f165ec89a6e71b87e74,16
-1.60794866,40.883255,oven,fpModel,881b4930f7df83a2fe6d7278a67c81d4f1f727c3,16
-0.709901214,38.0804825,oven,fpModel,94c453a4e763bfec7077df9f80e78909244955f8,16
-2.06774783,41.4012947,oven,fpModel,983e239785b276c0a88add59742371176f441392,16
-0.82880348,38.6600075,oven,fpModel,a87ae8e3bd9b8c3c45d3330cbac583baa957c3bb,16
-0.102877058,38.5780525,oven,fpModel,c1ef6d7dc8b53ca1b3e96457ec62a5144074300f,16
2.88398743,40.8530045,oven,fpModel,c294ee4dd27985e94399a647c6431420ad3749d9,16
-1.88780534,41.1578102,oven,fpModel,d89842d5adcefd6d5118e33dab7647fa98b310d0,16
-2.04254436,41.3558044,oven,fpModel,db064ef059f7bb0af9f1036e7649e4835a9ff4f5,16
2.17534661,34.4536324,oven,fpModel,e0892a62c8264f4617eca2d914ef2ce6666a2408,16
-0.851641417,38.1929359,oven,fpModel,f493df0a3c6a78965d4a87cd38a4e5c5edccdd9c,16
-0.590532839,38.4424553,oven,fpModel,f8bff67d469223c8e8bf44553834bd5482a96ecc,16
40.4706802,20.2010841,oven,wss,1ed7ce06af99b35e89374beb80161657,16
4.20708466,27.8935871,oven,wss,3a78c8e5c361ff554a44340bf227e40,16
2.58313298,41.8655357,oven,wss,3c7cb5ba87684ffaf5f4f288fb912362,16
-1.62054491,29.8719349,oven,wss,5bff970bb47e6e53bf37a318b55c6a3c,16
34.6019707,-24.2991371,pedal_bin,fpModel,011089758bc34f947c4862a8e800c51ec221a2b6,16
38.5027847,-22.3897076,pedal_bin,fpModel,0f91e09e7aaa94072daa3be9f4f09b9d60f600b8,16
37.0450554,-26.089386,pedal_bin,fpModel,125a7161be9a40cf05fd48fca31bd42eba652fb4,16
36.3645821,-25.8587589,pedal_bin,fpModel,187e3f5029cc299eb960c47a38493fed66b3d127,16
15.7704659,32.8676224,pedal_bin,fpModel,26f2000adb4ef26cbed1971ef90777253e223aa2,16
34.6374969,-24.3476315,pedal_bin,fpModel,3a9c2d2f765a2399442f845b7da0ddaa61e82071,16
34.0774422,-24.7399597,pedal_bin,fpModel,3e9507c615c5aae1d450502350bac94997f77913,16
34.4169502,-24.4975166,pedal_bin,fpModel,409d1ffd1573b148df0ff084d888927bf36a7392,16
15.5491257,33.110096,pedal_bin,fpModel,4552d971acc237a0c1f568d7093740bef1592fd1,16
36.5487404,-26.2277279,pedal_bin,fpModel,4c76a3fc94e54d7b42035411b3648ebfc0a85756,16
34.895134,-23.570137,pedal_bin,fpModel,4efb32a00a08f03b8c7ef314332cdb6b6a1cbc8c,16
36.4753227,-26.6885319,pedal_bin,fpModel,68744e05acc15c9127eeb0dad854289babb1a809,16
20.8423386,2.81245422,pedal_bin,fpModel,69102ca2e755ff09f60e4148246b7acdfd19cd74,16
36.244976,-25.9229565,pedal_bin,fpModel,746f07339289c4ee5b15851ba30ad914c55983ff,16
34.07724,-24.7949505,pedal_bin,fpModel,809a0686f3e27db6b40bd48d504d3753c8988759,16
36.7911606,-26.3902302,pedal_bin,fpModel,8afdf38fba5cf0157a1ed6d4b977829aabfc0777,16
35.1100731,-24.7821445,pedal_bin,fpModel,a8eaa27dc44ec7346c9a32f1ad6773d7a80abc83,16
34.2901878,-25.3493176,pedal_bin,fpModel,bbbcd0ef30d81ac59e5998dd28e1904504caa7be,16
36.464592,-26.5846863,pedal_bin,fpModel,caf1a5e788a8914448778e7af00410128af46a84,16
34.3782616,-24.4195881,pedal_bin,fpModel,d010092a5e88353c1467adc8c9123d23485290b9,16
34.7964211,-24.4334145,pedal_bin,fpModel,d392ddc9ff79100b8b64cc3d577db758a5e83b03,16
34.0396652,-24.8268356,pedal_bin,fpModel,d753dfd9c564b83ca2f2d1e9206629997c6b0405,16
36.0829811,-25.5639362,pedal_bin,fpModel,e52cdde15b765abe471b24f2c4077bae64797397,16
36.296917,-26.3111553,pedal_bin,objaverse,d4bed4900def46e7b2f098b0a9ec6209,16
36.5920906,-24.8940182,pedal_bin,objaverse_xl,5d953105b6a65d94b3f875f0a65351582f2d4f38211775dcb3752c8b67e5aa39,16
36.7527809,-25.7373981,pedal_bin,objaverse_xl,ff1b9ec1b8d2469f774aa46a194950cc2f90516157c67244ec54dc08140a6d89,16
27.7253799,-6.0586462,piano,3dfModel,aea7eb00-4ca4-4544-94a6-9bcf3f94e6ac,16
-22.5576401,-16.0136757,piano,3dw,bba9c90254fb970b8dfaa3491bc0f718,16
0.175660029,-24.886282,piano,fpModel,97e2497662dccaa2d8bb3445ea20cd9ebd8368a3,16
-22.6025581,-16.1824055,piano,fpModel,b37b0eb5d85c2b2639233e5ddf9f544a1079234c,16
-22.384613,-16.3335323,piano,fpModel,cb143444f831ecf796490c5c9572cdfec841d7dd,16
-22.2833595,-16.3445435,piano,fpModel,cd5dbde963194db5714c6389bb045cbd9fc980cb,16
-17.1436958,-37.0781937,piano,fpModel,f51e066d210a34e439921cec1d7b52a339fc298c,16
33.1739082,19.9151115,picture_frame,3dc200,88_005,16
46.585659,-4.06192446,picture_frame,3dc200,88_00a,16
33.1051979,20.0520611,picture_frame,3dc200,88_013,16
46.4882126,-3.98050261,picture_frame,3dc200,88_018,16
34.4110031,-2.90084386,pliers,3dw,c1c44c7c-d036-496f-a0a5-fbb288cfa6d1,16
41.4493446,-43.3428154,pliers,3dw,ee3229daab48b2f3bfa59e044d401be9,16
20.3773785,-13.6661816,recliner_chair,fpModel,0a454a1d76e2218de55f472be0fa49c09c58b631,16
20.2415562,-13.6395884,recliner_chair,fpModel,309c6821d9181eaeb6b28071cfeaead05d732e0f,16
18.9215775,-14.0607634,recliner_chair,wss,3789c5b85f49b21ef7628281ecb18112,16
18.9414482,-14.345499,recliner_chair,wss,3fa2fccd96f3e5b5347185e772ead5bd,16
21.721283,-13.7109022,recliner_chair,wss,465cb28961d2680bbda72093f9b5aa73,16
18.5452671,-14.1472235,recliner_chair,wss,48e9dedf26baaad4ebeb8f91be624923,16
18.8980217,-14.3141508,recliner_chair,wss,4937b123afd4186f347185e772ead5bd,16
19.4664154,-12.9535093,recliner_chair,wss,67d9afec46e20fd279c4b4a860b67e81,16
18.7709713,-14.0683508,recliner_chair,wss,6f04104e178fb858f7628281ecb18112,16
18.8515263,-13.7854881,recliner_chair,wss,79be636f7f6b66724fde46457697d80,16
18.9094582,-13.9349146,recliner_chair,wss,c88eb06478809180f7628281ecb18112,16
19.3622437,-13.1065321,recliner_chair,wss,f2ada2e9c18ce61da1ed8510e8cd55e0,16
13.1854391,27.0946884,refrigerator,3dfModel,0f426053-91be-40e1-aa54-5cc68057fb71,16
13.0959406,27.782877,refrigerator,3dfModel,20f05042-7c4f-4f9f-a70a-3df33420fbe7,16
13.165062,28.1688366,refrigerator,3dfModel,3a7ffded-19bf-4da3-bbb4-29f52a728942,16
13.9686279,24.0042725,refrigerator,3dfModel,3ba66adb-cae8-491a-a5d0-d4a419022c8e,16
13.5314713,24.0286369,refrigerator,3dfModel,6096dd40-a1e7-4477-ae30-a23c06f9defd,16
13.0320721,26.0651722,refrigerator,3dfModel,6eb7e186-1e46-42a9-bff7-adb16b671c84,16
13.4823542,25.6655636,refrigerator,3dfModel,7ea93005-ff4f-49a9-b43f-db9326913f77,16
13.0417337,27.0478687,refrigerator,3dfModel,82c253d0-ff44-4e8f-b077-41813ef8a896,16
15.9375267,22.6708889,refrigerator,3dfModel,8b7ca9ed-fd8a-497f-a4af-9267c4739544,16
12.4602089,33.1235886,refrigerator,3dfModel,908e38ac-35ca-4aa2-ad9f-8402fc7ae8ed,16
13.9432888,25.4377766,refrigerator,3dfModel,93f48076-1801-4c47-bd0a-316556bcfab1,16
9.59542465,26.4264317,refrigerator,3dfModel,9f1020e0-b35b-402d-93ef-392ecfc2b022,16
10.0803823,24.2035084,refrigerator,3dfModel,9f738d3b-679c-409c-8f8b-d10528414e4a,16
16.0454006,22.6399746,refrigerator,3dfModel,a7988c13-dd3f-437a-a8c4-b514c6338ec2,16
10.9973507,25.9383774,refrigerator,3dfModel,b92089e7-0a34-44b7-9095-2c5ce6f77172,16
13.9781008,24.017952,refrigerator,3dfModel,eae12fdf-e880-459f-b438-f3e2740aeffc,16
12.8888445,25.8528519,refrigerator,3dfModel,eda429d5-f2ad-4a16-a24b-473541d0fd73,16
10.4068756,33.0847549,refrigerator,3dfModel,f0c9468b-4184-408a-bf62-615dd03ad6aa,16
13.3056488,28.4460373,refrigerator,3dfModel,f4bdfa33-2e30-4fa7-aee0-fd031870b514,16
7.4464817,30.3453064,refrigerator,3dw,013f7de4-0dff-4ac3-9b4e-06e4349b7ef9,16
1.94280481,29.0959835,refrigerator,3dw,22757dab0773e11958fa5fc72464f404,16
8.14760876,27.9997025,refrigerator,3dw,2537e62a6495a46bc47fc2b7741fa,16
10.1332836,29.6883202,refrigerator,3dw,26c2b2991b9e8d9e178e7d331e641179,16
10.871995,29.9589252,refrigerator,3dw,2bf32839f547ad7b178e7d331e641179,16
5.17087126,29.8594246,refrigerator,3dw,2d6ebc26c2443498f81b345222a93213,16
-8.47060013,44.7134743,refrigerator,3dw,2e327d5a-f193-4903-810f-d4c97e9aabac,16
10.7401485,31.139801,refrigerator,3dw,3a183f08-94ed-4811-85b9-622cb50dc773,16
12.7463264,24.4391956,refrigerator,3dw,407a2863f370172cfc350be62d126bad,16
9.40524673,29.3046989,refrigerator,3dw,51cdf1d74464016d178e7d331e641179,16
7.57082367,29.7091064,refrigerator,3dw,520559d520278e75df3a1b0d597ce76e,16
11.7426691,26.9868965,refrigerator,3dw,52bf6219c93cf9c892a07ea54dff4a2f,16
10.664855,28.0814362,refrigerator,3dw,5d2787f2-6224-4d8a-8c43-75d17669f3ea,16
8.47208786,30.3889771,refrigerator,3dw,65876faea98dde239f5bb5d06e0168c4,16
18.8359966,22.634943,refrigerator,3dw,6d5d0a65-277d-43f7-a450-90a5e99788c7,16
4.62455845,27.3376331,refrigerator,3dw,73e4ecf2f29c46b8f8a51dbffe0021e4,16
11.7259521,30.6046638,refrigerator,3dw,75a514866d9c84183e5ef7b1ee25a81b,16
3.66848373,30.9012318,refrigerator,3dw,7cb72610b34fb7a64a44340bf227e40,16
9.78559875,22.5578117,refrigerator,3dw,7e46ed6478b5c092a480742f4529182b,16
-8.78991222,44.4174118,refrigerator,3dw,8134d1380a0ab8eb9d9e0e4b5e60000a,16
2.14789033,29.3241043,refrigerator,3dw,8219783a6ceb3528ffc6e457221b9271,16
2.68513417,29.4098606,refrigerator,3dw,83a197511bbdcb574a44340bf227e40,16
9.48827171,27.400486,refrigerator,3dw,8819f95c811bfe4fdf3a1b0d597ce76e,16
-32.1580734,25.2610035,refrigerator,3dw,90df8b83e5911a1a5a1bada754e9e91,16
-8.76145649,44.3272896,refrigerator,3dw,93fbad933d12daea191c3762b497eca9,16
3.71322584,30.85923,refrigerator,3dw,973cf1906c9772d64a44340bf227e40,16
9.2214098,26.4231453,refrigerator,3dw,a104656a1b5c3c40e76893938dcc7ce9,16
-8.19568253,45.0023193,refrigerator,3dw,a548648bd720f620843f813f752a5e35,16
2.44169903,29.7038994,refrigerator,3dw,aa2a3fdf1df4778b18c6f74ea0d202aa,16
2.26325512,28.5916996,refrigerator,3dw,abcfe26264567157dfbfd295cbbe5ff2,16
10.5571899,27.3729877,refrigerator,3dw,b0bca0fe-0861-4cd6-a198-74aff23ae2f7,16
9.52964592,32.2788124,refrigerator,3dw,b375d1e72082068bffc6e457221b9271,16
7.18358278,28.0131855,refrigerator,3dw,b4a5b9bfb9dc3276387f1b534c2a912c,16
8.00458145,29.1331463,refrigerator,3dw,b6b302a5d6a17ac47223d6cbd6200e8f,16
10.7363462,31.7750797,refrigerator,3dw,b9bd89b93f6dbb6ce8bd5d29a87c397c,16
8.48915672,27.689085,refrigerator,3dw,bb074761f59427a99d52e90008905f3d,16
10.9714384,25.0479851,refrigerator,3dw,bca7b19b578b53692b5631520b7d94fe,16
9.2898798,29.0737,refrigerator,3dw,c6fe4e6da02fd04e5ae5d1ab7b98beb9,16
7.87423182,26.8037395,refrigerator,3dw,c813d5256ff83e1d2bac1bcdfc2402d2,16
7.04766655,27.114769,refrigerator,3dw,d4205f4a3ec87edbabd5e84b6ad9e49f,16
3.84909558,31.001749,refrigerator,3dw,e53a87d486aed0644fc9d44d6fa66ef,16
2.67498398,29.3965073,refrigerator,3dw,e6ce58bcd090de394a44340bf227e40,16
10.5913763,28.726284,refrigerator,3dw,ea6bcbc9ec4d0738dcddd0cba5e9fbec,16
-9.0989809,43.3389091,refrigerator,3dw,f00bf2170c958bc2506c648223cdabe9,16
9.55498981,29.1779308,refrigerator,3dw,ff50eda13af0297c4a44340bf227e40,16
14.0554523,29.1032028,refrigerator,fpModel,0bb1cdb98fbdfda5b41abaa39aa7f82321e58b72,16
14.8154669,33.5254326,refrigerator,fpModel,0c9ff2144462d68fcab6a79e7737b7307e1a32d5,16
18.2325344,21.9737816,refrigerator,fpModel,19b181ef136dd9cbbea4505899f9015c58dca260,16
17.6767521,21.7433949,refrigerator,fpModel,1c33bd447d70d4d22116c434d912f1fae78e02b7,16
19.1950836,21.4164791,refrigerator,fpModel,257b108daedcb3537c6066ed191f8550658a70c2,16
12.3533134,34.049263,refrigerator,fpModel,35230dedd6b3f035a602f7226fae2dcb61bf1e4a,16
11.524786,31.1941624,refrigerator,fpModel,35880f4a551d6b1790f8ded9b23498f1da88575b,16
14.7310524,33.5579681,refrigerator,fpModel,384f050b237868bfeb2fc3bc36075c252bb53e1c,16
13.1719894,33.8326035,refrigerator,fpModel,3a9f78af8ca7d45294c89244ce9fb37a386b6468,16
18.1715469,21.1378613,refrigerator,fpModel,404146070e071454f055cfe3be7811fcdcb7ddbd,16
11.8362875,23.5359554,refrigerator,fpModel,416c68a89eda39033eb729fa72f7058802555a9e,16
19.3558369,21.6059818,refrigerator,fpModel,45260b2b621ba5473292bcfe8995535b336b4244,16
14.7309361,33.5579987,refrigerator,fpModel,5339c416ac907c7cb049eb153855816a9fa57ccf,16
14.018115,29.327528,refrigerator,fpModel,551e75fdb2fce34b3f52933e44fb22d24168a63a,16
18.1179161,21.7074242,refrigerator,fpModel,5954c670b64d2ac9a6dcb73295bcb88a212a64f5,16
11.8236332,23.5506649,refrigerator,fpModel,5f83bf65164f100a15060c534561322571dcbf6e,16
17.6810837,21.741396,refrigerator,fpModel,6da53db5c9730fefc2507f1f76b85f7b4c037985,16
11.7006769,33.9343834,refrigerator,fpModel,7899d0c5296a70e4f4b8b9c5f3e96ea2491a0ac8,16
11.5008087,25.8992577,refrigerator,fpModel,796933d96e20ed5dac6491d424084900fd72d301,16
8.13210201,25.3725281,refrigerator,fpModel,7a5b05275dec9acba52fba417a806a20309cda8f,16
19.356081,21.6064758,refrigerator,fpModel,846aba736b25b51bf2036986d36451a37cd7431e,16
19.3050785,21.6576996,refrigerator,fpModel,8b63648f4bdf1484b373ee705ebb0e22af222383,16
11.7466002,32.4762115,refrigerator,fpModel,9449ef7831c43bc0db23aac79ea442aa71d0db11,16
18.1716881,21.1378899,refrigerator,fpModel,9660ea4405f304d30c4610f676185305d0e03c8b,16
11.8031025,32.5427742,refrigerator,fpModel,9fbbbfc58e5cafbc27a31069808cf168cf2d7a78,16
19.3487053,21.6673851,refrigerator,fpModel,9ff0e2c2b2d7081e92f2ee4fb21a48a483b5f1d9,16
19.3607502,21.7671089,refrigerator,fpModel,a11ca43c77d2df1282d72fa1831298c544d6f82b,16
17.6318951,21.8428631,refrigerator,fpModel,a35f943f68faf2b032307f6b336be2d948b400a6,16
10.5561647,33.8341942,refrigerator,fpModel,a9be04a84ab7ec9e041c9eb767281ec87b7096a4,16
18.6531315,21.6231098,refrigerator,fpModel,c41e7d7d088f1794f6e78781f6698faf445f5c83,16
13.8858576,25.647543,refrigerator,fpModel,d1bb1e76ecd549767fd650aa211e3ce29be75ad6,16
9.63402271,33.9788246,refrigerator,fpModel,d844cf11bdaa1246053d5e83170fdea4dd750f0d,16
13.7431679,33.5295792,refrigerator,fpModel,e8a59b3cd7bfd22edb9dc6072984e19fb913855b,16
12.6233501,34.1278954,refrigerator,fpModel,ec6d929832a895b456fd6cca745a18c192c41f4b,16
11.5206013,28.8241577,refrigerator,objaverse,5d567fc4f6924a9c8c56074f8def72f6,16
12.1652508,33.1954842,refrigerator,objaverse,631410c477594ba391f44512befc28d0,16
10.3138638,26.9046021,refrigerator,objaverse,7f521d2003734810acad0d26a49c22ea,16
10.5813465,33.0903015,refrigerator,objaverse,9052b06fbaf148db910b9e4a0fb8d891,16
11.4278078,28.6229496,refrigerator,objaverse,9568e482d1d043cfbebb05499c25acdb,16
10.0635176,25.8207054,refrigerator,objaverse,fe686076735042bebef264f3b9484b20,16
9.97940922,23.826088,refrigerator,objaverse_xl,0a7ecf65f5a1d0329c33b492f2339621e1cf225583b3df7ea63297f0053e690d,16
8.77993584,24.0674095,refrigerator,objaverse_xl,2579e83e079ca5448a56e2406823852902a9d05fb80a3dcbd13915de622afbfc,16
7.0937252,24.2182007,refrigerator,objaverse_xl,35d67cd832ca78e5740908cb8f6a320502efc97a961296f0b993e2ae9514e7ed,16
6.58610773,26.9297142,refrigerator,objaverse_xl,3bf86e133b15c8e0e3d8ae6da55e72b4dffbcc52c8a3ee97e214d8b00e435459,16
12.5472965,31.8205605,refrigerator,objaverse_xl,41e0d3f0ed1899a4c17058ba92f03f1b0253931a0da2266105a9a37d67108e18,16
10.2385416,24.8104019,refrigerator,objaverse_xl,4445fb20381f794165da79b04f5d867fb9c7c6b5137a8302430a6a5b93ed8bbb,16
12.6617384,25.8724327,refrigerator,objaverse_xl,459d4cdc1edeaf87236ad8c334e6676583a4ce0d6a777c20cad73fe614777002,16
17.406723,20.5870247,refrigerator,objaverse_xl,4fe7781f23d40640e45da9642e8d5e74854a811d915d0938a54030064a1b0950,16
9.93163586,25.1899071,refrigerator,objaverse_xl,50806790fdcc0bda4edcd031c91a0f0bd45eb4eb7ea3b68a910f4119448d94d7,16
8.582757,23.8545017,refrigerator,objaverse_xl,55f671486f63b803e55ee95f0b68e28996ca69cb264acd3dc28c5261802cbe7a,16
11.8240967,25.6129055,refrigerator,objaverse_xl,6a6009c1dd73501f5f8b0803b19b06acf651febf555b80db19a5fa37377ff1d8,16
16.712429,22.0976772,refrigerator,objaverse_xl,7190b442fd3533c1da44bf3e7703ea818c609580c50bd550665536e9273704b4,16
14.5365496,23.8995056,refrigerator,objaverse_xl,71ce958e640212a1eea9efcdfa3f7fdf2bbdcccdd93708996924b1235e218e39,16
7.73183393,24.0161591,refrigerator,objaverse_xl,71f536df75c093072f9c8555426b923c2d9142d86a93db104cb47aeadc8463b3,16
13.205328,33.3783569,refrigerator,objaverse_xl,7999a12051baebabbf2f324f9dbbef69d7dad9b3f80ed00f9d4e6eb6c689f9b2,16
10.8615942,25.4561214,refrigerator,objaverse_xl,8c435e80198fe2f1cc8799ca6d220598dacebcc98b28945adc9b5bd9a2125ada,16
7.32968664,24.9088707,refrigerator,objaverse_xl,93131cf39b3b8c10441fdac55b04aad044594209a80580070f194369ee2829e3,16
6.8831296,26.5528641,refrigerator,objaverse_xl,944632a6dfc509ed7d11c2870a445d83f0dd8ff2b978be4e3547d44909af63ab,16
6.96730566,24.326252,refrigerator,objaverse_xl,9561121900a8926503840a8f48a5aa82764b209af59290c01d99e5185d954b2d,16
6.91818857,24.2950287,refrigerator,objaverse_xl,a27a978165816f4c2da1c9218529aa0693c6fe803934104aece8cc6db413fc68,16
11.8466702,24.8493576,refrigerator,objaverse_xl,b033f55a5762d2d0d0c3cc2745d8abf89d222f72f1abefd12b5a4da2da93fb2b,16
7.03940582,24.7447548,refrigerator,objaverse_xl,bba8df4e5052062c90d65d470ea00e83c38541953372e42a74200c4f3ff9e32a,16
6.72749186,24.5634708,refrigerator,objaverse_xl,c09c6ce21f82d2ccd560143d62687ea99f9f303fca18cdd9b2a30694ea83130b,16
7.60100412,32.3368149,refrigerator,objaverse_xl,cd2e2ea3db7acf8c4d18463ed8c8f468eddcd058936f4d99a9164fcc16c618ea,16
7.23996544,28.0727081,refrigerator,objaverse_xl,d65fcd1e4eb72728e882fd1356cb38c9316d487b1d38eb4da1473c9b6b28492a,16
10.111578,25.3162308,refrigerator,objaverse_xl,db6f5c2d34d0663dbff575de99fbcdb470fb63abdc210297b463378b2e9b25c3,16
13.3589411,23.3197021,refrigerator,objaverse_xl,dbcafd942a7c36d9e6f2760bfe82e8e0b72844985daa9e7b9a6e90eac51b0175,16
18.145092,19.7395115,refrigerator,objaverse_xl,de9d956f7a826c232a2ad9334fd74a78747a7ffed096587633112b0f73268bd4,16
8.52372932,26.0462418,refrigerator,objaverse_xl,e4be5889212b19e895dbd65e87cca350236682d4a394cf1258ef84f025266b80,16
10.4941359,26.6073818,refrigerator,objaverse_xl,e8d1c6be30f4af69064ff8cb152ada336f3d8e38f71383dea463087ec20f046e,16
9.17664242,24.1044006,refrigerator,objaverse_xl,e951ed878a7862d8e98f759464a46b18a3e885d2a0966c10b84db905c3942920,16
11.3110695,25.8955803,refrigerator,objaverse_xl,f18d2c343ea4e982ad82435be6a10c8a1d42d1e5d4e919c5b8ac1d3fadc39dd0,16
6.12430286,25.888998,refrigerator,objaverse_xl,febe6ba53334e8bb5e0852f0f5e3079dd3006ac725abfbd43f592af024dae5a1,16
11.9440947,30.3477592,refrigerator,texverse,3758db188cf044ceb9e2d992c6958e84_1024,16
7.67114115,30.4072189,refrigerator,texverse,77e19e91f00e40a983d4d41ccb524ec7_1024,16
12.9815235,29.7472363,refrigerator,texverse,8205a1e3be6644bca6a6357507b31d8c_1024,16
12.8526449,25.2589951,refrigerator,texverse,f9991eca9ff548c8b618e5f620b72676_1024,16
47.0414276,-16.3271694,refrigerator,wss,1452b2edf9ad18b48d481397d30db1b6,16
10.4221201,29.9112263,refrigerator,wss,17c4dd8191c2c898bf37a318b55c6a3c,16
-1.51488125,28.3479271,refrigerator,wss,266aba6a1b941c3a2bf3161ae4fda942,16
1.89961135,26.9890156,refrigerator,wss,392f9b7a08c8ba8718c6f74ea0d202aa,16
10.8631792,30.839138,refrigerator,wss,4d28c99f3bddc0fbafe1d4530f4c6e24,16
10.1155844,29.8214302,refrigerator,wss,7778d492232d8e54a44340bf227e40,16
8.03258038,26.4661045,refrigerator,wss,7ea4c3a2e779ce3274a9a428079a0374,16
14.1898651,25.4500999,refrigerator,wss,97fcb32701826c8f7f8f1c5e1910ef62,16
31.1370049,7.25053835,remote,3dw,c48d2edc20dcd2127f29c61065b4dc5a,16
30.3570709,7.36848974,remote,partnext,212d33f6b5904bed965a87b018325b26,16
30.8353977,7.32011604,remote,partnext,5546d0ad45a042c680a4e745af851cd2,16
30.1345425,7.19350719,remote,partnext,79bff744c1b74462af7d3c0b9b19267b,16
30.4365025,7.46691036,remote,partnext,b9675435c74940a4926a1ffc0f6cd5c1,16
-9.83054256,31.484642,safe,fpModel,30b659612c0a6358b5d81da95a6c7599d085e981,16
-10.0197649,31.6484051,safe,fpModel,3700414065315caa30b22080b93bd4adf355ada3,16
19.9770737,6.75645208,safe,fpModel,7f99b0422e4d6967cb20ea2b6ab3441d7c1ee774,16
-10.0389128,31.7003784,safe,fpModel,fedbb1f00ae06425db033fcccd9d3655717083a8,16
11.7516413,-0.505183339,safe,objaverse_xl,0e5a6386402c13fddcca2730fab2859c35cface4794b6cee0046eebc1e3ae38d,16
18.3609619,17.1478291,safe,objaverse_xl,ac8965d43bb689d670a6cd3de87e036a6359c04939e3b6dea39616acffdce2de,16
-10.2615204,31.3643837,safe,objaverse_xl,ad84ec01504a62cd5f82c81e6d814c0b9bb2ab7f3edad89f5f97da542b69c097,16
-9.81592846,32.5711708,safe,texverse,636f955215ce4901a8496882607716bd_1024,16
20.6554165,6.55667782,safe,texverse,eba4260a4d0348fbbbcbbdae980c45ac_1024,16
41.220417,-46.9766464,scissors,objaverse,05a12bc9a23c4c7bb5a84601b61221ce,16
40.321373,-47.7402344,scissors,objaverse,14023ed7bc1344319c5fd906b840b03d,16
42.862648,-45.4738197,scissors,objaverse,1d41b94ffb8f4e33a70349545c9cbdc6,16
41.7209129,-46.3206406,scissors,objaverse,2231de62f3694a39a75950c163683e52,16
41.1114273,-45.9760895,scissors,objaverse,256589b487d14ada8874184870e2d773,16
43.703846,-47.7803802,scissors,objaverse,2b1120c4b517409184413ed709c57a66,16
43.1867218,-44.8186188,scissors,objaverse,71d5630972ce48ce839017303938238b,16
41.9629288,-43.831707,scissors,objaverse,b8a0f0a51d384f2ca9dec06809ad6662,16
42.0164299,-44.5085983,scissors,objaverse,b8b60a3a9f2e48d9880a2bd29027d8a8,16
41.7620964,-46.1463432,scissors,objaverse,d624e60760574698982856f7fe98a471,16
42.5080833,-45.1146469,scissors,objaverse,f2ef78fd6a5d41beaca80843fd9717de,16
43.2050667,-43.6779442,scissors,objaverse_xl,1b98357787f2581b465ce709b52094b1c7ab9c7cb5545a94ae0016f7a02e7d00,16
42.2637367,-48.1715088,scissors,objaverse_xl,221eccbb0e716c0e26a7968cdec4bcc8156eac1f7a63552a3b2e9e6e4c9e1c25,16
42.2064171,-46.1465874,scissors,objaverse_xl,2292d259835809359ad38351869f633d3bfa83d6108a080291ddb6474f29e50d,16
42.675869,-46.8566856,scissors,objaverse_xl,26c156f10c67f22f445e3e2b94b039c534ab1b0c9aae02b91885aeda659d03a7,16
43.4378433,-45.9435158,scissors,objaverse_xl,314c6bab14ba356721ff8f809840a9eb65e1d701e345f46c6b8165b3bde9ef98,16
40.9124527,-44.5778236,scissors,objaverse_xl,32d385faac12af18f0e98eaf23f9f8c220071183af95f8a9c62b99a4f832d361,16
44.2567444,-47.3448219,scissors,objaverse_xl,364f6f2a7d34634707f50fc00f47d6ae23bc194972e0a1752455bd3c836f895f,16
41.4625359,-47.7467041,scissors,objaverse_xl,3b268c426905c9e87fbdfc5dae8c502eac078be1a32c49a41b04a70eaacc73cc,16
43.5518341,-45.2460403,scissors,objaverse_xl,43b12864d935de06fbda238d3d9d86c2630aa744d69dd4e5481631e18e754614,16
42.2643127,-47.9168472,scissors,objaverse_xl,451a1de694941e6ce00ec79a39ace271bc64a187697e69a297b66d3bffe810ed,16
43.6630783,-47.2598991,scissors,objaverse_xl,4d23c9f5be0dbf53654984534c2492742a44ac4b1b76255d887ba822c7c7ea0c,16
42.1618538,-45.2847443,scissors,objaverse_xl,513d9d2c547557b44d760b40aee54e7d9a30d7737bf644771e2c015f5d80ae73,16
43.3192787,-46.0980797,scissors,objaverse_xl,65b0c856aa860d5b2ed1b33e43710dfe41c8e8128fee3e83b16e16c4df19701b,16
41.5386734,-47.058136,scissors,objaverse_xl,694dc98638738f7ae39eb1446db3b883b4a7e4e2e2d51cc242243fbae7612aaa,16
43.6352959,-44.6189346,scissors,objaverse_xl,9ed4ec656acd6972f8b30f8c5dbe8c136c4782ddc2037c26eec70327eeddde67,16
43.2061996,-43.6783295,scissors,objaverse_xl,a04af36ad3f617282b13cb7c017b7d24c9ae278aa56d8887c55aefbe44b69199,16
43.1454048,-45.0892143,scissors,objaverse_xl,a1d43617ecb28c37f27363b6bfed5cc66f0afb9ebb949157bf5a84bd1adf0321,16
43.8066559,-47.6780128,scissors,objaverse_xl,a97b7e4eff684a3da556cfc67cf1f404870999780c3b8409f43e5a1591109a2c,16
43.5702438,-44.3883171,scissors,objaverse_xl,b3df5734e9f33924374c374bccfb51abb752cc9197cb45c475310a5d60279d3b,16
41.4729919,-44.6427269,scissors,objaverse_xl,b9ca1b20204bf9981f533668e536e1463576c7c7b70f7862be732dd5411aaf42,16
41.2506485,-46.5327682,scissors,objaverse_xl,d3ea8b68d19ff0c3fe44cfae69e9dc732af50d77463feffbdd3470ec8c373d49,16
41.2231369,-47.8337898,scissors,objaverse_xl,df80017005ff3e6f30ab7b106b5fac4cf15cfb234d82beebcf62e65ef5ae3fcf,16
43.3881073,-43.7581367,scissors,objaverse_xl,effc79c18a8e231f820fbdf460f9f11bc39a37a15f993fc056cab5990b3d5ab6,16
43.2108841,-43.7629852,scissors,objaverse_xl,f067192a12915523e6403e35f146c788cd8e3fa23e87e31201f728a226afa7f9,16
43.9137726,-45.6984787,scissors,objaverse_xl,f9ae2d631131384296375b032bfa49d9ca1a0b6efe02a6dbb7373b42fc7e63a9,16
42.1868591,-45.4388809,scissors,texverse,26f267db96bc43009e71331ebe69b064_1024,16
40.4610176,-46.7110023,scissors,texverse,2787b36afda5408fbbc9520e9562b768_1024,16
41.6245041,-46.1721497,scissors,texverse,311ce0c7867b47ff9dc0d7e8fada78ad_1024,16
41.8521767,-46.9729424,scissors,texverse,330c1eb735f64807a9b6d8a05a11d5d9_1024,16
42.0164337,-44.508606,scissors,texverse,4425427185974ed793173a6b31aa7247_1024,16
40.7346382,-45.8606071,scissors,texverse,5ae7b23dd62b4971a61ee9e96284ab02_1024,16
44.5196762,-46.015049,scissors,texverse,b0fdda96fcb94002b8be3077f5b95299_1024,16
42.7801628,-46.1366348,scissors,texverse,b1c876947b0c41e197596c7ccc8fa015_1024,16
41.1710014,-45.430481,scissors,texverse,d38a8453bd36461fb8a96b48eb71028b_1024,16
42.6506882,-46.1928711,scissors,texverse,eacb143364f8405395df78e229aa7f12_1024,16
41.6417198,-45.7920227,scissors,texverse,f1b0c6ffa28d4dcc8df653627dfc2b27_1024,16
20.1651115,-23.3421707,shopping_cart,3dw,a49d436b1477310f7e51366b0cf7747,16
20.1769981,-23.3331127,shopping_cart,objaverse_xl,a79556e42d941eb6625fa531436d1f8604b2b199d0df6479ad57cc9537c18b88,16
20.0240803,-23.4633083,shopping_cart,objaverse_xl,f8d5b5259618dcc89bf40d476d9c2d06ce6df7399b0e547e420946fac31c41cc,16
20.1237984,-23.3721657,shopping_cart,wss,e3ac2c55a54713e07f5f437395597a36,16
-29.2829189,-1.95653212,sideboard,3dfModel,06ed337c-0db5-40be-8114-884082e0edb4,16
-33.1360245,-10.3950167,sideboard,3dfModel,075506a7-2ab4-4905-b156-fb1d93069fcc,16
-25.1656532,3.43234181,sideboard,3dfModel,09e9dd4c-e512-3477-8d7b-0729f4efb5f5,16
-16.6514664,3.98047376,sideboard,3dfModel,117d070e-fdcc-4a11-9f30-3734a8cc5455,16
-29.9507732,0.630583942,sideboard,3dfModel,18cc4717-f0a3-4e35-a7d5-a8d687d3402a,16
-32.1703987,-3.57125545,sideboard,3dfModel,235e3d20-ce4f-4820-9871-81466da72d8a,16
-27.4790726,-0.0765002295,sideboard,3dfModel,2d60ca8e-19c3-4a11-a397-53609c3eed67,16
-7.83168268,-4.14564848,sideboard,3dfModel,364d3ede-eec4-4f65-8038-bba3558c8231,16
-18.8923187,6.03986883,sideboard,3dfModel,368ec9b4-3ee9-4ffe-b789-e56921e74656,16
-35.0042953,-6.95571804,sideboard,3dfModel,3b608f3a-6b8a-4f51-af1d-fd6db66cf4a3,16
-28.4577293,-1.93180811,sideboard,3dfModel,3ea4c4a7-1aa7-4348-8ceb-1fd1ebe4495f,16
-12.9904079,4.02886295,sideboard,3dfModel,42e0b61a-ccf0-412a-8f41-7fb9afc98b8e,16
-4.37600565,1.94126618,sideboard,3dfModel,43385e49-d8a5-4f49-b856-b668cda9bb04,16
-10.5954094,0.0530583933,sideboard,3dfModel,446a01a9-d91a-4846-9d9d-d5263403e9c0,16
-6.08904696,-6.10423565,sideboard,3dfModel,46ff8f18-6ccd-4712-acd5-58d00ddb0807,16
-7.3020277,-5.01281595,sideboard,3dfModel,470dba8a-9f91-4f6e-bf27-6aaed43846db,16
-7.93487644,1.90749121,sideboard,3dfModel,47cdb25c-b39c-4f73-a132-6bc7deb39c07,16
-12.6959734,-15.5259962,sideboard,3dfModel,47d7e740-92fd-4687-8977-c1baa6cea843,16
-34.2112122,-8.20540333,sideboard,3dfModel,4be6873a-f3e6-4c34-b56e-5fbd5b73cb80,16
-29.7719994,-0.137334421,sideboard,3dfModel,4cb0cff6-41e7-487c-8476-9253a21f88f4,16
-0.866700888,-7.95625973,sideboard,3dfModel,523d0df7-e1a7-3d3e-afad-7ebae91903b7,16
-38.1247177,-7.57820797,sideboard,3dfModel,5ec4a22d-b147-41e1-9bb5-7f71a341d6bc,16
-31.2928143,-3.74976277,sideboard,3dfModel,603e3626-6286-4103-b439-2db685b924dc,16
-33.8893967,-10.6296978,sideboard,3dfModel,62d597da-8a71-4e23-a30b-2b229b55d970,16
-50.0032387,-3.08225775,sideboard,3dfModel,63fb829b-fe84-44c5-8449-ddabff483630,16
-28.0520668,0.290881574,sideboard,3dfModel,680c14a6-119d-478d-99fe-b0ad33220727,16
-34.1391296,-10.4662409,sideboard,3dfModel,69cafc94-8036-4e4f-b1cf-eeef93ad002f,16
-32.552494,-8.71004581,sideboard,3dfModel,73bd5cf2-aafd-4cd8-87cd-585024e40df6,16
-9.51462841,2.78592777,sideboard,3dfModel,75d8aa6c-9965-41b2-976d-6c4b0ca99c9b,16
-8.13664818,-5.89624071,sideboard,3dfModel,7b277dfe-08d8-45aa-b6f7-85fb8e825207,16
-45.6922607,-16.0951004,sideboard,3dfModel,7b523483-9417-42aa-bcc5-fd8cfd4eb9ed,16
-30.6881924,-3.3787725,sideboard,3dfModel,805dbdc9-0f7d-4224-be07-8dd7b3446331,16
-11.9564362,-15.6112623,sideboard,3dfModel,8225d304-2d16-419c-b9e7-9634a68e2f42,16
-31.0147114,-4.11402559,sideboard,3dfModel,8b051068-f999-410a-a3af-d24357ac4a90,16
-32.3733978,-1.25776851,sideboard,3dfModel,943dc565-915f-4f6c-80e7-7eb7b84137af,16
-29.9762497,-4.61557102,sideboard,3dfModel,972f278d-f277-4b92-a6ec-6fc99ed7e92e,16
-12.4546099,2.53614521,sideboard,3dfModel,9e1467f6-149a-4ba7-9c00-f728aaf0a562,16
-14.106864,1.55517602,sideboard,3dfModel,9e2d7726-d6ea-4ce4-b0dd-b5ad5d5dda51,16
-31.571743,-2.08277822,sideboard,3dfModel,a5c3bb2a-b632-4fa6-af1b-bf03eefb12de,16
-26.4778156,8.7757473,sideboard,3dfModel,a9a57f6a-6e9b-4142-a762-b5342816f5c2,16
-31.1620865,-3.83886528,sideboard,3dfModel,b11df2a7-0f4e-481e-8a6a-3b67cf21c9af,16
-31.5607319,-5.44090176,sideboard,3dfModel,c15020e3-9e39-4da3-9a97-00679203579c,16
-4.18035936,12.0168724,sideboard,3dfModel,c40d9eb6-2a60-4738-9d5b-3ffa4410ab54,16
-29.9617405,-0.867143214,sideboard,3dfModel,ca4119e2-1788-4f22-9f7e-7c11972519c9,16
-31.0952473,-1.400316,sideboard,3dfModel,ccc359b9-be61-4af7-a2e2-0596636a3d38,16
-18.9070187,6.0365262,sideboard,3dfModel,cf24f58a-04eb-4e36-8d6c-a42688541c0e,16
-29.3815384,-4.73509169,sideboard,3dfModel,d77fdba8-263e-4bcf-b4c4-4c92a72a91cd,16
-40.020195,5.49576521,sideboard,3dfModel,d9da9766-187e-4fde-941c-fafe1c7c1e32,16
-28.8923874,-2.35699821,sideboard,3dfModel,de5d892b-107c-4525-885e-53585305b655,16
-33.8760643,-8.43242836,sideboard,3dfModel,e287c8cc-ba68-4787-972a-008f36f39000,16
-18.5135403,6.36074495,sideboard,3dfModel,e50831e6-e8fe-4741-b6b8-6e25e5ccba6a,16
-17.4503765,2.04527593,sideboard,3dfModel,e5ff9bac-5666-4305-bf41-d45fd656d4a7,16
-15.2237616,3.34912777,sideboard,3dfModel,e84f64ad-7e2b-45aa-a9b1-1cbe624d745e,16
-12.852829,-16.5917759,sideboard,3dfModel,e90d0cd7-80d8-4849-8869-6c4517edf193,16
-14.431057,-17.6671104,sideboard,3dfModel,eaa64ebd-f248-43ea-9b8a-d168055b38bc,16
-27.0318832,-14.4295311,sideboard,3dfModel,ef26933a-9694-4460-8960-69d14ea3fa2b,16
-17.6721306,2.70533228,sideboard,3dfModel,ef3867e2-995e-4490-b3c3-260c75d8f80b,16
-3.0187254,14.7540922,sideboard,3dfModel,f066bff4-b33c-4af9-ae6b-0f854e90a36b,16
-31.0631905,-1.41283405,sideboard,3dfModel,f89de7aa-bcd0-44d6-8893-a1d09b9834f2,16
-10.9346857,-31.8128147,sideboard,3dw,10d44613a2d6c313484776fb236aef2e,16
-28.7221241,4.63543177,sideboard,3dw,10f9cc175f226b87597e1f94410131a,16
20.5648003,-4.43127918,sideboard,3dw,1a74fe1f425ea985ca25b2e822a430b0,16
-19.4403973,-31.1807976,sideboard,3dw,219c34943b4c596520768660cf080d12,16
-12.6986065,-11.3821783,sideboard,3dw,260fdd12a3bc1fb0f51fa0238791f5dc,16
-50.9827118,-1.4657402,sideboard,3dw,28f28de93fdccec8cbde89e0c48a01bf,16
-19.8935719,-31.1592712,sideboard,3dw,2f97948a4b0ca4b720768660cf080d12,16
-32.7368813,-5.87119484,sideboard,3dw,325114d7e5ef837ecbde89e0c48a01bf,16
-10.1259546,43.2546616,sideboard,3dw,34582cb1731510a81b9998d72ad559c8,16
-4.82448912,-6.99493122,sideboard,3dw,35c92701a833581acea003eff0268278,16
-15.1371651,6.41019201,sideboard,3dw,40578bc5f005ae88a7fcedc756c68fa2,16
20.9766006,-4.4316802,sideboard,3dw,45add8e0b757c7f3ca25b2e822a430b0,16
20.6363411,-4.42617941,sideboard,3dw,4ed1597b88663f19ca25b2e822a430b0,16
-9.64520359,-1.46106637,sideboard,3dw,5f379911510a9a4d31de0931bd5b560c,16
-8.89873028,40.7492523,sideboard,3dw,61a584ba247bfbb982eda6d967589f1,16
-2.60752344,12.6241436,sideboard,3dw,63f87ccaa6aeaf013073af16a4b8491a,16
-23.0525608,1.05914927,sideboard,3dw,68cdcca9ba4af0674fb315ce917a9ec2,16
-33.9073486,7.46831656,sideboard,3dw,69f0beb64d3956de3918f23e2305ede2,16
-7.00264359,-5.25161839,sideboard,3dw,732849bf8472d373cbf3dda885c64a76,16
-33.3338585,3.74888635,sideboard,3dw,7d420d9582be93cd955824885d6e7dc0,16
-27.2667217,-22.4471245,sideboard,3dw,8269c3e87e1a8a8e20768660cf080d12,16
-5.20912504,6.09905863,sideboard,3dw,855eb0ab7373888beaa4600f9b815c3b,16
-17.7096863,-3.86238933,sideboard,3dw,85bb8fca9b6647b607de55573b6b50,16
3.22936273,-14.2232265,sideboard,3dw,89a432c14dc9c9dc8e9a0e51a554788d,16
-52.212738,16.8920937,sideboard,3dw,8c8195aab253c66e6e71174964d90e49,16
-33.8650436,-15.365798,sideboard,3dw,9bea3f883f948c3ca09e5a1a20aee2ca,16
-30.6800156,-4.73909187,sideboard,3dw,9ce3f0ca509c16eb6caa77823e8485bc,16
-21.5187302,-7.94567347,sideboard,3dw,bfeecd9596695968601238df7e6e02b8,16
-36.3465729,21.3115883,sideboard,3dw,c33214f600d2a3d4ad6a4bedbef3175d,16
-43.0440483,-2.61128974,sideboard,3dw,c3b5cc8fccb3b8e7e6529103b5f56916,16
-24.7540131,11.7587366,sideboard,3dw,c6b8f862ae663e778c2611a5a36e83b4,16
-18.1253967,-3.82670856,sideboard,3dw,cda03bac92928ab0b607de55573b6b50,16
3.63523364,-5.15739918,sideboard,3dw,ced5e484e26f45beffc1bd8400d62cdf,16
20.963356,-4.42336941,sideboard,3dw,d16b38a48766e16fca25b2e822a430b0,16
-28.0611286,20.4387703,sideboard,3dw,dd2375d9d0e667f4fb315ce917a9ec2,16
-26.27174,4.45148897,sideboard,3dw,ee23fe63c1fc71d1a54f33c1755abbee,16
-26.8421593,-23.4279919,sideboard,3dw,ef2c6e9f10609fc3821c096f8ff2909d,16
-54.6656151,-4.09475613,sideboard,3dw,f525791d340155b2512d71be7dbf2d60,16
-34.0887146,-8.72444439,sideboard,3dw,f7b1fc02aa264d1534fe4d05f619492,16
-19.5298252,-3.85390854,sideboard,3dw,fdca211ca8db3c41b53dd5b9f129ec4d,16
-27.0714302,2.38187218,sideboard,fpModel,0074b6bf5758fd7186157fd3a8d53afe3e200cba,16
-26.1127186,4.49374294,sideboard,fpModel,02d0251f683a3fcd7d5ec09c5a6910ccdb363786,16
-20.9949532,3.58081484,sideboard,fpModel,03c6a0317265df8eeccc9245675fc50af95072d5,16
-30.3875828,-15.9100084,sideboard,fpModel,05f80a1f59e03f798ba3941f1a6f2712a0e93583,16
-8.48528481,-5.90127468,sideboard,fpModel,099e627f0eb0c0f1ae672c25b7df89204dd85521,16
4.16707802,-4.58782291,sideboard,fpModel,0ab4c29164cb03cc33de6ac67677765eaee85cc2,16
-33.2015419,-9.94570923,sideboard,fpModel,0adf429add0b1ddd95ec48d9f3e644b558e5f355,16
-11.1955042,0.96866262,sideboard,fpModel,0b5c33dc9b1ff7ac340fd431b272c63926560037,16
-8.03427219,-4.14199495,sideboard,fpModel,0e4964ef31001f71a18b6c08cf173d0f636fae6b,16
16.0359707,11.4918938,sideboard,fpModel,0eff341a995f04ce4b18c56ec30f12d0e9398957,16
-25.3725739,-0.977954268,sideboard,fpModel,12289ea8fde534bbaf785b1c800b86a40437717c,16
-29.4131756,-15.2225952,sideboard,fpModel,15a81c5727eba4e4a4161e1cf2c76fe2c601ae15,16
-31.93993,-3.64853215,sideboard,fpModel,1bccaa8c2a6c0b6f918392ab2adce3c4cc57b2c4,16
-2.41939235,12.4531317,sideboard,fpModel,1f0e602ca3b6f39575b8448db5d7e2c27101e7ae,16
-12.447814,1.02610695,sideboard,fpModel,2126cc35dc48ccdce854f39acf33a5966046f383,16
-5.79988289,-41.1634521,sideboard,fpModel,2612061a57b747118a3d04290d89cd1b398fb2fe,16
7.62102365,-12.1603022,sideboard,fpModel,27b8cec51a8c3b99c079c268d0a184b1f91183c7,16
-12.3667374,-7.92040539,sideboard,fpModel,2b66fdae818f040c80188e978e266d9a93fed57b,16
-28.4028225,-0.786949217,sideboard,fpModel,2e3ef297e42fa497a75d5ded416224d80c7d7264,16
-15.9595814,2.95301938,sideboard,fpModel,2f0a62015cb709fe7f07cee6205d33cc054f6eab,16
-27.5552483,9.1188755,sideboard,fpModel,2fe9c822c423f699138ade0883af91154ce00094,16
-30.8599072,-6.72540283,sideboard,fpModel,31b5ec475d6fdcbb9461561c0a3bbe22dee18e99,16
-32.5121918,-11.5387077,sideboard,fpModel,3798a3b8f886f27b7f2d8ebc0c84c6427e0a1ae8,16
-30.8523216,-3.91447234,sideboard,fpModel,3aef5476fb1c9b2f3cae1b2ca8b33c1bae7ec1d2,16
-13.3941078,4.00527334,sideboard,fpModel,3b88f9fe4c836c164705beafa8d5df338c8dc455,16
-32.9246635,-12.3400869,sideboard,fpModel,3e436779733ba0d9aca4a7c86d2ea08f99c2eb98,16
-35.8338051,-7.24836969,sideboard,fpModel,3f28e55e96c9f14cd017e13cffa16b02e5db452e,16
-26.9716644,0.630052507,sideboard,fpModel,3fb0ef74ad5000c19e088c6ec09725faf75298cb,16
-11.6902771,4.9446187,sideboard,fpModel,440aa75617a2db12da11307ccfa049f48f76e554,16
-18.6026287,5.21196604,sideboard,fpModel,45a35bb581b8132eb57cc8ed646a68f14da6f82d,16
-21.0847664,11.0809975,sideboard,fpModel,46dd28dc74535f9a2b692ecae0253c9b0e3b40cc,16
-32.704792,-11.9480543,sideboard,fpModel,47626eed0d8a571dc80f7bb472d7661a4dc6a030,16
-28.3006611,-14.6335154,sideboard,fpModel,47b122b717e177c30cf7bc9e5fde5c6280a5c854,16
-10.4944334,-2.07805681,sideboard,fpModel,4850297ad1adc65d23c944e90edd076db12afbce,16
-8.04734707,-6.54068184,sideboard,fpModel,49b7ece681efd7ebe1cfc2bdfb80173663358adc,16
-31.2523251,0.978354573,sideboard,fpModel,4b7cdfe287647431cc6e6ffc2cb59aee0f19bdd0,16
-27.0289192,2.54236174,sideboard,fpModel,4e6dea40f6b6ee089d73536859c167cac7dadb3c,16
-28.8238029,-13.6429348,sideboard,fpModel,51c3494e896f54f12169c9a6a054960048899cdf,16
-7.47611856,-4.75052595,sideboard,fpModel,5999d188452e209cacb712029af3f3b5b0e30313,16
-32.0211143,-13.5659704,sideboard,fpModel,5a5c19684737ded0da7c2811f6303e154a305323,16
-37.3996811,-3.17278624,sideboard,fpModel,5e4ec54ebe33776ef7fe4f8f8a1529a0b0395ac6,16
-54.327507,0.779859602,sideboard,fpModel,6241c65ea47da414d009f1bb77921dbbad78ca84,16
-32.6057205,-11.9619913,sideboard,fpModel,628d0c20a57798970b7e965946a7bd28267eb3bb,16
-31.1602421,-11.8756561,sideboard,fpModel,63b7d75b724e079aab99030084f0eae1b43b7498,16
-36.1447334,-1.92064834,sideboard,fpModel,67e6eb3d22b09bd2bce2a23fd150ebf234cea76c,16
-31.7856255,0.438414603,sideboard,fpModel,6c4db0f4e4980dced9e0e5eb12614bf284a6fb51,16
-28.3229923,-20.650362,sideboard,fpModel,6d40e74eb0c4a0ee6aa532e66ee080b9506f24e6,16
-27.7024555,-13.9664459,sideboard,fpModel,6f57e5076e491f54896631bfe4e9cfcaa08899e2,16
-11.9379292,-7.83095598,sideboard,fpModel,72c7de25ab188d59bd9cd4a3f774e19e97acc95a,16
-36.8431282,-10.2380314,sideboard,fpModel,73b7a391b1d42c707c01739d3591310d04f3ea12,16
-3.63132858,11.8749924,sideboard,fpModel,74838e97471c7afeef362d0f94963cc54865ae66,16
-11.8538866,-7.79424334,sideboard,fpModel,78cfa81acee912f151e756369600f7ad48956809,16
-27.6194382,-14.5924511,sideboard,fpModel,823e68a00d4aa37069b991bdf75f2d2cced124a3,16
-24.6973228,5.77110004,sideboard,fpModel,848db8687535b11171facb505fad4383385a4ebb,16
-30.4759121,-12.5009785,sideboard,fpModel,87001939e6cf1938ad83249e697db73ae66a96e9,16
-6.40364695,-6.40766811,sideboard,fpModel,9468fd5397281258bd0f87c9a646f74181b96131,16
-25.013649,3.65341377,sideboard,fpModel,96aebf7384972662ad6b7e614a7573a122e953ac,16
-3.29443455,11.6208134,sideboard,fpModel,a4b8d2170a65622aec4cc922103990b1c7783a46,16
-50.7493324,1.73281384,sideboard,fpModel,a655b5bd1b38850ccbda730b900e9ce041419f98,16
-52.920372,-0.921715081,sideboard,fpModel,a7a07ce28b9dd3276bc1b4a8a03e1beabf993cfd,16
6.01433659,-6.59436178,sideboard,fpModel,a9c23e2a70d19ca93aefc0b7530ed62d23d5df4a,16
-17.2376995,1.07390332,sideboard,fpModel,acfe3955254d50d2134fa4ff31493b7d3f83cb0e,16
-5.65744591,5.26712132,sideboard,fpModel,ad5d977baca487584cd1e79e6289039bfb019fb2,16
-25.8953915,-12.1816874,sideboard,fpModel,adbfdd15598bbeb5e426dac204cef0b4ffc68afe,16
-33.604744,-10.844738,sideboard,fpModel,aec9ab12b9fed5f9d8fe18ae46e543a849a4b05d,16
-8.52981949,-5.82997036,sideboard,fpModel,b6b31d28bf3a2d2246c08b31c7943507babdfb8f,16
-16.8537312,2.99317932,sideboard,fpModel,b993094e6a2356a77f29a6a74e88874463264ae8,16
-26.6526699,1.45057523,sideboard,fpModel,c016370102275e55cb6ecabfe4b20dd1ed4a230e,16
-53.3953362,-1.21189833,sideboard,fpModel,c1230b54c3b732617601d2413eeb180c5d29f2e2,16
-32.8641129,-9.64389992,sideboard,fpModel,c547e4f30bb766fbc780ad43e058efcb183f53ff,16
-37.0472908,5.67257404,sideboard,fpModel,c677a8bc97aee16aac025979f5c14a953859b9bb,16
-29.4713268,-2.79975104,sideboard,fpModel,c6e2268863e1ad826feed40bfee065582fd5f0b2,16
-4.68756962,-0.384607464,sideboard,fpModel,c71ff97be911ee5e2438bf3ddcf15350942dbad7,16
-24.6612415,-5.5092206,sideboard,fpModel,c73f8b5dd9353b05bdc81872432e0851cc2d6ab5,16
-37.7086792,-4.44905758,sideboard,fpModel,ca241f59f18a484bb401df1ee05f2b1ff2fdf24c,16
-4.01362467,-6.22219992,sideboard,fpModel,ca48b12c9b33f1c72d3af87e064f61b7cd197c31,16
-12.6234179,2.7420795,sideboard,fpModel,cf7c885e0df1ee2f9480956522ed5c0ce1be1cf5,16
-30.3371143,-12.6597528,sideboard,fpModel,d2ae5957360187e875bf79838dfeb31f2d736128,16
-33.0879898,-0.906630635,sideboard,fpModel,d3d9a98182829d6501e0ee32e51505763063a80c,16
-17.9672298,-22.3180981,sideboard,fpModel,d9d337b83d72bfea7f8ca950b1bed4a77fd872ec,16
0.963233531,-15.4559565,sideboard,fpModel,db592834ff9c6f21b06f6285319b5c5b1596afd1,16
-12.8969383,3.99166512,sideboard,fpModel,df4db6abfa9250164ee856f137ebae9f34cff325,16
-33.8904648,-5.26053429,sideboard,fpModel,e0ec49fa0d7054afb2f6e2533a72b02f58544eae,16
-37.0421791,-3.77970767,sideboard,fpModel,e4bf06896b67fc56bbded3bbd2086ad6dcdb7746,16
-37.0129395,-3.08898234,sideboard,fpModel,ec44b99d2e75b597a7a8ccfcee8871dad740fa28,16
-10.2844133,1.78216863,sideboard,fpModel,ef109fb2b790aff1ef35dbd0cfa485af31d53c9a,16
-6.18025398,-6.01557302,sideboard,fpModel,f8d72138c882ef3acb88d865d39aec766e54f82d,16
-12.0408621,2.09219909,sideboard,fpModel,f9b8d96daa969944c9cb86404e0092dd7cbec4c8,16
-0.650707841,7.19374752,sideboard,wss,2bb2708bff12ba6b1f8d8332ee17945a,16
-34.2834396,-14.1747847,sideboard,wss,3179ac396ea5b2b355f46d55537192b6,16
-12.2308187,5.86408997,sideboard,wss,410684f543d90f55f67e78e30a2445a0,16
-22.0741405,10.6840391,sideboard,wss,4d278df3d7686469a09e5a1a20aee2ca,16
-4.3910656,-23.0162621,sideboard,wss,5974a83a744d638ec3eba3d51ee30285,16
-24.9026108,11.436429,sideboard,wss,67775df4b93eeb1db6378af21f637882,16
-24.3730221,1.12562513,sideboard,wss,8a7e3e4cce2a9f79116162acefe23592,16
-11.7179346,-30.3598785,sideboard,wss,8ed7ab9b5569c0556d469bed7949dee,16
-0.0810043439,4.94800901,sideboard,wss,aaeb3bda295fb6a12846fa729d90e125,16
-19.2871609,-6.99121761,sideboard,wss,bc8f372804e17aef851a116903680096,16
-4.37965965,-22.9668579,sideboard,wss,e6858b21bf2931eeb97ad864945165a1,16
-26.5237122,-0.0528733507,sideboard,wss,e89ca9392862a7fca53cd01ae99b50bd,16
-33.7165298,-3.78774905,sideboard,wss,f0cd932066b08ba5961b70a6f96df2a4,16
-4.3294487,10.7659626,sideboard,wss,fd77d891d762fa99bbca1ad96622b322,16
-10.475255,24.2182655,sink_cabinet,3dw,42777b0d8edd12de14b35a7d7cea7130,16
-11.4552641,21.8201332,sink_cabinet,3dw,c6618eb19509a0b143a20833008e56b9,16
-10.3832216,24.3071766,sink_cabinet,3dw,df983bd7bcd9bc114b35a7d7cea7130,16
-20.2798252,12.2693815,sink_cabinet,3dw,ef282eda82375dcf680888d67e947065,16
-10.7505884,21.7697926,sink_cabinet,fpModel,0a516d39b100499cfde1b2f7071930bbe6c61cea,16
-10.9000816,21.689991,sink_cabinet,fpModel,0c13523cbbf431a463e07fef9290ba30998557ff,16
2.57114768,-12.3020077,sink_cabinet,fpModel,0c5021dbf2a828505a3c8230ab3f55572b00513a,16
-9.44083023,24.2902641,sink_cabinet,fpModel,112dc87e26450400941c6eaff60866bc19badc64,16
-10.988739,21.6684341,sink_cabinet,fpModel,3362008b68ae3e3f0be50057fa895cdacbfad401,16
-14.4282827,22.5850754,sink_cabinet,fpModel,3ab3c52f671a0d7079eb20c05538265054549064,16
-13.9143295,20.4315453,sink_cabinet,fpModel,43fa24cb165eb3bfde976d070bfd615f41c78028,16
1.79422569,-10.515564,sink_cabinet,fpModel,497d4179f9a84aa6b80a99d14be1e606d3ffe2e5,16
-51.2201004,17.8073444,sink_cabinet,fpModel,4d4709a41a152773f55c745958f1af7670dc59b7,16
1.89228785,-10.4878263,sink_cabinet,fpModel,56dc6fc7669736b5fd6a85d1b14a01d029beff59,16
-10.4061108,22.8815231,sink_cabinet,fpModel,5d35a548860afd3162719b65fce1d139e25879a2,16
-14.2025013,22.5037899,sink_cabinet,fpModel,6219ef05f4a7b56419749e45a45143df8af44495,16
-10.7360229,23.5111027,sink_cabinet,fpModel,6a5c779b2deee1af83e7d2f85605fe0a1d39f665,16
20.9416161,12.1684637,sink_cabinet,fpModel,70da418e165e78eb5933d808fe6a2092162058ea,16
-30.965004,-8.76398277,sink_cabinet,fpModel,829bf87b541238bb7579a05d18d4f7f1d1f98af1,16
-11.9935637,-13.7011118,sink_cabinet,fpModel,9184b61f915b5f985b67251ebbf0a155e87bd48c,16
-10.882658,23.2933578,sink_cabinet,fpModel,993d78f3ab7c7cc8de5f2491d5d04d6720535749,16
-10.3780394,22.2720261,sink_cabinet,fpModel,9b64cef587a9b4069ee8e6504715e3ce1a9b1d67,16
-10.5190201,23.2199287,sink_cabinet,fpModel,a42fa5c6860d9d8e43df42fda817479ab0b31951,16
-12.036046,-14.2904472,sink_cabinet,fpModel,b672c86af96ff069503760f15485f4f6f7174eb2,16
-14.2959785,22.3614597,sink_cabinet,fpModel,d2d44412052fb3c3548694ef5ddbc1433704ceb4,16
-10.8619347,23.3191242,sink_cabinet,fpModel,d34aca2483aff11d473b2d8f23a3e6a9fbc1ddf9,16
-10.7064753,21.6650372,sink_cabinet,fpModel,e9c94b4ebe33b33bd4dcb8877169c1333542ca89,16
-10.110673,22.7741795,sink_cabinet,fpModel,eb6a73a8cbd7df887187a2b9fad7fae1e5753d93,16
-10.8215723,23.3098927,sink_cabinet,fpModel,edd29c09710bf64c66065b6d884f573bc48682f5,16
-13.91644,20.3378143,sink_cabinet,fpModel,f1de6498f43789e1c27150b3ae1f9b5bfc051775,16
33.5914192,0.983087778,skateboard,partnext,2d55919c08174a0baac27fb85d65606e,16
33.5681076,1.00395501,skateboard,partnext,801dfed0f3b04d619fa8cfdad756aeff,16
33.5920868,0.981984437,skateboard,partnext,a8654f95c4204dd48ce606b8d612c7fb,16
33.5835609,0.993386745,skateboard,partnext,ef9a705d9fb644d5aecee2563e7f91b5,16
33.5770416,0.999918878,skateboard,partnext,f2f238695efe43efbb3ce06b0d616dd5,16
45.5741577,-15.9830141,soap_dispenser,fpModel,59c5d91b9af0574bae73b744130a4a45149828e8,16
40.2218742,-15.1893654,soap_dispenser,fpModel,d9eaaf3aafe844aa8494db180d22a53ad2a01f8a,16
40.8552094,-17.8742676,soap_dispenser,objaverse,b8eb2bb31045479686793a8509ddd550,16
44.5105591,-15.468051,soap_dispenser,objaverse_xl,5ac587ad33cbf2ac44aff21e9f94c2d632dbaa0425472a3c02caab8b1bf00937,16
41.3446579,-20.6294346,soap_dispenser,objaverse_xl,79ad2d3b72b5ae564fd79e5146e325e7301e4b910f4010cd5513c950b5f24564,16
41.3977547,-20.6825542,soap_dispenser,objaverse_xl,d57c003528e46b98a94e0a86f717d4aaa50da1553d6e0ad1087755359b821070,16
43.7371407,-21.4527359,soap_dispenser,texverse,2be81dcbd5824aa6a5c6f596ca7c9a63_1024,16
43.6172295,-21.4277077,soap_dispenser,texverse,544df22f823244fcb64fbbb4436a1d51_1024,16
42.7584991,-20.3545418,soap_dispenser,texverse,5731e60ae48840e8a6c171ba655eec22_1024,16
43.6413231,-19.9638901,soap_dispenser,texverse,9b26941e364f451b9ebc2c6c513f0157_1024,16
44.5370216,-19.593111,soap_dispenser,texverse,9d01054b70264c06af443fd60de27cd5_1024,16
45.1431313,-20.4862766,soap_dispenser,texverse,f17aa50bab9742c88f955fe886e8d9f4_1024,16
28.3169174,16.8100147,spray_bottle,3dw,591bdc81c267624bc21c5d9d91c5c9b5,16
42.6399422,-19.4232807,spray_bottle,objaverse,1611833f3eaa41bbba2b6944269429ab,16
42.2292938,-18.8329773,spray_bottle,objaverse_xl,4048bcd328d6964a02b928070f0678d46b8227134723a9146a4a609d40f80577,16
41.5504227,-20.6305103,spray_bottle,objaverse_xl,492f7cd8c7cf5f27e18d1556d1433d6b717e1f62b32558fb76d816caf1bdb570,16
44.3926735,-15.6224594,spray_bottle,objaverse_xl,5c11038e07a6f603628f0be1a3f9efc64683fdb6fc4a1170cc1fd356fcf03d2c,16
44.1074867,-15.7423849,spray_bottle,objaverse_xl,722793ffc233d1b9e5fb58e10c47a27313a62d050f639a837723e607ce1641ed,16
44.1220551,-15.7737827,spray_bottle,objaverse_xl,864731f3ba0cae16000f1b4a62bbc2a705b24dd91aeab9631f731e173fec3b80,16
42.0600891,-18.9588223,spray_bottle,objaverse_xl,ef1740a1ceedbb8e0e87c8d48787d965543a64e70c3f26299132582141909253,16
32.6039085,31.5925541,standing_mirror,3dfModel,0461b04b-4750-4935-b6ea-e4a32f1cf01c,16
32.5211868,31.9086456,standing_mirror,3dfModel,4115684f-7caf-4aef-9877-5546556045ed,16
32.5051193,31.8798485,standing_mirror,3dfModel,635590bf-1438-4294-81fe-ea1f9f0f4888,16
32.2676773,30.9777489,standing_mirror,3dfModel,7eeff33c-7f92-4733-bc85-161f71da0675,16
38.7472115,-2.56471395,standing_mirror,3dfModel,d3b32d5a-5058-4fd9-ab62-896ed40f1461,16
49.7200356,-4.761693,standing_mirror,3dfModel,ea4f887d-97a4-4523-af2e-581e114747f5,16
31.8843803,29.5952415,standing_mirror,3dw,4fe518e6ecc7b6944733824eae5cd9ae,16
32.3483353,28.2770081,standing_mirror,3dw,80bb390ff723cfcb4c7384dbb75cab0d,16
32.0602608,29.1094017,standing_mirror,3dw,abf42651bcde036dd79b19c7c4f0e293,16
32.8063698,27.0575638,standing_mirror,3dw,c60b233a3f968254dffd9a568a626d77,16
31.8966446,29.3296432,standing_mirror,3dw,dfa0358c3ef297cc98d5fc0473d00a1c,16
32.461834,30.4561768,standing_mirror,fpModel,0ed0c762ec81d3af3069af781aa04abdfca7b914,16
32.5672531,30.273241,standing_mirror,fpModel,1fa0bbe96047aa9c2d923254bf638613dfaa5540,16
32.6279106,30.0862045,standing_mirror,fpModel,222364e8fb6c086b9b08c15bcd8bbfa561665e9f,16
32.2452545,30.82407,standing_mirror,fpModel,46718a0ccdb3b49c1586550961d8869f7975492f,16
30.8618145,31.0751209,standing_mirror,fpModel,4f2cd6a16d00a4499398dd347c535984a61afe99,16
32.2489433,31.3263817,standing_mirror,fpModel,62f5c8f7ca165121fdf43d1de976052d537ae78b,16
31.8458652,29.9500313,standing_mirror,fpModel,78eb0851a42ad1e7c674eba790810964378c68bc,16
33.0125427,31.0279427,standing_mirror,fpModel,8cc4c52e3a2f013cddc4a620f41a7cef0f0cea84,16
31.7872238,31.6348743,standing_mirror,fpModel,95b8150d24f5b594a700fa80fa7ced0c21dadc51,16
31.1107178,30.7517509,standing_mirror,fpModel,c9c976bb79564ee9ff40f05649d7140c000927f0,16
30.2992973,32.192379,standing_mirror,fpModel,d575a3572a1e16cb6d618b314d5479638dbbb8aa,16
32.0405846,30.7310963,standing_mirror,fpModel,d8a65a864e42dd091cc08f25992f51a11533fd6c,16
32.6913795,31.0433655,standing_mirror,fpModel,e5b72fc46cfc8c4544cc2b8344d9253051818dd7,16
31.0704384,30.8962841,standing_mirror,fpModel,f4595ae56f30a01b1761fe82d4702eaf197a159a,16
29.1382122,8.94623947,stapler,3dw,3ea85c1c8977484c8def06fff01a9692,16
29.1488781,8.79420757,stapler,3dw,ce166c3e9b531363b4c1cf08f6822c7e,16
29.435667,8.85717297,stapler,3dw,fa61da31d03e8f52391ce5f4018991ce,16
28.9753342,8.47249985,stapler,wss,1874f7fc154c7c35c66e88e7ffc39f1a,16
28.7926483,8.05089951,stapler,wss,58a427e5201aa43be00ace8e7c1a5eeb,16
27.2833157,10.5897827,stapler,wss,a5cafa3a913187dd8f9dd7647048a0c,16
28.9610577,9.94294548,stapler,wss,bb5cbbd9bbfdeb1e3da4864947d731aa,16
-26.4284439,-22.8636532,storage_bench,3dw,12725f43fbb166719b9862e1dccf0733,16
7.7672987,-25.0176334,storage_bench,3dw,3816cebe24d668b16632ccdc60905aea,16
1.25371742,7.92058754,storage_bench,3dw,4f27bae834780e63661c1907a76e0a8,16
-1.30988359,7.95198488,storage_bench,3dw,54b189e58df994137a3bc7b2417286c9,16
-4.53283167,-23.9338303,storage_bench,3dw,5d83f4a555f826dac48d90eef8384210,16
-24.6583176,-9.92529106,storage_bench,3dw,769f607f748898c737ac8d648045f9c5,16
-26.6255589,-22.8328381,storage_bench,3dw,78f36e7c5186dcc9797b1c67d57d4713,16
-49.6407394,22.1563225,storage_bench,3dw,bd1d30ec53ef18bfa570c6c691c987a8,16
-51.419178,6.578475,storage_bench,3dw,f59162cdf8d94bbe8430b7446f9e1252,16
7.59728384,8.78748322,storage_bench,fpModel,0191de75f5a06878ffa4251bb8f1dc7be8ec0384,16
-26.6454163,-22.741291,storage_bench,fpModel,0ba2ffcba10f0e803712cb84f583c060efd8daf7,16
-24.7382336,-4.2864871,storage_bench,fpModel,1545dff46c628df670d35950119834dbb0d7cdf3,16
6.7728405,10.1214647,storage_bench,fpModel,3cc5cebee40bf8d2bfe4042b1f693e4eeccc54a8,16
-25.7042122,-8.54054832,storage_bench,fpModel,66b84f2b11792f135e4f0bc746caf3a6feb4ed27,16
-4.52091503,-23.8034382,storage_bench,fpModel,6ef98b7750ff80c5225b0f7c733f23d196998038,16
-14.5148048,11.052803,storage_bench,fpModel,8b5ae9acc15bc4d159f983229078ba432c2159f4,16
-14.8645449,11.4565811,storage_bench,fpModel,94f8cc0fc0894bf830f343f98419e5fa2b6fc25d,16
6.76427031,10.1729412,storage_bench,fpModel,973fedfacd435e90909e96d0877b1013a0a02710,16
-14.6087074,10.8081999,storage_bench,fpModel,9caeb820d7c3db1172a820e63dbd3896b4913099,16
-14.6525469,10.8183718,storage_bench,fpModel,a5faa788a66067bdb536364b705735ba7c5547af,16
-14.9603481,10.6454992,storage_bench,fpModel,b3d4752bce3f27d455d3744e87d3df6b192bbba0,16
-28.3867512,-14.7928448,storage_bench,fpModel,d3a926adf018e827f70d37a5d2997c825d9bb5cf,16
-14.5746794,10.9359474,storage_bench,fpModel,d5ba22e5c7328d0791fffe08a5db43203a490ebd,16
-14.9574976,12.1341095,storage_bench,fpModel,dcd2233f52efa5c8186ca4a748b17a28256ac703,16
6.85774612,9.90895271,storage_bench,fpModel,fe7989e989af5efa49a9217c4d35c6b8752f4337,16
-19.6751213,-3.53372908,storage_bench,fpModel,xxxx9980f374x4ef9x49c2xb14fx1fd1554b3bd1,16
-26.2482605,-22.93997,storage_bench,objaverse,503f23c30e6d4f7a8dc915420cc5f630,16
-14.1530523,11.5423689,storage_bench,objaverse,769391d27a47453ca2118a361824a82d,16
-25.7678871,-8.72667408,storage_bench,objaverse_xl,069b24a9284acc9c7f49a84f40ed095a42a72365e7dc5d227465287bef2e8557,16
16.8097458,13.04144,storage_bench,objaverse_xl,95527760dc689569a042dc016e82cb7874905339f2d937abafea9a2f9a484439,16
-49.6768684,20.4229183,storage_bench,texverse,23452c8ccd0c426cb1b0b8593d35d3b6_1024,16
-49.6689606,20.3929253,storage_bench,texverse,3945cad7e7a74e798092ccbb536dcb6d_1024,16
-38.0487289,15.0013819,storage_bench,texverse,7f199ac5e2334cd3bc944a06cd2e172d_1024,16
-49.6804695,20.484457,storage_bench,texverse,abee7cf2d44144b491f0dc277aacaf0e_1024,16
-38.0779991,15.0208616,storage_bench,texverse,b62c572ed2514fa0859595df2c4a172a_1024,16
-38.084095,15.0186415,storage_bench,texverse,bf3dfc05ee1e49dbb933cf00e55ccf89_1024,16
-15.303977,10.3759279,storage_bench,texverse,c001f32e063b4af382b4ed0f58a1937f_1024,16
-49.6482964,20.3427753,storage_bench,texverse,c794e2a66ddf445d882a10cdd7d990e4_1024,16
-1.0336256,-39.3437462,storage_box,fpModel,40cb227e26c9274895a33bea0fe7ed2aa4414711,16
-33.6680527,7.67656231,storage_box,fpModel,7f8a0cd7af3f9752389a3615b62da6d803ef7d67,16
-46.6526184,22.2418747,storage_chest,3dw,331568becc7596285257428a7d0621fc,16
-57.2160645,22.9414215,storage_chest,3dw,44c51d3aa574d74ce5243deefb5f99eb,16
-1.5749898,8.15964508,storage_chest,3dw,7c7e532b102618b8faeff8fe66375a92,16
-49.583107,22.1214676,storage_chest,3dw,8a3995e713324261a09112055ca4f224,16
-46.6822205,22.2248707,storage_chest,3dw,906741cfe670bf93fe700e5acd5281c0,16
-57.4016113,22.6495819,storage_chest,objaverse,1d26bb676f044b6f81488ff7b43fd408,16
-57.0178452,23.2732811,storage_chest,texverse,1a0d7fde846e411d8497b1819e982301_1024,16
-57.0783997,23.2026577,storage_chest,texverse,d87cb2b5fa484c71b53d7fb1085afce0_1024,16
-57.4720535,22.4565105,storage_chest,texverse,f769fe9dcf3744ccbed289115ed7b9d3_1024,16
-57.3637161,22.7061825,storage_chest,texverse,fa807eea4f154481bf729483eb545d8f_1024,16
20.5113983,-23.0442448,stroller,objaverse,2d5a44bcd0f64721a1aee3f1ab4f278f,16
20.5424004,-23.0515575,stroller,objaverse,5509c07994af4699b318b90d7b4e5f49,16
23.147583,3.51131701,suitcase,3dfModel,4377695f-3c78-481f-abce-3d769fba0505,16
23.2714806,4.12171555,suitcase,3dfModel,4fa2d85e-7cbf-4a3f-a642-043d3f037921,16
23.2721519,3.93100858,suitcase,3dfModel,8fd7e9dd-458d-4c34-8ee4-69db7ae7d7f4,16
22.8113213,3.01506972,suitcase,3dw,dd8c4fc3-fc42-4a73-9edc-8d870ab712f5,16
18.1343517,15.027853,suitcase,fpModel,5ef09f29b1735417f0cc07d8ec573a6102e583cf,16
30.9308891,17.8577461,switch,3dw,108289cda3d77a067ce2739c15b933e3,16
31.0148716,14.5294466,switch,3dw,1d58aa58bd4985f18b121da17f244db2,16
29.2147884,21.1112328,switch,3dw,1d5a9065d5b5a2dbd3dad974dc098fa1,16
22.5175514,12.1060534,switch,3dw,21cc8f0141ab8b5815857104a260dcac,16
29.3547459,16.1703014,switch,3dw,3cc2145775caf47cefaf604fa2300241,16
31.9526272,13.8866758,switch,3dw,4ce9e02c918747b9f5df79ceaa5e01de,16
22.6582699,12.112545,switch,3dw,4dedf6908bbbb986b249ce9318fa571,16
29.1716156,16.2026196,switch,3dw,577b2611f97ec03f985620cba44cf716,16
30.7740173,16.4413986,switch,3dw,58856a96544f3ea85230ba3c88b645e3,16
29.2447205,16.0597725,switch,3dw,5bb6acf770b377b87bf4c1fd8798f6b5,16
31.6891727,17.2412968,switch,3dw,5cf5b590b26b2230a26e3d8de97aed3f,16
31.8405514,13.6072693,switch,3dw,67dc7ae113a8251bdab3afa4aaf57a15,16
31.1205883,16.6703892,switch,3dw,6d180c4a3aad49f8b8388738701de3db,16
31.5142136,14.4405756,switch,3dw,6f23fdbf7c82c87fd724bc1c913f75d,16
28.5026951,13.4989967,switch,3dw,8d87e5d825562ad41dc5f68d8d7e8ab0,16
28.7080288,16.3253746,switch,3dw,8f2abf5b18f50825c628e4002bcfced3,16
25.1938496,12.5166359,switch,3dw,9934b6b834469339b821dc7106eeeca5,16
29.4318104,14.2528486,switch,3dw,9a2f05d7ec317cfc2063f99c33f5c49e,16
31.2679977,14.0734196,switch,3dw,a263fd661314485dc9577b3af4e92414,16
38.3857155,-13.5262547,switch,3dw,a2c059db150a9b159a6e43b878d5b335,16
39.0648041,20.1040287,switch,3dw,a34d66a99817b368978efdfd2ccd8bdb,16
30.8100109,17.6991501,switch,3dw,a447b2e4b3140b3253c2e868361dae5f,16
31.182312,14.5270605,switch,3dw,ad556a0df14aad7fa46d925749dac18d,16
23.1410618,12.0607147,switch,3dw,ba542f7e9bc0ddf638fd0c717440517a,16
38.9307861,20.1329556,switch,3dw,bf2ddfb5e29c9cc2978efdfd2ccd8bdb,16
30.8922844,17.7346363,switch,3dw,c1c44f9e0a20fa4aeba36c406fb6df1a,16
33.5317726,14.8462038,switch,3dw,c555373c1f08c57586f6eb6e4538a214,16
32.9961967,14.8052721,switch,3dw,d22d6f45bbbe0984af5bcd114f094692,16
32.6908264,21.4435101,switch,3dw,eb3e9c50e764d75bf54e1b6f41fdd78a,16
21.6063404,12.1644936,switch,3dw,ef2d73a3e4478f2f129f8293f7a4e2e7,16
30.9519634,16.8246899,switch,3dw,f3d7fef240ca329125975e984b0e050b,16
29.0319519,21.2045956,switch,3dw,f913f3808ca9ebaa25f7c1d1bb7d2357,16
38.3868904,-13.4525356,switch,3dw,fc0fc6c1ff362370125800ccf4d6625e,16
31.1196079,16.5886555,switch,3dw,fedca2936aaf1fe9f1d1e8e56e90b53b,16
31.0537491,16.230751,switch,3dw,ucfe9e936-2179-4bac-9a7d-26b590a6a4ee,16
32.1761436,13.9235535,switch,fpModel,10fe98d6dff038606af0875ee5b18f90f5aa9d04,16
32.6761971,12.0649042,switch,fpModel,33b3cf8ec87adf9fae567fdf0d6c88df3e0b88d1,16
21.8007832,-14.1359043,swivel_chair,3dfModel,0e13d9b7-7f11-3b4c-b59e-00b3de772847,16
21.82761,-13.9919987,swivel_chair,3dfModel,1555ff47-5b66-4808-af99-232f3dad61c7,16
22.1540356,-13.8745928,swivel_chair,fpModel,09a82cbac5a2f83d40bfcab2f69db7f1d22b3466,16
22.105896,-14.4102936,swivel_chair,fpModel,0b2e5dda4ef3386ec6b001496b952db45e614c0d,16
21.7587204,-14.0962219,swivel_chair,fpModel,43f2c3e0b0c3ea2158d95b19620acbed1ea9a3a9,16
22.1032505,-13.5412855,swivel_chair,fpModel,a5f9a4e0b89f85a3f8e117c3662541608f938b38,16
22.0733871,-14.3749237,swivel_chair,fpModel,d743452f4095e000452c64ba89f0b3fd0c9fbbaa,16
64.6805038,-14.0295973,table_lamp,3dw,173cb1d579c4a6a23e57e49d8269b367,16
65.345108,-14.0775824,table_lamp,3dw,5596c3615bdbbbdacdce89632859463,16
67.7306137,-12.4834232,table_lamp,3dw,938f64c1c237ef5da9bdc22a1e02e82,16
67.8102493,-17.802784,table_lamp,3dw,93d23b0a0cc7be732d2df855023462eb,16
65.2429733,-13.7230196,table_lamp,3dw,b232e518b4390ad169b53a6b85de874c,16
64.4313202,-11.6625118,table_lamp,3dw,b742a715b9401df1b1cdc74a397cc60,16
64.7907257,-14.8212156,table_lamp,fpModel,09767180ab818e62ceb205ee02ecee112dceeb5b,16
63.3545952,-12.5356798,table_lamp,fpModel,44336e9a5c62e9302dc74f91f15d3bb68d8bd42c,16
63.8469315,-14.7973175,table_lamp,fpModel,52faa6f3c0cb359484f1a540494d2c4fb8b8b805,16
64.2187347,-13.6095219,table_lamp,fpModel,538f11be1a17f9f645ca8e83fd5555baa3abdf66,16
62.8607368,-11.9414606,table_lamp,fpModel,553acf8611f4b5a3e378e913816641d4a2b7ecbd,16
62.5804977,-15.2711525,table_lamp,fpModel,63bc13a96205b3ab7bfb0840ffedb3e6115c8df6,16
64.6117325,-13.0688801,table_lamp,fpModel,99714c9a305551cf4493ab7087c60fd6e7cba4ea,16
64.3829498,-15.4944611,table_lamp,fpModel,9d84c5ecd745ca16ad1dc509b643d6309924bda8,16
63.415184,-12.2709684,table_lamp,fpModel,a980ba02a55b4f8bd67d9e1c6dc2231679bc82c9,16
62.7241096,-14.5411224,table_lamp,fpModel,f31dab1a7497cf3cdac6084a566aade5836423ba,16
62.516777,-12.9179087,table_lamp,objaverse,12d8121145094f2e813ec134d789eedd,16
54.6437149,-6.28533268,table_lamp,objaverse,5697e9cccdca4aa791000a3e2dffe784,16
63.1233978,-12.7309742,table_lamp,objaverse,7377ec591df04445a1aae370017aaa13,16
65.2026291,-15.3988075,table_lamp,objaverse,73d3bea77f3e48e7b82f0fd30545fe17,16
54.6674118,-6.40918922,table_lamp,objaverse,7937f43ef6d34f12ad96463ea1db594c,16
62.5780716,-13.8281116,table_lamp,objaverse,a42d9551cead4f1a88ea65ac740721ac,16
61.4836159,-13.1353989,table_lamp,objaverse,c6fd5942368a4f2bb142c9d99ff8ab3e,16
63.2752342,-15.8976221,table_lamp,objaverse_xl,084b80dc0949114c9e105b7a9bc0a8def93ef864021471d14f7eec00237c3ade,16
63.4741821,-14.9997511,table_lamp,objaverse_xl,35504d1fea109e4a2bd4cac20751e450939033e8a12820e34dc58290b0cd5fc9,16
64.8653336,-15.2585506,table_lamp,objaverse_xl,3dd646c3e11a3ade980287705212989862ba8d66a4e731737746b812c14980d2,16
64.4373016,-14.575222,table_lamp,objaverse_xl,56ce10df71b12c83075273a5ecf5431b68843f1c5fb93236bf65a792d4830cf0,16
63.6199875,-14.7730379,table_lamp,objaverse_xl,66c37f94dca7af273718ff23a8d744f2a388534c1edea8ee9868524d56078a61,16
64.3375702,-15.1825895,table_lamp,objaverse_xl,739b44c61c5db652670ec03fa2a85717764497edacf3f018d1879940aecc42fd,16
63.6680222,-13.3269205,table_lamp,objaverse_xl,7edea5ca42f2dd988e0bb3c03a658fae7678177f06c69bad0583964eb6d7c187,16
63.2156677,-12.584156,table_lamp,objaverse_xl,ad519ae500f24bf17749e96e50fb995d800671833cd420566ec9141d626b10a6,16
64.245903,-13.4543304,table_lamp,objaverse_xl,b6401cb21cd31cf6da1662bc1e9a04ab9aad5e7f244b94f9aec99a47b06f0366,16
63.5916481,-13.5922346,table_lamp,objaverse_xl,bce56c1e43d01d72c045d9caa590952ccc7a00acd17edab693d1b436e9b0dd13,16
63.4991035,-15.6670494,table_lamp,objaverse_xl,d4e28913c4ade8bfdf1b3d3472baafe18f806412eb98ff4ba56bd7a54077971b,16
65.9496078,-15.1695509,table_lamp,objaverse_xl,ef3f770caa94e153a2dbdd4cc978186b7da3cf2828942d7f13ce4ff0148e4d08,16
62.1364632,-13.4572115,table_lamp,texverse,042f35783bd44f489396dfde71ee067c_1024,16
63.2779808,-12.9452324,table_lamp,texverse,6200a392c7c14755ade38228aec7e01b_1024,16
66.0598297,-13.0246534,table_lamp,wss,17b083510f14982b7eaeab1f0c9120b7,16
65.4635162,-13.1059608,table_lamp,wss,20ae63b10b3407b57eaeab1f0c9120b7,16
65.8183517,-11.7679148,table_lamp,wss,375c6cce56f3967ed323d15bd4f8b2d,16
67.8061447,-12.6503754,table_lamp,wss,3c5db21345130f0290f1eb8f29abcea8,16
66.1856842,-12.6443386,table_lamp,wss,cf50c3fafc7b94e87eaeab1f0c9120b7,16
-50.046917,-14.5443707,tabletop_clock,3dw,184436dee49f36ff71a8204535061389,16
-1.02793086,24.1217823,tabletop_clock,3dw,5232b8eb845971a08d916bd833e92ece,16
49.4942589,-1.92257953,tabletop_clock,3dw,5f74b6b0bea3b292469d10b8ac646ae9,16
-29.6371727,29.4105988,tabletop_clock,3dw,9c504e9b2c9cc09644fd0745b0dd3344,16
-9.0550108,42.147541,tabletop_clock,3dw,c847dd7592c867e46a10eb60523df1e9,16
-50.0587769,-15.1231794,tabletop_clock,3dw,ed34c26b1ab3804c48d22c298c611495,16
44.5559769,-2.93095446,tabletop_clock,3dw,f6a00d43294b94fd9981610ad0ab5522,16
43.6523895,3.95990467,tabletop_clock,3dw,u06815d21-8c6b-47d2-9e75-7abc57dcc55b,16
44.1732559,-4.46786022,tabletop_clock,fpModel,21319f090727d9b7ec25222d2e2faa9582fea076_part_11,16
47.904686,-0.885775626,tabletop_clock,fpModel,2667ff4f698140233c3a3ab06686f2bc973d842b,16
44.1715736,-4.42408228,tabletop_clock,fpModel,2b2f31fee32cb0d073d69fb9bfe373684bbdd465,16
44.1732025,-4.4678731,tabletop_clock,fpModel,2dc78f6467719dc4ae5392ede5f7e3635a2924f0_part_7,16
40.8693886,3.50047207,tabletop_clock,fpModel,6c1af528c8424b3c09a8284f27f4dfd96c4a8a56,16
42.4924049,3.10901737,tabletop_clock,fpModel,988c8f3bedac15261ab3007ec6ffacb65573aa5a,16
24.5755043,3.73048496,tabletop_clock,fpModel,a50665eb9bf6c57860330bc8f492760001163607,16
44.1731682,-4.46792746,tabletop_clock,fpModel,c038b4f74c5841247cc2f3b196a55789e5055ccb_part_19,16
40.9709358,3.48283648,tabletop_clock,fpModel,c4d2556b341f612e226156792dff2eb13d752ca0,16
40.793026,3.54014874,tabletop_clock,fpModel,c4ea785cbf5c58bd600131838c3cedb2fec57761,16
46.3967209,-5.75755501,tabletop_clock,fpModel,d1a70d769420b582d349243fabf32b18844ebf0e,16
24.4719944,3.76372194,tabletop_clock,fpModel,da06e4266205dbcaaa469ae0b03e6cc49222a256,16
43.3297348,1.6709193,tabletop_clock,fpModel,dddd1984dc7d6d3214e3a00c4d16953ee4ef1338,16
27.7647228,6.91164398,tabletop_clock,fpModel,e651abc9be26e612f3e974fc4a21ed88b0666a42,16
24.568449,3.73117232,tabletop_clock,fpModel,f03a9160a43f06d49d579eb58f6ed63740afa2e4,16
44.0867958,3.82282877,tabletop_clock,fpModel,ffef466940c5dbf1af90815ce2f506f68ecd25d1,16
3.58576369,22.2614288,tabletop_clock,wss,1d693a6c9c67857f86d9ac00cacf663a,16
-29.60252,29.4893608,tabletop_clock,wss,4e979d296586eeb880aaaa0b0a5c59dc,16
37.5069122,-1.47223842,telescoping_ladder,3dw,674497ca0864fd9725ca190f5c84416f,16
37.3839188,-1.35832453,telescoping_ladder,objaverse,661640e69756489497639560ca0393b0,16
37.1403008,-1.05250216,telescoping_ladder,objaverse,c2d8bcbaddd548eda03feadaea6e9d3e,16
-13.497714,23.7126579,toaster,3dw,3d7e8cdd81a7368f467ca2ad6571afff,16
22.7229195,5.35239077,toaster,3dw,64ebfc4958062296a5fa96e3ff3c87b0,16
23.1588345,4.87434816,toaster,fpModel,490b6bd4057fd4405479ff57ebcdb4ebcaa27d49,16
23.690361,5.60558224,toaster,objaverse,37e9755326084ef294581d17acdeb4c4,16
23.0262852,5.67423534,toaster,objaverse,9662f5cc6cf6456292613d8c5075fcfb,16
23.1208286,6.29465532,toaster,objaverse,bc62dbead31f4a3293f4e17df6f342f7,16
23.5208359,5.62553263,toaster,objaverse_xl,43faf0fd4338f62b7245aa11cbc42d0179b062491c27574314b0b020b89cdcaa,16
23.1516819,5.90453529,toaster,objaverse_xl,ce4b5e1b2bd93f50248bac5cc04e7a3f480c2e8a7fb06c5a31614d0fd8bd3970,16
21.7430515,5.87176752,toaster,texverse,111272ba69aa47d78da18a259d78da1b_1024,16
22.0596352,5.79424191,toaster,texverse,1a19f19a9e074d7da574551d54051789_1024,16
22.4543152,5.57390928,toaster,texverse,68a31a8eb07d4b84aeb3b13484d4c9e8_1024,16
22.3897667,6.09891701,toaster,texverse,f3b321d7d3a24f92827dd6a0c2ed267f_1024,16
40.5627098,12.1634979,toilet,3dw,31087344771e1a148356c7b0827e2e54,16
39.8840942,11.6932163,toilet,3dw,33ae65cd1f2e40fa17aab5238858f08e,16
39.6964302,11.8275042,toilet,3dw,69c6f4956898ed853d1186ce59aba25a,16
40.5775795,11.9410295,toilet,3dw,ee10e7b9ac209cd98356c7b0827e2e54,16
40.4689178,11.5537739,toilet,objaverse,66e1858569154704bd9f218308526aba,16
40.7971458,11.6010656,toilet,objaverse,b30b33ab24484b249deb41c54aebb56a,16
38.6489906,11.7876883,toilet,objaverse,c01834a98ec34a4085911f0a44a76910,16
39.179985,11.7957306,toilet,objaverse,d8fd1398b914467d8ff48b2839c2cc6c,16
40.830204,12.3005171,toilet,objaverse_xl,176e3151f8052b31f804134df7c8fbbc27e72a45e785eb6a10d256fd0b0aa230,16
39.7357903,12.6290846,toilet,objaverse_xl,233f3af40b07050d610fd80e4c06736338a0da67683672eeea53a424c91869de,16
41.4425201,12.4494009,toilet,objaverse_xl,6523561f3dfc9990ceba157225d470dd9597a2477ca5e139d89e3dbb85d95a18,16
39.9655075,12.9492474,toilet,objaverse_xl,77bc1a341fc47c81f6263d5455a995e85451dfbcc437730a3d12249d4927bae3,16
41.4094887,12.4187851,toilet,objaverse_xl,83dcd6d9c42774aa7836f3f0fc0cc9ef8f1584eaf75d850ea1a00b4f558cd396,16
40.3766022,12.5656662,toilet,objaverse_xl,b96b926994061607eee6077e0b45871203a9a83cecc18b7e09603d751254682c,16
39.3451385,12.5139484,toilet,objaverse_xl,bd04380c361eb3eaf86b8dd491352afdea0fc426590240315240958c3bea9981,16
39.8220863,12.3482084,toilet,objaverse_xl,d0c53be91b2240eed2ebfd827e15de5fdeee883f3c063fcec5b247a3aba84290,16
40.442337,12.5228939,toilet,objaverse_xl,d74fd128a993b75fa2b7ef4f8576003cfe1377624eff36a4d2c16ab6100334e7,16
40.6749916,12.6495361,toilet,objaverse_xl,deb2d9259c1f8ede2129f7b54595ebb53910dfd15827a6c71c1ae24cf0fd7be7,16
41.1936493,12.166605,toilet,objaverse_xl,f4d48cd23d2429c5b7561e7d6c6f1214b63263e0559b0459ba29c51fad4d842c,16
39.3335609,12.0236015,toilet,objaverse_xl,fe75c66b569485f0dfe5c94f62302fba9837699e1138f4d5ca4ee2d48868334a,16
41.2955246,12.1223354,toilet,partnext,5331e942217b44e981b57e7db7dcd9f9,16
42.1674271,12.6308746,toilet,partnext,61a7ef73099e4c7ba20e2ec6f62a74e3,16
42.8718758,12.9566641,toilet,partnext,66c0499d7d3d47c4be8f3ad9ca2f1e3d,16
5.50558996,7.83623886,tool_box,3dw,4c557675305361baae7ee705d0c511c8,16
17.9135838,15.4147339,tool_box,3dw,6764cd44c7e17228601bea3dca268229,16
24.5207253,10.9376612,tool_box,3dw,8eac1b0723b693de403f5970c72db41b,16
12.161521,17.652256,tool_box,3dw,a963a10683ba799ba59ff8378a27445f,16
12.1641951,17.6433411,tool_box,3dw,b57ee0c2a53e53c0a59ff8378a27445f,16
12.1688566,17.6342258,tool_box,3dw,c57bfaa8724170aba59ff8378a27445f,16
-22.7205315,-15.0248632,tool_box,3dw,ca1c9d1c6cd0aa50807a60f6771a1dd2,16
26.3547325,10.4489117,tool_cabinet,3dw,d33c7a9c19dec5d17eee615e75bc3b77,16
50.3063507,6.41434765,towel_ring,3dw,154dcb1f2322513ba27eb82f2ca1a947,16
73.1393127,10.0851765,towel_ring,3dw,240b8ad3e5ed3d9350da8b99982a3057,16
73.6037064,7.77615786,towel_ring,3dw,26183a1ff0f681bd50da8b99982a3057,16
70.1899872,10.8739872,towel_ring,3dw,2afd267812e81c9350da8b99982a3057,16
73.3284607,10.1956959,towel_ring,3dw,2fa8ac2fcb13103250da8b99982a3057,16
74.3282623,8.65192127,towel_ring,3dw,30b721e1fcf9f98450da8b99982a3057,16
74.1142197,9.40927887,towel_ring,3dw,3687fbd9f1319a1a50da8b99982a3057,16
70.4848633,10.6356344,towel_ring,3dw,392d4753c991ef2850da8b99982a3057,16
72.4930649,8.0718441,towel_ring,3dw,3d522a9732d780e550da8b99982a3057,16
72.9455566,6.44992542,towel_ring,3dw,3db6a56cc5b016d63321831d2245cf06,16
74.0906906,8.93863106,towel_ring,3dw,3fde35830c20a71750da8b99982a3057,16
70.9218063,8.45351315,towel_ring,3dw,40c50ad3934b97123321831d2245cf06,16
73.3572998,8.43058777,towel_ring,3dw,4708ccf8c7b449c750da8b99982a3057,16
53.5618935,-5.89460182,towel_ring,3dw,48913a35b47d83108fc10ef0eaf91cf5,16
70.6964874,10.6282425,towel_ring,3dw,48f8387130feaeb750da8b99982a3057,16
74.1239624,9.77185726,towel_ring,3dw,51b47aa55601550f50da8b99982a3057,16
73.0716934,9.76693153,towel_ring,3dw,5624fd1beeff323050da8b99982a3057,16
70.300148,10.9528952,towel_ring,3dw,5ded38a56e9ec25450da8b99982a3057,16
73.0059433,8.32784081,towel_ring,3dw,79406b2abd7fd81d50da8b99982a3057,16
73.1803436,7.33775663,towel_ring,3dw,7e9c9d414d7e6b0a50da8b99982a3057,16
70.2275162,10.8738413,towel_ring,3dw,84f1e9ee6af8227850da8b99982a3057,16
73.7136765,10.0992718,towel_ring,3dw,8bc279542bfc7aea50da8b99982a3057,16
70.5748291,9.89495277,towel_ring,3dw,8e14c2a3762227aa50da8b99982a3057,16
70.8657379,11.1198254,towel_ring,3dw,92cf0038d86ac80750da8b99982a3057,16
50.3110313,6.30246115,towel_ring,3dw,a7cbc7c6e3b398af72a57e125498186,16
73.4542999,7.4818964,towel_ring,3dw,ad02246b3762acfe50da8b99982a3057,16
69.8542938,10.5791559,towel_ring,3dw,b49f1bba75abccbf3321831d2245cf06,16
72.7252045,7.90785265,towel_ring,3dw,b4ea5ff2a4ae832350da8b99982a3057,16
73.0935059,9.79821301,towel_ring,3dw,b51f48d94db733750da8b99982a3057,16
73.0326462,8.97496796,towel_ring,3dw,ba208770b863cd4450da8b99982a3057,16
72.3750381,9.08450317,towel_ring,3dw,bb501c4bef54e54d3321831d2245cf06,16
73.3314896,8.07381058,towel_ring,3dw,c8fda1674ce9d5e50da8b99982a3057,16
70.4938965,10.6396303,towel_ring,3dw,c9c39b528a7f0af050da8b99982a3057,16
74.2263641,9.79109764,towel_ring,3dw,ca8752111a2383d50da8b99982a3057,16
73.3192215,8.18397999,towel_ring,3dw,cb07f177ee40674650da8b99982a3057,16
72.3668137,8.7521553,towel_ring,3dw,d36440189614456850da8b99982a3057,16
72.829277,6.96804285,towel_ring,3dw,e1d99ddcbb96791250da8b99982a3057,16
73.502182,9.38026905,towel_ring,3dw,e75cca0ce4eab50c50da8b99982a3057,16
73.7923889,10.1862946,towel_ring,3dw,f25712612bde409050da8b99982a3057,16
74.1422577,8.3374815,towel_ring,3dw,faf88049369503cb50da8b99982a3057,16
73.7951584,8.32909393,towel_ring,3dw,fb19bacaeb867ece50da8b99982a3057,16
72.5477295,7.17936754,towel_ring,3dw,fc9530f2826ad37350da8b99982a3057,16
74.3512268,7.75285339,towel_ring,3dw,fce32db398d1781450da8b99982a3057,16
73.8584824,6.68370008,towel_ring,3dw,fd5b76c3b451c18b625ac64d4da8b7e4,16
74.1963654,5.75254345,towel_ring,fpModel,42ba54225bc6cfcca8618a5dde7cbd5bb4a954da,16
74.951561,6.76907396,towel_ring,fpModel,9df21e4c08680b11af0501f324499f493365b61e,16
74.7057724,6.47129631,towel_ring,fpModel,ab3ddbf2938d1217677ce647de4f58c906d4993e_part_12,16
72.9754868,6.41644001,towel_ring,wss,1f8f11818515ad253321831d2245cf06,16
74.0535126,7.35571241,towel_ring,wss,2a5cbd3158d861c33321831d2245cf06,16
71.0191879,8.38101387,towel_ring,wss,563bf1920928b4b83321831d2245cf06,16
72.6443253,10.9879217,towel_ring,wss,612502d1b88031d38223339ec998b50b,16
71.2802582,6.73315287,towel_ring,wss,6a8aaa5add70d68c3321831d2245cf06,16
72.7674484,6.24198675,towel_ring,wss,7da673f045d580003321831d2245cf06,16
71.8892746,6.71221924,towel_ring,wss,f31ee42fce03a85d3321831d2245cf06,16
-21.0242271,3.04485154,tv_stand,3dfModel,067ffb4f-f8d2-4030-a51f-e93f3e6aebb6,16
-17.2402611,4.15658903,tv_stand,3dfModel,0ce53f9c-0199-477e-9c85-bfaa0c53d0f9,16
-19.6561794,3.92167115,tv_stand,3dfModel,24f95734-9101-3602-a3e2-3143123e9601,16
-18.4977188,2.5923481,tv_stand,3dfModel,3b0f16c1-2e0f-4c52-ba9c-3c69c50e3ec4,16
-28.2388649,0.660972536,tv_stand,3dfModel,4715ca99-094f-4b4b-b99a-8c7202e53eba,16
-11.8800097,2.34190559,tv_stand,3dfModel,6f2d5042-57cf-4114-a847-0139b8503816,16
-16.0280209,4.51167822,tv_stand,3dfModel,7d7b40e7-740f-4b1e-904c-fb62fe18d0d8,16
-17.9742756,5.02521849,tv_stand,3dfModel,8694bb01-1c9d-4485-929f-8c272371c5cf,16
-27.6477718,-0.901285648,tv_stand,3dfModel,93488703-4eb8-4c88-bfd0-ae3c1be9516f,16
-10.9007826,3.34396362,tv_stand,3dfModel,d607185d-ff97-479f-ae0b-587c46fc0f7c,16
-19.0195503,-7.56204557,tv_stand,3dw,1556bd96b4641e418313081482bf7cb,16
-20.8359013,-4.89482594,tv_stand,3dw,29922772cd50e5cf67c142b1a79983d6,16
-24.6331291,-5.38871288,tv_stand,3dw,30b42a3beae0335189114e4bbf2b319e,16
-10.6105089,-2.5737102,tv_stand,3dw,3aa2a97c42f6f55de074517a246f1e65,16
-2.93972516,12.4842548,tv_stand,3dw,5a56cf6d82fb8a2b18aa89d22ea3e7a3,16
-19.6358051,-7.28640079,tv_stand,3dw,5aa83386d2624e169f79c7f165b75cb7,16
-20.9731083,-4.82701445,tv_stand,3dw,5dd9b9ee9a0891c4b946148cb007475c,16
-17.0131187,-4.56619883,tv_stand,3dw,612404bd6c020d0d5c08f0c0017d5557,16
0.351578683,8.63562965,tv_stand,3dw,691cd514d64525b915e11f7780914108,16
-21.8328094,-7.90937662,tv_stand,3dw,717bcf298f1f97623ca777729de0dbae,16
-9.57132626,4.36676836,tv_stand,3dw,7190b4ae788b076c13126a55806465cd,16
-9.04322529,5.40268517,tv_stand,3dw,739bb8ebe44c50249bb7016c8f367e7b,16
-21.6064205,0.68449378,tv_stand,3dw,7eeb753f0896a46f9f79c7f165b75cb7,16
-51.3141937,14.5437708,tv_stand,3dw,842f5bf0cf02ea848f752640bf97da00,16
-10.969615,-0.0967415869,tv_stand,3dw,88d941a4831e1f3a5a3075d93a0a3a93,16
-22.9821453,-0.923641503,tv_stand,3dw,9a77578f09c411b32ebeb1e6a8111f53,16
-15.5856314,-3.80778694,tv_stand,3dw,9fb298ad3c48b47c70df41308529b905,16
-19.5981236,-7.03815842,tv_stand,3dw,bbd79c0df598c3d7659dda512294c744,16
-35.4388351,-14.7618198,tv_stand,3dw,be1d0c806f02be31b4928b26c3aa6183,16
-15.7731447,2.43269682,tv_stand,3dw,c32766e87bd69ec24719088c8e42c6ab,16
-32.9065819,21.3176918,tv_stand,3dw,e336fa4041db450fdf44d20a516c07b3,16
-9.82916927,-5.09794998,tv_stand,3dw,f424c56fa5361612b1058bd634f67e11,16
-23.7307987,-3.25146651,tv_stand,3dw,f9e547ab0b9551867273331b27bd20e9,16
-18.53755,2.25361538,tv_stand,fpModel,08931f704e2f2f9aae4d02134dc2f6894631688c,16
-28.0193844,-2.88013434,tv_stand,fpModel,185df6a6978441ac0370961942d1922af1d234f6,16
-34.9363823,-14.5467854,tv_stand,fpModel,1aebe7d2500bfbcb0c6ec787a98a2b3701099ed7,16
-31.4898262,0.433558702,tv_stand,fpModel,20c2307590ca5c2b4f75ab905fc11279d4e8b226,16
-17.9365673,-1.76346493,tv_stand,fpModel,212778c0c265e0db358ad7c8c1fa9a4bcfe41bd7,16
-23.32938,0.537634552,tv_stand,fpModel,3d3643adc7e0934142ba5482adbe691056196e3b,16
-13.1849442,3.99635482,tv_stand,fpModel,40effc5a3d4e42ac5778667f5ec82f8019b31833,16
-29.2771931,3.83201408,tv_stand,fpModel,5dd163c10ad18f02392935bac6fb31738507f9a7,16
-20.7596169,2.07132959,tv_stand,fpModel,679df106227c9c72b36ac24b71f678024893ebfe,16
-11.8799028,4.04802704,tv_stand,fpModel,6d0a8700e168806df1234300f20a8969b23d0528,16
-25.4158401,-5.60920238,tv_stand,fpModel,711ca0050f3f9b5f88d68e5b09d4e176090e64ad,16
-29.0893593,-2.96824861,tv_stand,fpModel,72bea8a7114d39dffad90d7e97a05f7d5fefd3f3,16
-34.4905243,-14.7061043,tv_stand,fpModel,7aad199df0520c5e3626621ed9a45403ca92fd59,16
-27.6473446,-13.7214241,tv_stand,fpModel,7ec8e9feb1d56ad9e0f6a7647d249c652b987031,16
-16.0494061,1.44546688,tv_stand,fpModel,82853146797ce9b1ec5fa02d085f6cf816c243f5,16
-12.4032974,3.67253423,tv_stand,fpModel,84365ae4e8622f10d9688a63cb9c083154015e40,16
-22.7234688,3.4999094,tv_stand,fpModel,8abac94c4a656d0de2cbef4e3289fc264534338f,16
-22.8971577,-6.76414633,tv_stand,fpModel,a0c0682b2b668d3784b1fbefcbce33d902c095e5,16
-10.7842379,-1.0859369,tv_stand,fpModel,a396dd2cc5c9597ede9ff2f6c6310cb65e9f53d0,16
-5.09089708,-4.00764084,tv_stand,fpModel,a77e6006efcacc637e1c2a49e72232ee0f435e35,16
-26.3104897,-3.42851853,tv_stand,fpModel,a7a9b8d2ae756986014a94885ed86da2ba797214,16
-34.476963,-14.6668119,tv_stand,fpModel,a8779dcb4d51627b49efb7b58c281e0ea42f9a00,16
-24.3939686,5.58662939,tv_stand,fpModel,abfe6b503ca50f702989ec29e758d6c92b65bb5e,16
-27.4693489,-3.79445601,tv_stand,fpModel,adf1a6430989bad369414f30e27f74084f3d2cae,16
-18.0599174,-5.28017855,tv_stand,fpModel,b397f2eaef6293142be8b6c8abca16ec4dd51bd9,16
-13.5434971,2.3665061,tv_stand,fpModel,b52a045d6d0dc10cdc872ffc4a932a3d16f4e6e2,16
-13.5363293,2.32492828,tv_stand,fpModel,b90ec083667e82b541010a09146637f9f7da3698,16
-15.2512999,6.65529585,tv_stand,fpModel,ba231dd136e3bc77fb04ade17235b923aa7b2f07,16
-27.4483337,-1.11469686,tv_stand,fpModel,bb3d4d2bb300b0ac4a99aa0b377123de497bea3f,16
-20.4030476,1.95505452,tv_stand,fpModel,bb3fe90bafdd46b77abcc1bfb5773d1cd110b8dc,16
-10.9276133,3.58489776,tv_stand,fpModel,c35b7327609100ad9504c9f4a73c745fd1185c0e,16
-4.54134941,10.5413895,tv_stand,fpModel,c493273348e661dce9c1690dc54fc625ab9cf834,16
-24.4209957,-1.85106421,tv_stand,fpModel,c61e8e4d12958dd3489d22fa51c47f14622034e2,16
-10.4893131,1.95423663,tv_stand,fpModel,c70ef2f552fd561ae25806cfe63d5d7e07ac6f76,16
-24.5163364,-0.749467313,tv_stand,fpModel,d52301544c422bcf636ba41e4b108d50998d7d6f,16
-13.031065,3.52370858,tv_stand,fpModel,d599a7a59c32fa7cbba3ffa320de452a331c131e,16
-26.7631359,-2.47653937,tv_stand,fpModel,d5c83369505d1bad9bcf54734a507870124103fc,16
-28.4448833,-3.23915863,tv_stand,fpModel,d71e6b935fc49a8cdc391283eea037016956b6b8,16
-31.4486485,-17.6575108,tv_stand,fpModel,dc4b6a1b56faf0b0ac679141c9c53f1449bf984a,16
-24.7205296,-2.26407957,tv_stand,fpModel,dd4f6d12515c8ef7623dbadef1e91e37a82f6cba,16
-27.6234875,-3.11158347,tv_stand,fpModel,dd743e1b5d46f59890eb5d0bed057b295bbb5f16,16
-26.1414776,0.413309067,tv_stand,fpModel,e0486f8e03441481436254ea00d35fed866c68d3,16
-19.2806435,2.35966873,tv_stand,fpModel,e826943dcb439733c53a13097b3e2b57c96ee382,16
28.7508678,10.2870045,tv_stand,fpModel,e82f98b6090a3af3fcfc9519172f51f6b0af58eb,16
-17.8621464,3.02347565,tv_stand,fpModel,e9bf0aab8dafe8c727b4eed113d6c7405048f14e,16
-11.1045876,3.61681867,tv_stand,fpModel,ea5ec37b381d5b1151ac375cd882c99af858e937,16
-22.7133617,3.52213073,tv_stand,fpModel,ea816e83b8b6895186b9b486eea931f9f70dcc29,16
-15.2431679,6.67240047,tv_stand,fpModel,eae23b6121e974982ec521d9118e0034134c37f8,16
-27.7962685,-3.81644893,tv_stand,fpModel,f7701ca4696f7d1696a11a489706cecc21ca763b,16
-26.1383915,-1.23535061,tv_stand,fpModel,xxxxf3d34cd3x0738x4466xb38fxabf4cacc51f8,16
-22.356451,-6.01989603,tv_stand,objaverse,030b2815665a43ae851dc66b60bb1f17,16
-22.2984066,-3.49099112,tv_stand,objaverse,06cbc4d9ca7e4e6cbdb936a464fd2060,16
-23.07584,-4.06981802,tv_stand,objaverse,16cf4423817b410e995727c6fe6183a1,16
-22.7019176,-3.12235308,tv_stand,objaverse,385b6f38cc0840f4b453486370eaf53e,16
-24.9868584,-1.19995677,tv_stand,objaverse,3f23b8844c0649afb2f81b2bc8f6f096,16
-22.4739628,-3.97083426,tv_stand,objaverse,553c5202460845c3af87c031d3a52337,16
-22.9578686,-3.50992727,tv_stand,objaverse,57eca8d132ef4e0797d5f590009ca46e,16
-22.2657299,-3.24998784,tv_stand,objaverse,5d93b24ea62f48a0884edcd01e5815b0,16
-21.8842239,-3.1398344,tv_stand,objaverse,64fda3e5bdc1420b94aa5d4a361ca8a7,16
-22.9120026,-3.50813341,tv_stand,objaverse,67e0380e0bdc4d53abe35f2dfcea2fed,16
-22.9938755,-3.72128558,tv_stand,objaverse,7298a7185ee44c9a9b0ecfbf5bef8cf7,16
-23.3870125,-6.63595486,tv_stand,objaverse,bb63eb3f61c14594980968eba4a2ba4a,16
-22.2322674,-3.51577473,tv_stand,objaverse,c327442a45734b2ba618f5fa8f7aaf3b,16
-22.4179325,-3.77580547,tv_stand,objaverse,dbcbcbcad18f4551bd703d40a2e638f0,16
-22.5617638,-6.9414134,tv_stand,objaverse,f6442dc463984edda621114010ed5c93,16
-15.8545017,3.07569027,tv_stand,objaverse_xl,07ee8335274b9f3a179d4e6d77cd20ff1a03cac16232528fd9be500d08559b42,16
27.7240334,10.7136106,tv_stand,objaverse_xl,084810ecdf453633706ca6a01b7b5afd4c359642c35e996332ac5ae3a8cd626c,16
-26.3159084,-2.82464433,tv_stand,objaverse_xl,1fba57c13a48d9e63ba644154515ebaeaf61593558d8c9d0634153dc34da80da,16
-13.5021486,4.67337704,tv_stand,objaverse_xl,34ed65cc414c7f8c4bbb17af01cc1653270cc6118fa90284b29262b034dee29e,16
-14.5417032,4.16079283,tv_stand,objaverse_xl,5c58944285ed815470ff3e46cbad5a1e55e0980c1ac96c63c1f96f0b33df08b3,16
-11.2501726,0.794163167,tv_stand,objaverse_xl,7ecf8f6d46891733a3e38a8e8818dec4e359a32f3acf57b5d138ba092471fd2e,16
-12.9554424,2.99675202,tv_stand,objaverse_xl,7f5e4570cd5a669becdf719ac2734d7290c09709705c28c2e0e9a6d17ca87e41,16
-22.6683388,1.78987443,tv_stand,objaverse_xl,823d424d966b437ea2e9b7e4784e5d2b984247d3270acb8913387558500f1d8d,16
-12.1347227,5.36685467,tv_stand,objaverse_xl,91364a99dae100a88bfd7405c731c085a8a8a72a90f8ba21375b945334b76b60,16
-12.0510225,1.861696,tv_stand,objaverse_xl,a3ae61bb4fd96c878a6f3020dadc3daa5de93f4bf60585041323816ab2897bf8,16
-11.6320944,4.14217043,tv_stand,objaverse_xl,bb79c5fa6778bc72949efa34d978043d9a1a49e23dafa72925f4e9265846665f,16
-26.3152313,-2.82298636,tv_stand,objaverse_xl,c4d9323f6a7ac775a756c86550d2d32608c721c6efa3f4aa2ef81dd0d45ad478,16
-12.0872526,1.73707891,tv_stand,objaverse_xl,c6d00fa67bfac2ea65e0c46bf21dd43ceeae95a8a59f5c6398c614fb3bbcc4dd,16
-18.4142952,-5.0668416,tv_stand,objaverse_xl,c9db92025ab0f90cdbed9fb097ddd56912952b32219e19563d69f56d1ed63677,16
-14.7471905,1.85393941,tv_stand,objaverse_xl,cf6a059bd227b60808fd29a06bbd9e541a25fc57703cbd9deccb31a88f47673e,16
-21.9203396,1.51009893,tv_stand,objaverse_xl,d63eb9df9f3918fbc1836eb91ce6de02b941900910bcc359b555b33bf21aa53b,16
-23.5170746,0.0154314805,tv_stand,texverse,0098d04b1cfe413f816bf1ac5ec6d2a2_1024,16
-28.8289948,-3.86165261,tv_stand,texverse,01024800ef3c45dcb616af2b30b273f5_1024,16
-22.7282143,-7.9891572,tv_stand,texverse,10a44181bd4a42ab9daf7e86d4db9498_1024,16
-23.3606071,0.769382536,tv_stand,texverse,1173dd965443419eba9b5c2093f86161_1024,16
-28.6720295,0.259289026,tv_stand,texverse,147217d757e74a35b6ac1e69b1902d7b_1024,16
-21.6890869,-0.563327372,tv_stand,texverse,1781c87b986b4629b1d6b9c82d419412_1024,16
-22.2676239,-2.40258265,tv_stand,texverse,290cbf357b3045e591ce58e64e66b41c_1024,16
-22.9345798,-2.60469818,tv_stand,texverse,2be641dd7f784e93a9a787f1d8cc2b1f_1024,16
-23.4684734,-6.33966589,tv_stand,texverse,2c9ed7a1f8f94e6295b5861f395499c7_1024,16
-26.841629,-0.560872197,tv_stand,texverse,488564430c2945338b32466550062324_1024,16
-19.9085236,3.25156808,tv_stand,texverse,64dcbaf34b704ba9b41a7101392d8be7_1024,16
-32.6062088,-6.0699563,tv_stand,texverse,afecc251cf07462e892f405ca5f7f118_1024,16
-24.3636475,-9.37177658,tv_stand,texverse,b6e51280c01a4ae492e5fd7515ec60a9_1024,16
-22.2813587,-7.36397505,tv_stand,texverse,c01c1f205b2f40d5a58cd3ff38a634bc_1024,16
-30.4087849,-5.62236166,tv_stand,texverse,ccc0eb53f9da490a8f4e7aac5111b7c1_1024,16
-23.0294209,0.778341115,tv_stand,texverse,d5406c453c7b4fd58c7f9b32bc5d6c66_1024,16
-10.6583643,-2.67397475,tv_stand,wss,3d6b55fe2deb2aa3a1c746794f191dc8,16
-48.3050346,33.7700539,wall_cabinet,3dw,1316893f333a0fb24da5feafe6f1c8fc,16
-29.8332253,24.9537144,wall_cabinet,3dw,13253cfa93286eafcb76d5d7c68717f,16
-43.232563,32.6712761,wall_cabinet,3dw,1586cba3f8cd51544da5feafe6f1c8fc,16
-32.2617378,28.7805119,wall_cabinet,3dw,16d4177524ad115929a50a2b3c5e5b6,16
3.24510741,8.67112923,wall_cabinet,3dw,16d459afb243216ded774b396acb4ad0,16
-40.8365173,35.6855774,wall_cabinet,3dw,17f82b5a32615127c59350d819542ec7,16
2.40436339,11.01863,wall_cabinet,3dw,19df9d0beaaa13697d7e34ead9464e9a,16
-43.2708588,37.7081909,wall_cabinet,3dw,1afbdb7016cae07bc59350d819542ec7,16
-46.6891022,32.8000221,wall_cabinet,3dw,205fd74a89613b0f4da5feafe6f1c8fc,16
-39.5970535,34.6921005,wall_cabinet,3dw,223f8805540bc82dc59350d819542ec7,16
2.2311244,11.282217,wall_cabinet,3dw,24b10a8658204aed445d331cfaf98aa,16
2.62062669,11.1693697,wall_cabinet,3dw,26026d9fd8870d0a44221bef0fa3c36b,16
2.40812564,10.9344559,wall_cabinet,3dw,262b55c76abb6413da37c1b3a20a247e,16
-32.7793922,26.0511703,wall_cabinet,3dw,27300d70be0d54904da5feafe6f1c8fc,16
-43.9260635,36.2029686,wall_cabinet,3dw,282c3b145064ec14c59350d819542ec7,16
3.7921021,10.2531147,wall_cabinet,3dw,28c6f5ab2fd3c67344221bef0fa3c36b,16
-41.5171928,37.3466721,wall_cabinet,3dw,28ea230c8147efafc59350d819542ec7,16
3.5102725,10.6231394,wall_cabinet,3dw,2c1bd27c5e6f175f5914dcffc6513243,16
-42.4297752,33.1394958,wall_cabinet,3dw,2d3eb667f288e5544da5feafe6f1c8fc,16
1.77253306,8.89304924,wall_cabinet,3dw,2e3af3401bf4065644221bef0fa3c36b,16
-41.4245644,37.4171524,wall_cabinet,3dw,2f916d9eef94ae2dc59350d819542ec7,16
-49.2245941,37.0362053,wall_cabinet,3dw,2fa5895c1be18c37c59350d819542ec7,16
2.49441814,10.9839611,wall_cabinet,3dw,30b1b3d44872b324458dc22d32ba85d2,16
-32.3932533,27.1216202,wall_cabinet,3dw,3235b76d37feac9812de5317fe5b354f,16
-38.8947563,21.3857422,wall_cabinet,3dw,33527f36c821ac19c0b2397831029b54,16
-49.0220909,33.4087143,wall_cabinet,3dw,354aeb1b64a7b4364da5feafe6f1c8fc,16
-43.6144218,35.7607689,wall_cabinet,3dw,369edc2e03c46bbdc59350d819542ec7,16
-43.370842,37.4205208,wall_cabinet,3dw,36ad440da3644ecc59350d819542ec7,16
-48.5112038,31.6416073,wall_cabinet,3dw,37c81e7b0064c4164da5feafe6f1c8fc,16
-41.8016968,36.6310425,wall_cabinet,3dw,39e1ed2c19e8ba7ac59350d819542ec7,16
-41.5199547,29.9579868,wall_cabinet,3dw,3a4f3b5b213a932612de5317fe5b354f,16
-45.8181648,34.0397301,wall_cabinet,3dw,3baea1efb595dabec59350d819542ec7,16
-45.9282379,33.9637489,wall_cabinet,3dw,3e0912a8c8490ce7c59350d819542ec7,16
-42.0574417,35.3291512,wall_cabinet,3dw,4000f9e68eec322bc59350d819542ec7,16
-31.0366592,25.4443798,wall_cabinet,3dw,41b5c238904cb0f5fcb76d5d7c68717f,16
2.90939951,10.66712,wall_cabinet,3dw,425f31c2e234ce3344221bef0fa3c36b,16
-47.4921341,34.0533943,wall_cabinet,3dw,47196ebc6dc2e0104da5feafe6f1c8fc,16
-45.8872185,35.1979523,wall_cabinet,3dw,4b78b88b5bde5751c59350d819542ec7,16
-50.2572479,36.6505432,wall_cabinet,3dw,4ff7bc1ce7ced112824662341ce2b233,16
-41.1763611,36.5250816,wall_cabinet,3dw,50ee282a330321824662341ce2b233,16
-45.8875465,32.8394432,wall_cabinet,3dw,51db647162c3b0f5c59350d819542ec7,16
-47.7611237,32.6852112,wall_cabinet,3dw,52c8b2ea603378f14da5feafe6f1c8fc,16
-41.1879196,35.1264992,wall_cabinet,3dw,52e7609065515532c59350d819542ec7,16
-43.9670792,36.869442,wall_cabinet,3dw,530ae0c227f29435824662341ce2b233,16
-41.1943932,35.0330124,wall_cabinet,3dw,5351d944caa004e1c59350d819542ec7,16
-45.1775017,32.0923462,wall_cabinet,3dw,5720d28bbf5e3decc59350d819542ec7,16
-38.8488617,21.4412308,wall_cabinet,3dw,58b2203077455250c0b2397831029b54,16
2.74095106,10.4222126,wall_cabinet,3dw,5923eedbf819e78fee561cf75dee3f02,16
3.8039546,10.271699,wall_cabinet,3dw,596703ed87abae5e44221bef0fa3c36b,16
-46.9913292,35.5089645,wall_cabinet,3dw,59e571db0d0e42c7c59350d819542ec7,16
-48.2897377,34.1606979,wall_cabinet,3dw,5a85a724c7f5f1bd4da5feafe6f1c8fc,16
-42.3434677,35.2448006,wall_cabinet,3dw,5e672045e34af18d4da5feafe6f1c8fc,16
1.9573735,8.73374462,wall_cabinet,3dw,5fa9892a557ab00344221bef0fa3c36b,16
-47.9872627,32.2497025,wall_cabinet,3dw,6408e2a6fe1115db4da5feafe6f1c8fc,16
-42.8716888,33.6606636,wall_cabinet,3dw,64790ddc3df14e8c59350d819542ec7,16
-32.2974777,28.7418194,wall_cabinet,3dw,671656c9aba4038e86d53ab0fe94e911,16
-36.9213982,23.4693317,wall_cabinet,3dw,688e64c979a374c7824662341ce2b233,16
-38.9064445,21.4499645,wall_cabinet,3dw,6b0f0f01c7281702c0b2397831029b54,16
-47.5396843,35.2049866,wall_cabinet,3dw,6b5a6f532c0cd9074692707833167ca3,16
-43.2269936,37.232769,wall_cabinet,3dw,70cb11942de32009c59350d819542ec7,16
-0.510253966,21.2607689,wall_cabinet,3dw,746ec80056af479fcd0da6f674b192c9,16
-41.6402931,29.7961979,wall_cabinet,3dw,75c73a8f1079915e12de5317fe5b354f,16
-34.2865219,23.6869259,wall_cabinet,3dw,788d7a6671bba2b266d632953224800,16
2.62602854,10.676877,wall_cabinet,3dw,7c81770fd73eacce44221bef0fa3c36b,16
-32.4464493,27.4924278,wall_cabinet,3dw,7d1af950bfd464c0c59350d819542ec7,16
-49.3245506,36.2788658,wall_cabinet,3dw,7e6532929b4f22b34da5feafe6f1c8fc,16
-39.7823334,34.8688889,wall_cabinet,3dw,7feb586909320fb0c59350d819542ec7,16
-43.087265,33.4751892,wall_cabinet,3dw,802e939e56981c5ec59350d819542ec7,16
-45.8647957,34.3605194,wall_cabinet,3dw,832b33e5a3e77bdbc59350d819542ec7,16
-47.8550224,32.5576134,wall_cabinet,3dw,843378466f0ea6ef4da5feafe6f1c8fc,16
1.93399286,8.68007088,wall_cabinet,3dw,850adb1304ee2094552cb8746194359c,16
-49.2037163,36.9922485,wall_cabinet,3dw,88075c5f42ea0ea0c59350d819542ec7,16
-36.4113007,24.7393074,wall_cabinet,3dw,88087c4cba397a72c59350d819542ec7,16
-48.3704796,33.9421349,wall_cabinet,3dw,89f9efdae5f5dcd84692707833167ca3,16
-42.2119904,36.429039,wall_cabinet,3dw,8a93cbc5dbebd2b94da5feafe6f1c8fc,16
-46.8558311,33.3533325,wall_cabinet,3dw,8fca89f073116c794da5feafe6f1c8fc,16
-40.3768768,35.0446587,wall_cabinet,3dw,901a875f5795c35ac59350d819542ec7,16
-42.185421,36.0285606,wall_cabinet,3dw,923fa58a26f78a95c59350d819542ec7,16
-41.1014633,34.2630768,wall_cabinet,3dw,92ab67e3dfbbfb6fc59350d819542ec7,16
-47.6871986,32.0322304,wall_cabinet,3dw,930d8dc6ce25419ac59350d819542ec7,16
-41.900547,35.8050194,wall_cabinet,3dw,96009b47d99ec64ec59350d819542ec7,16
-41.5848045,29.9154968,wall_cabinet,3dw,96584c4c79b32f4486d53ab0fe94e911,16
-42.5404854,34.8824158,wall_cabinet,3dw,9695181e7ff1d28b4da5feafe6f1c8fc,16
-30.5096684,25.0532017,wall_cabinet,3dw,97d2d6336df8a7fbfcb76d5d7c68717f,16
3.25063086,8.69727898,wall_cabinet,3dw,9a258f6e0d729e1f44221bef0fa3c36b,16
-36.4329796,24.4777164,wall_cabinet,3dw,9b263b4e7e6c9555c59350d819542ec7,16
-43.3832779,33.9154015,wall_cabinet,3dw,9b403f5e2d73176d4da5feafe6f1c8fc,16
-41.5535812,29.9224396,wall_cabinet,3dw,a18c26b5df3bbab212de5317fe5b354f,16
-41.7953529,34.2079048,wall_cabinet,3dw,a29513579e2bec97c59350d819542ec7,16
2.84720707,10.6171875,wall_cabinet,3dw,a30bc101ece4f0fcb5c229198df43cf,16
-41.6231651,34.5373878,wall_cabinet,3dw,a479d54558ce7036c59350d819542ec7,16
-41.5759735,29.8741512,wall_cabinet,3dw,a4acb9099c40c3ca12de5317fe5b354f,16
-40.374733,34.468647,wall_cabinet,3dw,aa65afd1fcafa9cec59350d819542ec7,16
-41.1076088,36.6134834,wall_cabinet,3dw,abb5ea7da37112dac59350d819542ec7,16
1.83186018,8.86490536,wall_cabinet,3dw,ac960ad12d93793d598e7461038ebc4e,16
-44.6754417,36.7532578,wall_cabinet,3dw,acb41ec035d2220d4da5feafe6f1c8fc,16
-45.9284439,33.7291412,wall_cabinet,3dw,ad793f241d3142d7c59350d819542ec7,16
-48.7207947,33.0397568,wall_cabinet,3dw,ae287e915081afb04da5feafe6f1c8fc,16
-48.9019356,37.940361,wall_cabinet,3dw,afbcacc72ca9e21cc59350d819542ec7,16
-45.8010178,32.684761,wall_cabinet,3dw,b40e964df0db40f4c59350d819542ec7,16
-47.9457703,31.8140697,wall_cabinet,3dw,b68c61ab6c8ba9de4da5feafe6f1c8fc,16
1.80316508,9.07247353,wall_cabinet,3dw,b8115652b9d7eb4144221bef0fa3c36b,16
-41.0168114,37.2685814,wall_cabinet,3dw,b98aff0dc993e92fc59350d819542ec7,16
-46.7677498,32.5064163,wall_cabinet,3dw,b9fde0715977cd1d4da5feafe6f1c8fc,16
-44.9862328,33.1971321,wall_cabinet,3dw,bef36c0c9c312e86c59350d819542ec7,16
-24.8266964,11.6727457,wall_cabinet,3dw,c0b055d5060f7f6b4470f9a1ecf7bbc,16
-42.1986923,33.9491463,wall_cabinet,3dw,c2097eb530e46134da5feafe6f1c8fc,16
-40.6267624,37.4147758,wall_cabinet,3dw,c22aad4fd8bf4112c59350d819542ec7,16
-50.2639656,36.5543022,wall_cabinet,3dw,c309652aa61e6669824662341ce2b233,16
-49.3574677,36.3024635,wall_cabinet,3dw,c38c8fe7634e901fc59350d819542ec7,16
-48.4934998,33.722641,wall_cabinet,3dw,c93196809212c7e94da5feafe6f1c8fc,16
-46.9583397,34.0049515,wall_cabinet,3dw,cc98d80c89aa25b54da5feafe6f1c8fc,16
-33.430481,26.4262638,wall_cabinet,3dw,d0b08c70d04f80e0c59350d819542ec7,16
-41.6834297,37.4059486,wall_cabinet,3dw,da66bc96e92fd2904da5feafe6f1c8fc,16
-41.2308922,35.6375237,wall_cabinet,3dw,dab85fc0f7a1dfe6c59350d819542ec7,16
-47.9429703,33.290741,wall_cabinet,3dw,dcfa2ce4dffe89474da5feafe6f1c8fc,16
-36.4758568,24.2909126,wall_cabinet,3dw,deedfa27d26bfa304da5feafe6f1c8fc,16
-43.7453308,35.555954,wall_cabinet,3dw,dfb033785b10cc4b4da5feafe6f1c8fc,16
-45.2021942,34.2226906,wall_cabinet,3dw,e023e1f7268984c4824662341ce2b233,16
-42.7337837,36.5614662,wall_cabinet,3dw,e2c19d58a836debbc59350d819542ec7,16
-49.2093964,37.0791359,wall_cabinet,3dw,e6115ed26d315238c59350d819542ec7,16
-48.9761467,33.4022064,wall_cabinet,3dw,e6fc47d2ca6249c34da5feafe6f1c8fc,16
-40.1814003,35.8957405,wall_cabinet,3dw,e98fa30bdf1e4cfcc59350d819542ec7,16
-41.2354012,30.4892921,wall_cabinet,3dw,e9f6b6abdd45da3986d53ab0fe94e911,16
-49.1423302,37.4301682,wall_cabinet,3dw,eb2b39b7ce6a55024da5feafe6f1c8fc,16
-45.1896172,32.9855003,wall_cabinet,3dw,eb4632b755e8350ec59350d819542ec7,16
-43.2159538,34.2199059,wall_cabinet,3dw,ec3023d0481352b1c59350d819542ec7,16
-1.91764629,11.2709494,wall_cabinet,3dw,ec5ceea5a77b2499de650492e45fb14f,16
-47.6392937,34.0922241,wall_cabinet,3dw,f35a5243a17494bf4da5feafe6f1c8fc,16
-41.5110474,35.7635765,wall_cabinet,3dw,f50571b11658b16ac59350d819542ec7,16
-48.7009735,34.9726601,wall_cabinet,3dw,f537b69162cddea64da5feafe6f1c8fc,16
-43.4947357,35.8981705,wall_cabinet,3dw,f5ebd1bc0b423461c59350d819542ec7,16
-40.0278091,34.6331863,wall_cabinet,3dw,f7399d2fda26d523c59350d819542ec7,16
-48.1328659,33.4687119,wall_cabinet,3dw,f8fd4d30702bf8654da5feafe6f1c8fc,16
-32.4959259,25.9774303,wall_cabinet,3dw,fc3b0dddbae1cf7a29a50a2b3c5e5b6,16
-27.1954422,25.3786716,wall_cabinet,fpModel,038ccdca4c91d34febe3f4efc596225a66a11d79,16
-9.24731159,43.6239548,wall_cabinet,fpModel,05ddc6731f34bdbe1aa5cff98cd8fcd1db254a84,16
-28.5078983,15.9034672,wall_cabinet,fpModel,080af6e022a943b0d3e3aeef330776da6136f17b,16
-27.9088173,25.290699,wall_cabinet,fpModel,08d3332bdb327aa2b5ca2b252063795d72345b86,16
-34.3402939,27.8277721,wall_cabinet,fpModel,186d2c3104f4cc0110c686e2b216c3f20112c63c,16
-0.588189721,20.3724709,wall_cabinet,fpModel,20b40eba263eb20165f26bfc5793feeee9159482,16
-25.200676,23.5437279,wall_cabinet,fpModel,250feb7dc44aa978a6d7bfda1b0fbb61c80e78a0,16
-1.94903183,22.9257259,wall_cabinet,fpModel,26e2d9294ce1311bf117498e745addc47c703bdb,16
-27.1478519,25.3631229,wall_cabinet,fpModel,27a8c993557a0484ff384bb0483d112285f8791d,16
0.21370998,19.8496132,wall_cabinet,fpModel,2b888cc70c8193c8fcb04f4b9cdc1eeb2d82087a,16
-26.5167255,24.5438709,wall_cabinet,fpModel,2ef6a4ea1c424e07e9c839e1a1bb3b33fc5d3e0e,16
-9.23003674,43.5401573,wall_cabinet,fpModel,2fcbcfe7e87c076203820c7d02cfcfc73bf13966,16
-28.3042755,16.0713863,wall_cabinet,fpModel,2fd56ec375511778b87d73040f3b55ba6311aea0,16
-20.9276409,24.4487667,wall_cabinet,fpModel,3afc8b6d8935dc7a3cf7003c4ed073ce13a9bce8,16
-2.6601584,22.9695587,wall_cabinet,fpModel,3efb80a75720ef1848a6ddf5011959653e53b172,16
-28.0461712,26.3238678,wall_cabinet,fpModel,426b82af6d87005e0f2fa17217cd45b4826189aa,16
-39.5352783,31.3506489,wall_cabinet,fpModel,4468c13bc98184bcc403027164ede52b178e5d20,16
-0.510593653,21.0342674,wall_cabinet,fpModel,45dd1f636ce3ced4c4bf685bed2e89492dedb268,16
-39.060154,31.7472191,wall_cabinet,fpModel,47ec13733729d7f45b4847f49b76831f092671c3,16
-20.234621,24.3748646,wall_cabinet,fpModel,4a856d0d050c8748773309117d425a3f6690d07d,16
-26.4055119,24.9025707,wall_cabinet,fpModel,4c911c25364d1cbb37493ecfaa6b889d931c78ac,16
1.45990348,19.6693268,wall_cabinet,fpModel,4f167cad5def9f7fdb4ba74e90d21ba0943445a0,16
-28.1241608,26.5358315,wall_cabinet,fpModel,4f33248af82833970062489cad354a22887d0a78,16
-27.0956154,25.8743629,wall_cabinet,fpModel,578e50f145119f121df79f73f5efd64019d94e17,16
-9.87489033,-5.03799248,wall_cabinet,fpModel,644c2d1505103189b6ae49f5a58b97ed41202149,16
-2.18081594,-5.20348597,wall_cabinet,fpModel,64b9b1d3c8e1484f496fe8b0a566bb1a2d098e19,16
-9.40938377,42.4722748,wall_cabinet,fpModel,682a761a9e4192d3f6fac31dcc4975d4928a5d0c,16
-0.977718055,20.0090942,wall_cabinet,fpModel,6e74c32e636a3f784d5a1e21f4bd323a56064d3a,16
1.33627164,19.1376743,wall_cabinet,fpModel,70b446e54a1868313eae5bf4003c9e53306ee039,16
-1.65113008,-5.00883341,wall_cabinet,fpModel,720ecb7a8eecd42e4eb0905ceb9d8253f12e170d,16
-26.4767303,24.5037575,wall_cabinet,fpModel,75837d57167448213b092af97562cf08a590a417,16
-28.0491734,26.3381977,wall_cabinet,fpModel,77205ffb7a84841bf263b9293c99654f816a52cf,16
2.25612473,15.1030083,wall_cabinet,fpModel,7c135687fb97d18307339aed175e8f3c46d6a378,16
-3.52398086,22.203064,wall_cabinet,fpModel,7cba44fcae20074ad3f9c1ad77a7c16060e8949a,16
-1.81086171,22.2476158,wall_cabinet,fpModel,7db8a0477da1bf4b1e10e64353201a000f1bfe47,16
-2.4198463,21.4139557,wall_cabinet,fpModel,7ed48ee48050b080a2e214f06eeb79d6ee9c17be,16
-25.0707264,23.5336075,wall_cabinet,fpModel,8749a9bc494dbd22f77e8b848bce656f8eec2947,16
-26.4701958,25.4489002,wall_cabinet,fpModel,89934a7354b8a59b3fe2bbe22ffe7964a0b8db4b,16
-26.4382687,25.8613567,wall_cabinet,fpModel,975e49af1aa9c80f301a02493fc6643f6897154f,16
-3.23276758,22.0620117,wall_cabinet,fpModel,9c7abc8f1dd55d90d9369189c74c058636bd05fc,16
1.30068719,18.9196587,wall_cabinet,fpModel,a0ab0f0d7974fcdc0eafd46ab094a5ed9351d26c,16
-20.2164974,24.3673038,wall_cabinet,fpModel,a154cfba5371d13db69006e7206d5aef663f85e1,16
-26.3660412,24.8691959,wall_cabinet,fpModel,a263af6c0b172782f05372c2d5a613cee759a100,16
-38.901329,31.9262791,wall_cabinet,fpModel,a2b84191ba83ccf6ba269ce696d89d84211b9971,16
-2.73981977,22.9737396,wall_cabinet,fpModel,a325d8b913b7df4a34c1068286532923be31295e,16
-0.674784243,20.8945885,wall_cabinet,fpModel,a8b7d5b8711b510f744ea07a9fcc3063e98b11a2,16
-24.9818859,23.3994923,wall_cabinet,fpModel,ae2c7bce156a488d4868a8f494f6050fad5582c1,16
-29.0087528,26.6137505,wall_cabinet,fpModel,b4d2dc4541ca7302ab8356fcd7a623e022df7888,16
17.2295208,19.5164318,wall_cabinet,fpModel,bb966a4f853df29b8b37b89e157aed4eb3936aec,16
-20.7420921,-9.60757637,wall_cabinet,fpModel,be1b0ef31886b4b2b42cf0bf1b7df548917c9943,16
-34.509922,27.8715858,wall_cabinet,fpModel,be4b4e66accf200a921df7e0277e184e0d9727b9,16
-3.1382618,22.17873,wall_cabinet,fpModel,be76e60c5b196c712dc958ae97874f28f4817fff,16
-27.8794346,25.3037529,wall_cabinet,fpModel,c23e159071acb3f9bd03ed01576d9077cc30f1cf,16
13.0813227,34.9201393,wall_cabinet,fpModel,c3ccb52aabc1a2543dee20239c88cd307340c134,16
-1.46447039,20.1624203,wall_cabinet,fpModel,c40df2998fcea3687deebb651759eb24a23e5922,16
-24.4875336,-45.4950142,wall_cabinet,fpModel,c6f1458e0bcabb5ed4ff8ad1086d192bd04997e1,16
-24.3627453,23.3139458,wall_cabinet,fpModel,d45e6fea873ce5afed4d0f3f4b40399451499343,16
-28.1814613,25.713665,wall_cabinet,fpModel,dd6582ab19f006bd12a8acc846461662735fbc00,16
-1.58208895,22.3494587,wall_cabinet,fpModel,e27168a25a7f6c85b3d9b1b59f8d947c12230801,16
-9.39338303,42.5286293,wall_cabinet,fpModel,e8547e73e4873b76eff0eb2b6488e815d7dbf41c,16
-0.0886885002,19.7779732,wall_cabinet,fpModel,f018166600fafb4377f477b7fcdd41db9a87f6ce,16
-27.1579609,14.4970131,wall_cabinet,fpModel,fca90fe43f5e272a58e8d20c5e205447250fb231,16
-0.584638774,21.0128784,wall_cabinet,fpModel,fddd230b40d4c0cba89985b2a5a60f33c0cd756e,16
1.37073576,19.318676,wall_cabinet,fpModel,fdf7479cc9da8f4486359f66965869b5c58c74ed,16
-37.3764038,23.6532764,wall_cabinet,wss,21fb701c200d18894da5feafe6f1c8fc,16
-33.3196602,26.4020691,wall_cabinet,wss,391f46c327510d8d4da5feafe6f1c8fc,16
-33.2335167,26.3975258,wall_cabinet,wss,4e15898f5e84edce4da5feafe6f1c8fc,16
-37.7903175,23.9578018,wall_cabinet,wss,79e8f6734ff0c984da5feafe6f1c8fc,16
-37.5618172,23.9055614,wall_cabinet,wss,b51451ecb365ddb24da5feafe6f1c8fc,16
43.2145844,3.44017315,wall_clock,3dfModel,fd925c66-0c4e-41dc-8c42-4acf2030c407,16
50.2870598,1.05230308,wall_clock,3dw,217dcd973e826d1f32376c436da91cf5,16
45.2265205,-1.00792861,wall_clock,3dw,530700dbbda23c73a78f8ff720824afb,16
48.8961105,2.06391644,wall_clock,fpModel,14a5d16e99eb93da52f1b528b272d15ac2e81fd7,16
45.2791405,-0.255151778,wall_clock,fpModel,15aa163768548190935cc87fe5b0eea2a228cb23,16
46.6269989,3.26697803,wall_clock,fpModel,20c32bc8e148545c59afd79fdfe8ea3155073179,16
50.1304474,0.277574122,wall_clock,fpModel,24f2527053a41faa8c9873b5e443539d8cf0585d,16
45.8303566,2.5598197,wall_clock,fpModel,274367e6e49572dc64062b5ea8bb5fd90c324ab9,16
46.7009888,1.15080667,wall_clock,fpModel,2b51a2430ac691e24d97a7c39a6386ecca27f434,16
50.0136528,0.352441221,wall_clock,fpModel,2be219c80f1038f9a68075f8bc42dc87c3855a62,16
48.9894905,0.204047203,wall_clock,fpModel,3292f88d808f0de9389b6866a1535d71b0ff8851,16
47.3726273,2.44616365,wall_clock,fpModel,34f427f048c0ac8a4c5d5fe12d9afd7f95f8cec2,16
49.5276566,1.86424589,wall_clock,fpModel,37b2b3b5f46d2d3f6a53ac07358efc4082adf56c,16
47.5619698,2.36258078,wall_clock,fpModel,3cd35ef3fcab6f291510a0afcfb76f8e38ba6853,16
41.8177109,4.9911232,wall_clock,fpModel,44684c200433dc4842bf0a6317d735e98e9fb903,16
47.0937347,-0.736798644,wall_clock,fpModel,47126eb0c9db11644c9be4b13a978a8ffed4cda4,16
50.1239777,0.262124807,wall_clock,fpModel,4a2889029248c287434644199e6af99fd7017484,16
44.2981377,1.30734682,wall_clock,fpModel,4c5bc843ec5845f24a0c5d5fa572189a4de797f9,16
44.7084045,-0.573239088,wall_clock,fpModel,5656274741e1d77c18ad0c3fde61cfbb5144d796,16
48.9518509,2.28619933,wall_clock,fpModel,573c6477f0f3067edcd1e9fb52c558a4291f0c5c,16
44.4837303,-0.678729475,wall_clock,fpModel,58628e28273d80b364691f0c630ff61c32582140,16
44.0782776,1.54552138,wall_clock,fpModel,60bcf1aa12f18e75c9d2c021a7299e99c11baa17,16
46.2973595,2.30804586,wall_clock,fpModel,6134146c932085fc58a0896938860cb09fd8722a,16
49.1526108,0.749238431,wall_clock,fpModel,6469055868512058c78f745e5a37fd57d7ad3484,16
44.5957298,0.119754501,wall_clock,fpModel,65626013f583e84fbc528f4fd9760d34e25ce1d3,16
46.7170525,1.42141354,wall_clock,fpModel,676393804c822df089c32bbd36c24d5660a82379,16
42.029995,4.82010317,wall_clock,fpModel,6ab885950a641b70addf55b2cfc9e18e27acb5a2,16
-10.8096752,32.5131226,wall_clock,fpModel,739934e1838a630706d354d75a73355c93e07f69,16
47.9597511,0.76113379,wall_clock,fpModel,770311f153df8ccc86d08f4f24749227a91e153f,16
46.0287247,1.65724421,wall_clock,fpModel,7ed53b441a08176c88286ccfffac81f66ec7bfed,16
45.6964264,3.62639308,wall_clock,fpModel,829fcda8d1d112598ecb6bbf89e75d19d9331ccc,16
45.4558411,3.93258715,wall_clock,fpModel,86bc3cf9f2c51c0a392733a15abf97ac0321d55f,16
43.9453773,0.26755625,wall_clock,fpModel,8b85ea233d898502894d435a7c9eedb4513a7736,16
47.787571,1.85101414,wall_clock,fpModel,8bb3d39af67f313abaa79d58300eccb5ab119578,16
46.5069923,2.17967534,wall_clock,fpModel,9127e0f95c95802be0e0ca3f15e733331ddb39ca,16
44.9984131,-1.06860793,wall_clock,fpModel,a110fe07e23ef68fdac3763765c7909edae75759,16
44.421875,-0.164146453,wall_clock,fpModel,a7f27777d1632bc247b7d52e5d811663f4d87a2a,16
44.7149582,-0.290234774,wall_clock,fpModel,aa2b2a2a6f377ff82c551d21f177eef2ff7a48af,16
43.5783348,2.4283874,wall_clock,fpModel,ae76a7493b769bd7cae75043bbcc25afdb2de437,16
45.57761,2.2110939,wall_clock,fpModel,b19a38b2b4b21abff5e0c41d247c79779bf02333,16
50.8416367,1.14774883,wall_clock,fpModel,b4564eba61b2f62cd803d50c06b62f1bd3692e8d,16
49.5665245,0.665807545,wall_clock,fpModel,bd36014ac46d2054a4e97c147f2ddc59e08fa840,16
49.3283386,1.94174278,wall_clock,fpModel,bfedb2c63e6852488accb790eb4a03943b411688,16
45.1675262,0.511304438,wall_clock,fpModel,c57ead736b5283dd715db70a50b140b2fea1e296,16
45.6898689,2.92813873,wall_clock,fpModel,ca5f5dfd4564353aee167464dae2c409c42634b6,16
49.9279099,-0.396963388,wall_clock,fpModel,cd9c9e176d44a237b4d2848c257784bed65ff659,16
49.5436974,3.02929449,wall_clock,fpModel,cebd08a46fe07e84fb32f9985f824aa280a08b0d,16
44.8153572,0.977728546,wall_clock,fpModel,d2434e91b15302c672f0c9866e9f229c232e92e9,16
44.6995544,2.91442418,wall_clock,fpModel,d57e3132eb49a7e0a3e6971f304a6d52951a4f74,16
44.6399002,0.718772829,wall_clock,fpModel,d8a9ab0770f17ef8709b94ef138472901652067f,16
44.6936302,-0.77794832,wall_clock,fpModel,dab1618febb08ddf95ad9edc4e547646a4d01a0c,16
44.6198273,2.75624275,wall_clock,fpModel,de3ae9e329fe17dc7916f1ed32bb6a021423796a,16
44.1372299,-0.557128131,wall_clock,fpModel,e0350efb3c6ee8c12f0dfb25769deb6637c6236c,16
44.0053864,1.05421305,wall_clock,fpModel,e1725f63ab8658c1a31edbf0be78375fa93770ee,16
47.1620178,-0.461461306,wall_clock,fpModel,e6f556728f4209db41e6226e13a1b571b3e58032,16
49.2974472,1.73027825,wall_clock,fpModel,e8875adb72e4e1c8e83b36ccefd47da2c7ab2e86,16
48.8691559,1.43355262,wall_clock,fpModel,ef301ca7e1638883dfcbe35bf451d4f05b727371,16
45.9273453,3.09894943,wall_clock,fpModel,f3611bdf5295f762467c98607dc33485c45b9d31,16
44.3488464,0.444711447,wall_clock,fpModel,f619d4aebe06e15ef0e68fad7f84e8765639e6f6,16
-0.685747147,24.3470974,washing_machine,3dw,1a9492ed26b8407df8a51dbffe0021e4,16
15.3644314,17.1280804,washing_machine,fpModel,6cd2dc2611c27f758c972b4874efad8c8cbd5d29,16
15.4034348,17.1505852,washing_machine,fpModel,856317b238f6a70ae6f0afffed1f6d5e3ab7b80c,16
4.02578735,25.7110806,washing_machine,fpModel,eccf8ba37c804b9067e675f09eec2c13e951f61c,16
16.2162189,-26.7465324,wheelie_bin,3dw,6a79fcbbe8eb1ec0162da3dc7be329d5,16
16.3663273,-25.9319172,wheelie_bin,3dw,8e09a584fe5fa78deb69804478f9c547,16
15.8837452,-26.2488728,wheelie_bin,objaverse,2c6af8b437da44bca406de33510beeb5,16
16.1260853,-26.2390194,wheelie_bin,objaverse,34ad27aee1d046669760011256903c7c,16
15.4445505,-26.6237144,wheelie_bin,objaverse,7cce16ad3deb472086c9997e01884115,16
16.2003059,-25.5977306,wheelie_bin,objaverse,81e273d7b3fe438a89a7a25dd0903b07,16
15.796277,-27.2045116,wheelie_bin,objaverse,8cece03f6bd84bf89c7bb5ebac6144aa,16
16.3193207,-27.3483295,wheelie_bin,objaverse,8f933c82cacb4079bf699f9fe8c3c0d7,16
15.2198143,-24.9633503,wheelie_bin,objaverse,a506ffa30168492dab775818c1302bc9,16
15.6876287,-25.8002434,wheelie_bin,objaverse_xl,149bf04bc235d1d960d426bf9b062f4d3432adf2ca6fe9b5c61b068b36b503a2,16
16.0283852,-25.7928944,wheelie_bin,objaverse_xl,2f5fbb5860ba2fe4554971f1586cf9b0af2bbb684335f4671b45b02f7a2e4346,16
16.5270901,-26.4167271,wheelie_bin,objaverse_xl,3f6ffcb25404b6b029689d661e33f74acb7d11241bc2ff5d520f5b41c98ccb54,16
16.4342384,-25.9040394,wheelie_bin,objaverse_xl,42cb98b05e9160807cb4273fb641321fae7d5d24fc19822c3373dffa4e36f13b,16
14.9678297,-26.3293037,wheelie_bin,objaverse_xl,71475da4ed2930316864ce9e74a1c968ebe0db8e3f34662229e75b5698293c1d,16
16.6144333,-26.6058578,wheelie_bin,objaverse_xl,7ccdca3a2552d18138e7f82063931fcc8bb329616875a19b57cc56477f400265,16
16.6192856,-26.1111469,wheelie_bin,objaverse_xl,9949d972e44e3aa8243d13e8eda182d2e520628d3e147f4c42a4eb33a2b10adc,16
16.681448,-26.817915,wheelie_bin,objaverse_xl,a7598e9d9fa7f9ea82939be2f54956e777b185a4c88a9529f2980eb33566ef81,16
15.5458755,-26.6976376,wheelie_bin,texverse,298f1053b62c422999660d0e7e49dca7_1024,16
16.3756466,-26.8791637,wheelie_bin,texverse,4c6343af9d444e79b08503eed3385181_1024,16
15.8073072,-27.2445869,wheelie_bin,texverse,c4dd0922a63b4181bd1e642ebc802400_1024,16
16.3755169,-26.8785191,wheelie_bin,texverse,dc93abf5f12647328234636f1286dc03_1024,16
13.8116426,52.8123055,window,3dw,1139db48dd6643f85e629de0175bb6f,16
12.3466873,50.8540306,window,3dw,1498ec8db496319d256b6845aa50731,16
13.2076931,53.7462387,window,3dw,19147e335d6ece48403d27d9479beba,16
13.652297,49.7418823,window,3dw,2b12aa641b84ac8686a0e7208530ce22,16
13.2213163,51.9511719,window,3dw,473ef92487fb7f02df8fce61d01de43d,16
16.311821,52.9584389,window,3dw,4c88a47637bc614e85bc264270ae0601,16
13.1332054,53.9713631,window,3dw,516c0a7201cd00d342b89b1b6ff066bb,16
11.3213854,52.8772964,window,3dw,62fc93c460bd8ba649e9cf096ba9e7dd,16
17.183176,54.701767,window,3dw,64c2548b3027abdd88c942a503e372bc,16
11.3303852,52.8158989,window,3dw,667338a9ed917426bca0a8028deae142,16
13.5993176,53.6598854,window,3dw,68a2f4f39048805446d277569064976e,16
12.4910288,51.083786,window,3dw,8203e7a1fec9a7d84d9afd194e3135f0,16
14.5236158,53.7108421,window,3dw,9de68c374c7492b25cfcbde69bddb552,16
11.4093952,53.0809631,window,3dw,a8b57f540bb23d086ae2ac309aeb01eb,16
14.0279655,54.499691,window,3dw,b321ad99c232f0061cec93449f0f44dc,16
15.0095863,52.6244469,window,3dw,bd433ae06235e79ed3bad52d94243df8,16
11.307229,52.7580032,window,3dw,c012a33e36b1188863f9d181b0789633,16
23.2960358,50.106144,window,3dw,c4060921f8ae663869683a3212c0c08f,16
12.8885412,51.8404884,window,3dw,e9665985327e79d313323fc4d5700bec,16
13.8307648,52.7552681,window,3dw,f8ac36d6d5b961007d470783363e60ea,16
35.4675789,-6.28806448,wrench,3dw,375e541960d19b90b6e259a0b666e79d,16
