global_class_ordinal,dataset,dataset_key,class_id,class_name,class_key,sample_count,strict_n5_eligible,color_hex
1,PV-A,pva,G0001,Accessories_Cushion,pva::G0001,5,True,#e818e8
2,PV-A,pva,G0002,Accessories_glasses,pva::G0002,5,True,#18e818
3,PV-A,pva,G0003,adjustable_monitor_arm,pva::G0003,5,True,#184818
4,PV-A,pva,G0004,animal_feeding_bowl_stand,pva::G0004,5,True,#2818e8
5,PV-A,pva,G0005,aquarium,pva::G0005,5,True,#d87818
6,PV-A,pva,G0006,Art_Drawing_Models_Articulated_mannequin_Poseable_figure_mannequin,pva::G0006,5,True,#18a8e8
7,PV-A,pva,G0007,articulated_task_lamp,pva::G0007,5,True,#881868
8,PV-A,pva,G0008,astronomical_telescope_on_tripod,pva::G0008,5,True,#189838
9,PV-A,pva,G0009,Astronomy_Antenna_dish,pva::G0009,5,True,#e8a8e8
10,PV-A,pva,G0010,Astronomy_Astronaut_helmet,pva::G0010,5,True,#286898
11,PV-A,pva,G0011,Astronomy_Lunar_rover,pva::G0011,5,True,#b8c888
12,PV-A,pva,G0012,Astronomy_Mars_rover,pva::G0012,5,True,#e81868
13,PV-A,pva,G0013,Astronomy_Pressurised_module_door,pva::G0013,5,True,#8858e8
14,PV-A,pva,G0014,Astronomy_Retractable_landing_gear,pva::G0014,5,True,#885828
15,PV-A,pva,G0015,Astronomy_Return_capsule,pva::G0015,5,True,#a87898
16,PV-A,pva,G0016,Astronomy_Rocket_engine,pva::G0016,5,True,#382888
17,PV-A,pva,G0017,Astronomy_Satellite,pva::G0017,5,True,#682818
18,PV-A,pva,G0018,Astronomy_Space_shuttle,pva::G0018,5,True,#48d8e8
19,PV-A,pva,G0019,automotive_differential_differential_gear,pva::G0019,5,True,#18b898
20,PV-A,pva,G0020,badge_id_holder_clip,pva::G0020,5,True,#7818b8
21,PV-A,pva,G0021,Bag_Suitcase_Box,pva::G0021,5,True,#c878e8
22,PV-A,pva,G0022,Bag_Suitcase_Luggage_bag,pva::G0022,5,True,#b81818
23,PV-A,pva,G0023,Bag_Suitcase_Shopping_bucket,pva::G0023,5,True,#b818a8
24,PV-A,pva,G0024,Bag_Suitcase_Suitcase,pva::G0024,5,True,#98a818
25,PV-A,pva,G0025,Bag_Suitcase_Treasure_chest,pva::G0025,5,True,#1878e8
26,PV-A,pva,G0026,Bar_Piano,pva::G0026,5,True,#788868
27,PV-A,pva,G0027,barcode_scanner,pva::G0027,5,True,#386848
28,PV-A,pva,G0028,barrier_gate_boom,pva::G0028,5,True,#e89888
29,PV-A,pva,G0029,barrier_gate_leaf_gate,pva::G0029,5,True,#584868
30,PV-A,pva,G0030,Bathroom_Hair_dryer,pva::G0030,5,True,#a84878
31,PV-A,pva,G0031,Bathroom_toilet,pva::G0031,5,True,#e86898
32,PV-A,pva,G0032,Bathroom_washmachine,pva::G0032,5,True,#e8a818
33,PV-A,pva,G0033,bell_tower_with_swinging_bell,pva::G0033,5,True,#98a8c8
34,PV-A,pva,G0034,Bench_Wood_Swing,pva::G0034,5,True,#4848b8
35,PV-A,pva,G0035,bicycle_crankset_and_pedal_assembly,pva::G0035,5,True,#48d888
36,PV-A,pva,G0036,bird_cage,pva::G0036,5,True,#8888e8
37,PV-A,pva,G0037,blender_countertop,pva::G0037,5,True,#a8d828
38,PV-A,pva,G0038,box_fan_with_control_knob,pva::G0038,5,True,#28b818
39,PV-A,pva,G0039,branching_tree_with_three_independent_rotary_branches,pva::G0039,5,True,#4888a8
40,PV-A,pva,G0040,branching_tree_with_two_independent_rotary_branches,pva::G0040,5,True,#d84828
41,PV-A,pva,G0041,camcorder_with_flipout_screen,pva::G0041,5,True,#7868a8
42,PV-A,pva,G0042,camera_flash,pva::G0042,5,True,#a818e8
43,PV-A,pva,G0043,camera_lens,pva::G0043,5,True,#e818a8
44,PV-A,pva,G0044,camp_chair,pva::G0044,5,True,#687818
45,PV-A,pva,G0045,camping_lantern,pva::G0045,5,True,#98a888
46,PV-A,pva,G0046,candy_vending_machine,pva::G0046,5,True,#184858
47,PV-A,pva,G0047,cannon,pva::G0047,5,True,#a858b8
48,PV-A,pva,G0048,cantilever_articulated_arm,pva::G0048,5,True,#584818
49,PV-A,pva,G0049,car_axles,pva::G0049,5,True,#581868
50,PV-A,pva,G0050,cash_register,pva::G0050,5,True,#a86858
51,PV-A,pva,G0051,casino_machine,pva::G0051,5,True,#6828e8
52,PV-A,pva,G0052,cat_flap,pva::G0052,5,True,#a88818
53,PV-A,pva,G0053,cctv_mast_with_pantilt_camera_head,pva::G0053,5,True,#883848
54,PV-A,pva,G0054,ceiling_fan,pva::G0054,5,True,#188868
55,PV-A,pva,G0055,ceiling_light_fixture_adjustable,pva::G0055,5,True,#a8c8d8
56,PV-A,pva,G0056,Chair_Chair,pva::G0056,5,True,#184888
57,PV-A,pva,G0057,Chair_Folding_chair,pva::G0057,5,True,#4818b8
58,PV-A,pva,G0058,chest_freezer_with_hinged_lid,pva::G0058,5,True,#883898
59,PV-A,pva,G0059,clock_tower_with_rotating_hour_and_minute_hands,pva::G0059,5,True,#e858c8
60,PV-A,pva,G0060,clothing_rack,pva::G0060,5,True,#c888b8
61,PV-A,pva,G0061,coaxial_rotary_stack,pva::G0061,5,True,#b88868
62,PV-A,pva,G0062,Container_Barrel,pva::G0062,5,True,#187818
63,PV-A,pva,G0063,Container_Basket,pva::G0063,5,True,#78c8a8
64,PV-A,pva,G0064,Container_Bottle,pva::G0064,5,True,#d8b8a8
65,PV-A,pva,G0065,Container_Bottle_serum,pva::G0065,5,True,#1858e8
66,PV-A,pva,G0066,Container_Box,pva::G0066,5,True,#48b8c8
67,PV-A,pva,G0067,Container_Can,pva::G0067,5,True,#1818a8
68,PV-A,pva,G0068,Container_Cosmetic,pva::G0068,5,True,#785878
69,PV-A,pva,G0069,Container_Cup,pva::G0069,5,True,#c84898
70,PV-A,pva,G0070,Container_Dispenser,pva::G0070,5,True,#a81858
71,PV-A,pva,G0071,Container_Gas_cylinder,pva::G0071,5,True,#e86858
72,PV-A,pva,G0072,Container_Glass_bottle,pva::G0072,5,True,#b858e8
73,PV-A,pva,G0073,Container_Jar,pva::G0073,5,True,#587878
74,PV-A,pva,G0074,Container_Kettle,pva::G0074,5,True,#7898a8
75,PV-A,pva,G0075,Container_laundry_detergent_bottle,pva::G0075,5,True,#58a858
76,PV-A,pva,G0076,Container_Lipstick,pva::G0076,5,True,#682848
77,PV-A,pva,G0077,Container_Locker,pva::G0077,5,True,#78c818
78,PV-A,pva,G0078,Container_Paint_spray,pva::G0078,5,True,#583888
79,PV-A,pva,G0079,Container_Plastic_can,pva::G0079,5,True,#b898e8
80,PV-A,pva,G0080,Container_Primer_bottle,pva::G0080,5,True,#c85868
81,PV-A,pva,G0081,Container_Pump,pva::G0081,5,True,#e888d8
82,PV-A,pva,G0082,Container_Shipping_container,pva::G0082,5,True,#a84848
83,PV-A,pva,G0083,Container_Tube,pva::G0083,5,True,#c89838
84,PV-A,pva,G0084,crane_tower,pva::G0084,5,True,#a878c8
85,PV-A,pva,G0085,Curtain_blind,pva::G0085,5,True,#6858c8
86,PV-A,pva,G0086,defibrillator_case,pva::G0086,5,True,#383868
87,PV-A,pva,G0087,desk_with_drawer,pva::G0087,5,True,#c8a8c8
88,PV-A,pva,G0088,desk_with_drawer_card_catalog,pva::G0088,5,True,#881818
89,PV-A,pva,G0089,desktop_monitor_with_tilt_swivel_stand,pva::G0089,5,True,#c81878
90,PV-A,pva,G0090,desktop_pc_tower,pva::G0090,5,True,#b8b838
91,PV-A,pva,G0091,differential_drive_wheel,pva::G0091,5,True,#781888
92,PV-A,pva,G0092,dishwasher_with_dropdown_door_and_sliding_racks,pva::G0092,5,True,#9818b8
93,PV-A,pva,G0093,display_freezer_with_sliding_glass_lids,pva::G0093,5,True,#6878d8
94,PV-A,pva,G0094,dj_equipment,pva::G0094,5,True,#78b878
95,PV-A,pva,G0095,Door_Door,pva::G0095,5,True,#385818
96,PV-A,pva,G0096,Door_Double_Door,pva::G0096,5,True,#983818
97,PV-A,pva,G0097,Door_folding_door,pva::G0097,5,True,#c838c8
98,PV-A,pva,G0098,Door_Folding_gate,pva::G0098,5,True,#489888
99,PV-A,pva,G0099,Door_Garage_shutter,pva::G0099,5,True,#b86818
100,PV-A,pva,G0100,Door_Gate,pva::G0100,5,True,#b89898
101,PV-A,pva,G0101,Door_Other,pva::G0101,5,True,#585898
102,PV-A,pva,G0102,Door_Scifi_Gate,pva::G0102,5,True,#385858
103,PV-A,pva,G0103,Door_Sliding_Door,pva::G0103,5,True,#c8a878
104,PV-A,pva,G0104,Door_Trap_door,pva::G0104,5,True,#d81838
105,PV-A,pva,G0105,Door_wooden_plank_door_with_a_ring_pull,pva::G0105,5,True,#581898
106,PV-A,pva,G0106,drafting_table,pva::G0106,5,True,#1838b8
107,PV-A,pva,G0107,drawer_cabinet_with_sliding_drawers,pva::G0107,5,True,#c868b8
108,PV-A,pva,G0108,drone,pva::G0108,5,True,#686848
109,PV-A,pva,G0109,dual_independent_finger_chains,pva::G0109,5,True,#e8b878
110,PV-A,pva,G0110,Electrical_Wiring_Cable_reel,pva::G0110,5,True,#8828d8
111,PV-A,pva,G0111,Electrical_Wiring_Circuit_breaker,pva::G0111,5,True,#2878b8
112,PV-A,pva,G0112,Electrical_Wiring_Conduit_bender,pva::G0112,5,True,#889858
113,PV-A,pva,G0113,Electrical_Wiring_Distribution_board_panel,pva::G0113,5,True,#98d878
114,PV-A,pva,G0114,Electrical_Wiring_Junction_box,pva::G0114,5,True,#887838
115,PV-A,pva,G0115,Electrical_Wiring_Surge_protector_switch,pva::G0115,5,True,#8888b8
116,PV-A,pva,G0116,Electrical_Wiring_Wire_stripper,pva::G0116,5,True,#483818
117,PV-A,pva,G0117,elevator_shaft,pva::G0117,5,True,#18d858
118,PV-A,pva,G0118,emergency_exit_door,pva::G0118,5,True,#78b8e8
119,PV-A,pva,G0119,Equipment_Control_panel,pva::G0119,5,True,#a82888
120,PV-A,pva,G0120,Equipment_Game_console,pva::G0120,5,True,#783878
121,PV-A,pva,G0121,Equipment_LED_work_light,pva::G0121,5,True,#e84858
122,PV-A,pva,G0122,Equipment_Lock,pva::G0122,5,True,#6898d8
123,PV-A,pva,G0123,Equipment_Pipeline,pva::G0123,5,True,#684848
124,PV-A,pva,G0124,Equipment_Power_switch,pva::G0124,5,True,#e898b8
125,PV-A,pva,G0125,Equipment_Pump2,pva::G0125,5,True,#c87888
126,PV-A,pva,G0126,fabric_scissors,pva::G0126,5,True,#1858a8
127,PV-A,pva,G0127,Facade_Element_Air_conditioner_outdoor_unit,pva::G0127,5,True,#886868
128,PV-A,pva,G0128,Facade_Element_Gutter_downchain,pva::G0128,5,True,#c818e8
129,PV-A,pva,G0129,Facade_Element_Lamp1,pva::G0129,5,True,#e84898
130,PV-A,pva,G0130,Fence_Cascade_fences_MORE_THAN_1,pva::G0130,5,True,#88b8b8
131,PV-A,pva,G0131,ferris_wheel,pva::G0131,5,True,#18d8b8
132,PV-A,pva,G0132,fingerlike_phalanx_chain,pva::G0132,5,True,#789818
133,PV-A,pva,G0133,fire_escape_ladder,pva::G0133,5,True,#d858e8
134,PV-A,pva,G0134,folding_arm_chain,pva::G0134,5,True,#68a898
135,PV-A,pva,G0135,folding_camp_table,pva::G0135,5,True,#1898c8
136,PV-A,pva,G0136,Fountain_Drick_fountain,pva::G0136,5,True,#4838d8
137,PV-A,pva,G0137,gear_assemblies,pva::G0137,5,True,#685818
138,PV-A,pva,G0138,globe,pva::G0138,5,True,#185878
139,PV-A,pva,G0139,graphics_card_with_cooling_fans,pva::G0139,5,True,#a838c8
140,PV-A,pva,G0140,greenhouse_vent_roof,pva::G0140,5,True,#e88858
141,PV-A,pva,G0141,hamster_wheel,pva::G0141,5,True,#985898
142,PV-A,pva,G0142,hand_cultivator,pva::G0142,5,True,#787898
143,PV-A,pva,G0143,hand_operated_pasta_maker_with_rollers_and_crank,pva::G0143,5,True,#8848b8
144,PV-A,pva,G0144,Handtools_caulking_gun,pva::G0144,5,True,#3888d8
145,PV-A,pva,G0145,Handtools_Clamp,pva::G0145,5,True,#8868c8
146,PV-A,pva,G0146,Handtools_clothes_peg,pva::G0146,5,True,#a8a858
147,PV-A,pva,G0147,Handtools_dial_caliper,pva::G0147,5,True,#68b848
148,PV-A,pva,G0148,Handtools_Hand_plane,pva::G0148,5,True,#1868c8
149,PV-A,pva,G0149,Handtools_Knife,pva::G0149,5,True,#b84818
150,PV-A,pva,G0150,Handtools_Paint_roller,pva::G0150,5,True,#6838a8
151,PV-A,pva,G0151,Handtools_Pen,pva::G0151,5,True,#18a8b8
152,PV-A,pva,G0152,Handtools_Stapler,pva::G0152,5,True,#486868
153,PV-A,pva,G0153,Handtools_Tool_cart,pva::G0153,5,True,#187888
154,PV-A,pva,G0154,Handtools_wooden_tongs,pva::G0154,5,True,#5868e8
155,PV-A,pva,G0155,Handtools_Wrench,pva::G0155,5,True,#783818
156,PV-A,pva,G0156,harmonic_drive,pva::G0156,5,True,#a8b8e8
157,PV-A,pva,G0157,harvester,pva::G0157,5,True,#586888
158,PV-A,pva,G0158,Headwear_Racing_helmet,pva::G0158,5,True,#487848
159,PV-A,pva,G0159,Healthcare_Adjustable_hospital_bed,pva::G0159,5,True,#583838
160,PV-A,pva,G0160,Healthcare_Crutches,pva::G0160,5,True,#486818
161,PV-A,pva,G0161,Healthcare_First_aid_box,pva::G0161,5,True,#881848
162,PV-A,pva,G0162,Healthcare_Pill_bottle_box,pva::G0162,5,True,#c8c818
163,PV-A,pva,G0163,Healthcare_Prosthetic_limb,pva::G0163,5,True,#9898d8
164,PV-A,pva,G0164,Healthcare_Wheelchair,pva::G0164,5,True,#987878
165,PV-A,pva,G0165,hole_punch,pva::G0165,5,True,#986888
166,PV-A,pva,G0166,Household_Laundry_Clothes_drying_rack_Laundry_drying_rack,pva::G0166,5,True,#18c868
167,PV-A,pva,G0167,immersion_blender,pva::G0167,5,True,#c86848
168,PV-A,pva,G0168,Industrial_Blast_door,pva::G0168,5,True,#5868b8
169,PV-A,pva,G0169,Industrial_Drill_press_table,pva::G0169,5,True,#588848
170,PV-A,pva,G0170,Industrial_Electric_Saw,pva::G0170,5,True,#284838
171,PV-A,pva,G0171,Industrial_Hydraulic_press,pva::G0171,5,True,#78d8c8
172,PV-A,pva,G0172,Industrial_Industrial_vice,pva::G0172,5,True,#183898
173,PV-A,pva,G0173,Industrial_Mine_cart,pva::G0173,5,True,#288888
174,PV-A,pva,G0174,Industrial_Ore_crusher_jaw,pva::G0174,5,True,#289868
175,PV-A,pva,G0175,Industrial_Safety_cage,pva::G0175,5,True,#785858
176,PV-A,pva,G0176,ironing_board,pva::G0176,5,True,#18c8e8
177,PV-A,pva,G0177,jet_engine,pva::G0177,5,True,#a8b898
178,PV-A,pva,G0178,Kitchen_Air_fryer,pva::G0178,5,True,#78c868
179,PV-A,pva,G0179,Kitchen_Coffee_machine,pva::G0179,5,True,#187868
180,PV-A,pva,G0180,Kitchen_Corkscrew,pva::G0180,5,True,#78d858
181,PV-A,pva,G0181,Kitchen_Dish_washer,pva::G0181,5,True,#786818
182,PV-A,pva,G0182,Kitchen_Hood,pva::G0182,5,True,#6838c8
183,PV-A,pva,G0183,Kitchen_Knife_set,pva::G0183,5,True,#d88888
184,PV-A,pva,G0184,Kitchen_Microwave,pva::G0184,5,True,#38c898
185,PV-A,pva,G0185,Kitchen_Toaster,pva::G0185,5,True,#b85888
186,PV-A,pva,G0186,laptop_stand,pva::G0186,5,True,#58a818
187,PV-A,pva,G0187,lever_chain,pva::G0187,5,True,#484898
188,PV-A,pva,G0188,Light_Latern,pva::G0188,5,True,#1818c8
189,PV-A,pva,G0189,linear_actuator,pva::G0189,5,True,#28e878
190,PV-A,pva,G0190,loom_shuttle,pva::G0190,5,True,#c83868
191,PV-A,pva,G0191,louvered_shutter_assembly,pva::G0191,5,True,#682868
192,PV-A,pva,G0192,Machinery_Watermill,pva::G0192,5,True,#986838
193,PV-A,pva,G0193,makeup,pva::G0193,5,True,#888828
194,PV-A,pva,G0194,makeup1,pva::G0194,5,True,#981898
195,PV-A,pva,G0195,makeup2,pva::G0195,5,True,#b82848
196,PV-A,pva,G0196,makeup3,pva::G0196,5,True,#a88888
197,PV-A,pva,G0197,manual_coffee_grinder,pva::G0197,5,True,#983868
198,PV-A,pva,G0198,manual_grain_mill1,pva::G0198,5,True,#a868a8
199,PV-A,pva,G0199,manual_grain_mill2,pva::G0199,5,True,#d878c8
200,PV-A,pva,G0200,manual_hand_drill,pva::G0200,5,True,#188818
201,PV-A,pva,G0201,manual_pipe_bender,pva::G0201,5,True,#688888
202,PV-A,pva,G0202,manual_water_dispenser_pump,pva::G0202,5,True,#684888
203,PV-A,pva,G0203,meat_grinder,pva::G0203,5,True,#5848e8
204,PV-A,pva,G0204,Mechanical_calculator,pva::G0204,5,True,#58c8c8
205,PV-A,pva,G0205,mechanical_metronome_with_pendulum,pva::G0205,5,True,#988858
206,PV-A,pva,G0206,mechanical_timer_with_rotating_dial,pva::G0206,5,True,#68a8c8
207,PV-A,pva,G0207,metal_blender,pva::G0207,5,True,#c86898
208,PV-A,pva,G0208,metronome,pva::G0208,5,True,#985868
209,PV-A,pva,G0209,microphone_boom_arm,pva::G0209,5,True,#e85818
210,PV-A,pva,G0210,Military_Aircraft,pva::G0210,5,True,#a888b8
211,PV-A,pva,G0211,Military_Granade,pva::G0211,5,True,#a868d8
212,PV-A,pva,G0212,Military_Gun,pva::G0212,5,True,#183878
213,PV-A,pva,G0213,Military_helicopter,pva::G0213,5,True,#a89868
214,PV-A,pva,G0214,Military_knife,pva::G0214,5,True,#e818c8
215,PV-A,pva,G0215,Military_Military_knife,pva::G0215,5,True,#485878
216,PV-A,pva,G0216,Military_Radio,pva::G0216,5,True,#e81888
217,PV-A,pva,G0217,Military_Rifle,pva::G0217,5,True,#485838
218,PV-A,pva,G0218,Military_sword,pva::G0218,5,True,#7848d8
219,PV-A,pva,G0219,Military_Tank,pva::G0219,5,True,#a888e8
220,PV-A,pva,G0220,Military_Turret,pva::G0220,5,True,#6878b8
221,PV-A,pva,G0221,missile_launcher,pva::G0221,5,True,#1898a8
222,PV-A,pva,G0222,miter_saw_arm_assembly,pva::G0222,5,True,#38c818
223,PV-A,pva,G0223,monitor_mount,pva::G0223,5,True,#18b868
224,PV-A,pva,G0224,multisegment_foldout_arm,pva::G0224,5,True,#884888
225,PV-A,pva,G0225,Music_Amplifier,pva::G0225,5,True,#384868
226,PV-A,pva,G0226,Music_CD_case,pva::G0226,5,True,#e878e8
227,PV-A,pva,G0227,Music_Headphone,pva::G0227,5,True,#c8a8e8
228,PV-A,pva,G0228,Music_keyboard,pva::G0228,5,True,#18a888
229,PV-A,pva,G0229,music_stand,pva::G0229,5,True,#c8b868
230,PV-A,pva,G0230,music_stand1,pva::G0230,5,True,#583858
231,PV-A,pva,G0231,Music_Violin_case,pva::G0231,5,True,#d84878
232,PV-A,pva,G0232,Music_Vocal_mic,pva::G0232,5,True,#e89838
233,PV-A,pva,G0233,n_joint_revolute_chain,pva::G0233,5,True,#d848b8
234,PV-A,pva,G0234,needle_case,pva::G0234,5,True,#c82898
235,PV-A,pva,G0235,nutcracker,pva::G0235,5,True,#c8a8a8
236,PV-A,pva,G0236,office_table_with_doors_or_drawers,pva::G0236,5,True,#687858
237,PV-A,pva,G0237,Other_Air_conditioner,pva::G0237,5,True,#487898
238,PV-A,pva,G0238,Other_armchair,pva::G0238,5,True,#b898b8
239,PV-A,pva,G0239,Other_Bedside,pva::G0239,5,True,#e8a8a8
240,PV-A,pva,G0240,Other_Built_in_oven,pva::G0240,5,True,#68a878
241,PV-A,pva,G0241,Other_Cabinet,pva::G0241,5,True,#d8b818
242,PV-A,pva,G0242,Other_cauldron,pva::G0242,5,True,#a8c8b8
243,PV-A,pva,G0243,Other_Coffin,pva::G0243,5,True,#98b858
244,PV-A,pva,G0244,Other_Folding_screen,pva::G0244,5,True,#186878
245,PV-A,pva,G0245,Other_high_arc_gooseneck_faucet,pva::G0245,5,True,#b87848
246,PV-A,pva,G0246,Other_Lighter,pva::G0246,5,True,#18b8e8
247,PV-A,pva,G0247,Other_Metal_drain,pva::G0247,5,True,#884838
248,PV-A,pva,G0248,Other_pliers,pva::G0248,5,True,#989828
249,PV-A,pva,G0249,Other_Scale,pva::G0249,5,True,#589848
250,PV-A,pva,G0250,Other_single_hole_basin_faucet,pva::G0250,5,True,#2848c8
251,PV-A,pva,G0251,Other_stove,pva::G0251,5,True,#6888c8
252,PV-A,pva,G0252,Other_Switch,pva::G0252,5,True,#987858
253,PV-A,pva,G0253,Other_Tripod_Turnstile,pva::G0253,5,True,#188848
254,PV-A,pva,G0254,Other_TV,pva::G0254,5,True,#9848d8
255,PV-A,pva,G0255,Other_Vent,pva::G0255,5,True,#985848
256,PV-A,pva,G0256,Other_Water_dispenser,pva::G0256,5,True,#1898e8
257,PV-A,pva,G0257,Other_widespread_two_handle_faucet,pva::G0257,5,True,#68a8e8
258,PV-A,pva,G0258,Others_Binocular,pva::G0258,5,True,#789888
259,PV-A,pva,G0259,Others_blacksmith_tongs,pva::G0259,5,True,#981838
260,PV-A,pva,G0260,Others_Matchbox,pva::G0260,5,True,#d8b8c8
261,PV-A,pva,G0261,Others_Safe,pva::G0261,5,True,#786888
262,PV-A,pva,G0262,overhead_projector_with_articulating_mirror,pva::G0262,5,True,#4858c8
263,PV-A,pva,G0263,overshot_waterwheel,pva::G0263,5,True,#78d8a8
264,PV-A,pva,G0264,paper_cutter_guillotine,pva::G0264,5,True,#78c8e8
265,PV-A,pva,G0265,paper_shredder,pva::G0265,5,True,#782838
266,PV-A,pva,G0266,parabolic_dish_on_azimuth_elevation_mount,pva::G0266,5,True,#c87868
267,PV-A,pva,G0267,Parts_quick_release_clamp,pva::G0267,5,True,#785898
268,PV-A,pva,G0268,pepper_mill_with_rotating_grinder_mechanism,pva::G0268,5,True,#c888d8
269,PV-A,pva,G0269,pet_carrier,pva::G0269,5,True,#186818
270,PV-A,pva,G0270,pet_stroller,pva::G0270,5,True,#68d818
271,PV-A,pva,G0271,piano_bench,pva::G0271,5,True,#c8a828
272,PV-A,pva,G0272,pictureX_0611_Air_blower,pva::G0272,5,True,#88a8a8
273,PV-A,pva,G0273,pictureX_0611_ball_transfer_unit_with_spring_loaded_ball,pva::G0273,5,True,#5818d8
274,PV-A,pva,G0274,pictureX_0611_ball_valve_with_quarter_turn_handle,pva::G0274,5,True,#4838a8
275,PV-A,pva,G0275,pictureX_0611_bevel_gear_pair_with_perpendicular_shafts,pva::G0275,5,True,#88a858
276,PV-A,pva,G0276,pictureX_0611_bi_fold_closet_door_system,pva::G0276,5,True,#a87828
277,PV-A,pva,G0277,pictureX_0611_bookcase,pva::G0277,5,True,#c84848
278,PV-A,pva,G0278,pictureX_0611_bookcase1,pva::G0278,5,True,#784868
279,PV-A,pva,G0279,pictureX_0611_bookcase2,pva::G0279,5,True,#8878b8
280,PV-A,pva,G0280,pictureX_0611_Bookshelf_with_books,pva::G0280,5,True,#d898e8
281,PV-A,pva,G0281,pictureX_0611_Butter_maker,pva::G0281,5,True,#9878e8
282,PV-A,pva,G0282,pictureX_0611_butterfly_valve_with_lever_operator,pva::G0282,5,True,#e87888
283,PV-A,pva,G0283,pictureX_0611_C_shaped_sofa_side_table,pva::G0283,5,True,#98b818
284,PV-A,pva,G0284,pictureX_0611_Cabinet_with_doors,pva::G0284,5,True,#78b898
285,PV-A,pva,G0285,pictureX_0611_Cabinet_with_doors_and_drawers,pva::G0285,5,True,#e82828
286,PV-A,pva,G0286,pictureX_0611_Cabinet_with_drawers,pva::G0286,5,True,#a8c858
287,PV-A,pva,G0287,pictureX_0611_Cabinet_with_glass_lift_up_vitrine,pva::G0287,5,True,#9898b8
288,PV-A,pva,G0288,pictureX_0611_car_scissor_jack_with_screw_mechanism,pva::G0288,5,True,#185838
289,PV-A,pva,G0289,pictureX_0611_centrifuge_machine1,pva::G0289,5,True,#3828c8
290,PV-A,pva,G0290,pictureX_0611_centrifuge_machine2,pva::G0290,5,True,#88c888
291,PV-A,pva,G0291,pictureX_0611_Chain_separator,pva::G0291,5,True,#18a848
292,PV-A,pva,G0292,pictureX_0611_compass,pva::G0292,5,True,#c85818
293,PV-A,pva,G0293,pictureX_0611_crimping_tool,pva::G0293,5,True,#482868
294,PV-A,pva,G0294,pictureX_0611_Desk_with_drawers_no_door,pva::G0294,5,True,#98a8e8
295,PV-A,pva,G0295,pictureX_0611_drafting_table_with_adjustable_tilt_surface,pva::G0295,5,True,#1848a8
296,PV-A,pva,G0296,pictureX_0611_drawing_compass_with_adjustable_legs,pva::G0296,5,True,#c88848
297,PV-A,pva,G0297,pictureX_0611_Dressing_table,pva::G0297,5,True,#b83888
298,PV-A,pva,G0298,pictureX_0611_drum_pedal_with_beater_and_spring_return,pva::G0298,5,True,#a85818
299,PV-A,pva,G0299,pictureX_0611_elevator_button_panel,pva::G0299,5,True,#a838a8
300,PV-A,pva,G0300,pictureX_0611_ergonomic_clamp_with_adjustable,pva::G0300,5,True,#c89878
301,PV-A,pva,G0301,pictureX_0611_ergonomic_clamp_with_adjustable_components,pva::G0301,5,True,#588818
302,PV-A,pva,G0302,pictureX_0611_flaring_tool_with_cone_and_clamp,pva::G0302,5,True,#a84898
303,PV-A,pva,G0303,pictureX_0611_flexible_track_lighting_system,pva::G0303,5,True,#e85878
304,PV-A,pva,G0304,pictureX_0611_Floor_standing_drafting_table,pva::G0304,5,True,#e868b8
305,PV-A,pva,G0305,pictureX_0611_folders,pva::G0305,5,True,#782858
306,PV-A,pva,G0306,pictureX_0611_Folding_ruler,pva::G0306,5,True,#582858
307,PV-A,pva,G0307,pictureX_0611_Folding_sofa_bed,pva::G0307,5,True,#b86878
308,PV-A,pva,G0308,pictureX_0611_Folding_sofa_bed1,pva::G0308,5,True,#a8b878
309,PV-A,pva,G0309,pictureX_0611_Folding_sofa_bed2,pva::G0309,5,True,#c858c8
310,PV-A,pva,G0310,pictureX_0611_Folding_sofa_bed3,pva::G0310,5,True,#6818c8
311,PV-A,pva,G0311,pictureX_0611_Folding_table,pva::G0311,5,True,#689868
312,PV-A,pva,G0312,pictureX_0611_Folding_table1,pva::G0312,5,True,#d868d8
313,PV-A,pva,G0313,pictureX_0611_Folding_table2,pva::G0313,5,True,#d878a8
314,PV-A,pva,G0314,pictureX_0611_Folding_table3,pva::G0314,5,True,#784818
315,PV-A,pva,G0315,pictureX_0611_Folding_table4,pva::G0315,5,True,#c8b8e8
316,PV-A,pva,G0316,pictureX_0611_Folding_table5,pva::G0316,5,True,#6888e8
317,PV-A,pva,G0317,pictureX_0611_full_height_turnstile,pva::G0317,5,True,#681878
318,PV-A,pva,G0318,pictureX_0611_Garden_pruner,pva::G0318,5,True,#b818c8
319,PV-A,pva,G0319,pictureX_0611_garlic_press,pva::G0319,5,True,#c82818
320,PV-A,pva,G0320,pictureX_0611_generator,pva::G0320,5,True,#981878
321,PV-A,pva,G0321,pictureX_0611_Golf_cart,pva::G0321,5,True,#e8a878
322,PV-A,pva,G0322,pictureX_0611_guitar_tuning_peg_mechanism,pva::G0322,5,True,#b82868
323,PV-A,pva,G0323,pictureX_0611_gyroscope_with_spinning_wheel_and_gimbal_rings,pva::G0323,5,True,#d8a858
324,PV-A,pva,G0324,pictureX_0611_Hall_tree_with_flip_top_seat,pva::G0324,5,True,#d83858
325,PV-A,pva,G0325,pictureX_0611_Hand_crank_clothes_wringer,pva::G0325,5,True,#6848b8
326,PV-A,pva,G0326,pictureX_0611_hand_operated_metal_brake_for_bending_sheet_metal,pva::G0326,5,True,#7868e8
327,PV-A,pva,G0327,pictureX_0611_Hole_punch,pva::G0327,5,True,#6818a8
328,PV-A,pva,G0328,pictureX_0611_Hutch_Cabinet,pva::G0328,5,True,#b85848
329,PV-A,pva,G0329,pictureX_0611_hydraulic_jack,pva::G0329,5,True,#5898b8
330,PV-A,pva,G0330,pictureX_0611_hydraulic_jack1,pva::G0330,5,True,#88c8c8
331,PV-A,pva,G0331,pictureX_0611_hydraulic_jack2,pva::G0331,5,True,#683848
332,PV-A,pva,G0332,pictureX_0611_Ice_crream_machine,pva::G0332,5,True,#1838d8
333,PV-A,pva,G0333,pictureX_0611_industrial_crane_featuring_advanced_hydraulic,pva::G0333,5,True,#588868
334,PV-A,pva,G0334,pictureX_0611_Industrial_rolling_work_table,pva::G0334,5,True,#4818e8
335,PV-A,pva,G0335,pictureX_0611_ironing_board2,pva::G0335,5,True,#8818a8
336,PV-A,pva,G0336,pictureX_0611_juicer_press_with_handle,pva::G0336,5,True,#78a838
337,PV-A,pva,G0337,pictureX_0611_kitchen_cabinet,pva::G0337,5,True,#18c8b8
338,PV-A,pva,G0338,pictureX_0611_Kitchen_set,pva::G0338,5,True,#d858a8
339,PV-A,pva,G0339,pictureX_0611_laser_level_tripod,pva::G0339,5,True,#b858a8
340,PV-A,pva,G0340,pictureX_0611_lazy_susan,pva::G0340,5,True,#b848b8
341,PV-A,pva,G0341,pictureX_0611_Lid_opener,pva::G0341,5,True,#5828b8
342,PV-A,pva,G0342,pictureX_0611_linear_bearing_slide_with_rail,pva::G0342,5,True,#582878
343,PV-A,pva,G0343,pictureX_0611_Locker_box,pva::G0343,5,True,#483878
344,PV-A,pva,G0344,pilers_cutting_pliers,pva::G0344,5,True,#2868e8
345,PV-A,pva,G0345,pilers_fencing_pliers,pva::G0345,5,True,#3818a8
346,PV-A,pva,G0346,pilers_linesman_pliers,pva::G0346,5,True,#a8c818
347,PV-A,pva,G0347,pilers_locking_pliers,pva::G0347,5,True,#d86878
348,PV-A,pva,G0348,pilers_needle_nose_pliers,pva::G0348,5,True,#9858c8
349,PV-A,pva,G0349,pilers_slip_joint_pliers,pva::G0349,5,True,#e8b848
350,PV-A,pva,G0350,pilers_tongue_groove_pliers,pva::G0350,5,True,#6858e8
351,PV-A,pva,G0351,pilers_wire_strippers,pva::G0351,5,True,#784898
352,PV-A,pva,G0352,platform_cart,pva::G0352,5,True,#481888
353,PV-A,pva,G0353,Playground_playground_chair_swing_carousel,pva::G0353,5,True,#a82838
354,PV-A,pva,G0354,Playground_playground_merry_go_round,pva::G0354,5,True,#984858
355,PV-A,pva,G0355,Playground_Seesaw,pva::G0355,5,True,#18d818
356,PV-A,pva,G0356,Playground_swing,pva::G0356,5,True,#c8c868
357,PV-A,pva,G0357,playground_swing,pva::G0357,5,True,#7838b8
358,PV-A,pva,G0358,Playground_swing_circular,pva::G0358,5,True,#e8a8c8
359,PV-A,pva,G0359,point_of_sale_terminal,pva::G0359,5,True,#9848a8
360,PV-A,pva,G0360,Powertools_angle_grinder,pva::G0360,5,True,#e848d8
361,PV-A,pva,G0361,Powertools_drill,pva::G0361,5,True,#e888b8
362,PV-A,pva,G0362,Powertools_Lawn_mower,pva::G0362,5,True,#9838b8
363,PV-A,pva,G0363,projector,pva::G0363,5,True,#885888
364,PV-A,pva,G0364,protractor_with_swing_arm,pva::G0364,5,True,#d82878
365,PV-A,pva,G0365,pulley,pva::G0365,5,True,#a83858
366,PV-A,pva,G0366,pushpull_plunger_chain,pva::G0366,5,True,#b838e8
367,PV-A,pva,G0367,rabbit_hutch,pva::G0367,5,True,#b84858
368,PV-A,pva,G0368,rack_and_pinion_slider,pva::G0368,5,True,#d88818
369,PV-A,pva,G0369,ratchet_strap,pva::G0369,5,True,#c8b888
370,PV-A,pva,G0370,refrigerator_with_hinged_doors,pva::G0370,5,True,#d818b8
371,PV-A,pva,G0371,remote_weapon_station,pva::G0371,5,True,#8858a8
372,PV-A,pva,G0372,retractable_patio_awning,pva::G0372,5,True,#b868c8
373,PV-A,pva,G0373,retractable_utility_knife,pva::G0373,5,True,#589818
374,PV-A,pva,G0374,revolving_door,pva::G0374,5,True,#7818d8
375,PV-A,pva,G0375,ring_blinder,pva::G0375,5,True,#482898
376,PV-A,pva,G0376,riot_shield,pva::G0376,5,True,#d818d8
377,PV-A,pva,G0377,rivet_squeeze,pva::G0377,5,True,#4878c8
378,PV-A,pva,G0378,rivet_squeeze1,pva::G0378,5,True,#487818
379,PV-A,pva,G0379,robotic_arms,pva::G0379,5,True,#384818
380,PV-A,pva,G0380,robotic_leg,pva::G0380,5,True,#d86828
381,PV-A,pva,G0381,roller_conveyor,pva::G0381,5,True,#18a868
382,PV-A,pva,G0382,rolling_toolbox_with_telescoping_handle,pva::G0382,5,True,#683868
383,PV-A,pva,G0383,rope_pulley,pva::G0383,5,True,#484878
384,PV-A,pva,G0384,rotary_table_with_tilting_trunnion,pva::G0384,5,True,#383888
385,PV-A,pva,G0385,rotating_observatory_dome,pva::G0385,5,True,#b878a8
386,PV-A,pva,G0386,round_cabinet,pva::G0386,5,True,#b83838
387,PV-A,pva,G0387,sailboat_winch_with_pawl_and_handle,pva::G0387,5,True,#9868e8
388,PV-A,pva,G0388,satellite_with_articulated_solar_panels,pva::G0388,5,True,#783838
389,PV-A,pva,G0389,scanner,pva::G0389,5,True,#e81848
390,PV-A,pva,G0390,Science_Capsule,pva::G0390,5,True,#e87838
391,PV-A,pva,G0391,Science_Dental_setup,pva::G0391,5,True,#9868b8
392,PV-A,pva,G0392,Science_First_aid_cabinet,pva::G0392,5,True,#a85878
393,PV-A,pva,G0393,Science_microscope,pva::G0393,5,True,#1858c8
394,PV-A,pva,G0394,Science_Surgical_bed,pva::G0394,5,True,#c848e8
395,PV-A,pva,G0395,Science_Surgical_chair,pva::G0395,5,True,#e89868
396,PV-A,pva,G0396,Science_Syringe,pva::G0396,5,True,#6858a8
397,PV-A,pva,G0397,screwcap_bottle,pva::G0397,5,True,#7858b8
398,PV-A,pva,G0398,screwin_light_bulb_with_socket,pva::G0398,5,True,#d85858
399,PV-A,pva,G0399,searchlight_tower,pva::G0399,5,True,#c878b8
400,PV-A,pva,G0400,seed_spreader,pva::G0400,5,True,#187848
401,PV-A,pva,G0401,seeder,pva::G0401,5,True,#a89848
402,PV-A,pva,G0402,serial_elbow_arm,pva::G0402,5,True,#a83828
403,PV-A,pva,G0403,sewing_machine,pva::G0403,5,True,#b88898
404,PV-A,pva,G0404,shelving_unit_with_adjustable_shelves,pva::G0404,5,True,#c81858
405,PV-A,pva,G0405,shelving_unit_with_folding_shelves,pva::G0405,5,True,#681858
406,PV-A,pva,G0406,shoulderelbowwrist_arm,pva::G0406,5,True,#e88898
407,PV-A,pva,G0407,Sign_sign,pva::G0407,5,True,#682888
408,PV-A,pva,G0408,simple_aframe_step_ladder,pva::G0408,5,True,#c86868
409,PV-A,pva,G0409,simple_drying_rack,pva::G0409,5,True,#886898
410,PV-A,pva,G0410,single_revolute_hinge,pva::G0410,5,True,#983888
411,PV-A,pva,G0411,single_rotor_helicopter,pva::G0411,5,True,#a85858
412,PV-A,pva,G0412,single_wheelbarrow,pva::G0412,5,True,#1888b8
413,PV-A,pva,G0413,singleleaf_drawbridge,pva::G0413,5,True,#b878d8
414,PV-A,pva,G0414,sliding_turnstile,pva::G0414,5,True,#685888
415,PV-A,pva,G0415,sliding_window_classic,pva::G0415,5,True,#c88878
416,PV-A,pva,G0416,sluice_gate_with_vertical_lift_panel,pva::G0416,5,True,#d888c8
417,PV-A,pva,G0417,soft_pneumatic_gripper,pva::G0417,5,True,#5848a8
418,PV-A,pva,G0418,speed_gate,pva::G0418,5,True,#683828
419,PV-A,pva,G0419,Sports_Baby_cycle,pva::G0419,5,True,#783858
420,PV-A,pva,G0420,Sports_Bike,pva::G0420,5,True,#7838e8
421,PV-A,pva,G0421,Sports_Carabiner,pva::G0421,5,True,#d87878
422,PV-A,pva,G0422,Sports_Dumble,pva::G0422,5,True,#d898a8
423,PV-A,pva,G0423,Sports_Exercise_bike,pva::G0423,5,True,#d888e8
424,PV-A,pva,G0424,Sports_Fidget_Spinner,pva::G0424,5,True,#18a818
425,PV-A,pva,G0425,Sports_game_console,pva::G0425,5,True,#3848e8
426,PV-A,pva,G0426,Sports_Karting,pva::G0426,5,True,#882888
427,PV-A,pva,G0427,Sports_Roller_scates,pva::G0427,5,True,#385898
428,PV-A,pva,G0428,Sports_Scooter_Racer,pva::G0428,5,True,#781818
429,PV-A,pva,G0429,Sports_Skateboard,pva::G0429,5,True,#c898c8
430,PV-A,pva,G0430,Sports_Skincare_Roller,pva::G0430,5,True,#d888a8
431,PV-A,pva,G0431,Sports_Table_football,pva::G0431,5,True,#9838e8
432,PV-A,pva,G0432,Sports_Toy_car,pva::G0432,5,True,#b888c8
433,PV-A,pva,G0433,sprinkler_head_with_rotating_arms,pva::G0433,5,True,#4858e8
434,PV-A,pva,G0434,Stairs_Escalator,pva::G0434,5,True,#982828
435,PV-A,pva,G0435,stand_mixer,pva::G0435,5,True,#681838
436,PV-A,pva,G0436,standing_desk_with_synchronous_telescoping_legs_and_articulated_controls,pva::G0436,5,True,#5848c8
437,PV-A,pva,G0437,Stationary_Calculater,pva::G0437,5,True,#a848e8
438,PV-A,pva,G0438,Stationary_Clip,pva::G0438,5,True,#883828
439,PV-A,pva,G0439,Stationary_Clipboard,pva::G0439,5,True,#984818
440,PV-A,pva,G0440,Stationary_Folder,pva::G0440,5,True,#586838
441,PV-A,pva,G0441,Stationary_Pen,pva::G0441,5,True,#282898
442,PV-A,pva,G0442,Stationary_Pencil_sharpener,pva::G0442,5,True,#781868
443,PV-A,pva,G0443,Stationary_Scissors,pva::G0443,5,True,#9878a8
444,PV-A,pva,G0444,storage_cart_with_drawers_on_wheels,pva::G0444,5,True,#e898d8
445,PV-A,pva,G0445,stretcher,pva::G0445,5,True,#8878d8
446,PV-A,pva,G0446,Structure_Elevator,pva::G0446,5,True,#686898
447,PV-A,pva,G0447,studio_lamp,pva::G0447,5,True,#186838
448,PV-A,pva,G0448,studio_spotlight_on_yoke,pva::G0448,5,True,#b848d8
449,PV-A,pva,G0449,table_tennis_table,pva::G0449,5,True,#3838b8
450,PV-A,pva,G0450,table_with_doors_and_drawers,pva::G0450,5,True,#7888a8
451,PV-A,pva,G0451,table_with_drawers_no_door,pva::G0451,5,True,#b89818
452,PV-A,pva,G0452,tackle_box_with_simple_hinged_lid,pva::G0452,5,True,#b87878
453,PV-A,pva,G0453,tailor_s_dummy,pva::G0453,5,True,#e84838
454,PV-A,pva,G0454,Technology_Audio_Device,pva::G0454,5,True,#981858
455,PV-A,pva,G0455,Technology_Conference_Phone,pva::G0455,5,True,#685838
456,PV-A,pva,G0456,Technology_Flashlight,pva::G0456,5,True,#d83898
457,PV-A,pva,G0457,Technology_Graphics_Card,pva::G0457,5,True,#a858d8
458,PV-A,pva,G0458,Technology_Keyboard,pva::G0458,5,True,#6868c8
459,PV-A,pva,G0459,Technology_Laptop,pva::G0459,5,True,#c868e8
460,PV-A,pva,G0460,Technology_Mobile_Phone,pva::G0460,5,True,#48b8a8
461,PV-A,pva,G0461,Technology_Monitor,pva::G0461,5,True,#a87868
462,PV-A,pva,G0462,Technology_Printer,pva::G0462,5,True,#9888c8
463,PV-A,pva,G0463,Technology_Remote_Control,pva::G0463,5,True,#38b848
464,PV-A,pva,G0464,Technology_Security_Camera,pva::G0464,5,True,#e88878
465,PV-A,pva,G0465,Technology_Telescope,pva::G0465,5,True,#788848
466,PV-A,pva,G0466,telescoping_boom,pva::G0466,5,True,#e878b8
467,PV-A,pva,G0467,telescoping_fishing_rod,pva::G0467,5,True,#d89858
468,PV-A,pva,G0468,telescoping_pointer,pva::G0468,5,True,#a81898
469,PV-A,pva,G0469,threestage_telescoping_slide,pva::G0469,5,True,#782898
470,PV-A,pva,G0470,tractor,pva::G0470,5,True,#487868
471,PV-A,pva,G0471,traditional_windmill,pva::G0471,5,True,#b81878
472,PV-A,pva,G0472,trekking_pole_collapsible,pva::G0472,5,True,#4858a8
473,PV-A,pva,G0473,tricycle,pva::G0473,5,True,#d87858
474,PV-A,pva,G0474,tripod,pva::G0474,5,True,#d838e8
475,PV-A,pva,G0475,trombone,pva::G0475,5,True,#882838
476,PV-A,pva,G0476,trumpet,pva::G0476,5,True,#4868a8
477,PV-A,pva,G0477,tube_cutter,pva::G0477,5,True,#e87868
478,PV-A,pva,G0478,turnbuckle,pva::G0478,5,True,#7878e8
479,PV-A,pva,G0479,turnstile_gates,pva::G0479,5,True,#d81858
480,PV-A,pva,G0480,turntable,pva::G0480,5,True,#9818d8
481,PV-A,pva,G0481,tv_cabinet,pva::G0481,5,True,#78d888
482,PV-A,pva,G0482,tv_wall_mount,pva::G0482,5,True,#c81838
483,PV-A,pva,G0483,twojoint_prismatic_chain,pva::G0483,5,True,#a818b8
484,PV-A,pva,G0484,twojoint_revolute_chain,pva::G0484,5,True,#d8a8d8
485,PV-A,pva,G0485,universal_joint,pva::G0485,5,True,#9888a8
486,PV-A,pva,G0486,Urban_Environment_bucket1,pva::G0486,5,True,#18e858
487,PV-A,pva,G0487,Urban_Environment_bucket2,pva::G0487,5,True,#7858d8
488,PV-A,pva,G0488,Urban_Environment_Caster_Trolley,pva::G0488,5,True,#58c848
489,PV-A,pva,G0489,Urban_Environment_Caster_Trolley2,pva::G0489,5,True,#5858b8
490,PV-A,pva,G0490,Urban_Environment_Draft_Wagon,pva::G0490,5,True,#b88838
491,PV-A,pva,G0491,Urban_Environment_Fire_cabinet,pva::G0491,5,True,#782878
492,PV-A,pva,G0492,Urban_Environment_Fire_Extinguisher,pva::G0492,5,True,#e838b8
493,PV-A,pva,G0493,Urban_Environment_Fire_Hydrant,pva::G0493,5,True,#58b888
494,PV-A,pva,G0494,Urban_Environment_Garbage_bin,pva::G0494,5,True,#a81818
495,PV-A,pva,G0495,Urban_Environment_Large_Trashcan,pva::G0495,5,True,#384888
496,PV-A,pva,G0496,Urban_Environment_Mailbox,pva::G0496,5,True,#5878a8
497,PV-A,pva,G0497,Urban_Environment_Manhole_cover,pva::G0497,5,True,#d8a8b8
498,PV-A,pva,G0498,Urban_Environment_Phone_box,pva::G0498,5,True,#58b868
499,PV-A,pva,G0499,Urban_Environment_Public_toilet,pva::G0499,5,True,#d868a8
500,PV-A,pva,G0500,Urban_Environment_Public_toilet1,pva::G0500,5,True,#88a878
501,PV-A,pva,G0501,Urban_Environment_Roof_antena,pva::G0501,5,True,#d82818
502,PV-A,pva,G0502,Urban_Environment_sci_fi_satellite_dish,pva::G0502,5,True,#781848
503,PV-A,pva,G0503,Urban_Environment_Tilt_Truck1,pva::G0503,5,True,#8838c8
504,PV-A,pva,G0504,Urban_Environment_Tilt_Truck2,pva::G0504,5,True,#c818b8
505,PV-A,pva,G0505,Urban_Environment_Trashcan1,pva::G0505,5,True,#684828
506,PV-A,pva,G0506,Urban_Environment_Trashcan2,pva::G0506,5,True,#983848
507,PV-A,pva,G0507,Urban_Environment_utility_box,pva::G0507,5,True,#98b8d8
508,PV-A,pva,G0508,Urban_Environment_Well_lid,pva::G0508,5,True,#a898c8
509,PV-A,pva,G0509,usb_drive_with_swivel_cover,pva::G0509,5,True,#b8a8d8
510,PV-A,pva,G0510,vane_array_with_independent_pivots,pva::G0510,5,True,#a84828
511,PV-A,pva,G0511,Vehicle_Sports_car,pva::G0511,5,True,#883868
512,PV-A,pva,G0512,waffle_maker,pva::G0512,5,True,#886828
513,PV-A,pva,G0513,walking_cane,pva::G0513,5,True,#7878c8
514,PV-A,pva,G0514,wall_safe_with_hinged_door_and_dial,pva::G0514,5,True,#b8a868
515,PV-A,pva,G0515,watch,pva::G0515,5,True,#5858d8
516,PV-A,pva,G0516,water_filter_pump,pva::G0516,5,True,#2818b8
517,PV-A,pva,G0517,watering_can,pva::G0517,5,True,#886848
518,PV-A,pva,G0518,wheelbarrow,pva::G0518,5,True,#d8a898
519,PV-A,pva,G0519,wheelie_bin_with_hinged_lid,pva::G0519,5,True,#b838a8
520,PV-A,pva,G0520,whiteboard_easel,pva::G0520,5,True,#e868e8
521,PV-A,pva,G0521,wind_turbine,pva::G0521,5,True,#a83878
522,PV-A,pva,G0522,Window_Sliding_window,pva::G0522,5,True,#98d858
523,PV-A,pva,G0523,Window_Window,pva::G0523,5,True,#d88868
524,PV-A,pva,G0524,windshield_wiper_assembly,pva::G0524,5,True,#98c8a8
525,PV-A,pva,G0525,wine_cabinet,pva::G0525,5,True,#d81888
526,PV-A,pva,G0526,wine_cabinet1,pva::G0526,5,True,#4868d8
527,PV-A,pva,G0527,wine_cabinet2,pva::G0527,5,True,#7898e8
528,PV-A,pva,G0528,wine_rack,pva::G0528,5,True,#68b8b8
529,PV-A,pva,G0529,worm_gear_and_wheel_assembly,pva::G0529,5,True,#8828b8
530,PV-A,pva,G0530,wrench_set,pva::G0530,5,True,#c84818
531,PV-A,pva,G0531,zippo_lighter,pva::G0531,5,True,#b838c8
532,Artiverse,artiverse,C001,aerosol_can,artiverse::C001,5,True,#8898c8
533,Artiverse,artiverse,C002,armoire,artiverse::C002,5,True,#583818
534,Artiverse,artiverse,C003,bar_stool,artiverse::C003,5,True,#88d828
535,Artiverse,artiverse,C004,blender,artiverse::C004,5,True,#4878e8
536,Artiverse,artiverse,C005,bookcase,artiverse::C005,5,True,#d838c8
537,Artiverse,artiverse,C006,bottle,artiverse::C006,5,True,#d85888
538,Artiverse,artiverse,C007,bucket,artiverse::C007,5,True,#e83878
539,Artiverse,artiverse,C008,camera,artiverse::C008,3,False,#884818
540,Artiverse,artiverse,C009,cap_pen,artiverse::C009,5,True,#5888b8
541,Artiverse,artiverse,C010,ceiling_fan,artiverse::C010,5,True,#186858
542,Artiverse,artiverse,C011,chest_of_drawers,artiverse::C011,5,True,#88c848
543,Artiverse,artiverse,C012,clasp_knife,artiverse::C012,1,False,#984838
544,Artiverse,artiverse,C013,coffee_table,artiverse::C013,5,True,#3858b8
545,Artiverse,artiverse,C014,desk,artiverse::C014,5,True,#b84878
546,Artiverse,artiverse,C015,digital_piano,artiverse::C015,2,False,#c85898
547,Artiverse,artiverse,C016,dishwasher,artiverse::C016,5,True,#987818
548,Artiverse,artiverse,C017,display,artiverse::C017,5,True,#e86838
549,Artiverse,artiverse,C018,display_cabinet,artiverse::C018,5,True,#b85828
550,Artiverse,artiverse,C019,divider,artiverse::C019,5,True,#984878
551,Artiverse,artiverse,C020,door,artiverse::C020,5,True,#884858
552,Artiverse,artiverse,C021,dumpster,artiverse::C021,5,True,#784838
553,Artiverse,artiverse,C022,electric_clock,artiverse::C022,5,True,#b84898
554,Artiverse,artiverse,C023,electric_fan,artiverse::C023,5,True,#789848
555,Artiverse,artiverse,C024,electric_kettle,artiverse::C024,3,False,#a8c878
556,Artiverse,artiverse,C025,eyeglasses,artiverse::C025,5,True,#3848a8
557,Artiverse,artiverse,C026,faucet,artiverse::C026,5,True,#68c888
558,Artiverse,artiverse,C027,flashlight,artiverse::C027,5,True,#c83888
559,Artiverse,artiverse,C028,floor_clock,artiverse::C028,2,False,#683888
560,Artiverse,artiverse,C029,floor_lamp,artiverse::C029,5,True,#c848b8
561,Artiverse,artiverse,C030,game_controller,artiverse::C030,1,False,#285888
562,Artiverse,artiverse,C031,grill,artiverse::C031,3,False,#a848b8
563,Artiverse,artiverse,C032,jewelry_box,artiverse::C032,5,True,#48d8c8
564,Artiverse,artiverse,C033,kitchen_pot,artiverse::C033,5,True,#185818
565,Artiverse,artiverse,C034,laptop,artiverse::C034,5,True,#e8b898
566,Artiverse,artiverse,C035,lidded_bin,artiverse::C035,1,False,#285848
567,Artiverse,artiverse,C036,lighter,artiverse::C036,5,True,#484828
568,Artiverse,artiverse,C037,locker,artiverse::C037,5,True,#8848e8
569,Artiverse,artiverse,C038,makeup_mirror,artiverse::C038,5,True,#c87838
570,Artiverse,artiverse,C039,mechanical_pen,artiverse::C039,5,True,#48a8a8
571,Artiverse,artiverse,C040,memory_stick,artiverse::C040,2,False,#48a8d8
572,Artiverse,artiverse,C041,microwave,artiverse::C041,5,True,#7888d8
573,Artiverse,artiverse,C042,moka_pot,artiverse::C042,2,False,#d85818
574,Artiverse,artiverse,C043,monitor_arm,artiverse::C043,5,True,#985818
575,Artiverse,artiverse,C044,nightstand,artiverse::C044,5,True,#b8b8d8
576,Artiverse,artiverse,C045,oven,artiverse::C045,5,True,#589898
577,Artiverse,artiverse,C046,pedal_bin,artiverse::C046,5,True,#483858
578,Artiverse,artiverse,C047,piano,artiverse::C047,5,True,#68b818
579,Artiverse,artiverse,C048,picture_frame,artiverse::C048,4,False,#c85848
580,Artiverse,artiverse,C049,pliers,artiverse::C049,2,False,#3858d8
581,Artiverse,artiverse,C050,recliner_chair,artiverse::C050,5,True,#e88828
582,Artiverse,artiverse,C051,refrigerator,artiverse::C051,5,True,#b85868
583,Artiverse,artiverse,C052,remote,artiverse::C052,5,True,#d848d8
584,Artiverse,artiverse,C053,safe,artiverse::C053,5,True,#48c878
585,Artiverse,artiverse,C054,scissors,artiverse::C054,5,True,#e858a8
586,Artiverse,artiverse,C055,shopping_cart,artiverse::C055,4,False,#9828a8
587,Artiverse,artiverse,C056,sideboard,artiverse::C056,5,True,#88a8d8
588,Artiverse,artiverse,C057,sink_cabinet,artiverse::C057,5,True,#68b8d8
589,Artiverse,artiverse,C058,skateboard,artiverse::C058,5,True,#d828a8
590,Artiverse,artiverse,C059,soap_dispenser,artiverse::C059,5,True,#882858
591,Artiverse,artiverse,C060,spray_bottle,artiverse::C060,5,True,#b82898
592,Artiverse,artiverse,C061,standing_mirror,artiverse::C061,5,True,#988838
593,Artiverse,artiverse,C062,stapler,artiverse::C062,5,True,#c84878
594,Artiverse,artiverse,C063,storage_bench,artiverse::C063,5,True,#b8a888
595,Artiverse,artiverse,C064,storage_box,artiverse::C064,2,False,#d858c8
596,Artiverse,artiverse,C065,storage_chest,artiverse::C065,5,True,#b818e8
597,Artiverse,artiverse,C066,stroller,artiverse::C066,2,False,#4898d8
598,Artiverse,artiverse,C067,suitcase,artiverse::C067,5,True,#b858c8
599,Artiverse,artiverse,C068,switch,artiverse::C068,5,True,#4848d8
600,Artiverse,artiverse,C069,swivel_chair,artiverse::C069,5,True,#885848
601,Artiverse,artiverse,C070,table_lamp,artiverse::C070,5,True,#8818c8
602,Artiverse,artiverse,C071,tabletop_clock,artiverse::C071,5,True,#c86818
603,Artiverse,artiverse,C072,telescoping_ladder,artiverse::C072,3,False,#989878
604,Artiverse,artiverse,C073,toaster,artiverse::C073,5,True,#a85898
605,Artiverse,artiverse,C074,toilet,artiverse::C074,5,True,#6828b8
606,Artiverse,artiverse,C075,tool_box,artiverse::C075,5,True,#a86828
607,Artiverse,artiverse,C076,tool_cabinet,artiverse::C076,1,False,#2838a8
608,Artiverse,artiverse,C077,towel_ring,artiverse::C077,5,True,#b83818
609,Artiverse,artiverse,C078,tv_stand,artiverse::C078,5,True,#284878
610,Artiverse,artiverse,C079,wall_cabinet,artiverse::C079,5,True,#785828
611,Artiverse,artiverse,C080,wall_clock,artiverse::C080,5,True,#885868
612,Artiverse,artiverse,C081,washing_machine,artiverse::C081,4,False,#d84848
613,Artiverse,artiverse,C082,wheelie_bin,artiverse::C082,5,True,#d86858
614,Artiverse,artiverse,C083,window,artiverse::C083,5,True,#3868b8
615,Artiverse,artiverse,C084,wrench,artiverse::C084,1,False,#5828e8
616,Articraft-10K,articraft10k,A0001,adjustable_weight_bench_with_hinged_backrest,articraft10k::A0001,5,True,#e86878
617,Articraft-10K,articraft10k,A0002,air_conditioning_machine,articraft10k::A0002,5,True,#b86848
618,Articraft-10K,articraft10k,A0003,air_fryer_with_pullout_basket,articraft10k::A0003,5,True,#783898
619,Articraft-10K,articraft10k,A0004,air_pump_with_t_handle,articraft10k::A0004,5,True,#786838
620,Articraft-10K,articraft10k,A0005,air_purifier_with_filter_door,articraft10k::A0005,5,True,#58a8b8
621,Articraft-10K,articraft10k,A0006,all_in_one_printer_with_scanner_lid_and_paper_tray,articraft10k::A0006,5,True,#a8a838
622,Articraft-10K,articraft10k,A0007,arcade_machine,articraft10k::A0007,5,True,#2838e8
623,Articraft-10K,articraft10k,A0008,articulated_task_lamp,articraft10k::A0008,5,True,#b89858
624,Articraft-10K,articraft10k,A0009,astronomical_telescope_on_tripod,articraft10k::A0009,5,True,#787828
625,Articraft-10K,articraft10k,A0010,atv_quad_bike,articraft10k::A0010,1,False,#5838c8
626,Articraft-10K,articraft10k,A0011,barrier_gate,articraft10k::A0011,5,True,#b86898
627,Articraft-10K,articraft10k,A0012,bell_tower_with_swinging_bell,articraft10k::A0012,5,True,#388898
628,Articraft-10K,articraft10k,A0013,bench_vise_with_prismatic_jaw,articraft10k::A0013,5,True,#684868
629,Articraft-10K,articraft10k,A0014,benchtop_monocular_laboratory_microscope,articraft10k::A0014,5,True,#18d878
630,Articraft-10K,articraft10k,A0015,bicycle_crankset_and_pedal_assembly,articraft10k::A0015,5,True,#a86878
631,Articraft-10K,articraft10k,A0016,bicycle_dropper_seatpost_assembly,articraft10k::A0016,5,True,#7848b8
632,Articraft-10K,articraft10k,A0017,bicycle_fork_and_handlebar_assembly,articraft10k::A0017,5,True,#d89818
633,Articraft-10K,articraft10k,A0018,binoculars,articraft10k::A0018,5,True,#986858
634,Articraft-10K,articraft10k,A0019,blender,articraft10k::A0019,5,True,#8858c8
635,Articraft-10K,articraft10k,A0020,blimp,articraft10k::A0020,5,True,#c8b848
636,Articraft-10K,articraft10k,A0021,box_fan_with_control_knob,articraft10k::A0021,5,True,#4888e8
637,Articraft-10K,articraft10k,A0022,branching_tree_with_three_independent_rotary_branches,articraft10k::A0022,5,True,#982868
638,Articraft-10K,articraft10k,A0023,branching_tree_with_two_independent_rotary_branches,articraft10k::A0023,5,True,#184848
639,Articraft-10K,articraft10k,A0024,bread_maker_with_hinged_lid,articraft10k::A0024,5,True,#787848
640,Articraft-10K,articraft10k,A0025,camcorder_with_flipout_screen,articraft10k::A0025,5,True,#284898
641,Articraft-10K,articraft10k,A0026,camera_flash,articraft10k::A0026,5,True,#582848
642,Articraft-10K,articraft10k,A0027,camera_lens,articraft10k::A0027,5,True,#b868e8
643,Articraft-10K,articraft10k,A0028,candy_vending_machine,articraft10k::A0028,5,True,#9828c8
644,Articraft-10K,articraft10k,A0029,cannon,articraft10k::A0029,5,True,#18b8b8
645,Articraft-10K,articraft10k,A0030,cantilever_articulated_arm,articraft10k::A0030,5,True,#c838a8
646,Articraft-10K,articraft10k,A0031,car_axles,articraft10k::A0031,5,True,#e858e8
647,Articraft-10K,articraft10k,A0032,car_sunroof_cassette,articraft10k::A0032,5,True,#184868
648,Articraft-10K,articraft10k,A0033,cash_register,articraft10k::A0033,5,True,#2838c8
649,Articraft-10K,articraft10k,A0034,casino_machine,articraft10k::A0034,5,True,#285868
650,Articraft-10K,articraft10k,A0035,cctv_mast_with_pantilt_camera_head,articraft10k::A0035,5,True,#48a878
651,Articraft-10K,articraft10k,A0036,ceiling_fan,articraft10k::A0036,5,True,#584888
652,Articraft-10K,articraft10k,A0037,ceiling_light_fixture,articraft10k::A0037,5,True,#a88848
653,Articraft-10K,articraft10k,A0038,centrifugal_juicer_with_articulated_components,articraft10k::A0038,5,True,#7828c8
654,Articraft-10K,articraft10k,A0039,chest_freezer_with_hinged_lid,articraft10k::A0039,5,True,#98c8e8
655,Articraft-10K,articraft10k,A0040,clamp_meter_with_hinged_jaw_and_rotary_selector,articraft10k::A0040,5,True,#68c8d8
656,Articraft-10K,articraft10k,A0041,clock_tower_with_rotating_hour_and_minute_hands,articraft10k::A0041,5,True,#585828
657,Articraft-10K,articraft10k,A0042,coaxial_rotary_stack,articraft10k::A0042,5,True,#782818
658,Articraft-10K,articraft10k,A0043,conventional_oven_with_dropdown_door,articraft10k::A0043,5,True,#5838a8
659,Articraft-10K,articraft10k,A0044,crane_tower,articraft10k::A0044,5,True,#a8a878
660,Articraft-10K,articraft10k,A0045,dehumidifier_with_pullout_water_bucket,articraft10k::A0045,5,True,#383858
661,Articraft-10K,articraft10k,A0046,desk_with_drawer,articraft10k::A0046,5,True,#386888
662,Articraft-10K,articraft10k,A0047,desktop_hole_punch_with_articulated_components,articraft10k::A0047,5,True,#681848
663,Articraft-10K,articraft10k,A0048,desktop_monitor_with_tilt_swivel_stand,articraft10k::A0048,5,True,#b87828
664,Articraft-10K,articraft10k,A0049,desktop_pc_tower,articraft10k::A0049,5,True,#588898
665,Articraft-10K,articraft10k,A0050,desktop_pencil_sharpener_with_hand_crank_and_drawer,articraft10k::A0050,5,True,#9858e8
666,Articraft-10K,articraft10k,A0051,desktop_stapler_with_hinged_top_arm,articraft10k::A0051,5,True,#e85858
667,Articraft-10K,articraft10k,A0052,digital_multimeter_with_tilt_stand_and_rotary_selector,articraft10k::A0052,5,True,#3818d8
668,Articraft-10K,articraft10k,A0053,dishwasher_with_dropdown_door_and_sliding_racks,articraft10k::A0053,5,True,#b8c8a8
669,Articraft-10K,articraft10k,A0054,display_freezer_with_sliding_glass_lids,articraft10k::A0054,5,True,#38a898
670,Articraft-10K,articraft10k,A0055,dj_equipment,articraft10k::A0055,5,True,#6848d8
671,Articraft-10K,articraft10k,A0056,dock_loading_ramp,articraft10k::A0056,5,True,#98b8a8
672,Articraft-10K,articraft10k,A0057,drawer_cabinet_with_sliding_drawers,articraft10k::A0057,5,True,#a81878
673,Articraft-10K,articraft10k,A0058,drillpress_tilt_table,articraft10k::A0058,5,True,#a87848
674,Articraft-10K,articraft10k,A0059,drone,articraft10k::A0059,5,True,#c88818
675,Articraft-10K,articraft10k,A0060,dual_independent_finger_chains,articraft10k::A0060,5,True,#5898e8
676,Articraft-10K,articraft10k,A0061,dualcolumn_lift_carriage,articraft10k::A0061,5,True,#583868
677,Articraft-10K,articraft10k,A0062,dualrail_gantry_axis,articraft10k::A0062,5,True,#b84838
678,Articraft-10K,articraft10k,A0063,easel,articraft10k::A0063,5,True,#78a8b8
679,Articraft-10K,articraft10k,A0064,electric_kettle_with_hinged_lid,articraft10k::A0064,5,True,#682858
680,Articraft-10K,articraft10k,A0065,electrical_cabinet_door,articraft10k::A0065,5,True,#581878
681,Articraft-10K,articraft10k,A0066,elevator,articraft10k::A0066,5,True,#1878a8
682,Articraft-10K,articraft10k,A0067,espresso_machine_with_articulated_components,articraft10k::A0067,5,True,#88b848
683,Articraft-10K,articraft10k,A0068,extension_ladder,articraft10k::A0068,5,True,#38a8c8
684,Articraft-10K,articraft10k,A0069,faucet_with_side_handle,articraft10k::A0069,5,True,#d878e8
685,Articraft-10K,articraft10k,A0070,fidget_toy,articraft10k::A0070,5,True,#788818
686,Articraft-10K,articraft10k,A0071,film_clapperboard_with_hinged_slate,articraft10k::A0071,5,True,#482878
687,Articraft-10K,articraft10k,A0072,fingerlike_phalanx_chain,articraft10k::A0072,5,True,#1888e8
688,Articraft-10K,articraft10k,A0073,flatbed_scanner_with_hinged_lid,articraft10k::A0073,5,True,#5888d8
689,Articraft-10K,articraft10k,A0074,flip_phone,articraft10k::A0074,5,True,#c83848
690,Articraft-10K,articraft10k,A0075,flip_top_bottle,articraft10k::A0075,1,False,#483868
691,Articraft-10K,articraft10k,A0076,floodlight_mast_with_tilt_head,articraft10k::A0076,5,True,#185858
692,Articraft-10K,articraft10k,A0077,floor_lamp,articraft10k::A0077,5,True,#d88848
693,Articraft-10K,articraft10k,A0078,floor_standing_drafting_table,articraft10k::A0078,5,True,#582868
694,Articraft-10K,articraft10k,A0079,folding_chair,articraft10k::A0079,1,False,#3878d8
695,Articraft-10K,articraft10k,A0080,folding_kick_scooter,articraft10k::A0080,5,True,#a85838
696,Articraft-10K,articraft10k,A0081,food_processor_with_feed_pusher,articraft10k::A0081,5,True,#681868
697,Articraft-10K,articraft10k,A0082,fourjoint_revolute_chain,articraft10k::A0082,5,True,#387878
698,Articraft-10K,articraft10k,A0083,frontload_dryer,articraft10k::A0083,5,True,#c828d8
699,Articraft-10K,articraft10k,A0084,frontload_washing_machine,articraft10k::A0084,5,True,#b828d8
700,Articraft-10K,articraft10k,A0085,garden_gate,articraft10k::A0085,5,True,#b828b8
701,Articraft-10K,articraft10k,A0086,gear_assemblies,articraft10k::A0086,5,True,#a828d8
702,Articraft-10K,articraft10k,A0087,glasses,articraft10k::A0087,5,True,#682838
703,Articraft-10K,articraft10k,A0088,globe,articraft10k::A0088,5,True,#683858
704,Articraft-10K,articraft10k,A0089,glove_compartment_door,articraft10k::A0089,5,True,#8818e8
705,Articraft-10K,articraft10k,A0090,graphics_card_with_cooling_fans,articraft10k::A0090,5,True,#18c848
706,Articraft-10K,articraft10k,A0091,grill_with_hinged_lid,articraft10k::A0091,5,True,#381898
707,Articraft-10K,articraft10k,A0092,hand_truck_dolly,articraft10k::A0092,5,True,#583848
708,Articraft-10K,articraft10k,A0093,hinged_window_or_hatch,articraft10k::A0093,5,True,#1848d8
709,Articraft-10K,articraft10k,A0094,hingeddoor_cabinet,articraft10k::A0094,5,True,#383878
710,Articraft-10K,articraft10k,A0095,instrument_case_with_hinged_lid,articraft10k::A0095,5,True,#781858
711,Articraft-10K,articraft10k,A0096,internet_router,articraft10k::A0096,5,True,#781838
712,Articraft-10K,articraft10k,A0097,iv_drip_stand,articraft10k::A0097,1,False,#581888
713,Articraft-10K,articraft10k,A0098,jet_engine,articraft10k::A0098,5,True,#881878
714,Articraft-10K,articraft10k,A0099,joystick_mechanism,articraft10k::A0099,5,True,#286868
715,Articraft-10K,articraft10k,A0100,keyboard,articraft10k::A0100,5,True,#783868
716,Articraft-10K,articraft10k,A0101,kick_scooter,articraft10k::A0101,5,True,#2888c8
717,Articraft-10K,articraft10k,A0102,knee_scooter,articraft10k::A0102,5,True,#583878
718,Articraft-10K,articraft10k,A0103,laptop_clamshell,articraft10k::A0103,5,True,#982888
719,Articraft-10K,articraft10k,A0104,laptop_stand_with_articulated_height_adjustment,articraft10k::A0104,5,True,#482888
720,Articraft-10K,articraft10k,A0105,lazy_susan,articraft10k::A0105,5,True,#b83858
721,Articraft-10K,articraft10k,A0106,lighthouse_with_rotating_beacon_assembly,articraft10k::A0106,5,True,#5818a8
722,Articraft-10K,articraft10k,A0107,linear_carriage_with_independent_rotary_endeffector,articraft10k::A0107,5,True,#4818a8
723,Articraft-10K,articraft10k,A0108,lounge_chair_with_independent_backrest_and_footrest,articraft10k::A0108,5,True,#183888
724,Articraft-10K,articraft10k,A0109,louvered_shutter_assembly,articraft10k::A0109,5,True,#485888
725,Articraft-10K,articraft10k,A0110,mailbox_with_front_access_door,articraft10k::A0110,5,True,#683878
726,Articraft-10K,articraft10k,A0111,mastmounted_fork_carriage,articraft10k::A0111,5,True,#2828a8
727,Articraft-10K,articraft10k,A0112,metronome,articraft10k::A0112,5,True,#682878
728,Articraft-10K,articraft10k,A0113,microwave_oven,articraft10k::A0113,5,True,#d8a838
729,Articraft-10K,articraft10k,A0114,midi_keyboard_controller_with_pitch_wheel_and_sliders,articraft10k::A0114,1,False,#a82868
730,Articraft-10K,articraft10k,A0115,missile_launcher,articraft10k::A0115,5,True,#483888
731,Articraft-10K,articraft10k,A0116,miter_saw_arm_assembly,articraft10k::A0116,5,True,#58c8a8
732,Articraft-10K,articraft10k,A0117,monitor_mount,articraft10k::A0117,5,True,#1868a8
733,Articraft-10K,articraft10k,A0118,motherboard,articraft10k::A0118,5,True,#389878
734,Articraft-10K,articraft10k,A0119,multisegment_foldout_arm,articraft10k::A0119,5,True,#c858e8
735,Articraft-10K,articraft10k,A0120,observation_wheel,articraft10k::A0120,5,True,#383898
736,Articraft-10K,articraft10k,A0121,office_chair,articraft10k::A0121,5,True,#78b8c8
737,Articraft-10K,articraft10k,A0122,offsetaxis_rotary_stack,articraft10k::A0122,5,True,#684878
738,Articraft-10K,articraft10k,A0123,opposed_twinslide_gripper,articraft10k::A0123,5,True,#584878
739,Articraft-10K,articraft10k,A0124,orchestra_style_music_stand,articraft10k::A0124,5,True,#e8a848
740,Articraft-10K,articraft10k,A0125,orthogonal_xy_stage,articraft10k::A0125,5,True,#c88898
741,Articraft-10K,articraft10k,A0126,orthogonal_xz_stage,articraft10k::A0126,5,True,#686828
742,Articraft-10K,articraft10k,A0127,orthogonal_yz_stage,articraft10k::A0127,5,True,#1818d8
743,Articraft-10K,articraft10k,A0128,overbed_table,articraft10k::A0128,5,True,#488878
744,Articraft-10K,articraft10k,A0129,overear_headphones_with_folding_earcups,articraft10k::A0129,5,True,#98b888
745,Articraft-10K,articraft10k,A0130,overshot_waterwheel,articraft10k::A0130,5,True,#883878
746,Articraft-10K,articraft10k,A0131,padlock_with_shackle,articraft10k::A0131,5,True,#784878
747,Articraft-10K,articraft10k,A0132,palm_with_multiple_uncoupled_finger_chains,articraft10k::A0132,5,True,#78a888
748,Articraft-10K,articraft10k,A0133,panini_press_with_clamshell_lid,articraft10k::A0133,5,True,#986818
749,Articraft-10K,articraft10k,A0134,paper_cutter_guillotine,articraft10k::A0134,5,True,#4818c8
750,Articraft-10K,articraft10k,A0135,paper_shredder_with_pullout_bin,articraft10k::A0135,5,True,#681898
751,Articraft-10K,articraft10k,A0136,parabolic_dish_on_azimuth_elevation_mount,articraft10k::A0136,5,True,#a8c898
752,Articraft-10K,articraft10k,A0137,pedal_trash_bin_with_hinged_lid,articraft10k::A0137,5,True,#d89888
753,Articraft-10K,articraft10k,A0138,pet_door_flap,articraft10k::A0138,5,True,#784858
754,Articraft-10K,articraft10k,A0139,pickup_tailgate,articraft10k::A0139,5,True,#685878
755,Articraft-10K,articraft10k,A0140,pitchroll_module,articraft10k::A0140,5,True,#688858
756,Articraft-10K,articraft10k,A0141,planar_revolute_chain,articraft10k::A0141,5,True,#782848
757,Articraft-10K,articraft10k,A0142,platform_cart,articraft10k::A0142,5,True,#582888
758,Articraft-10K,articraft10k,A0143,playground_swing,articraft10k::A0143,5,True,#486878
759,Articraft-10K,articraft10k,A0144,portable_speaker_with_articulated_controls,articraft10k::A0144,5,True,#a88868
760,Articraft-10K,articraft10k,A0145,portal_gantry_with_vertical_slide,articraft10k::A0145,5,True,#684858
761,Articraft-10K,articraft10k,A0146,prismaticrevolute_chain,articraft10k::A0146,5,True,#887858
762,Articraft-10K,articraft10k,A0147,prismaticrevoluteprismatic_chain,articraft10k::A0147,5,True,#9878c8
763,Articraft-10K,articraft10k,A0148,prismaticrevoluterevolute_chain,articraft10k::A0148,5,True,#684898
764,Articraft-10K,articraft10k,A0149,pump_bottle,articraft10k::A0149,5,True,#783888
765,Articraft-10K,articraft10k,A0150,pushpull_plunger_chain,articraft10k::A0150,5,True,#98a868
766,Articraft-10K,articraft10k,A0151,radial_arm_with_sliding_carriage,articraft10k::A0151,5,True,#185898
767,Articraft-10K,articraft10k,A0152,range_hood_with_articulated_controls,articraft10k::A0152,5,True,#882898
768,Articraft-10K,articraft10k,A0153,refrigerator_with_hinged_doors,articraft10k::A0153,5,True,#884878
769,Articraft-10K,articraft10k,A0154,remote,articraft10k::A0154,5,True,#982848
770,Articraft-10K,articraft10k,A0155,remote_weapon_station,articraft10k::A0155,5,True,#3828b8
771,Articraft-10K,articraft10k,A0156,retractable_bollard,articraft10k::A0156,5,True,#983878
772,Articraft-10K,articraft10k,A0157,retractable_utility_knife,articraft10k::A0157,5,True,#5818c8
773,Articraft-10K,articraft10k,A0158,revoluteprismatic_chain,articraft10k::A0158,5,True,#784888
774,Articraft-10K,articraft10k,A0159,revoluteprismaticrevolute_chain,articraft10k::A0159,5,True,#883888
775,Articraft-10K,articraft10k,A0160,revoluterevoluteprismatic_chain,articraft10k::A0160,5,True,#488838
776,Articraft-10K,articraft10k,A0161,revolving_door,articraft10k::A0161,5,True,#583898
777,Articraft-10K,articraft10k,A0162,rice_cooker,articraft10k::A0162,5,True,#7828a8
778,Articraft-10K,articraft10k,A0163,ring_light_on_stand,articraft10k::A0163,5,True,#287898
779,Articraft-10K,articraft10k,A0164,robotic_arms,articraft10k::A0164,5,True,#4818d8
780,Articraft-10K,articraft10k,A0165,robotic_leg,articraft10k::A0165,5,True,#483898
781,Articraft-10K,articraft10k,A0166,rolling_toolbox_with_telescoping_handle,articraft10k::A0166,5,True,#683898
782,Articraft-10K,articraft10k,A0167,rolling_walker,articraft10k::A0167,5,True,#785888
783,Articraft-10K,articraft10k,A0168,roof_vent_tower_with_hinged_flap,articraft10k::A0168,5,True,#884898
784,Articraft-10K,articraft10k,A0169,rotary_base_with_vertical_slide,articraft10k::A0169,5,True,#6818d8
785,Articraft-10K,articraft10k,A0170,rotary_table_with_tilting_trunnion,articraft10k::A0170,5,True,#a878e8
786,Articraft-10K,articraft10k,A0171,rotating_observatory_dome,articraft10k::A0171,5,True,#983898
787,Articraft-10K,articraft10k,A0172,satellite_with_articulated_solar_panels,articraft10k::A0172,1,False,#486898
788,Articraft-10K,articraft10k,A0173,screwcap_bottle,articraft10k::A0173,5,True,#d8b858
789,Articraft-10K,articraft10k,A0174,screwin_light_bulb_with_socket,articraft10k::A0174,5,True,#b8a818
790,Articraft-10K,articraft10k,A0175,searchlight_tower,articraft10k::A0175,5,True,#c898a8
791,Articraft-10K,articraft10k,A0176,seesaw_teeter_totter,articraft10k::A0176,4,False,#984888
792,Articraft-10K,articraft10k,A0177,serial_elbow_arm,articraft10k::A0177,5,True,#58d868
793,Articraft-10K,articraft10k,A0178,service_access_panel,articraft10k::A0178,5,True,#388858
794,Articraft-10K,articraft10k,A0179,sewing_box_with_simple_hinged_lid,articraft10k::A0179,5,True,#487888
795,Articraft-10K,articraft10k,A0180,shoulderelbowwrist_arm,articraft10k::A0180,5,True,#782868
796,Articraft-10K,articraft10k,A0181,simple_aframe_step_ladder,articraft10k::A0181,5,True,#584898
797,Articraft-10K,articraft10k,A0182,simple_drying_rack,articraft10k::A0182,5,True,#1848b8
798,Articraft-10K,articraft10k,A0183,simple_ironing_board,articraft10k::A0183,5,True,#4898a8
799,Articraft-10K,articraft10k,A0184,single_continuous_rotary_shaft,articraft10k::A0184,5,True,#884868
800,Articraft-10K,articraft10k,A0185,single_pitch_axis_module,articraft10k::A0185,5,True,#c89858
801,Articraft-10K,articraft10k,A0186,single_prismatic_slider,articraft10k::A0186,5,True,#58b8e8
802,Articraft-10K,articraft10k,A0187,single_revolute_hinge,articraft10k::A0187,5,True,#b81888
803,Articraft-10K,articraft10k,A0188,single_roll_axis_module,articraft10k::A0188,5,True,#486858
804,Articraft-10K,articraft10k,A0189,single_rotor_helicopter,articraft10k::A0189,5,True,#18d8d8
805,Articraft-10K,articraft10k,A0190,single_yaw_axis_module,articraft10k::A0190,5,True,#883858
806,Articraft-10K,articraft10k,A0191,singleleaf_drawbridge,articraft10k::A0191,5,True,#8838a8
807,Articraft-10K,articraft10k,A0192,skateboard,articraft10k::A0192,5,True,#389848
808,Articraft-10K,articraft10k,A0193,sliding_security_gate,articraft10k::A0193,5,True,#189888
809,Articraft-10K,articraft10k,A0194,sliding_window,articraft10k::A0194,5,True,#b8a848
810,Articraft-10K,articraft10k,A0195,sluice_gate_with_vertical_lift_panel,articraft10k::A0195,5,True,#d898c8
811,Articraft-10K,articraft10k,A0196,stand_mixer,articraft10k::A0196,5,True,#885878
812,Articraft-10K,articraft10k,A0197,standing_desk_with_synchronous_telescoping_legs_and_articulated_controls,articraft10k::A0197,5,True,#b89878
813,Articraft-10K,articraft10k,A0198,stationary_exercise_bike,articraft10k::A0198,5,True,#8838e8
814,Articraft-10K,articraft10k,A0199,stick_vacuum_with_folding_joint,articraft10k::A0199,5,True,#38b878
815,Articraft-10K,articraft10k,A0200,stove_top,articraft10k::A0200,5,True,#7838a8
816,Articraft-10K,articraft10k,A0201,studio_spotlight_on_yoke,articraft10k::A0201,5,True,#785868
817,Articraft-10K,articraft10k,A0202,swivel_bar_stool,articraft10k::A0202,5,True,#1878c8
818,Articraft-10K,articraft10k,A0203,syringe,articraft10k::A0203,5,True,#985888
819,Articraft-10K,articraft10k,A0204,tackle_box_with_simple_hinged_lid,articraft10k::A0204,5,True,#885898
820,Articraft-10K,articraft10k,A0205,telescoping_boom,articraft10k::A0205,5,True,#589878
821,Articraft-10K,articraft10k,A0206,telescoping_mast_with_pan_head,articraft10k::A0206,5,True,#a84888
822,Articraft-10K,articraft10k,A0207,threejoint_prismatic_chain,articraft10k::A0207,5,True,#984898
823,Articraft-10K,articraft10k,A0208,threejoint_revolute_chain,articraft10k::A0208,5,True,#7818e8
824,Articraft-10K,articraft10k,A0209,threestage_telescoping_slide,articraft10k::A0209,5,True,#5838b8
825,Articraft-10K,articraft10k,A0210,tilting_fan,articraft10k::A0210,5,True,#387838
826,Articraft-10K,articraft10k,A0211,toaster_oven,articraft10k::A0211,5,True,#6848a8
827,Articraft-10K,articraft10k,A0212,top_load_washing_machine_with_hinged_lid,articraft10k::A0212,5,True,#1888a8
828,Articraft-10K,articraft10k,A0213,tower_fan_with_rotary_controls,articraft10k::A0213,5,True,#a83898
829,Articraft-10K,articraft10k,A0214,toy_car,articraft10k::A0214,5,True,#886888
830,Articraft-10K,articraft10k,A0215,toy_model_planes,articraft10k::A0215,5,True,#b83878
831,Articraft-10K,articraft10k,A0216,traditional_windmill,articraft10k::A0216,5,True,#687838
832,Articraft-10K,articraft10k,A0217,treasure_chest_with_hinged_lid,articraft10k::A0217,5,True,#685898
833,Articraft-10K,articraft10k,A0218,trigger_spray_bottle,articraft10k::A0218,3,False,#7848a8
834,Articraft-10K,articraft10k,A0219,tripodmounted_device,articraft10k::A0219,5,True,#6838b8
835,Articraft-10K,articraft10k,A0220,turnstile_gates,articraft10k::A0220,5,True,#9858a8
836,Articraft-10K,articraft10k,A0221,turntable,articraft10k::A0221,5,True,#b888e8
837,Articraft-10K,articraft10k,A0222,tv_wall_mount,articraft10k::A0222,5,True,#a818a8
838,Articraft-10K,articraft10k,A0223,twojoint_prismatic_chain,articraft10k::A0223,5,True,#1858b8
839,Articraft-10K,articraft10k,A0224,twojoint_revolute_chain,articraft10k::A0224,5,True,#c81888
840,Articraft-10K,articraft10k,A0225,twostage_telescoping_slide,articraft10k::A0225,5,True,#4838c8
841,Articraft-10K,articraft10k,A0226,undershot_waterwheel,articraft10k::A0226,5,True,#8868a8
842,Articraft-10K,articraft10k,A0227,usb_drive_with_swivel_cover,articraft10k::A0227,5,True,#7858a8
843,Articraft-10K,articraft10k,A0228,vacuum_cleaner_with_articulated_wand,articraft10k::A0228,5,True,#382898
844,Articraft-10K,articraft10k,A0229,vane_array_with_independent_pivots,articraft10k::A0229,5,True,#8848a8
845,Articraft-10K,articraft10k,A0230,vertical_slide_with_wrist_hinge,articraft10k::A0230,5,True,#389898
846,Articraft-10K,articraft10k,A0231,waffle_maker,articraft10k::A0231,5,True,#e838e8
847,Articraft-10K,articraft10k,A0232,wall_safe_with_hinged_door_and_dial,articraft10k::A0232,5,True,#5838d8
848,Articraft-10K,articraft10k,A0233,wall_thermostat_with_articulated_controls,articraft10k::A0233,5,True,#7878a8
849,Articraft-10K,articraft10k,A0234,watch_winder_box_with_hinged_lid,articraft10k::A0234,5,True,#c8a858
850,Articraft-10K,articraft10k,A0235,wheelbarrow,articraft10k::A0235,5,True,#7868b8
851,Articraft-10K,articraft10k,A0236,wheelchair,articraft10k::A0236,5,True,#a84868
852,Articraft-10K,articraft10k,A0237,wheelie_bin_with_hinged_lid,articraft10k::A0237,5,True,#8868e8
853,Articraft-10K,articraft10k,A0238,wind_turbine,articraft10k::A0238,5,True,#284828
854,Articraft-10K,articraft10k,A0239,windshield_sun_visor,articraft10k::A0239,5,True,#9848b8
855,Articraft-10K,articraft10k,A0240,windshield_wiper_assembly,articraft10k::A0240,5,True,#3898b8
856,Articraft-10K,articraft10k,A0241,xyz_cartesian_stage,articraft10k::A0241,5,True,#986898
857,Articraft-10K,articraft10k,A0242,yawpitch_module,articraft10k::A0242,5,True,#783848
858,Articraft-10K,articraft10k,A0243,yawpitchroll_wrist,articraft10k::A0243,5,True,#984868
859,Articraft-10K,articraft10k,A0244,zippo_lighter,articraft10k::A0244,5,True,#6838d8
860,PartNet-Mobility,partnet_mobility,0,Bottle,partnet_mobility::0,5,True,#985878
861,PartNet-Mobility,partnet_mobility,1,Box,partnet_mobility::1,5,True,#4838e8
862,PartNet-Mobility,partnet_mobility,2,Bucket,partnet_mobility::2,5,True,#4878b8
863,PartNet-Mobility,partnet_mobility,3,Camera,partnet_mobility::3,5,True,#a818c8
864,PartNet-Mobility,partnet_mobility,4,Cart,partnet_mobility::4,5,True,#a83868
865,PartNet-Mobility,partnet_mobility,5,Chair,partnet_mobility::5,5,True,#a85888
866,PartNet-Mobility,partnet_mobility,6,Clock,partnet_mobility::6,5,True,#b84888
867,PartNet-Mobility,partnet_mobility,7,CoffeeMachine,partnet_mobility::7,5,True,#a848a8
868,PartNet-Mobility,partnet_mobility,8,Dishwasher,partnet_mobility::8,5,True,#b81858
869,PartNet-Mobility,partnet_mobility,9,Dispenser,partnet_mobility::9,5,True,#e828d8
870,PartNet-Mobility,partnet_mobility,10,Display,partnet_mobility::10,5,True,#d83838
871,PartNet-Mobility,partnet_mobility,11,Door,partnet_mobility::11,5,True,#887818
872,PartNet-Mobility,partnet_mobility,12,Eyeglasses,partnet_mobility::12,5,True,#d81898
873,PartNet-Mobility,partnet_mobility,13,Fan,partnet_mobility::13,5,True,#d8a878
874,PartNet-Mobility,partnet_mobility,14,Faucet,partnet_mobility::14,5,True,#c818a8
875,PartNet-Mobility,partnet_mobility,15,FoldingChair,partnet_mobility::15,5,True,#8848c8
876,PartNet-Mobility,partnet_mobility,16,Globe,partnet_mobility::16,5,True,#9868a8
877,PartNet-Mobility,partnet_mobility,17,Kettle,partnet_mobility::17,5,True,#a81848
878,PartNet-Mobility,partnet_mobility,18,Keyboard,partnet_mobility::18,5,True,#9818e8
879,PartNet-Mobility,partnet_mobility,19,KitchenPot,partnet_mobility::19,5,True,#a858a8
880,PartNet-Mobility,partnet_mobility,20,Knife,partnet_mobility::20,5,True,#986878
881,PartNet-Mobility,partnet_mobility,21,Lamp,partnet_mobility::21,5,True,#1848e8
882,PartNet-Mobility,partnet_mobility,22,Laptop,partnet_mobility::22,5,True,#1868d8
883,PartNet-Mobility,partnet_mobility,23,Lighter,partnet_mobility::23,5,True,#b848a8
884,PartNet-Mobility,partnet_mobility,24,Microwave,partnet_mobility::24,5,True,#a86898
885,PartNet-Mobility,partnet_mobility,25,Mouse,partnet_mobility::25,5,True,#b85898
886,PartNet-Mobility,partnet_mobility,26,Oven,partnet_mobility::26,5,True,#a838b8
887,PartNet-Mobility,partnet_mobility,27,Pen,partnet_mobility::27,5,True,#48d8a8
888,PartNet-Mobility,partnet_mobility,28,Phone,partnet_mobility::28,5,True,#8858b8
889,PartNet-Mobility,partnet_mobility,29,Pliers,partnet_mobility::29,5,True,#786898
890,PartNet-Mobility,partnet_mobility,30,Printer,partnet_mobility::30,5,True,#6848c8
891,PartNet-Mobility,partnet_mobility,31,Refrigerator,partnet_mobility::31,5,True,#58c8e8
892,PartNet-Mobility,partnet_mobility,32,Remote,partnet_mobility::32,5,True,#886878
893,PartNet-Mobility,partnet_mobility,33,Safe,partnet_mobility::33,5,True,#387858
894,PartNet-Mobility,partnet_mobility,34,Scissors,partnet_mobility::34,5,True,#987898
895,PartNet-Mobility,partnet_mobility,35,Stapler,partnet_mobility::35,5,True,#7838d8
896,PartNet-Mobility,partnet_mobility,36,StorageFurniture,partnet_mobility::36,5,True,#8868b8
897,PartNet-Mobility,partnet_mobility,37,Suitcase,partnet_mobility::37,5,True,#c898e8
898,PartNet-Mobility,partnet_mobility,38,Switch,partnet_mobility::38,5,True,#a868b8
899,PartNet-Mobility,partnet_mobility,39,Table,partnet_mobility::39,5,True,#983858
900,PartNet-Mobility,partnet_mobility,40,Toaster,partnet_mobility::40,5,True,#9858b8
901,PartNet-Mobility,partnet_mobility,41,Toilet,partnet_mobility::41,5,True,#5848b8
902,PartNet-Mobility,partnet_mobility,42,TrashCan,partnet_mobility::42,5,True,#a848c8
903,PartNet-Mobility,partnet_mobility,43,USB,partnet_mobility::43,5,True,#7848c8
904,PartNet-Mobility,partnet_mobility,44,WashingMachine,partnet_mobility::44,5,True,#4868c8
905,PartNet-Mobility,partnet_mobility,45,Window,partnet_mobility::45,5,True,#481898
906,LAM,lam,L0001,accordion_with_bellows_and_buttons,lam::L0001,1,False,#c818c8
907,LAM,lam,L0002,acoustic_piano_key_is,lam::L0002,5,True,#c848a8
908,LAM,lam,L0003,acoustic_piano_key_is_a_lever_that_pivots_on_a,lam::L0003,1,False,#881838
909,LAM,lam,L0004,action_figure_represents_a,lam::L0004,5,True,#d83888
910,LAM,lam,L0005,adjustable_desk_lamp,lam::L0005,5,True,#9868c8
911,LAM,lam,L0006,adjustable_desk_lamp_features,lam::L0006,5,True,#6858b8
912,LAM,lam,L0007,adjustable_desk_lamp_features_a_weighted_base,lam::L0007,1,False,#5898c8
913,LAM,lam,L0008,adjustable_desk_light,lam::L0008,5,True,#c858a8
914,LAM,lam,L0009,adjustable_led_spotlight_with_focusing,lam::L0009,1,False,#b868a8
915,LAM,lam,L0010,adjustable_led_spotlight_with_focusing_lens,lam::L0010,1,False,#58a888
916,LAM,lam,L0011,adjustable_set_square,lam::L0011,1,False,#6868d8
917,LAM,lam,L0012,adjustable_wrench,lam::L0012,5,True,#a83888
918,LAM,lam,L0013,adjustable_wrench_features_a,lam::L0013,5,True,#7858c8
919,LAM,lam,L0014,adjustable_wrench_features_a_handle_integrated,lam::L0014,1,False,#6868a8
920,LAM,lam,L0015,advanced_excavator_arm_constructed,lam::L0015,1,False,#e8b818
921,LAM,lam,L0016,advanced_gaming_console_with_custom,lam::L0016,1,False,#b8b858
922,LAM,lam,L0017,advanced_gear_system_with_precision_machined,lam::L0017,2,False,#6848e8
923,LAM,lam,L0018,advanced_microwave_oven_with_inverter,lam::L0018,1,False,#188878
924,LAM,lam,L0019,advanced_smartphone_with_foldable_display,lam::L0019,2,False,#9848c8
925,LAM,lam,L0020,advanced_smartphone_with_foldable_display_technolo,lam::L0020,1,False,#c84888
926,LAM,lam,L0021,advanced_universal_remote_with_touchscreen,lam::L0021,1,False,#681888
927,LAM,lam,L0022,ak_47,lam::L0022,1,False,#9878b8
928,LAM,lam,L0023,all_in_one_printer_featuring_scanning_and,lam::L0023,2,False,#e81898
929,LAM,lam,L0024,all_in_one_printer_featuring_scanning_and_copying,lam::L0024,1,False,#b858b8
930,LAM,lam,L0025,architect_s_scale_ruler_with_triangular_profile,lam::L0025,1,False,#a878a8
931,LAM,lam,L0026,architectural_door_incorporating_precision_engineered,lam::L0026,1,False,#c838b8
932,LAM,lam,L0027,architectural_door_system_with_precision_engineered,lam::L0027,1,False,#9838d8
933,LAM,lam,L0028,articulated_robot_arm_with,lam::L0028,2,False,#c85888
934,LAM,lam,L0029,articulated_robot_arm_with_multiple_joints,lam::L0029,1,False,#d848a8
935,LAM,lam,L0030,automated_conveyor_belt_featuring_variable,lam::L0030,3,False,#7848e8
936,LAM,lam,L0031,automated_conveyor_belt_featuring_variable_speed_c,lam::L0031,1,False,#a86888
937,LAM,lam,L0032,automatic_espresso_machine_with,lam::L0032,3,False,#d8b878
938,LAM,lam,L0033,automatic_espresso_machine_with_programmable_se,lam::L0033,1,False,#888858
939,LAM,lam,L0034,automotive_hydraulic_jack_with_pumping,lam::L0034,1,False,#1898d8
940,LAM,lam,L0035,baby_stroller_with_folding_frame_and_canopy,lam::L0035,1,False,#882848
941,LAM,lam,L0036,ball_joint_with_stud_and_housing,lam::L0036,1,False,#b868b8
942,LAM,lam,L0037,ball_transfer_unit_with_spring_loaded_ball,lam::L0037,1,False,#a878b8
943,LAM,lam,L0038,ball_valve_with_quarter_turn_handle,lam::L0038,1,False,#7898b8
944,LAM,lam,L0039,bank_vault_safe_with,lam::L0039,2,False,#8848d8
945,LAM,lam,L0040,bank_vault_safe_with_mechanical_combination_dial,lam::L0040,1,False,#c83878
946,LAM,lam,L0041,barber_chair_with_hydraulic_lift_and_reclining_b,lam::L0041,1,False,#c858b8
947,LAM,lam,L0042,barn_style_sliding_door_with_decorative_hardware,lam::L0042,1,False,#58e818
948,LAM,lam,L0043,bathroom_faucet_with_single_handle,lam::L0043,4,False,#e838a8
949,LAM,lam,L0044,bathroom_faucet_with_single_handle_lever_operati,lam::L0044,1,False,#688878
950,LAM,lam,L0045,beautiful_ferris_wheel,lam::L0045,2,False,#a858c8
951,LAM,lam,L0046,beautiful_laptop_computer,lam::L0046,5,True,#e818b8
952,LAM,lam,L0047,bench_grinder_with_tool_rest_and_eye_shield,lam::L0047,1,False,#a89828
953,LAM,lam,L0048,bench_vise_with_swiveling,lam::L0048,1,False,#b848c8
954,LAM,lam,L0049,bench_vise_with_swiveling_base_and_pipe_jaw_atta,lam::L0049,1,False,#882818
955,LAM,lam,L0050,bevel_gear_pair_with_perpendicular_shafts,lam::L0050,1,False,#68c8b8
956,LAM,lam,L0051,bi_fold_closet_door_system,lam::L0051,4,False,#c8b818
957,LAM,lam,L0052,bicycle,lam::L0052,2,False,#b878b8
958,LAM,lam,L0053,bicycle_bell_with_spring_hammer,lam::L0053,1,False,#d818c8
959,LAM,lam,L0054,bicycle_brake_caliper_with_pivot_arms,lam::L0054,1,False,#c868a8
960,LAM,lam,L0055,bicycle_chain,lam::L0055,5,True,#887898
961,LAM,lam,L0056,bicycle_chain_is_composed,lam::L0056,5,True,#9848e8
962,LAM,lam,L0057,bicycle_chain_is_composed_of_many_interconnected,lam::L0057,1,False,#7858e8
963,LAM,lam,L0058,bicycle_derailleur_with_parallelogram_linkage,lam::L0058,1,False,#68d8d8
964,LAM,lam,L0059,bicycle_handlebar_end_shifter_with_lever,lam::L0059,1,False,#4838b8
965,LAM,lam,L0060,bicycle_headset_with_bearing_cups_and_lockring,lam::L0060,1,False,#a87888
966,LAM,lam,L0061,bicycle_kickstand_with_spring_return,lam::L0061,1,False,#a868c8
967,LAM,lam,L0062,bicycle_pump_with_handle_and_pressure_gauge,lam::L0062,1,False,#781878
968,LAM,lam,L0063,bicycle_quick_release_skewer_mechanism,lam::L0063,1,False,#58d848
969,LAM,lam,L0064,bicycle_seatpost_with_micro_adjust_clamp,lam::L0064,1,False,#e838c8
970,LAM,lam,L0065,bicycle_stem_with_angle_adjustment,lam::L0065,1,False,#c868c8
971,LAM,lam,L0066,bicycle_wheel,lam::L0066,5,True,#38b8d8
972,LAM,lam,L0067,blender,lam::L0067,5,True,#8858d8
973,LAM,lam,L0068,blood_pressure_cuff_with_squeeze_bulb_and_valve,lam::L0068,1,False,#e83848
974,LAM,lam,L0069,boat_anchor_windlass_with_chain_gypsy,lam::L0069,1,False,#b87898
975,LAM,lam,L0070,bookshelf,lam::L0070,1,False,#9838a8
976,LAM,lam,L0071,bottle,lam::L0071,5,True,#d858b8
977,LAM,lam,L0072,bottle_jack_featuring_hydraulic,lam::L0072,1,False,#a888a8
978,LAM,lam,L0073,bow_compass_for_large_circles,lam::L0073,1,False,#a848d8
979,LAM,lam,L0074,bread_slicer_with_guide_frame_and_cutting_blade,lam::L0074,1,False,#785848
980,LAM,lam,L0075,built_in_dishwasher_with_sliding_racks,lam::L0075,1,False,#8838b8
981,LAM,lam,L0076,butterfly_valve_with_lever_operator,lam::L0076,1,False,#a888c8
982,LAM,lam,L0077,cabinet_door,lam::L0077,5,True,#9888d8
983,LAM,lam,L0078,cabinet_soft_close_hinge,lam::L0078,1,False,#18c888
984,LAM,lam,L0079,cabinet_with_a_drawer,lam::L0079,5,True,#987888
985,LAM,lam,L0080,cabinet_with_five_drawers,lam::L0080,5,True,#9858d8
986,LAM,lam,L0081,cabinet_with_three_drawers,lam::L0081,5,True,#d84898
987,LAM,lam,L0082,cabinet_with_two_drawers,lam::L0082,5,True,#8868d8
988,LAM,lam,L0083,cabinet_with_two_drawers_two_door,lam::L0083,3,False,#c81868
989,LAM,lam,L0084,caliper,lam::L0084,5,True,#8878a8
990,LAM,lam,L0085,camera,lam::L0085,5,True,#4848c8
991,LAM,lam,L0086,camera_lens_with_manual_aperture_ring,lam::L0086,1,False,#c8c848
992,LAM,lam,L0087,car,lam::L0087,5,True,#78a868
993,LAM,lam,L0088,car_door,lam::L0088,5,True,#d818e8
994,LAM,lam,L0089,car_door_consists_of,lam::L0089,5,True,#d868b8
995,LAM,lam,L0090,car_door_equipped_with_safety,lam::L0090,4,False,#a858e8
996,LAM,lam,L0091,car_door_equipped_with_safety_locks_and_weather_se,lam::L0091,1,False,#9868d8
997,LAM,lam,L0092,car_hood_bonnet_or,lam::L0092,5,True,#989848
998,LAM,lam,L0093,car_hood_bonnet_or_trunk_boot_lid_is_a_large,lam::L0093,1,False,#38c8d8
999,LAM,lam,L0094,car_scissor_jack_with_screw_mechanism,lam::L0094,1,False,#b878c8
1000,LAM,lam,L0095,casement_window_stay_arm,lam::L0095,1,False,#c878a8
1001,LAM,lam,L0096,casement_window_with_crank,lam::L0096,1,False,#d85898
1002,LAM,lam,L0097,ceiling_fan_comprises_a,lam::L0097,5,True,#c878c8
1003,LAM,lam,L0098,centrifugal_juicer_with_pulp_ejection,lam::L0098,2,False,#c86888
1004,LAM,lam,L0099,centrifugal_juicer_with_pulp_ejection_system,lam::L0099,1,False,#9878d8
1005,LAM,lam,L0100,chafing_dish_with_hinged_lid_and_fuel_holder,lam::L0100,1,False,#e858b8
1006,LAM,lam,L0101,chair,lam::L0101,3,False,#a868e8
1007,LAM,lam,L0102,check_valve_with_swing_gate,lam::L0102,1,False,#b858d8
1008,LAM,lam,L0103,clock,lam::L0103,5,True,#7868c8
1009,LAM,lam,L0104,clothespin_spring_type,lam::L0104,5,True,#b888b8
1010,LAM,lam,L0105,clutch_disc_with_friction_plates,lam::L0105,1,False,#c848d8
1011,LAM,lam,L0106,coffee_machine,lam::L0106,4,False,#b86888
1012,LAM,lam,L0107,collapsible_umbrella_with_auto_open_button,lam::L0107,1,False,#68a8d8
1013,LAM,lam,L0108,combination_lock_with_rotating_dials,lam::L0108,1,False,#d84888
1014,LAM,lam,L0109,combination_safe_dial_mechanism,lam::L0109,1,False,#3828e8
1015,LAM,lam,L0110,comfort_height_toilet_with_powerful,lam::L0110,1,False,#d86898
1016,LAM,lam,L0111,commercial_faucet_featuring_articulated_spout,lam::L0111,1,False,#a878d8
1017,LAM,lam,L0112,commercial_golf_cart_with,lam::L0112,1,False,#e84888
1018,LAM,lam,L0113,commercial_grade_blender_featuring_high_torque_mot,lam::L0113,1,False,#e85898
1019,LAM,lam,L0114,commercial_grade_blender_featuring_high_torque_motor,lam::L0114,4,False,#b868d8
1020,LAM,lam,L0115,commercial_grade_faucet_with_brass_construction,lam::L0115,1,False,#d868c8
1021,LAM,lam,L0116,commercial_grade_retractable_awning_with_powder_co,lam::L0116,1,False,#c858d8
1022,LAM,lam,L0117,commercial_grade_retractable_awning_with_powder_coated,lam::L0117,2,False,#b85878
1023,LAM,lam,L0118,commercial_ironing_board_with,lam::L0118,1,False,#48a848
1024,LAM,lam,L0119,commercial_mechanical_press_with,lam::L0119,2,False,#c84868
1025,LAM,lam,L0120,commercial_mechanical_press_with_adjustable_spee,lam::L0120,1,False,#a888d8
1026,LAM,lam,L0121,commercial_microwave_featuring_programmable_cooking,lam::L0121,1,False,#28c8c8
1027,LAM,lam,L0122,common_ironing_board_features,lam::L0122,5,True,#b878e8
1028,LAM,lam,L0123,common_ironing_board_features_a_flat_board_and_f,lam::L0123,1,False,#9898e8
1029,LAM,lam,L0124,common_ironing_board_features_a_flat_board_top,lam::L0124,1,False,#e868c8
1030,LAM,lam,L0125,common_nutcracker_design_uses,lam::L0125,5,True,#c868d8
1031,LAM,lam,L0126,compact_camera_system_with,lam::L0126,1,False,#a8b828
1032,LAM,lam,L0127,compact_folding_chair_that,lam::L0127,3,False,#484868
1033,LAM,lam,L0128,compact_folding_chair_that_transforms_from_flat,lam::L0128,1,False,#881858
1034,LAM,lam,L0129,compass,lam::L0129,2,False,#d858d8
1035,LAM,lam,L0130,compound_pulley_with_multiple_sheaves,lam::L0130,3,False,#987838
1036,LAM,lam,L0131,constant_velocity_joint_with_cage_and_balls,lam::L0131,1,False,#789898
1037,LAM,lam,L0132,construction_loader_with_pivoting,lam::L0132,5,True,#d878b8
1038,LAM,lam,L0133,contemporary_laptop_computer_with,lam::L0133,2,False,#c888c8
1039,LAM,lam,L0134,contemporary_laptop_computer_with_a,lam::L0134,1,False,#b888d8
1040,LAM,lam,L0135,convection_toaster_oven_with_multiple,lam::L0135,1,False,#c878d8
1041,LAM,lam,L0136,convection_toaster_oven_with_multiple_cooking_func,lam::L0136,1,False,#b888a8
1042,LAM,lam,L0137,convertible_roof_system_involves_multiple_panels,lam::L0137,1,False,#6858d8
1043,LAM,lam,L0138,convertible_roof_system_soft,lam::L0138,5,True,#d868e8
1044,LAM,lam,L0139,convertible_roof_system_soft_top_or_hardtop_in,lam::L0139,1,False,#68a8a8
1045,LAM,lam,L0140,conveyor_belt_roller_with_bearing_mount,lam::L0140,1,False,#e858d8
1046,LAM,lam,L0141,conveyor_system,lam::L0141,1,False,#1858d8
1047,LAM,lam,L0142,corkscrew_wine_opener_with_fold_out_lever_arms,lam::L0142,1,False,#a83848
1048,LAM,lam,L0143,countertop_microwave_with_turntable,lam::L0143,4,False,#b898c8
1049,LAM,lam,L0144,crimping_tool,lam::L0144,5,True,#a838e8
1050,LAM,lam,L0145,cruiser_skateboard_with_flexible_deck_and_smooth_r,lam::L0145,1,False,#8878c8
1051,LAM,lam,L0146,crutch_with_adjustable_height_mechanism,lam::L0146,1,False,#7868d8
1052,LAM,lam,L0147,cutting_scissors,lam::L0147,1,False,#582898
1053,LAM,lam,L0148,decorative_ceiling_fan_with_integrated,lam::L0148,3,False,#283868
1054,LAM,lam,L0149,decorative_ceiling_fan_with_integrated_lighting_fi,lam::L0149,1,False,#a88898
1055,LAM,lam,L0150,designer_eyeglasses_featuring_spring_loaded_hinges,lam::L0150,4,False,#c888e8
1056,LAM,lam,L0151,desk_monitor_arm_with_gas_spring,lam::L0151,1,False,#d878d8
1057,LAM,lam,L0152,digital_caliper_with_sliding,lam::L0152,1,False,#e878c8
1058,LAM,lam,L0153,digital_camera_with_articulating_lcd,lam::L0153,5,True,#e868d8
1059,LAM,lam,L0154,digital_camera_with_articulating_lcd_screen,lam::L0154,1,False,#b898d8
1060,LAM,lam,L0155,disc_brake_caliper_with_piston_and_pads,lam::L0155,1,False,#e868a8
1061,LAM,lam,L0156,dishwasher,lam::L0156,4,False,#784848
1062,LAM,lam,L0157,dispenser,lam::L0157,2,False,#d87898
1063,LAM,lam,L0158,display,lam::L0158,5,True,#c848c8
1064,LAM,lam,L0159,door,lam::L0159,3,False,#b84868
1065,LAM,lam,L0160,door_knob_with_latch_mechanism,lam::L0160,1,False,#d85878
1066,LAM,lam,L0161,drafting_table_with_adjustable_tilt_surface,lam::L0161,1,False,#c87898
1067,LAM,lam,L0162,drawer,lam::L0162,4,False,#d888d8
1068,LAM,lam,L0163,drawer_with_five_cabinets,lam::L0163,2,False,#e878d8
1069,LAM,lam,L0164,drawer_with_three_cabinets,lam::L0164,2,False,#e878a8
1070,LAM,lam,L0165,drawer_with_two_doors,lam::L0165,5,True,#683838
1071,LAM,lam,L0166,drawer_with_two_doors_on_the_downside_and_one_ca,lam::L0166,1,False,#9888b8
1072,LAM,lam,L0167,drawing_compass_with_adjustable_legs,lam::L0167,5,True,#7838c8
1073,LAM,lam,L0168,drum_brake_with_shoes_and_cylinder,lam::L0168,1,False,#c898d8
1074,LAM,lam,L0169,drum_pedal_with_beater_and_spring_return,lam::L0169,1,False,#b83868
1075,LAM,lam,L0170,dslr_camera_with_interchangeable,lam::L0170,1,False,#a85868
1076,LAM,lam,L0171,dual_flush_toilet_with_water_conservation,lam::L0171,1,False,#5848d8
1077,LAM,lam,L0172,dual_sport_motorcycle_featuring_chain_drive,lam::L0172,2,False,#e81878
1078,LAM,lam,L0173,dual_sport_motorcycle_featuring_chain_drive_and_di,lam::L0173,1,False,#d888b8
1079,LAM,lam,L0174,dutch_door_with_split_panels,lam::L0174,1,False,#c888a8
1080,LAM,lam,L0175,electric_ceiling_fan_with_reversible,lam::L0175,4,False,#98a848
1081,LAM,lam,L0176,electric_ceiling_fan_with_reversible_motor,lam::L0176,1,False,#b8a8c8
1082,LAM,lam,L0177,electric_golf_cart_with_regenerative,lam::L0177,1,False,#68b8a8
1083,LAM,lam,L0178,electric_skateboard_featuring_regenerative_braking,lam::L0178,1,False,#b8a8e8
1084,LAM,lam,L0179,electric_stapler_featuring_automatic_feeding,lam::L0179,1,False,#885858
1085,LAM,lam,L0180,electric_stapler_featuring_automatic_feeding_and_p,lam::L0180,1,False,#98b8c8
1086,LAM,lam,L0181,elevator_call_button_panel,lam::L0181,1,False,#e888e8
1087,LAM,lam,L0182,energy_efficient_dishwasher_featuring_adjustable_upper,lam::L0182,1,False,#585878
1088,LAM,lam,L0183,energy_efficient_refrigerator_with_adjustable_shel,lam::L0183,1,False,#e888c8
1089,LAM,lam,L0184,energy_efficient_refrigerator_with_adjustable_shelving,lam::L0184,2,False,#d898d8
1090,LAM,lam,L0185,ergonomic_clamp_with_adjustable,lam::L0185,3,False,#8888c8
1091,LAM,lam,L0186,ergonomic_clamp_with_adjustable_components,lam::L0186,1,False,#88a898
1092,LAM,lam,L0187,ergonomic_crimping_tool_with,lam::L0187,1,False,#b87888
1093,LAM,lam,L0188,ergonomic_office_chair,lam::L0188,2,False,#b88888
1094,LAM,lam,L0189,ergonomic_office_chair_incorporating,lam::L0189,4,False,#c898b8
1095,LAM,lam,L0190,ergonomic_office_chair_incorporating_a_pneumati,lam::L0190,1,False,#68d8b8
1096,LAM,lam,L0191,ergonomic_tool_chest_with_adjustable_components,lam::L0191,1,False,#c85878
1097,LAM,lam,L0192,escalator_step_with_track_system,lam::L0192,1,False,#c8a8d8
1098,LAM,lam,L0193,espresso_machine_with_steam,lam::L0193,2,False,#389818
1099,LAM,lam,L0194,espresso_machine_with_steam_wand,lam::L0194,1,False,#88d898
1100,LAM,lam,L0195,excavator_arm,lam::L0195,5,True,#68d878
1101,LAM,lam,L0196,excavator_arm_is_a,lam::L0196,4,False,#18d898
1102,LAM,lam,L0197,excavator_arm_is_a_multi_jointed_appendage_atta,lam::L0197,1,False,#8878e8
1103,LAM,lam,L0198,excavator_armvenetian_blinds,lam::L0198,5,True,#e898e8
1104,LAM,lam,L0199,expandable_binder_with_adjustable_capacity,lam::L0199,1,False,#b898a8
1105,LAM,lam,L0200,exterior_door_with_deadbolt,lam::L0200,2,False,#d84868
1106,LAM,lam,L0201,exterior_door_with_deadbolt_locking_system,lam::L0201,1,False,#d81868
1107,LAM,lam,L0202,exterior_shutter_with_weather_resistant_constructi,lam::L0202,1,False,#889838
1108,LAM,lam,L0203,exterior_shutter_with_weather_resistant_construction,lam::L0203,1,False,#b86868
1109,LAM,lam,L0204,eyeglasses,lam::L0204,5,True,#d8a8e8
1110,LAM,lam,L0205,fan,lam::L0205,2,False,#a898b8
1111,LAM,lam,L0206,fancy_window,lam::L0206,2,False,#986868
1112,LAM,lam,L0207,faucet,lam::L0207,3,False,#88c8d8
1113,LAM,lam,L0208,ferris_wheel,lam::L0208,5,True,#585888
1114,LAM,lam,L0209,ferris_wheel_consists_of,lam::L0209,2,False,#789878
1115,LAM,lam,L0210,ferris_wheel_good,lam::L0210,1,False,#488888
1116,LAM,lam,L0211,file_drawer_with_full_extension_slides,lam::L0211,1,False,#186848
1117,LAM,lam,L0212,fire_extinguisher_with_squeeze_handle_and_nozzle,lam::L0212,1,False,#88b868
1118,LAM,lam,L0213,fireproof_safe_with_digital_lock,lam::L0213,3,False,#e898c8
1119,LAM,lam,L0214,flaring_tool_with_cone_and_clamp,lam::L0214,1,False,#d898b8
1120,LAM,lam,L0215,flatbed_scanner_with_high_resolution_imaging,lam::L0215,3,False,#d86888
1121,LAM,lam,L0216,flexible_conveyor_system_with_articulated,lam::L0216,1,False,#882868
1122,LAM,lam,L0217,flexible_track_lighting_system_with,lam::L0217,1,False,#9888e8
1123,LAM,lam,L0218,flexible_track_lighting_system_with_dimming_capabi,lam::L0218,1,False,#484888
1124,LAM,lam,L0219,folding_camping_stove_with_wind_guards,lam::L0219,1,False,#e85888
1125,LAM,lam,L0220,folding_chair,lam::L0220,5,True,#686888
1126,LAM,lam,L0221,folding_chair_typically_has,lam::L0221,5,True,#e84878
1127,LAM,lam,L0222,folding_chair_typically_has_a_seat_frame_a_back,lam::L0222,1,False,#e83868
1128,LAM,lam,L0223,folding_fan_with_pivot_and_slats,lam::L0223,1,False,#d838b8
1129,LAM,lam,L0224,folding_ironing_board_with,lam::L0224,2,False,#c89898
1130,LAM,lam,L0225,folding_ironing_board_with_heat_resistant_cover,lam::L0225,1,False,#d8a8c8
1131,LAM,lam,L0226,folding_screen,lam::L0226,3,False,#186888
1132,LAM,lam,L0227,food_processor,lam::L0227,3,False,#e8a8d8
1133,LAM,lam,L0228,four_wheeled_golf_cart_with,lam::L0228,3,False,#e83818
1134,LAM,lam,L0229,four_wheeled_golf_cart_with_bag_storage_compartm,lam::L0229,1,False,#88c8b8
1135,LAM,lam,L0230,french_press_coffee_maker_with_plunger_mechanism,lam::L0230,1,False,#a898d8
1136,LAM,lam,L0231,functional_compass_featuring_articulated,lam::L0231,1,False,#b8c838
1137,LAM,lam,L0232,functional_conveyor_system_featuring,lam::L0232,1,False,#a87878
1138,LAM,lam,L0233,functional_door_featuring_articulated,lam::L0233,1,False,#688838
1139,LAM,lam,L0234,functional_hydraulic_jack_featuring,lam::L0234,1,False,#a84858
1140,LAM,lam,L0235,functional_microwave_featuring_articulated,lam::L0235,1,False,#1828b8
1141,LAM,lam,L0236,functional_remote_control_featuring,lam::L0236,1,False,#c8a8b8
1142,LAM,lam,L0237,gaming_console,lam::L0237,1,False,#b8b888
1143,LAM,lam,L0238,gaming_laptop,lam::L0238,3,False,#2828d8
1144,LAM,lam,L0239,gaming_remote_featuring_motion_sensors,lam::L0239,1,False,#e888a8
1145,LAM,lam,L0240,garage_door,lam::L0240,2,False,#e898a8
1146,LAM,lam,L0241,garlic_press_with_hinged_handles_and_pressing_pl,lam::L0241,1,False,#e83888
1147,LAM,lam,L0242,gas_oven_with_broiler,lam::L0242,1,False,#388828
1148,LAM,lam,L0243,gate_leg_table_has,lam::L0243,5,True,#a898e8
1149,LAM,lam,L0244,gate_leg_table_has_a_fixed_top_center_section_an,lam::L0244,1,False,#b848e8
1150,LAM,lam,L0245,gate_valve_with_handwheel,lam::L0245,1,False,#e87898
1151,LAM,lam,L0246,gear_system,lam::L0246,2,False,#983838
1152,LAM,lam,L0247,geometric_compass_for_precise,lam::L0247,1,False,#3828a8
1153,LAM,lam,L0248,globe,lam::L0248,5,True,#782888
1154,LAM,lam,L0249,golf_cart,lam::L0249,1,False,#18c8a8
1155,LAM,lam,L0250,guitar_tuning_peg_mechanism,lam::L0250,1,False,#18a8a8
1156,LAM,lam,L0251,gyroscope_with_spinning_wheel_and_gimbal_rings,lam::L0251,1,False,#985858
1157,LAM,lam,L0252,hand_cranked_pencil_sharpener_mounted_to_desk,lam::L0252,1,False,#c86878
1158,LAM,lam,L0253,hand_held_compass_with_rotating_bezel,lam::L0253,1,False,#a8a8d8
1159,LAM,lam,L0254,hand_held_eggbeater_with_rotating_whisks,lam::L0254,1,False,#687898
1160,LAM,lam,L0255,hand_operated_adding_machine_with_handle_pull,lam::L0255,1,False,#884848
1161,LAM,lam,L0256,hand_operated_bellows_for_fireplace,lam::L0256,1,False,#d88898
1162,LAM,lam,L0257,hand_operated_bilge_pump_with_piston_mechanism,lam::L0257,1,False,#a86868
1163,LAM,lam,L0258,hand_operated_cash_register_with_drawer_and_keys,lam::L0258,1,False,#3838d8
1164,LAM,lam,L0259,hand_operated_chain_breaker_tool,lam::L0259,1,False,#386838
1165,LAM,lam,L0260,hand_operated_drill_press_with_quill_feed,lam::L0260,1,False,#d83868
1166,LAM,lam,L0261,hand_operated_meat_grinder_with_crank_handle,lam::L0261,1,False,#d85838
1167,LAM,lam,L0262,hand_operated_pasta_maker_with_rollers_and_crank,lam::L0262,1,False,#e86888
1168,LAM,lam,L0263,hand_operated_printing_press_with_platen,lam::L0263,1,False,#682898
1169,LAM,lam,L0264,hand_operated_rivet_gun_with_squeeze_lever,lam::L0264,1,False,#58b898
1170,LAM,lam,L0265,hand_operated_seed_drill_with_wheel_and_hopper,lam::L0265,1,False,#e83898
1171,LAM,lam,L0266,hand_riveter_with_mandrel_collection,lam::L0266,1,False,#5858a8
1172,LAM,lam,L0267,hand_truck_dolly_with_folding_nose_plate,lam::L0267,1,False,#d87888
1173,LAM,lam,L0268,hand_winch_with_crank_handle_and_cable_drum,lam::L0268,1,False,#b87868
1174,LAM,lam,L0269,heavy_duty_binder_featuring_reinforced_covers,lam::L0269,3,False,#c8a898
1175,LAM,lam,L0270,heavy_duty_binder_featuring_reinforced_covers_and,lam::L0270,1,False,#c8b8d8
1176,LAM,lam,L0271,heavy_duty_clothespin_with_corrosion_resistant_spr,lam::L0271,1,False,#e8a8b8
1177,LAM,lam,L0272,heavy_duty_clothespin_with_corrosion_resistant_spring,lam::L0272,4,False,#e84818
1178,LAM,lam,L0273,heavy_duty_conveyor_system_with,lam::L0273,4,False,#d848c8
1179,LAM,lam,L0274,heavy_duty_conveyor_system_with_synchronized_dri,lam::L0274,1,False,#98c868
1180,LAM,lam,L0275,heavy_duty_hydraulic_jack_with_dual_stage,lam::L0275,1,False,#8888a8
1181,LAM,lam,L0276,heavy_duty_nutcracker_featuring_adjustable_cracking,lam::L0276,1,False,#6868b8
1182,LAM,lam,L0277,heavy_duty_snips_featuring_ergonomic_handles,lam::L0277,1,False,#7878b8
1183,LAM,lam,L0278,heavy_duty_snips_featuring_ergonomic_handles_and_p,lam::L0278,1,False,#18b888
1184,LAM,lam,L0279,heavy_duty_vise_with_hardened_steel,lam::L0279,1,False,#4828a8
1185,LAM,lam,L0280,heavy_duty_vise_with_hardened_steel_construction_a,lam::L0280,1,False,#c88888
1186,LAM,lam,L0281,heavy_duty_wire_cutter_featuring_compound,lam::L0281,1,False,#886858
1187,LAM,lam,L0282,heavy_duty_wire_cutter_featuring_compound_leverage,lam::L0282,1,False,#7888b8
1188,LAM,lam,L0283,high_end_digital_camera_with_weather_sealed,lam::L0283,1,False,#987868
1189,LAM,lam,L0284,high_performance_gaming_console_with_liquid,lam::L0284,1,False,#78c898
1190,LAM,lam,L0285,high_performance_laptop_featuring_advanced,lam::L0285,1,False,#d8b8b8
1191,LAM,lam,L0286,high_performance_laptop_featuring_advanced_hinge,lam::L0286,1,False,#e848a8
1192,LAM,lam,L0287,high_precision_digital_caliper_with_hardened,lam::L0287,5,True,#d8a8a8
1193,LAM,lam,L0288,high_precision_digital_caliper_with_hardened_stain,lam::L0288,1,False,#882878
1194,LAM,lam,L0289,high_resolution_tablet_with_multi_angle,lam::L0289,1,False,#4848a8
1195,LAM,lam,L0290,hinged_door,lam::L0290,5,True,#6878c8
1196,LAM,lam,L0291,household_scissors_with_comfortable_grip,lam::L0291,1,False,#b81838
1197,LAM,lam,L0292,human_arm_comprises_the,lam::L0292,5,True,#586818
1198,LAM,lam,L0293,human_arm_comprises_the_upper_arm_forearm_an,lam::L0293,1,False,#a88878
1199,LAM,lam,L0294,human_arm_comprises_the_upper_arm_humerus_bon,lam::L0294,1,False,#d89898
1200,LAM,lam,L0295,human_leg_includes_the,lam::L0295,5,True,#4888c8
1201,LAM,lam,L0296,human_leg_includes_the_thigh_femur_bone_low,lam::L0296,1,False,#18a8d8
1202,LAM,lam,L0297,human_leg_includes_the_thigh_lower_leg_and_f,lam::L0297,1,False,#587828
1203,LAM,lam,L0298,hydraulic_jack,lam::L0298,3,False,#b83898
1204,LAM,lam,L0299,illuminated_medicine_cabinet_with_integrated,lam::L0299,2,False,#18a878
1205,LAM,lam,L0300,illuminated_medicine_cabinet_with_integrated_led_l,lam::L0300,1,False,#b8c868
1206,LAM,lam,L0301,industrial_belt_conveyor_with_motorized,lam::L0301,1,False,#c87878
1207,LAM,lam,L0302,industrial_crane_featuring_advanced_hydraulic,lam::L0302,2,False,#485818
1208,LAM,lam,L0303,industrial_crane_featuring_advanced_hydraulic_syst,lam::L0303,1,False,#68c858
1209,LAM,lam,L0304,industrial_gripper_featuring_precise_positioning,lam::L0304,2,False,#9898c8
1210,LAM,lam,L0305,industrial_gripper_featuring_precise_positioning_a,lam::L0305,1,False,#b89888
1211,LAM,lam,L0306,interior_shutter_system_with_tilt,lam::L0306,1,False,#981818
1212,LAM,lam,L0307,interior_shutter_system_with_tilt_rod_control_for,lam::L0307,1,False,#c838e8
1213,LAM,lam,L0308,ironing_board,lam::L0308,5,True,#7878d8
1214,LAM,lam,L0309,keyboard,lam::L0309,5,True,#c83858
1215,LAM,lam,L0310,kick_scooter_with_adjustable,lam::L0310,2,False,#8888d8
1216,LAM,lam,L0311,kitchen_drawer_featuring_soft_close_mechanism,lam::L0311,1,False,#e8a898
1217,LAM,lam,L0312,kitchen_faucet_with_pull_out_spray,lam::L0312,1,False,#48a8e8
1218,LAM,lam,L0313,laptop,lam::L0313,5,True,#68d898
1219,LAM,lam,L0314,laptop_comprises_a_base,lam::L0314,5,True,#c8c888
1220,LAM,lam,L0315,laptop_comprises_a_base_lower_rectangular_block,lam::L0315,1,False,#8898d8
1221,LAM,lam,L0316,laser_level_with_tripod_mount_and_rotating_head,lam::L0316,1,False,#5858c8
1222,LAM,lam,L0317,laser_printer_with_automatic,lam::L0317,2,False,#a8a8c8
1223,LAM,lam,L0318,laser_printer_with_automatic_duplex_printing_cap,lam::L0318,1,False,#1868b8
1224,LAM,lam,L0319,lateral_filing_cabinet_with_hanging,lam::L0319,2,False,#9838c8
1225,LAM,lam,L0320,led_desk_lamp_with,lam::L0320,2,False,#586848
1226,LAM,lam,L0321,led_desk_lamp_with_flexible_positioning,lam::L0321,1,False,#984848
1227,LAM,lam,L0322,lever_style_nutcracker_with_mechanical,lam::L0322,1,False,#2828c8
1228,LAM,lam,L0323,lighter,lam::L0323,2,False,#684838
1229,LAM,lam,L0324,linear_track_lighting_with_movable_led_spotlight,lam::L0324,1,False,#e89898
1230,LAM,lam,L0325,locking_pliers_feature_jaws_handles,lam::L0325,5,True,#e848b8
1231,LAM,lam,L0326,locking_pliers_feature_jaws_handles_and_a_comple,lam::L0326,1,False,#88a818
1232,LAM,lam,L0327,magnificent_ferris_wheel_standing,lam::L0327,4,False,#988818
1233,LAM,lam,L0328,makeup_compact_is_typically,lam::L0328,5,True,#d838d8
1234,LAM,lam,L0329,makeup_compact_is_typically_a_small_flattened_ca,lam::L0329,1,False,#5828a8
1235,LAM,lam,L0330,mandoline_slicer_with_adjustable_blade_height,lam::L0330,1,False,#981848
1236,LAM,lam,L0331,manual_air_pump_for_inflatables,lam::L0331,1,False,#6878e8
1237,LAM,lam,L0332,manual_can_opener_with_turning_handle_and_cuttin,lam::L0332,1,False,#b88878
1238,LAM,lam,L0333,manual_citrus_juicer_press_with_lever_handle,lam::L0333,1,False,#3848b8
1239,LAM,lam,L0334,manual_clothes_wringer_with_rollers,lam::L0334,1,False,#189858
1240,LAM,lam,L0335,manual_hand_drill_with_rotating_handle_and_chuck,lam::L0335,1,False,#d8b898
1241,LAM,lam,L0336,manual_hydraulic_floor_jack_with_pump_handle,lam::L0336,1,False,#c89888
1242,LAM,lam,L0337,manual_pencil_lead_holder_with_click_advance,lam::L0337,1,False,#888868
1243,LAM,lam,L0338,manual_pipe_bender_with_forming_die,lam::L0338,1,False,#a8a8e8
1244,LAM,lam,L0339,masticating_juicer_with_slow_speed,lam::L0339,2,False,#385838
1245,LAM,lam,L0340,masticating_juicer_with_slow_speed_extraction,lam::L0340,1,False,#989868
1246,LAM,lam,L0341,mechanical_caliper_featuring_smooth_jaw,lam::L0341,1,False,#58c828
1247,LAM,lam,L0342,mechanical_coin_sorter_with_rotating_disc,lam::L0342,1,False,#d85868
1248,LAM,lam,L0343,mechanical_keyboard_switch_mechanism,lam::L0343,1,False,#a8b848
1249,LAM,lam,L0344,mechanical_metronome_with_pendulum,lam::L0344,1,False,#787858
1250,LAM,lam,L0345,mechanical_press,lam::L0345,3,False,#587858
1251,LAM,lam,L0346,mechanical_robot_arm_with,lam::L0346,2,False,#6868e8
1252,LAM,lam,L0347,mechanical_robot_arm_with_multiple_rotational_jo,lam::L0347,1,False,#a8a888
1253,LAM,lam,L0348,metal_link_watch_band,lam::L0348,5,True,#e88888
1254,LAM,lam,L0349,metal_link_watch_band_consists_of_numerous_small,lam::L0349,1,False,#b8b8e8
1255,LAM,lam,L0350,meticulously_crafted_bicycle_incorporating,lam::L0350,1,False,#982858
1256,LAM,lam,L0351,meticulously_crafted_clamp_incorporating,lam::L0351,4,False,#5838e8
1257,LAM,lam,L0352,meticulously_crafted_clamp_incorporating_advance,lam::L0352,1,False,#e84868
1258,LAM,lam,L0353,meticulously_crafted_compass_incorporating,lam::L0353,1,False,#8838d8
1259,LAM,lam,L0354,meticulously_crafted_crimping_tool,lam::L0354,1,False,#c83818
1260,LAM,lam,L0355,meticulously_crafted_espresso_machine_incorporat,lam::L0355,1,False,#e85838
1261,LAM,lam,L0356,meticulously_crafted_hydraulic_jack,lam::L0356,1,False,#781898
1262,LAM,lam,L0357,meticulously_crafted_microwave_incorporating,lam::L0357,1,False,#b8b898
1263,LAM,lam,L0358,meticulously_crafted_remote_control,lam::L0358,1,False,#78b888
1264,LAM,lam,L0359,microwave,lam::L0359,5,True,#285828
1265,LAM,lam,L0360,mirrored_closet_door_featuring_smooth,lam::L0360,4,False,#489858
1266,LAM,lam,L0361,mirrored_closet_door_featuring_smooth_gliding_oper,lam::L0361,1,False,#c84858
1267,LAM,lam,L0362,mirrorless_camera_featuring_tilting_viewfinder,lam::L0362,1,False,#b85858
1268,LAM,lam,L0363,mobile_crane_with_telescopic,lam::L0363,2,False,#682828
1269,LAM,lam,L0364,mobile_crane_with_telescopic_boom_extension,lam::L0364,1,False,#e848c8
1270,LAM,lam,L0365,modern_car_equipped_with_power,lam::L0365,2,False,#c88868
1271,LAM,lam,L0366,modern_gaming_console_with,lam::L0366,3,False,#d89878
1272,LAM,lam,L0367,modern_gaming_console_with_ventilation_fans_and,lam::L0367,1,False,#889878
1273,LAM,lam,L0368,modern_office_chair_featuring,lam::L0368,1,False,#a89878
1274,LAM,lam,L0369,modern_office_chair_featuring_pneumatic_height_a,lam::L0369,1,False,#48a868
1275,LAM,lam,L0370,motorcycle_chain_tension_adjuster,lam::L0370,1,False,#988868
1276,LAM,lam,L0371,motorized_venetian_blind_system,lam::L0371,1,False,#881888
1277,LAM,lam,L0372,motorized_venetian_blind_system_with_remote_cont,lam::L0372,1,False,#883838
1278,LAM,lam,L0373,multi_speed_bicycle_with_front_and,lam::L0373,1,False,#3838a8
1279,LAM,lam,L0374,museum_display_case_with,lam::L0374,3,False,#48b858
1280,LAM,lam,L0375,museum_display_case_with_adjustable_shelving,lam::L0375,1,False,#c8b898
1281,LAM,lam,L0376,musical_jewelry_box_with,lam::L0376,2,False,#6838e8
1282,LAM,lam,L0377,musical_jewelry_box_with_rotating_figurine,lam::L0377,1,False,#187838
1283,LAM,lam,L0378,newton_s_cradle_with_swinging_balls,lam::L0378,1,False,#2818a8
1284,LAM,lam,L0379,nutcracker,lam::L0379,5,True,#689858
1285,LAM,lam,L0380,one_piece_toilet_with_elongated,lam::L0380,1,False,#d848e8
1286,LAM,lam,L0381,osterbranded_countertop_blender_features,lam::L0381,5,True,#a86848
1287,LAM,lam,L0382,oven,lam::L0382,5,True,#489868
1288,LAM,lam,L0383,over_range_microwave_with_exhaust_fan,lam::L0383,3,False,#e87878
1289,LAM,lam,L0384,over_range_microwave_with_exhaust_fan_and_interior,lam::L0384,1,False,#5858e8
1290,LAM,lam,L0385,pair_of_binoculars_with_focus_adjustment_wheel,lam::L0385,1,False,#981868
1291,LAM,lam,L0386,pair_of_loppers_with_compound_leverage,lam::L0386,1,False,#6828a8
1292,LAM,lam,L0387,pair_of_sharp_scissors,lam::L0387,1,False,#78b858
1293,LAM,lam,L0388,pair_of_stainless_steel,lam::L0388,1,False,#c87818
1294,LAM,lam,L0389,passenger_vehicle_with_opening_doors,lam::L0389,4,False,#982838
1295,LAM,lam,L0390,patio_sliding_door_with_track,lam::L0390,1,False,#98b878
1296,LAM,lam,L0391,patio_sliding_door_with_track_system,lam::L0391,1,False,#98b898
1297,LAM,lam,L0392,pen,lam::L0392,2,False,#e85868
1298,LAM,lam,L0393,pepper_mill_with_rotating_grinder_mechanism,lam::L0393,1,False,#d86868
1299,LAM,lam,L0394,phone,lam::L0394,4,False,#c8a888
1300,LAM,lam,L0395,piano_bench_with_adjustable_height,lam::L0395,1,False,#781828
1301,LAM,lam,L0396,pilers,lam::L0396,5,True,#e81858
1302,LAM,lam,L0397,plastic_water_bottle_with,lam::L0397,3,False,#6888a8
1303,LAM,lam,L0398,pliers,lam::L0398,5,True,#3818b8
1304,LAM,lam,L0399,pliers_typically_feature_two_rigid,lam::L0399,5,True,#d88878
1305,LAM,lam,L0400,pneumatic_gripper_with_parallel_jaw,lam::L0400,2,False,#689838
1306,LAM,lam,L0401,pneumatic_gripper_with_parallel_jaw_action,lam::L0401,1,False,#583828
1307,LAM,lam,L0402,pocket_knife,lam::L0402,5,True,#b83848
1308,LAM,lam,L0403,pocket_knife_comprises_a,lam::L0403,5,True,#8898b8
1309,LAM,lam,L0404,pocket_knife_comprises_a_handle_case_housing_o,lam::L0404,1,False,#187858
1310,LAM,lam,L0405,pop_rivet_tool_with_compound_leverage,lam::L0405,1,False,#c82848
1311,LAM,lam,L0406,portable_bbq_grill_with_hinged_lid_and_adjustabl,lam::L0406,1,False,#585838
1312,LAM,lam,L0407,portable_folding_chair,lam::L0407,4,False,#786848
1313,LAM,lam,L0408,portable_scooter_with_lightweight,lam::L0408,1,False,#6878a8
1314,LAM,lam,L0409,portable_scooter_with_lightweight_frame_and_quic,lam::L0409,1,False,#c87858
1315,LAM,lam,L0410,powerful_blender_with_tempered,lam::L0410,3,False,#a8b888
1316,LAM,lam,L0411,powerful_blender_with_tempered_glass_pitcher_and,lam::L0411,1,False,#b8c898
1317,LAM,lam,L0412,precision_adjustable_wrench_with,lam::L0412,5,True,#385878
1318,LAM,lam,L0413,precision_compass_featuring_smooth_joint,lam::L0413,1,False,#b838b8
1319,LAM,lam,L0414,precision_excavator_arm_assembly_with,lam::L0414,3,False,#88a8c8
1320,LAM,lam,L0415,precision_excavator_arm_assembly_with_independent,lam::L0415,1,False,#985838
1321,LAM,lam,L0416,precision_hydraulic_jack_with,lam::L0416,2,False,#c83898
1322,LAM,lam,L0417,precision_hydraulic_jack_with_overload_protectio,lam::L0417,1,False,#98a878
1323,LAM,lam,L0418,precision_measuring_caliper,lam::L0418,1,False,#586898
1324,LAM,lam,L0419,precision_multi_tool_with_mechanical,lam::L0419,2,False,#7898c8
1325,LAM,lam,L0420,precision_multi_tool_with_mechanical_joints,lam::L0420,1,False,#68c878
1326,LAM,lam,L0421,precision_scissors_featuring_crossed_blade,lam::L0421,3,False,#18b8a8
1327,LAM,lam,L0422,precision_scissors_featuring_crossed_blade_mechani,lam::L0422,1,False,#3848d8
1328,LAM,lam,L0423,precision_wire_cutter_with,lam::L0423,1,False,#c85858
1329,LAM,lam,L0424,premium_dishwasher_with_third_level_rack,lam::L0424,3,False,#48b828
1330,LAM,lam,L0425,premium_dishwasher_with_third_level_rack_system_a,lam::L0425,1,False,#d8a888
1331,LAM,lam,L0426,premium_drawer_system_with_precision,lam::L0426,4,False,#98a8d8
1332,LAM,lam,L0427,premium_drawer_system_with_precision_ball_bearing,lam::L0427,1,False,#a8b8d8
1333,LAM,lam,L0428,premium_ironing_board_with_height_adjustable,lam::L0428,2,False,#889818
1334,LAM,lam,L0429,premium_ironing_board_with_height_adjustable_legs,lam::L0429,1,False,#58b878
1335,LAM,lam,L0430,premium_pocket_knife_with_stainless,lam::L0430,2,False,#7888c8
1336,LAM,lam,L0431,premium_pocket_knife_with_stainless_steel_blade_p,lam::L0431,1,False,#d84858
1337,LAM,lam,L0432,premium_ring_binder_with_reinforced,lam::L0432,1,False,#889868
1338,LAM,lam,L0433,premium_storage_furniture_with_solid,lam::L0433,1,False,#4828b8
1339,LAM,lam,L0434,premium_storage_furniture_with_solid_wood_construc,lam::L0434,1,False,#48b8b8
1340,LAM,lam,L0435,premium_toilet_with_advanced_flushing,lam::L0435,1,False,#98b8e8
1341,LAM,lam,L0436,premium_travel_suitcase_with_aircraft_grade,lam::L0436,1,False,#88a8e8
1342,LAM,lam,L0437,premium_travel_suitcase_with_aircraft_grade_alumin,lam::L0437,1,False,#b8b878
1343,LAM,lam,L0438,premium_tricycle_with_ergonomic_design,lam::L0438,5,True,#b86858
1344,LAM,lam,L0439,premium_umbrella_with_carbon_fiber,lam::L0439,1,False,#88b818
1345,LAM,lam,L0440,premium_umbrella_with_carbon_fiber_frame_automati,lam::L0440,1,False,#982878
1346,LAM,lam,L0441,premium_wardrobe_system_with_solid,lam::L0441,1,False,#5868a8
1347,LAM,lam,L0442,premium_wardrobe_system_with_solid_wood_constructi,lam::L0442,1,False,#98c818
1348,LAM,lam,L0443,presentation_binder_with_clear,lam::L0443,1,False,#8898e8
1349,LAM,lam,L0444,printer,lam::L0444,2,False,#e86818
1350,LAM,lam,L0445,professional_binder_with_precision_aligned,lam::L0445,3,False,#b88858
1351,LAM,lam,L0446,professional_binder_with_precision_aligned_rings,lam::L0446,1,False,#b88818
1352,LAM,lam,L0447,professional_caliper_with_fine_adjustment,lam::L0447,1,False,#18b8c8
1353,LAM,lam,L0448,professional_camera_with_adjustable_viewfinder,lam::L0448,1,False,#187878
1354,LAM,lam,L0449,professional_compass_with_lead_and,lam::L0449,1,False,#88c878
1355,LAM,lam,L0450,professional_desk_lamp_with_brushed,lam::L0450,2,False,#e86868
1356,LAM,lam,L0451,professional_desk_lamp_with_brushed_aluminum_const,lam::L0451,1,False,#48d828
1357,LAM,lam,L0452,professional_display_featuring_height_adjustable_m,lam::L0452,1,False,#384828
1358,LAM,lam,L0453,professional_display_featuring_height_adjustable_mounting,lam::L0453,3,False,#788858
1359,LAM,lam,L0454,professional_drafting_compass_with_micro_adjustmen,lam::L0454,1,False,#68a848
1360,LAM,lam,L0455,professional_drafting_compass_with_micro_adjustment,lam::L0455,3,False,#e83858
1361,LAM,lam,L0456,professional_food_processor_with,lam::L0456,2,False,#e8a888
1362,LAM,lam,L0457,professional_food_processor_with_direct_drive_mo,lam::L0457,1,False,#e848e8
1363,LAM,lam,L0458,professional_grade_crimping_tool_engineered,lam::L0458,3,False,#7888e8
1364,LAM,lam,L0459,professional_grade_crimping_tool_engineered_with,lam::L0459,1,False,#688818
1365,LAM,lam,L0460,professional_grade_hydraulic_jack_engineered,lam::L0460,1,False,#88d868
1366,LAM,lam,L0461,professional_grade_microwave_engineered_with,lam::L0461,1,False,#881898
1367,LAM,lam,L0462,professional_grade_remote_control_engineered,lam::L0462,1,False,#d87868
1368,LAM,lam,L0463,professional_grade_scissors_constructed_from_high,lam::L0463,1,False,#485898
1369,LAM,lam,L0464,professional_grade_scissors_constructed_from_high_carbon,lam::L0464,3,False,#286828
1370,LAM,lam,L0465,professional_hydraulic_jack_with_safety,lam::L0465,3,False,#d87838
1371,LAM,lam,L0466,professional_hydraulic_jack_with_safety_valve_and,lam::L0466,1,False,#68a828
1372,LAM,lam,L0467,professional_ironing_board_featuring_steam_permeable,lam::L0467,1,False,#7818a8
1373,LAM,lam,L0468,professional_keyboard_with_individual,lam::L0468,2,False,#5878d8
1374,LAM,lam,L0469,professional_keyboard_with_individual_key_switch,lam::L0469,1,False,#5818b8
1375,LAM,lam,L0470,professional_kitchen_faucet_with,lam::L0470,1,False,#28a858
1376,LAM,lam,L0471,professional_mixer_with_variable,lam::L0471,2,False,#4848e8
1377,LAM,lam,L0472,professional_mixer_with_variable_speed_control_a,lam::L0472,1,False,#a87858
1378,LAM,lam,L0473,professional_multi_tool_featuring_pivot,lam::L0473,2,False,#b8a878
1379,LAM,lam,L0474,professional_multi_tool_featuring_pivot_mechanis,lam::L0474,1,False,#b84848
1380,LAM,lam,L0475,professional_museum_display_case_with,lam::L0475,3,False,#a838d8
1381,LAM,lam,L0476,professional_museum_display_case_with_climate_cont,lam::L0476,1,False,#d83878
1382,LAM,lam,L0477,professional_nutcracker_with_hardened_steel,lam::L0477,2,False,#384878
1383,LAM,lam,L0478,professional_oven_with_steam,lam::L0478,2,False,#a85848
1384,LAM,lam,L0479,professional_oven_with_steam_injection_and_preci,lam::L0479,1,False,#a8c888
1385,LAM,lam,L0480,professional_remote_control_with,lam::L0480,1,False,#5868c8
1386,LAM,lam,L0481,professional_scanner_with_color,lam::L0481,2,False,#888848
1387,LAM,lam,L0482,professional_tin_snips_with_hardened,lam::L0482,1,False,#182898
1388,LAM,lam,L0483,professional_tin_snips_with_hardened_steel_blades,lam::L0483,1,False,#d8b888
1389,LAM,lam,L0484,professional_tool_chest_featuring,lam::L0484,1,False,#789868
1390,LAM,lam,L0485,professional_tool_chest_featuring_pivot_mechanis,lam::L0485,1,False,#d83818
1391,LAM,lam,L0486,pulley_block_and_tackle_system,lam::L0486,1,False,#c83838
1392,LAM,lam,L0487,pulley_system,lam::L0487,1,False,#98c898
1393,LAM,lam,L0488,reclining_lounge_chair_with_extending_footrest,lam::L0488,1,False,#3858a8
1394,LAM,lam,L0489,rectangular_wooden_cabinet_featuring,lam::L0489,5,True,#1818b8
1395,LAM,lam,L0490,refrigerater,lam::L0490,2,False,#c86858
1396,LAM,lam,L0491,remote_control,lam::L0491,2,False,#687848
1397,LAM,lam,L0492,remote_with_many_buttons,lam::L0492,2,False,#782828
1398,LAM,lam,L0493,retractable_clothesline_with_spring_rewind,lam::L0493,1,False,#88a888
1399,LAM,lam,L0494,retractable_patio_awning,lam::L0494,3,False,#3838c8
1400,LAM,lam,L0495,retractable_tape_measure_with_locking_mechanism,lam::L0495,1,False,#a8c8a8
1401,LAM,lam,L0496,revolving_door_with,lam::L0496,1,False,#78a858
1402,LAM,lam,L0497,ring_binder,lam::L0497,5,True,#588858
1403,LAM,lam,L0498,ring_binder_features_a,lam::L0498,5,True,#981888
1404,LAM,lam,L0499,ring_binder_features_a_rigid_cover_and_a_ring_me,lam::L0499,1,False,#a82828
1405,LAM,lam,L0500,robot_arm,lam::L0500,5,True,#e89878
1406,LAM,lam,L0501,robot_arm_consists_of,lam::L0501,5,True,#d81848
1407,LAM,lam,L0502,robot_arm_consists_of_a_base_fixed_or_mobile,lam::L0502,1,False,#a81838
1408,LAM,lam,L0503,robust_excavator_arm_system,lam::L0503,1,False,#a82848
1409,LAM,lam,L0504,rolling_office_file_cart_with_stacking_trays,lam::L0504,1,False,#88b8a8
1410,LAM,lam,L0505,safe,lam::L0505,2,False,#e87858
1411,LAM,lam,L0506,scissors,lam::L0506,5,True,#3878a8
1412,LAM,lam,L0507,scissors_consist_of_two_main,lam::L0507,5,True,#5868d8
1413,LAM,lam,L0508,scissors_consist_of_two_main_parts_blades_with_in,lam::L0508,1,False,#689888
1414,LAM,lam,L0509,scissors_main_comparision,lam::L0509,3,False,#688868
1415,LAM,lam,L0510,scroll_saw_with_reciprocating_blade_and_table,lam::L0510,1,False,#683818
1416,LAM,lam,L0511,sectional_garage_door_with_track,lam::L0511,1,False,#e8b888
1417,LAM,lam,L0512,sectional_garage_door_with_track_system,lam::L0512,1,False,#6818b8
1418,LAM,lam,L0513,security_door_featuring_multi_point_locking,lam::L0513,4,False,#a82858
1419,LAM,lam,L0514,security_door_featuring_multi_point_locking_and_re,lam::L0514,1,False,#484818
1420,LAM,lam,L0515,sensor_controlled_microwave_with_automatic,lam::L0515,1,False,#587848
1421,LAM,lam,L0516,sewing_machine_with_needle_mechanism_and_foot_pe,lam::L0516,1,False,#986848
1422,LAM,lam,L0517,sheet_metal_nibbler_with_punch_mechanism,lam::L0517,1,False,#b87858
1423,LAM,lam,L0518,similar_to_a_house_door,lam::L0518,5,True,#a8b868
1424,LAM,lam,L0519,similar_to_a_house_door_but_smaller_a_cabinet_doo,lam::L0519,1,False,#4858b8
1425,LAM,lam,L0520,slide_projector_with_carousel_tray_mechanism,lam::L0520,1,False,#88a868
1426,LAM,lam,L0521,sliding_barn_door_with_top_rail_trolley,lam::L0521,1,False,#88a8b8
1427,LAM,lam,L0522,smart_toilet_featuring_automatic_flushing,lam::L0522,2,False,#b89868
1428,LAM,lam,L0523,smart_toilet_featuring_automatic_flushing_and_bide,lam::L0523,1,False,#188838
1429,LAM,lam,L0524,socket_wrench_set_includes,lam::L0524,5,True,#48c868
1430,LAM,lam,L0525,socket_wrench_set_includes_a_handle_often_with,lam::L0525,1,False,#88b8d8
1431,LAM,lam,L0526,socket_wrench_set_includes_a_handle_with_ratchet,lam::L0526,1,False,#6898a8
1432,LAM,lam,L0527,solid_wood_dining_table,lam::L0527,1,False,#785838
1433,LAM,lam,L0528,solid_wood_dining_table_with_a_rectangular_top_s,lam::L0528,1,False,#e87818
1434,LAM,lam,L0529,solid_wood_door_with,lam::L0529,1,False,#4868e8
1435,LAM,lam,L0530,sophisticated_excavator_arm_featuring,lam::L0530,1,False,#98d888
1436,LAM,lam,L0531,spinning_wheel_with_treadle_and_flyer,lam::L0531,1,False,#18c878
1437,LAM,lam,L0532,sport_motorcycle_with_adjustable_suspension,lam::L0532,3,False,#a81868
1438,LAM,lam,L0533,spring_loaded_clothespin_for_hanging_laundry,lam::L0533,5,True,#3818c8
1439,LAM,lam,L0534,spring_type_clothespin_consists_of,lam::L0534,5,True,#881828
1440,LAM,lam,L0535,spring_type_clothespin_consists_of_two_identical,lam::L0535,1,False,#587868
1441,LAM,lam,L0536,stainless_steel_caliper_with,lam::L0536,1,False,#688898
1442,LAM,lam,L0537,stainless_steel_dishwasher_with_fold_down,lam::L0537,1,False,#b838d8
1443,LAM,lam,L0538,stainless_steel_medicine_cabinet,lam::L0538,2,False,#58c898
1444,LAM,lam,L0539,stainless_steel_medicine_cabinet_with_magnetic_d,lam::L0539,1,False,#d86848
1445,LAM,lam,L0540,stainless_steel_refrigerator_with,lam::L0540,2,False,#c84838
1446,LAM,lam,L0541,stainless_steel_refrigerator_with_water_dispense,lam::L0541,1,False,#48c888
1447,LAM,lam,L0542,stand_mixer_with_planetary_mixing,lam::L0542,2,False,#8828a8
1448,LAM,lam,L0543,stand_mixer_with_planetary_mixing_action,lam::L0543,1,False,#384898
1449,LAM,lam,L0544,standard_stapler_has_a,lam::L0544,5,True,#486838
1450,LAM,lam,L0545,standard_stapler_has_a_base_a_magazine_arm_asse,lam::L0545,1,False,#3858c8
1451,LAM,lam,L0546,standing_desk_with_motorized_height_adjustment,lam::L0546,1,False,#98c848
1452,LAM,lam,L0547,stapler,lam::L0547,5,True,#789858
1453,LAM,lam,L0548,steering_rack_and_pinion_assembly,lam::L0548,1,False,#c89868
1454,LAM,lam,L0549,step,lam::L0549,2,False,#a88858
1455,LAM,lam,L0550,step1_a_cabinet_with_a_drawer,lam::L0550,1,False,#d838a8
1456,LAM,lam,L0551,step4_a_cabinet_with_five_drawers,lam::L0551,1,False,#e8a868
1457,LAM,lam,L0552,storage,lam::L0552,2,False,#7898d8
1458,LAM,lam,L0553,storage_cabinet_with_multiple,lam::L0553,4,False,#a83838
1459,LAM,lam,L0554,storage_cabinet_with_multiple_compartments_and_a,lam::L0554,1,False,#486848
1460,LAM,lam,L0555,storage_furniture,lam::L0555,2,False,#982898
1461,LAM,lam,L0556,street_legal_golf_cart_featuring_headlights,lam::L0556,3,False,#4828c8
1462,LAM,lam,L0557,studio_lamp_with_precision,lam::L0557,5,True,#e88868
1463,LAM,lam,L0558,sturdy_door_constructed_with,lam::L0558,1,False,#b89838
1464,LAM,lam,L0559,suitcase,lam::L0559,3,False,#88a838
1465,LAM,lam,L0560,suitcase_with_a_handle,lam::L0560,5,True,#1828a8
1466,LAM,lam,L0561,swing_set_comprises_a,lam::L0561,5,True,#d83848
1467,LAM,lam,L0562,swing_set_comprises_a_support_frame_and_swings_s,lam::L0562,1,False,#587888
1468,LAM,lam,L0563,swiss_army_pocket_knife,lam::L0563,1,False,#c8b878
1469,LAM,lam,L0564,swiss_army_pocket_knife_with_multiple_tools,lam::L0564,1,False,#6888b8
1470,LAM,lam,L0565,switch,lam::L0565,2,False,#7828b8
1471,LAM,lam,L0566,swivel_office_chair_that,lam::L0566,5,True,#a8a868
1472,LAM,lam,L0567,t_square_drafting_ruler,lam::L0567,1,False,#a82878
1473,LAM,lam,L0568,table_with_some_cabinets,lam::L0568,1,False,#887848
1474,LAM,lam,L0569,table_with_some_cabinets_or_doors,lam::L0569,1,False,#98d838
1475,LAM,lam,L0570,tall_bookcase_featuring_adjustable_shelf,lam::L0570,3,False,#98c878
1476,LAM,lam,L0571,tall_bookcase_featuring_adjustable_shelf_brackets,lam::L0571,1,False,#48c8b8
1477,LAM,lam,L0572,tall_rectangular_shutter_comprises,lam::L0572,5,True,#386858
1478,LAM,lam,L0573,tall_wooden_cabinet_featuring,lam::L0573,4,False,#1878d8
1479,LAM,lam,L0574,tall_wooden_cabinet_featuring_two_hinged_doors_w,lam::L0574,1,False,#587898
1480,LAM,lam,L0575,television_remote_with_ergonomic_design,lam::L0575,1,False,#18e888
1481,LAM,lam,L0576,this_cutter_has_a_flat,lam::L0576,5,True,#38a828
1482,LAM,lam,L0577,this_cutter_has_a_flat_base_a_cutting_arm_hinged,lam::L0577,1,False,#58b838
1483,LAM,lam,L0578,this_cutter_has_a_flat_base_often_with_a_grid_and,lam::L0578,1,False,#98c888
1484,LAM,lam,L0579,this_knife_has_a_handle_body_often_metal_or_plast,lam::L0579,1,False,#4858d8
1485,LAM,lam,L0580,this_knife_has_a_handle_body_that_houses_a_replace,lam::L0580,1,False,#584828
1486,LAM,lam,L0581,this_knife_has_a_handlebody,lam::L0581,5,True,#e81838
1487,LAM,lam,L0582,three_ring_binder_with_snap_open_mechanism,lam::L0582,1,False,#78b838
1488,LAM,lam,L0583,toaster,lam::L0583,3,False,#78b868
1489,LAM,lam,L0584,toilet,lam::L0584,3,False,#5828c8
1490,LAM,lam,L0585,tongs_are_typically_made_of,lam::L0585,5,True,#d89868
1491,LAM,lam,L0586,tongs_are_typically_made_of_two_arms_joined_at_one,lam::L0586,1,False,#88b878
1492,LAM,lam,L0587,torsion_bar_suspension_element,lam::L0587,1,False,#2818c8
1493,LAM,lam,L0588,touchless_faucet_with_sensor_activation,lam::L0588,3,False,#88c828
1494,LAM,lam,L0589,touchless_faucet_with_sensor_activation_and_temper,lam::L0589,1,False,#885838
1495,LAM,lam,L0590,touchscreen_tablet_with_adjustable_stand,lam::L0590,2,False,#6888d8
1496,LAM,lam,L0591,touring_bicycle_equipped_with,lam::L0591,5,True,#489838
1497,LAM,lam,L0592,touring_bicycle_equipped_with_handlebar_steering,lam::L0592,1,False,#88b888
1498,LAM,lam,L0593,towering_ferris_wheel_structure,lam::L0593,3,False,#689818
1499,LAM,lam,L0594,track_mounted_spotlight_with_precision_beam,lam::L0594,1,False,#38c858
1500,LAM,lam,L0595,track_mounted_spotlight_with_precision_beam_contro,lam::L0595,1,False,#388848
1501,LAM,lam,L0596,traditional_folding_screen_with,lam::L0596,3,False,#386818
1502,LAM,lam,L0597,traditional_folding_screen_with_wooden_frame_and,lam::L0597,1,False,#98c8b8
1503,LAM,lam,L0598,traditional_nutcracker_with_hardwood,lam::L0598,2,False,#386878
1504,LAM,lam,L0599,traditional_wardrobe_with_solid,lam::L0599,1,False,#68a868
1505,LAM,lam,L0600,traditional_wardrobe_with_solid_wood_constructio,lam::L0600,1,False,#88b898
1506,LAM,lam,L0601,trailer_hitch_coupler_with_latch_mechanism,lam::L0601,1,False,#783828
1507,LAM,lam,L0602,tripod_has_three_adjustable,lam::L0602,5,True,#c85838
1508,LAM,lam,L0603,tripod_that_can_put_a_camera,lam::L0603,1,False,#686838
1509,LAM,lam,L0604,trombone_with_slide_mechanism,lam::L0604,1,False,#98c8c8
1510,LAM,lam,L0605,trumpet_with_valve_pistons,lam::L0605,1,False,#283878
1511,LAM,lam,L0606,trupod_camera_surveying,lam::L0606,1,False,#b8c878
1512,LAM,lam,L0607,trupod_camerasurveying,lam::L0607,5,True,#78a818
1513,LAM,lam,L0608,tube_cutter_with_cutting_wheel_and_rollers,lam::L0608,1,False,#989858
1514,LAM,lam,L0609,turnbuckle_with_threaded_end_fittings,lam::L0609,1,False,#5878b8
1515,LAM,lam,L0610,turnstile_gate_with_rotating_arms,lam::L0610,1,False,#c838d8
1516,LAM,lam,L0611,tv_wall_mount_with_tilt_and_swivel,lam::L0611,1,False,#c89818
1517,LAM,lam,L0612,universal_joint_with_cross_and_bearing_cups,lam::L0612,1,False,#688848
1518,LAM,lam,L0613,universal_remote_with_programmable_buttons,lam::L0613,4,False,#882828
1519,LAM,lam,L0614,usb,lam::L0614,2,False,#188858
1520,LAM,lam,L0615,venetian_blinds,lam::L0615,2,False,#a81888
1521,LAM,lam,L0616,venetian_blinds_consist_of_multiple,lam::L0616,5,True,#987848
1522,LAM,lam,L0617,venetian_blinds_consist_of_multiple_horizontal_sla,lam::L0617,1,False,#3838e8
1523,LAM,lam,L0618,vernier_protractor_with_fine_adjustment,lam::L0618,1,False,#78a878
1524,LAM,lam,L0619,versatile_compass_with_hinged,lam::L0619,1,False,#28d868
1525,LAM,lam,L0620,versatile_door_with_hinged,lam::L0620,1,False,#3858e8
1526,LAM,lam,L0621,versatile_excavator_arm_with,lam::L0621,1,False,#b82828
1527,LAM,lam,L0622,versatile_hydraulic_jack_with,lam::L0622,1,False,#98c8d8
1528,LAM,lam,L0623,versatile_microwave_with_hinged,lam::L0623,1,False,#e8b868
1529,LAM,lam,L0624,versatile_remote_control_with,lam::L0624,1,False,#18b858
1530,LAM,lam,L0625,vertical_filing_cabinet_with,lam::L0625,3,False,#88d848
1531,LAM,lam,L0626,video_game_console_with_disc,lam::L0626,3,False,#6828c8
1532,LAM,lam,L0627,video_game_console_with_disc_loading_mechanism,lam::L0627,1,False,#486888
1533,LAM,lam,L0628,vintage_rotary_telephone_with_dial_mechanism,lam::L0628,1,False,#98b868
1534,LAM,lam,L0629,vintage_typewriter_with_key_levers_and_carriage,lam::L0629,1,False,#b86838
1535,LAM,lam,L0630,voice_activated_remote_with_microphone,lam::L0630,3,False,#388868
1536,LAM,lam,L0631,voice_activated_remote_with_microphone_and_smart,lam::L0631,1,False,#e89858
1537,LAM,lam,L0632,waffle_iron_with_hinged_plates_and_latch,lam::L0632,1,False,#c8a868
1538,LAM,lam,L0633,walking_cane_with_folding_mechanism,lam::L0633,1,False,#5878c8
1539,LAM,lam,L0634,wall_mounted_toilet_with_concealed_tank,lam::L0634,2,False,#88b8c8
1540,LAM,lam,L0635,wall_mounted_toilet_with_concealed_tank_and_flush,lam::L0635,1,False,#9818a8
1541,LAM,lam,L0636,washing_machine,lam::L0636,2,False,#8818b8
1542,LAM,lam,L0637,water_spigot_with_handle_valve,lam::L0637,1,False,#78a898
1543,LAM,lam,L0638,well_designed_car,lam::L0638,3,False,#c8c878
1544,LAM,lam,L0639,well_designed_compass_with_moving,lam::L0639,1,False,#a8a818
1545,LAM,lam,L0640,well_designed_conveyor_system_with,lam::L0640,1,False,#c88858
1546,LAM,lam,L0641,well_designed_door_with_moving,lam::L0641,1,False,#e83838
1547,LAM,lam,L0642,well_designed_excavator_arm_with,lam::L0642,1,False,#a84838
1548,LAM,lam,L0643,well_designed_hydraulic_jack_with,lam::L0643,1,False,#18b838
1549,LAM,lam,L0644,well_designed_microwave_with_moving,lam::L0644,1,False,#385848
1550,LAM,lam,L0645,well_designed_remote_control_with,lam::L0645,1,False,#78a8a8
1551,LAM,lam,L0646,wheel_loader_with_articulated_chassis,lam::L0646,5,True,#38e838
1552,LAM,lam,L0647,wheelchair_with_large_rear_wheels_and_footrests,lam::L0647,1,False,#788838
1553,LAM,lam,L0648,wind_up_alarm_clock_with_bell_and_hammer,lam::L0648,1,False,#a89858
1554,LAM,lam,L0649,window,lam::L0649,2,False,#2828b8
1555,LAM,lam,L0650,wireless_gaming_console_featuring_bluetooth,lam::L0650,1,False,#b81848
1556,LAM,lam,L0651,wireless_keyboard_with_ergonomic,lam::L0651,1,False,#287828
1557,LAM,lam,L0652,wireless_keyboard_with_ergonomic_key_layout,lam::L0652,1,False,#1828e8
1558,LAM,lam,L0653,wooden_dining_table,lam::L0653,1,False,#b82838
1559,LAM,lam,L0654,wooden_jewelry_box_with_compartmented,lam::L0654,2,False,#88b8e8
1560,LAM,lam,L0655,wooden_jewelry_box_with_compartmented_interior,lam::L0655,1,False,#689878
1561,LAM,lam,L0656,wooden_nutcracker_with_hinged_jaw,lam::L0656,1,False,#b82858
1562,LAM,lam,L0657,worm_gear_and_wheel_assembly,lam::L0657,1,False,#c81828
1563,LAM,lam,L0658,wristwatch_with_rotating_bezel_and_crown,lam::L0658,1,False,#3828d8
1564,LAM,lam,L0659,zipper_consists_of_two,lam::L0659,5,True,#385828
1565,LAM,lam,L0660,zipper_consists_of_two_rows_of_interlocking_teet,lam::L0660,1,False,#588838
