category_id,category,dataset_id,ordinal,source_path,urdf_path,image_path,image_bytes,image_sha256,color
AR0001,accordion_with_bellows_and_buttons,accordion_with_bellows_and_buttons_000,0,/mnt/zsn/lyb/arti-skill/exp/Articulated-Object-Code/released_outputs/objects/accordion_with_bellows_and_buttons/accordion_with_bellows_and_buttons_000,/mnt/zsn/lyb/arti-skill/exp/Articulated-Object-Code/released_outputs/objects/accordion_with_bellows_and_buttons/accordion_with_bellows_and_buttons_000/generated.urdf,/mnt/zsn/data/particulate/datasets/Articulated-Object-Code/renders/uniform660_one_per_category_studio_256_v1/accordion_with_bellows_and_buttons/accordion_with_bellows_and_buttons_000/imgs/000.png,80357,655f1ccfacd137ef3ed710193b2da48f400a40b9e2c2df1dbd6fc984785aebd1,#b84d4d
AR0002,acoustic_piano_key_is,acoustic_piano_key_is_005,1,/mnt/zsn/lyb/arti-skill/exp/Articulated-Object-Code/released_outputs/objects/acoustic_piano_key_is/acoustic_piano_key_is_005,/mnt/zsn/lyb/arti-skill/exp/Articulated-Object-Code/released_outputs/objects/acoustic_piano_key_is/acoustic_piano_key_is_005/generated.urdf,/mnt/zsn/data/particulate/datasets/Articulated-Object-Code/renders/uniform660_one_per_category_studio_256_v1/acoustic_piano_key_is/acoustic_piano_key_is_005/imgs/000.png,69042,c1f1a865e1bbf7c39de0446f4f747b60be3c1229314e0d32fcfc80a3289b6a5c,#4566b8
AR0003,acoustic_piano_key_is_a_lever_that_pivots_on_a,acoustic_piano_key_is_a_lever_that_pivots_on_a_000,2,/mnt/zsn/lyb/arti-skill/exp/Articulated-Object-Code/released_outputs/objects/acoustic_piano_key_is_a_lever_that_pivots_on_a/acoustic_piano_key_is_a_lever_that_pivots_on_a_000,/mnt/zsn/lyb/arti-skill/exp/Articulated-Object-Code/released_outputs/objects/acoustic_piano_key_is_a_lever_that_pivots_on_a/acoustic_piano_key_is_a_lever_that_pivots_on_a_000/generated.urdf,/mnt/zsn/data/particulate/datasets/Articulated-Object-Code/renders/uniform660_one_per_category_studio_256_v1/acoustic_piano_key_is_a_lever_that_pivots_on_a/acoustic_piano_key_is_a_lever_that_pivots_on_a_000/imgs/000.png,70713,6f59a95b1460de9c2b450bb693de2a168e5230b88a42b0b08b5d243617fc8d75,#84b83d
AR0004,action_figure_represents_a,action_figure_represents_a_001,3,/mnt/zsn/lyb/arti-skill/exp/Articulated-Object-Code/released_outputs/objects/action_figure_represents_a/action_figure_represents_a_001,/mnt/zsn/lyb/arti-skill/exp/Articulated-Object-Code/released_outputs/objects/action_figure_represents_a/action_figure_represents_a_001/generated.urdf,/mnt/zsn/data/particulate/datasets/Articulated-Object-Code/renders/uniform660_one_per_category_studio_256_v1/action_figure_represents_a/action_figure_represents_a_001/imgs/000.png,69876,6ecffa94f4948ef24479a39d2b5d56cb0c700607401dd194474458584d1ddf5c,#b834a7
AR0005,adjustable_desk_lamp,adjustable_desk_lamp_020,4,/mnt/zsn/lyb/arti-skill/exp/Articulated-Object-Code/released_outputs/objects/adjustable_desk_lamp/adjustable_desk_lamp_020,/mnt/zsn/lyb/arti-skill/exp/Articulated-Object-Code/released_outputs/objects/adjustable_desk_lamp/adjustable_desk_lamp_020/generated.urdf,/mnt/zsn/data/particulate/datasets/Articulated-Object-Code/renders/uniform660_one_per_category_studio_256_v1/adjustable_desk_lamp/adjustable_desk_lamp_020/imgs/000.png,69214,c9140fe668d63056a9905e076d5e7718ad9a75fd0eb33b10fce3605e19ea90c0,#2cb8a0
AR0006,adjustable_desk_lamp_features,adjustable_desk_lamp_features_002,5,/mnt/zsn/lyb/arti-skill/exp/Articulated-Object-Code/released_outputs/objects/adjustable_desk_lamp_features/adjustable_desk_lamp_features_002,/mnt/zsn/lyb/arti-skill/exp/Articulated-Object-Code/released_outputs/objects/adjustable_desk_lamp_features/adjustable_desk_lamp_features_002/generated.urdf,/mnt/zsn/data/particulate/datasets/Articulated-Object-Code/renders/uniform660_one_per_category_studio_256_v1/adjustable_desk_lamp_features/adjustable_desk_lamp_features_002/imgs/000.png,68752,266e495cc0a6603cbc0291b86177518c9717623627eb66eceb6f7bc50fe126c7,#c99354
AR0007,adjustable_desk_lamp_features_a_weighted_base,adjustable_desk_lamp_features_a_weighted_base_000,6,/mnt/zsn/lyb/arti-skill/exp/Articulated-Object-Code/released_outputs/objects/adjustable_desk_lamp_features_a_weighted_base/adjustable_desk_lamp_features_a_weighted_base_000,/mnt/zsn/lyb/arti-skill/exp/Articulated-Object-Code/released_outputs/objects/adjustable_desk_lamp_features_a_weighted_base/adjustable_desk_lamp_features_a_weighted_base_000/generated.urdf,/mnt/zsn/data/particulate/datasets/Articulated-Object-Code/renders/uniform660_one_per_category_studio_256_v1/adjustable_desk_lamp_features_a_weighted_base/adjustable_desk_lamp_features_a_weighted_base_000/imgs/000.png,69655,a577881be7bf631d604a5d3e339f2bbba631a912ced925c0329fa37efe72c3fb,#6a4bc9
AR0008,adjustable_desk_light,adjustable_desk_light_000,7,/mnt/zsn/lyb/arti-skill/exp/Articulated-Object-Code/released_outputs/objects/adjustable_desk_light/adjustable_desk_light_000,/mnt/zsn/lyb/arti-skill/exp/Articulated-Object-Code/released_outputs/objects/adjustable_desk_light/adjustable_desk_light_000/generated.urdf,/mnt/zsn/data/particulate/datasets/Articulated-Object-Code/renders/uniform660_one_per_category_studio_256_v1/adjustable_desk_light/adjustable_desk_light_000/imgs/000.png,68157,ef123331e9b2c424179daf10d876efc09a1d895cf73da70f1917dbeff8e1f723,#48c942
AR0009,adjustable_led_spotlight_with_focusing,adjustable_led_spotlight_with_focusing_000,8,/mnt/zsn/lyb/arti-skill/exp/Articulated-Object-Code/released_outputs/objects/adjustable_led_spotlight_with_focusing/adjustable_led_spotlight_with_focusing_000,/mnt/zsn/lyb/arti-skill/exp/Articulated-Object-Code/released_outputs/objects/adjustable_led_spotlight_with_focusing/adjustable_led_spotlight_with_focusing_000/generated.urdf,/mnt/zsn/data/particulate/datasets/Articulated-Object-Code/renders/uniform660_one_per_category_studio_256_v1/adjustable_led_spotlight_with_focusing/adjustable_led_spotlight_with_focusing_000/imgs/000.png,73954,7bc670c114bd70241994705c15f27f7874f5735aea9ba5c4bec5bade1564fa94,#c93969
AR0010,adjustable_led_spotlight_with_focusing_lens,adjustable_led_spotlight_with_focusing_lens_000,9,/mnt/zsn/lyb/arti-skill/exp/Articulated-Object-Code/released_outputs/objects/adjustable_led_spotlight_with_focusing_lens/adjustable_led_spotlight_with_focusing_lens_000,/mnt/zsn/lyb/arti-skill/exp/Articulated-Object-Code/released_outputs/objects/adjustable_led_spotlight_with_focusing_lens/adjustable_led_spotlight_with_focusing_lens_000/generated.urdf,/mnt/zsn/data/particulate/datasets/Articulated-Object-Code/renders/uniform660_one_per_category_studio_256_v1/adjustable_led_spotlight_with_focusing_lens/adjustable_led_spotlight_with_focusing_lens_000/imgs/000.png,69851,b6c39e0647a4fac147fb7472ea1c086d8c1784247cb2f1914b849bc7f3f807b5,#3090c9
AR0011,adjustable_set_square,adjustable_set_square_000,10,/mnt/zsn/lyb/arti-skill/exp/Articulated-Object-Code/released_outputs/objects/adjustable_set_square/adjustable_set_square_000,/mnt/zsn/lyb/arti-skill/exp/Articulated-Object-Code/released_outputs/objects/adjustable_set_square/adjustable_set_square_000/generated.urdf,/mnt/zsn/data/particulate/datasets/Articulated-Object-Code/renders/uniform660_one_per_category_studio_256_v1/adjustable_set_square/adjustable_set_square_000/imgs/000.png,69093,98291b15d4475f59118af81bd9f49ede86949aa310cbe1a536611e51d2ce5831,#cfda5b
AR0012,adjustable_wrench,adjustable_wrench_036,11,/mnt/zsn/lyb/arti-skill/exp/Articulated-Object-Code/released_outputs/objects/adjustable_wrench/adjustable_wrench_036,/mnt/zsn/lyb/arti-skill/exp/Articulated-Object-Code/released_outputs/objects/adjustable_wrench/adjustable_wrench_036/generated.urdf,/mnt/zsn/data/particulate/datasets/Articulated-Object-Code/renders/uniform660_one_per_category_studio_256_v1/adjustable_wrench/adjustable_wrench_036/imgs/000.png,69539,fad18166d3deb64eae7ef2a7cc66bf9b210235a133ec9ad3cced27e7c438e001,#bd52da
AR0013,adjustable_wrench_features_a,adjustable_wrench_features_a_004,12,/mnt/zsn/lyb/arti-skill/exp/Articulated-Object-Code/released_outputs/objects/adjustable_wrench_features_a/adjustable_wrench_features_a_004,/mnt/zsn/lyb/arti-skill/exp/Articulated-Object-Code/released_outputs/objects/adjustable_wrench_features_a/adjustable_wrench_features_a_004/generated.urdf,/mnt/zsn/data/particulate/datasets/Articulated-Object-Code/renders/uniform660_one_per_category_studio_256_v1/adjustable_wrench_features_a/adjustable_wrench_features_a_004/imgs/000.png,69129,5d334645b210606264f3b61708e5e24546bbab680a6396d6f33d274e44f3005a,#48da90
AR0014,adjustable_wrench_features_a_handle_integrated,adjustable_wrench_features_a_handle_integrated_000,13,/mnt/zsn/lyb/arti-skill/exp/Articulated-Object-Code/released_outputs/objects/adjustable_wrench_features_a_handle_integrated/adjustable_wrench_features_a_handle_integrated_000,/mnt/zsn/lyb/arti-skill/exp/Articulated-Object-Code/released_outputs/objects/adjustable_wrench_features_a_handle_integrated/adjustable_wrench_features_a_handle_integrated_000/generated.urdf,/mnt/zsn/data/particulate/datasets/Articulated-Object-Code/renders/uniform660_one_per_category_studio_256_v1/adjustable_wrench_features_a_handle_integrated/adjustable_wrench_features_a_handle_integrated_000/imgs/000.png,67867,7a612a19014618877c6de6f8fb6ca7424674de9313d3814744795b165bb35a00,#da5e3e
AR0015,advanced_excavator_arm_constructed,advanced_excavator_arm_constructed_000,14,/mnt/zsn/lyb/arti-skill/exp/Articulated-Object-Code/released_outputs/objects/advanced_excavator_arm_constructed/advanced_excavator_arm_constructed_000,/mnt/zsn/lyb/arti-skill/exp/Articulated-Object-Code/released_outputs/objects/advanced_excavator_arm_constructed/advanced_excavator_arm_constructed_000/generated.urdf,/mnt/zsn/data/particulate/datasets/Articulated-Object-Code/renders/uniform660_one_per_category_studio_256_v1/advanced_excavator_arm_constructed/advanced_excavator_arm_constructed_000/imgs/000.png,70564,d204d53e05d1f0a1914306c56f9fecee177b5642e25ca48c5d0ab7aa37c7246d,#3442da
AR0016,advanced_gaming_console_with_custom,advanced_gaming_console_with_custom_000,15,/mnt/zsn/lyb/arti-skill/exp/Articulated-Object-Code/released_outputs/objects/advanced_gaming_console_with_custom/advanced_gaming_console_with_custom_000,/mnt/zsn/lyb/arti-skill/exp/Articulated-Object-Code/released_outputs/objects/advanced_gaming_console_with_custom/advanced_gaming_console_with_custom_000/generated.urdf,/mnt/zsn/data/particulate/datasets/Articulated-Object-Code/renders/uniform660_one_per_category_studio_256_v1/advanced_gaming_console_with_custom/advanced_gaming_console_with_custom_000/imgs/000.png,72849,d013d7b04e0834a13d7a7f21d382dabcc1cb5b07f179dce117900777723d05d8,#96eb63
AR0017,advanced_gear_system_with_precision_machined,advanced_gear_system_with_precision_machined_000,16,/mnt/zsn/lyb/arti-skill/exp/Articulated-Object-Code/released_outputs/objects/advanced_gear_system_with_precision_machined/advanced_gear_system_with_precision_machined_000,/mnt/zsn/lyb/arti-skill/exp/Articulated-Object-Code/released_outputs/objects/advanced_gear_system_with_precision_machined/advanced_gear_system_with_precision_machined_000/generated.urdf,/mnt/zsn/data/particulate/datasets/Articulated-Object-Code/renders/uniform660_one_per_category_studio_256_v1/advanced_gear_system_with_precision_machined/advanced_gear_system_with_precision_machined_000/imgs/000.png,71519,a31476523ffddc3f2219e95ca09104a469a64d891f9b9d64eb2bd6031bbb6d44,#eb58ba
AR0018,advanced_microwave_oven_with_inverter,advanced_microwave_oven_with_inverter_000,17,/mnt/zsn/lyb/arti-skill/exp/Articulated-Object-Code/released_outputs/objects/advanced_microwave_oven_with_inverter/advanced_microwave_oven_with_inverter_000,/mnt/zsn/lyb/arti-skill/exp/Articulated-Object-Code/released_outputs/objects/advanced_microwave_oven_with_inverter/advanced_microwave_oven_with_inverter_000/generated.urdf,/mnt/zsn/data/particulate/datasets/Articulated-Object-Code/renders/uniform660_one_per_category_studio_256_v1/advanced_microwave_oven_with_inverter/advanced_microwave_oven_with_inverter_000/imgs/000.png,72791,5422367fc0e9b05c24a5a072d5db9ad47b53c59a385d508f31e075bc18c81f96,#4de4eb
AR0019,advanced_smartphone_with_foldable_display,advanced_smartphone_with_foldable_display_000,18,/mnt/zsn/lyb/arti-skill/exp/Articulated-Object-Code/released_outputs/objects/advanced_smartphone_with_foldable_display/advanced_smartphone_with_foldable_display_000,/mnt/zsn/lyb/arti-skill/exp/Articulated-Object-Code/released_outputs/objects/advanced_smartphone_with_foldable_display/advanced_smartphone_with_foldable_display_000/generated.urdf,/mnt/zsn/data/particulate/datasets/Articulated-Object-Code/renders/uniform660_one_per_category_studio_256_v1/advanced_smartphone_with_foldable_display/advanced_smartphone_with_foldable_display_000/imgs/000.png,71074,df0f2a890f25148ceca2de17d9298d942c5cfb740b73662e965919844727b984,#ebc043
AR0020,advanced_smartphone_with_foldable_display_technolo,advanced_smartphone_with_foldable_display_technolo_000,19,/mnt/zsn/lyb/arti-skill/exp/Articulated-Object-Code/released_outputs/objects/advanced_smartphone_with_foldable_display_technolo/advanced_smartphone_with_foldable_display_technolo_000,/mnt/zsn/lyb/arti-skill/exp/Articulated-Object-Code/released_outputs/objects/advanced_smartphone_with_foldable_display_technolo/advanced_smartphone_with_foldable_display_technolo_000/generated.urdf,/mnt/zsn/data/particulate/datasets/Articulated-Object-Code/renders/uniform660_one_per_category_studio_256_v1/advanced_smartphone_with_foldable_display_technolo/advanced_smartphone_with_foldable_display_technolo_000/imgs/000.png,68957,009b3e83872dbff1d19c9e65a2c0f31b1440370efbcd9b6e03792930ede00c4a,#8a38eb
AR0021,advanced_universal_remote_with_touchscreen,advanced_universal_remote_with_touchscreen_000,20,/mnt/zsn/lyb/arti-skill/exp/Articulated-Object-Code/released_outputs/objects/advanced_universal_remote_with_touchscreen/advanced_universal_remote_with_touchscreen_000,/mnt/zsn/lyb/arti-skill/exp/Articulated-Object-Code/released_outputs/objects/advanced_universal_remote_with_touchscreen/advanced_universal_remote_with_touchscreen_000/generated.urdf,/mnt/zsn/data/particulate/datasets/Articulated-Object-Code/renders/uniform660_one_per_category_studio_256_v1/advanced_universal_remote_with_touchscreen/advanced_universal_remote_with_touchscreen_000/imgs/000.png,74563,35ab60ddd39d10860df878dfbe6e670650e2166fa768ff1d14031ee2054cdd85,#4db85f
AR0022,ak_47,ak_47_000,21,/mnt/zsn/lyb/arti-skill/exp/Articulated-Object-Code/released_outputs/objects/ak_47/ak_47_000,/mnt/zsn/lyb/arti-skill/exp/Articulated-Object-Code/released_outputs/objects/ak_47/ak_47_000/generated.urdf,/mnt/zsn/data/particulate/datasets/Articulated-Object-Code/renders/uniform660_one_per_category_studio_256_v1/ak_47/ak_47_000/imgs/000.png,67471,1982cf0e20328e2c38e7dc63a3cd10c4b79775acb440f1116761ee875cbd7837,#b84554
AR0023,all_in_one_printer_featuring_scanning_and,all_in_one_printer_featuring_scanning_and_000,22,/mnt/zsn/lyb/arti-skill/exp/Articulated-Object-Code/released_outputs/objects/all_in_one_printer_featuring_scanning_and/all_in_one_printer_featuring_scanning_and_000,/mnt/zsn/lyb/arti-skill/exp/Articulated-Object-Code/released_outputs/objects/all_in_one_printer_featuring_scanning_and/all_in_one_printer_featuring_scanning_and_000/generated.urdf,/mnt/zsn/data/particulate/datasets/Articulated-Object-Code/renders/uniform660_one_per_category_studio_256_v1/all_in_one_printer_featuring_scanning_and/all_in_one_printer_featuring_scanning_and_000/imgs/000.png,74070,41c5984b542ec3c6d8f7fa3d2f892c4923847273c723b82d258c39d1caac2c51,#3d70b8
AR0024,all_in_one_printer_featuring_scanning_and_copying,all_in_one_printer_featuring_scanning_and_copying_000,23,/mnt/zsn/lyb/arti-skill/exp/Articulated-Object-Code/released_outputs/objects/all_in_one_printer_featuring_scanning_and_copying/all_in_one_printer_featuring_scanning_and_copying_000,/mnt/zsn/lyb/arti-skill/exp/Articulated-Object-Code/released_outputs/objects/all_in_one_printer_featuring_scanning_and_copying/all_in_one_printer_featuring_scanning_and_copying_000/generated.urdf,/mnt/zsn/data/particulate/datasets/Articulated-Object-Code/renders/uniform660_one_per_category_studio_256_v1/all_in_one_printer_featuring_scanning_and_copying/all_in_one_printer_featuring_scanning_and_copying_000/imgs/000.png,75887,c322d5ac7528f8e3c26c40429c2cb0872ee7cbc232669c469c7adea65c8d6de4,#92b834
AR0025,architect_s_scale_ruler_with_triangular_profile,architect_s_scale_ruler_with_triangular_profile_000,24,/mnt/zsn/lyb/arti-skill/exp/Articulated-Object-Code/released_outputs/objects/architect_s_scale_ruler_with_triangular_profile/architect_s_scale_ruler_with_triangular_profile_000,/mnt/zsn/lyb/arti-skill/exp/Articulated-Object-Code/released_outputs/objects/architect_s_scale_ruler_with_triangular_profile/architect_s_scale_ruler_with_triangular_profile_000/generated.urdf,/mnt/zsn/data/particulate/datasets/Articulated-Object-Code/renders/uniform660_one_per_category_studio_256_v1/architect_s_scale_ruler_with_triangular_profile/architect_s_scale_ruler_with_triangular_profile_000/imgs/000.png,69266,413fafc4df1931f1b842280957b07e56798c765406baefbbc4b4427efbb383fc,#b72cb8
AR0026,architectural_door_incorporating_precision_engineered,architectural_door_incorporating_precision_engineered_000,25,/mnt/zsn/lyb/arti-skill/exp/Articulated-Object-Code/released_outputs/objects/architectural_door_incorporating_precision_engineered/architectural_door_incorporating_precision_engineered_000,/mnt/zsn/lyb/arti-skill/exp/Articulated-Object-Code/released_outputs/objects/architectural_door_incorporating_precision_engineered/architectural_door_incorporating_precision_engineered_000/generated.urdf,/mnt/zsn/data/particulate/datasets/Articulated-Object-Code/renders/uniform660_one_per_category_studio_256_v1/architectural_door_incorporating_precision_engineered/architectural_door_incorporating_precision_engineered_000/imgs/000.png,73393,681b223108f0859fe1cb761bc5b01b3e6c7ebac0e74ff6c13fae70127be38a0e,#54c9a6
AR0027,architectural_door_system_with_precision_engineered,architectural_door_system_with_precision_engineered_000,26,/mnt/zsn/lyb/arti-skill/exp/Articulated-Object-Code/released_outputs/objects/architectural_door_system_with_precision_engineered/architectural_door_system_with_precision_engineered_000,/mnt/zsn/lyb/arti-skill/exp/Articulated-Object-Code/released_outputs/objects/architectural_door_system_with_precision_engineered/architectural_door_system_with_precision_engineered_000/generated.urdf,/mnt/zsn/data/particulate/datasets/Articulated-Object-Code/renders/uniform660_one_per_category_studio_256_v1/architectural_door_system_with_precision_engineered/architectural_door_system_with_precision_engineered_000/imgs/000.png,67628,58d27c10ea5ead313b56dd854838cc5e2a44fed3f00e670b49da13b151ef249b,#c97f4b
AR0028,articulated_robot_arm_with,articulated_robot_arm_with_001,27,/mnt/zsn/lyb/arti-skill/exp/Articulated-Object-Code/released_outputs/objects/articulated_robot_arm_with/articulated_robot_arm_with_001,/mnt/zsn/lyb/arti-skill/exp/Articulated-Object-Code/released_outputs/objects/articulated_robot_arm_with/articulated_robot_arm_with_001/generated.urdf,/mnt/zsn/data/particulate/datasets/Articulated-Object-Code/renders/uniform660_one_per_category_studio_256_v1/articulated_robot_arm_with/articulated_robot_arm_with_001/imgs/000.png,70466,16751f3083ac91f4c498553a50f943fdcb9730523e7f22879ddc75315af452d4,#5342c9
AR0029,articulated_robot_arm_with_multiple_joints,articulated_robot_arm_with_multiple_joints_000,28,/mnt/zsn/lyb/arti-skill/exp/Articulated-Object-Code/released_outputs/objects/articulated_robot_arm_with_multiple_joints/articulated_robot_arm_with_multiple_joints_000,/mnt/zsn/lyb/arti-skill/exp/Articulated-Object-Code/released_outputs/objects/articulated_robot_arm_with_multiple_joints/articulated_robot_arm_with_multiple_joints_000/generated.urdf,/mnt/zsn/data/particulate/datasets/Articulated-Object-Code/renders/uniform660_one_per_category_studio_256_v1/articulated_robot_arm_with_multiple_joints/articulated_robot_arm_with_multiple_joints_000/imgs/000.png,69195,7e433113a0209093530d1cd7bd2ef0c61ffcf24c179c2d005a81689f7d1f3f80,#52c939
AR0030,automated_conveyor_belt_featuring_variable,automated_conveyor_belt_featuring_variable_000,29,/mnt/zsn/lyb/arti-skill/exp/Articulated-Object-Code/released_outputs/objects/automated_conveyor_belt_featuring_variable/automated_conveyor_belt_featuring_variable_000,/mnt/zsn/lyb/arti-skill/exp/Articulated-Object-Code/released_outputs/objects/automated_conveyor_belt_featuring_variable/automated_conveyor_belt_featuring_variable_000/generated.urdf,/mnt/zsn/data/particulate/datasets/Articulated-Object-Code/renders/uniform660_one_per_category_studio_256_v1/automated_conveyor_belt_featuring_variable/automated_conveyor_belt_featuring_variable_000/imgs/000.png,75144,a5497462f4e0461024d6ce3ecdb6d1cd16c67a04d85c41d6f1d1dce4dcdb6238,#c93077
AR0031,automated_conveyor_belt_featuring_variable_speed_c,automated_conveyor_belt_featuring_variable_speed_c_000,30,/mnt/zsn/lyb/arti-skill/exp/Articulated-Object-Code/released_outputs/objects/automated_conveyor_belt_featuring_variable_speed_c/automated_conveyor_belt_featuring_variable_speed_c_000,/mnt/zsn/lyb/arti-skill/exp/Articulated-Object-Code/released_outputs/objects/automated_conveyor_belt_featuring_variable_speed_c/automated_conveyor_belt_featuring_variable_speed_c_000/generated.urdf,/mnt/zsn/data/particulate/datasets/Articulated-Object-Code/renders/uniform660_one_per_category_studio_256_v1/automated_conveyor_belt_featuring_variable_speed_c/automated_conveyor_belt_featuring_variable_speed_c_000/imgs/000.png,76675,c3f21af5e97dec551291d4e8d3610a1726671a2399ef1eb25ce3dca821e86801,#5bbbda
AR0032,automatic_espresso_machine_with,automatic_espresso_machine_with_000,31,/mnt/zsn/lyb/arti-skill/exp/Articulated-Object-Code/released_outputs/objects/automatic_espresso_machine_with/automatic_espresso_machine_with_000,/mnt/zsn/lyb/arti-skill/exp/Articulated-Object-Code/released_outputs/objects/automatic_espresso_machine_with/automatic_espresso_machine_with_000/generated.urdf,/mnt/zsn/data/particulate/datasets/Articulated-Object-Code/renders/uniform660_one_per_category_studio_256_v1/automatic_espresso_machine_with/automatic_espresso_machine_with_000/imgs/000.png,72558,b7a2d71d22cbbcb2160ccab9822d5ae0227646a294cb9ad4c789d35c709d9f6c,#dad352
AR0033,automatic_espresso_machine_with_programmable_se,automatic_espresso_machine_with_programmable_se_000,32,/mnt/zsn/lyb/arti-skill/exp/Articulated-Object-Code/released_outputs/objects/automatic_espresso_machine_with_programmable_se/automatic_espresso_machine_with_programmable_se_000,/mnt/zsn/lyb/arti-skill/exp/Articulated-Object-Code/released_outputs/objects/automatic_espresso_machine_with_programmable_se/automatic_espresso_machine_with_programmable_se_000/generated.urdf,/mnt/zsn/data/particulate/datasets/Articulated-Object-Code/renders/uniform660_one_per_category_studio_256_v1/automatic_espresso_machine_with_programmable_se/automatic_espresso_machine_with_programmable_se_000/imgs/000.png,71029,a67c27a893ae2fe91441efe4f4ad5056a9979254e2872c21184fe22ec74ba97a,#a848da
AR0034,automotive_hydraulic_jack_with_pumping,automotive_hydraulic_jack_with_pumping_000,33,/mnt/zsn/lyb/arti-skill/exp/Articulated-Object-Code/released_outputs/objects/automotive_hydraulic_jack_with_pumping/automotive_hydraulic_jack_with_pumping_000,/mnt/zsn/lyb/arti-skill/exp/Articulated-Object-Code/released_outputs/objects/automotive_hydraulic_jack_with_pumping/automotive_hydraulic_jack_with_pumping_000/generated.urdf,/mnt/zsn/data/particulate/datasets/Articulated-Object-Code/renders/uniform660_one_per_category_studio_256_v1/automotive_hydraulic_jack_with_pumping/automotive_hydraulic_jack_with_pumping_000/imgs/000.png,71361,f41f1095a0fed621ca15f08181f692da20f0c66f863a92ab1a28b1a7c235bbaa,#3eda78
AR0035,baby_stroller_with_folding_frame_and_canopy,baby_stroller_with_folding_frame_and_canopy_000,34,/mnt/zsn/lyb/arti-skill/exp/Articulated-Object-Code/released_outputs/objects/baby_stroller_with_folding_frame_and_canopy/baby_stroller_with_folding_frame_and_canopy_000,/mnt/zsn/lyb/arti-skill/exp/Articulated-Object-Code/released_outputs/objects/baby_stroller_with_folding_frame_and_canopy/baby_stroller_with_folding_frame_and_canopy_000/generated.urdf,/mnt/zsn/data/particulate/datasets/Articulated-Object-Code/renders/uniform660_one_per_category_studio_256_v1/baby_stroller_with_folding_frame_and_canopy/baby_stroller_with_folding_frame_and_canopy_000/imgs/000.png,74454,d00de74071a21aa6770b138260de8346acbea0e320240231535b9b1710cb295f,#da4134
AR0036,ball_joint_with_stud_and_housing,ball_joint_with_stud_and_housing_000,35,/mnt/zsn/lyb/arti-skill/exp/Articulated-Object-Code/released_outputs/objects/ball_joint_with_stud_and_housing/ball_joint_with_stud_and_housing_000,/mnt/zsn/lyb/arti-skill/exp/Articulated-Object-Code/released_outputs/objects/ball_joint_with_stud_and_housing/ball_joint_with_stud_and_housing_000/generated.urdf,/mnt/zsn/data/particulate/datasets/Articulated-Object-Code/renders/uniform660_one_per_category_studio_256_v1/ball_joint_with_stud_and_housing/ball_joint_with_stud_and_housing_000/imgs/000.png,72192,9b9f514ebd74590abe6b7cb19d5054ab9e6fc144a5d7e2581f00af45b988a6f7,#637feb
AR0037,ball_transfer_unit_with_spring_loaded_ball,ball_transfer_unit_with_spring_loaded_ball_000,36,/mnt/zsn/lyb/arti-skill/exp/Articulated-Object-Code/released_outputs/objects/ball_transfer_unit_with_spring_loaded_ball/ball_transfer_unit_with_spring_loaded_ball_000,/mnt/zsn/lyb/arti-skill/exp/Articulated-Object-Code/released_outputs/objects/ball_transfer_unit_with_spring_loaded_ball/ball_transfer_unit_with_spring_loaded_ball_000/generated.urdf,/mnt/zsn/data/particulate/datasets/Articulated-Object-Code/renders/uniform660_one_per_category_studio_256_v1/ball_transfer_unit_with_spring_loaded_ball/ball_transfer_unit_with_spring_loaded_ball_000/imgs/000.png,76109,ed007314dbcd3a7e2940c744421c97c99ffe5c49487929fbf553a1ff9e469d7e,#a2eb58
AR0038,ball_valve_with_quarter_turn_handle,ball_valve_with_quarter_turn_handle_000,37,/mnt/zsn/lyb/arti-skill/exp/Articulated-Object-Code/released_outputs/objects/ball_valve_with_quarter_turn_handle/ball_valve_with_quarter_turn_handle_000,/mnt/zsn/lyb/arti-skill/exp/Articulated-Object-Code/released_outputs/objects/ball_valve_with_quarter_turn_handle/ball_valve_with_quarter_turn_handle_000/generated.urdf,/mnt/zsn/data/particulate/datasets/Articulated-Object-Code/renders/uniform660_one_per_category_studio_256_v1/ball_valve_with_quarter_turn_handle/ball_valve_with_quarter_turn_handle_000/imgs/000.png,70543,e97a961f293a835623513f8528b0d07190e122336c6d7b2b0291349bb439b2c8,#eb4dcb
AR0039,bank_vault_safe_with,bank_vault_safe_with_000,38,/mnt/zsn/lyb/arti-skill/exp/Articulated-Object-Code/released_outputs/objects/bank_vault_safe_with/bank_vault_safe_with_000,/mnt/zsn/lyb/arti-skill/exp/Articulated-Object-Code/released_outputs/objects/bank_vault_safe_with/bank_vault_safe_with_000/generated.urdf,/mnt/zsn/data/particulate/datasets/Articulated-Object-Code/renders/uniform660_one_per_category_studio_256_v1/bank_vault_safe_with/bank_vault_safe_with_000/imgs/000.png,74419,933119cc50ee51d16f9fa1fbf4b00652495756e7e880b52d97f249d90e5342fa,#43ebdc
AR0040,bank_vault_safe_with_mechanical_combination_dial,bank_vault_safe_with_mechanical_combination_dial_000,39,/mnt/zsn/lyb/arti-skill/exp/Articulated-Object-Code/released_outputs/objects/bank_vault_safe_with_mechanical_combination_dial/bank_vault_safe_with_mechanical_combination_dial_000,/mnt/zsn/lyb/arti-skill/exp/Articulated-Object-Code/released_outputs/objects/bank_vault_safe_with_mechanical_combination_dial/bank_vault_safe_with_mechanical_combination_dial_000/generated.urdf,/mnt/zsn/data/particulate/datasets/Articulated-Object-Code/renders/uniform660_one_per_category_studio_256_v1/bank_vault_safe_with_mechanical_combination_dial/bank_vault_safe_with_mechanical_combination_dial_000/imgs/000.png,74297,791f2f59149f68d26ee7e0199fe7de65d607201b1ae9a0553bbddad05452870c,#eba738
AR0041,barber_chair_with_hydraulic_lift_and_reclining_b,barber_chair_with_hydraulic_lift_and_reclining_b_000,40,/mnt/zsn/lyb/arti-skill/exp/Articulated-Object-Code/released_outputs/objects/barber_chair_with_hydraulic_lift_and_reclining_b/barber_chair_with_hydraulic_lift_and_reclining_b_000,/mnt/zsn/lyb/arti-skill/exp/Articulated-Object-Code/released_outputs/objects/barber_chair_with_hydraulic_lift_and_reclining_b/barber_chair_with_hydraulic_lift_and_reclining_b_000/generated.urdf,/mnt/zsn/data/particulate/datasets/Articulated-Object-Code/renders/uniform660_one_per_category_studio_256_v1/barber_chair_with_hydraulic_lift_and_reclining_b/barber_chair_with_hydraulic_lift_and_reclining_b_000/imgs/000.png,73803,7fd656af882f58ee5258fd0bda3e9f0c93ede651e9567c9c69e0fb01b4a9060c,#704db8
AR0042,barn_style_sliding_door_with_decorative_hardware,barn_style_sliding_door_with_decorative_hardware_000,41,/mnt/zsn/lyb/arti-skill/exp/Articulated-Object-Code/released_outputs/objects/barn_style_sliding_door_with_decorative_hardware/barn_style_sliding_door_with_decorative_hardware_000,/mnt/zsn/lyb/arti-skill/exp/Articulated-Object-Code/released_outputs/objects/barn_style_sliding_door_with_decorative_hardware/barn_style_sliding_door_with_decorative_hardware_000/generated.urdf,/mnt/zsn/data/particulate/datasets/Articulated-Object-Code/renders/uniform660_one_per_category_studio_256_v1/barn_style_sliding_door_with_decorative_hardware/barn_style_sliding_door_with_decorative_hardware_000/imgs/000.png,68276,dd8c58f589c9910b2291489daad6ba6476a8bccedd72a1762b751e4009871e3e,#45b849
AR0043,bathroom_faucet_with_single_handle,bathroom_faucet_with_single_handle_000,42,/mnt/zsn/lyb/arti-skill/exp/Articulated-Object-Code/released_outputs/objects/bathroom_faucet_with_single_handle/bathroom_faucet_with_single_handle_000,/mnt/zsn/lyb/arti-skill/exp/Articulated-Object-Code/released_outputs/objects/bathroom_faucet_with_single_handle/bathroom_faucet_with_single_handle_000/generated.urdf,/mnt/zsn/data/particulate/datasets/Articulated-Object-Code/renders/uniform660_one_per_category_studio_256_v1/bathroom_faucet_with_single_handle/bathroom_faucet_with_single_handle_000/imgs/000.png,72310,4142a1f77bdb15d96dd5e70e390e23908b5deba32c8c92825cbb9dbf4a0ed7c6,#b83d5c
AR0044,bathroom_faucet_with_single_handle_lever_operati,bathroom_faucet_with_single_handle_lever_operati_000,43,/mnt/zsn/lyb/arti-skill/exp/Articulated-Object-Code/released_outputs/objects/bathroom_faucet_with_single_handle_lever_operati/bathroom_faucet_with_single_handle_lever_operati_000,/mnt/zsn/lyb/arti-skill/exp/Articulated-Object-Code/released_outputs/objects/bathroom_faucet_with_single_handle_lever_operati/bathroom_faucet_with_single_handle_lever_operati_000/generated.urdf,/mnt/zsn/data/particulate/datasets/Articulated-Object-Code/renders/uniform660_one_per_category_studio_256_v1/bathroom_faucet_with_single_handle_lever_operati/bathroom_faucet_with_single_handle_lever_operati_000/imgs/000.png,71710,004373631a5aa14aad7b4e9eab13aa83e56fbd32b9e3db9b6b0bd87e329f3aa1,#347cb8
AR0045,beautiful_ferris_wheel,beautiful_ferris_wheel_001,44,/mnt/zsn/lyb/arti-skill/exp/Articulated-Object-Code/released_outputs/objects/beautiful_ferris_wheel/beautiful_ferris_wheel_001,/mnt/zsn/lyb/arti-skill/exp/Articulated-Object-Code/released_outputs/objects/beautiful_ferris_wheel/beautiful_ferris_wheel_001/generated.urdf,/mnt/zsn/data/particulate/datasets/Articulated-Object-Code/renders/uniform660_one_per_category_studio_256_v1/beautiful_ferris_wheel/beautiful_ferris_wheel_001/imgs/000.png,75643,22a6feaf3fe48ecfabfd91a0e3cf3e4fa81b6fd413206390e8bf378ea240f379,#a1b82c
AR0046,beautiful_laptop_computer,beautiful_laptop_computer_004,45,/mnt/zsn/lyb/arti-skill/exp/Articulated-Object-Code/released_outputs/objects/beautiful_laptop_computer/beautiful_laptop_computer_004,/mnt/zsn/lyb/arti-skill/exp/Articulated-Object-Code/released_outputs/objects/beautiful_laptop_computer/beautiful_laptop_computer_004/generated.urdf,/mnt/zsn/data/particulate/datasets/Articulated-Object-Code/renders/uniform660_one_per_category_studio_256_v1/beautiful_laptop_computer/beautiful_laptop_computer_004/imgs/000.png,69949,7dc76a1707420e0fc18e6f6ed2c2ce282cb34d4a994787b37e0b90e63cc42e0b,#b954c9
AR0047,bench_grinder_with_tool_rest_and_eye_shield,bench_grinder_with_tool_rest_and_eye_shield_000,46,/mnt/zsn/lyb/arti-skill/exp/Articulated-Object-Code/released_outputs/objects/bench_grinder_with_tool_rest_and_eye_shield/bench_grinder_with_tool_rest_and_eye_shield_000,/mnt/zsn/lyb/arti-skill/exp/Articulated-Object-Code/released_outputs/objects/bench_grinder_with_tool_rest_and_eye_shield/bench_grinder_with_tool_rest_and_eye_shield_000/generated.urdf,/mnt/zsn/data/particulate/datasets/Articulated-Object-Code/renders/uniform660_one_per_category_studio_256_v1/bench_grinder_with_tool_rest_and_eye_shield/bench_grinder_with_tool_rest_and_eye_shield_000/imgs/000.png,73814,df81f0258f453fab37d5336c4a810ecd4c14ca8a88a7f5faa8fd300a5a9e8531,#4bc994
AR0048,bench_vise_with_swiveling,bench_vise_with_swiveling_000,47,/mnt/zsn/lyb/arti-skill/exp/Articulated-Object-Code/released_outputs/objects/bench_vise_with_swiveling/bench_vise_with_swiveling_000,/mnt/zsn/lyb/arti-skill/exp/Articulated-Object-Code/released_outputs/objects/bench_vise_with_swiveling/bench_vise_with_swiveling_000/generated.urdf,/mnt/zsn/data/particulate/datasets/Articulated-Object-Code/renders/uniform660_one_per_category_studio_256_v1/bench_vise_with_swiveling/bench_vise_with_swiveling_000/imgs/000.png,72246,97ffe4b7b0a9eb075a9a6331e0fa335d4b920eefb3ca9ceb00ed7ba600ae86a2,#c96942
AR0049,bench_vise_with_swiveling_base_and_pipe_jaw_atta,bench_vise_with_swiveling_base_and_pipe_jaw_atta_000,48,/mnt/zsn/lyb/arti-skill/exp/Articulated-Object-Code/released_outputs/objects/bench_vise_with_swiveling_base_and_pipe_jaw_atta/bench_vise_with_swiveling_base_and_pipe_jaw_atta_000,/mnt/zsn/lyb/arti-skill/exp/Articulated-Object-Code/released_outputs/objects/bench_vise_with_swiveling_base_and_pipe_jaw_atta/bench_vise_with_swiveling_base_and_pipe_jaw_atta_000/generated.urdf,/mnt/zsn/data/particulate/datasets/Articulated-Object-Code/renders/uniform660_one_per_category_studio_256_v1/bench_vise_with_swiveling_base_and_pipe_jaw_atta/bench_vise_with_swiveling_base_and_pipe_jaw_atta_000/imgs/000.png,73326,e30c46387a2bdb154d62380a4a651c662e22d58989260ea8b3268834c3ddf817,#393ac9
AR0050,bevel_gear_pair_with_perpendicular_shafts,bevel_gear_pair_with_perpendicular_shafts_000,49,/mnt/zsn/lyb/arti-skill/exp/Articulated-Object-Code/released_outputs/objects/bevel_gear_pair_with_perpendicular_shafts/bevel_gear_pair_with_perpendicular_shafts_000,/mnt/zsn/lyb/arti-skill/exp/Articulated-Object-Code/released_outputs/objects/bevel_gear_pair_with_perpendicular_shafts/bevel_gear_pair_with_perpendicular_shafts_000/generated.urdf,/mnt/zsn/data/particulate/datasets/Articulated-Object-Code/renders/uniform660_one_per_category_studio_256_v1/bevel_gear_pair_with_perpendicular_shafts/bevel_gear_pair_with_perpendicular_shafts_000/imgs/000.png,74472,f01d3c860453f3a07d0245080ab37ec10d9479bf81c93d0dc59760b91146e1f3,#5ec930
AR0051,bi_fold_closet_door_system,bi_fold_closet_door_system_002,50,/mnt/zsn/lyb/arti-skill/exp/Articulated-Object-Code/released_outputs/objects/bi_fold_closet_door_system/bi_fold_closet_door_system_002,/mnt/zsn/lyb/arti-skill/exp/Articulated-Object-Code/released_outputs/objects/bi_fold_closet_door_system/bi_fold_closet_door_system_002/generated.urdf,/mnt/zsn/data/particulate/datasets/Articulated-Object-Code/renders/uniform660_one_per_category_studio_256_v1/bi_fold_closet_door_system/bi_fold_closet_door_system_002/imgs/000.png,69306,a1eaf97b914ba71dfdfaed197d5f3b5bb9c2fe61c6fe382fc1f45c626748f248,#da5ba6
AR0052,bicycle,bicycle_001,51,/mnt/zsn/lyb/arti-skill/exp/Articulated-Object-Code/released_outputs/objects/bicycle/bicycle_001,/mnt/zsn/lyb/arti-skill/exp/Articulated-Object-Code/released_outputs/objects/bicycle/bicycle_001/generated.urdf,/mnt/zsn/data/particulate/datasets/Articulated-Object-Code/renders/uniform660_one_per_category_studio_256_v1/bicycle/bicycle_001/imgs/000.png,72901,8f5f8bc8b23af81af7e6e44640548d04e642e4f73087c08268874d98ba1339da,#52c9da
AR0053,bicycle_bell_with_spring_hammer,bicycle_bell_with_spring_hammer_000,52,/mnt/zsn/lyb/arti-skill/exp/Articulated-Object-Code/released_outputs/objects/bicycle_bell_with_spring_hammer/bicycle_bell_with_spring_hammer_000,/mnt/zsn/lyb/arti-skill/exp/Articulated-Object-Code/released_outputs/objects/bicycle_bell_with_spring_hammer/bicycle_bell_with_spring_hammer_000/generated.urdf,/mnt/zsn/data/particulate/datasets/Articulated-Object-Code/renders/uniform660_one_per_category_studio_256_v1/bicycle_bell_with_spring_hammer/bicycle_bell_with_spring_hammer_000/imgs/000.png,71424,4e1e99da180a4a35212258d390bc46db795dee3abf594ba3b3e63da085b0ccc6,#dac048
AR0054,bicycle_brake_caliper_with_pivot_arms,bicycle_brake_caliper_with_pivot_arms_000,53,/mnt/zsn/lyb/arti-skill/exp/Articulated-Object-Code/released_outputs/objects/bicycle_brake_caliper_with_pivot_arms/bicycle_brake_caliper_with_pivot_arms_000,/mnt/zsn/lyb/arti-skill/exp/Articulated-Object-Code/released_outputs/objects/bicycle_brake_caliper_with_pivot_arms/bicycle_brake_caliper_with_pivot_arms_000/generated.urdf,/mnt/zsn/data/particulate/datasets/Articulated-Object-Code/renders/uniform660_one_per_category_studio_256_v1/bicycle_brake_caliper_with_pivot_arms/bicycle_brake_caliper_with_pivot_arms_000/imgs/000.png,71289,d9195147947c773d0fe9019f6a50ed57dca936035d09c46ff20d5b61e338df2f,#913eda
AR0055,bicycle_chain,bicycle_chain_020,54,/mnt/zsn/lyb/arti-skill/exp/Articulated-Object-Code/released_outputs/objects/bicycle_chain/bicycle_chain_020,/mnt/zsn/lyb/arti-skill/exp/Articulated-Object-Code/released_outputs/objects/bicycle_chain/bicycle_chain_020/generated.urdf,/mnt/zsn/data/particulate/datasets/Articulated-Object-Code/renders/uniform660_one_per_category_studio_256_v1/bicycle_chain/bicycle_chain_020/imgs/000.png,70515,bf4534dd8337f42b62c1c6a22618310a54d73dbd6469bb43b79c6c22b301f359,#34da5c
AR0056,bicycle_chain_is_composed,bicycle_chain_is_composed_003,55,/mnt/zsn/lyb/arti-skill/exp/Articulated-Object-Code/released_outputs/objects/bicycle_chain_is_composed/bicycle_chain_is_composed_003,/mnt/zsn/lyb/arti-skill/exp/Articulated-Object-Code/released_outputs/objects/bicycle_chain_is_composed/bicycle_chain_is_composed_003/generated.urdf,/mnt/zsn/data/particulate/datasets/Articulated-Object-Code/renders/uniform660_one_per_category_studio_256_v1/bicycle_chain_is_composed/bicycle_chain_is_composed_003/imgs/000.png,73804,0ae06297347aac588ea6ad7855554f9820129c6e050dc58a50b1a0be642c7862,#eb6369
AR0057,bicycle_chain_is_composed_of_many_interconnected,bicycle_chain_is_composed_of_many_interconnected_000,56,/mnt/zsn/lyb/arti-skill/exp/Articulated-Object-Code/released_outputs/objects/bicycle_chain_is_composed_of_many_interconnected/bicycle_chain_is_composed_of_many_interconnected_000,/mnt/zsn/lyb/arti-skill/exp/Articulated-Object-Code/released_outputs/objects/bicycle_chain_is_composed_of_many_interconnected/bicycle_chain_is_composed_of_many_interconnected_000/generated.urdf,/mnt/zsn/data/particulate/datasets/Articulated-Object-Code/renders/uniform660_one_per_category_studio_256_v1/bicycle_chain_is_composed_of_many_interconnected/bicycle_chain_is_composed_of_many_interconnected_000/imgs/000.png,68983,156aae0404c8adaec7280bd9c3318863b40f613fcacb446a28f02db6d974a565,#588aeb
AR0058,bicycle_derailleur_with_parallelogram_linkage,bicycle_derailleur_with_parallelogram_linkage_000,57,/mnt/zsn/lyb/arti-skill/exp/Articulated-Object-Code/released_outputs/objects/bicycle_derailleur_with_parallelogram_linkage/bicycle_derailleur_with_parallelogram_linkage_000,/mnt/zsn/lyb/arti-skill/exp/Articulated-Object-Code/released_outputs/objects/bicycle_derailleur_with_parallelogram_linkage/bicycle_derailleur_with_parallelogram_linkage_000/generated.urdf,/mnt/zsn/data/particulate/datasets/Articulated-Object-Code/renders/uniform660_one_per_category_studio_256_v1/bicycle_derailleur_with_parallelogram_linkage/bicycle_derailleur_with_parallelogram_linkage_000/imgs/000.png,71206,fd815ee24c0eb013c7f2a92f86eac53405ecd5c6f8244db7c888210566b7f4ef,#b1eb4d
AR0059,bicycle_handlebar_end_shifter_with_lever,bicycle_handlebar_end_shifter_with_lever_000,58,/mnt/zsn/lyb/arti-skill/exp/Articulated-Object-Code/released_outputs/objects/bicycle_handlebar_end_shifter_with_lever/bicycle_handlebar_end_shifter_with_lever_000,/mnt/zsn/lyb/arti-skill/exp/Articulated-Object-Code/released_outputs/objects/bicycle_handlebar_end_shifter_with_lever/bicycle_handlebar_end_shifter_with_lever_000/generated.urdf,/mnt/zsn/data/particulate/datasets/Articulated-Object-Code/renders/uniform660_one_per_category_studio_256_v1/bicycle_handlebar_end_shifter_with_lever/bicycle_handlebar_end_shifter_with_lever_000/imgs/000.png,71912,8ea04cd08e38968f7d2d52611596965294ff32144b764fe8b23d53bd982ff998,#eb43de
AR0060,bicycle_headset_with_bearing_cups_and_lockring,bicycle_headset_with_bearing_cups_and_lockring_000,59,/mnt/zsn/lyb/arti-skill/exp/Articulated-Object-Code/released_outputs/objects/bicycle_headset_with_bearing_cups_and_lockring/bicycle_headset_with_bearing_cups_and_lockring_000,/mnt/zsn/lyb/arti-skill/exp/Articulated-Object-Code/released_outputs/objects/bicycle_headset_with_bearing_cups_and_lockring/bicycle_headset_with_bearing_cups_and_lockring_000/generated.urdf,/mnt/zsn/data/particulate/datasets/Articulated-Object-Code/renders/uniform660_one_per_category_studio_256_v1/bicycle_headset_with_bearing_cups_and_lockring/bicycle_headset_with_bearing_cups_and_lockring_000/imgs/000.png,72988,233e2e8ea8efc99904421b280a5c63fa06ed4df3b1111083eed201fcf7739867,#38ebc4
AR0061,bicycle_kickstand_with_spring_return,bicycle_kickstand_with_spring_return_000,60,/mnt/zsn/lyb/arti-skill/exp/Articulated-Object-Code/released_outputs/objects/bicycle_kickstand_with_spring_return/bicycle_kickstand_with_spring_return_000,/mnt/zsn/lyb/arti-skill/exp/Articulated-Object-Code/released_outputs/objects/bicycle_kickstand_with_spring_return/bicycle_kickstand_with_spring_return_000/generated.urdf,/mnt/zsn/data/particulate/datasets/Articulated-Object-Code/renders/uniform660_one_per_category_studio_256_v1/bicycle_kickstand_with_spring_return/bicycle_kickstand_with_spring_return_000/imgs/000.png,68881,44d71449193984290be17c958a7382b49602900fcee84af23f46046389290083,#b8824d
AR0062,bicycle_pump_with_handle_and_pressure_gauge,bicycle_pump_with_handle_and_pressure_gauge_000,61,/mnt/zsn/lyb/arti-skill/exp/Articulated-Object-Code/released_outputs/objects/bicycle_pump_with_handle_and_pressure_gauge/bicycle_pump_with_handle_and_pressure_gauge_000,/mnt/zsn/lyb/arti-skill/exp/Articulated-Object-Code/released_outputs/objects/bicycle_pump_with_handle_and_pressure_gauge/bicycle_pump_with_handle_and_pressure_gauge_000/generated.urdf,/mnt/zsn/data/particulate/datasets/Articulated-Object-Code/renders/uniform660_one_per_category_studio_256_v1/bicycle_pump_with_handle_and_pressure_gauge/bicycle_pump_with_handle_and_pressure_gauge_000/imgs/000.png,68766,7e419bd8d0dde41ea0e020f27fd228537bc897cd05c0b78fa9c33a253b2be4d8,#5c45b8
AR0063,bicycle_quick_release_skewer_mechanism,bicycle_quick_release_skewer_mechanism_000,62,/mnt/zsn/lyb/arti-skill/exp/Articulated-Object-Code/released_outputs/objects/bicycle_quick_release_skewer_mechanism/bicycle_quick_release_skewer_mechanism_000,/mnt/zsn/lyb/arti-skill/exp/Articulated-Object-Code/released_outputs/objects/bicycle_quick_release_skewer_mechanism/bicycle_quick_release_skewer_mechanism_000/generated.urdf,/mnt/zsn/data/particulate/datasets/Articulated-Object-Code/renders/uniform660_one_per_category_studio_256_v1/bicycle_quick_release_skewer_mechanism/bicycle_quick_release_skewer_mechanism_000/imgs/000.png,70733,a5b429da844fb457a94c900a25bfc180990d06243873ce2774b03d3ae95f5a2c,#48b83d
AR0064,bicycle_seatpost_with_micro_adjust_clamp,bicycle_seatpost_with_micro_adjust_clamp_000,63,/mnt/zsn/lyb/arti-skill/exp/Articulated-Object-Code/released_outputs/objects/bicycle_seatpost_with_micro_adjust_clamp/bicycle_seatpost_with_micro_adjust_clamp_000,/mnt/zsn/lyb/arti-skill/exp/Articulated-Object-Code/released_outputs/objects/bicycle_seatpost_with_micro_adjust_clamp/bicycle_seatpost_with_micro_adjust_clamp_000/generated.urdf,/mnt/zsn/data/particulate/datasets/Articulated-Object-Code/renders/uniform660_one_per_category_studio_256_v1/bicycle_seatpost_with_micro_adjust_clamp/bicycle_seatpost_with_micro_adjust_clamp_000/imgs/000.png,69498,567fe7eab5064997534ee8c8b7f9c7a7a8dd282c163421398c4c1dedab667ef0,#b83467
AR0065,bicycle_stem_with_angle_adjustment,bicycle_stem_with_angle_adjustment_000,64,/mnt/zsn/lyb/arti-skill/exp/Articulated-Object-Code/released_outputs/objects/bicycle_stem_with_angle_adjustment/bicycle_stem_with_angle_adjustment_000,/mnt/zsn/lyb/arti-skill/exp/Articulated-Object-Code/released_outputs/objects/bicycle_stem_with_angle_adjustment/bicycle_stem_with_angle_adjustment_000/generated.urdf,/mnt/zsn/data/particulate/datasets/Articulated-Object-Code/renders/uniform660_one_per_category_studio_256_v1/bicycle_stem_with_angle_adjustment/bicycle_stem_with_angle_adjustment_000/imgs/000.png,74160,458838211d20c766ca8a08d1564ae522cc41ea61aea9491b6379ff84953b28fa,#2c8ab8
AR0066,bicycle_wheel,bicycle_wheel_009,65,/mnt/zsn/lyb/arti-skill/exp/Articulated-Object-Code/released_outputs/objects/bicycle_wheel/bicycle_wheel_009,/mnt/zsn/lyb/arti-skill/exp/Articulated-Object-Code/released_outputs/objects/bicycle_wheel/bicycle_wheel_009/generated.urdf,/mnt/zsn/data/particulate/datasets/Articulated-Object-Code/renders/uniform660_one_per_category_studio_256_v1/bicycle_wheel/bicycle_wheel_009/imgs/000.png,71032,ad40719fd48689d393dab234327f7c08305c92244621c236b1fbb8cbc028b4ff,#c5c954
AR0067,blender,blender_010,66,/mnt/zsn/lyb/arti-skill/exp/Articulated-Object-Code/released_outputs/objects/blender/blender_010,/mnt/zsn/lyb/arti-skill/exp/Articulated-Object-Code/released_outputs/objects/blender/blender_010/generated.urdf,/mnt/zsn/data/particulate/datasets/Articulated-Object-Code/renders/uniform660_one_per_category_studio_256_v1/blender/blender_010/imgs/000.png,74461,f43e833e4bdbbb706f30039fb9277403b4e47f3ddc1189912e41b1fe58172725,#a84bc9
AR0068,blood_pressure_cuff_with_squeeze_bulb_and_valve,blood_pressure_cuff_with_squeeze_bulb_and_valve_000,67,/mnt/zsn/lyb/arti-skill/exp/Articulated-Object-Code/released_outputs/objects/blood_pressure_cuff_with_squeeze_bulb_and_valve/blood_pressure_cuff_with_squeeze_bulb_and_valve_000,/mnt/zsn/lyb/arti-skill/exp/Articulated-Object-Code/released_outputs/objects/blood_pressure_cuff_with_squeeze_bulb_and_valve/blood_pressure_cuff_with_squeeze_bulb_and_valve_000/generated.urdf,/mnt/zsn/data/particulate/datasets/Articulated-Object-Code/renders/uniform660_one_per_category_studio_256_v1/blood_pressure_cuff_with_squeeze_bulb_and_valve/blood_pressure_cuff_with_squeeze_bulb_and_valve_000/imgs/000.png,66792,947699f55a93fbf8cd2e070c70d6738634c78aab2d99e967aed258ce9404d832,#42c97f
AR0069,boat_anchor_windlass_with_chain_gypsy,boat_anchor_windlass_with_chain_gypsy_000,68,/mnt/zsn/lyb/arti-skill/exp/Articulated-Object-Code/released_outputs/objects/boat_anchor_windlass_with_chain_gypsy/boat_anchor_windlass_with_chain_gypsy_000,/mnt/zsn/lyb/arti-skill/exp/Articulated-Object-Code/released_outputs/objects/boat_anchor_windlass_with_chain_gypsy/boat_anchor_windlass_with_chain_gypsy_000/generated.urdf,/mnt/zsn/data/particulate/datasets/Articulated-Object-Code/renders/uniform660_one_per_category_studio_256_v1/boat_anchor_windlass_with_chain_gypsy/boat_anchor_windlass_with_chain_gypsy_000/imgs/000.png,70881,8e13c10d1d8d1f913a3052815dd4360ee65da3c70fb0b55b4fc30b6dc4321fcb,#c95039
AR0070,bookshelf,bookshelf_000,69,/mnt/zsn/lyb/arti-skill/exp/Articulated-Object-Code/released_outputs/objects/bookshelf/bookshelf_000,/mnt/zsn/lyb/arti-skill/exp/Articulated-Object-Code/released_outputs/objects/bookshelf/bookshelf_000/generated.urdf,/mnt/zsn/data/particulate/datasets/Articulated-Object-Code/renders/uniform660_one_per_category_studio_256_v1/bookshelf/bookshelf_000/imgs/000.png,71397,d68e36a5005d8696eff6271c0b9ce81aedb788f0aae70fa9d39e8d6e5e6386d7,#3045c9
AR0071,bottle,bottle_016,70,/mnt/zsn/lyb/arti-skill/exp/Articulated-Object-Code/released_outputs/objects/bottle/bottle_016,/mnt/zsn/lyb/arti-skill/exp/Articulated-Object-Code/released_outputs/objects/bottle/bottle_016/generated.urdf,/mnt/zsn/data/particulate/datasets/Articulated-Object-Code/renders/uniform660_one_per_category_studio_256_v1/bottle/bottle_016/imgs/000.png,72931,987df3d6c09dfe5c7713cb0ae33b5630161ccde4020e5b9cd7722c12551401b8,#91da5b
AR0072,bottle_jack_featuring_hydraulic,bottle_jack_featuring_hydraulic_000,71,/mnt/zsn/lyb/arti-skill/exp/Articulated-Object-Code/released_outputs/objects/bottle_jack_featuring_hydraulic/bottle_jack_featuring_hydraulic_000,/mnt/zsn/lyb/arti-skill/exp/Articulated-Object-Code/released_outputs/objects/bottle_jack_featuring_hydraulic/bottle_jack_featuring_hydraulic_000/generated.urdf,/mnt/zsn/data/particulate/datasets/Articulated-Object-Code/renders/uniform660_one_per_category_studio_256_v1/bottle_jack_featuring_hydraulic/bottle_jack_featuring_hydraulic_000/imgs/000.png,71264,2c4ab3a131bfce0b0c7590ff8b587d1aa59545bc8f57ccb846aeb2168f124af7,#da52b3
AR0073,bow_compass_for_large_circles,bow_compass_for_large_circles_000,72,/mnt/zsn/lyb/arti-skill/exp/Articulated-Object-Code/released_outputs/objects/bow_compass_for_large_circles/bow_compass_for_large_circles_000,/mnt/zsn/lyb/arti-skill/exp/Articulated-Object-Code/released_outputs/objects/bow_compass_for_large_circles/bow_compass_for_large_circles_000/generated.urdf,/mnt/zsn/data/particulate/datasets/Articulated-Object-Code/renders/uniform660_one_per_category_studio_256_v1/bow_compass_for_large_circles/bow_compass_for_large_circles_000/imgs/000.png,69648,cb4fd8d3cd0e113e38d4e94dc50b777d7721917068bb1fb51c5ed0009338cb9d,#48dad8
AR0074,bread_slicer_with_guide_frame_and_cutting_blade,bread_slicer_with_guide_frame_and_cutting_blade_000,73,/mnt/zsn/lyb/arti-skill/exp/Articulated-Object-Code/released_outputs/objects/bread_slicer_with_guide_frame_and_cutting_blade/bread_slicer_with_guide_frame_and_cutting_blade_000,/mnt/zsn/lyb/arti-skill/exp/Articulated-Object-Code/released_outputs/objects/bread_slicer_with_guide_frame_and_cutting_blade/bread_slicer_with_guide_frame_and_cutting_blade_000/generated.urdf,/mnt/zsn/data/particulate/datasets/Articulated-Object-Code/renders/uniform660_one_per_category_studio_256_v1/bread_slicer_with_guide_frame_and_cutting_blade/bread_slicer_with_guide_frame_and_cutting_blade_000/imgs/000.png,74500,63fd8895f070948b2301c2fde83797014ffe07dc19de35cefc7225f22c94f861,#daab3e
AR0075,built_in_dishwasher_with_sliding_racks,built_in_dishwasher_with_sliding_racks_000,74,/mnt/zsn/lyb/arti-skill/exp/Articulated-Object-Code/released_outputs/objects/built_in_dishwasher_with_sliding_racks/built_in_dishwasher_with_sliding_racks_000,/mnt/zsn/lyb/arti-skill/exp/Articulated-Object-Code/released_outputs/objects/built_in_dishwasher_with_sliding_racks/built_in_dishwasher_with_sliding_racks_000/generated.urdf,/mnt/zsn/data/particulate/datasets/Articulated-Object-Code/renders/uniform660_one_per_category_studio_256_v1/built_in_dishwasher_with_sliding_racks/built_in_dishwasher_with_sliding_racks_000/imgs/000.png,74346,3767a80e146c4cbd4ec4834364a4729dfddd6922d95b58eafb29c583d9ddc310,#7834da
AR0076,butterfly_valve_with_lever_operator,butterfly_valve_with_lever_operator_000,75,/mnt/zsn/lyb/arti-skill/exp/Articulated-Object-Code/released_outputs/objects/butterfly_valve_with_lever_operator/butterfly_valve_with_lever_operator_000,/mnt/zsn/lyb/arti-skill/exp/Articulated-Object-Code/released_outputs/objects/butterfly_valve_with_lever_operator/butterfly_valve_with_lever_operator_000/generated.urdf,/mnt/zsn/data/particulate/datasets/Articulated-Object-Code/renders/uniform660_one_per_category_studio_256_v1/butterfly_valve_with_lever_operator/butterfly_valve_with_lever_operator_000/imgs/000.png,71053,32da6fb6b87baea41bf42123a3a5c3a5dd519b3a88a8ce8e62d1e05c5a0f5bdd,#63eb72
AR0077,cabinet_door,cabinet_door_031,76,/mnt/zsn/lyb/arti-skill/exp/Articulated-Object-Code/released_outputs/objects/cabinet_door/cabinet_door_031,/mnt/zsn/lyb/arti-skill/exp/Articulated-Object-Code/released_outputs/objects/cabinet_door/cabinet_door_031/generated.urdf,/mnt/zsn/data/particulate/datasets/Articulated-Object-Code/renders/uniform660_one_per_category_studio_256_v1/cabinet_door/cabinet_door_031/imgs/000.png,69625,65df3b9c1952923f8b0f8a730ad0493bfbf186787d03e23f568d69e3f5edd5f4,#eb5872
AR0078,cabinet_soft_close_hinge,cabinet_soft_close_hinge_000,77,/mnt/zsn/lyb/arti-skill/exp/Articulated-Object-Code/released_outputs/objects/cabinet_soft_close_hinge/cabinet_soft_close_hinge_000,/mnt/zsn/lyb/arti-skill/exp/Articulated-Object-Code/released_outputs/objects/cabinet_soft_close_hinge/cabinet_soft_close_hinge_000/generated.urdf,/mnt/zsn/data/particulate/datasets/Articulated-Object-Code/renders/uniform660_one_per_category_studio_256_v1/cabinet_soft_close_hinge/cabinet_soft_close_hinge_000/imgs/000.png,71199,b13a2971f146fec5f9d4ece0d704138b85452d3dd752b272b81e293e5b15ddf4,#4d97eb
AR0079,cabinet_with_a_drawer,cabinet_with_a_drawer_031,78,/mnt/zsn/lyb/arti-skill/exp/Articulated-Object-Code/released_outputs/objects/cabinet_with_a_drawer/cabinet_with_a_drawer_031,/mnt/zsn/lyb/arti-skill/exp/Articulated-Object-Code/released_outputs/objects/cabinet_with_a_drawer/cabinet_with_a_drawer_031/generated.urdf,/mnt/zsn/data/particulate/datasets/Articulated-Object-Code/renders/uniform660_one_per_category_studio_256_v1/cabinet_with_a_drawer/cabinet_with_a_drawer_031/imgs/000.png,73316,750ae1c785ae5f6fd979e97b9d5f042175498fd7ea4792386150c84e323b40b8,#c2eb43
AR0080,cabinet_with_five_drawers,cabinet_with_five_drawers_018,79,/mnt/zsn/lyb/arti-skill/exp/Articulated-Object-Code/released_outputs/objects/cabinet_with_five_drawers/cabinet_with_five_drawers_018,/mnt/zsn/lyb/arti-skill/exp/Articulated-Object-Code/released_outputs/objects/cabinet_with_five_drawers/cabinet_with_five_drawers_018/generated.urdf,/mnt/zsn/data/particulate/datasets/Articulated-Object-Code/renders/uniform660_one_per_category_studio_256_v1/cabinet_with_five_drawers/cabinet_with_five_drawers_018/imgs/000.png,72335,3950ab96d7f19127c52f82173ae0eeb963554de3c7ab44aacc1a105a92e1b4e4,#e138eb
AR0081,cabinet_with_three_drawers,cabinet_with_three_drawers_040,80,/mnt/zsn/lyb/arti-skill/exp/Articulated-Object-Code/released_outputs/objects/cabinet_with_three_drawers/cabinet_with_three_drawers_040,/mnt/zsn/lyb/arti-skill/exp/Articulated-Object-Code/released_outputs/objects/cabinet_with_three_drawers/cabinet_with_three_drawers_040/generated.urdf,/mnt/zsn/data/particulate/datasets/Articulated-Object-Code/renders/uniform660_one_per_category_studio_256_v1/cabinet_with_three_drawers/cabinet_with_three_drawers_040/imgs/000.png,74356,b6aa273b02e33da12e2fdf17566270f955a0da2c4fdc50eee45bf838b01755d5,#4db893
AR0082,cabinet_with_two_drawers,cabinet_with_two_drawers_054,81,/mnt/zsn/lyb/arti-skill/exp/Articulated-Object-Code/released_outputs/objects/cabinet_with_two_drawers/cabinet_with_two_drawers_054,/mnt/zsn/lyb/arti-skill/exp/Articulated-Object-Code/released_outputs/objects/cabinet_with_two_drawers/cabinet_with_two_drawers_054/generated.urdf,/mnt/zsn/data/particulate/datasets/Articulated-Object-Code/renders/uniform660_one_per_category_studio_256_v1/cabinet_with_two_drawers/cabinet_with_two_drawers_054/imgs/000.png,73191,504a9e22850ca83fb24f9a6c13fbf475077296c790b71cc6398465cdb7c3f7cf,#b86f45
AR0083,cabinet_with_two_drawers_two_door,cabinet_with_two_drawers_two_door_000,82,/mnt/zsn/lyb/arti-skill/exp/Articulated-Object-Code/released_outputs/objects/cabinet_with_two_drawers_two_door/cabinet_with_two_drawers_two_door_000,/mnt/zsn/lyb/arti-skill/exp/Articulated-Object-Code/released_outputs/objects/cabinet_with_two_drawers_two_door/cabinet_with_two_drawers_two_door_000/generated.urdf,/mnt/zsn/data/particulate/datasets/Articulated-Object-Code/renders/uniform660_one_per_category_studio_256_v1/cabinet_with_two_drawers_two_door/cabinet_with_two_drawers_two_door_000/imgs/000.png,71559,b5507877fd35f039d568bb0e54e6deb737252bed9de1e8060c800f80278973d2,#463db8
AR0084,caliper,caliper_003,83,/mnt/zsn/lyb/arti-skill/exp/Articulated-Object-Code/released_outputs/objects/caliper/caliper_003,/mnt/zsn/lyb/arti-skill/exp/Articulated-Object-Code/released_outputs/objects/caliper/caliper_003/generated.urdf,/mnt/zsn/data/particulate/datasets/Articulated-Object-Code/renders/uniform660_one_per_category_studio_256_v1/caliper/caliper_003/imgs/000.png,69730,bf9208016ca9b7317c5cce8fa64cd6228a94a4987bcf1ec9fa075e2d350626ad,#51b834
AR0085,camera,camera_005,84,/mnt/zsn/lyb/arti-skill/exp/Articulated-Object-Code/released_outputs/objects/camera/camera_005,/mnt/zsn/lyb/arti-skill/exp/Articulated-Object-Code/released_outputs/objects/camera/camera_005/generated.urdf,/mnt/zsn/data/particulate/datasets/Articulated-Object-Code/renders/uniform660_one_per_category_studio_256_v1/camera/camera_005/imgs/000.png,74578,095b2620626607d69ae716505f3167a6514f222c7667bd8ca9388f58aea34251,#b82c73
AR0086,camera_lens_with_manual_aperture_ring,camera_lens_with_manual_aperture_ring_000,85,/mnt/zsn/lyb/arti-skill/exp/Articulated-Object-Code/released_outputs/objects/camera_lens_with_manual_aperture_ring/camera_lens_with_manual_aperture_ring_000,/mnt/zsn/lyb/arti-skill/exp/Articulated-Object-Code/released_outputs/objects/camera_lens_with_manual_aperture_ring/camera_lens_with_manual_aperture_ring_000/generated.urdf,/mnt/zsn/data/particulate/datasets/Articulated-Object-Code/renders/uniform660_one_per_category_studio_256_v1/camera_lens_with_manual_aperture_ring/camera_lens_with_manual_aperture_ring_000/imgs/000.png,73258,d341b1998ce0a9b36012e9f7fca66ffb1000e4680ad31846e8ba86a7ed04a69c,#54b2c9
AR0087,car,car_041,86,/mnt/zsn/lyb/arti-skill/exp/Articulated-Object-Code/released_outputs/objects/car/car_041,/mnt/zsn/lyb/arti-skill/exp/Articulated-Object-Code/released_outputs/objects/car/car_041/generated.urdf,/mnt/zsn/data/particulate/datasets/Articulated-Object-Code/renders/uniform660_one_per_category_studio_256_v1/car/car_041/imgs/000.png,73940,3307e3d22c8fa458f04bead88a2ff31f9b56dde1d060e62604fc6d7136a62d6d,#c9bd4b
AR0088,car_door,car_door_006,87,/mnt/zsn/lyb/arti-skill/exp/Articulated-Object-Code/released_outputs/objects/car_door/car_door_006,/mnt/zsn/lyb/arti-skill/exp/Articulated-Object-Code/released_outputs/objects/car_door/car_door_006/generated.urdf,/mnt/zsn/data/particulate/datasets/Articulated-Object-Code/renders/uniform660_one_per_category_studio_256_v1/car_door/car_door_006/imgs/000.png,68881,3858ad83a7257e9f0f63d6dfe3c482b51ca6dcfbb89f2dff7f916fa0d16de54f,#9542c9
AR0089,car_door_consists_of,car_door_consists_of_009,88,/mnt/zsn/lyb/arti-skill/exp/Articulated-Object-Code/released_outputs/objects/car_door_consists_of/car_door_consists_of_009,/mnt/zsn/lyb/arti-skill/exp/Articulated-Object-Code/released_outputs/objects/car_door_consists_of/car_door_consists_of_009/generated.urdf,/mnt/zsn/data/particulate/datasets/Articulated-Object-Code/renders/uniform660_one_per_category_studio_256_v1/car_door_consists_of/car_door_consists_of_009/imgs/000.png,73764,6eb1f19d5c31075a0215485f719dbda3664b475e4c59e6280adbee861b66a6e0,#39c967
AR0090,car_door_equipped_with_safety,car_door_equipped_with_safety_002,89,/mnt/zsn/lyb/arti-skill/exp/Articulated-Object-Code/released_outputs/objects/car_door_equipped_with_safety/car_door_equipped_with_safety_002,/mnt/zsn/lyb/arti-skill/exp/Articulated-Object-Code/released_outputs/objects/car_door_equipped_with_safety/car_door_equipped_with_safety_002/generated.urdf,/mnt/zsn/data/particulate/datasets/Articulated-Object-Code/renders/uniform660_one_per_category_studio_256_v1/car_door_equipped_with_safety/car_door_equipped_with_safety_002/imgs/000.png,74388,843f394dc42d61435949cc487ca89a5f9e86a26ef33ebec69d7a7d68782df5bd,#c93530
AR0091,car_door_equipped_with_safety_locks_and_weather_se,car_door_equipped_with_safety_locks_and_weather_se_000,90,/mnt/zsn/lyb/arti-skill/exp/Articulated-Object-Code/released_outputs/objects/car_door_equipped_with_safety_locks_and_weather_se/car_door_equipped_with_safety_locks_and_weather_se_000,/mnt/zsn/lyb/arti-skill/exp/Articulated-Object-Code/released_outputs/objects/car_door_equipped_with_safety_locks_and_weather_se/car_door_equipped_with_safety_locks_and_weather_se_000/generated.urdf,/mnt/zsn/data/particulate/datasets/Articulated-Object-Code/renders/uniform660_one_per_category_studio_256_v1/car_door_equipped_with_safety_locks_and_weather_se/car_door_equipped_with_safety_locks_and_weather_se_000/imgs/000.png,71023,0ccb79df07a9b3b10b652e50b2d3fc8160f7cc59c6bf60c0bab09a0631102977,#5b7cda
AR0092,car_hood_bonnet_or,car_hood_bonnet_or_010,91,/mnt/zsn/lyb/arti-skill/exp/Articulated-Object-Code/released_outputs/objects/car_hood_bonnet_or/car_hood_bonnet_or_010,/mnt/zsn/lyb/arti-skill/exp/Articulated-Object-Code/released_outputs/objects/car_hood_bonnet_or/car_hood_bonnet_or_010/generated.urdf,/mnt/zsn/data/particulate/datasets/Articulated-Object-Code/renders/uniform660_one_per_category_studio_256_v1/car_hood_bonnet_or/car_hood_bonnet_or_010/imgs/000.png,70900,2ffc65a50dafca33b5a7479894cf05d276c1bcdb58ece432edbdf7aea125ba28,#9dda52
AR0093,car_hood_bonnet_or_trunk_boot_lid_is_a_large,car_hood_bonnet_or_trunk_boot_lid_is_a_large_000,92,/mnt/zsn/lyb/arti-skill/exp/Articulated-Object-Code/released_outputs/objects/car_hood_bonnet_or_trunk_boot_lid_is_a_large/car_hood_bonnet_or_trunk_boot_lid_is_a_large_000,/mnt/zsn/lyb/arti-skill/exp/Articulated-Object-Code/released_outputs/objects/car_hood_bonnet_or_trunk_boot_lid_is_a_large/car_hood_bonnet_or_trunk_boot_lid_is_a_large_000/generated.urdf,/mnt/zsn/data/particulate/datasets/Articulated-Object-Code/renders/uniform660_one_per_category_studio_256_v1/car_hood_bonnet_or_trunk_boot_lid_is_a_large/car_hood_bonnet_or_trunk_boot_lid_is_a_large_000/imgs/000.png,74296,73f247514d9cc5365c4b31e5420cd59e52503f5fc889560475468c03a81b1ae7,#da48c3
AR0094,car_scissor_jack_with_screw_mechanism,car_scissor_jack_with_screw_mechanism_000,93,/mnt/zsn/lyb/arti-skill/exp/Articulated-Object-Code/released_outputs/objects/car_scissor_jack_with_screw_mechanism/car_scissor_jack_with_screw_mechanism_000,/mnt/zsn/lyb/arti-skill/exp/Articulated-Object-Code/released_outputs/objects/car_scissor_jack_with_screw_mechanism/car_scissor_jack_with_screw_mechanism_000/generated.urdf,/mnt/zsn/data/particulate/datasets/Articulated-Object-Code/renders/uniform660_one_per_category_studio_256_v1/car_scissor_jack_with_screw_mechanism/car_scissor_jack_with_screw_mechanism_000/imgs/000.png,72611,35c9d3f375a55786fd65ca45414d4cec11c4c525796b64e2f7d556df6b056cac,#3edac4
AR0095,casement_window_stay_arm,casement_window_stay_arm_000,94,/mnt/zsn/lyb/arti-skill/exp/Articulated-Object-Code/released_outputs/objects/casement_window_stay_arm/casement_window_stay_arm_000,/mnt/zsn/lyb/arti-skill/exp/Articulated-Object-Code/released_outputs/objects/casement_window_stay_arm/casement_window_stay_arm_000/generated.urdf,/mnt/zsn/data/particulate/datasets/Articulated-Object-Code/renders/uniform660_one_per_category_studio_256_v1/casement_window_stay_arm/casement_window_stay_arm_000/imgs/000.png,68526,0a1c9b84e39212ad969bdaa9d0b3b6e96159c21bc247c28884cb6d6ecdaf160f,#da9334
AR0096,casement_window_with_crank,casement_window_with_crank_000,95,/mnt/zsn/lyb/arti-skill/exp/Articulated-Object-Code/released_outputs/objects/casement_window_with_crank/casement_window_with_crank_000,/mnt/zsn/lyb/arti-skill/exp/Articulated-Object-Code/released_outputs/objects/casement_window_with_crank/casement_window_with_crank_000/generated.urdf,/mnt/zsn/data/particulate/datasets/Articulated-Object-Code/renders/uniform660_one_per_category_studio_256_v1/casement_window_with_crank/casement_window_with_crank_000/imgs/000.png,74907,1902e9391eca3633b214689e26fcddb0652e739069b2c4d25aa0f13e8a75682f,#8963eb
AR0097,ceiling_fan_comprises_a,ceiling_fan_comprises_a_007,96,/mnt/zsn/lyb/arti-skill/exp/Articulated-Object-Code/released_outputs/objects/ceiling_fan_comprises_a/ceiling_fan_comprises_a_007,/mnt/zsn/lyb/arti-skill/exp/Articulated-Object-Code/released_outputs/objects/ceiling_fan_comprises_a/ceiling_fan_comprises_a_007/generated.urdf,/mnt/zsn/data/particulate/datasets/Articulated-Object-Code/renders/uniform660_one_per_category_studio_256_v1/ceiling_fan_comprises_a/ceiling_fan_comprises_a_007/imgs/000.png,71655,871966eff9339e13a7050f568ddc7372cec4302ce909b68dd972e8488368e4d6,#5aeb58
AR0098,centrifugal_juicer_with_pulp_ejection,centrifugal_juicer_with_pulp_ejection_001,97,/mnt/zsn/lyb/arti-skill/exp/Articulated-Object-Code/released_outputs/objects/centrifugal_juicer_with_pulp_ejection/centrifugal_juicer_with_pulp_ejection_001,/mnt/zsn/lyb/arti-skill/exp/Articulated-Object-Code/released_outputs/objects/centrifugal_juicer_with_pulp_ejection/centrifugal_juicer_with_pulp_ejection_001/generated.urdf,/mnt/zsn/data/particulate/datasets/Articulated-Object-Code/renders/uniform660_one_per_category_studio_256_v1/centrifugal_juicer_with_pulp_ejection/centrifugal_juicer_with_pulp_ejection_001/imgs/000.png,74371,05befaed203e8c0e6787ea74c1354a65dc1706cfa7f3444bf9983a09539e6d16,#eb4d7d
AR0099,centrifugal_juicer_with_pulp_ejection_system,centrifugal_juicer_with_pulp_ejection_system_000,98,/mnt/zsn/lyb/arti-skill/exp/Articulated-Object-Code/released_outputs/objects/centrifugal_juicer_with_pulp_ejection_system/centrifugal_juicer_with_pulp_ejection_system_000,/mnt/zsn/lyb/arti-skill/exp/Articulated-Object-Code/released_outputs/objects/centrifugal_juicer_with_pulp_ejection_system/centrifugal_juicer_with_pulp_ejection_system_000/generated.urdf,/mnt/zsn/data/particulate/datasets/Articulated-Object-Code/renders/uniform660_one_per_category_studio_256_v1/centrifugal_juicer_with_pulp_ejection_system/centrifugal_juicer_with_pulp_ejection_system_000/imgs/000.png,72780,f23906e4be9a098c004fc7e68bb8c754cc9b1bfb76271b84cb2734056a4174f1,#43a7eb
AR0100,chafing_dish_with_hinged_lid_and_fuel_holder,chafing_dish_with_hinged_lid_and_fuel_holder_000,99,/mnt/zsn/lyb/arti-skill/exp/Articulated-Object-Code/released_outputs/objects/chafing_dish_with_hinged_lid_and_fuel_holder/chafing_dish_with_hinged_lid_and_fuel_holder_000,/mnt/zsn/lyb/arti-skill/exp/Articulated-Object-Code/released_outputs/objects/chafing_dish_with_hinged_lid_and_fuel_holder/chafing_dish_with_hinged_lid_and_fuel_holder_000/generated.urdf,/mnt/zsn/data/particulate/datasets/Articulated-Object-Code/renders/uniform660_one_per_category_studio_256_v1/chafing_dish_with_hinged_lid_and_fuel_holder/chafing_dish_with_hinged_lid_and_fuel_holder_000/imgs/000.png,75917,27581010173be85b1fd8a9827a9a6ae578b9e7f880694ff876f6d3e5f11a7355,#d7eb38
AR0101,chair,chair_001,100,/mnt/zsn/lyb/arti-skill/exp/Articulated-Object-Code/released_outputs/objects/chair/chair_001,/mnt/zsn/lyb/arti-skill/exp/Articulated-Object-Code/released_outputs/objects/chair/chair_001/generated.urdf,/mnt/zsn/data/particulate/datasets/Articulated-Object-Code/renders/uniform660_one_per_category_studio_256_v1/chair/chair_001/imgs/000.png,75480,6ee297d387808a835feb32dfe08f532e3c2ca38988c32b20cedb3aacde120338,#a44db8
AR0102,check_valve_with_swing_gate,check_valve_with_swing_gate_000,101,/mnt/zsn/lyb/arti-skill/exp/Articulated-Object-Code/released_outputs/objects/check_valve_with_swing_gate/check_valve_with_swing_gate_000,/mnt/zsn/lyb/arti-skill/exp/Articulated-Object-Code/released_outputs/objects/check_valve_with_swing_gate/check_valve_with_swing_gate_000/generated.urdf,/mnt/zsn/data/particulate/datasets/Articulated-Object-Code/renders/uniform660_one_per_category_studio_256_v1/check_valve_with_swing_gate/check_valve_with_swing_gate_000/imgs/000.png,71557,9aaab6f462d8e3cfec9cbd70642257efe12977d3dc849098d38e9b9d46f5c206,#45b882
AR0103,clock,clock_023,102,/mnt/zsn/lyb/arti-skill/exp/Articulated-Object-Code/released_outputs/objects/clock/clock_023,/mnt/zsn/lyb/arti-skill/exp/Articulated-Object-Code/released_outputs/objects/clock/clock_023/generated.urdf,/mnt/zsn/data/particulate/datasets/Articulated-Object-Code/renders/uniform660_one_per_category_studio_256_v1/clock/clock_023/imgs/000.png,70403,b3b4ec0238db42dc64a97037b78aa90c5337625b8e30835abcb438535d244fc8,#b85a3d
AR0104,clothespin_spring_type,clothespin_spring_type_032,103,/mnt/zsn/lyb/arti-skill/exp/Articulated-Object-Code/released_outputs/objects/clothespin_spring_type/clothespin_spring_type_032,/mnt/zsn/lyb/arti-skill/exp/Articulated-Object-Code/released_outputs/objects/clothespin_spring_type/clothespin_spring_type_032/generated.urdf,/mnt/zsn/data/particulate/datasets/Articulated-Object-Code/renders/uniform660_one_per_category_studio_256_v1/clothespin_spring_type/clothespin_spring_type_032/imgs/000.png,69550,24ed1f8e0e10e0141c2c5b6139d17c24eaf00e33f25e4e697b8074ec8e9965bd,#343cb8
AR0105,clutch_disc_with_friction_plates,clutch_disc_with_friction_plates_000,104,/mnt/zsn/lyb/arti-skill/exp/Articulated-Object-Code/released_outputs/objects/clutch_disc_with_friction_plates/clutch_disc_with_friction_plates_000,/mnt/zsn/lyb/arti-skill/exp/Articulated-Object-Code/released_outputs/objects/clutch_disc_with_friction_plates/clutch_disc_with_friction_plates_000/generated.urdf,/mnt/zsn/data/particulate/datasets/Articulated-Object-Code/renders/uniform660_one_per_category_studio_256_v1/clutch_disc_with_friction_plates/clutch_disc_with_friction_plates_000/imgs/000.png,74425,2893ae17725f8d39a35aeac928ed2a2bbb31033a7847857be07f507df3f12f4c,#5cb82c
AR0106,coffee_machine,coffee_machine_000,105,/mnt/zsn/lyb/arti-skill/exp/Articulated-Object-Code/released_outputs/objects/coffee_machine/coffee_machine_000,/mnt/zsn/lyb/arti-skill/exp/Articulated-Object-Code/released_outputs/objects/coffee_machine/coffee_machine_000/generated.urdf,/mnt/zsn/data/particulate/datasets/Articulated-Object-Code/renders/uniform660_one_per_category_studio_256_v1/coffee_machine/coffee_machine_000/imgs/000.png,72753,de51d1c34941ff7098070036692b3dacd15e74cda46a87cd9671d7c409c80bdb,#c9549f
AR0107,collapsible_umbrella_with_auto_open_button,collapsible_umbrella_with_auto_open_button_000,106,/mnt/zsn/lyb/arti-skill/exp/Articulated-Object-Code/released_outputs/objects/collapsible_umbrella_with_auto_open_button/collapsible_umbrella_with_auto_open_button_000,/mnt/zsn/lyb/arti-skill/exp/Articulated-Object-Code/released_outputs/objects/collapsible_umbrella_with_auto_open_button/collapsible_umbrella_with_auto_open_button_000/generated.urdf,/mnt/zsn/data/particulate/datasets/Articulated-Object-Code/renders/uniform660_one_per_category_studio_256_v1/collapsible_umbrella_with_auto_open_button/collapsible_umbrella_with_auto_open_button_000/imgs/000.png,70601,0538513a44bedfdfec721ff880514d07bdcccb082d398295c3d79775129ec086,#4bc0c9
AR0108,combination_lock_with_rotating_dials,combination_lock_with_rotating_dials_000,107,/mnt/zsn/lyb/arti-skill/exp/Articulated-Object-Code/released_outputs/objects/combination_lock_with_rotating_dials/combination_lock_with_rotating_dials_000,/mnt/zsn/lyb/arti-skill/exp/Articulated-Object-Code/released_outputs/objects/combination_lock_with_rotating_dials/combination_lock_with_rotating_dials_000/generated.urdf,/mnt/zsn/data/particulate/datasets/Articulated-Object-Code/renders/uniform660_one_per_category_studio_256_v1/combination_lock_with_rotating_dials/combination_lock_with_rotating_dials_000/imgs/000.png,73290,d688f1f5165dae27bb25c78b1eb940dd0d0420228aebdc7f7b2aa6b79ee868d0,#c9ab42
AR0109,combination_safe_dial_mechanism,combination_safe_dial_mechanism_000,108,/mnt/zsn/lyb/arti-skill/exp/Articulated-Object-Code/released_outputs/objects/combination_safe_dial_mechanism/combination_safe_dial_mechanism_000,/mnt/zsn/lyb/arti-skill/exp/Articulated-Object-Code/released_outputs/objects/combination_safe_dial_mechanism/combination_safe_dial_mechanism_000/generated.urdf,/mnt/zsn/data/particulate/datasets/Articulated-Object-Code/renders/uniform660_one_per_category_studio_256_v1/combination_safe_dial_mechanism/combination_safe_dial_mechanism_000/imgs/000.png,74757,1674a3cc37cc8a59815b01c2f5cf505678843203e0ff1174101cbc245e70df3b,#7f39c9
AR0110,comfort_height_toilet_with_powerful,comfort_height_toilet_with_powerful_000,109,/mnt/zsn/lyb/arti-skill/exp/Articulated-Object-Code/released_outputs/objects/comfort_height_toilet_with_powerful/comfort_height_toilet_with_powerful_000,/mnt/zsn/lyb/arti-skill/exp/Articulated-Object-Code/released_outputs/objects/comfort_height_toilet_with_powerful/comfort_height_toilet_with_powerful_000/generated.urdf,/mnt/zsn/data/particulate/datasets/Articulated-Object-Code/renders/uniform660_one_per_category_studio_256_v1/comfort_height_toilet_with_powerful/comfort_height_toilet_with_powerful_000/imgs/000.png,70957,4cb0b7c4c0e32f2eab2eda2636f83072eb8d74e77a38893f9fe60b46c3f15644,#30c94e
AR0111,commercial_faucet_featuring_articulated_spout,commercial_faucet_featuring_articulated_spout_000,110,/mnt/zsn/lyb/arti-skill/exp/Articulated-Object-Code/released_outputs/objects/commercial_faucet_featuring_articulated_spout/commercial_faucet_featuring_articulated_spout_000,/mnt/zsn/lyb/arti-skill/exp/Articulated-Object-Code/released_outputs/objects/commercial_faucet_featuring_articulated_spout/commercial_faucet_featuring_articulated_spout_000/generated.urdf,/mnt/zsn/data/particulate/datasets/Articulated-Object-Code/renders/uniform660_one_per_category_studio_256_v1/commercial_faucet_featuring_articulated_spout/commercial_faucet_featuring_articulated_spout_000/imgs/000.png,70955,29b7562e28161af54b50d2fd0645626609179e462b30d8c83e8f756ae3ec55de,#da5b68
AR0112,commercial_golf_cart_with,commercial_golf_cart_with_000,111,/mnt/zsn/lyb/arti-skill/exp/Articulated-Object-Code/released_outputs/objects/commercial_golf_cart_with/commercial_golf_cart_with_000,/mnt/zsn/lyb/arti-skill/exp/Articulated-Object-Code/released_outputs/objects/commercial_golf_cart_with/commercial_golf_cart_with_000/generated.urdf,/mnt/zsn/data/particulate/datasets/Articulated-Object-Code/renders/uniform660_one_per_category_studio_256_v1/commercial_golf_cart_with/commercial_golf_cart_with_000/imgs/000.png,73945,33426553866ad58c6930f5542acc99a6d3d989d8ef9cede02fc7f5e960d129bc,#5287da
AR0113,commercial_grade_blender_featuring_high_torque_mot,commercial_grade_blender_featuring_high_torque_mot_000,112,/mnt/zsn/lyb/arti-skill/exp/Articulated-Object-Code/released_outputs/objects/commercial_grade_blender_featuring_high_torque_mot/commercial_grade_blender_featuring_high_torque_mot_000,/mnt/zsn/lyb/arti-skill/exp/Articulated-Object-Code/released_outputs/objects/commercial_grade_blender_featuring_high_torque_mot/commercial_grade_blender_featuring_high_torque_mot_000/generated.urdf,/mnt/zsn/data/particulate/datasets/Articulated-Object-Code/renders/uniform660_one_per_category_studio_256_v1/commercial_grade_blender_featuring_high_torque_mot/commercial_grade_blender_featuring_high_torque_mot_000/imgs/000.png,73080,0441f199a32e1c095c64ee965afbe231700fe62431699d97c9520deea39f49ea,#abda48
AR0114,commercial_grade_blender_featuring_high_torque_motor,commercial_grade_blender_featuring_high_torque_motor_000,113,/mnt/zsn/lyb/arti-skill/exp/Articulated-Object-Code/released_outputs/objects/commercial_grade_blender_featuring_high_torque_motor/commercial_grade_blender_featuring_high_torque_motor_000,/mnt/zsn/lyb/arti-skill/exp/Articulated-Object-Code/released_outputs/objects/commercial_grade_blender_featuring_high_torque_motor/commercial_grade_blender_featuring_high_torque_motor_000/generated.urdf,/mnt/zsn/data/particulate/datasets/Articulated-Object-Code/renders/uniform660_one_per_category_studio_256_v1/commercial_grade_blender_featuring_high_torque_motor/commercial_grade_blender_featuring_high_torque_motor_000/imgs/000.png,72246,2ef6a1f6b94fd8bc520875080cde9119e287fef20327d1423067e61c1413efec,#da3ed5
AR0115,commercial_grade_faucet_with_brass_construction,commercial_grade_faucet_with_brass_construction_000,114,/mnt/zsn/lyb/arti-skill/exp/Articulated-Object-Code/released_outputs/objects/commercial_grade_faucet_with_brass_construction/commercial_grade_faucet_with_brass_construction_000,/mnt/zsn/lyb/arti-skill/exp/Articulated-Object-Code/released_outputs/objects/commercial_grade_faucet_with_brass_construction/commercial_grade_faucet_with_brass_construction_000/generated.urdf,/mnt/zsn/data/particulate/datasets/Articulated-Object-Code/renders/uniform660_one_per_category_studio_256_v1/commercial_grade_faucet_with_brass_construction/commercial_grade_faucet_with_brass_construction_000/imgs/000.png,69409,40f44074d63e91c542f48b65b138150fed10366b5d9b3efe08df0a691b828c79,#34daae
AR0116,commercial_grade_retractable_awning_with_powder_co,commercial_grade_retractable_awning_with_powder_co_000,115,/mnt/zsn/lyb/arti-skill/exp/Articulated-Object-Code/released_outputs/objects/commercial_grade_retractable_awning_with_powder_co/commercial_grade_retractable_awning_with_powder_co_000,/mnt/zsn/lyb/arti-skill/exp/Articulated-Object-Code/released_outputs/objects/commercial_grade_retractable_awning_with_powder_co/commercial_grade_retractable_awning_with_powder_co_000/generated.urdf,/mnt/zsn/data/particulate/datasets/Articulated-Object-Code/renders/uniform660_one_per_category_studio_256_v1/commercial_grade_retractable_awning_with_powder_co/commercial_grade_retractable_awning_with_powder_co_000/imgs/000.png,71197,9eafbacace1436be7eac2ef6f2dc5abbc118eca6f432039d00d1e16eb9043ce0,#eb9f63
AR0117,commercial_grade_retractable_awning_with_powder_coated,commercial_grade_retractable_awning_with_powder_coated_000,116,/mnt/zsn/lyb/arti-skill/exp/Articulated-Object-Code/released_outputs/objects/commercial_grade_retractable_awning_with_powder_coated/commercial_grade_retractable_awning_with_powder_coated_000,/mnt/zsn/lyb/arti-skill/exp/Articulated-Object-Code/released_outputs/objects/commercial_grade_retractable_awning_with_powder_coated/commercial_grade_retractable_awning_with_powder_coated_000/generated.urdf,/mnt/zsn/data/particulate/datasets/Articulated-Object-Code/renders/uniform660_one_per_category_studio_256_v1/commercial_grade_retractable_awning_with_powder_coated/commercial_grade_retractable_awning_with_powder_coated_000/imgs/000.png,73535,851e387a9f27395775afc5f49025d97d6df544715f633a87cb9ee9a104bb4b20,#6e58eb
AR0118,commercial_ironing_board_with,commercial_ironing_board_with_000,117,/mnt/zsn/lyb/arti-skill/exp/Articulated-Object-Code/released_outputs/objects/commercial_ironing_board_with/commercial_ironing_board_with_000,/mnt/zsn/lyb/arti-skill/exp/Articulated-Object-Code/released_outputs/objects/commercial_ironing_board_with/commercial_ironing_board_with_000/generated.urdf,/mnt/zsn/data/particulate/datasets/Articulated-Object-Code/renders/uniform660_one_per_category_studio_256_v1/commercial_ironing_board_with/commercial_ironing_board_with_000/imgs/000.png,73282,d14beca1daa7a7f2131548b58c33c211e22f5687c6233134f52fadaf94d20972,#63eb4d
AR0119,commercial_mechanical_press_with,commercial_mechanical_press_with_000,118,/mnt/zsn/lyb/arti-skill/exp/Articulated-Object-Code/released_outputs/objects/commercial_mechanical_press_with/commercial_mechanical_press_with_000,/mnt/zsn/lyb/arti-skill/exp/Articulated-Object-Code/released_outputs/objects/commercial_mechanical_press_with/commercial_mechanical_press_with_000/generated.urdf,/mnt/zsn/data/particulate/datasets/Articulated-Object-Code/renders/uniform660_one_per_category_studio_256_v1/commercial_mechanical_press_with/commercial_mechanical_press_with_000/imgs/000.png,72683,9a0dc61e7d54bdce5165e151b56bdf7f24a245af79667dd1a81a10ccdbb5455e,#eb438b
AR0120,commercial_mechanical_press_with_adjustable_spee,commercial_mechanical_press_with_adjustable_spee_000,119,/mnt/zsn/lyb/arti-skill/exp/Articulated-Object-Code/released_outputs/objects/commercial_mechanical_press_with_adjustable_spee/commercial_mechanical_press_with_adjustable_spee_000,/mnt/zsn/lyb/arti-skill/exp/Articulated-Object-Code/released_outputs/objects/commercial_mechanical_press_with_adjustable_spee/commercial_mechanical_press_with_adjustable_spee_000/generated.urdf,/mnt/zsn/data/particulate/datasets/Articulated-Object-Code/renders/uniform660_one_per_category_studio_256_v1/commercial_mechanical_press_with_adjustable_spee/commercial_mechanical_press_with_adjustable_spee_000/imgs/000.png,74859,ced277c6604183c5c5edcd45aa7d3981d7666cf353192f9b8ba66d35ad3ee21f,#38b9eb
AR0121,commercial_microwave_featuring_programmable_cooking,commercial_microwave_featuring_programmable_cooking_000,120,/mnt/zsn/lyb/arti-skill/exp/Articulated-Object-Code/released_outputs/objects/commercial_microwave_featuring_programmable_cooking/commercial_microwave_featuring_programmable_cooking_000,/mnt/zsn/lyb/arti-skill/exp/Articulated-Object-Code/released_outputs/objects/commercial_microwave_featuring_programmable_cooking/commercial_microwave_featuring_programmable_cooking_000/generated.urdf,/mnt/zsn/data/particulate/datasets/Articulated-Object-Code/renders/uniform660_one_per_category_studio_256_v1/commercial_microwave_featuring_programmable_cooking/commercial_microwave_featuring_programmable_cooking_000/imgs/000.png,77044,4b9bcf8a7a29dd4a1b21e57c57eb27b17e2d092afcd2e2e8b38673e791bdaad3,#b8b64d
AR0122,common_ironing_board_features,common_ironing_board_features_010,121,/mnt/zsn/lyb/arti-skill/exp/Articulated-Object-Code/released_outputs/objects/common_ironing_board_features/common_ironing_board_features_010,/mnt/zsn/lyb/arti-skill/exp/Articulated-Object-Code/released_outputs/objects/common_ironing_board_features/common_ironing_board_features_010/generated.urdf,/mnt/zsn/data/particulate/datasets/Articulated-Object-Code/renders/uniform660_one_per_category_studio_256_v1/common_ironing_board_features/common_ironing_board_features_010/imgs/000.png,69774,b9bfb4c57fdfbae12b941474d4f542afe15cc6b34092a67c69ab85f0784cbef2,#9445b8
AR0123,common_ironing_board_features_a_flat_board_and_f,common_ironing_board_features_a_flat_board_and_f_000,122,/mnt/zsn/lyb/arti-skill/exp/Articulated-Object-Code/released_outputs/objects/common_ironing_board_features_a_flat_board_and_f/common_ironing_board_features_a_flat_board_and_f_000,/mnt/zsn/lyb/arti-skill/exp/Articulated-Object-Code/released_outputs/objects/common_ironing_board_features_a_flat_board_and_f/common_ironing_board_features_a_flat_board_and_f_000/generated.urdf,/mnt/zsn/data/particulate/datasets/Articulated-Object-Code/renders/uniform660_one_per_category_studio_256_v1/common_ironing_board_features_a_flat_board_and_f/common_ironing_board_features_a_flat_board_and_f_000/imgs/000.png,70527,30b34e63b4efee2095bbf5452d3e047c9128d3c9c752059951fc9862f248a64b,#3db86e
AR0124,common_ironing_board_features_a_flat_board_top,common_ironing_board_features_a_flat_board_top_000,123,/mnt/zsn/lyb/arti-skill/exp/Articulated-Object-Code/released_outputs/objects/common_ironing_board_features_a_flat_board_top/common_ironing_board_features_a_flat_board_top_000,/mnt/zsn/lyb/arti-skill/exp/Articulated-Object-Code/released_outputs/objects/common_ironing_board_features_a_flat_board_top/common_ironing_board_features_a_flat_board_top_000/generated.urdf,/mnt/zsn/data/particulate/datasets/Articulated-Object-Code/renders/uniform660_one_per_category_studio_256_v1/common_ironing_board_features_a_flat_board_top/common_ironing_board_features_a_flat_board_top_000/imgs/000.png,70568,8affa2edaab87cca897b957812346eb5b14342fac07396bde9370890081fce0a,#b84334
AR0125,common_nutcracker_design_uses,common_nutcracker_design_uses_010,124,/mnt/zsn/lyb/arti-skill/exp/Articulated-Object-Code/released_outputs/objects/common_nutcracker_design_uses/common_nutcracker_design_uses_010,/mnt/zsn/lyb/arti-skill/exp/Articulated-Object-Code/released_outputs/objects/common_nutcracker_design_uses/common_nutcracker_design_uses_010/generated.urdf,/mnt/zsn/data/particulate/datasets/Articulated-Object-Code/renders/uniform660_one_per_category_studio_256_v1/common_nutcracker_design_uses/common_nutcracker_design_uses_010/imgs/000.png,67857,04252be45e22c04183b1c02564843a722054410bee4f53dce373222e8d3fbdd4,#2c46b8
AR0126,compact_camera_system_with,compact_camera_system_with_000,125,/mnt/zsn/lyb/arti-skill/exp/Articulated-Object-Code/released_outputs/objects/compact_camera_system_with/compact_camera_system_with_000,/mnt/zsn/lyb/arti-skill/exp/Articulated-Object-Code/released_outputs/objects/compact_camera_system_with/compact_camera_system_with_000/generated.urdf,/mnt/zsn/data/particulate/datasets/Articulated-Object-Code/renders/uniform660_one_per_category_studio_256_v1/compact_camera_system_with/compact_camera_system_with_000/imgs/000.png,74116,c7758f0749c06688e5036c640e797304449e294fcf94b45a4445fd7069e6b2a9,#8bc954
AR0127,compact_folding_chair_that,compact_folding_chair_that_000,126,/mnt/zsn/lyb/arti-skill/exp/Articulated-Object-Code/released_outputs/objects/compact_folding_chair_that/compact_folding_chair_that_000,/mnt/zsn/lyb/arti-skill/exp/Articulated-Object-Code/released_outputs/objects/compact_folding_chair_that/compact_folding_chair_that_000/generated.urdf,/mnt/zsn/data/particulate/datasets/Articulated-Object-Code/renders/uniform660_one_per_category_studio_256_v1/compact_folding_chair_that/compact_folding_chair_that_000/imgs/000.png,77195,6d4a3b25f2f1aa3bf9e5c263afef72ee75aa9cd3de69b070ebad9365d7e553a5,#c94bab
AR0128,compact_folding_chair_that_transforms_from_flat,compact_folding_chair_that_transforms_from_flat_000,127,/mnt/zsn/lyb/arti-skill/exp/Articulated-Object-Code/released_outputs/objects/compact_folding_chair_that_transforms_from_flat/compact_folding_chair_that_transforms_from_flat_000,/mnt/zsn/lyb/arti-skill/exp/Articulated-Object-Code/released_outputs/objects/compact_folding_chair_that_transforms_from_flat/compact_folding_chair_that_transforms_from_flat_000/generated.urdf,/mnt/zsn/data/particulate/datasets/Articulated-Object-Code/renders/uniform660_one_per_category_studio_256_v1/compact_folding_chair_that_transforms_from_flat/compact_folding_chair_that_transforms_from_flat_000/imgs/000.png,73988,f867739d30b0505a5e7705cebed94c611349a21b909e55278bda569b9a6abaf1,#42c9c1
AR0129,compass,compass_001,128,/mnt/zsn/lyb/arti-skill/exp/Articulated-Object-Code/released_outputs/objects/compass/compass_001,/mnt/zsn/lyb/arti-skill/exp/Articulated-Object-Code/released_outputs/objects/compass/compass_001/generated.urdf,/mnt/zsn/data/particulate/datasets/Articulated-Object-Code/renders/uniform660_one_per_category_studio_256_v1/compass/compass_001/imgs/000.png,68315,e0259d36a16fff7a6e3e93f35ed2b201d9ab5607541402ef8ee2951d320960c6,#c99639
AR0130,compound_pulley_with_multiple_sheaves,compound_pulley_with_multiple_sheaves_001,129,/mnt/zsn/lyb/arti-skill/exp/Articulated-Object-Code/released_outputs/objects/compound_pulley_with_multiple_sheaves/compound_pulley_with_multiple_sheaves_001,/mnt/zsn/lyb/arti-skill/exp/Articulated-Object-Code/released_outputs/objects/compound_pulley_with_multiple_sheaves/compound_pulley_with_multiple_sheaves_001/generated.urdf,/mnt/zsn/data/particulate/datasets/Articulated-Object-Code/renders/uniform660_one_per_category_studio_256_v1/compound_pulley_with_multiple_sheaves/compound_pulley_with_multiple_sheaves_001/imgs/000.png,73437,214388cb47d31262c9555e2fce3d603b3e41c279e328393fd762fa80ba8ee765,#6730c9
AR0131,constant_velocity_joint_with_cage_and_balls,constant_velocity_joint_with_cage_and_balls_000,130,/mnt/zsn/lyb/arti-skill/exp/Articulated-Object-Code/released_outputs/objects/constant_velocity_joint_with_cage_and_balls/constant_velocity_joint_with_cage_and_balls_000,/mnt/zsn/lyb/arti-skill/exp/Articulated-Object-Code/released_outputs/objects/constant_velocity_joint_with_cage_and_balls/constant_velocity_joint_with_cage_and_balls_000/generated.urdf,/mnt/zsn/data/particulate/datasets/Articulated-Object-Code/renders/uniform660_one_per_category_studio_256_v1/constant_velocity_joint_with_cage_and_balls/constant_velocity_joint_with_cage_and_balls_000/imgs/000.png,73029,ae1df4013b6ef095bfa4c44aa622d67a9162b2dc426e865d3693464767e6829f,#5bda64
AR0132,construction_loader_with_pivoting,construction_loader_with_pivoting_003,131,/mnt/zsn/lyb/arti-skill/exp/Articulated-Object-Code/released_outputs/objects/construction_loader_with_pivoting/construction_loader_with_pivoting_003,/mnt/zsn/lyb/arti-skill/exp/Articulated-Object-Code/released_outputs/objects/construction_loader_with_pivoting/construction_loader_with_pivoting_003/generated.urdf,/mnt/zsn/data/particulate/datasets/Articulated-Object-Code/renders/uniform660_one_per_category_studio_256_v1/construction_loader_with_pivoting/construction_loader_with_pivoting_003/imgs/000.png,74046,1e3721aa78fa5c50bbbaa930e00590c74bc7a51b34752ad77e51c4d931a97e08,#da5270
AR0133,contemporary_laptop_computer_with,contemporary_laptop_computer_with_001,132,/mnt/zsn/lyb/arti-skill/exp/Articulated-Object-Code/released_outputs/objects/contemporary_laptop_computer_with/contemporary_laptop_computer_with_001,/mnt/zsn/lyb/arti-skill/exp/Articulated-Object-Code/released_outputs/objects/contemporary_laptop_computer_with/contemporary_laptop_computer_with_001/generated.urdf,/mnt/zsn/data/particulate/datasets/Articulated-Object-Code/renders/uniform660_one_per_category_studio_256_v1/contemporary_laptop_computer_with/contemporary_laptop_computer_with_001/imgs/000.png,70980,c69567ea0c3fd03a9edbbc4a8f1ecad569297671fc5e4efad2cfacee004a32bb,#4893da
AR0134,contemporary_laptop_computer_with_a,contemporary_laptop_computer_with_a_000,133,/mnt/zsn/lyb/arti-skill/exp/Articulated-Object-Code/released_outputs/objects/contemporary_laptop_computer_with_a/contemporary_laptop_computer_with_a_000,/mnt/zsn/lyb/arti-skill/exp/Articulated-Object-Code/released_outputs/objects/contemporary_laptop_computer_with_a/contemporary_laptop_computer_with_a_000/generated.urdf,/mnt/zsn/data/particulate/datasets/Articulated-Object-Code/renders/uniform660_one_per_category_studio_256_v1/contemporary_laptop_computer_with_a/contemporary_laptop_computer_with_a_000/imgs/000.png,70978,9e0bd2a474a32684b7efee7346d147ec684866ba490032ac7312d61d5d5ead0d,#bcda3e
AR0135,convection_toaster_oven_with_multiple,convection_toaster_oven_with_multiple_000,134,/mnt/zsn/lyb/arti-skill/exp/Articulated-Object-Code/released_outputs/objects/convection_toaster_oven_with_multiple/convection_toaster_oven_with_multiple_000,/mnt/zsn/lyb/arti-skill/exp/Articulated-Object-Code/released_outputs/objects/convection_toaster_oven_with_multiple/convection_toaster_oven_with_multiple_000/generated.urdf,/mnt/zsn/data/particulate/datasets/Articulated-Object-Code/renders/uniform660_one_per_category_studio_256_v1/convection_toaster_oven_with_multiple/convection_toaster_oven_with_multiple_000/imgs/000.png,73939,d2bfe7cfae883bf1d18a6686984bc3af957d9362cd29c5f42d3007e614a61d96,#c934da
AR0136,convection_toaster_oven_with_multiple_cooking_func,convection_toaster_oven_with_multiple_cooking_func_000,135,/mnt/zsn/lyb/arti-skill/exp/Articulated-Object-Code/released_outputs/objects/convection_toaster_oven_with_multiple_cooking_func/convection_toaster_oven_with_multiple_cooking_func_000,/mnt/zsn/lyb/arti-skill/exp/Articulated-Object-Code/released_outputs/objects/convection_toaster_oven_with_multiple_cooking_func/convection_toaster_oven_with_multiple_cooking_func_000/generated.urdf,/mnt/zsn/data/particulate/datasets/Articulated-Object-Code/renders/uniform660_one_per_category_studio_256_v1/convection_toaster_oven_with_multiple_cooking_func/convection_toaster_oven_with_multiple_cooking_func_000/imgs/000.png,72498,38ad44e13dd9c49585f7d46fe722cc8952cbc9fb5c41e9e73f1aa85b65928933,#63ebb5
AR0137,convertible_roof_system_involves_multiple_panels,convertible_roof_system_involves_multiple_panels_000,136,/mnt/zsn/lyb/arti-skill/exp/Articulated-Object-Code/released_outputs/objects/convertible_roof_system_involves_multiple_panels/convertible_roof_system_involves_multiple_panels_000,/mnt/zsn/lyb/arti-skill/exp/Articulated-Object-Code/released_outputs/objects/convertible_roof_system_involves_multiple_panels/convertible_roof_system_involves_multiple_panels_000/generated.urdf,/mnt/zsn/data/particulate/datasets/Articulated-Object-Code/renders/uniform660_one_per_category_studio_256_v1/convertible_roof_system_involves_multiple_panels/convertible_roof_system_involves_multiple_panels_000/imgs/000.png,73452,8951a001bd7d5e860226e1649940c7eb1e272fa600f06de32262c1c2cf4d2d8b,#eb8658
AR0138,convertible_roof_system_soft,convertible_roof_system_soft_005,137,/mnt/zsn/lyb/arti-skill/exp/Articulated-Object-Code/released_outputs/objects/convertible_roof_system_soft/convertible_roof_system_soft_005,/mnt/zsn/lyb/arti-skill/exp/Articulated-Object-Code/released_outputs/objects/convertible_roof_system_soft/convertible_roof_system_soft_005/generated.urdf,/mnt/zsn/data/particulate/datasets/Articulated-Object-Code/renders/uniform660_one_per_category_studio_256_v1/convertible_roof_system_soft/convertible_roof_system_soft_005/imgs/000.png,71111,b03ee34edbd97d908dfe337868d01654a5a5f2f0ffd1e7c6fa70cbe51778cd86,#514deb
AR0139,convertible_roof_system_soft_top_or_hardtop_in,convertible_roof_system_soft_top_or_hardtop_in_000,138,/mnt/zsn/lyb/arti-skill/exp/Articulated-Object-Code/released_outputs/objects/convertible_roof_system_soft_top_or_hardtop_in/convertible_roof_system_soft_top_or_hardtop_in_000,/mnt/zsn/lyb/arti-skill/exp/Articulated-Object-Code/released_outputs/objects/convertible_roof_system_soft_top_or_hardtop_in/convertible_roof_system_soft_top_or_hardtop_in_000/generated.urdf,/mnt/zsn/data/particulate/datasets/Articulated-Object-Code/renders/uniform660_one_per_category_studio_256_v1/convertible_roof_system_soft_top_or_hardtop_in/convertible_roof_system_soft_top_or_hardtop_in_000/imgs/000.png,72137,51e8bbc68d635f7c7875c901c398920166b65bb27a819e02b9d8377820d14fff,#70eb43
AR0140,conveyor_belt_roller_with_bearing_mount,conveyor_belt_roller_with_bearing_mount_000,139,/mnt/zsn/lyb/arti-skill/exp/Articulated-Object-Code/released_outputs/objects/conveyor_belt_roller_with_bearing_mount/conveyor_belt_roller_with_bearing_mount_000,/mnt/zsn/lyb/arti-skill/exp/Articulated-Object-Code/released_outputs/objects/conveyor_belt_roller_with_bearing_mount/conveyor_belt_roller_with_bearing_mount_000/generated.urdf,/mnt/zsn/data/particulate/datasets/Articulated-Object-Code/renders/uniform660_one_per_category_studio_256_v1/conveyor_belt_roller_with_bearing_mount/conveyor_belt_roller_with_bearing_mount_000/imgs/000.png,68223,70127f88c69795a75dd948bfe20b7e07f0f787035dea06bc96d037088337f62a,#eb389c
AR0141,conveyor_system,conveyor_system_000,140,/mnt/zsn/lyb/arti-skill/exp/Articulated-Object-Code/released_outputs/objects/conveyor_system/conveyor_system_000,/mnt/zsn/lyb/arti-skill/exp/Articulated-Object-Code/released_outputs/objects/conveyor_system/conveyor_system_000/generated.urdf,/mnt/zsn/data/particulate/datasets/Articulated-Object-Code/renders/uniform660_one_per_category_studio_256_v1/conveyor_system/conveyor_system_000/imgs/000.png,70986,668c287d7e9bf394ff6634fe6845758255c866c7f661fb2b6fbdc8c2223bb8f6,#4da8b8
AR0142,corkscrew_wine_opener_with_fold_out_lever_arms,corkscrew_wine_opener_with_fold_out_lever_arms_000,141,/mnt/zsn/lyb/arti-skill/exp/Articulated-Object-Code/released_outputs/objects/corkscrew_wine_opener_with_fold_out_lever_arms/corkscrew_wine_opener_with_fold_out_lever_arms_000,/mnt/zsn/lyb/arti-skill/exp/Articulated-Object-Code/released_outputs/objects/corkscrew_wine_opener_with_fold_out_lever_arms/corkscrew_wine_opener_with_fold_out_lever_arms_000/generated.urdf,/mnt/zsn/data/particulate/datasets/Articulated-Object-Code/renders/uniform660_one_per_category_studio_256_v1/corkscrew_wine_opener_with_fold_out_lever_arms/corkscrew_wine_opener_with_fold_out_lever_arms_000/imgs/000.png,71737,bc37e67dbda4a12e1dc24763339bf0de4e2b6bf78391af90acdf67b7fdf422ac,#b8a745
AR0143,countertop_microwave_with_turntable,countertop_microwave_with_turntable_003,142,/mnt/zsn/lyb/arti-skill/exp/Articulated-Object-Code/released_outputs/objects/countertop_microwave_with_turntable/countertop_microwave_with_turntable_003,/mnt/zsn/lyb/arti-skill/exp/Articulated-Object-Code/released_outputs/objects/countertop_microwave_with_turntable/countertop_microwave_with_turntable_003/generated.urdf,/mnt/zsn/data/particulate/datasets/Articulated-Object-Code/renders/uniform660_one_per_category_studio_256_v1/countertop_microwave_with_turntable/countertop_microwave_with_turntable_003/imgs/000.png,72113,4f18a8428198252670ab2c78d0a90699dcf0ee181843d2d217ecc850f683c804,#823db8
AR0144,crimping_tool,crimping_tool_004,143,/mnt/zsn/lyb/arti-skill/exp/Articulated-Object-Code/released_outputs/objects/crimping_tool/crimping_tool_004,/mnt/zsn/lyb/arti-skill/exp/Articulated-Object-Code/released_outputs/objects/crimping_tool/crimping_tool_004/generated.urdf,/mnt/zsn/data/particulate/datasets/Articulated-Object-Code/renders/uniform660_one_per_category_studio_256_v1/crimping_tool/crimping_tool_004/imgs/000.png,69522,da302f131b494bf57ce0c9a058b8fdfdd6355312224629c3a9089686a16be762,#34b858
AR0145,cruiser_skateboard_with_flexible_deck_and_smooth_r,cruiser_skateboard_with_flexible_deck_and_smooth_r_000,144,/mnt/zsn/lyb/arti-skill/exp/Articulated-Object-Code/released_outputs/objects/cruiser_skateboard_with_flexible_deck_and_smooth_r/cruiser_skateboard_with_flexible_deck_and_smooth_r_000,/mnt/zsn/lyb/arti-skill/exp/Articulated-Object-Code/released_outputs/objects/cruiser_skateboard_with_flexible_deck_and_smooth_r/cruiser_skateboard_with_flexible_deck_and_smooth_r_000/generated.urdf,/mnt/zsn/data/particulate/datasets/Articulated-Object-Code/renders/uniform660_one_per_category_studio_256_v1/cruiser_skateboard_with_flexible_deck_and_smooth_r/cruiser_skateboard_with_flexible_deck_and_smooth_r_000/imgs/000.png,71089,c483a424ab716c535b78264df081536dd6bfb61cae06323f84e34244731feb73,#b82c2f
AR0146,crutch_with_adjustable_height_mechanism,crutch_with_adjustable_height_mechanism_000,145,/mnt/zsn/lyb/arti-skill/exp/Articulated-Object-Code/released_outputs/objects/crutch_with_adjustable_height_mechanism/crutch_with_adjustable_height_mechanism_000,/mnt/zsn/lyb/arti-skill/exp/Articulated-Object-Code/released_outputs/objects/crutch_with_adjustable_height_mechanism/crutch_with_adjustable_height_mechanism_000/generated.urdf,/mnt/zsn/data/particulate/datasets/Articulated-Object-Code/renders/uniform660_one_per_category_studio_256_v1/crutch_with_adjustable_height_mechanism/crutch_with_adjustable_height_mechanism_000/imgs/000.png,67170,92eae6e31de99f7a1dc4c243013a3825faf420324a8f686e0039c99303fcc222,#5478c9
AR0147,cutting_scissors,cutting_scissors_000,146,/mnt/zsn/lyb/arti-skill/exp/Articulated-Object-Code/released_outputs/objects/cutting_scissors/cutting_scissors_000,/mnt/zsn/lyb/arti-skill/exp/Articulated-Object-Code/released_outputs/objects/cutting_scissors/cutting_scissors_000/generated.urdf,/mnt/zsn/data/particulate/datasets/Articulated-Object-Code/renders/uniform660_one_per_category_studio_256_v1/cutting_scissors/cutting_scissors_000/imgs/000.png,70263,88e81046f3d6e42225dd1423ee35de3a5349cd498a9c12e332b50f13bdf48aed,#97c94b
AR0148,decorative_ceiling_fan_with_integrated,decorative_ceiling_fan_with_integrated_001,147,/mnt/zsn/lyb/arti-skill/exp/Articulated-Object-Code/released_outputs/objects/decorative_ceiling_fan_with_integrated/decorative_ceiling_fan_with_integrated_001,/mnt/zsn/lyb/arti-skill/exp/Articulated-Object-Code/released_outputs/objects/decorative_ceiling_fan_with_integrated/decorative_ceiling_fan_with_integrated_001/generated.urdf,/mnt/zsn/data/particulate/datasets/Articulated-Object-Code/renders/uniform660_one_per_category_studio_256_v1/decorative_ceiling_fan_with_integrated/decorative_ceiling_fan_with_integrated_001/imgs/000.png,70527,1d25276a6ef9fb261681c936ba8220ef473250e3f28c041c0c7c89da222fc1f9,#c942ba
AR0149,decorative_ceiling_fan_with_integrated_lighting_fi,decorative_ceiling_fan_with_integrated_lighting_fi_000,148,/mnt/zsn/lyb/arti-skill/exp/Articulated-Object-Code/released_outputs/objects/decorative_ceiling_fan_with_integrated_lighting_fi/decorative_ceiling_fan_with_integrated_lighting_fi_000,/mnt/zsn/lyb/arti-skill/exp/Articulated-Object-Code/released_outputs/objects/decorative_ceiling_fan_with_integrated_lighting_fi/decorative_ceiling_fan_with_integrated_lighting_fi_000/generated.urdf,/mnt/zsn/data/particulate/datasets/Articulated-Object-Code/renders/uniform660_one_per_category_studio_256_v1/decorative_ceiling_fan_with_integrated_lighting_fi/decorative_ceiling_fan_with_integrated_lighting_fi_000/imgs/000.png,71830,d4e33743da38f800936577f4d681b6d2662d21b02a35a97f4560e9aae7e165eb,#39c9ae
AR0150,designer_eyeglasses_featuring_spring_loaded_hinges,designer_eyeglasses_featuring_spring_loaded_hinges_002,149,/mnt/zsn/lyb/arti-skill/exp/Articulated-Object-Code/released_outputs/objects/designer_eyeglasses_featuring_spring_loaded_hinges/designer_eyeglasses_featuring_spring_loaded_hinges_002,/mnt/zsn/lyb/arti-skill/exp/Articulated-Object-Code/released_outputs/objects/designer_eyeglasses_featuring_spring_loaded_hinges/designer_eyeglasses_featuring_spring_loaded_hinges_002/generated.urdf,/mnt/zsn/data/particulate/datasets/Articulated-Object-Code/renders/uniform660_one_per_category_studio_256_v1/designer_eyeglasses_featuring_spring_loaded_hinges/designer_eyeglasses_featuring_spring_loaded_hinges_002/imgs/000.png,64949,013a69b8b59f4b2c1e47d3b5580f090642cba8437d332f678a9cf262271ac06b,#c98030
AR0151,desk_monitor_arm_with_gas_spring,desk_monitor_arm_with_gas_spring_000,150,/mnt/zsn/lyb/arti-skill/exp/Articulated-Object-Code/released_outputs/objects/desk_monitor_arm_with_gas_spring/desk_monitor_arm_with_gas_spring_000,/mnt/zsn/lyb/arti-skill/exp/Articulated-Object-Code/released_outputs/objects/desk_monitor_arm_with_gas_spring/desk_monitor_arm_with_gas_spring_000/generated.urdf,/mnt/zsn/data/particulate/datasets/Articulated-Object-Code/renders/uniform660_one_per_category_studio_256_v1/desk_monitor_arm_with_gas_spring/desk_monitor_arm_with_gas_spring_000/imgs/000.png,67594,1ac9c59b0e473a406a819537becf742d51a09a17f20aa2b41aaccaafef0fd49b,#785bda
AR0152,digital_caliper_with_sliding,digital_caliper_with_sliding_000,151,/mnt/zsn/lyb/arti-skill/exp/Articulated-Object-Code/released_outputs/objects/digital_caliper_with_sliding/digital_caliper_with_sliding_000,/mnt/zsn/lyb/arti-skill/exp/Articulated-Object-Code/released_outputs/objects/digital_caliper_with_sliding/digital_caliper_with_sliding_000/generated.urdf,/mnt/zsn/data/particulate/datasets/Articulated-Object-Code/renders/uniform660_one_per_category_studio_256_v1/digital_caliper_with_sliding/digital_caliper_with_sliding_000/imgs/000.png,67296,93bfddf6274e8d3abe7358d39d0aec3b0fb1ec51f440ef86fd3b4d6ea888f5b8,#5ada52
AR0153,digital_camera_with_articulating_lcd,digital_camera_with_articulating_lcd_001,152,/mnt/zsn/lyb/arti-skill/exp/Articulated-Object-Code/released_outputs/objects/digital_camera_with_articulating_lcd/digital_camera_with_articulating_lcd_001,/mnt/zsn/lyb/arti-skill/exp/Articulated-Object-Code/released_outputs/objects/digital_camera_with_articulating_lcd/digital_camera_with_articulating_lcd_001/generated.urdf,/mnt/zsn/data/particulate/datasets/Articulated-Object-Code/renders/uniform660_one_per_category_studio_256_v1/digital_camera_with_articulating_lcd/digital_camera_with_articulating_lcd_001/imgs/000.png,73683,4c2e65c4523a993df71f9453293e710d14a9504e54ad0099da764bbaa409ecb5,#da487b
AR0154,digital_camera_with_articulating_lcd_screen,digital_camera_with_articulating_lcd_screen_000,153,/mnt/zsn/lyb/arti-skill/exp/Articulated-Object-Code/released_outputs/objects/digital_camera_with_articulating_lcd_screen/digital_camera_with_articulating_lcd_screen_000,/mnt/zsn/lyb/arti-skill/exp/Articulated-Object-Code/released_outputs/objects/digital_camera_with_articulating_lcd_screen/digital_camera_with_articulating_lcd_screen_000/generated.urdf,/mnt/zsn/data/particulate/datasets/Articulated-Object-Code/renders/uniform660_one_per_category_studio_256_v1/digital_camera_with_articulating_lcd_screen/digital_camera_with_articulating_lcd_screen_000/imgs/000.png,73260,7fbacc235bd3e21ec020b98648abd5b7f4ad83f3b7a6a2b042eae7c4758b7851,#3ea2da
AR0155,disc_brake_caliper_with_piston_and_pads,disc_brake_caliper_with_piston_and_pads_000,154,/mnt/zsn/lyb/arti-skill/exp/Articulated-Object-Code/released_outputs/objects/disc_brake_caliper_with_piston_and_pads/disc_brake_caliper_with_piston_and_pads_000,/mnt/zsn/lyb/arti-skill/exp/Articulated-Object-Code/released_outputs/objects/disc_brake_caliper_with_piston_and_pads/disc_brake_caliper_with_piston_and_pads_000/generated.urdf,/mnt/zsn/data/particulate/datasets/Articulated-Object-Code/renders/uniform660_one_per_category_studio_256_v1/disc_brake_caliper_with_piston_and_pads/disc_brake_caliper_with_piston_and_pads_000/imgs/000.png,75487,020a65cbedaa64b9b5a7f2376c86642a93d6a705e0985378521db8147c7e55c9,#cfda34
AR0156,dishwasher,dishwasher_003,155,/mnt/zsn/lyb/arti-skill/exp/Articulated-Object-Code/released_outputs/objects/dishwasher/dishwasher_003,/mnt/zsn/lyb/arti-skill/exp/Articulated-Object-Code/released_outputs/objects/dishwasher/dishwasher_003/generated.urdf,/mnt/zsn/data/particulate/datasets/Articulated-Object-Code/renders/uniform660_one_per_category_studio_256_v1/dishwasher/dishwasher_003/imgs/000.png,73003,be9044409e37765ac073a649cc51b3be8d3102dc43f7d7677722fa999e2b01f9,#cc63eb
AR0157,dispenser,dispenser_000,156,/mnt/zsn/lyb/arti-skill/exp/Articulated-Object-Code/released_outputs/objects/dispenser/dispenser_000,/mnt/zsn/lyb/arti-skill/exp/Articulated-Object-Code/released_outputs/objects/dispenser/dispenser_000/generated.urdf,/mnt/zsn/data/particulate/datasets/Articulated-Object-Code/renders/uniform660_one_per_category_studio_256_v1/dispenser/dispenser_000/imgs/000.png,71798,4c07c5a73bc91f9a11e99f5acb60937ea5fe5abf30c956fd922e1042ed3d8a63,#58eb9e
AR0158,display,display_004,157,/mnt/zsn/lyb/arti-skill/exp/Articulated-Object-Code/released_outputs/objects/display/display_004,/mnt/zsn/lyb/arti-skill/exp/Articulated-Object-Code/released_outputs/objects/display/display_004/generated.urdf,/mnt/zsn/data/particulate/datasets/Articulated-Object-Code/renders/uniform660_one_per_category_studio_256_v1/display/display_004/imgs/000.png,71063,f317aec7b29274134294c4af742493dd90f68d844b6949ccdd0ea0e365547cdd,#eb6b4d
AR0159,door,door_002,158,/mnt/zsn/lyb/arti-skill/exp/Articulated-Object-Code/released_outputs/objects/door/door_002,/mnt/zsn/lyb/arti-skill/exp/Articulated-Object-Code/released_outputs/objects/door/door_002/generated.urdf,/mnt/zsn/data/particulate/datasets/Articulated-Object-Code/renders/uniform660_one_per_category_studio_256_v1/door/door_002/imgs/000.png,72386,4332e3a2137668624e42f424eaceea32e773419fc1d495176280cb3af38f43b5,#4354eb
AR0160,door_knob_with_latch_mechanism,door_knob_with_latch_mechanism_000,159,/mnt/zsn/lyb/arti-skill/exp/Articulated-Object-Code/released_outputs/objects/door_knob_with_latch_mechanism/door_knob_with_latch_mechanism_000,/mnt/zsn/lyb/arti-skill/exp/Articulated-Object-Code/released_outputs/objects/door_knob_with_latch_mechanism/door_knob_with_latch_mechanism_000/generated.urdf,/mnt/zsn/data/particulate/datasets/Articulated-Object-Code/renders/uniform660_one_per_category_studio_256_v1/door_knob_with_latch_mechanism/door_knob_with_latch_mechanism_000/imgs/000.png,72117,bbec79123ae548c145bdab2ed2573c4a467027008e708513e89e03369440407a,#7feb38
AR0161,drafting_table_with_adjustable_tilt_surface,drafting_table_with_adjustable_tilt_surface_000,160,/mnt/zsn/lyb/arti-skill/exp/Articulated-Object-Code/released_outputs/objects/drafting_table_with_adjustable_tilt_surface/drafting_table_with_adjustable_tilt_surface_000,/mnt/zsn/lyb/arti-skill/exp/Articulated-Object-Code/released_outputs/objects/drafting_table_with_adjustable_tilt_surface/drafting_table_with_adjustable_tilt_surface_000/generated.urdf,/mnt/zsn/data/particulate/datasets/Articulated-Object-Code/renders/uniform660_one_per_category_studio_256_v1/drafting_table_with_adjustable_tilt_surface/drafting_table_with_adjustable_tilt_surface_000/imgs/000.png,75586,921ffd05d3694076c80a7624f29c5567b0a0bf9f295c00def08fd404d0375729,#b84d96
AR0162,drawer,drawer_003,161,/mnt/zsn/lyb/arti-skill/exp/Articulated-Object-Code/released_outputs/objects/drawer/drawer_003,/mnt/zsn/lyb/arti-skill/exp/Articulated-Object-Code/released_outputs/objects/drawer/drawer_003/generated.urdf,/mnt/zsn/data/particulate/datasets/Articulated-Object-Code/renders/uniform660_one_per_category_studio_256_v1/drawer/drawer_003/imgs/000.png,72059,92261d9a5febc27da30f0292d484fc069ed6446c921265da9284c8c7cf3e6b8a,#45b5b8
AR0163,drawer_with_five_cabinets,drawer_with_five_cabinets_000,162,/mnt/zsn/lyb/arti-skill/exp/Articulated-Object-Code/released_outputs/objects/drawer_with_five_cabinets/drawer_with_five_cabinets_000,/mnt/zsn/lyb/arti-skill/exp/Articulated-Object-Code/released_outputs/objects/drawer_with_five_cabinets/drawer_with_five_cabinets_000/generated.urdf,/mnt/zsn/data/particulate/datasets/Articulated-Object-Code/renders/uniform660_one_per_category_studio_256_v1/drawer_with_five_cabinets/drawer_with_five_cabinets_000/imgs/000.png,72131,2b5dbf2cbe8d112233f7b1d3bfc14222eb0f08288a9a71dee7d82cfb5e0003c2,#b8963d
AR0164,drawer_with_three_cabinets,drawer_with_three_cabinets_000,163,/mnt/zsn/lyb/arti-skill/exp/Articulated-Object-Code/released_outputs/objects/drawer_with_three_cabinets/drawer_with_three_cabinets_000,/mnt/zsn/lyb/arti-skill/exp/Articulated-Object-Code/released_outputs/objects/drawer_with_three_cabinets/drawer_with_three_cabinets_000/generated.urdf,/mnt/zsn/data/particulate/datasets/Articulated-Object-Code/renders/uniform660_one_per_category_studio_256_v1/drawer_with_three_cabinets/drawer_with_three_cabinets_000/imgs/000.png,71627,862cc4d570f1450f013cfcd21eed2ca9532c51a972d6bdb27da068f5a6c05420,#6e34b8
AR0165,drawer_with_two_doors,drawer_with_two_doors_007,164,/mnt/zsn/lyb/arti-skill/exp/Articulated-Object-Code/released_outputs/objects/drawer_with_two_doors/drawer_with_two_doors_007,/mnt/zsn/lyb/arti-skill/exp/Articulated-Object-Code/released_outputs/objects/drawer_with_two_doors/drawer_with_two_doors_007/generated.urdf,/mnt/zsn/data/particulate/datasets/Articulated-Object-Code/renders/uniform660_one_per_category_studio_256_v1/drawer_with_two_doors/drawer_with_two_doors_007/imgs/000.png,72037,4337292c46f21ba4a0e17bb1823f5074f08636552bac52d8ad4e7628a8a76cbd,#2cb840
AR0166,drawer_with_two_doors_on_the_downside_and_one_ca,drawer_with_two_doors_on_the_downside_and_one_ca_000,165,/mnt/zsn/lyb/arti-skill/exp/Articulated-Object-Code/released_outputs/objects/drawer_with_two_doors_on_the_downside_and_one_ca/drawer_with_two_doors_on_the_downside_and_one_ca_000,/mnt/zsn/lyb/arti-skill/exp/Articulated-Object-Code/released_outputs/objects/drawer_with_two_doors_on_the_downside_and_one_ca/drawer_with_two_doors_on_the_downside_and_one_ca_000/generated.urdf,/mnt/zsn/data/particulate/datasets/Articulated-Object-Code/renders/uniform660_one_per_category_studio_256_v1/drawer_with_two_doors_on_the_downside_and_one_ca/drawer_with_two_doors_on_the_downside_and_one_ca_000/imgs/000.png,73013,5d331474d033b680007b80355d94b94ef98cb719e57565f023044d40b8a01873,#c95465
AR0167,drawing_compass_with_adjustable_legs,drawing_compass_with_adjustable_legs_002,166,/mnt/zsn/lyb/arti-skill/exp/Articulated-Object-Code/released_outputs/objects/drawing_compass_with_adjustable_legs/drawing_compass_with_adjustable_legs_002,/mnt/zsn/lyb/arti-skill/exp/Articulated-Object-Code/released_outputs/objects/drawing_compass_with_adjustable_legs/drawing_compass_with_adjustable_legs_002/generated.urdf,/mnt/zsn/data/particulate/datasets/Articulated-Object-Code/renders/uniform660_one_per_category_studio_256_v1/drawing_compass_with_adjustable_legs/drawing_compass_with_adjustable_legs_002/imgs/000.png,69225,2dab8e36350b359f9e33381ceece17f6cc51ef24b982733872ca53ac7defc0c7,#4b82c9
AR0168,drum_brake_with_shoes_and_cylinder,drum_brake_with_shoes_and_cylinder_000,167,/mnt/zsn/lyb/arti-skill/exp/Articulated-Object-Code/released_outputs/objects/drum_brake_with_shoes_and_cylinder/drum_brake_with_shoes_and_cylinder_000,/mnt/zsn/lyb/arti-skill/exp/Articulated-Object-Code/released_outputs/objects/drum_brake_with_shoes_and_cylinder/drum_brake_with_shoes_and_cylinder_000/generated.urdf,/mnt/zsn/data/particulate/datasets/Articulated-Object-Code/renders/uniform660_one_per_category_studio_256_v1/drum_brake_with_shoes_and_cylinder/drum_brake_with_shoes_and_cylinder_000/imgs/000.png,73024,9da771789eff9ee9950b9e297f1b86fd5af95a9912caf7963cb358d8103dffe9,#a4c942
AR0169,drum_pedal_with_beater_and_spring_return,drum_pedal_with_beater_and_spring_return_000,168,/mnt/zsn/lyb/arti-skill/exp/Articulated-Object-Code/released_outputs/objects/drum_pedal_with_beater_and_spring_return/drum_pedal_with_beater_and_spring_return_000,/mnt/zsn/lyb/arti-skill/exp/Articulated-Object-Code/released_outputs/objects/drum_pedal_with_beater_and_spring_return/drum_pedal_with_beater_and_spring_return_000/generated.urdf,/mnt/zsn/data/particulate/datasets/Articulated-Object-Code/renders/uniform660_one_per_category_studio_256_v1/drum_pedal_with_beater_and_spring_return/drum_pedal_with_beater_and_spring_return_000/imgs/000.png,72276,e4a27368b785630b4d0c7876b605d4b87821b4e029024799f5c0a2797b9c31ab,#c539c9
AR0170,dslr_camera_with_interchangeable,dslr_camera_with_interchangeable_000,169,/mnt/zsn/lyb/arti-skill/exp/Articulated-Object-Code/released_outputs/objects/dslr_camera_with_interchangeable/dslr_camera_with_interchangeable_000,/mnt/zsn/lyb/arti-skill/exp/Articulated-Object-Code/released_outputs/objects/dslr_camera_with_interchangeable/dslr_camera_with_interchangeable_000/generated.urdf,/mnt/zsn/data/particulate/datasets/Articulated-Object-Code/renders/uniform660_one_per_category_studio_256_v1/dslr_camera_with_interchangeable/dslr_camera_with_interchangeable_000/imgs/000.png,70911,546c6033b0042e7b57ef2a1a7f0abbc03f61cccdd83adf748924f40a5c945bdd,#30c999
AR0171,dual_flush_toilet_with_water_conservation,dual_flush_toilet_with_water_conservation_000,170,/mnt/zsn/lyb/arti-skill/exp/Articulated-Object-Code/released_outputs/objects/dual_flush_toilet_with_water_conservation/dual_flush_toilet_with_water_conservation_000,/mnt/zsn/lyb/arti-skill/exp/Articulated-Object-Code/released_outputs/objects/dual_flush_toilet_with_water_conservation/dual_flush_toilet_with_water_conservation_000/generated.urdf,/mnt/zsn/data/particulate/datasets/Articulated-Object-Code/renders/uniform660_one_per_category_studio_256_v1/dual_flush_toilet_with_water_conservation/dual_flush_toilet_with_water_conservation_000/imgs/000.png,72042,0f2e22253b90b223e6ed3a9ee26b86a2269ff98b809f0b4301051634b295f484,#da8d5b
AR0172,dual_sport_motorcycle_featuring_chain_drive,dual_sport_motorcycle_featuring_chain_drive_000,171,/mnt/zsn/lyb/arti-skill/exp/Articulated-Object-Code/released_outputs/objects/dual_sport_motorcycle_featuring_chain_drive/dual_sport_motorcycle_featuring_chain_drive_000,/mnt/zsn/lyb/arti-skill/exp/Articulated-Object-Code/released_outputs/objects/dual_sport_motorcycle_featuring_chain_drive/dual_sport_motorcycle_featuring_chain_drive_000/generated.urdf,/mnt/zsn/data/particulate/datasets/Articulated-Object-Code/renders/uniform660_one_per_category_studio_256_v1/dual_sport_motorcycle_featuring_chain_drive/dual_sport_motorcycle_featuring_chain_drive_000/imgs/000.png,71403,e64283edfd242bb94d2f58b64429af4be19405f704b7d5ab2743133bc4d7a886,#6052da
AR0173,dual_sport_motorcycle_featuring_chain_drive_and_di,dual_sport_motorcycle_featuring_chain_drive_and_di_000,172,/mnt/zsn/lyb/arti-skill/exp/Articulated-Object-Code/released_outputs/objects/dual_sport_motorcycle_featuring_chain_drive_and_di/dual_sport_motorcycle_featuring_chain_drive_and_di_000,/mnt/zsn/lyb/arti-skill/exp/Articulated-Object-Code/released_outputs/objects/dual_sport_motorcycle_featuring_chain_drive_and_di/dual_sport_motorcycle_featuring_chain_drive_and_di_000/generated.urdf,/mnt/zsn/data/particulate/datasets/Articulated-Object-Code/renders/uniform660_one_per_category_studio_256_v1/dual_sport_motorcycle_featuring_chain_drive_and_di/dual_sport_motorcycle_featuring_chain_drive_and_di_000/imgs/000.png,73971,701d56b9aa55628fc05002397affd66d0bda9e5650eca962d3c9ac58a3226ce4,#63da48
AR0174,dutch_door_with_split_panels,dutch_door_with_split_panels_000,173,/mnt/zsn/lyb/arti-skill/exp/Articulated-Object-Code/released_outputs/objects/dutch_door_with_split_panels/dutch_door_with_split_panels_000,/mnt/zsn/lyb/arti-skill/exp/Articulated-Object-Code/released_outputs/objects/dutch_door_with_split_panels/dutch_door_with_split_panels_000/generated.urdf,/mnt/zsn/data/particulate/datasets/Articulated-Object-Code/renders/uniform660_one_per_category_studio_256_v1/dutch_door_with_split_panels/dutch_door_with_split_panels_000/imgs/000.png,70334,b6df185e2ccde95016e9096d4ed7992ce52b120b4949e4b4ff00b1b9e1733289,#da3e89
AR0175,electric_ceiling_fan_with_reversible,electric_ceiling_fan_with_reversible_003,174,/mnt/zsn/lyb/arti-skill/exp/Articulated-Object-Code/released_outputs/objects/electric_ceiling_fan_with_reversible/electric_ceiling_fan_with_reversible_003,/mnt/zsn/lyb/arti-skill/exp/Articulated-Object-Code/released_outputs/objects/electric_ceiling_fan_with_reversible/electric_ceiling_fan_with_reversible_003/generated.urdf,/mnt/zsn/data/particulate/datasets/Articulated-Object-Code/renders/uniform660_one_per_category_studio_256_v1/electric_ceiling_fan_with_reversible/electric_ceiling_fan_with_reversible_003/imgs/000.png,71518,6bfe35e19d365e48e62877598a39ea523436bb1eb98af34df978243f15ff01a5,#34b4da
AR0176,electric_ceiling_fan_with_reversible_motor,electric_ceiling_fan_with_reversible_motor_000,175,/mnt/zsn/lyb/arti-skill/exp/Articulated-Object-Code/released_outputs/objects/electric_ceiling_fan_with_reversible_motor/electric_ceiling_fan_with_reversible_motor_000,/mnt/zsn/lyb/arti-skill/exp/Articulated-Object-Code/released_outputs/objects/electric_ceiling_fan_with_reversible_motor/electric_ceiling_fan_with_reversible_motor_000/generated.urdf,/mnt/zsn/data/particulate/datasets/Articulated-Object-Code/renders/uniform660_one_per_category_studio_256_v1/electric_ceiling_fan_with_reversible_motor/electric_ceiling_fan_with_reversible_motor_000/imgs/000.png,72141,d3a87654d3ddc95e7bfd385ff7b812027fa04d30dab87dc1ccbf44a96170036f,#ebe263
AR0177,electric_golf_cart_with_regenerative,electric_golf_cart_with_regenerative_000,176,/mnt/zsn/lyb/arti-skill/exp/Articulated-Object-Code/released_outputs/objects/electric_golf_cart_with_regenerative/electric_golf_cart_with_regenerative_000,/mnt/zsn/lyb/arti-skill/exp/Articulated-Object-Code/released_outputs/objects/electric_golf_cart_with_regenerative/electric_golf_cart_with_regenerative_000/generated.urdf,/mnt/zsn/data/particulate/datasets/Articulated-Object-Code/renders/uniform660_one_per_category_studio_256_v1/electric_golf_cart_with_regenerative/electric_golf_cart_with_regenerative_000/imgs/000.png,75613,bb43336bb60ceea054876d370414d5a92111fcfe9fe04498eb3bc44648e98fdb,#b658eb
AR0178,electric_skateboard_featuring_regenerative_braking,electric_skateboard_featuring_regenerative_braking_000,177,/mnt/zsn/lyb/arti-skill/exp/Articulated-Object-Code/released_outputs/objects/electric_skateboard_featuring_regenerative_braking/electric_skateboard_featuring_regenerative_braking_000,/mnt/zsn/lyb/arti-skill/exp/Articulated-Object-Code/released_outputs/objects/electric_skateboard_featuring_regenerative_braking/electric_skateboard_featuring_regenerative_braking_000/generated.urdf,/mnt/zsn/data/particulate/datasets/Articulated-Object-Code/renders/uniform660_one_per_category_studio_256_v1/electric_skateboard_featuring_regenerative_braking/electric_skateboard_featuring_regenerative_braking_000/imgs/000.png,69548,655e95c4fb75140bc65ce585ba6bb8f005066669af6dec003315a5b84e928eab,#4deb85
AR0179,electric_stapler_featuring_automatic_feeding,electric_stapler_featuring_automatic_feeding_000,178,/mnt/zsn/lyb/arti-skill/exp/Articulated-Object-Code/released_outputs/objects/electric_stapler_featuring_automatic_feeding/electric_stapler_featuring_automatic_feeding_000,/mnt/zsn/lyb/arti-skill/exp/Articulated-Object-Code/released_outputs/objects/electric_stapler_featuring_automatic_feeding/electric_stapler_featuring_automatic_feeding_000/generated.urdf,/mnt/zsn/data/particulate/datasets/Articulated-Object-Code/renders/uniform660_one_per_category_studio_256_v1/electric_stapler_featuring_automatic_feeding/electric_stapler_featuring_automatic_feeding_000/imgs/000.png,69604,ff0ae9d9fa7debd0e2bfc72ebc7d00c77570de10090b75687f05192e39ef73bb,#eb4d43
AR0180,electric_stapler_featuring_automatic_feeding_and_p,electric_stapler_featuring_automatic_feeding_and_p_000,179,/mnt/zsn/lyb/arti-skill/exp/Articulated-Object-Code/released_outputs/objects/electric_stapler_featuring_automatic_feeding_and_p/electric_stapler_featuring_automatic_feeding_and_p_000,/mnt/zsn/lyb/arti-skill/exp/Articulated-Object-Code/released_outputs/objects/electric_stapler_featuring_automatic_feeding_and_p/electric_stapler_featuring_automatic_feeding_and_p_000/generated.urdf,/mnt/zsn/data/particulate/datasets/Articulated-Object-Code/renders/uniform660_one_per_category_studio_256_v1/electric_stapler_featuring_automatic_feeding_and_p/electric_stapler_featuring_automatic_feeding_and_p_000/imgs/000.png,71195,9c5085b105e844fd089a230fca329c0ad15d7073352173ad21abf4bae54e9405,#3862eb
AR0181,elevator_call_button_panel,elevator_call_button_panel_000,180,/mnt/zsn/lyb/arti-skill/exp/Articulated-Object-Code/released_outputs/objects/elevator_call_button_panel/elevator_call_button_panel_000,/mnt/zsn/lyb/arti-skill/exp/Articulated-Object-Code/released_outputs/objects/elevator_call_button_panel/elevator_call_button_panel_000/generated.urdf,/mnt/zsn/data/particulate/datasets/Articulated-Object-Code/renders/uniform660_one_per_category_studio_256_v1/elevator_call_button_panel/elevator_call_button_panel_000/imgs/000.png,71459,86bff7743e09613a1c2b07e5ac3c65d4efa4cbdcc6e7aeb6ebee30895152a23e,#85b84d
AR0182,energy_efficient_dishwasher_featuring_adjustable_upper,energy_efficient_dishwasher_featuring_adjustable_upper_000,181,/mnt/zsn/lyb/arti-skill/exp/Articulated-Object-Code/released_outputs/objects/energy_efficient_dishwasher_featuring_adjustable_upper/energy_efficient_dishwasher_featuring_adjustable_upper_000,/mnt/zsn/lyb/arti-skill/exp/Articulated-Object-Code/released_outputs/objects/energy_efficient_dishwasher_featuring_adjustable_upper/energy_efficient_dishwasher_featuring_adjustable_upper_000/generated.urdf,/mnt/zsn/data/particulate/datasets/Articulated-Object-Code/renders/uniform660_one_per_category_studio_256_v1/energy_efficient_dishwasher_featuring_adjustable_upper/energy_efficient_dishwasher_featuring_adjustable_upper_000/imgs/000.png,73850,844cba5f3f646f1cf4cb7bf48a0e6dbec85df8e3654a9d3f23778b469132dce6,#b845a2
AR0183,energy_efficient_refrigerator_with_adjustable_shel,energy_efficient_refrigerator_with_adjustable_shel_000,182,/mnt/zsn/lyb/arti-skill/exp/Articulated-Object-Code/released_outputs/objects/energy_efficient_refrigerator_with_adjustable_shel/energy_efficient_refrigerator_with_adjustable_shel_000,/mnt/zsn/lyb/arti-skill/exp/Articulated-Object-Code/released_outputs/objects/energy_efficient_refrigerator_with_adjustable_shel/energy_efficient_refrigerator_with_adjustable_shel_000/generated.urdf,/mnt/zsn/data/particulate/datasets/Articulated-Object-Code/renders/uniform660_one_per_category_studio_256_v1/energy_efficient_refrigerator_with_adjustable_shel/energy_efficient_refrigerator_with_adjustable_shel_000/imgs/000.png,71595,1f93ec227bd5a4f57ea3a8ddef3bf92bdc23fe9453d2513ec1771bd131fd9f19,#3db8aa
AR0184,energy_efficient_refrigerator_with_adjustable_shelving,energy_efficient_refrigerator_with_adjustable_shelving_001,183,/mnt/zsn/lyb/arti-skill/exp/Articulated-Object-Code/released_outputs/objects/energy_efficient_refrigerator_with_adjustable_shelving/energy_efficient_refrigerator_with_adjustable_shelving_001,/mnt/zsn/lyb/arti-skill/exp/Articulated-Object-Code/released_outputs/objects/energy_efficient_refrigerator_with_adjustable_shelving/energy_efficient_refrigerator_with_adjustable_shelving_001/generated.urdf,/mnt/zsn/data/particulate/datasets/Articulated-Object-Code/renders/uniform660_one_per_category_studio_256_v1/energy_efficient_refrigerator_with_adjustable_shelving/energy_efficient_refrigerator_with_adjustable_shelving_001/imgs/000.png,72315,42997b11093cf0ac179111d0d7a724a7ea4a8ca8876bad057c9ad18117835cc5,#b88334
AR0185,ergonomic_clamp_with_adjustable,ergonomic_clamp_with_adjustable_001,184,/mnt/zsn/lyb/arti-skill/exp/Articulated-Object-Code/released_outputs/objects/ergonomic_clamp_with_adjustable/ergonomic_clamp_with_adjustable_001,/mnt/zsn/lyb/arti-skill/exp/Articulated-Object-Code/released_outputs/objects/ergonomic_clamp_with_adjustable/ergonomic_clamp_with_adjustable_001/generated.urdf,/mnt/zsn/data/particulate/datasets/Articulated-Object-Code/renders/uniform660_one_per_category_studio_256_v1/ergonomic_clamp_with_adjustable/ergonomic_clamp_with_adjustable_001/imgs/000.png,71299,534b3e16fd425048f3267c2e8d1217212ea2aeba85e0d33465a22be161f8eb92,#572cb8
AR0186,ergonomic_clamp_with_adjustable_components,ergonomic_clamp_with_adjustable_components_000,185,/mnt/zsn/lyb/arti-skill/exp/Articulated-Object-Code/released_outputs/objects/ergonomic_clamp_with_adjustable_components/ergonomic_clamp_with_adjustable_components_000,/mnt/zsn/lyb/arti-skill/exp/Articulated-Object-Code/released_outputs/objects/ergonomic_clamp_with_adjustable_components/ergonomic_clamp_with_adjustable_components_000/generated.urdf,/mnt/zsn/data/particulate/datasets/Articulated-Object-Code/renders/uniform660_one_per_category_studio_256_v1/ergonomic_clamp_with_adjustable_components/ergonomic_clamp_with_adjustable_components_000/imgs/000.png,68377,010089f5cda2e8f4224ad1a3827e53ce6618a4c73075bce4ca4ca995247f5908,#54c956
AR0187,ergonomic_crimping_tool_with,ergonomic_crimping_tool_with_000,186,/mnt/zsn/lyb/arti-skill/exp/Articulated-Object-Code/released_outputs/objects/ergonomic_crimping_tool_with/ergonomic_crimping_tool_with_000,/mnt/zsn/lyb/arti-skill/exp/Articulated-Object-Code/released_outputs/objects/ergonomic_crimping_tool_with/ergonomic_crimping_tool_with_000/generated.urdf,/mnt/zsn/data/particulate/datasets/Articulated-Object-Code/renders/uniform660_one_per_category_studio_256_v1/ergonomic_crimping_tool_with/ergonomic_crimping_tool_with_000/imgs/000.png,72532,2c8faefb5a5f91778800ea79b5e180d94a7120274ad1bb15bf97e13f356cea29,#c94b6e
AR0188,ergonomic_office_chair,ergonomic_office_chair_001,187,/mnt/zsn/lyb/arti-skill/exp/Articulated-Object-Code/released_outputs/objects/ergonomic_office_chair/ergonomic_office_chair_001,/mnt/zsn/lyb/arti-skill/exp/Articulated-Object-Code/released_outputs/objects/ergonomic_office_chair/ergonomic_office_chair_001/generated.urdf,/mnt/zsn/data/particulate/datasets/Articulated-Object-Code/renders/uniform660_one_per_category_studio_256_v1/ergonomic_office_chair/ergonomic_office_chair_001/imgs/000.png,74328,8ee90223c6939184f6c20bea4aec1267b2d49f8aff9a88b6eafa0da28cd829d8,#428ec9
AR0189,ergonomic_office_chair_incorporating,ergonomic_office_chair_incorporating_002,188,/mnt/zsn/lyb/arti-skill/exp/Articulated-Object-Code/released_outputs/objects/ergonomic_office_chair_incorporating/ergonomic_office_chair_incorporating_002,/mnt/zsn/lyb/arti-skill/exp/Articulated-Object-Code/released_outputs/objects/ergonomic_office_chair_incorporating/ergonomic_office_chair_incorporating_002/generated.urdf,/mnt/zsn/data/particulate/datasets/Articulated-Object-Code/renders/uniform660_one_per_category_studio_256_v1/ergonomic_office_chair_incorporating/ergonomic_office_chair_incorporating_002/imgs/000.png,73219,2535e7892627173c5fbd40f7b44460306e1344f8892dfaa37478661d645866e5,#b4c939
AR0190,ergonomic_office_chair_incorporating_a_pneumati,ergonomic_office_chair_incorporating_a_pneumati_000,189,/mnt/zsn/lyb/arti-skill/exp/Articulated-Object-Code/released_outputs/objects/ergonomic_office_chair_incorporating_a_pneumati/ergonomic_office_chair_incorporating_a_pneumati_000,/mnt/zsn/lyb/arti-skill/exp/Articulated-Object-Code/released_outputs/objects/ergonomic_office_chair_incorporating_a_pneumati/ergonomic_office_chair_incorporating_a_pneumati_000/generated.urdf,/mnt/zsn/data/particulate/datasets/Articulated-Object-Code/renders/uniform660_one_per_category_studio_256_v1/ergonomic_office_chair_incorporating_a_pneumati/ergonomic_office_chair_incorporating_a_pneumati_000/imgs/000.png,73466,69ce0b3671a1612f6908904bc26d768aca1f33b8e36c2ddf06ec7fc779a42e9d,#b230c9
AR0191,ergonomic_tool_chest_with_adjustable_components,ergonomic_tool_chest_with_adjustable_components_000,190,/mnt/zsn/lyb/arti-skill/exp/Articulated-Object-Code/released_outputs/objects/ergonomic_tool_chest_with_adjustable_components/ergonomic_tool_chest_with_adjustable_components_000,/mnt/zsn/lyb/arti-skill/exp/Articulated-Object-Code/released_outputs/objects/ergonomic_tool_chest_with_adjustable_components/ergonomic_tool_chest_with_adjustable_components_000/generated.urdf,/mnt/zsn/data/particulate/datasets/Articulated-Object-Code/renders/uniform660_one_per_category_studio_256_v1/ergonomic_tool_chest_with_adjustable_components/ergonomic_tool_chest_with_adjustable_components_000/imgs/000.png,73839,02555143b8b3978f6255de0a64786adae541343ee625f3a1d0455409eb86c1ed,#5bdaa2
AR0192,escalator_step_with_track_system,escalator_step_with_track_system_000,191,/mnt/zsn/lyb/arti-skill/exp/Articulated-Object-Code/released_outputs/objects/escalator_step_with_track_system/escalator_step_with_track_system_000,/mnt/zsn/lyb/arti-skill/exp/Articulated-Object-Code/released_outputs/objects/escalator_step_with_track_system/escalator_step_with_track_system_000/generated.urdf,/mnt/zsn/data/particulate/datasets/Articulated-Object-Code/renders/uniform660_one_per_category_studio_256_v1/escalator_step_with_track_system/escalator_step_with_track_system_000/imgs/000.png,78497,60ab958ff8fd2218f65b5a428bafe69a79884991070a12972568836ee3c0b5e9,#da7652
AR0193,espresso_machine_with_steam,espresso_machine_with_steam_001,192,/mnt/zsn/lyb/arti-skill/exp/Articulated-Object-Code/released_outputs/objects/espresso_machine_with_steam/espresso_machine_with_steam_001,/mnt/zsn/lyb/arti-skill/exp/Articulated-Object-Code/released_outputs/objects/espresso_machine_with_steam/espresso_machine_with_steam_001/generated.urdf,/mnt/zsn/data/particulate/datasets/Articulated-Object-Code/renders/uniform660_one_per_category_studio_256_v1/espresso_machine_with_steam/espresso_machine_with_steam_001/imgs/000.png,75898,086e10009d49e26da113d857f7ed846411066f5759c1897d187f85af4ee96c26,#484bda
AR0194,espresso_machine_with_steam_wand,espresso_machine_with_steam_wand_000,193,/mnt/zsn/lyb/arti-skill/exp/Articulated-Object-Code/released_outputs/objects/espresso_machine_with_steam_wand/espresso_machine_with_steam_wand_000,/mnt/zsn/lyb/arti-skill/exp/Articulated-Object-Code/released_outputs/objects/espresso_machine_with_steam_wand/espresso_machine_with_steam_wand_000/generated.urdf,/mnt/zsn/data/particulate/datasets/Articulated-Object-Code/renders/uniform660_one_per_category_studio_256_v1/espresso_machine_with_steam_wand/espresso_machine_with_steam_wand_000/imgs/000.png,71169,2c55b1fd8ad2f2492cb81bd38a19922fd4d5ee743c9c0fe044c350181650c857,#6fda3e
AR0195,excavator_arm,excavator_arm_005,194,/mnt/zsn/lyb/arti-skill/exp/Articulated-Object-Code/released_outputs/objects/excavator_arm/excavator_arm_005,/mnt/zsn/lyb/arti-skill/exp/Articulated-Object-Code/released_outputs/objects/excavator_arm/excavator_arm_005/generated.urdf,/mnt/zsn/data/particulate/datasets/Articulated-Object-Code/renders/uniform660_one_per_category_studio_256_v1/excavator_arm/excavator_arm_005/imgs/000.png,68601,c530fe3ab97e3be82a1c3d8d08ad4c9e99e44834c76d14582f424a9dfabf42f5,#da3499
AR0196,excavator_arm_is_a,excavator_arm_is_a_003,195,/mnt/zsn/lyb/arti-skill/exp/Articulated-Object-Code/released_outputs/objects/excavator_arm_is_a/excavator_arm_is_a_003,/mnt/zsn/lyb/arti-skill/exp/Articulated-Object-Code/released_outputs/objects/excavator_arm_is_a/excavator_arm_is_a_003/generated.urdf,/mnt/zsn/data/particulate/datasets/Articulated-Object-Code/renders/uniform660_one_per_category_studio_256_v1/excavator_arm_is_a/excavator_arm_is_a_003/imgs/000.png,65236,e8429058f478255c0f1bedef228e0e7fada9af6b6bc758fda35ad850bf479acd,#63ddeb
AR0197,excavator_arm_is_a_multi_jointed_appendage_atta,excavator_arm_is_a_multi_jointed_appendage_atta_000,196,/mnt/zsn/lyb/arti-skill/exp/Articulated-Object-Code/released_outputs/objects/excavator_arm_is_a_multi_jointed_appendage_atta/excavator_arm_is_a_multi_jointed_appendage_atta_000,/mnt/zsn/lyb/arti-skill/exp/Articulated-Object-Code/released_outputs/objects/excavator_arm_is_a_multi_jointed_appendage_atta/excavator_arm_is_a_multi_jointed_appendage_atta_000/generated.urdf,/mnt/zsn/data/particulate/datasets/Articulated-Object-Code/renders/uniform660_one_per_category_studio_256_v1/excavator_arm_is_a_multi_jointed_appendage_atta/excavator_arm_is_a_multi_jointed_appendage_atta_000/imgs/000.png,71034,4bce318a27b31a27f56686f0ea5be6f930a786de97d2e4670880de176475ab8c,#ebce58
AR0198,excavator_armvenetian_blinds,excavator_armvenetian_blinds_002,197,/mnt/zsn/lyb/arti-skill/exp/Articulated-Object-Code/released_outputs/objects/excavator_armvenetian_blinds/excavator_armvenetian_blinds_002,/mnt/zsn/lyb/arti-skill/exp/Articulated-Object-Code/released_outputs/objects/excavator_armvenetian_blinds/excavator_armvenetian_blinds_002/generated.urdf,/mnt/zsn/data/particulate/datasets/Articulated-Object-Code/renders/uniform660_one_per_category_studio_256_v1/excavator_armvenetian_blinds/excavator_armvenetian_blinds_002/imgs/000.png,71817,68c961d09a30f5ba7691c4ebd90eb38f423d6b1028a3877e249016970f6dbe8f,#9f4deb
AR0199,expandable_binder_with_adjustable_capacity,expandable_binder_with_adjustable_capacity_000,198,/mnt/zsn/lyb/arti-skill/exp/Articulated-Object-Code/released_outputs/objects/expandable_binder_with_adjustable_capacity/expandable_binder_with_adjustable_capacity_000,/mnt/zsn/lyb/arti-skill/exp/Articulated-Object-Code/released_outputs/objects/expandable_binder_with_adjustable_capacity/expandable_binder_with_adjustable_capacity_000/generated.urdf,/mnt/zsn/data/particulate/datasets/Articulated-Object-Code/renders/uniform660_one_per_category_studio_256_v1/expandable_binder_with_adjustable_capacity/expandable_binder_with_adjustable_capacity_000/imgs/000.png,76843,ced83ef01607ad93bbb7e242eecd93fba52bd164f7cebcad62a05d7c8934375b,#43eb68
AR0200,exterior_door_with_deadbolt,exterior_door_with_deadbolt_001,199,/mnt/zsn/lyb/arti-skill/exp/Articulated-Object-Code/released_outputs/objects/exterior_door_with_deadbolt/exterior_door_with_deadbolt_001,/mnt/zsn/lyb/arti-skill/exp/Articulated-Object-Code/released_outputs/objects/exterior_door_with_deadbolt/exterior_door_with_deadbolt_001/generated.urdf,/mnt/zsn/data/particulate/datasets/Articulated-Object-Code/renders/uniform660_one_per_category_studio_256_v1/exterior_door_with_deadbolt/exterior_door_with_deadbolt_001/imgs/000.png,72067,61fc8fef5b2f3b69a0750cf455def95adcbc8659b51f95815119d9baa4dcd7d9,#eb3844
AR0201,exterior_door_with_deadbolt_locking_system,exterior_door_with_deadbolt_locking_system_000,200,/mnt/zsn/lyb/arti-skill/exp/Articulated-Object-Code/released_outputs/objects/exterior_door_with_deadbolt_locking_system/exterior_door_with_deadbolt_locking_system_000,/mnt/zsn/lyb/arti-skill/exp/Articulated-Object-Code/released_outputs/objects/exterior_door_with_deadbolt_locking_system/exterior_door_with_deadbolt_locking_system_000/generated.urdf,/mnt/zsn/data/particulate/datasets/Articulated-Object-Code/renders/uniform660_one_per_category_studio_256_v1/exterior_door_with_deadbolt_locking_system/exterior_door_with_deadbolt_locking_system_000/imgs/000.png,69125,0b20d4c9a3784e42bef984e8f825ead5802f9c27f078fa5788932ae217d1878c,#4d73b8
AR0202,exterior_shutter_with_weather_resistant_constructi,exterior_shutter_with_weather_resistant_constructi_000,201,/mnt/zsn/lyb/arti-skill/exp/Articulated-Object-Code/released_outputs/objects/exterior_shutter_with_weather_resistant_constructi/exterior_shutter_with_weather_resistant_constructi_000,/mnt/zsn/lyb/arti-skill/exp/Articulated-Object-Code/released_outputs/objects/exterior_shutter_with_weather_resistant_constructi/exterior_shutter_with_weather_resistant_constructi_000/generated.urdf,/mnt/zsn/data/particulate/datasets/Articulated-Object-Code/renders/uniform660_one_per_category_studio_256_v1/exterior_shutter_with_weather_resistant_constructi/exterior_shutter_with_weather_resistant_constructi_000/imgs/000.png,69438,d3d28e515d211d2a10724a6246b03d79ec81a0b50d64b26d9d056b4d319f7148,#90b845
AR0203,exterior_shutter_with_weather_resistant_construction,exterior_shutter_with_weather_resistant_construction_000,202,/mnt/zsn/lyb/arti-skill/exp/Articulated-Object-Code/released_outputs/objects/exterior_shutter_with_weather_resistant_construction/exterior_shutter_with_weather_resistant_construction_000,/mnt/zsn/lyb/arti-skill/exp/Articulated-Object-Code/released_outputs/objects/exterior_shutter_with_weather_resistant_construction/exterior_shutter_with_weather_resistant_construction_000/generated.urdf,/mnt/zsn/data/particulate/datasets/Articulated-Object-Code/renders/uniform660_one_per_category_studio_256_v1/exterior_shutter_with_weather_resistant_construction/exterior_shutter_with_weather_resistant_construction_000/imgs/000.png,75603,c328f478dea6eb760a883f7d1578aa616923fb6c5e5691d01216834ce5b57f55,#b83db1
AR0204,eyeglasses,eyeglasses_021,203,/mnt/zsn/lyb/arti-skill/exp/Articulated-Object-Code/released_outputs/objects/eyeglasses/eyeglasses_021,/mnt/zsn/lyb/arti-skill/exp/Articulated-Object-Code/released_outputs/objects/eyeglasses/eyeglasses_021/generated.urdf,/mnt/zsn/data/particulate/datasets/Articulated-Object-Code/renders/uniform660_one_per_category_studio_256_v1/eyeglasses/eyeglasses_021/imgs/000.png,68279,7d97b2d7fd2029f02ba3866590d1a33141dc000807aaed06d590869deb3a080a,#34b899
AR0205,fan,fan_001,204,/mnt/zsn/lyb/arti-skill/exp/Articulated-Object-Code/released_outputs/objects/fan/fan_001,/mnt/zsn/lyb/arti-skill/exp/Articulated-Object-Code/released_outputs/objects/fan/fan_001/generated.urdf,/mnt/zsn/data/particulate/datasets/Articulated-Object-Code/renders/uniform660_one_per_category_studio_256_v1/fan/fan_001/imgs/000.png,70548,84e75f28655a31ce0c8213bad84719e424f32f83cbb09356e8a6f792d749e750,#b86e2c
AR0206,fancy_window,fancy_window_001,205,/mnt/zsn/lyb/arti-skill/exp/Articulated-Object-Code/released_outputs/objects/fancy_window/fancy_window_001,/mnt/zsn/lyb/arti-skill/exp/Articulated-Object-Code/released_outputs/objects/fancy_window/fancy_window_001/generated.urdf,/mnt/zsn/data/particulate/datasets/Articulated-Object-Code/renders/uniform660_one_per_category_studio_256_v1/fancy_window/fancy_window_001/imgs/000.png,70212,65736cc8e86b9cb46604528aaec1a1f86eabc2ea63040c38b08a867896347987,#6954c9
AR0207,faucet,faucet_001,206,/mnt/zsn/lyb/arti-skill/exp/Articulated-Object-Code/released_outputs/objects/faucet/faucet_001,/mnt/zsn/lyb/arti-skill/exp/Articulated-Object-Code/released_outputs/objects/faucet/faucet_001/generated.urdf,/mnt/zsn/data/particulate/datasets/Articulated-Object-Code/renders/uniform660_one_per_category_studio_256_v1/faucet/faucet_001/imgs/000.png,69763,d31a9bf04bfcddc8b4b4747b15dca8a17b6719ba90b4c41dcc253a22f352b2ce,#59c94b
AR0208,ferris_wheel,ferris_wheel_032,207,/mnt/zsn/lyb/arti-skill/exp/Articulated-Object-Code/released_outputs/objects/ferris_wheel/ferris_wheel_032,/mnt/zsn/lyb/arti-skill/exp/Articulated-Object-Code/released_outputs/objects/ferris_wheel/ferris_wheel_032/generated.urdf,/mnt/zsn/data/particulate/datasets/Articulated-Object-Code/renders/uniform660_one_per_category_studio_256_v1/ferris_wheel/ferris_wheel_032/imgs/000.png,71750,0e726785abbc1fd2451e0b2d8a7da70feb5fe58fdf79504c74bf4a0920bc5577,#c94278
AR0209,ferris_wheel_consists_of,ferris_wheel_consists_of_001,208,/mnt/zsn/lyb/arti-skill/exp/Articulated-Object-Code/released_outputs/objects/ferris_wheel_consists_of/ferris_wheel_consists_of_001,/mnt/zsn/lyb/arti-skill/exp/Articulated-Object-Code/released_outputs/objects/ferris_wheel_consists_of/ferris_wheel_consists_of_001/generated.urdf,/mnt/zsn/data/particulate/datasets/Articulated-Object-Code/renders/uniform660_one_per_category_studio_256_v1/ferris_wheel_consists_of/ferris_wheel_consists_of_001/imgs/000.png,72799,5e66d13501f49d3a3de335820656c4accfef226123e29f0d8e478bd1af8384df,#399dc9
AR0210,ferris_wheel_good,ferris_wheel_good_000,209,/mnt/zsn/lyb/arti-skill/exp/Articulated-Object-Code/released_outputs/objects/ferris_wheel_good/ferris_wheel_good_000,/mnt/zsn/lyb/arti-skill/exp/Articulated-Object-Code/released_outputs/objects/ferris_wheel_good/ferris_wheel_good_000/generated.urdf,/mnt/zsn/data/particulate/datasets/Articulated-Object-Code/renders/uniform660_one_per_category_studio_256_v1/ferris_wheel_good/ferris_wheel_good_000/imgs/000.png,77020,07a7d5655e69171ec24cafe4576fb4e39d08c2b1204b353eb8b58263632154cd,#c6c930
AR0211,file_drawer_with_full_extension_slides,file_drawer_with_full_extension_slides_000,210,/mnt/zsn/lyb/arti-skill/exp/Articulated-Object-Code/released_outputs/objects/file_drawer_with_full_extension_slides/file_drawer_with_full_extension_slides_000,/mnt/zsn/lyb/arti-skill/exp/Articulated-Object-Code/released_outputs/objects/file_drawer_with_full_extension_slides/file_drawer_with_full_extension_slides_000/generated.urdf,/mnt/zsn/data/particulate/datasets/Articulated-Object-Code/renders/uniform660_one_per_category_studio_256_v1/file_drawer_with_full_extension_slides/file_drawer_with_full_extension_slides_000/imgs/000.png,70679,9dd4a1d3b1f0659b47ece7c014e90c56470c9488e440fc9a14482ce968d0dc76,#b75bda
AR0212,fire_extinguisher_with_squeeze_handle_and_nozzle,fire_extinguisher_with_squeeze_handle_and_nozzle_000,211,/mnt/zsn/lyb/arti-skill/exp/Articulated-Object-Code/released_outputs/objects/fire_extinguisher_with_squeeze_handle_and_nozzle/fire_extinguisher_with_squeeze_handle_and_nozzle_000,/mnt/zsn/lyb/arti-skill/exp/Articulated-Object-Code/released_outputs/objects/fire_extinguisher_with_squeeze_handle_and_nozzle/fire_extinguisher_with_squeeze_handle_and_nozzle_000/generated.urdf,/mnt/zsn/data/particulate/datasets/Articulated-Object-Code/renders/uniform660_one_per_category_studio_256_v1/fire_extinguisher_with_squeeze_handle_and_nozzle/fire_extinguisher_with_squeeze_handle_and_nozzle_000/imgs/000.png,70908,dd5fd94c3372c4a99e115fecd2384305b5cb429213c67595884fe7b7a1201f63,#52da8c
AR0213,fireproof_safe_with_digital_lock,fireproof_safe_with_digital_lock_002,212,/mnt/zsn/lyb/arti-skill/exp/Articulated-Object-Code/released_outputs/objects/fireproof_safe_with_digital_lock/fireproof_safe_with_digital_lock_002,/mnt/zsn/lyb/arti-skill/exp/Articulated-Object-Code/released_outputs/objects/fireproof_safe_with_digital_lock/fireproof_safe_with_digital_lock_002/generated.urdf,/mnt/zsn/data/particulate/datasets/Articulated-Object-Code/renders/uniform660_one_per_category_studio_256_v1/fireproof_safe_with_digital_lock/fireproof_safe_with_digital_lock_002/imgs/000.png,74240,bfa422edb05d4407150a25b964f73dfe5770577a92959d1332a26318113c258a,#da5c48
AR0214,flaring_tool_with_cone_and_clamp,flaring_tool_with_cone_and_clamp_000,213,/mnt/zsn/lyb/arti-skill/exp/Articulated-Object-Code/released_outputs/objects/flaring_tool_with_cone_and_clamp/flaring_tool_with_cone_and_clamp_000,/mnt/zsn/lyb/arti-skill/exp/Articulated-Object-Code/released_outputs/objects/flaring_tool_with_cone_and_clamp/flaring_tool_with_cone_and_clamp_000/generated.urdf,/mnt/zsn/data/particulate/datasets/Articulated-Object-Code/renders/uniform660_one_per_category_studio_256_v1/flaring_tool_with_cone_and_clamp/flaring_tool_with_cone_and_clamp_000/imgs/000.png,71536,71a240ac315e3057285a1bcf9680b249c1a21cc48253b761261db4f1e4f4d04c,#3e56da
AR0215,flatbed_scanner_with_high_resolution_imaging,flatbed_scanner_with_high_resolution_imaging_002,214,/mnt/zsn/lyb/arti-skill/exp/Articulated-Object-Code/released_outputs/objects/flatbed_scanner_with_high_resolution_imaging/flatbed_scanner_with_high_resolution_imaging_002,/mnt/zsn/lyb/arti-skill/exp/Articulated-Object-Code/released_outputs/objects/flatbed_scanner_with_high_resolution_imaging/flatbed_scanner_with_high_resolution_imaging_002/generated.urdf,/mnt/zsn/data/particulate/datasets/Articulated-Object-Code/renders/uniform660_one_per_category_studio_256_v1/flatbed_scanner_with_high_resolution_imaging/flatbed_scanner_with_high_resolution_imaging_002/imgs/000.png,76343,304002996f42106f65c3e4eb49a62bd4cd1111d0fae838e37851d33900404395,#7eda34
AR0216,flexible_conveyor_system_with_articulated,flexible_conveyor_system_with_articulated_000,215,/mnt/zsn/lyb/arti-skill/exp/Articulated-Object-Code/released_outputs/objects/flexible_conveyor_system_with_articulated/flexible_conveyor_system_with_articulated_000,/mnt/zsn/lyb/arti-skill/exp/Articulated-Object-Code/released_outputs/objects/flexible_conveyor_system_with_articulated/flexible_conveyor_system_with_articulated_000/generated.urdf,/mnt/zsn/data/particulate/datasets/Articulated-Object-Code/renders/uniform660_one_per_category_studio_256_v1/flexible_conveyor_system_with_articulated/flexible_conveyor_system_with_articulated_000/imgs/000.png,71408,a73b16b032a87d191980516049591b154ee00806bca3e4b1bcef4c9be200aa15,#eb63c7
AR0217,flexible_track_lighting_system_with,flexible_track_lighting_system_with_000,216,/mnt/zsn/lyb/arti-skill/exp/Articulated-Object-Code/released_outputs/objects/flexible_track_lighting_system_with/flexible_track_lighting_system_with_000,/mnt/zsn/lyb/arti-skill/exp/Articulated-Object-Code/released_outputs/objects/flexible_track_lighting_system_with/flexible_track_lighting_system_with_000/generated.urdf,/mnt/zsn/data/particulate/datasets/Articulated-Object-Code/renders/uniform660_one_per_category_studio_256_v1/flexible_track_lighting_system_with/flexible_track_lighting_system_with_000/imgs/000.png,69129,df97b0d1db3f4720f7b042d4452cd34fa3a8fa50382696694eb974eb7ea2890b,#58ebe7
AR0218,flexible_track_lighting_system_with_dimming_capabi,flexible_track_lighting_system_with_dimming_capabi_000,217,/mnt/zsn/lyb/arti-skill/exp/Articulated-Object-Code/released_outputs/objects/flexible_track_lighting_system_with_dimming_capabi/flexible_track_lighting_system_with_dimming_capabi_000,/mnt/zsn/lyb/arti-skill/exp/Articulated-Object-Code/released_outputs/objects/flexible_track_lighting_system_with_dimming_capabi/flexible_track_lighting_system_with_dimming_capabi_000/generated.urdf,/mnt/zsn/data/particulate/datasets/Articulated-Object-Code/renders/uniform660_one_per_category_studio_256_v1/flexible_track_lighting_system_with_dimming_capabi/flexible_track_lighting_system_with_dimming_capabi_000/imgs/000.png,67707,6469c5eb2a2d4211c12ba33c45184a6013f5c132d09c7bc3b3feb8539bdfadf0,#ebb84d
AR0219,folding_camping_stove_with_wind_guards,folding_camping_stove_with_wind_guards_000,218,/mnt/zsn/lyb/arti-skill/exp/Articulated-Object-Code/released_outputs/objects/folding_camping_stove_with_wind_guards/folding_camping_stove_with_wind_guards_000,/mnt/zsn/lyb/arti-skill/exp/Articulated-Object-Code/released_outputs/objects/folding_camping_stove_with_wind_guards/folding_camping_stove_with_wind_guards_000/generated.urdf,/mnt/zsn/data/particulate/datasets/Articulated-Object-Code/renders/uniform660_one_per_category_studio_256_v1/folding_camping_stove_with_wind_guards/folding_camping_stove_with_wind_guards_000/imgs/000.png,73197,144d91959518e7e72c6e96c5a455ef985320e094d786c457f066993fe0e0c776,#8443eb
AR0220,folding_chair,folding_chair_013,219,/mnt/zsn/lyb/arti-skill/exp/Articulated-Object-Code/released_outputs/objects/folding_chair/folding_chair_013,/mnt/zsn/lyb/arti-skill/exp/Articulated-Object-Code/released_outputs/objects/folding_chair/folding_chair_013/generated.urdf,/mnt/zsn/data/particulate/datasets/Articulated-Object-Code/renders/uniform660_one_per_category_studio_256_v1/folding_chair/folding_chair_013/imgs/000.png,71574,1ff7ed17508207273ebaf23cb9464e7899b6a03dbb5205e1d5c8c5c066c830d5,#38eb4a
AR0221,folding_chair_typically_has,folding_chair_typically_has_008,220,/mnt/zsn/lyb/arti-skill/exp/Articulated-Object-Code/released_outputs/objects/folding_chair_typically_has/folding_chair_typically_has_008,/mnt/zsn/lyb/arti-skill/exp/Articulated-Object-Code/released_outputs/objects/folding_chair_typically_has/folding_chair_typically_has_008/generated.urdf,/mnt/zsn/data/particulate/datasets/Articulated-Object-Code/renders/uniform660_one_per_category_studio_256_v1/folding_chair_typically_has/folding_chair_typically_has_008/imgs/000.png,73696,92289ce6af3f30723cc5a5d48206190cf6e7964d8dc54961920067817d39af82,#b84d62
AR0222,folding_chair_typically_has_a_seat_frame_a_back,folding_chair_typically_has_a_seat_frame_a_back_000,221,/mnt/zsn/lyb/arti-skill/exp/Articulated-Object-Code/released_outputs/objects/folding_chair_typically_has_a_seat_frame_a_back/folding_chair_typically_has_a_seat_frame_a_back_000,/mnt/zsn/lyb/arti-skill/exp/Articulated-Object-Code/released_outputs/objects/folding_chair_typically_has_a_seat_frame_a_back/folding_chair_typically_has_a_seat_frame_a_back_000/generated.urdf,/mnt/zsn/data/particulate/datasets/Articulated-Object-Code/renders/uniform660_one_per_category_studio_256_v1/folding_chair_typically_has_a_seat_frame_a_back/folding_chair_typically_has_a_seat_frame_a_back_000/imgs/000.png,72197,598f7c9917cd534d95e027a4fa839c9d1b3a024356b41cb8397744596f134af2,#457db8
AR0223,folding_fan_with_pivot_and_slats,folding_fan_with_pivot_and_slats_000,222,/mnt/zsn/lyb/arti-skill/exp/Articulated-Object-Code/released_outputs/objects/folding_fan_with_pivot_and_slats/folding_fan_with_pivot_and_slats_000,/mnt/zsn/lyb/arti-skill/exp/Articulated-Object-Code/released_outputs/objects/folding_fan_with_pivot_and_slats/folding_fan_with_pivot_and_slats_000/generated.urdf,/mnt/zsn/data/particulate/datasets/Articulated-Object-Code/renders/uniform660_one_per_category_studio_256_v1/folding_fan_with_pivot_and_slats/folding_fan_with_pivot_and_slats_000/imgs/000.png,67675,ff2193b6f17a42872707bda9d27a1a0c11e1a4d19caec772a21f88d5cfd5b068,#9cb83d
AR0224,folding_ironing_board_with,folding_ironing_board_with_001,223,/mnt/zsn/lyb/arti-skill/exp/Articulated-Object-Code/released_outputs/objects/folding_ironing_board_with/folding_ironing_board_with_001,/mnt/zsn/lyb/arti-skill/exp/Articulated-Object-Code/released_outputs/objects/folding_ironing_board_with/folding_ironing_board_with_001/generated.urdf,/mnt/zsn/data/particulate/datasets/Articulated-Object-Code/renders/uniform660_one_per_category_studio_256_v1/folding_ironing_board_with/folding_ironing_board_with_001/imgs/000.png,72035,fa0f2c1d5580616869ab05a297a73ae003e4842a3010cb85ee872f4b8bcf03db,#ae34b8
AR0225,folding_ironing_board_with_heat_resistant_cover,folding_ironing_board_with_heat_resistant_cover_000,224,/mnt/zsn/lyb/arti-skill/exp/Articulated-Object-Code/released_outputs/objects/folding_ironing_board_with_heat_resistant_cover/folding_ironing_board_with_heat_resistant_cover_000,/mnt/zsn/lyb/arti-skill/exp/Articulated-Object-Code/released_outputs/objects/folding_ironing_board_with_heat_resistant_cover/folding_ironing_board_with_heat_resistant_cover_000/generated.urdf,/mnt/zsn/data/particulate/datasets/Articulated-Object-Code/renders/uniform660_one_per_category_studio_256_v1/folding_ironing_board_with_heat_resistant_cover/folding_ironing_board_with_heat_resistant_cover_000/imgs/000.png,69803,8e76cae804fe40a45cfd666df56910d0d34681ed8d63eec0120dcb1e20a44c80,#2cb885
AR0226,folding_screen,folding_screen_001,225,/mnt/zsn/lyb/arti-skill/exp/Articulated-Object-Code/released_outputs/objects/folding_screen/folding_screen_001,/mnt/zsn/lyb/arti-skill/exp/Articulated-Object-Code/released_outputs/objects/folding_screen/folding_screen_001/generated.urdf,/mnt/zsn/data/particulate/datasets/Articulated-Object-Code/renders/uniform660_one_per_category_studio_256_v1/folding_screen/folding_screen_001/imgs/000.png,73401,2671ec9d55c8f92cf920a873673dd37c3cc08159b98cfd7a14e66b0e77caa357,#c97c54
AR0227,food_processor,food_processor_002,226,/mnt/zsn/lyb/arti-skill/exp/Articulated-Object-Code/released_outputs/objects/food_processor/food_processor_002,/mnt/zsn/lyb/arti-skill/exp/Articulated-Object-Code/released_outputs/objects/food_processor/food_processor_002/generated.urdf,/mnt/zsn/data/particulate/datasets/Articulated-Object-Code/renders/uniform660_one_per_category_studio_256_v1/food_processor/food_processor_002/imgs/000.png,72328,e1f220b8c0535301d87d41eebc371fbed57f59ef6a50aaa0409f7df523363d67,#524bc9
AR0228,four_wheeled_golf_cart_with,four_wheeled_golf_cart_with_002,227,/mnt/zsn/lyb/arti-skill/exp/Articulated-Object-Code/released_outputs/objects/four_wheeled_golf_cart_with/four_wheeled_golf_cart_with_002,/mnt/zsn/lyb/arti-skill/exp/Articulated-Object-Code/released_outputs/objects/four_wheeled_golf_cart_with/four_wheeled_golf_cart_with_002/generated.urdf,/mnt/zsn/data/particulate/datasets/Articulated-Object-Code/renders/uniform660_one_per_category_studio_256_v1/four_wheeled_golf_cart_with/four_wheeled_golf_cart_with_002/imgs/000.png,73147,84fe937fdb0f315c4fa11156358dc0394ec31eda0dc9cb5c41fefed954ea4ead,#62c942
AR0229,four_wheeled_golf_cart_with_bag_storage_compartm,four_wheeled_golf_cart_with_bag_storage_compartm_000,228,/mnt/zsn/lyb/arti-skill/exp/Articulated-Object-Code/released_outputs/objects/four_wheeled_golf_cart_with_bag_storage_compartm/four_wheeled_golf_cart_with_bag_storage_compartm_000,/mnt/zsn/lyb/arti-skill/exp/Articulated-Object-Code/released_outputs/objects/four_wheeled_golf_cart_with_bag_storage_compartm/four_wheeled_golf_cart_with_bag_storage_compartm_000/generated.urdf,/mnt/zsn/data/particulate/datasets/Articulated-Object-Code/renders/uniform660_one_per_category_studio_256_v1/four_wheeled_golf_cart_with_bag_storage_compartm/four_wheeled_golf_cart_with_bag_storage_compartm_000/imgs/000.png,76504,96ac37c1b8a63eb96b9dc83df8fbf06e383c85e6b6f4b23adf37faaf245f5405,#c93985
AR0230,french_press_coffee_maker_with_plunger_mechanism,french_press_coffee_maker_with_plunger_mechanism_000,229,/mnt/zsn/lyb/arti-skill/exp/Articulated-Object-Code/released_outputs/objects/french_press_coffee_maker_with_plunger_mechanism/french_press_coffee_maker_with_plunger_mechanism_000,/mnt/zsn/lyb/arti-skill/exp/Articulated-Object-Code/released_outputs/objects/french_press_coffee_maker_with_plunger_mechanism/french_press_coffee_maker_with_plunger_mechanism_000/generated.urdf,/mnt/zsn/data/particulate/datasets/Articulated-Object-Code/renders/uniform660_one_per_category_studio_256_v1/french_press_coffee_maker_with_plunger_mechanism/french_press_coffee_maker_with_plunger_mechanism_000/imgs/000.png,71162,7119e50120ff19dab0e1477745b922cae896d5293ddc40898efc7f001b53a49a,#30adc9
AR0231,functional_compass_featuring_articulated,functional_compass_featuring_articulated_000,230,/mnt/zsn/lyb/arti-skill/exp/Articulated-Object-Code/released_outputs/objects/functional_compass_featuring_articulated/functional_compass_featuring_articulated_000,/mnt/zsn/lyb/arti-skill/exp/Articulated-Object-Code/released_outputs/objects/functional_compass_featuring_articulated/functional_compass_featuring_articulated_000/generated.urdf,/mnt/zsn/data/particulate/datasets/Articulated-Object-Code/renders/uniform660_one_per_category_studio_256_v1/functional_compass_featuring_articulated/functional_compass_featuring_articulated_000/imgs/000.png,71150,4301fc0e07948527f13c7df23513b00bce0b6da8a64cb30b9ddcf115c58d4b33,#dacb5b
AR0232,functional_conveyor_system_featuring,functional_conveyor_system_featuring_000,231,/mnt/zsn/lyb/arti-skill/exp/Articulated-Object-Code/released_outputs/objects/functional_conveyor_system_featuring/functional_conveyor_system_featuring_000,/mnt/zsn/lyb/arti-skill/exp/Articulated-Object-Code/released_outputs/objects/functional_conveyor_system_featuring/functional_conveyor_system_featuring_000/generated.urdf,/mnt/zsn/data/particulate/datasets/Articulated-Object-Code/renders/uniform660_one_per_category_studio_256_v1/functional_conveyor_system_featuring/functional_conveyor_system_featuring_000/imgs/000.png,72808,03fd5b25e40410a94fde2e68f0e1391f6bdbc6c8ea3bf8c46678e65a2c2b640e,#a352da
AR0233,functional_door_featuring_articulated,functional_door_featuring_articulated_000,232,/mnt/zsn/lyb/arti-skill/exp/Articulated-Object-Code/released_outputs/objects/functional_door_featuring_articulated/functional_door_featuring_articulated_000,/mnt/zsn/lyb/arti-skill/exp/Articulated-Object-Code/released_outputs/objects/functional_door_featuring_articulated/functional_door_featuring_articulated_000/generated.urdf,/mnt/zsn/data/particulate/datasets/Articulated-Object-Code/renders/uniform660_one_per_category_studio_256_v1/functional_door_featuring_articulated/functional_door_featuring_articulated_000/imgs/000.png,70255,6becf5f85e48df266aca65638c02bc97c2f38b1575442c015455f34cd8401026,#48da74
AR0234,functional_hydraulic_jack_featuring,functional_hydraulic_jack_featuring_000,233,/mnt/zsn/lyb/arti-skill/exp/Articulated-Object-Code/released_outputs/objects/functional_hydraulic_jack_featuring/functional_hydraulic_jack_featuring_000,/mnt/zsn/lyb/arti-skill/exp/Articulated-Object-Code/released_outputs/objects/functional_hydraulic_jack_featuring/functional_hydraulic_jack_featuring_000/generated.urdf,/mnt/zsn/data/particulate/datasets/Articulated-Object-Code/renders/uniform660_one_per_category_studio_256_v1/functional_hydraulic_jack_featuring/functional_hydraulic_jack_featuring_000/imgs/000.png,69465,cc99936a069eb9851745b6a25b60617971772e23c62cf819a5a211400564532a,#da403e
AR0235,functional_microwave_featuring_articulated,functional_microwave_featuring_articulated_000,234,/mnt/zsn/lyb/arti-skill/exp/Articulated-Object-Code/released_outputs/objects/functional_microwave_featuring_articulated/functional_microwave_featuring_articulated_000,/mnt/zsn/lyb/arti-skill/exp/Articulated-Object-Code/released_outputs/objects/functional_microwave_featuring_articulated/functional_microwave_featuring_articulated_000/generated.urdf,/mnt/zsn/data/particulate/datasets/Articulated-Object-Code/renders/uniform660_one_per_category_studio_256_v1/functional_microwave_featuring_articulated/functional_microwave_featuring_articulated_000/imgs/000.png,70941,8a94c839e917cecf25f26190a5ebcd9aec26b630097a3475774f01f79e622790,#3463da
AR0236,functional_remote_control_featuring,functional_remote_control_featuring_000,235,/mnt/zsn/lyb/arti-skill/exp/Articulated-Object-Code/released_outputs/objects/functional_remote_control_featuring/functional_remote_control_featuring_000,/mnt/zsn/lyb/arti-skill/exp/Articulated-Object-Code/released_outputs/objects/functional_remote_control_featuring/functional_remote_control_featuring_000/generated.urdf,/mnt/zsn/data/particulate/datasets/Articulated-Object-Code/renders/uniform660_one_per_category_studio_256_v1/functional_remote_control_featuring/functional_remote_control_featuring_000/imgs/000.png,72348,2b02caf86981b4a5ec2e07aea85dfc93faa9dc31971444ba88515ffbf3739635,#b0eb63
AR0237,gaming_console,gaming_console_000,236,/mnt/zsn/lyb/arti-skill/exp/Articulated-Object-Code/released_outputs/objects/gaming_console/gaming_console_000,/mnt/zsn/lyb/arti-skill/exp/Articulated-Object-Code/released_outputs/objects/gaming_console/gaming_console_000/generated.urdf,/mnt/zsn/data/particulate/datasets/Articulated-Object-Code/renders/uniform660_one_per_category_studio_256_v1/gaming_console/gaming_console_000/imgs/000.png,69441,ebe9777c5cff723b113554a73b45d26b00c5b4271db000d629776de5ac107cac,#eb58d7
AR0238,gaming_laptop,gaming_laptop_000,237,/mnt/zsn/lyb/arti-skill/exp/Articulated-Object-Code/released_outputs/objects/gaming_laptop/gaming_laptop_000,/mnt/zsn/lyb/arti-skill/exp/Articulated-Object-Code/released_outputs/objects/gaming_laptop/gaming_laptop_000/generated.urdf,/mnt/zsn/data/particulate/datasets/Articulated-Object-Code/renders/uniform660_one_per_category_studio_256_v1/gaming_laptop/gaming_laptop_000/imgs/000.png,73153,8086ff88b08e8dcf1a33420b812661f94da77b581d074feb39ed65262f3bf1e8,#4debd2
AR0239,gaming_remote_featuring_motion_sensors,gaming_remote_featuring_motion_sensors_000,238,/mnt/zsn/lyb/arti-skill/exp/Articulated-Object-Code/released_outputs/objects/gaming_remote_featuring_motion_sensors/gaming_remote_featuring_motion_sensors_000,/mnt/zsn/lyb/arti-skill/exp/Articulated-Object-Code/released_outputs/objects/gaming_remote_featuring_motion_sensors/gaming_remote_featuring_motion_sensors_000/generated.urdf,/mnt/zsn/data/particulate/datasets/Articulated-Object-Code/renders/uniform660_one_per_category_studio_256_v1/gaming_remote_featuring_motion_sensors/gaming_remote_featuring_motion_sensors_000/imgs/000.png,73997,adc517b2288b0ae48501da48cdd5ff4a6eb396f7b4e52454baca9f67f22e579c,#eba043
AR0240,garage_door,garage_door_001,239,/mnt/zsn/lyb/arti-skill/exp/Articulated-Object-Code/released_outputs/objects/garage_door/garage_door_001,/mnt/zsn/lyb/arti-skill/exp/Articulated-Object-Code/released_outputs/objects/garage_door/garage_door_001/generated.urdf,/mnt/zsn/data/particulate/datasets/Articulated-Object-Code/renders/uniform660_one_per_category_studio_256_v1/garage_door/garage_door_001/imgs/000.png,68327,6abc221e78c8652d1f4b0981243cce30d24ddf984e03c3a147508d33a519ef15,#6738eb
AR0241,garlic_press_with_hinged_handles_and_pressing_pl,garlic_press_with_hinged_handles_and_pressing_pl_000,240,/mnt/zsn/lyb/arti-skill/exp/Articulated-Object-Code/released_outputs/objects/garlic_press_with_hinged_handles_and_pressing_pl/garlic_press_with_hinged_handles_and_pressing_pl_000,/mnt/zsn/lyb/arti-skill/exp/Articulated-Object-Code/released_outputs/objects/garlic_press_with_hinged_handles_and_pressing_pl/garlic_press_with_hinged_handles_and_pressing_pl_000/generated.urdf,/mnt/zsn/data/particulate/datasets/Articulated-Object-Code/renders/uniform660_one_per_category_studio_256_v1/garlic_press_with_hinged_handles_and_pressing_pl/garlic_press_with_hinged_handles_and_pressing_pl_000/imgs/000.png,70106,559ba0714f586794d10dbec1ea8cf5b8909aa2173458639c814d0ff260c93411,#50b84d
AR0242,gas_oven_with_broiler,gas_oven_with_broiler_000,241,/mnt/zsn/lyb/arti-skill/exp/Articulated-Object-Code/released_outputs/objects/gas_oven_with_broiler/gas_oven_with_broiler_000,/mnt/zsn/lyb/arti-skill/exp/Articulated-Object-Code/released_outputs/objects/gas_oven_with_broiler/gas_oven_with_broiler_000/generated.urdf,/mnt/zsn/data/particulate/datasets/Articulated-Object-Code/renders/uniform660_one_per_category_studio_256_v1/gas_oven_with_broiler/gas_oven_with_broiler_000/imgs/000.png,76979,2cedfd3c079a4eda2cabe0d3c8e1624d162fc3971302a3489a08259440f62f36,#b8456a
AR0243,gate_leg_table_has,gate_leg_table_has_001,242,/mnt/zsn/lyb/arti-skill/exp/Articulated-Object-Code/released_outputs/objects/gate_leg_table_has/gate_leg_table_has_001,/mnt/zsn/lyb/arti-skill/exp/Articulated-Object-Code/released_outputs/objects/gate_leg_table_has/gate_leg_table_has_001/generated.urdf,/mnt/zsn/data/particulate/datasets/Articulated-Object-Code/renders/uniform660_one_per_category_studio_256_v1/gate_leg_table_has/gate_leg_table_has_001/imgs/000.png,72563,599a49be2aa7c633cbf92eafb9802711a489a6a4ae1c209f56064937120fbb81,#3d88b8
AR0244,gate_leg_table_has_a_fixed_top_center_section_an,gate_leg_table_has_a_fixed_top_center_section_an_000,243,/mnt/zsn/lyb/arti-skill/exp/Articulated-Object-Code/released_outputs/objects/gate_leg_table_has_a_fixed_top_center_section_an/gate_leg_table_has_a_fixed_top_center_section_an_000,/mnt/zsn/lyb/arti-skill/exp/Articulated-Object-Code/released_outputs/objects/gate_leg_table_has_a_fixed_top_center_section_an/gate_leg_table_has_a_fixed_top_center_section_an_000/generated.urdf,/mnt/zsn/data/particulate/datasets/Articulated-Object-Code/renders/uniform660_one_per_category_studio_256_v1/gate_leg_table_has_a_fixed_top_center_section_an/gate_leg_table_has_a_fixed_top_center_section_an_000/imgs/000.png,74836,e3298d7344ba4c93ceca367dad5fb00b7f09e17de8fc0d97d839ca5092441d3e,#abb834
AR0245,gate_valve_with_handwheel,gate_valve_with_handwheel_000,244,/mnt/zsn/lyb/arti-skill/exp/Articulated-Object-Code/released_outputs/objects/gate_valve_with_handwheel/gate_valve_with_handwheel_000,/mnt/zsn/lyb/arti-skill/exp/Articulated-Object-Code/released_outputs/objects/gate_valve_with_handwheel/gate_valve_with_handwheel_000/generated.urdf,/mnt/zsn/data/particulate/datasets/Articulated-Object-Code/renders/uniform660_one_per_category_studio_256_v1/gate_valve_with_handwheel/gate_valve_with_handwheel_000/imgs/000.png,72517,61490602165ac8275866d39224053ed66caa52771876e479667af1b4ce473b29,#9c2cb8
AR0246,gear_system,gear_system_000,245,/mnt/zsn/lyb/arti-skill/exp/Articulated-Object-Code/released_outputs/objects/gear_system/gear_system_000,/mnt/zsn/lyb/arti-skill/exp/Articulated-Object-Code/released_outputs/objects/gear_system/gear_system_000/generated.urdf,/mnt/zsn/data/particulate/datasets/Articulated-Object-Code/renders/uniform660_one_per_category_studio_256_v1/gear_system/gear_system_000/imgs/000.png,75689,0e4da83d5d0c348666a0d59f9d5a68e56d34934e45a915762cf3ce2cfef17bdf,#54c990
AR0247,geometric_compass_for_precise,geometric_compass_for_precise_000,246,/mnt/zsn/lyb/arti-skill/exp/Articulated-Object-Code/released_outputs/objects/geometric_compass_for_precise/geometric_compass_for_precise_000,/mnt/zsn/lyb/arti-skill/exp/Articulated-Object-Code/released_outputs/objects/geometric_compass_for_precise/geometric_compass_for_precise_000/generated.urdf,/mnt/zsn/data/particulate/datasets/Articulated-Object-Code/renders/uniform660_one_per_category_studio_256_v1/geometric_compass_for_precise/geometric_compass_for_precise_000/imgs/000.png,71621,babe47aaa3d8d3153d8aaf2060541e0ae065be84c69127faba69c749515e8cdc,#c9674b
AR0248,globe,globe_003,247,/mnt/zsn/lyb/arti-skill/exp/Articulated-Object-Code/released_outputs/objects/globe/globe_003,/mnt/zsn/lyb/arti-skill/exp/Articulated-Object-Code/released_outputs/objects/globe/globe_003/generated.urdf,/mnt/zsn/data/particulate/datasets/Articulated-Object-Code/renders/uniform660_one_per_category_studio_256_v1/globe/globe_003/imgs/000.png,71134,9613448c030408b7eb3fe2fb5e457e3341f75e50ab0581ae05913537585ae9a6,#424cc9
AR0249,golf_cart,golf_cart_000,248,/mnt/zsn/lyb/arti-skill/exp/Articulated-Object-Code/released_outputs/objects/golf_cart/golf_cart_000,/mnt/zsn/lyb/arti-skill/exp/Articulated-Object-Code/released_outputs/objects/golf_cart/golf_cart_000/generated.urdf,/mnt/zsn/data/particulate/datasets/Articulated-Object-Code/renders/uniform660_one_per_category_studio_256_v1/golf_cart/golf_cart_000/imgs/000.png,73835,22349d5afa8ee3a585664bac858d26591b6e0d9b8223f0d5431920667073fa95,#6ec939
AR0250,guitar_tuning_peg_mechanism,guitar_tuning_peg_mechanism_000,249,/mnt/zsn/lyb/arti-skill/exp/Articulated-Object-Code/released_outputs/objects/guitar_tuning_peg_mechanism/guitar_tuning_peg_mechanism_000,/mnt/zsn/lyb/arti-skill/exp/Articulated-Object-Code/released_outputs/objects/guitar_tuning_peg_mechanism/guitar_tuning_peg_mechanism_000/generated.urdf,/mnt/zsn/data/particulate/datasets/Articulated-Object-Code/renders/uniform660_one_per_category_studio_256_v1/guitar_tuning_peg_mechanism/guitar_tuning_peg_mechanism_000/imgs/000.png,74551,d88c50077b96c19f5d307f17772c06b2a000e1451f2408edb263fae9784029e6,#c93094
AR0251,gyroscope_with_spinning_wheel_and_gimbal_rings,gyroscope_with_spinning_wheel_and_gimbal_rings_000,250,/mnt/zsn/lyb/arti-skill/exp/Articulated-Object-Code/released_outputs/objects/gyroscope_with_spinning_wheel_and_gimbal_rings/gyroscope_with_spinning_wheel_and_gimbal_rings_000,/mnt/zsn/lyb/arti-skill/exp/Articulated-Object-Code/released_outputs/objects/gyroscope_with_spinning_wheel_and_gimbal_rings/gyroscope_with_spinning_wheel_and_gimbal_rings_000/generated.urdf,/mnt/zsn/data/particulate/datasets/Articulated-Object-Code/renders/uniform660_one_per_category_studio_256_v1/gyroscope_with_spinning_wheel_and_gimbal_rings/gyroscope_with_spinning_wheel_and_gimbal_rings_000/imgs/000.png,71127,8080a0ccde062611640045dbafe623b61ebb7b234e883d72705d5899192870da,#5bd3da
AR0252,hand_cranked_pencil_sharpener_mounted_to_desk,hand_cranked_pencil_sharpener_mounted_to_desk_000,251,/mnt/zsn/lyb/arti-skill/exp/Articulated-Object-Code/released_outputs/objects/hand_cranked_pencil_sharpener_mounted_to_desk/hand_cranked_pencil_sharpener_mounted_to_desk_000,/mnt/zsn/lyb/arti-skill/exp/Articulated-Object-Code/released_outputs/objects/hand_cranked_pencil_sharpener_mounted_to_desk/hand_cranked_pencil_sharpener_mounted_to_desk_000/generated.urdf,/mnt/zsn/data/particulate/datasets/Articulated-Object-Code/renders/uniform660_one_per_category_studio_256_v1/hand_cranked_pencil_sharpener_mounted_to_desk/hand_cranked_pencil_sharpener_mounted_to_desk_000/imgs/000.png,71710,521bbf18e3dc794106a04d0a34a6551cd40055df79130bfbfb951e977c810427,#dab952
AR0253,hand_held_compass_with_rotating_bezel,hand_held_compass_with_rotating_bezel_000,252,/mnt/zsn/lyb/arti-skill/exp/Articulated-Object-Code/released_outputs/objects/hand_held_compass_with_rotating_bezel/hand_held_compass_with_rotating_bezel_000,/mnt/zsn/lyb/arti-skill/exp/Articulated-Object-Code/released_outputs/objects/hand_held_compass_with_rotating_bezel/hand_held_compass_with_rotating_bezel_000/generated.urdf,/mnt/zsn/data/particulate/datasets/Articulated-Object-Code/renders/uniform660_one_per_category_studio_256_v1/hand_held_compass_with_rotating_bezel/hand_held_compass_with_rotating_bezel_000/imgs/000.png,72442,bb557fbe0f6ccfa8ea4bf3e03d42b4b4b47b9fb993731eccf23f514c25303742,#8c48da
AR0254,hand_held_eggbeater_with_rotating_whisks,hand_held_eggbeater_with_rotating_whisks_000,253,/mnt/zsn/lyb/arti-skill/exp/Articulated-Object-Code/released_outputs/objects/hand_held_eggbeater_with_rotating_whisks/hand_held_eggbeater_with_rotating_whisks_000,/mnt/zsn/lyb/arti-skill/exp/Articulated-Object-Code/released_outputs/objects/hand_held_eggbeater_with_rotating_whisks/hand_held_eggbeater_with_rotating_whisks_000/generated.urdf,/mnt/zsn/data/particulate/datasets/Articulated-Object-Code/renders/uniform660_one_per_category_studio_256_v1/hand_held_eggbeater_with_rotating_whisks/hand_held_eggbeater_with_rotating_whisks_000/imgs/000.png,70059,262b968976632694b1b7eefe4c45be5766ef4bd2d521198d264b61313b31b646,#3eda59
AR0255,hand_operated_adding_machine_with_handle_pull,hand_operated_adding_machine_with_handle_pull_000,254,/mnt/zsn/lyb/arti-skill/exp/Articulated-Object-Code/released_outputs/objects/hand_operated_adding_machine_with_handle_pull/hand_operated_adding_machine_with_handle_pull_000,/mnt/zsn/lyb/arti-skill/exp/Articulated-Object-Code/released_outputs/objects/hand_operated_adding_machine_with_handle_pull/hand_operated_adding_machine_with_handle_pull_000/generated.urdf,/mnt/zsn/data/particulate/datasets/Articulated-Object-Code/renders/uniform660_one_per_category_studio_256_v1/hand_operated_adding_machine_with_handle_pull/hand_operated_adding_machine_with_handle_pull_000/imgs/000.png,72336,bcd849074a0f5e2fd519659113ec1928ae5393e358329eef0c70737a7017be70,#da3447
AR0256,hand_operated_bellows_for_fireplace,hand_operated_bellows_for_fireplace_000,255,/mnt/zsn/lyb/arti-skill/exp/Articulated-Object-Code/released_outputs/objects/hand_operated_bellows_for_fireplace/hand_operated_bellows_for_fireplace_000,/mnt/zsn/lyb/arti-skill/exp/Articulated-Object-Code/released_outputs/objects/hand_operated_bellows_for_fireplace/hand_operated_bellows_for_fireplace_000/generated.urdf,/mnt/zsn/data/particulate/datasets/Articulated-Object-Code/renders/uniform660_one_per_category_studio_256_v1/hand_operated_bellows_for_fireplace/hand_operated_bellows_for_fireplace_000/imgs/000.png,70824,5a6d461524c7416edda7800c4ef7b4cfa67f1ce1c088be76ec39a86374b62e16,#639aeb
AR0257,hand_operated_bilge_pump_with_piston_mechanism,hand_operated_bilge_pump_with_piston_mechanism_000,256,/mnt/zsn/lyb/arti-skill/exp/Articulated-Object-Code/released_outputs/objects/hand_operated_bilge_pump_with_piston_mechanism/hand_operated_bilge_pump_with_piston_mechanism_000,/mnt/zsn/lyb/arti-skill/exp/Articulated-Object-Code/released_outputs/objects/hand_operated_bilge_pump_with_piston_mechanism/hand_operated_bilge_pump_with_piston_mechanism_000/generated.urdf,/mnt/zsn/data/particulate/datasets/Articulated-Object-Code/renders/uniform660_one_per_category_studio_256_v1/hand_operated_bilge_pump_with_piston_mechanism/hand_operated_bilge_pump_with_piston_mechanism_000/imgs/000.png,69563,cfaeb2d8a946bd8bb3d934eba9c59c9902002b91629bba6f3cb41e785b55e3b3,#bfeb58
AR0258,hand_operated_cash_register_with_drawer_and_keys,hand_operated_cash_register_with_drawer_and_keys_000,257,/mnt/zsn/lyb/arti-skill/exp/Articulated-Object-Code/released_outputs/objects/hand_operated_cash_register_with_drawer_and_keys/hand_operated_cash_register_with_drawer_and_keys_000,/mnt/zsn/lyb/arti-skill/exp/Articulated-Object-Code/released_outputs/objects/hand_operated_cash_register_with_drawer_and_keys/hand_operated_cash_register_with_drawer_and_keys_000/generated.urdf,/mnt/zsn/data/particulate/datasets/Articulated-Object-Code/renders/uniform660_one_per_category_studio_256_v1/hand_operated_cash_register_with_drawer_and_keys/hand_operated_cash_register_with_drawer_and_keys_000/imgs/000.png,73722,a51ae1478564c3651c3163f3b009880ba46f8c6941ffda91485ed70d907a1d9c,#eb4de9
AR0259,hand_operated_chain_breaker_tool,hand_operated_chain_breaker_tool_000,258,/mnt/zsn/lyb/arti-skill/exp/Articulated-Object-Code/released_outputs/objects/hand_operated_chain_breaker_tool/hand_operated_chain_breaker_tool_000,/mnt/zsn/lyb/arti-skill/exp/Articulated-Object-Code/released_outputs/objects/hand_operated_chain_breaker_tool/hand_operated_chain_breaker_tool_000/generated.urdf,/mnt/zsn/data/particulate/datasets/Articulated-Object-Code/renders/uniform660_one_per_category_studio_256_v1/hand_operated_chain_breaker_tool/hand_operated_chain_breaker_tool_000/imgs/000.png,73787,320917039cb87f884edaf5dcf0bbdbd868f0662f33b5013d0e63e656b12d0f9a,#43ebbb
AR0260,hand_operated_drill_press_with_quill_feed,hand_operated_drill_press_with_quill_feed_000,259,/mnt/zsn/lyb/arti-skill/exp/Articulated-Object-Code/released_outputs/objects/hand_operated_drill_press_with_quill_feed/hand_operated_drill_press_with_quill_feed_000,/mnt/zsn/lyb/arti-skill/exp/Articulated-Object-Code/released_outputs/objects/hand_operated_drill_press_with_quill_feed/hand_operated_drill_press_with_quill_feed_000/generated.urdf,/mnt/zsn/data/particulate/datasets/Articulated-Object-Code/renders/uniform660_one_per_category_studio_256_v1/hand_operated_drill_press_with_quill_feed/hand_operated_drill_press_with_quill_feed_000/imgs/000.png,71835,afb2a81cba5189ece6f4bca0be787d41f5bca3d13261add1581a37827993da77,#eb8438
AR0261,hand_operated_meat_grinder_with_crank_handle,hand_operated_meat_grinder_with_crank_handle_000,260,/mnt/zsn/lyb/arti-skill/exp/Articulated-Object-Code/released_outputs/objects/hand_operated_meat_grinder_with_crank_handle/hand_operated_meat_grinder_with_crank_handle_000,/mnt/zsn/lyb/arti-skill/exp/Articulated-Object-Code/released_outputs/objects/hand_operated_meat_grinder_with_crank_handle/hand_operated_meat_grinder_with_crank_handle_000/generated.urdf,/mnt/zsn/data/particulate/datasets/Articulated-Object-Code/renders/uniform660_one_per_category_studio_256_v1/hand_operated_meat_grinder_with_crank_handle/hand_operated_meat_grinder_with_crank_handle_000/imgs/000.png,73360,5cc6b43988350be8dcd5389404781fa25187b83ddba1d5b3dc9489f88f7512dc,#5b4db8
AR0262,hand_operated_pasta_maker_with_rollers_and_crank,hand_operated_pasta_maker_with_rollers_and_crank_000,261,/mnt/zsn/lyb/arti-skill/exp/Articulated-Object-Code/released_outputs/objects/hand_operated_pasta_maker_with_rollers_and_crank/hand_operated_pasta_maker_with_rollers_and_crank_000,/mnt/zsn/lyb/arti-skill/exp/Articulated-Object-Code/released_outputs/objects/hand_operated_pasta_maker_with_rollers_and_crank/hand_operated_pasta_maker_with_rollers_and_crank_000/generated.urdf,/mnt/zsn/data/particulate/datasets/Articulated-Object-Code/renders/uniform660_one_per_category_studio_256_v1/hand_operated_pasta_maker_with_rollers_and_crank/hand_operated_pasta_maker_with_rollers_and_crank_000/imgs/000.png,70670,bca9e22c7036c2fb43c27bb6d91a8152ea6745ed1661ac7e8d94344d0cdf52a0,#57b845
AR0263,hand_operated_printing_press_with_platen,hand_operated_printing_press_with_platen_000,262,/mnt/zsn/lyb/arti-skill/exp/Articulated-Object-Code/released_outputs/objects/hand_operated_printing_press_with_platen/hand_operated_printing_press_with_platen_000,/mnt/zsn/lyb/arti-skill/exp/Articulated-Object-Code/released_outputs/objects/hand_operated_printing_press_with_platen/hand_operated_printing_press_with_platen_000/generated.urdf,/mnt/zsn/data/particulate/datasets/Articulated-Object-Code/renders/uniform660_one_per_category_studio_256_v1/hand_operated_printing_press_with_platen/hand_operated_printing_press_with_platen_000/imgs/000.png,72406,8f23d46b65f7fe3f86b463e1260ee8a2253678aef0f09c692e9028e7ed8c9707,#b83d74
AR0264,hand_operated_rivet_gun_with_squeeze_lever,hand_operated_rivet_gun_with_squeeze_lever_000,263,/mnt/zsn/lyb/arti-skill/exp/Articulated-Object-Code/released_outputs/objects/hand_operated_rivet_gun_with_squeeze_lever/hand_operated_rivet_gun_with_squeeze_lever_000,/mnt/zsn/lyb/arti-skill/exp/Articulated-Object-Code/released_outputs/objects/hand_operated_rivet_gun_with_squeeze_lever/hand_operated_rivet_gun_with_squeeze_lever_000/generated.urdf,/mnt/zsn/data/particulate/datasets/Articulated-Object-Code/renders/uniform660_one_per_category_studio_256_v1/hand_operated_rivet_gun_with_squeeze_lever/hand_operated_rivet_gun_with_squeeze_lever_000/imgs/000.png,69496,de2d1bf4f130f17d0b5b9c39ce1f0194f6e06c3cf3b4ed7817df84bb2a7556af,#3496b8
AR0265,hand_operated_seed_drill_with_wheel_and_hopper,hand_operated_seed_drill_with_wheel_and_hopper_000,264,/mnt/zsn/lyb/arti-skill/exp/Articulated-Object-Code/released_outputs/objects/hand_operated_seed_drill_with_wheel_and_hopper/hand_operated_seed_drill_with_wheel_and_hopper_000,/mnt/zsn/lyb/arti-skill/exp/Articulated-Object-Code/released_outputs/objects/hand_operated_seed_drill_with_wheel_and_hopper/hand_operated_seed_drill_with_wheel_and_hopper_000/generated.urdf,/mnt/zsn/data/particulate/datasets/Articulated-Object-Code/renders/uniform660_one_per_category_studio_256_v1/hand_operated_seed_drill_with_wheel_and_hopper/hand_operated_seed_drill_with_wheel_and_hopper_000/imgs/000.png,68963,0bbca67eaa5e19ab08e60a9e00dae790a6a674cd67db816c4afbe1f70227c902,#b8b32c
AR0266,hand_riveter_with_mandrel_collection,hand_riveter_with_mandrel_collection_000,265,/mnt/zsn/lyb/arti-skill/exp/Articulated-Object-Code/released_outputs/objects/hand_riveter_with_mandrel_collection/hand_riveter_with_mandrel_collection_000,/mnt/zsn/lyb/arti-skill/exp/Articulated-Object-Code/released_outputs/objects/hand_riveter_with_mandrel_collection/hand_riveter_with_mandrel_collection_000/generated.urdf,/mnt/zsn/data/particulate/datasets/Articulated-Object-Code/renders/uniform660_one_per_category_studio_256_v1/hand_riveter_with_mandrel_collection/hand_riveter_with_mandrel_collection_000/imgs/000.png,70341,2c989e32162815a76c5b1972a13522f08768e7f374d3877d94570726f394facb,#a354c9
AR0267,hand_truck_dolly_with_folding_nose_plate,hand_truck_dolly_with_folding_nose_plate_000,266,/mnt/zsn/lyb/arti-skill/exp/Articulated-Object-Code/released_outputs/objects/hand_truck_dolly_with_folding_nose_plate/hand_truck_dolly_with_folding_nose_plate_000,/mnt/zsn/lyb/arti-skill/exp/Articulated-Object-Code/released_outputs/objects/hand_truck_dolly_with_folding_nose_plate/hand_truck_dolly_with_folding_nose_plate_000/generated.urdf,/mnt/zsn/data/particulate/datasets/Articulated-Object-Code/renders/uniform660_one_per_category_studio_256_v1/hand_truck_dolly_with_folding_nose_plate/hand_truck_dolly_with_folding_nose_plate_000/imgs/000.png,72083,c2f70aee49cefa59f6aa1784b29c7ac8b7d58558e3ee24924060d1cf92767060,#4bc97b
AR0268,hand_winch_with_crank_handle_and_cable_drum,hand_winch_with_crank_handle_and_cable_drum_000,267,/mnt/zsn/lyb/arti-skill/exp/Articulated-Object-Code/released_outputs/objects/hand_winch_with_crank_handle_and_cable_drum/hand_winch_with_crank_handle_and_cable_drum_000,/mnt/zsn/lyb/arti-skill/exp/Articulated-Object-Code/released_outputs/objects/hand_winch_with_crank_handle_and_cable_drum/hand_winch_with_crank_handle_and_cable_drum_000/generated.urdf,/mnt/zsn/data/particulate/datasets/Articulated-Object-Code/renders/uniform660_one_per_category_studio_256_v1/hand_winch_with_crank_handle_and_cable_drum/hand_winch_with_crank_handle_and_cable_drum_000/imgs/000.png,75236,d5e0521e409e0bf99a54a7d47d47eba29bb58597124a31481cdd6d4d014a6e66,#c94e42
AR0269,heavy_duty_binder_featuring_reinforced_covers,heavy_duty_binder_featuring_reinforced_covers_000,268,/mnt/zsn/lyb/arti-skill/exp/Articulated-Object-Code/released_outputs/objects/heavy_duty_binder_featuring_reinforced_covers/heavy_duty_binder_featuring_reinforced_covers_000,/mnt/zsn/lyb/arti-skill/exp/Articulated-Object-Code/released_outputs/objects/heavy_duty_binder_featuring_reinforced_covers/heavy_duty_binder_featuring_reinforced_covers_000/generated.urdf,/mnt/zsn/data/particulate/datasets/Articulated-Object-Code/renders/uniform660_one_per_category_studio_256_v1/heavy_duty_binder_featuring_reinforced_covers/heavy_duty_binder_featuring_reinforced_covers_000/imgs/000.png,73315,35b26b7ac52ccd55ad1342e2725f84d4361317aa8c1a1ca805fb3add792dee1a,#3956c9
AR0270,heavy_duty_binder_featuring_reinforced_covers_and,heavy_duty_binder_featuring_reinforced_covers_and_000,269,/mnt/zsn/lyb/arti-skill/exp/Articulated-Object-Code/released_outputs/objects/heavy_duty_binder_featuring_reinforced_covers_and/heavy_duty_binder_featuring_reinforced_covers_and_000,/mnt/zsn/lyb/arti-skill/exp/Articulated-Object-Code/released_outputs/objects/heavy_duty_binder_featuring_reinforced_covers_and/heavy_duty_binder_featuring_reinforced_covers_and_000/generated.urdf,/mnt/zsn/data/particulate/datasets/Articulated-Object-Code/renders/uniform660_one_per_category_studio_256_v1/heavy_duty_binder_featuring_reinforced_covers_and/heavy_duty_binder_featuring_reinforced_covers_and_000/imgs/000.png,71655,ea142d2577bced75b83e3374cdfdd4f35746e22c7f2b7a14bb29efddb1dbc6e5,#7bc930
AR0271,heavy_duty_clothespin_with_corrosion_resistant_spr,heavy_duty_clothespin_with_corrosion_resistant_spr_000,270,/mnt/zsn/lyb/arti-skill/exp/Articulated-Object-Code/released_outputs/objects/heavy_duty_clothespin_with_corrosion_resistant_spr/heavy_duty_clothespin_with_corrosion_resistant_spr_000,/mnt/zsn/lyb/arti-skill/exp/Articulated-Object-Code/released_outputs/objects/heavy_duty_clothespin_with_corrosion_resistant_spr/heavy_duty_clothespin_with_corrosion_resistant_spr_000/generated.urdf,/mnt/zsn/data/particulate/datasets/Articulated-Object-Code/renders/uniform660_one_per_category_studio_256_v1/heavy_duty_clothespin_with_corrosion_resistant_spr/heavy_duty_clothespin_with_corrosion_resistant_spr_000/imgs/000.png,75329,94b3ee0750e6e6070c85b173b05acf1c3a59d7fc0d457f434416db6e19b2c5d3,#da5bbe
AR0272,heavy_duty_clothespin_with_corrosion_resistant_spring,heavy_duty_clothespin_with_corrosion_resistant_spring_001,271,/mnt/zsn/lyb/arti-skill/exp/Articulated-Object-Code/released_outputs/objects/heavy_duty_clothespin_with_corrosion_resistant_spring/heavy_duty_clothespin_with_corrosion_resistant_spring_001,/mnt/zsn/lyb/arti-skill/exp/Articulated-Object-Code/released_outputs/objects/heavy_duty_clothespin_with_corrosion_resistant_spring/heavy_duty_clothespin_with_corrosion_resistant_spring_001/generated.urdf,/mnt/zsn/data/particulate/datasets/Articulated-Object-Code/renders/uniform660_one_per_category_studio_256_v1/heavy_duty_clothespin_with_corrosion_resistant_spring/heavy_duty_clothespin_with_corrosion_resistant_spring_001/imgs/000.png,72808,6049e81dbe1486acafa54cbb181d307ff53550212c8151c2625c447da3dbbafb,#52dacf
AR0273,heavy_duty_conveyor_system_with,heavy_duty_conveyor_system_with_003,272,/mnt/zsn/lyb/arti-skill/exp/Articulated-Object-Code/released_outputs/objects/heavy_duty_conveyor_system_with/heavy_duty_conveyor_system_with_003,/mnt/zsn/lyb/arti-skill/exp/Articulated-Object-Code/released_outputs/objects/heavy_duty_conveyor_system_with/heavy_duty_conveyor_system_with_003/generated.urdf,/mnt/zsn/data/particulate/datasets/Articulated-Object-Code/renders/uniform660_one_per_category_studio_256_v1/heavy_duty_conveyor_system_with/heavy_duty_conveyor_system_with_003/imgs/000.png,71687,1449eb9384a04d704ec56a457408c66bf7a5e5cb968aa763e7b56ab7581574e2,#daa448
AR0274,heavy_duty_conveyor_system_with_synchronized_dri,heavy_duty_conveyor_system_with_synchronized_dri_000,273,/mnt/zsn/lyb/arti-skill/exp/Articulated-Object-Code/released_outputs/objects/heavy_duty_conveyor_system_with_synchronized_dri/heavy_duty_conveyor_system_with_synchronized_dri_000,/mnt/zsn/lyb/arti-skill/exp/Articulated-Object-Code/released_outputs/objects/heavy_duty_conveyor_system_with_synchronized_dri/heavy_duty_conveyor_system_with_synchronized_dri_000/generated.urdf,/mnt/zsn/data/particulate/datasets/Articulated-Object-Code/renders/uniform660_one_per_category_studio_256_v1/heavy_duty_conveyor_system_with_synchronized_dri/heavy_duty_conveyor_system_with_synchronized_dri_000/imgs/000.png,71390,3e5f2e0c9f11448d123ef3ee964c1dc6ffa91c2f761de8bd29f4f45cf569436a,#733eda
AR0275,heavy_duty_hydraulic_jack_with_dual_stage,heavy_duty_hydraulic_jack_with_dual_stage_000,274,/mnt/zsn/lyb/arti-skill/exp/Articulated-Object-Code/released_outputs/objects/heavy_duty_hydraulic_jack_with_dual_stage/heavy_duty_hydraulic_jack_with_dual_stage_000,/mnt/zsn/lyb/arti-skill/exp/Articulated-Object-Code/released_outputs/objects/heavy_duty_hydraulic_jack_with_dual_stage/heavy_duty_hydraulic_jack_with_dual_stage_000/generated.urdf,/mnt/zsn/data/particulate/datasets/Articulated-Object-Code/renders/uniform660_one_per_category_studio_256_v1/heavy_duty_hydraulic_jack_with_dual_stage/heavy_duty_hydraulic_jack_with_dual_stage_000/imgs/000.png,71824,122cf9af6fded522df130f71a877512e1560c457fb7b9b899972c93fb98514b6,#34da3c
AR0276,heavy_duty_nutcracker_featuring_adjustable_cracking,heavy_duty_nutcracker_featuring_adjustable_cracking_000,275,/mnt/zsn/lyb/arti-skill/exp/Articulated-Object-Code/released_outputs/objects/heavy_duty_nutcracker_featuring_adjustable_cracking/heavy_duty_nutcracker_featuring_adjustable_cracking_000,/mnt/zsn/lyb/arti-skill/exp/Articulated-Object-Code/released_outputs/objects/heavy_duty_nutcracker_featuring_adjustable_cracking/heavy_duty_nutcracker_featuring_adjustable_cracking_000/generated.urdf,/mnt/zsn/data/particulate/datasets/Articulated-Object-Code/renders/uniform660_one_per_category_studio_256_v1/heavy_duty_nutcracker_featuring_adjustable_cracking/heavy_duty_nutcracker_featuring_adjustable_cracking_000/imgs/000.png,70736,04ce2b5b4bc983f9eaeb766c005567164ce849747c7105e70df114ec72090266,#eb6384
AR0277,heavy_duty_snips_featuring_ergonomic_handles,heavy_duty_snips_featuring_ergonomic_handles_000,276,/mnt/zsn/lyb/arti-skill/exp/Articulated-Object-Code/released_outputs/objects/heavy_duty_snips_featuring_ergonomic_handles/heavy_duty_snips_featuring_ergonomic_handles_000,/mnt/zsn/lyb/arti-skill/exp/Articulated-Object-Code/released_outputs/objects/heavy_duty_snips_featuring_ergonomic_handles/heavy_duty_snips_featuring_ergonomic_handles_000/generated.urdf,/mnt/zsn/data/particulate/datasets/Articulated-Object-Code/renders/uniform660_one_per_category_studio_256_v1/heavy_duty_snips_featuring_ergonomic_handles/heavy_duty_snips_featuring_ergonomic_handles_000/imgs/000.png,68847,bbca80d5d6863eae001a07ca9c02eed9e172f307c4a1be5e52cbc4b002239521,#58a7eb
AR0278,heavy_duty_snips_featuring_ergonomic_handles_and_p,heavy_duty_snips_featuring_ergonomic_handles_and_p_000,277,/mnt/zsn/lyb/arti-skill/exp/Articulated-Object-Code/released_outputs/objects/heavy_duty_snips_featuring_ergonomic_handles_and_p/heavy_duty_snips_featuring_ergonomic_handles_and_p_000,/mnt/zsn/lyb/arti-skill/exp/Articulated-Object-Code/released_outputs/objects/heavy_duty_snips_featuring_ergonomic_handles_and_p/heavy_duty_snips_featuring_ergonomic_handles_and_p_000/generated.urdf,/mnt/zsn/data/particulate/datasets/Articulated-Object-Code/renders/uniform660_one_per_category_studio_256_v1/heavy_duty_snips_featuring_ergonomic_handles_and_p/heavy_duty_snips_featuring_ergonomic_handles_and_p_000/imgs/000.png,68065,747258ab7a22cf7dc41cc94184f8f3d49b57bc349ee1ee6de6b65b3db5e10e41,#cfeb4d
AR0279,heavy_duty_vise_with_hardened_steel,heavy_duty_vise_with_hardened_steel_000,278,/mnt/zsn/lyb/arti-skill/exp/Articulated-Object-Code/released_outputs/objects/heavy_duty_vise_with_hardened_steel/heavy_duty_vise_with_hardened_steel_000,/mnt/zsn/lyb/arti-skill/exp/Articulated-Object-Code/released_outputs/objects/heavy_duty_vise_with_hardened_steel/heavy_duty_vise_with_hardened_steel_000/generated.urdf,/mnt/zsn/data/particulate/datasets/Articulated-Object-Code/renders/uniform660_one_per_category_studio_256_v1/heavy_duty_vise_with_hardened_steel/heavy_duty_vise_with_hardened_steel_000/imgs/000.png,70222,ccfc64f9ff4efd158b05d14b679517e12f8b6f9585abd1729f3b5fff107c4e32,#d743eb
AR0280,heavy_duty_vise_with_hardened_steel_construction_a,heavy_duty_vise_with_hardened_steel_construction_a_000,279,/mnt/zsn/lyb/arti-skill/exp/Articulated-Object-Code/released_outputs/objects/heavy_duty_vise_with_hardened_steel_construction_a/heavy_duty_vise_with_hardened_steel_construction_a_000,/mnt/zsn/lyb/arti-skill/exp/Articulated-Object-Code/released_outputs/objects/heavy_duty_vise_with_hardened_steel_construction_a/heavy_duty_vise_with_hardened_steel_construction_a_000/generated.urdf,/mnt/zsn/data/particulate/datasets/Articulated-Object-Code/renders/uniform660_one_per_category_studio_256_v1/heavy_duty_vise_with_hardened_steel_construction_a/heavy_duty_vise_with_hardened_steel_construction_a_000/imgs/000.png,77651,808dc6b67f111616cda257f1d92d9a54f1e093299a50a5982feb245dccffde9f,#38eba1
AR0281,heavy_duty_wire_cutter_featuring_compound,heavy_duty_wire_cutter_featuring_compound_000,280,/mnt/zsn/lyb/arti-skill/exp/Articulated-Object-Code/released_outputs/objects/heavy_duty_wire_cutter_featuring_compound/heavy_duty_wire_cutter_featuring_compound_000,/mnt/zsn/lyb/arti-skill/exp/Articulated-Object-Code/released_outputs/objects/heavy_duty_wire_cutter_featuring_compound/heavy_duty_wire_cutter_featuring_compound_000/generated.urdf,/mnt/zsn/data/particulate/datasets/Articulated-Object-Code/renders/uniform660_one_per_category_studio_256_v1/heavy_duty_wire_cutter_featuring_compound/heavy_duty_wire_cutter_featuring_compound_000/imgs/000.png,69052,bcadbfac73fa16d87ca6d9384f992c39313dcf8952da555c8dbcf773831343e9,#b86d4d
AR0282,heavy_duty_wire_cutter_featuring_compound_leverage,heavy_duty_wire_cutter_featuring_compound_leverage_000,281,/mnt/zsn/lyb/arti-skill/exp/Articulated-Object-Code/released_outputs/objects/heavy_duty_wire_cutter_featuring_compound_leverage/heavy_duty_wire_cutter_featuring_compound_leverage_000,/mnt/zsn/lyb/arti-skill/exp/Articulated-Object-Code/released_outputs/objects/heavy_duty_wire_cutter_featuring_compound_leverage/heavy_duty_wire_cutter_featuring_compound_leverage_000/generated.urdf,/mnt/zsn/data/particulate/datasets/Articulated-Object-Code/renders/uniform660_one_per_category_studio_256_v1/heavy_duty_wire_cutter_featuring_compound_leverage/heavy_duty_wire_cutter_featuring_compound_leverage_000/imgs/000.png,68315,0eb07f7a91f06a3f28569d5f94f9b7500e8beb8ce717d99c1bd26ff96e1b5dfb,#4545b8
AR0283,high_end_digital_camera_with_weather_sealed,high_end_digital_camera_with_weather_sealed_000,282,/mnt/zsn/lyb/arti-skill/exp/Articulated-Object-Code/released_outputs/objects/high_end_digital_camera_with_weather_sealed/high_end_digital_camera_with_weather_sealed_000,/mnt/zsn/lyb/arti-skill/exp/Articulated-Object-Code/released_outputs/objects/high_end_digital_camera_with_weather_sealed/high_end_digital_camera_with_weather_sealed_000/generated.urdf,/mnt/zsn/data/particulate/datasets/Articulated-Object-Code/renders/uniform660_one_per_category_studio_256_v1/high_end_digital_camera_with_weather_sealed/high_end_digital_camera_with_weather_sealed_000/imgs/000.png,71319,ffe6dccf76b149c625099fc84c6f1b07d265170ec7f59e5167c74f400ad6f496,#60b83d
AR0284,high_performance_gaming_console_with_liquid,high_performance_gaming_console_with_liquid_000,283,/mnt/zsn/lyb/arti-skill/exp/Articulated-Object-Code/released_outputs/objects/high_performance_gaming_console_with_liquid/high_performance_gaming_console_with_liquid_000,/mnt/zsn/lyb/arti-skill/exp/Articulated-Object-Code/released_outputs/objects/high_performance_gaming_console_with_liquid/high_performance_gaming_console_with_liquid_000/generated.urdf,/mnt/zsn/data/particulate/datasets/Articulated-Object-Code/renders/uniform660_one_per_category_studio_256_v1/high_performance_gaming_console_with_liquid/high_performance_gaming_console_with_liquid_000/imgs/000.png,73275,ca489a44d91b4a15bc30f7226411260c7c17ecc101a20689372b61189e1dfb68,#b83480
AR0285,high_performance_laptop_featuring_advanced,high_performance_laptop_featuring_advanced_000,284,/mnt/zsn/lyb/arti-skill/exp/Articulated-Object-Code/released_outputs/objects/high_performance_laptop_featuring_advanced/high_performance_laptop_featuring_advanced_000,/mnt/zsn/lyb/arti-skill/exp/Articulated-Object-Code/released_outputs/objects/high_performance_laptop_featuring_advanced/high_performance_laptop_featuring_advanced_000/generated.urdf,/mnt/zsn/data/particulate/datasets/Articulated-Object-Code/renders/uniform660_one_per_category_studio_256_v1/high_performance_laptop_featuring_advanced/high_performance_laptop_featuring_advanced_000/imgs/000.png,72397,338dccf0702204c6eee72349bb68cea35aeb26aff612b01e6371edebe1fa21b5,#2ca5b8
AR0286,high_performance_laptop_featuring_advanced_hinge,high_performance_laptop_featuring_advanced_hinge_000,285,/mnt/zsn/lyb/arti-skill/exp/Articulated-Object-Code/released_outputs/objects/high_performance_laptop_featuring_advanced_hinge/high_performance_laptop_featuring_advanced_hinge_000,/mnt/zsn/lyb/arti-skill/exp/Articulated-Object-Code/released_outputs/objects/high_performance_laptop_featuring_advanced_hinge/high_performance_laptop_featuring_advanced_hinge_000/generated.urdf,/mnt/zsn/data/particulate/datasets/Articulated-Object-Code/renders/uniform660_one_per_category_studio_256_v1/high_performance_laptop_featuring_advanced_hinge/high_performance_laptop_featuring_advanced_hinge_000/imgs/000.png,72034,3cf5e9ae8a22f07154157a766aa0c9de7e60527151fc7461a045115d26506adf,#c9b654
AR0287,high_precision_digital_caliper_with_hardened,high_precision_digital_caliper_with_hardened_002,286,/mnt/zsn/lyb/arti-skill/exp/Articulated-Object-Code/released_outputs/objects/high_precision_digital_caliper_with_hardened/high_precision_digital_caliper_with_hardened_002,/mnt/zsn/lyb/arti-skill/exp/Articulated-Object-Code/released_outputs/objects/high_precision_digital_caliper_with_hardened/high_precision_digital_caliper_with_hardened_002/generated.urdf,/mnt/zsn/data/particulate/datasets/Articulated-Object-Code/renders/uniform660_one_per_category_studio_256_v1/high_precision_digital_caliper_with_hardened/high_precision_digital_caliper_with_hardened_002/imgs/000.png,68387,3b4f7161b4ae569b0b463aede5da3c1f23202464dab96f15088d8d06802265d4,#904bc9
AR0288,high_precision_digital_caliper_with_hardened_stain,high_precision_digital_caliper_with_hardened_stain_000,287,/mnt/zsn/lyb/arti-skill/exp/Articulated-Object-Code/released_outputs/objects/high_precision_digital_caliper_with_hardened_stain/high_precision_digital_caliper_with_hardened_stain_000,/mnt/zsn/lyb/arti-skill/exp/Articulated-Object-Code/released_outputs/objects/high_precision_digital_caliper_with_hardened_stain/high_precision_digital_caliper_with_hardened_stain_000/generated.urdf,/mnt/zsn/data/particulate/datasets/Articulated-Object-Code/renders/uniform660_one_per_category_studio_256_v1/high_precision_digital_caliper_with_hardened_stain/high_precision_digital_caliper_with_hardened_stain_000/imgs/000.png,68624,579efb8032ed56531a990d1c239555b45c6887ecc48e7b99b189a05f1a3756e5,#42c964
AR0289,high_resolution_tablet_with_multi_angle,high_resolution_tablet_with_multi_angle_000,288,/mnt/zsn/lyb/arti-skill/exp/Articulated-Object-Code/released_outputs/objects/high_resolution_tablet_with_multi_angle/high_resolution_tablet_with_multi_angle_000,/mnt/zsn/lyb/arti-skill/exp/Articulated-Object-Code/released_outputs/objects/high_resolution_tablet_with_multi_angle/high_resolution_tablet_with_multi_angle_000/generated.urdf,/mnt/zsn/data/particulate/datasets/Articulated-Object-Code/renders/uniform660_one_per_category_studio_256_v1/high_resolution_tablet_with_multi_angle/high_resolution_tablet_with_multi_angle_000/imgs/000.png,74186,45942e678bd182c106404bc3b539fe32a6ee0ae4679442d74eb7d0c744a5a507,#c9393f
AR0290,hinged_door,hinged_door_006,289,/mnt/zsn/lyb/arti-skill/exp/Articulated-Object-Code/released_outputs/objects/hinged_door/hinged_door_006,/mnt/zsn/lyb/arti-skill/exp/Articulated-Object-Code/released_outputs/objects/hinged_door/hinged_door_006/generated.urdf,/mnt/zsn/data/particulate/datasets/Articulated-Object-Code/renders/uniform660_one_per_category_studio_256_v1/hinged_door/hinged_door_006/imgs/000.png,68471,fe59f009ea40db119d4b98554f5c080d127d6f4b228cb64ffcee2c8c30dde236,#3062c9
AR0291,household_scissors_with_comfortable_grip,household_scissors_with_comfortable_grip_000,290,/mnt/zsn/lyb/arti-skill/exp/Articulated-Object-Code/released_outputs/objects/household_scissors_with_comfortable_grip/household_scissors_with_comfortable_grip_000,/mnt/zsn/lyb/arti-skill/exp/Articulated-Object-Code/released_outputs/objects/household_scissors_with_comfortable_grip/household_scissors_with_comfortable_grip_000/generated.urdf,/mnt/zsn/data/particulate/datasets/Articulated-Object-Code/renders/uniform660_one_per_category_studio_256_v1/household_scissors_with_comfortable_grip/household_scissors_with_comfortable_grip_000/imgs/000.png,69463,9eb1cbff93e19f8664831da24e1fc16b5ca4aa1e64aa1b136ceb67be5f12f6b5,#aada5b
AR0292,human_arm_comprises_the,human_arm_comprises_the_005,291,/mnt/zsn/lyb/arti-skill/exp/Articulated-Object-Code/released_outputs/objects/human_arm_comprises_the/human_arm_comprises_the_005,/mnt/zsn/lyb/arti-skill/exp/Articulated-Object-Code/released_outputs/objects/human_arm_comprises_the/human_arm_comprises_the_005/generated.urdf,/mnt/zsn/data/particulate/datasets/Articulated-Object-Code/renders/uniform660_one_per_category_studio_256_v1/human_arm_comprises_the/human_arm_comprises_the_005/imgs/000.png,69676,7856878f3faff1842f668728d5ca1626da1a5a092f1dc06459d0b62a1c64b5ed,#da52ce
AR0293,human_arm_comprises_the_upper_arm_forearm_an,human_arm_comprises_the_upper_arm_forearm_an_000,292,/mnt/zsn/lyb/arti-skill/exp/Articulated-Object-Code/released_outputs/objects/human_arm_comprises_the_upper_arm_forearm_an/human_arm_comprises_the_upper_arm_forearm_an_000,/mnt/zsn/lyb/arti-skill/exp/Articulated-Object-Code/released_outputs/objects/human_arm_comprises_the_upper_arm_forearm_an/human_arm_comprises_the_upper_arm_forearm_an_000/generated.urdf,/mnt/zsn/data/particulate/datasets/Articulated-Object-Code/renders/uniform660_one_per_category_studio_256_v1/human_arm_comprises_the_upper_arm_forearm_an/human_arm_comprises_the_upper_arm_forearm_an_000/imgs/000.png,68568,c41beb1884d7f63f2674043d0a98637ad32424c2f16f6fd27bffd2f71d16b1b6,#48dabc
AR0294,human_arm_comprises_the_upper_arm_humerus_bon,human_arm_comprises_the_upper_arm_humerus_bon_000,293,/mnt/zsn/lyb/arti-skill/exp/Articulated-Object-Code/released_outputs/objects/human_arm_comprises_the_upper_arm_humerus_bon/human_arm_comprises_the_upper_arm_humerus_bon_000,/mnt/zsn/lyb/arti-skill/exp/Articulated-Object-Code/released_outputs/objects/human_arm_comprises_the_upper_arm_humerus_bon/human_arm_comprises_the_upper_arm_humerus_bon_000/generated.urdf,/mnt/zsn/data/particulate/datasets/Articulated-Object-Code/renders/uniform660_one_per_category_studio_256_v1/human_arm_comprises_the_upper_arm_humerus_bon/human_arm_comprises_the_upper_arm_humerus_bon_000/imgs/000.png,70289,88726f2a699052bdef2c4c585784be229b42382084ccc8ff94bdecab65693094,#da8c3e
AR0295,human_leg_includes_the,human_leg_includes_the_016,294,/mnt/zsn/lyb/arti-skill/exp/Articulated-Object-Code/released_outputs/objects/human_leg_includes_the/human_leg_includes_the_016,/mnt/zsn/lyb/arti-skill/exp/Articulated-Object-Code/released_outputs/objects/human_leg_includes_the/human_leg_includes_the_016/generated.urdf,/mnt/zsn/data/particulate/datasets/Articulated-Object-Code/renders/uniform660_one_per_category_studio_256_v1/human_leg_includes_the/human_leg_includes_the_016/imgs/000.png,70689,f91684ea1a8315408961c0857a12ed53dad94480488fb7a4d5ca32a4b0ea089b,#5734da
AR0296,human_leg_includes_the_thigh_femur_bone_low,human_leg_includes_the_thigh_femur_bone_low_000,295,/mnt/zsn/lyb/arti-skill/exp/Articulated-Object-Code/released_outputs/objects/human_leg_includes_the_thigh_femur_bone_low/human_leg_includes_the_thigh_femur_bone_low_000,/mnt/zsn/lyb/arti-skill/exp/Articulated-Object-Code/released_outputs/objects/human_leg_includes_the_thigh_femur_bone_low/human_leg_includes_the_thigh_femur_bone_low_000/generated.urdf,/mnt/zsn/data/particulate/datasets/Articulated-Object-Code/renders/uniform660_one_per_category_studio_256_v1/human_leg_includes_the_thigh_femur_bone_low/human_leg_includes_the_thigh_femur_bone_low_000/imgs/000.png,70444,0ca3a9e7aea5a914a2d0e0954bbf71b6adc825b03955536ed6382818007b0d55,#6deb63
AR0297,human_leg_includes_the_thigh_lower_leg_and_f,human_leg_includes_the_thigh_lower_leg_and_f_000,296,/mnt/zsn/lyb/arti-skill/exp/Articulated-Object-Code/released_outputs/objects/human_leg_includes_the_thigh_lower_leg_and_f/human_leg_includes_the_thigh_lower_leg_and_f_000,/mnt/zsn/lyb/arti-skill/exp/Articulated-Object-Code/released_outputs/objects/human_leg_includes_the_thigh_lower_leg_and_f/human_leg_includes_the_thigh_lower_leg_and_f_000/generated.urdf,/mnt/zsn/data/particulate/datasets/Articulated-Object-Code/renders/uniform660_one_per_category_studio_256_v1/human_leg_includes_the_thigh_lower_leg_and_f/human_leg_includes_the_thigh_lower_leg_and_f_000/imgs/000.png,70766,deaaa3d1079f74f4849d5cf12ab0b908686c68322d7265c835f64a3dc4403f25,#eb588e
AR0298,hydraulic_jack,hydraulic_jack_002,297,/mnt/zsn/lyb/arti-skill/exp/Articulated-Object-Code/released_outputs/objects/hydraulic_jack/hydraulic_jack_002,/mnt/zsn/lyb/arti-skill/exp/Articulated-Object-Code/released_outputs/objects/hydraulic_jack/hydraulic_jack_002/generated.urdf,/mnt/zsn/data/particulate/datasets/Articulated-Object-Code/renders/uniform660_one_per_category_studio_256_v1/hydraulic_jack/hydraulic_jack_002/imgs/000.png,70763,4d9ec97cede05575055cdd7a99371d2752f9f7fffbf90accfe474aebfce2c980,#4db6eb
AR0299,illuminated_medicine_cabinet_with_integrated,illuminated_medicine_cabinet_with_integrated_001,298,/mnt/zsn/lyb/arti-skill/exp/Articulated-Object-Code/released_outputs/objects/illuminated_medicine_cabinet_with_integrated/illuminated_medicine_cabinet_with_integrated_001,/mnt/zsn/lyb/arti-skill/exp/Articulated-Object-Code/released_outputs/objects/illuminated_medicine_cabinet_with_integrated/illuminated_medicine_cabinet_with_integrated_001/generated.urdf,/mnt/zsn/data/particulate/datasets/Articulated-Object-Code/renders/uniform660_one_per_category_studio_256_v1/illuminated_medicine_cabinet_with_integrated/illuminated_medicine_cabinet_with_integrated_001/imgs/000.png,71558,049421c2fc1ce4c47e4d0786aa5cd3c5189c7f58e1a6da97b73a1b55317aa056,#e3eb43
AR0300,illuminated_medicine_cabinet_with_integrated_led_l,illuminated_medicine_cabinet_with_integrated_led_l_000,299,/mnt/zsn/lyb/arti-skill/exp/Articulated-Object-Code/released_outputs/objects/illuminated_medicine_cabinet_with_integrated_led_l/illuminated_medicine_cabinet_with_integrated_led_l_000,/mnt/zsn/lyb/arti-skill/exp/Articulated-Object-Code/released_outputs/objects/illuminated_medicine_cabinet_with_integrated_led_l/illuminated_medicine_cabinet_with_integrated_led_l_000/generated.urdf,/mnt/zsn/data/particulate/datasets/Articulated-Object-Code/renders/uniform660_one_per_category_studio_256_v1/illuminated_medicine_cabinet_with_integrated_led_l/illuminated_medicine_cabinet_with_integrated_led_l_000/imgs/000.png,71175,d6b2cf5b8444c0b841c62f7c1f2e74c3d2a1f345f2574720487e44cf244c9b7d,#bf38eb
AR0301,industrial_belt_conveyor_with_motorized,industrial_belt_conveyor_with_motorized_000,300,/mnt/zsn/lyb/arti-skill/exp/Articulated-Object-Code/released_outputs/objects/industrial_belt_conveyor_with_motorized/industrial_belt_conveyor_with_motorized_000,/mnt/zsn/lyb/arti-skill/exp/Articulated-Object-Code/released_outputs/objects/industrial_belt_conveyor_with_motorized/industrial_belt_conveyor_with_motorized_000/generated.urdf,/mnt/zsn/data/particulate/datasets/Articulated-Object-Code/renders/uniform660_one_per_category_studio_256_v1/industrial_belt_conveyor_with_motorized/industrial_belt_conveyor_with_motorized_000/imgs/000.png,71277,35d663221d7ec1aab245a7ac2a96208f42298342c0749056172d96bfbca3b0da,#4db87e
AR0302,industrial_crane_featuring_advanced_hydraulic,industrial_crane_featuring_advanced_hydraulic_000,301,/mnt/zsn/lyb/arti-skill/exp/Articulated-Object-Code/released_outputs/objects/industrial_crane_featuring_advanced_hydraulic/industrial_crane_featuring_advanced_hydraulic_000,/mnt/zsn/lyb/arti-skill/exp/Articulated-Object-Code/released_outputs/objects/industrial_crane_featuring_advanced_hydraulic/industrial_crane_featuring_advanced_hydraulic_000/generated.urdf,/mnt/zsn/data/particulate/datasets/Articulated-Object-Code/renders/uniform660_one_per_category_studio_256_v1/industrial_crane_featuring_advanced_hydraulic/industrial_crane_featuring_advanced_hydraulic_000/imgs/000.png,69299,a7f91d6dc9cbd1d7b0593537c5ec281c0a859a0fe911e710173c5a0c84bbe5a5,#b85845
AR0303,industrial_crane_featuring_advanced_hydraulic_syst,industrial_crane_featuring_advanced_hydraulic_syst_000,302,/mnt/zsn/lyb/arti-skill/exp/Articulated-Object-Code/released_outputs/objects/industrial_crane_featuring_advanced_hydraulic_syst/industrial_crane_featuring_advanced_hydraulic_syst_000,/mnt/zsn/lyb/arti-skill/exp/Articulated-Object-Code/released_outputs/objects/industrial_crane_featuring_advanced_hydraulic_syst/industrial_crane_featuring_advanced_hydraulic_syst_000/generated.urdf,/mnt/zsn/data/particulate/datasets/Articulated-Object-Code/renders/uniform660_one_per_category_studio_256_v1/industrial_crane_featuring_advanced_hydraulic_syst/industrial_crane_featuring_advanced_hydraulic_syst_000/imgs/000.png,69602,79a9aaf274a8c387d5e45abb3535fe3daa1d118e14aa1fd4b0b9f9e3956f022e,#3d4cb8
AR0304,industrial_gripper_featuring_precise_positioning,industrial_gripper_featuring_precise_positioning_000,303,/mnt/zsn/lyb/arti-skill/exp/Articulated-Object-Code/released_outputs/objects/industrial_gripper_featuring_precise_positioning/industrial_gripper_featuring_precise_positioning_000,/mnt/zsn/lyb/arti-skill/exp/Articulated-Object-Code/released_outputs/objects/industrial_gripper_featuring_precise_positioning/industrial_gripper_featuring_precise_positioning_000/generated.urdf,/mnt/zsn/data/particulate/datasets/Articulated-Object-Code/renders/uniform660_one_per_category_studio_256_v1/industrial_gripper_featuring_precise_positioning/industrial_gripper_featuring_precise_positioning_000/imgs/000.png,71677,ecc2ac1286d16a7ba05c04289d760b166e7f3823391e304708be53adc049be9d,#6bb834
AR0305,industrial_gripper_featuring_precise_positioning_a,industrial_gripper_featuring_precise_positioning_a_000,304,/mnt/zsn/lyb/arti-skill/exp/Articulated-Object-Code/released_outputs/objects/industrial_gripper_featuring_precise_positioning_a/industrial_gripper_featuring_precise_positioning_a_000,/mnt/zsn/lyb/arti-skill/exp/Articulated-Object-Code/released_outputs/objects/industrial_gripper_featuring_precise_positioning_a/industrial_gripper_featuring_precise_positioning_a_000/generated.urdf,/mnt/zsn/data/particulate/datasets/Articulated-Object-Code/renders/uniform660_one_per_category_studio_256_v1/industrial_gripper_featuring_precise_positioning_a/industrial_gripper_featuring_precise_positioning_a_000/imgs/000.png,72020,f1f4f10445cb11b5f468943938fac9c21719af052e148ad9993e318c9289df1f,#b82c8f
AR0306,interior_shutter_system_with_tilt,interior_shutter_system_with_tilt_000,305,/mnt/zsn/lyb/arti-skill/exp/Articulated-Object-Code/released_outputs/objects/interior_shutter_system_with_tilt/interior_shutter_system_with_tilt_000,/mnt/zsn/lyb/arti-skill/exp/Articulated-Object-Code/released_outputs/objects/interior_shutter_system_with_tilt/interior_shutter_system_with_tilt_000/generated.urdf,/mnt/zsn/data/particulate/datasets/Articulated-Object-Code/renders/uniform660_one_per_category_studio_256_v1/interior_shutter_system_with_tilt/interior_shutter_system_with_tilt_000/imgs/000.png,70790,3014fbe213bdde126dfb9446c1bc649d0019b961518be8450ea82290bd76b506,#54c8c9
AR0307,interior_shutter_system_with_tilt_rod_control_for,interior_shutter_system_with_tilt_rod_control_for_000,306,/mnt/zsn/lyb/arti-skill/exp/Articulated-Object-Code/released_outputs/objects/interior_shutter_system_with_tilt_rod_control_for/interior_shutter_system_with_tilt_rod_control_for_000,/mnt/zsn/lyb/arti-skill/exp/Articulated-Object-Code/released_outputs/objects/interior_shutter_system_with_tilt_rod_control_for/interior_shutter_system_with_tilt_rod_control_for_000/generated.urdf,/mnt/zsn/data/particulate/datasets/Articulated-Object-Code/renders/uniform660_one_per_category_studio_256_v1/interior_shutter_system_with_tilt_rod_control_for/interior_shutter_system_with_tilt_rod_control_for_000/imgs/000.png,71738,e49cedc1441092f95226c29b5f9d806a975f520928f44f77dbf07036ee835c9d,#c9a44b
AR0308,ironing_board,ironing_board_009,307,/mnt/zsn/lyb/arti-skill/exp/Articulated-Object-Code/released_outputs/objects/ironing_board/ironing_board_009,/mnt/zsn/lyb/arti-skill/exp/Articulated-Object-Code/released_outputs/objects/ironing_board/ironing_board_009/generated.urdf,/mnt/zsn/data/particulate/datasets/Articulated-Object-Code/renders/uniform660_one_per_category_studio_256_v1/ironing_board/ironing_board_009/imgs/000.png,70357,4205f6e38b2f72c3003b4d0f1c49e1f4cd499e73afe2725bf4ff4eaaf3c98e71,#7a42c9
AR0309,keyboard,keyboard_022,308,/mnt/zsn/lyb/arti-skill/exp/Articulated-Object-Code/released_outputs/objects/keyboard/keyboard_022,/mnt/zsn/lyb/arti-skill/exp/Articulated-Object-Code/released_outputs/objects/keyboard/keyboard_022/generated.urdf,/mnt/zsn/data/particulate/datasets/Articulated-Object-Code/renders/uniform660_one_per_category_studio_256_v1/keyboard/keyboard_022/imgs/000.png,69629,1b87203dd4f1d52bd811586b77304b6c16ce5963b3405a442040d234bef55b98,#39c94b
AR0310,kick_scooter_with_adjustable,kick_scooter_with_adjustable_000,309,/mnt/zsn/lyb/arti-skill/exp/Articulated-Object-Code/released_outputs/objects/kick_scooter_with_adjustable/kick_scooter_with_adjustable_000,/mnt/zsn/lyb/arti-skill/exp/Articulated-Object-Code/released_outputs/objects/kick_scooter_with_adjustable/kick_scooter_with_adjustable_000/generated.urdf,/mnt/zsn/data/particulate/datasets/Articulated-Object-Code/renders/uniform660_one_per_category_studio_256_v1/kick_scooter_with_adjustable/kick_scooter_with_adjustable_000/imgs/000.png,71913,f658f8cdcc10b02b98db34f3bb1dc3f9a575fccf9e49656b1cffcc6d73c8c7a8,#c93049
AR0311,kitchen_drawer_featuring_soft_close_mechanism,kitchen_drawer_featuring_soft_close_mechanism_000,310,/mnt/zsn/lyb/arti-skill/exp/Articulated-Object-Code/released_outputs/objects/kitchen_drawer_featuring_soft_close_mechanism/kitchen_drawer_featuring_soft_close_mechanism_000,/mnt/zsn/lyb/arti-skill/exp/Articulated-Object-Code/released_outputs/objects/kitchen_drawer_featuring_soft_close_mechanism/kitchen_drawer_featuring_soft_close_mechanism_000/generated.urdf,/mnt/zsn/data/particulate/datasets/Articulated-Object-Code/renders/uniform660_one_per_category_studio_256_v1/kitchen_drawer_featuring_soft_close_mechanism/kitchen_drawer_featuring_soft_close_mechanism_000/imgs/000.png,72691,835eb5f9aedc44c7b1a3c120afa834c8d0e8e66a8cae4708edbdc32912430345,#5b95da
AR0312,kitchen_faucet_with_pull_out_spray,kitchen_faucet_with_pull_out_spray_000,311,/mnt/zsn/lyb/arti-skill/exp/Articulated-Object-Code/released_outputs/objects/kitchen_faucet_with_pull_out_spray/kitchen_faucet_with_pull_out_spray_000,/mnt/zsn/lyb/arti-skill/exp/Articulated-Object-Code/released_outputs/objects/kitchen_faucet_with_pull_out_spray/kitchen_faucet_with_pull_out_spray_000/generated.urdf,/mnt/zsn/data/particulate/datasets/Articulated-Object-Code/renders/uniform660_one_per_category_studio_256_v1/kitchen_faucet_with_pull_out_spray/kitchen_faucet_with_pull_out_spray_000/imgs/000.png,66420,b4a1858a01965e896291f7686d51e3430d1455adfb327081bcad771e03693bd0,#b7da52
AR0313,laptop,laptop_118,312,/mnt/zsn/lyb/arti-skill/exp/Articulated-Object-Code/released_outputs/objects/laptop/laptop_118,/mnt/zsn/lyb/arti-skill/exp/Articulated-Object-Code/released_outputs/objects/laptop/laptop_118/generated.urdf,/mnt/zsn/data/particulate/datasets/Articulated-Object-Code/renders/uniform660_one_per_category_studio_256_v1/laptop/laptop_118/imgs/000.png,72756,3f5c1cb8eeaf55b6db5dee34139b8f31dc06ef5f26376bbc40831ce0197f0550,#d448da
AR0314,laptop_comprises_a_base,laptop_comprises_a_base_005,313,/mnt/zsn/lyb/arti-skill/exp/Articulated-Object-Code/released_outputs/objects/laptop_comprises_a_base/laptop_comprises_a_base_005,/mnt/zsn/lyb/arti-skill/exp/Articulated-Object-Code/released_outputs/objects/laptop_comprises_a_base/laptop_comprises_a_base_005/generated.urdf,/mnt/zsn/data/particulate/datasets/Articulated-Object-Code/renders/uniform660_one_per_category_studio_256_v1/laptop_comprises_a_base/laptop_comprises_a_base_005/imgs/000.png,70508,793c7e5f641b8a4b94b914514dfd21d3d7fe03228cbe5137b6f104cc2b15d2cd,#3edaa6
AR0315,laptop_comprises_a_base_lower_rectangular_block,laptop_comprises_a_base_lower_rectangular_block_000,314,/mnt/zsn/lyb/arti-skill/exp/Articulated-Object-Code/released_outputs/objects/laptop_comprises_a_base_lower_rectangular_block/laptop_comprises_a_base_lower_rectangular_block_000,/mnt/zsn/lyb/arti-skill/exp/Articulated-Object-Code/released_outputs/objects/laptop_comprises_a_base_lower_rectangular_block/laptop_comprises_a_base_lower_rectangular_block_000/generated.urdf,/mnt/zsn/data/particulate/datasets/Articulated-Object-Code/renders/uniform660_one_per_category_studio_256_v1/laptop_comprises_a_base_lower_rectangular_block/laptop_comprises_a_base_lower_rectangular_block_000/imgs/000.png,71369,d0533dadb0ccd2d2dc633d5741fe15ed310b7913139832a7060e8677600dcd84,#da7234
AR0316,laser_level_with_tripod_mount_and_rotating_head,laser_level_with_tripod_mount_and_rotating_head_000,315,/mnt/zsn/lyb/arti-skill/exp/Articulated-Object-Code/released_outputs/objects/laser_level_with_tripod_mount_and_rotating_head/laser_level_with_tripod_mount_and_rotating_head_000,/mnt/zsn/lyb/arti-skill/exp/Articulated-Object-Code/released_outputs/objects/laser_level_with_tripod_mount_and_rotating_head/laser_level_with_tripod_mount_and_rotating_head_000/generated.urdf,/mnt/zsn/data/particulate/datasets/Articulated-Object-Code/renders/uniform660_one_per_category_studio_256_v1/laser_level_with_tripod_mount_and_rotating_head/laser_level_with_tripod_mount_and_rotating_head_000/imgs/000.png,74936,3c5f6c54ac65af8b18cc89902a3827f5f896f6d258e27f98a3e5025016206e9c,#6e63eb
AR0317,laser_printer_with_automatic,laser_printer_with_automatic_001,316,/mnt/zsn/lyb/arti-skill/exp/Articulated-Object-Code/released_outputs/objects/laser_printer_with_automatic/laser_printer_with_automatic_001,/mnt/zsn/lyb/arti-skill/exp/Articulated-Object-Code/released_outputs/objects/laser_printer_with_automatic/laser_printer_with_automatic_001/generated.urdf,/mnt/zsn/data/particulate/datasets/Articulated-Object-Code/renders/uniform660_one_per_category_studio_256_v1/laser_printer_with_automatic/laser_printer_with_automatic_001/imgs/000.png,72857,e648beb5bf79a8efb34445299406f372971e1d5a7f7e412a03f196adfb954d67,#76eb58
AR0318,laser_printer_with_automatic_duplex_printing_cap,laser_printer_with_automatic_duplex_printing_cap_000,317,/mnt/zsn/lyb/arti-skill/exp/Articulated-Object-Code/released_outputs/objects/laser_printer_with_automatic_duplex_printing_cap/laser_printer_with_automatic_duplex_printing_cap_000,/mnt/zsn/lyb/arti-skill/exp/Articulated-Object-Code/released_outputs/objects/laser_printer_with_automatic_duplex_printing_cap/laser_printer_with_automatic_duplex_printing_cap_000/generated.urdf,/mnt/zsn/data/particulate/datasets/Articulated-Object-Code/renders/uniform660_one_per_category_studio_256_v1/laser_printer_with_automatic_duplex_printing_cap/laser_printer_with_automatic_duplex_printing_cap_000/imgs/000.png,73981,15cb32652c0b36811c1337bcd142bf51aa2272c053ed23cbfc5e850b7fc7433c,#eb4d9c
AR0319,lateral_filing_cabinet_with_hanging,lateral_filing_cabinet_with_hanging_001,318,/mnt/zsn/lyb/arti-skill/exp/Articulated-Object-Code/released_outputs/objects/lateral_filing_cabinet_with_hanging/lateral_filing_cabinet_with_hanging_001,/mnt/zsn/lyb/arti-skill/exp/Articulated-Object-Code/released_outputs/objects/lateral_filing_cabinet_with_hanging/lateral_filing_cabinet_with_hanging_001/generated.urdf,/mnt/zsn/data/particulate/datasets/Articulated-Object-Code/renders/uniform660_one_per_category_studio_256_v1/lateral_filing_cabinet_with_hanging/lateral_filing_cabinet_with_hanging_001/imgs/000.png,71353,522e455db72fc5f09fa8fddbd80a2a45816d0aff5d50f91207b5b3ace8cf2a4f,#43c8eb
AR0320,led_desk_lamp_with,led_desk_lamp_with_001,319,/mnt/zsn/lyb/arti-skill/exp/Articulated-Object-Code/released_outputs/objects/led_desk_lamp_with/led_desk_lamp_with_001,/mnt/zsn/lyb/arti-skill/exp/Articulated-Object-Code/released_outputs/objects/led_desk_lamp_with/led_desk_lamp_with_001/generated.urdf,/mnt/zsn/data/particulate/datasets/Articulated-Object-Code/renders/uniform660_one_per_category_studio_256_v1/led_desk_lamp_with/led_desk_lamp_with_001/imgs/000.png,70296,96ac029959c1915d676f29a9b0940e2960e965d1af07539799dabe50df9476f0,#ebdc38
AR0321,led_desk_lamp_with_flexible_positioning,led_desk_lamp_with_flexible_positioning_000,320,/mnt/zsn/lyb/arti-skill/exp/Articulated-Object-Code/released_outputs/objects/led_desk_lamp_with_flexible_positioning/led_desk_lamp_with_flexible_positioning_000,/mnt/zsn/lyb/arti-skill/exp/Articulated-Object-Code/released_outputs/objects/led_desk_lamp_with_flexible_positioning/led_desk_lamp_with_flexible_positioning_000/generated.urdf,/mnt/zsn/data/particulate/datasets/Articulated-Object-Code/renders/uniform660_one_per_category_studio_256_v1/led_desk_lamp_with_flexible_positioning/led_desk_lamp_with_flexible_positioning_000/imgs/000.png,68374,92b3c9fd4091e41dc485ba7d4a41d752c96186b40b8a3f899f46fce1f6f1e82f,#904db8
AR0322,lever_style_nutcracker_with_mechanical,lever_style_nutcracker_with_mechanical_000,321,/mnt/zsn/lyb/arti-skill/exp/Articulated-Object-Code/released_outputs/objects/lever_style_nutcracker_with_mechanical/lever_style_nutcracker_with_mechanical_000,/mnt/zsn/lyb/arti-skill/exp/Articulated-Object-Code/released_outputs/objects/lever_style_nutcracker_with_mechanical/lever_style_nutcracker_with_mechanical_000/generated.urdf,/mnt/zsn/data/particulate/datasets/Articulated-Object-Code/renders/uniform660_one_per_category_studio_256_v1/lever_style_nutcracker_with_mechanical/lever_style_nutcracker_with_mechanical_000/imgs/000.png,68951,bc0d3af40fca2c37d2566659704a33848d1e4319a8125d9fec8c5f828c0c4e56,#45b86b
AR0323,lighter,lighter_000,322,/mnt/zsn/lyb/arti-skill/exp/Articulated-Object-Code/released_outputs/objects/lighter/lighter_000,/mnt/zsn/lyb/arti-skill/exp/Articulated-Object-Code/released_outputs/objects/lighter/lighter_000/generated.urdf,/mnt/zsn/data/particulate/datasets/Articulated-Object-Code/renders/uniform660_one_per_category_studio_256_v1/lighter/lighter_000/imgs/000.png,72477,0896fe7661ee803ad774813e454165008a9f826fd37733f32c38de7679c27133,#b8423d
AR0324,linear_track_lighting_with_movable_led_spotlight,linear_track_lighting_with_movable_led_spotlight_000,323,/mnt/zsn/lyb/arti-skill/exp/Articulated-Object-Code/released_outputs/objects/linear_track_lighting_with_movable_led_spotlight/linear_track_lighting_with_movable_led_spotlight_000,/mnt/zsn/lyb/arti-skill/exp/Articulated-Object-Code/released_outputs/objects/linear_track_lighting_with_movable_led_spotlight/linear_track_lighting_with_movable_led_spotlight_000/generated.urdf,/mnt/zsn/data/particulate/datasets/Articulated-Object-Code/renders/uniform660_one_per_category_studio_256_v1/linear_track_lighting_with_movable_led_spotlight/linear_track_lighting_with_movable_led_spotlight_000/imgs/000.png,69494,b685fe954f5ca472bbc4abe0aa09671720de7d442b7dede1f9f95b7e211843c5,#3455b8
AR0325,locking_pliers_feature_jaws_handles,locking_pliers_feature_jaws_handles_009,324,/mnt/zsn/lyb/arti-skill/exp/Articulated-Object-Code/released_outputs/objects/locking_pliers_feature_jaws_handles/locking_pliers_feature_jaws_handles_009,/mnt/zsn/lyb/arti-skill/exp/Articulated-Object-Code/released_outputs/objects/locking_pliers_feature_jaws_handles/locking_pliers_feature_jaws_handles_009/generated.urdf,/mnt/zsn/data/particulate/datasets/Articulated-Object-Code/renders/uniform660_one_per_category_studio_256_v1/locking_pliers_feature_jaws_handles/locking_pliers_feature_jaws_handles_009/imgs/000.png,66054,d193c706371ab9e5c1d2c3a55f39a0f07c79559bfc7748cce058a138fef32c26,#78b82c
AR0326,locking_pliers_feature_jaws_handles_and_a_comple,locking_pliers_feature_jaws_handles_and_a_comple_000,325,/mnt/zsn/lyb/arti-skill/exp/Articulated-Object-Code/released_outputs/objects/locking_pliers_feature_jaws_handles_and_a_comple/locking_pliers_feature_jaws_handles_and_a_comple_000,/mnt/zsn/lyb/arti-skill/exp/Articulated-Object-Code/released_outputs/objects/locking_pliers_feature_jaws_handles_and_a_comple/locking_pliers_feature_jaws_handles_and_a_comple_000/generated.urdf,/mnt/zsn/data/particulate/datasets/Articulated-Object-Code/renders/uniform660_one_per_category_studio_256_v1/locking_pliers_feature_jaws_handles_and_a_comple/locking_pliers_feature_jaws_handles_and_a_comple_000/imgs/000.png,70529,6f8b15b6273d28778f455f88ef6dea077b089bddd29ae07cd7477d25185d23e7,#c954b5
AR0327,magnificent_ferris_wheel_standing,magnificent_ferris_wheel_standing_001,326,/mnt/zsn/lyb/arti-skill/exp/Articulated-Object-Code/released_outputs/objects/magnificent_ferris_wheel_standing/magnificent_ferris_wheel_standing_001,/mnt/zsn/lyb/arti-skill/exp/Articulated-Object-Code/released_outputs/objects/magnificent_ferris_wheel_standing/magnificent_ferris_wheel_standing_001/generated.urdf,/mnt/zsn/data/particulate/datasets/Articulated-Object-Code/renders/uniform660_one_per_category_studio_256_v1/magnificent_ferris_wheel_standing/magnificent_ferris_wheel_standing_001/imgs/000.png,76601,199d6af58f105bba9d12f37ab36d521bd20b18e1c6d528b1e7cc6028d59e6f4a,#4bc9b9
AR0328,makeup_compact_is_typically,makeup_compact_is_typically_010,327,/mnt/zsn/lyb/arti-skill/exp/Articulated-Object-Code/released_outputs/objects/makeup_compact_is_typically/makeup_compact_is_typically_010,/mnt/zsn/lyb/arti-skill/exp/Articulated-Object-Code/released_outputs/objects/makeup_compact_is_typically/makeup_compact_is_typically_010/generated.urdf,/mnt/zsn/data/particulate/datasets/Articulated-Object-Code/renders/uniform660_one_per_category_studio_256_v1/makeup_compact_is_typically/makeup_compact_is_typically_010/imgs/000.png,70009,d1b8bea96768521a0277d492843a37276be85fbaf160c2a0bc7bedde9a773307,#c99142
AR0329,makeup_compact_is_typically_a_small_flattened_ca,makeup_compact_is_typically_a_small_flattened_ca_000,328,/mnt/zsn/lyb/arti-skill/exp/Articulated-Object-Code/released_outputs/objects/makeup_compact_is_typically_a_small_flattened_ca/makeup_compact_is_typically_a_small_flattened_ca_000,/mnt/zsn/lyb/arti-skill/exp/Articulated-Object-Code/released_outputs/objects/makeup_compact_is_typically_a_small_flattened_ca/makeup_compact_is_typically_a_small_flattened_ca_000/generated.urdf,/mnt/zsn/data/particulate/datasets/Articulated-Object-Code/renders/uniform660_one_per_category_studio_256_v1/makeup_compact_is_typically_a_small_flattened_ca/makeup_compact_is_typically_a_small_flattened_ca_000/imgs/000.png,72119,04a86345a47a5843dcaca51e7b4bbc7e5ef35180be01c1ea9a4544db340b2a12,#6339c9
AR0330,mandoline_slicer_with_adjustable_blade_height,mandoline_slicer_with_adjustable_blade_height_000,329,/mnt/zsn/lyb/arti-skill/exp/Articulated-Object-Code/released_outputs/objects/mandoline_slicer_with_adjustable_blade_height/mandoline_slicer_with_adjustable_blade_height_000,/mnt/zsn/lyb/arti-skill/exp/Articulated-Object-Code/released_outputs/objects/mandoline_slicer_with_adjustable_blade_height/mandoline_slicer_with_adjustable_blade_height_000/generated.urdf,/mnt/zsn/data/particulate/datasets/Articulated-Object-Code/renders/uniform660_one_per_category_studio_256_v1/mandoline_slicer_with_adjustable_blade_height/mandoline_slicer_with_adjustable_blade_height_000/imgs/000.png,69314,f1d9ab693fd13b7d38273b7228cbd42ac2671dc08cd6b82361c42f12e79bcc17,#30c930
AR0331,manual_air_pump_for_inflatables,manual_air_pump_for_inflatables_000,330,/mnt/zsn/lyb/arti-skill/exp/Articulated-Object-Code/released_outputs/objects/manual_air_pump_for_inflatables/manual_air_pump_for_inflatables_000,/mnt/zsn/lyb/arti-skill/exp/Articulated-Object-Code/released_outputs/objects/manual_air_pump_for_inflatables/manual_air_pump_for_inflatables_000/generated.urdf,/mnt/zsn/data/particulate/datasets/Articulated-Object-Code/renders/uniform660_one_per_category_studio_256_v1/manual_air_pump_for_inflatables/manual_air_pump_for_inflatables_000/imgs/000.png,70119,d3a9ef3a6ef2a44e5536ece66e4d99c54b86ff5ff5b15eabd39547a628690a4c,#da5b80
AR0332,manual_can_opener_with_turning_handle_and_cuttin,manual_can_opener_with_turning_handle_and_cuttin_000,331,/mnt/zsn/lyb/arti-skill/exp/Articulated-Object-Code/released_outputs/objects/manual_can_opener_with_turning_handle_and_cuttin/manual_can_opener_with_turning_handle_and_cuttin_000,/mnt/zsn/lyb/arti-skill/exp/Articulated-Object-Code/released_outputs/objects/manual_can_opener_with_turning_handle_and_cuttin/manual_can_opener_with_turning_handle_and_cuttin_000/generated.urdf,/mnt/zsn/data/particulate/datasets/Articulated-Object-Code/renders/uniform660_one_per_category_studio_256_v1/manual_can_opener_with_turning_handle_and_cuttin/manual_can_opener_with_turning_handle_and_cuttin_000/imgs/000.png,70758,c25900c147cab5d2ba3a3a3c8e292ad456f905f42808f464aa294a3996492a53,#52a1da
AR0333,manual_citrus_juicer_press_with_lever_handle,manual_citrus_juicer_press_with_lever_handle_000,332,/mnt/zsn/lyb/arti-skill/exp/Articulated-Object-Code/released_outputs/objects/manual_citrus_juicer_press_with_lever_handle/manual_citrus_juicer_press_with_lever_handle_000,/mnt/zsn/lyb/arti-skill/exp/Articulated-Object-Code/released_outputs/objects/manual_citrus_juicer_press_with_lever_handle/manual_citrus_juicer_press_with_lever_handle_000/generated.urdf,/mnt/zsn/data/particulate/datasets/Articulated-Object-Code/renders/uniform660_one_per_category_studio_256_v1/manual_citrus_juicer_press_with_lever_handle/manual_citrus_juicer_press_with_lever_handle_000/imgs/000.png,70777,85328c74b58724ca1828ba2523018fd42edcce3a16508b7edb0c9b641b663b5e,#c8da48
AR0334,manual_clothes_wringer_with_rollers,manual_clothes_wringer_with_rollers_000,333,/mnt/zsn/lyb/arti-skill/exp/Articulated-Object-Code/released_outputs/objects/manual_clothes_wringer_with_rollers/manual_clothes_wringer_with_rollers_000,/mnt/zsn/lyb/arti-skill/exp/Articulated-Object-Code/released_outputs/objects/manual_clothes_wringer_with_rollers/manual_clothes_wringer_with_rollers_000/generated.urdf,/mnt/zsn/data/particulate/datasets/Articulated-Object-Code/renders/uniform660_one_per_category_studio_256_v1/manual_clothes_wringer_with_rollers/manual_clothes_wringer_with_rollers_000/imgs/000.png,71963,aeeff3d0ecdc4d4c29690b0b38dbca6d69f5a93a67e201271b413dde51a22719,#bf3eda
AR0335,manual_hand_drill_with_rotating_handle_and_chuck,manual_hand_drill_with_rotating_handle_and_chuck_000,334,/mnt/zsn/lyb/arti-skill/exp/Articulated-Object-Code/released_outputs/objects/manual_hand_drill_with_rotating_handle_and_chuck/manual_hand_drill_with_rotating_handle_and_chuck_000,/mnt/zsn/lyb/arti-skill/exp/Articulated-Object-Code/released_outputs/objects/manual_hand_drill_with_rotating_handle_and_chuck/manual_hand_drill_with_rotating_handle_and_chuck_000/generated.urdf,/mnt/zsn/data/particulate/datasets/Articulated-Object-Code/renders/uniform660_one_per_category_studio_256_v1/manual_hand_drill_with_rotating_handle_and_chuck/manual_hand_drill_with_rotating_handle_and_chuck_000/imgs/000.png,70140,fdd5aef948e6ee20ff47f12dcb9cdcb5e440ebeab77e47a5b9a7d817700b83fc,#34da8e
AR0336,manual_hydraulic_floor_jack_with_pump_handle,manual_hydraulic_floor_jack_with_pump_handle_000,335,/mnt/zsn/lyb/arti-skill/exp/Articulated-Object-Code/released_outputs/objects/manual_hydraulic_floor_jack_with_pump_handle/manual_hydraulic_floor_jack_with_pump_handle_000,/mnt/zsn/lyb/arti-skill/exp/Articulated-Object-Code/released_outputs/objects/manual_hydraulic_floor_jack_with_pump_handle/manual_hydraulic_floor_jack_with_pump_handle_000/generated.urdf,/mnt/zsn/data/particulate/datasets/Articulated-Object-Code/renders/uniform660_one_per_category_studio_256_v1/manual_hydraulic_floor_jack_with_pump_handle/manual_hydraulic_floor_jack_with_pump_handle_000/imgs/000.png,67213,32a6ce9bef87618d39061b757dc347c134cd97a484ffa1d825de8e6138b94a2e,#eb8463
AR0337,manual_pencil_lead_holder_with_click_advance,manual_pencil_lead_holder_with_click_advance_000,336,/mnt/zsn/lyb/arti-skill/exp/Articulated-Object-Code/released_outputs/objects/manual_pencil_lead_holder_with_click_advance/manual_pencil_lead_holder_with_click_advance_000,/mnt/zsn/lyb/arti-skill/exp/Articulated-Object-Code/released_outputs/objects/manual_pencil_lead_holder_with_click_advance/manual_pencil_lead_holder_with_click_advance_000/generated.urdf,/mnt/zsn/data/particulate/datasets/Articulated-Object-Code/renders/uniform660_one_per_category_studio_256_v1/manual_pencil_lead_holder_with_click_advance/manual_pencil_lead_holder_with_click_advance_000/imgs/000.png,68491,d9d8d10c543db59b3ab984ba6adec4d03d76fb96f746c48e1ae9c097437b0bb3,#585eeb
AR0338,manual_pipe_bender_with_forming_die,manual_pipe_bender_with_forming_die_000,337,/mnt/zsn/lyb/arti-skill/exp/Articulated-Object-Code/released_outputs/objects/manual_pipe_bender_with_forming_die/manual_pipe_bender_with_forming_die_000,/mnt/zsn/lyb/arti-skill/exp/Articulated-Object-Code/released_outputs/objects/manual_pipe_bender_with_forming_die/manual_pipe_bender_with_forming_die_000/generated.urdf,/mnt/zsn/data/particulate/datasets/Articulated-Object-Code/renders/uniform660_one_per_category_studio_256_v1/manual_pipe_bender_with_forming_die/manual_pipe_bender_with_forming_die_000/imgs/000.png,68841,ce60fbfa1870e9c57569d1757392aa857aefad350f7295de9bbd755d4cbac58e,#82eb4d
AR0339,masticating_juicer_with_slow_speed,masticating_juicer_with_slow_speed_001,338,/mnt/zsn/lyb/arti-skill/exp/Articulated-Object-Code/released_outputs/objects/masticating_juicer_with_slow_speed/masticating_juicer_with_slow_speed_001,/mnt/zsn/lyb/arti-skill/exp/Articulated-Object-Code/released_outputs/objects/masticating_juicer_with_slow_speed/masticating_juicer_with_slow_speed_001/generated.urdf,/mnt/zsn/data/particulate/datasets/Articulated-Object-Code/renders/uniform660_one_per_category_studio_256_v1/masticating_juicer_with_slow_speed/masticating_juicer_with_slow_speed_001/imgs/000.png,71383,42abed3889064a03aa528068fc352ce28eb6ac244a26c4c56dcc637b7a9c7565,#eb43ac
AR0340,masticating_juicer_with_slow_speed_extraction,masticating_juicer_with_slow_speed_extraction_000,339,/mnt/zsn/lyb/arti-skill/exp/Articulated-Object-Code/released_outputs/objects/masticating_juicer_with_slow_speed_extraction/masticating_juicer_with_slow_speed_extraction_000,/mnt/zsn/lyb/arti-skill/exp/Articulated-Object-Code/released_outputs/objects/masticating_juicer_with_slow_speed_extraction/masticating_juicer_with_slow_speed_extraction_000/generated.urdf,/mnt/zsn/data/particulate/datasets/Articulated-Object-Code/renders/uniform660_one_per_category_studio_256_v1/masticating_juicer_with_slow_speed_extraction/masticating_juicer_with_slow_speed_extraction_000/imgs/000.png,72986,d49fe1b27b06517cb8c4d148bc2ac37b640402899461413a2d6ffe961d3d9f24,#38dceb
AR0341,mechanical_caliper_featuring_smooth_jaw,mechanical_caliper_featuring_smooth_jaw_000,340,/mnt/zsn/lyb/arti-skill/exp/Articulated-Object-Code/released_outputs/objects/mechanical_caliper_featuring_smooth_jaw/mechanical_caliper_featuring_smooth_jaw_000,/mnt/zsn/lyb/arti-skill/exp/Articulated-Object-Code/released_outputs/objects/mechanical_caliper_featuring_smooth_jaw/mechanical_caliper_featuring_smooth_jaw_000/generated.urdf,/mnt/zsn/data/particulate/datasets/Articulated-Object-Code/renders/uniform660_one_per_category_studio_256_v1/mechanical_caliper_featuring_smooth_jaw/mechanical_caliper_featuring_smooth_jaw_000/imgs/000.png,67255,7394c61eb5b7cf248d2b7f53a7c848a262e664d6b88ff6f35ff6b473da5f0fd9,#b8a14d
AR0342,mechanical_coin_sorter_with_rotating_disc,mechanical_coin_sorter_with_rotating_disc_000,341,/mnt/zsn/lyb/arti-skill/exp/Articulated-Object-Code/released_outputs/objects/mechanical_coin_sorter_with_rotating_disc/mechanical_coin_sorter_with_rotating_disc_000,/mnt/zsn/lyb/arti-skill/exp/Articulated-Object-Code/released_outputs/objects/mechanical_coin_sorter_with_rotating_disc/mechanical_coin_sorter_with_rotating_disc_000/generated.urdf,/mnt/zsn/data/particulate/datasets/Articulated-Object-Code/renders/uniform660_one_per_category_studio_256_v1/mechanical_coin_sorter_with_rotating_disc/mechanical_coin_sorter_with_rotating_disc_000/imgs/000.png,74105,665ef0c60d9c92c4bd834a5c91e599765583b09cab52805fc59642753b9d8b37,#7e45b8
AR0343,mechanical_keyboard_switch_mechanism,mechanical_keyboard_switch_mechanism_000,342,/mnt/zsn/lyb/arti-skill/exp/Articulated-Object-Code/released_outputs/objects/mechanical_keyboard_switch_mechanism/mechanical_keyboard_switch_mechanism_000,/mnt/zsn/lyb/arti-skill/exp/Articulated-Object-Code/released_outputs/objects/mechanical_keyboard_switch_mechanism/mechanical_keyboard_switch_mechanism_000/generated.urdf,/mnt/zsn/data/particulate/datasets/Articulated-Object-Code/renders/uniform660_one_per_category_studio_256_v1/mechanical_keyboard_switch_mechanism/mechanical_keyboard_switch_mechanism_000/imgs/000.png,71427,1aab4b55881927785f598d47b53ca09e6324a8ee0b1afdd92ccfd329142cc226,#3db856
AR0344,mechanical_metronome_with_pendulum,mechanical_metronome_with_pendulum_000,343,/mnt/zsn/lyb/arti-skill/exp/Articulated-Object-Code/released_outputs/objects/mechanical_metronome_with_pendulum/mechanical_metronome_with_pendulum_000,/mnt/zsn/lyb/arti-skill/exp/Articulated-Object-Code/released_outputs/objects/mechanical_metronome_with_pendulum/mechanical_metronome_with_pendulum_000/generated.urdf,/mnt/zsn/data/particulate/datasets/Articulated-Object-Code/renders/uniform660_one_per_category_studio_256_v1/mechanical_metronome_with_pendulum/mechanical_metronome_with_pendulum_000/imgs/000.png,74013,c93ab9ce7570b92beba28ec20afead392d83b02f06e62f12fdb796d12ca60bc7,#b83440
AR0345,mechanical_press,mechanical_press_001,344,/mnt/zsn/lyb/arti-skill/exp/Articulated-Object-Code/released_outputs/objects/mechanical_press/mechanical_press_001,/mnt/zsn/lyb/arti-skill/exp/Articulated-Object-Code/released_outputs/objects/mechanical_press/mechanical_press_001/generated.urdf,/mnt/zsn/data/particulate/datasets/Articulated-Object-Code/renders/uniform660_one_per_category_studio_256_v1/mechanical_press/mechanical_press_001/imgs/000.png,73456,d651f0a8b0e90abd11582c8b85f14ad960ee303a0f553d7de5fc8404a098d45e,#2c61b8
AR0346,mechanical_robot_arm_with,mechanical_robot_arm_with_000,345,/mnt/zsn/lyb/arti-skill/exp/Articulated-Object-Code/released_outputs/objects/mechanical_robot_arm_with/mechanical_robot_arm_with_000,/mnt/zsn/lyb/arti-skill/exp/Articulated-Object-Code/released_outputs/objects/mechanical_robot_arm_with/mechanical_robot_arm_with_000/generated.urdf,/mnt/zsn/data/particulate/datasets/Articulated-Object-Code/renders/uniform660_one_per_category_studio_256_v1/mechanical_robot_arm_with/mechanical_robot_arm_with_000/imgs/000.png,70606,9093349b84cdea8ef11f3f1145a11e0b73e7aa6c288f081b374c972f87878b2c,#a2c954
AR0347,mechanical_robot_arm_with_multiple_rotational_jo,mechanical_robot_arm_with_multiple_rotational_jo_000,346,/mnt/zsn/lyb/arti-skill/exp/Articulated-Object-Code/released_outputs/objects/mechanical_robot_arm_with_multiple_rotational_jo/mechanical_robot_arm_with_multiple_rotational_jo_000,/mnt/zsn/lyb/arti-skill/exp/Articulated-Object-Code/released_outputs/objects/mechanical_robot_arm_with_multiple_rotational_jo/mechanical_robot_arm_with_multiple_rotational_jo_000/generated.urdf,/mnt/zsn/data/particulate/datasets/Articulated-Object-Code/renders/uniform660_one_per_category_studio_256_v1/mechanical_robot_arm_with_multiple_rotational_jo/mechanical_robot_arm_with_multiple_rotational_jo_000/imgs/000.png,70355,bf7a912b3c44f3413db9ec2490d03b6aa38bb37625ef2d8ec8f943815629c424,#c94bc4
AR0348,metal_link_watch_band,metal_link_watch_band_005,347,/mnt/zsn/lyb/arti-skill/exp/Articulated-Object-Code/released_outputs/objects/metal_link_watch_band/metal_link_watch_band_005,/mnt/zsn/lyb/arti-skill/exp/Articulated-Object-Code/released_outputs/objects/metal_link_watch_band/metal_link_watch_band_005/generated.urdf,/mnt/zsn/data/particulate/datasets/Articulated-Object-Code/renders/uniform660_one_per_category_studio_256_v1/metal_link_watch_band/metal_link_watch_band_005/imgs/000.png,63752,d4ed1b26fd125f582c5c185217cb6fa66316a3de709cb68d1b3a8a641e34658f,#42c9a7
AR0349,metal_link_watch_band_consists_of_numerous_small,metal_link_watch_band_consists_of_numerous_small_000,348,/mnt/zsn/lyb/arti-skill/exp/Articulated-Object-Code/released_outputs/objects/metal_link_watch_band_consists_of_numerous_small/metal_link_watch_band_consists_of_numerous_small_000,/mnt/zsn/lyb/arti-skill/exp/Articulated-Object-Code/released_outputs/objects/metal_link_watch_band_consists_of_numerous_small/metal_link_watch_band_consists_of_numerous_small_000/generated.urdf,/mnt/zsn/data/particulate/datasets/Articulated-Object-Code/renders/uniform660_one_per_category_studio_256_v1/metal_link_watch_band_consists_of_numerous_small/metal_link_watch_band_consists_of_numerous_small_000/imgs/000.png,70408,5ace7e1f74134f6470496d07fcf7963b3d1de5aec530afc9bc86c1ddc4fc3c43,#c97a39
AR0350,meticulously_crafted_bicycle_incorporating,meticulously_crafted_bicycle_incorporating_000,349,/mnt/zsn/lyb/arti-skill/exp/Articulated-Object-Code/released_outputs/objects/meticulously_crafted_bicycle_incorporating/meticulously_crafted_bicycle_incorporating_000,/mnt/zsn/lyb/arti-skill/exp/Articulated-Object-Code/released_outputs/objects/meticulously_crafted_bicycle_incorporating/meticulously_crafted_bicycle_incorporating_000/generated.urdf,/mnt/zsn/data/particulate/datasets/Articulated-Object-Code/renders/uniform660_one_per_category_studio_256_v1/meticulously_crafted_bicycle_incorporating/meticulously_crafted_bicycle_incorporating_000/imgs/000.png,75471,490714f54bfb2c52c3ea35e10f273bc57a5a77700d4942339fcdc1d8006de527,#4930c9
AR0351,meticulously_crafted_clamp_incorporating,meticulously_crafted_clamp_incorporating_001,350,/mnt/zsn/lyb/arti-skill/exp/Articulated-Object-Code/released_outputs/objects/meticulously_crafted_clamp_incorporating/meticulously_crafted_clamp_incorporating_001,/mnt/zsn/lyb/arti-skill/exp/Articulated-Object-Code/released_outputs/objects/meticulously_crafted_clamp_incorporating/meticulously_crafted_clamp_incorporating_001/generated.urdf,/mnt/zsn/data/particulate/datasets/Articulated-Object-Code/renders/uniform660_one_per_category_studio_256_v1/meticulously_crafted_clamp_incorporating/meticulously_crafted_clamp_incorporating_001/imgs/000.png,69517,6b8ed807a39f9e4667b29d4ff5125134f75f83baffb775e542c589790b0bbe2d,#6cda5b
AR0352,meticulously_crafted_clamp_incorporating_advance,meticulously_crafted_clamp_incorporating_advance_000,351,/mnt/zsn/lyb/arti-skill/exp/Articulated-Object-Code/released_outputs/objects/meticulously_crafted_clamp_incorporating_advance/meticulously_crafted_clamp_incorporating_advance_000,/mnt/zsn/lyb/arti-skill/exp/Articulated-Object-Code/released_outputs/objects/meticulously_crafted_clamp_incorporating_advance/meticulously_crafted_clamp_incorporating_advance_000/generated.urdf,/mnt/zsn/data/particulate/datasets/Articulated-Object-Code/renders/uniform660_one_per_category_studio_256_v1/meticulously_crafted_clamp_incorporating_advance/meticulously_crafted_clamp_incorporating_advance_000/imgs/000.png,70555,e45cde168b5f96c1d77af461ffb8ed3800ae9470f5014297d214d6237b897512,#da528b
AR0353,meticulously_crafted_compass_incorporating,meticulously_crafted_compass_incorporating_000,352,/mnt/zsn/lyb/arti-skill/exp/Articulated-Object-Code/released_outputs/objects/meticulously_crafted_compass_incorporating/meticulously_crafted_compass_incorporating_000,/mnt/zsn/lyb/arti-skill/exp/Articulated-Object-Code/released_outputs/objects/meticulously_crafted_compass_incorporating/meticulously_crafted_compass_incorporating_000/generated.urdf,/mnt/zsn/data/particulate/datasets/Articulated-Object-Code/renders/uniform660_one_per_category_studio_256_v1/meticulously_crafted_compass_incorporating/meticulously_crafted_compass_incorporating_000/imgs/000.png,71574,f865f2dcbb7e4055aabe14ce71ac7f5bee67eca0ba9061bcfcf684f00304e489,#48b0da
AR0354,meticulously_crafted_crimping_tool,meticulously_crafted_crimping_tool_000,353,/mnt/zsn/lyb/arti-skill/exp/Articulated-Object-Code/released_outputs/objects/meticulously_crafted_crimping_tool/meticulously_crafted_crimping_tool_000,/mnt/zsn/lyb/arti-skill/exp/Articulated-Object-Code/released_outputs/objects/meticulously_crafted_crimping_tool/meticulously_crafted_crimping_tool_000/generated.urdf,/mnt/zsn/data/particulate/datasets/Articulated-Object-Code/renders/uniform660_one_per_category_studio_256_v1/meticulously_crafted_crimping_tool/meticulously_crafted_crimping_tool_000/imgs/000.png,70419,1c78ee52d0202ccb7294b8fbc8ad7df529b18c33fcf035be4ed9d93983048993,#dad93e
AR0355,meticulously_crafted_espresso_machine_incorporat,meticulously_crafted_espresso_machine_incorporat_000,354,/mnt/zsn/lyb/arti-skill/exp/Articulated-Object-Code/released_outputs/objects/meticulously_crafted_espresso_machine_incorporat/meticulously_crafted_espresso_machine_incorporat_000,/mnt/zsn/lyb/arti-skill/exp/Articulated-Object-Code/released_outputs/objects/meticulously_crafted_espresso_machine_incorporat/meticulously_crafted_espresso_machine_incorporat_000/generated.urdf,/mnt/zsn/data/particulate/datasets/Articulated-Object-Code/renders/uniform660_one_per_category_studio_256_v1/meticulously_crafted_espresso_machine_incorporat/meticulously_crafted_espresso_machine_incorporat_000/imgs/000.png,72597,1ee871131555113e5875b35cae21d5640b71a31026cf586f221787214f26b48d,#a934da
AR0356,meticulously_crafted_hydraulic_jack,meticulously_crafted_hydraulic_jack_000,355,/mnt/zsn/lyb/arti-skill/exp/Articulated-Object-Code/released_outputs/objects/meticulously_crafted_hydraulic_jack/meticulously_crafted_hydraulic_jack_000,/mnt/zsn/lyb/arti-skill/exp/Articulated-Object-Code/released_outputs/objects/meticulously_crafted_hydraulic_jack/meticulously_crafted_hydraulic_jack_000/generated.urdf,/mnt/zsn/data/particulate/datasets/Articulated-Object-Code/renders/uniform660_one_per_category_studio_256_v1/meticulously_crafted_hydraulic_jack/meticulously_crafted_hydraulic_jack_000/imgs/000.png,71573,e55a078b8d517673bedc15ce92d52329beb69be1a079b7a20124e3315c894d37,#63eb9b
AR0357,meticulously_crafted_microwave_incorporating,meticulously_crafted_microwave_incorporating_000,356,/mnt/zsn/lyb/arti-skill/exp/Articulated-Object-Code/released_outputs/objects/meticulously_crafted_microwave_incorporating/meticulously_crafted_microwave_incorporating_000,/mnt/zsn/lyb/arti-skill/exp/Articulated-Object-Code/released_outputs/objects/meticulously_crafted_microwave_incorporating/meticulously_crafted_microwave_incorporating_000/generated.urdf,/mnt/zsn/data/particulate/datasets/Articulated-Object-Code/renders/uniform660_one_per_category_studio_256_v1/meticulously_crafted_microwave_incorporating/meticulously_crafted_microwave_incorporating_000/imgs/000.png,73782,130048b01c78436976dc9a8fa09ee8ba9ba39feeb3658d0dcb1b055ef6e90041,#eb6a58
AR0358,meticulously_crafted_remote_control,meticulously_crafted_remote_control_000,357,/mnt/zsn/lyb/arti-skill/exp/Articulated-Object-Code/released_outputs/objects/meticulously_crafted_remote_control/meticulously_crafted_remote_control_000,/mnt/zsn/lyb/arti-skill/exp/Articulated-Object-Code/released_outputs/objects/meticulously_crafted_remote_control/meticulously_crafted_remote_control_000/generated.urdf,/mnt/zsn/data/particulate/datasets/Articulated-Object-Code/renders/uniform660_one_per_category_studio_256_v1/meticulously_crafted_remote_control/meticulously_crafted_remote_control_000/imgs/000.png,68683,cb0f30fd54b456000e7e1371bf53c23828a66cdb8fce310d21f266231dfb6c74,#4d68eb
AR0359,microwave,microwave_004,358,/mnt/zsn/lyb/arti-skill/exp/Articulated-Object-Code/released_outputs/objects/microwave/microwave_004,/mnt/zsn/lyb/arti-skill/exp/Articulated-Object-Code/released_outputs/objects/microwave/microwave_004/generated.urdf,/mnt/zsn/data/particulate/datasets/Articulated-Object-Code/renders/uniform660_one_per_category_studio_256_v1/microwave/microwave_004/imgs/000.png,73135,2dce6c9ecb564e1a81dd481c1a0e876137806fd670bab9dfc3195bc4039ea571,#91eb43
AR0360,mirrored_closet_door_featuring_smooth,mirrored_closet_door_featuring_smooth_003,359,/mnt/zsn/lyb/arti-skill/exp/Articulated-Object-Code/released_outputs/objects/mirrored_closet_door_featuring_smooth/mirrored_closet_door_featuring_smooth_003,/mnt/zsn/lyb/arti-skill/exp/Articulated-Object-Code/released_outputs/objects/mirrored_closet_door_featuring_smooth/mirrored_closet_door_featuring_smooth_003/generated.urdf,/mnt/zsn/data/particulate/datasets/Articulated-Object-Code/renders/uniform660_one_per_category_studio_256_v1/mirrored_closet_door_featuring_smooth/mirrored_closet_door_featuring_smooth_003/imgs/000.png,66833,592944b0669df5b7c7a60f44abc8a6313f38b1260057c8302e0032280117cc42,#eb38bf
AR0361,mirrored_closet_door_featuring_smooth_gliding_oper,mirrored_closet_door_featuring_smooth_gliding_oper_000,360,/mnt/zsn/lyb/arti-skill/exp/Articulated-Object-Code/released_outputs/objects/mirrored_closet_door_featuring_smooth_gliding_oper/mirrored_closet_door_featuring_smooth_gliding_oper_000,/mnt/zsn/lyb/arti-skill/exp/Articulated-Object-Code/released_outputs/objects/mirrored_closet_door_featuring_smooth_gliding_oper/mirrored_closet_door_featuring_smooth_gliding_oper_000/generated.urdf,/mnt/zsn/data/particulate/datasets/Articulated-Object-Code/renders/uniform660_one_per_category_studio_256_v1/mirrored_closet_door_featuring_smooth_gliding_oper/mirrored_closet_door_featuring_smooth_gliding_oper_000/imgs/000.png,70458,8b15f9c64198fc1cf0f062844b2a3a85906365146fb96d636406c8eeb2319f33,#4db8b3
AR0362,mirrorless_camera_featuring_tilting_viewfinder,mirrorless_camera_featuring_tilting_viewfinder_000,361,/mnt/zsn/lyb/arti-skill/exp/Articulated-Object-Code/released_outputs/objects/mirrorless_camera_featuring_tilting_viewfinder/mirrorless_camera_featuring_tilting_viewfinder_000,/mnt/zsn/lyb/arti-skill/exp/Articulated-Object-Code/released_outputs/objects/mirrorless_camera_featuring_tilting_viewfinder/mirrorless_camera_featuring_tilting_viewfinder_000/generated.urdf,/mnt/zsn/data/particulate/datasets/Articulated-Object-Code/renders/uniform660_one_per_category_studio_256_v1/mirrorless_camera_featuring_tilting_viewfinder/mirrorless_camera_featuring_tilting_viewfinder_000/imgs/000.png,75134,a92d44bef6e9cfea1abe89824355d7a738585fc2c9ae18b92f5407bcc7c0573d,#b89145
AR0363,mobile_crane_with_telescopic,mobile_crane_with_telescopic_001,362,/mnt/zsn/lyb/arti-skill/exp/Articulated-Object-Code/released_outputs/objects/mobile_crane_with_telescopic/mobile_crane_with_telescopic_001,/mnt/zsn/lyb/arti-skill/exp/Articulated-Object-Code/released_outputs/objects/mobile_crane_with_telescopic/mobile_crane_with_telescopic_001/generated.urdf,/mnt/zsn/data/particulate/datasets/Articulated-Object-Code/renders/uniform660_one_per_category_studio_256_v1/mobile_crane_with_telescopic/mobile_crane_with_telescopic_001/imgs/000.png,70080,81d39d9a1378270a0361d1113afcf7a8d3ea3ebed128243d15aa97e99eeac3a0,#6a3db8
AR0364,mobile_crane_with_telescopic_boom_extension,mobile_crane_with_telescopic_boom_extension_000,363,/mnt/zsn/lyb/arti-skill/exp/Articulated-Object-Code/released_outputs/objects/mobile_crane_with_telescopic_boom_extension/mobile_crane_with_telescopic_boom_extension_000,/mnt/zsn/lyb/arti-skill/exp/Articulated-Object-Code/released_outputs/objects/mobile_crane_with_telescopic_boom_extension/mobile_crane_with_telescopic_boom_extension_000/generated.urdf,/mnt/zsn/data/particulate/datasets/Articulated-Object-Code/renders/uniform660_one_per_category_studio_256_v1/mobile_crane_with_telescopic_boom_extension/mobile_crane_with_telescopic_boom_extension_000/imgs/000.png,71761,01e6eac8c7eca14cd05ca50d7dbc024a31fec32bd357c3020a8ced9c15b4b9ad,#34b83f
AR0365,modern_car_equipped_with_power,modern_car_equipped_with_power_000,364,/mnt/zsn/lyb/arti-skill/exp/Articulated-Object-Code/released_outputs/objects/modern_car_equipped_with_power/modern_car_equipped_with_power_000,/mnt/zsn/lyb/arti-skill/exp/Articulated-Object-Code/released_outputs/objects/modern_car_equipped_with_power/modern_car_equipped_with_power_000/generated.urdf,/mnt/zsn/data/particulate/datasets/Articulated-Object-Code/renders/uniform660_one_per_category_studio_256_v1/modern_car_equipped_with_power/modern_car_equipped_with_power_000/imgs/000.png,75569,839758ffed0aac15708f90194b685697cee0ecb7f07363e21d992523c56c019d,#b82c4a
AR0366,modern_gaming_console_with,modern_gaming_console_with_002,365,/mnt/zsn/lyb/arti-skill/exp/Articulated-Object-Code/released_outputs/objects/modern_gaming_console_with/modern_gaming_console_with_002,/mnt/zsn/lyb/arti-skill/exp/Articulated-Object-Code/released_outputs/objects/modern_gaming_console_with/modern_gaming_console_with_002/generated.urdf,/mnt/zsn/data/particulate/datasets/Articulated-Object-Code/renders/uniform660_one_per_category_studio_256_v1/modern_gaming_console_with/modern_gaming_console_with_002/imgs/000.png,72421,8a8629452621e45d080570d5da207319d65f3e9ebfca60ff57cc440e3af59b8e,#548fc9
AR0367,modern_gaming_console_with_ventilation_fans_and,modern_gaming_console_with_ventilation_fans_and_000,366,/mnt/zsn/lyb/arti-skill/exp/Articulated-Object-Code/released_outputs/objects/modern_gaming_console_with_ventilation_fans_and/modern_gaming_console_with_ventilation_fans_and_000,/mnt/zsn/lyb/arti-skill/exp/Articulated-Object-Code/released_outputs/objects/modern_gaming_console_with_ventilation_fans_and/modern_gaming_console_with_ventilation_fans_and_000/generated.urdf,/mnt/zsn/data/particulate/datasets/Articulated-Object-Code/renders/uniform660_one_per_category_studio_256_v1/modern_gaming_console_with_ventilation_fans_and/modern_gaming_console_with_ventilation_fans_and_000/imgs/000.png,71766,dc5e012062b72fa6af4a20b6c105fc6e853b02d47c33b3d032e64d8f0e50cb10,#afc94b
AR0368,modern_office_chair_featuring,modern_office_chair_featuring_000,367,/mnt/zsn/lyb/arti-skill/exp/Articulated-Object-Code/released_outputs/objects/modern_office_chair_featuring/modern_office_chair_featuring_000,/mnt/zsn/lyb/arti-skill/exp/Articulated-Object-Code/released_outputs/objects/modern_office_chair_featuring/modern_office_chair_featuring_000/generated.urdf,/mnt/zsn/data/particulate/datasets/Articulated-Object-Code/renders/uniform660_one_per_category_studio_256_v1/modern_office_chair_featuring/modern_office_chair_featuring_000/imgs/000.png,74864,699f9aebdeecce59a61db0d40bb75b26713821be85825838733f2a72823f3732,#bd42c9
AR0369,modern_office_chair_featuring_pneumatic_height_a,modern_office_chair_featuring_pneumatic_height_a_000,368,/mnt/zsn/lyb/arti-skill/exp/Articulated-Object-Code/released_outputs/objects/modern_office_chair_featuring_pneumatic_height_a/modern_office_chair_featuring_pneumatic_height_a_000,/mnt/zsn/lyb/arti-skill/exp/Articulated-Object-Code/released_outputs/objects/modern_office_chair_featuring_pneumatic_height_a/modern_office_chair_featuring_pneumatic_height_a_000/generated.urdf,/mnt/zsn/data/particulate/datasets/Articulated-Object-Code/renders/uniform660_one_per_category_studio_256_v1/modern_office_chair_featuring_pneumatic_height_a/modern_office_chair_featuring_pneumatic_height_a_000/imgs/000.png,74934,e27ce6a0687e468ec04e57be0fe3344311d331ae389811ac1e41cb5a97628749,#39c992
AR0370,motorcycle_chain_tension_adjuster,motorcycle_chain_tension_adjuster_000,369,/mnt/zsn/lyb/arti-skill/exp/Articulated-Object-Code/released_outputs/objects/motorcycle_chain_tension_adjuster/motorcycle_chain_tension_adjuster_000,/mnt/zsn/lyb/arti-skill/exp/Articulated-Object-Code/released_outputs/objects/motorcycle_chain_tension_adjuster/motorcycle_chain_tension_adjuster_000/generated.urdf,/mnt/zsn/data/particulate/datasets/Articulated-Object-Code/renders/uniform660_one_per_category_studio_256_v1/motorcycle_chain_tension_adjuster/motorcycle_chain_tension_adjuster_000/imgs/000.png,70341,1b91e835561d64d652b451b44c7e972a388cac51428e7a2fccd01e924f1aa3f6,#c96230
AR0371,motorized_venetian_blind_system,motorized_venetian_blind_system_000,370,/mnt/zsn/lyb/arti-skill/exp/Articulated-Object-Code/released_outputs/objects/motorized_venetian_blind_system/motorized_venetian_blind_system_000,/mnt/zsn/lyb/arti-skill/exp/Articulated-Object-Code/released_outputs/objects/motorized_venetian_blind_system/motorized_venetian_blind_system_000/generated.urdf,/mnt/zsn/data/particulate/datasets/Articulated-Object-Code/renders/uniform660_one_per_category_studio_256_v1/motorized_venetian_blind_system/motorized_venetian_blind_system_000/imgs/000.png,67215,3fee6fc623dda61914ff5b4181edb7a3fb7ddc445504735775617da2994cb9e3,#605bda
AR0372,motorized_venetian_blind_system_with_remote_cont,motorized_venetian_blind_system_with_remote_cont_000,371,/mnt/zsn/lyb/arti-skill/exp/Articulated-Object-Code/released_outputs/objects/motorized_venetian_blind_system_with_remote_cont/motorized_venetian_blind_system_with_remote_cont_000,/mnt/zsn/lyb/arti-skill/exp/Articulated-Object-Code/released_outputs/objects/motorized_venetian_blind_system_with_remote_cont/motorized_venetian_blind_system_with_remote_cont_000/generated.urdf,/mnt/zsn/data/particulate/datasets/Articulated-Object-Code/renders/uniform660_one_per_category_studio_256_v1/motorized_venetian_blind_system_with_remote_cont/motorized_venetian_blind_system_with_remote_cont_000/imgs/000.png,67665,050008411c06d1a2f499b732b8f8928dda83337dec2fac15406c5f47df46df83,#74da52
AR0373,multi_speed_bicycle_with_front_and,multi_speed_bicycle_with_front_and_000,372,/mnt/zsn/lyb/arti-skill/exp/Articulated-Object-Code/released_outputs/objects/multi_speed_bicycle_with_front_and/multi_speed_bicycle_with_front_and_000,/mnt/zsn/lyb/arti-skill/exp/Articulated-Object-Code/released_outputs/objects/multi_speed_bicycle_with_front_and/multi_speed_bicycle_with_front_and_000/generated.urdf,/mnt/zsn/data/particulate/datasets/Articulated-Object-Code/renders/uniform660_one_per_category_studio_256_v1/multi_speed_bicycle_with_front_and/multi_speed_bicycle_with_front_and_000/imgs/000.png,70773,e82c74b45ea86d6009c0baefcfbe81a8c11b32e0a7f30c217e91756327d89db4,#da4898
AR0374,museum_display_case_with,museum_display_case_with_001,373,/mnt/zsn/lyb/arti-skill/exp/Articulated-Object-Code/released_outputs/objects/museum_display_case_with/museum_display_case_with_001,/mnt/zsn/lyb/arti-skill/exp/Articulated-Object-Code/released_outputs/objects/museum_display_case_with/museum_display_case_with_001/generated.urdf,/mnt/zsn/data/particulate/datasets/Articulated-Object-Code/renders/uniform660_one_per_category_studio_256_v1/museum_display_case_with/museum_display_case_with_001/imgs/000.png,71183,2d6678891440c4965118f30ec727cca1e44b4fad2dcf694dac8964c3b8aaab1b,#3ec1da
AR0375,museum_display_case_with_adjustable_shelving,museum_display_case_with_adjustable_shelving_000,374,/mnt/zsn/lyb/arti-skill/exp/Articulated-Object-Code/released_outputs/objects/museum_display_case_with_adjustable_shelving/museum_display_case_with_adjustable_shelving_000,/mnt/zsn/lyb/arti-skill/exp/Articulated-Object-Code/released_outputs/objects/museum_display_case_with_adjustable_shelving/museum_display_case_with_adjustable_shelving_000/generated.urdf,/mnt/zsn/data/particulate/datasets/Articulated-Object-Code/renders/uniform660_one_per_category_studio_256_v1/museum_display_case_with_adjustable_shelving/museum_display_case_with_adjustable_shelving_000/imgs/000.png,71664,a87e7c5217941f371e911b27d847037c8f0a8c557c473b9a5360cf7ca867cfa6,#dac434
AR0376,musical_jewelry_box_with,musical_jewelry_box_with_000,375,/mnt/zsn/lyb/arti-skill/exp/Articulated-Object-Code/released_outputs/objects/musical_jewelry_box_with/musical_jewelry_box_with_000,/mnt/zsn/lyb/arti-skill/exp/Articulated-Object-Code/released_outputs/objects/musical_jewelry_box_with/musical_jewelry_box_with_000/generated.urdf,/mnt/zsn/data/particulate/datasets/Articulated-Object-Code/renders/uniform660_one_per_category_studio_256_v1/musical_jewelry_box_with/musical_jewelry_box_with_000/imgs/000.png,73295,e4b6496f083ca3c20a64fdcb244761399912d066a422e394895f3898e3dd7933,#b163eb
AR0377,musical_jewelry_box_with_rotating_figurine,musical_jewelry_box_with_rotating_figurine_000,376,/mnt/zsn/lyb/arti-skill/exp/Articulated-Object-Code/released_outputs/objects/musical_jewelry_box_with_rotating_figurine/musical_jewelry_box_with_rotating_figurine_000,/mnt/zsn/lyb/arti-skill/exp/Articulated-Object-Code/released_outputs/objects/musical_jewelry_box_with_rotating_figurine/musical_jewelry_box_with_rotating_figurine_000/generated.urdf,/mnt/zsn/data/particulate/datasets/Articulated-Object-Code/renders/uniform660_one_per_category_studio_256_v1/musical_jewelry_box_with_rotating_figurine/musical_jewelry_box_with_rotating_figurine_000/imgs/000.png,71482,bc7a7cc5af83a9b6cc65f61757306fd5680e4267a94ae8fdd0240077ba0f8e37,#58eb82
AR0378,newton_s_cradle_with_swinging_balls,newton_s_cradle_with_swinging_balls_000,377,/mnt/zsn/lyb/arti-skill/exp/Articulated-Object-Code/released_outputs/objects/newton_s_cradle_with_swinging_balls/newton_s_cradle_with_swinging_balls_000,/mnt/zsn/lyb/arti-skill/exp/Articulated-Object-Code/released_outputs/objects/newton_s_cradle_with_swinging_balls/newton_s_cradle_with_swinging_balls_000/generated.urdf,/mnt/zsn/data/particulate/datasets/Articulated-Object-Code/renders/uniform660_one_per_category_studio_256_v1/newton_s_cradle_with_swinging_balls/newton_s_cradle_with_swinging_balls_000/imgs/000.png,72747,a031ca06b4cf676c42b156f248814bc6c420709d6ee1f15be690f40a80383582,#eb4d4f
AR0379,nutcracker,nutcracker_023,378,/mnt/zsn/lyb/arti-skill/exp/Articulated-Object-Code/released_outputs/objects/nutcracker/nutcracker_023,/mnt/zsn/lyb/arti-skill/exp/Articulated-Object-Code/released_outputs/objects/nutcracker/nutcracker_023/generated.urdf,/mnt/zsn/data/particulate/datasets/Articulated-Object-Code/renders/uniform660_one_per_category_studio_256_v1/nutcracker/nutcracker_023/imgs/000.png,71101,f88657731d0ef730222b28c2a1995a352cc664248751e65a403dc6e4425627a2,#4375eb
AR0380,one_piece_toilet_with_elongated,one_piece_toilet_with_elongated_000,379,/mnt/zsn/lyb/arti-skill/exp/Articulated-Object-Code/released_outputs/objects/one_piece_toilet_with_elongated/one_piece_toilet_with_elongated_000,/mnt/zsn/lyb/arti-skill/exp/Articulated-Object-Code/released_outputs/objects/one_piece_toilet_with_elongated/one_piece_toilet_with_elongated_000/generated.urdf,/mnt/zsn/data/particulate/datasets/Articulated-Object-Code/renders/uniform660_one_per_category_studio_256_v1/one_piece_toilet_with_elongated/one_piece_toilet_with_elongated_000/imgs/000.png,73388,8652774ecc473747f441521348e805a4a0ef90f4f982f654210de084e76a503c,#a2eb38
AR0381,osterbranded_countertop_blender_features,osterbranded_countertop_blender_features_010,380,/mnt/zsn/lyb/arti-skill/exp/Articulated-Object-Code/released_outputs/objects/osterbranded_countertop_blender_features/osterbranded_countertop_blender_features_010,/mnt/zsn/lyb/arti-skill/exp/Articulated-Object-Code/released_outputs/objects/osterbranded_countertop_blender_features/osterbranded_countertop_blender_features_010/generated.urdf,/mnt/zsn/data/particulate/datasets/Articulated-Object-Code/renders/uniform660_one_per_category_studio_256_v1/osterbranded_countertop_blender_features/osterbranded_countertop_blender_features_010/imgs/000.png,73150,dbeb4b13444686aa6c1eddad88cc3db716309fc848b555d18f5103fdf21ab543,#b84dab
AR0382,oven,oven_000,381,/mnt/zsn/lyb/arti-skill/exp/Articulated-Object-Code/released_outputs/objects/oven/oven_000,/mnt/zsn/lyb/arti-skill/exp/Articulated-Object-Code/released_outputs/objects/oven/oven_000/generated.urdf,/mnt/zsn/data/particulate/datasets/Articulated-Object-Code/renders/uniform660_one_per_category_studio_256_v1/oven/oven_000/imgs/000.png,72825,c70a00db90c9c10be61479dea8cbf93f8130024703f7acdc7f989324b5be7e2d,#45b8a4
AR0383,over_range_microwave_with_exhaust_fan,over_range_microwave_with_exhaust_fan_002,382,/mnt/zsn/lyb/arti-skill/exp/Articulated-Object-Code/released_outputs/objects/over_range_microwave_with_exhaust_fan/over_range_microwave_with_exhaust_fan_002,/mnt/zsn/lyb/arti-skill/exp/Articulated-Object-Code/released_outputs/objects/over_range_microwave_with_exhaust_fan/over_range_microwave_with_exhaust_fan_002/generated.urdf,/mnt/zsn/data/particulate/datasets/Articulated-Object-Code/renders/uniform660_one_per_category_studio_256_v1/over_range_microwave_with_exhaust_fan/over_range_microwave_with_exhaust_fan_002/imgs/000.png,72069,f6420fde522eb3099d846c8decb225439791a941c9e04a074dbcce85ff864ba1,#b87e3d
AR0384,over_range_microwave_with_exhaust_fan_and_interior,over_range_microwave_with_exhaust_fan_and_interior_000,383,/mnt/zsn/lyb/arti-skill/exp/Articulated-Object-Code/released_outputs/objects/over_range_microwave_with_exhaust_fan_and_interior/over_range_microwave_with_exhaust_fan_and_interior_000,/mnt/zsn/lyb/arti-skill/exp/Articulated-Object-Code/released_outputs/objects/over_range_microwave_with_exhaust_fan_and_interior/over_range_microwave_with_exhaust_fan_and_interior_000/generated.urdf,/mnt/zsn/data/particulate/datasets/Articulated-Object-Code/renders/uniform660_one_per_category_studio_256_v1/over_range_microwave_with_exhaust_fan_and_interior/over_range_microwave_with_exhaust_fan_and_interior_000/imgs/000.png,73622,a119feac073ef76e40d7a331cef377a20b7836d33085845ddb896b7c835cf63a,#5434b8
AR0385,pair_of_binoculars_with_focus_adjustment_wheel,pair_of_binoculars_with_focus_adjustment_wheel_000,384,/mnt/zsn/lyb/arti-skill/exp/Articulated-Object-Code/released_outputs/objects/pair_of_binoculars_with_focus_adjustment_wheel/pair_of_binoculars_with_focus_adjustment_wheel_000,/mnt/zsn/lyb/arti-skill/exp/Articulated-Object-Code/released_outputs/objects/pair_of_binoculars_with_focus_adjustment_wheel/pair_of_binoculars_with_focus_adjustment_wheel_000/generated.urdf,/mnt/zsn/data/particulate/datasets/Articulated-Object-Code/renders/uniform660_one_per_category_studio_256_v1/pair_of_binoculars_with_focus_adjustment_wheel/pair_of_binoculars_with_focus_adjustment_wheel_000/imgs/000.png,70567,aee6ded51a0512ea2dccd5c989edc8c6b840fed07d3321508631ae6ed6991583,#33b82c
AR0386,pair_of_loppers_with_compound_leverage,pair_of_loppers_with_compound_leverage_000,385,/mnt/zsn/lyb/arti-skill/exp/Articulated-Object-Code/released_outputs/objects/pair_of_loppers_with_compound_leverage/pair_of_loppers_with_compound_leverage_000,/mnt/zsn/lyb/arti-skill/exp/Articulated-Object-Code/released_outputs/objects/pair_of_loppers_with_compound_leverage/pair_of_loppers_with_compound_leverage_000/generated.urdf,/mnt/zsn/data/particulate/datasets/Articulated-Object-Code/renders/uniform660_one_per_category_studio_256_v1/pair_of_loppers_with_compound_leverage/pair_of_loppers_with_compound_leverage_000/imgs/000.png,66948,b7359e9fa47326d91ddb7b0b07a9f5cd50431ef5624fe33f2e86eb371385b541,#c9547c
AR0387,pair_of_sharp_scissors,pair_of_sharp_scissors_000,386,/mnt/zsn/lyb/arti-skill/exp/Articulated-Object-Code/released_outputs/objects/pair_of_sharp_scissors/pair_of_sharp_scissors_000,/mnt/zsn/lyb/arti-skill/exp/Articulated-Object-Code/released_outputs/objects/pair_of_sharp_scissors/pair_of_sharp_scissors_000/generated.urdf,/mnt/zsn/data/particulate/datasets/Articulated-Object-Code/renders/uniform660_one_per_category_studio_256_v1/pair_of_sharp_scissors/pair_of_sharp_scissors_000/imgs/000.png,66668,2b68459615beedf86885e99dcf1ee06f67f24465be135486b6ae7b3ac7832022,#4b9bc9
AR0388,pair_of_stainless_steel,pair_of_stainless_steel_000,387,/mnt/zsn/lyb/arti-skill/exp/Articulated-Object-Code/released_outputs/objects/pair_of_stainless_steel/pair_of_stainless_steel_000,/mnt/zsn/lyb/arti-skill/exp/Articulated-Object-Code/released_outputs/objects/pair_of_stainless_steel/pair_of_stainless_steel_000/generated.urdf,/mnt/zsn/data/particulate/datasets/Articulated-Object-Code/renders/uniform660_one_per_category_studio_256_v1/pair_of_stainless_steel/pair_of_stainless_steel_000/imgs/000.png,71965,af181e56ec6c9febce0acb6899ab1cfb83dfa002856e7c6fac7c321553ca7692,#bfc942
AR0389,passenger_vehicle_with_opening_doors,passenger_vehicle_with_opening_doors_001,388,/mnt/zsn/lyb/arti-skill/exp/Articulated-Object-Code/released_outputs/objects/passenger_vehicle_with_opening_doors/passenger_vehicle_with_opening_doors_001,/mnt/zsn/lyb/arti-skill/exp/Articulated-Object-Code/released_outputs/objects/passenger_vehicle_with_opening_doors/passenger_vehicle_with_opening_doors_001/generated.urdf,/mnt/zsn/data/particulate/datasets/Articulated-Object-Code/renders/uniform660_one_per_category_studio_256_v1/passenger_vehicle_with_opening_doors/passenger_vehicle_with_opening_doors_001/imgs/000.png,72031,5aa363c94bf792fb368a3488a5408cbfcbef5623b09f653481e570177b7a37b9,#a939c9
AR0390,patio_sliding_door_with_track,patio_sliding_door_with_track_000,389,/mnt/zsn/lyb/arti-skill/exp/Articulated-Object-Code/released_outputs/objects/patio_sliding_door_with_track/patio_sliding_door_with_track_000,/mnt/zsn/lyb/arti-skill/exp/Articulated-Object-Code/released_outputs/objects/patio_sliding_door_with_track/patio_sliding_door_with_track_000/generated.urdf,/mnt/zsn/data/particulate/datasets/Articulated-Object-Code/renders/uniform660_one_per_category_studio_256_v1/patio_sliding_door_with_track/patio_sliding_door_with_track_000/imgs/000.png,68802,edc04bc30a48fe86e9e432439e1d2e446c000d351ff41da22348b9d33b7c7628,#30c97b
AR0391,patio_sliding_door_with_track_system,patio_sliding_door_with_track_system_000,390,/mnt/zsn/lyb/arti-skill/exp/Articulated-Object-Code/released_outputs/objects/patio_sliding_door_with_track_system/patio_sliding_door_with_track_system_000,/mnt/zsn/lyb/arti-skill/exp/Articulated-Object-Code/released_outputs/objects/patio_sliding_door_with_track_system/patio_sliding_door_with_track_system_000/generated.urdf,/mnt/zsn/data/particulate/datasets/Articulated-Object-Code/renders/uniform660_one_per_category_studio_256_v1/patio_sliding_door_with_track_system/patio_sliding_door_with_track_system_000/imgs/000.png,68795,b2cb64f1deb9f5cb6ba8bf28b6a99f65b896374800bccf70ba9151205d7b43b2,#da755b
AR0392,pen,pen_001,391,/mnt/zsn/lyb/arti-skill/exp/Articulated-Object-Code/released_outputs/objects/pen/pen_001,/mnt/zsn/lyb/arti-skill/exp/Articulated-Object-Code/released_outputs/objects/pen/pen_001/generated.urdf,/mnt/zsn/data/particulate/datasets/Articulated-Object-Code/renders/uniform660_one_per_category_studio_256_v1/pen/pen_001/imgs/000.png,67676,bcf51ddfaff1f7309febbfe7b9de4d9975a95123267da94c6a05760ad96e45a5,#525eda
AR0393,pepper_mill_with_rotating_grinder_mechanism,pepper_mill_with_rotating_grinder_mechanism_000,392,/mnt/zsn/lyb/arti-skill/exp/Articulated-Object-Code/released_outputs/objects/pepper_mill_with_rotating_grinder_mechanism/pepper_mill_with_rotating_grinder_mechanism_000,/mnt/zsn/lyb/arti-skill/exp/Articulated-Object-Code/released_outputs/objects/pepper_mill_with_rotating_grinder_mechanism/pepper_mill_with_rotating_grinder_mechanism_000/generated.urdf,/mnt/zsn/data/particulate/datasets/Articulated-Object-Code/renders/uniform660_one_per_category_studio_256_v1/pepper_mill_with_rotating_grinder_mechanism/pepper_mill_with_rotating_grinder_mechanism_000/imgs/000.png,72006,327ee1942ede77111e4d58b02850f58a9174c59604fd8b679faa6084f197e465,#80da48
AR0394,phone,phone_000,393,/mnt/zsn/lyb/arti-skill/exp/Articulated-Object-Code/released_outputs/objects/phone/phone_000,/mnt/zsn/lyb/arti-skill/exp/Articulated-Object-Code/released_outputs/objects/phone/phone_000/generated.urdf,/mnt/zsn/data/particulate/datasets/Articulated-Object-Code/renders/uniform660_one_per_category_studio_256_v1/phone/phone_000/imgs/000.png,68093,85ab4495e741125a883e57e193b18a387735cb766d53e7aa9087d094d10c2bad,#da3ea7
AR0395,piano_bench_with_adjustable_height,piano_bench_with_adjustable_height_000,394,/mnt/zsn/lyb/arti-skill/exp/Articulated-Object-Code/released_outputs/objects/piano_bench_with_adjustable_height/piano_bench_with_adjustable_height_000,/mnt/zsn/lyb/arti-skill/exp/Articulated-Object-Code/released_outputs/objects/piano_bench_with_adjustable_height/piano_bench_with_adjustable_height_000/generated.urdf,/mnt/zsn/data/particulate/datasets/Articulated-Object-Code/renders/uniform660_one_per_category_studio_256_v1/piano_bench_with_adjustable_height/piano_bench_with_adjustable_height_000/imgs/000.png,75124,194501aa6c953c70074b2e81ad0e29dc951caec15cce4845f7c002ef06e4f998,#34d4da
AR0396,pilers,pilers_005,395,/mnt/zsn/lyb/arti-skill/exp/Articulated-Object-Code/released_outputs/objects/pilers/pilers_005,/mnt/zsn/lyb/arti-skill/exp/Articulated-Object-Code/released_outputs/objects/pilers/pilers_005/generated.urdf,/mnt/zsn/data/particulate/datasets/Articulated-Object-Code/renders/uniform660_one_per_category_studio_256_v1/pilers/pilers_005/imgs/000.png,68665,52e20c76c6ce7e0d7a157b47a1cc5a10c5b6d727ecd52dfc9c4a3593b7e49866,#ebc763
AR0397,plastic_water_bottle_with,plastic_water_bottle_with_000,396,/mnt/zsn/lyb/arti-skill/exp/Articulated-Object-Code/released_outputs/objects/plastic_water_bottle_with/plastic_water_bottle_with_000,/mnt/zsn/lyb/arti-skill/exp/Articulated-Object-Code/released_outputs/objects/plastic_water_bottle_with/plastic_water_bottle_with_000/generated.urdf,/mnt/zsn/data/particulate/datasets/Articulated-Object-Code/renders/uniform660_one_per_category_studio_256_v1/plastic_water_bottle_with/plastic_water_bottle_with_000/imgs/000.png,73017,36c228d18ef277015d82fbbfc0fe4cd4c1b4bb3c2008269109e1ea8644d16a4b,#9a58eb
AR0398,pliers,pliers_003,397,/mnt/zsn/lyb/arti-skill/exp/Articulated-Object-Code/released_outputs/objects/pliers/pliers_003,/mnt/zsn/lyb/arti-skill/exp/Articulated-Object-Code/released_outputs/objects/pliers/pliers_003/generated.urdf,/mnt/zsn/data/particulate/datasets/Articulated-Object-Code/renders/uniform660_one_per_category_studio_256_v1/pliers/pliers_003/imgs/000.png,70535,72afb09c273b842c74d2fcd9e880ba149ca1f8ab3c7bb7e8bd7d10f08f69c0b2,#4deb66
AR0399,pliers_typically_feature_two_rigid,pliers_typically_feature_two_rigid_016,398,/mnt/zsn/lyb/arti-skill/exp/Articulated-Object-Code/released_outputs/objects/pliers_typically_feature_two_rigid/pliers_typically_feature_two_rigid_016,/mnt/zsn/lyb/arti-skill/exp/Articulated-Object-Code/released_outputs/objects/pliers_typically_feature_two_rigid/pliers_typically_feature_two_rigid_016/generated.urdf,/mnt/zsn/data/particulate/datasets/Articulated-Object-Code/renders/uniform660_one_per_category_studio_256_v1/pliers_typically_feature_two_rigid/pliers_typically_feature_two_rigid_016/imgs/000.png,65867,25176f42cb57c913337a16ac28a01dbb9e36d78ad8009e210f494eadb53da88e,#eb4359
AR0400,pneumatic_gripper_with_parallel_jaw,pneumatic_gripper_with_parallel_jaw_000,399,/mnt/zsn/lyb/arti-skill/exp/Articulated-Object-Code/released_outputs/objects/pneumatic_gripper_with_parallel_jaw/pneumatic_gripper_with_parallel_jaw_000,/mnt/zsn/lyb/arti-skill/exp/Articulated-Object-Code/released_outputs/objects/pneumatic_gripper_with_parallel_jaw/pneumatic_gripper_with_parallel_jaw_000/generated.urdf,/mnt/zsn/data/particulate/datasets/Articulated-Object-Code/renders/uniform660_one_per_category_studio_256_v1/pneumatic_gripper_with_parallel_jaw/pneumatic_gripper_with_parallel_jaw_000/imgs/000.png,71270,c373aea717db0a7f1e0d457e67405be52b6852296398797be7e8dfd8fc7f6f22,#3884eb
AR0401,pneumatic_gripper_with_parallel_jaw_action,pneumatic_gripper_with_parallel_jaw_action_000,400,/mnt/zsn/lyb/arti-skill/exp/Articulated-Object-Code/released_outputs/objects/pneumatic_gripper_with_parallel_jaw_action/pneumatic_gripper_with_parallel_jaw_action_000,/mnt/zsn/lyb/arti-skill/exp/Articulated-Object-Code/released_outputs/objects/pneumatic_gripper_with_parallel_jaw_action/pneumatic_gripper_with_parallel_jaw_action_000/generated.urdf,/mnt/zsn/data/particulate/datasets/Articulated-Object-Code/renders/uniform660_one_per_category_studio_256_v1/pneumatic_gripper_with_parallel_jaw_action/pneumatic_gripper_with_parallel_jaw_action_000/imgs/000.png,74582,e220f6ea421f709b9c0dc6d4e8a9f52880fdbd5ee465006fddd85c6349f6a503,#9ab84d
AR0402,pocket_knife,pocket_knife_013,401,/mnt/zsn/lyb/arti-skill/exp/Articulated-Object-Code/released_outputs/objects/pocket_knife/pocket_knife_013,/mnt/zsn/lyb/arti-skill/exp/Articulated-Object-Code/released_outputs/objects/pocket_knife/pocket_knife_013/generated.urdf,/mnt/zsn/data/particulate/datasets/Articulated-Object-Code/renders/uniform660_one_per_category_studio_256_v1/pocket_knife/pocket_knife_013/imgs/000.png,69969,af3af07ce7e16201469d0523743996b38f97c5647240bde43730f06e8dfa6ea7,#b645b8
AR0403,pocket_knife_comprises_a,pocket_knife_comprises_a_021,402,/mnt/zsn/lyb/arti-skill/exp/Articulated-Object-Code/released_outputs/objects/pocket_knife_comprises_a/pocket_knife_comprises_a_021,/mnt/zsn/lyb/arti-skill/exp/Articulated-Object-Code/released_outputs/objects/pocket_knife_comprises_a/pocket_knife_comprises_a_021/generated.urdf,/mnt/zsn/data/particulate/datasets/Articulated-Object-Code/renders/uniform660_one_per_category_studio_256_v1/pocket_knife_comprises_a/pocket_knife_comprises_a_021/imgs/000.png,67352,22d65045d57abe8b03031ef810e87ada1f46a0656f8f8989bf2dbb1c0fb6a26a,#3db892
AR0404,pocket_knife_comprises_a_handle_case_housing_o,pocket_knife_comprises_a_handle_case_housing_o_000,403,/mnt/zsn/lyb/arti-skill/exp/Articulated-Object-Code/released_outputs/objects/pocket_knife_comprises_a_handle_case_housing_o/pocket_knife_comprises_a_handle_case_housing_o_000,/mnt/zsn/lyb/arti-skill/exp/Articulated-Object-Code/released_outputs/objects/pocket_knife_comprises_a_handle_case_housing_o/pocket_knife_comprises_a_handle_case_housing_o_000/generated.urdf,/mnt/zsn/data/particulate/datasets/Articulated-Object-Code/renders/uniform660_one_per_category_studio_256_v1/pocket_knife_comprises_a_handle_case_housing_o/pocket_knife_comprises_a_handle_case_housing_o_000/imgs/000.png,67229,1edf65482597b67147fcf1ffa65359346a9a79cbd770d2f754a6ac2f347106d9,#b86a34
AR0405,pop_rivet_tool_with_compound_leverage,pop_rivet_tool_with_compound_leverage_000,404,/mnt/zsn/lyb/arti-skill/exp/Articulated-Object-Code/released_outputs/objects/pop_rivet_tool_with_compound_leverage/pop_rivet_tool_with_compound_leverage_000,/mnt/zsn/lyb/arti-skill/exp/Articulated-Object-Code/released_outputs/objects/pop_rivet_tool_with_compound_leverage/pop_rivet_tool_with_compound_leverage_000/generated.urdf,/mnt/zsn/data/particulate/datasets/Articulated-Object-Code/renders/uniform660_one_per_category_studio_256_v1/pop_rivet_tool_with_compound_leverage/pop_rivet_tool_with_compound_leverage_000/imgs/000.png,69575,6779153c5b215056655df296beff11fe502a5dd2c9466f1be750d7b8b2e737a7,#3c2cb8
AR0406,portable_bbq_grill_with_hinged_lid_and_adjustabl,portable_bbq_grill_with_hinged_lid_and_adjustabl_000,405,/mnt/zsn/lyb/arti-skill/exp/Articulated-Object-Code/released_outputs/objects/portable_bbq_grill_with_hinged_lid_and_adjustabl/portable_bbq_grill_with_hinged_lid_and_adjustabl_000,/mnt/zsn/lyb/arti-skill/exp/Articulated-Object-Code/released_outputs/objects/portable_bbq_grill_with_hinged_lid_and_adjustabl/portable_bbq_grill_with_hinged_lid_and_adjustabl_000/generated.urdf,/mnt/zsn/data/particulate/datasets/Articulated-Object-Code/renders/uniform660_one_per_category_studio_256_v1/portable_bbq_grill_with_hinged_lid_and_adjustabl/portable_bbq_grill_with_hinged_lid_and_adjustabl_000/imgs/000.png,74474,0f5efc941171041e8b2935dbc970645ee5314379e0ac6ae81b3495d4730c4474,#69c954
AR0407,portable_folding_chair,portable_folding_chair_001,406,/mnt/zsn/lyb/arti-skill/exp/Articulated-Object-Code/released_outputs/objects/portable_folding_chair/portable_folding_chair_001,/mnt/zsn/lyb/arti-skill/exp/Articulated-Object-Code/released_outputs/objects/portable_folding_chair/portable_folding_chair_001/generated.urdf,/mnt/zsn/data/particulate/datasets/Articulated-Object-Code/renders/uniform660_one_per_category_studio_256_v1/portable_folding_chair/portable_folding_chair_001/imgs/000.png,72364,ecbb8c4bc13eedf31e1367161d356ad5843b5201c863a570ee841f003e4f26a2,#c94b86
AR0408,portable_scooter_with_lightweight,portable_scooter_with_lightweight_000,407,/mnt/zsn/lyb/arti-skill/exp/Articulated-Object-Code/released_outputs/objects/portable_scooter_with_lightweight/portable_scooter_with_lightweight_000,/mnt/zsn/lyb/arti-skill/exp/Articulated-Object-Code/released_outputs/objects/portable_scooter_with_lightweight/portable_scooter_with_lightweight_000/generated.urdf,/mnt/zsn/data/particulate/datasets/Articulated-Object-Code/renders/uniform660_one_per_category_studio_256_v1/portable_scooter_with_lightweight/portable_scooter_with_lightweight_000/imgs/000.png,69846,8010ae5022dd327fc4321005d559a580268bfa98dceeb3621b0df74c357624c3,#42a8c9
AR0409,portable_scooter_with_lightweight_frame_and_quic,portable_scooter_with_lightweight_frame_and_quic_000,408,/mnt/zsn/lyb/arti-skill/exp/Articulated-Object-Code/released_outputs/objects/portable_scooter_with_lightweight_frame_and_quic/portable_scooter_with_lightweight_frame_and_quic_000,/mnt/zsn/lyb/arti-skill/exp/Articulated-Object-Code/released_outputs/objects/portable_scooter_with_lightweight_frame_and_quic/portable_scooter_with_lightweight_frame_and_quic_000/generated.urdf,/mnt/zsn/data/particulate/datasets/Articulated-Object-Code/renders/uniform660_one_per_category_studio_256_v1/portable_scooter_with_lightweight_frame_and_quic/portable_scooter_with_lightweight_frame_and_quic_000/imgs/000.png,69756,913b56f2bc50176eb8eb33dc5f7fc3882d2b83c9dfd59eb59cd6631300be02ef,#c9c139
AR0410,powerful_blender_with_tempered,powerful_blender_with_tempered_001,409,/mnt/zsn/lyb/arti-skill/exp/Articulated-Object-Code/released_outputs/objects/powerful_blender_with_tempered/powerful_blender_with_tempered_001,/mnt/zsn/lyb/arti-skill/exp/Articulated-Object-Code/released_outputs/objects/powerful_blender_with_tempered/powerful_blender_with_tempered_001/generated.urdf,/mnt/zsn/data/particulate/datasets/Articulated-Object-Code/renders/uniform660_one_per_category_studio_256_v1/powerful_blender_with_tempered/powerful_blender_with_tempered_001/imgs/000.png,68653,6bf08f307cf9dc27ed9636c2f4ecc527a508202306a13cb02b2fb8bc6b8c84ba,#9430c9
AR0411,powerful_blender_with_tempered_glass_pitcher_and,powerful_blender_with_tempered_glass_pitcher_and_000,410,/mnt/zsn/lyb/arti-skill/exp/Articulated-Object-Code/released_outputs/objects/powerful_blender_with_tempered_glass_pitcher_and/powerful_blender_with_tempered_glass_pitcher_and_000,/mnt/zsn/lyb/arti-skill/exp/Articulated-Object-Code/released_outputs/objects/powerful_blender_with_tempered_glass_pitcher_and/powerful_blender_with_tempered_glass_pitcher_and_000/generated.urdf,/mnt/zsn/data/particulate/datasets/Articulated-Object-Code/renders/uniform660_one_per_category_studio_256_v1/powerful_blender_with_tempered_glass_pitcher_and/powerful_blender_with_tempered_glass_pitcher_and_000/imgs/000.png,71885,853aeee9132be0767c43b7ff30056b3b055585afa3f7d8e4e3aa413a79b2f060,#5bda89
AR0412,precision_adjustable_wrench_with,precision_adjustable_wrench_with_003,411,/mnt/zsn/lyb/arti-skill/exp/Articulated-Object-Code/released_outputs/objects/precision_adjustable_wrench_with/precision_adjustable_wrench_with_003,/mnt/zsn/lyb/arti-skill/exp/Articulated-Object-Code/released_outputs/objects/precision_adjustable_wrench_with/precision_adjustable_wrench_with_003/generated.urdf,/mnt/zsn/data/particulate/datasets/Articulated-Object-Code/renders/uniform660_one_per_category_studio_256_v1/precision_adjustable_wrench_with/precision_adjustable_wrench_with_003/imgs/000.png,69371,973a3f261b837941f122285527e5ed47f5e5c55a5cb3cd94d5c36f9946cfd92c,#da5b52
AR0413,precision_compass_featuring_smooth_joint,precision_compass_featuring_smooth_joint_000,412,/mnt/zsn/lyb/arti-skill/exp/Articulated-Object-Code/released_outputs/objects/precision_compass_featuring_smooth_joint/precision_compass_featuring_smooth_joint_000,/mnt/zsn/lyb/arti-skill/exp/Articulated-Object-Code/released_outputs/objects/precision_compass_featuring_smooth_joint/precision_compass_featuring_smooth_joint_000/generated.urdf,/mnt/zsn/data/particulate/datasets/Articulated-Object-Code/renders/uniform660_one_per_category_studio_256_v1/precision_compass_featuring_smooth_joint/precision_compass_featuring_smooth_joint_000/imgs/000.png,69475,a0c10ccc5428c45ed582b8b6d34444e10ac583216e02cc074a9d4aa44876edaa,#4868da
AR0414,precision_excavator_arm_assembly_with,precision_excavator_arm_assembly_with_000,413,/mnt/zsn/lyb/arti-skill/exp/Articulated-Object-Code/released_outputs/objects/precision_excavator_arm_assembly_with/precision_excavator_arm_assembly_with_000,/mnt/zsn/lyb/arti-skill/exp/Articulated-Object-Code/released_outputs/objects/precision_excavator_arm_assembly_with/precision_excavator_arm_assembly_with_000/generated.urdf,/mnt/zsn/data/particulate/datasets/Articulated-Object-Code/renders/uniform660_one_per_category_studio_256_v1/precision_excavator_arm_assembly_with/precision_excavator_arm_assembly_with_000/imgs/000.png,71120,724aba03f73d85bec21ee81081de42a6845a4c4052a4de34a38e58af6486c66c,#8eda3e
AR0415,precision_excavator_arm_assembly_with_independent,precision_excavator_arm_assembly_with_independent_000,414,/mnt/zsn/lyb/arti-skill/exp/Articulated-Object-Code/released_outputs/objects/precision_excavator_arm_assembly_with_independent/precision_excavator_arm_assembly_with_independent_000,/mnt/zsn/lyb/arti-skill/exp/Articulated-Object-Code/released_outputs/objects/precision_excavator_arm_assembly_with_independent/precision_excavator_arm_assembly_with_independent_000/generated.urdf,/mnt/zsn/data/particulate/datasets/Articulated-Object-Code/renders/uniform660_one_per_category_studio_256_v1/precision_excavator_arm_assembly_with_independent/precision_excavator_arm_assembly_with_independent_000/imgs/000.png,71898,6c0bb594f0d3157c450363be4bddbcd265e6c70639ac83e62c927fa7149d6f1d,#da34b9
AR0416,precision_hydraulic_jack_with,precision_hydraulic_jack_with_000,415,/mnt/zsn/lyb/arti-skill/exp/Articulated-Object-Code/released_outputs/objects/precision_hydraulic_jack_with/precision_hydraulic_jack_with_000,/mnt/zsn/lyb/arti-skill/exp/Articulated-Object-Code/released_outputs/objects/precision_hydraulic_jack_with/precision_hydraulic_jack_with_000/generated.urdf,/mnt/zsn/data/particulate/datasets/Articulated-Object-Code/renders/uniform660_one_per_category_studio_256_v1/precision_hydraulic_jack_with/precision_hydraulic_jack_with_000/imgs/000.png,69185,4ca8fe433612878f2a722a6cc8b485fe575c1cfd49da3680c91d3b93f854b560,#63ebde
AR0417,precision_hydraulic_jack_with_overload_protectio,precision_hydraulic_jack_with_overload_protectio_000,416,/mnt/zsn/lyb/arti-skill/exp/Articulated-Object-Code/released_outputs/objects/precision_hydraulic_jack_with_overload_protectio/precision_hydraulic_jack_with_overload_protectio_000,/mnt/zsn/lyb/arti-skill/exp/Articulated-Object-Code/released_outputs/objects/precision_hydraulic_jack_with_overload_protectio/precision_hydraulic_jack_with_overload_protectio_000/generated.urdf,/mnt/zsn/data/particulate/datasets/Articulated-Object-Code/renders/uniform660_one_per_category_studio_256_v1/precision_hydraulic_jack_with_overload_protectio/precision_hydraulic_jack_with_overload_protectio_000/imgs/000.png,72557,dadbb72665b82a5bb688a13508118e49a0a62bf0ea01cfd09793ac900891e302,#ebb258
AR0418,precision_measuring_caliper,precision_measuring_caliper_000,417,/mnt/zsn/lyb/arti-skill/exp/Articulated-Object-Code/released_outputs/objects/precision_measuring_caliper/precision_measuring_caliper_000,/mnt/zsn/lyb/arti-skill/exp/Articulated-Object-Code/released_outputs/objects/precision_measuring_caliper/precision_measuring_caliper_000/generated.urdf,/mnt/zsn/data/particulate/datasets/Articulated-Object-Code/renders/uniform660_one_per_category_studio_256_v1/precision_measuring_caliper/precision_measuring_caliper_000/imgs/000.png,68246,d59a97dde4cc8428f546d7da612bbd37e56f2db1fca3c013b27db31f3ed9ce35,#804deb
AR0419,precision_multi_tool_with_mechanical,precision_multi_tool_with_mechanical_001,418,/mnt/zsn/lyb/arti-skill/exp/Articulated-Object-Code/released_outputs/objects/precision_multi_tool_with_mechanical/precision_multi_tool_with_mechanical_001,/mnt/zsn/lyb/arti-skill/exp/Articulated-Object-Code/released_outputs/objects/precision_multi_tool_with_mechanical/precision_multi_tool_with_mechanical_001/generated.urdf,/mnt/zsn/data/particulate/datasets/Articulated-Object-Code/renders/uniform660_one_per_category_studio_256_v1/precision_multi_tool_with_mechanical/precision_multi_tool_with_mechanical_001/imgs/000.png,71069,be55cd69553fb61f8c496fe08a64e7ff418ec6a59904b792c43ce393794ddc42,#43eb48
AR0420,precision_multi_tool_with_mechanical_joints,precision_multi_tool_with_mechanical_joints_000,419,/mnt/zsn/lyb/arti-skill/exp/Articulated-Object-Code/released_outputs/objects/precision_multi_tool_with_mechanical_joints/precision_multi_tool_with_mechanical_joints_000,/mnt/zsn/lyb/arti-skill/exp/Articulated-Object-Code/released_outputs/objects/precision_multi_tool_with_mechanical_joints/precision_multi_tool_with_mechanical_joints_000/generated.urdf,/mnt/zsn/data/particulate/datasets/Articulated-Object-Code/renders/uniform660_one_per_category_studio_256_v1/precision_multi_tool_with_mechanical_joints/precision_multi_tool_with_mechanical_joints_000/imgs/000.png,70946,aa17583d7639765040ab2a595a02caa21424f6577106c7c95a9b02477355ea78,#eb3867
AR0421,precision_scissors_featuring_crossed_blade,precision_scissors_featuring_crossed_blade_002,420,/mnt/zsn/lyb/arti-skill/exp/Articulated-Object-Code/released_outputs/objects/precision_scissors_featuring_crossed_blade/precision_scissors_featuring_crossed_blade_002,/mnt/zsn/lyb/arti-skill/exp/Articulated-Object-Code/released_outputs/objects/precision_scissors_featuring_crossed_blade/precision_scissors_featuring_crossed_blade_002/generated.urdf,/mnt/zsn/data/particulate/datasets/Articulated-Object-Code/renders/uniform660_one_per_category_studio_256_v1/precision_scissors_featuring_crossed_blade/precision_scissors_featuring_crossed_blade_002/imgs/000.png,70068,95b1fedcc9bc8d383609d87b9230ef37e00e68979a9e96157cea25b104085ac9,#4d88b8
AR0422,precision_scissors_featuring_crossed_blade_mechani,precision_scissors_featuring_crossed_blade_mechani_000,421,/mnt/zsn/lyb/arti-skill/exp/Articulated-Object-Code/released_outputs/objects/precision_scissors_featuring_crossed_blade_mechani/precision_scissors_featuring_crossed_blade_mechani_000,/mnt/zsn/lyb/arti-skill/exp/Articulated-Object-Code/released_outputs/objects/precision_scissors_featuring_crossed_blade_mechani/precision_scissors_featuring_crossed_blade_mechani_000/generated.urdf,/mnt/zsn/data/particulate/datasets/Articulated-Object-Code/renders/uniform660_one_per_category_studio_256_v1/precision_scissors_featuring_crossed_blade_mechani/precision_scissors_featuring_crossed_blade_mechani_000/imgs/000.png,69016,720c093c8920a5b9b9bbf7ad60a3f902ebfe6a916ee31fa6746776dcf9eda002,#a6b845
AR0423,precision_wire_cutter_with,precision_wire_cutter_with_000,422,/mnt/zsn/lyb/arti-skill/exp/Articulated-Object-Code/released_outputs/objects/precision_wire_cutter_with/precision_wire_cutter_with_000,/mnt/zsn/lyb/arti-skill/exp/Articulated-Object-Code/released_outputs/objects/precision_wire_cutter_with/precision_wire_cutter_with_000/generated.urdf,/mnt/zsn/data/particulate/datasets/Articulated-Object-Code/renders/uniform660_one_per_category_studio_256_v1/precision_wire_cutter_with/precision_wire_cutter_with_000/imgs/000.png,70862,97725804637e3ae2c2bf751189e22adfbbaf7d75a5da7f6bc7f3ae28dc3774f4,#a73db8
AR0424,premium_dishwasher_with_third_level_rack,premium_dishwasher_with_third_level_rack_000,423,/mnt/zsn/lyb/arti-skill/exp/Articulated-Object-Code/released_outputs/objects/premium_dishwasher_with_third_level_rack/premium_dishwasher_with_third_level_rack_000,/mnt/zsn/lyb/arti-skill/exp/Articulated-Object-Code/released_outputs/objects/premium_dishwasher_with_third_level_rack/premium_dishwasher_with_third_level_rack_000/generated.urdf,/mnt/zsn/data/particulate/datasets/Articulated-Object-Code/renders/uniform660_one_per_category_studio_256_v1/premium_dishwasher_with_third_level_rack/premium_dishwasher_with_third_level_rack_000/imgs/000.png,71365,8c406a5616c24ca044e3116d3b8e44dbbdc4b0e93d360f881ca938ca027504a3,#34b87f
AR0425,premium_dishwasher_with_third_level_rack_system_a,premium_dishwasher_with_third_level_rack_system_a_000,424,/mnt/zsn/lyb/arti-skill/exp/Articulated-Object-Code/released_outputs/objects/premium_dishwasher_with_third_level_rack_system_a/premium_dishwasher_with_third_level_rack_system_a_000,/mnt/zsn/lyb/arti-skill/exp/Articulated-Object-Code/released_outputs/objects/premium_dishwasher_with_third_level_rack_system_a/premium_dishwasher_with_third_level_rack_system_a_000/generated.urdf,/mnt/zsn/data/particulate/datasets/Articulated-Object-Code/renders/uniform660_one_per_category_studio_256_v1/premium_dishwasher_with_third_level_rack_system_a/premium_dishwasher_with_third_level_rack_system_a_000/imgs/000.png,72148,65624c7e7c361c6653ea643bdd906a99f42b489b83ef4a838092060964ced1a3,#b8532c
AR0426,premium_drawer_system_with_precision,premium_drawer_system_with_precision_001,425,/mnt/zsn/lyb/arti-skill/exp/Articulated-Object-Code/released_outputs/objects/premium_drawer_system_with_precision/premium_drawer_system_with_precision_001,/mnt/zsn/lyb/arti-skill/exp/Articulated-Object-Code/released_outputs/objects/premium_drawer_system_with_precision/premium_drawer_system_with_precision_001/generated.urdf,/mnt/zsn/data/particulate/datasets/Articulated-Object-Code/renders/uniform660_one_per_category_studio_256_v1/premium_drawer_system_with_precision/premium_drawer_system_with_precision_001/imgs/000.png,71311,9ca6370146fe3ee54842403b0b975dfbc6aa25c93501b3320aa39f1f59e562a1,#5456c9
AR0427,premium_drawer_system_with_precision_ball_bearing,premium_drawer_system_with_precision_ball_bearing_000,426,/mnt/zsn/lyb/arti-skill/exp/Articulated-Object-Code/released_outputs/objects/premium_drawer_system_with_precision_ball_bearing/premium_drawer_system_with_precision_ball_bearing_000,/mnt/zsn/lyb/arti-skill/exp/Articulated-Object-Code/released_outputs/objects/premium_drawer_system_with_precision_ball_bearing/premium_drawer_system_with_precision_ball_bearing_000/generated.urdf,/mnt/zsn/data/particulate/datasets/Articulated-Object-Code/renders/uniform660_one_per_category_studio_256_v1/premium_drawer_system_with_precision_ball_bearing/premium_drawer_system_with_precision_ball_bearing_000/imgs/000.png,75368,955f41c9a3722930c7d8cedabfa2d18f03650d48492dc59a61bfa0ae32dea80c,#71c94b
AR0428,premium_ironing_board_with_height_adjustable,premium_ironing_board_with_height_adjustable_000,427,/mnt/zsn/lyb/arti-skill/exp/Articulated-Object-Code/released_outputs/objects/premium_ironing_board_with_height_adjustable/premium_ironing_board_with_height_adjustable_000,/mnt/zsn/lyb/arti-skill/exp/Articulated-Object-Code/released_outputs/objects/premium_ironing_board_with_height_adjustable/premium_ironing_board_with_height_adjustable_000/generated.urdf,/mnt/zsn/data/particulate/datasets/Articulated-Object-Code/renders/uniform660_one_per_category_studio_256_v1/premium_ironing_board_with_height_adjustable/premium_ironing_board_with_height_adjustable_000/imgs/000.png,71888,f6c10362edbbd0837be61ee62290103d6c6893a078cba1bba2df566fc034d590,#c94292
AR0429,premium_ironing_board_with_height_adjustable_legs,premium_ironing_board_with_height_adjustable_legs_000,428,/mnt/zsn/lyb/arti-skill/exp/Articulated-Object-Code/released_outputs/objects/premium_ironing_board_with_height_adjustable_legs/premium_ironing_board_with_height_adjustable_legs_000,/mnt/zsn/lyb/arti-skill/exp/Articulated-Object-Code/released_outputs/objects/premium_ironing_board_with_height_adjustable_legs/premium_ironing_board_with_height_adjustable_legs_000/generated.urdf,/mnt/zsn/data/particulate/datasets/Articulated-Object-Code/renders/uniform660_one_per_category_studio_256_v1/premium_ironing_board_with_height_adjustable_legs/premium_ironing_board_with_height_adjustable_legs_000/imgs/000.png,70022,6241da3e43b47343261922a10226498c77ed165506afbd4389c6004d824792ae,#39b9c9
AR0430,premium_pocket_knife_with_stainless,premium_pocket_knife_with_stainless_001,429,/mnt/zsn/lyb/arti-skill/exp/Articulated-Object-Code/released_outputs/objects/premium_pocket_knife_with_stainless/premium_pocket_knife_with_stainless_001,/mnt/zsn/lyb/arti-skill/exp/Articulated-Object-Code/released_outputs/objects/premium_pocket_knife_with_stainless/premium_pocket_knife_with_stainless_001/generated.urdf,/mnt/zsn/data/particulate/datasets/Articulated-Object-Code/renders/uniform660_one_per_category_studio_256_v1/premium_pocket_knife_with_stainless/premium_pocket_knife_with_stainless_001/imgs/000.png,67576,7e4bf9fda02c01ffc3bfc03293c2287473dede019b2a048027320cfa02c6e055,#c9ad30
AR0431,premium_pocket_knife_with_stainless_steel_blade_p,premium_pocket_knife_with_stainless_steel_blade_p_000,430,/mnt/zsn/lyb/arti-skill/exp/Articulated-Object-Code/released_outputs/objects/premium_pocket_knife_with_stainless_steel_blade_p/premium_pocket_knife_with_stainless_steel_blade_p_000,/mnt/zsn/lyb/arti-skill/exp/Articulated-Object-Code/released_outputs/objects/premium_pocket_knife_with_stainless_steel_blade_p/premium_pocket_knife_with_stainless_steel_blade_p_000/generated.urdf,/mnt/zsn/data/particulate/datasets/Articulated-Object-Code/renders/uniform660_one_per_category_studio_256_v1/premium_pocket_knife_with_stainless_steel_blade_p/premium_pocket_knife_with_stainless_steel_blade_p_000/imgs/000.png,67627,81b97433154820114193bc89586b5757b4170c60028a764d05fc2b18d8aabdf5,#9e5bda
AR0432,premium_ring_binder_with_reinforced,premium_ring_binder_with_reinforced_000,431,/mnt/zsn/lyb/arti-skill/exp/Articulated-Object-Code/released_outputs/objects/premium_ring_binder_with_reinforced/premium_ring_binder_with_reinforced_000,/mnt/zsn/lyb/arti-skill/exp/Articulated-Object-Code/released_outputs/objects/premium_ring_binder_with_reinforced/premium_ring_binder_with_reinforced_000/generated.urdf,/mnt/zsn/data/particulate/datasets/Articulated-Object-Code/renders/uniform660_one_per_category_studio_256_v1/premium_ring_binder_with_reinforced/premium_ring_binder_with_reinforced_000/imgs/000.png,68749,f24a770e181c75c75e6a786810d3de9d7395122b2bf6307e2512d09b2d575254,#52da72
AR0433,premium_storage_furniture_with_solid,premium_storage_furniture_with_solid_000,432,/mnt/zsn/lyb/arti-skill/exp/Articulated-Object-Code/released_outputs/objects/premium_storage_furniture_with_solid/premium_storage_furniture_with_solid_000,/mnt/zsn/lyb/arti-skill/exp/Articulated-Object-Code/released_outputs/objects/premium_storage_furniture_with_solid/premium_storage_furniture_with_solid_000/generated.urdf,/mnt/zsn/data/particulate/datasets/Articulated-Object-Code/renders/uniform660_one_per_category_studio_256_v1/premium_storage_furniture_with_solid/premium_storage_furniture_with_solid_000/imgs/000.png,74084,ffe187c470920bf8699184b30b20fa2f1632cb467712df1b12b9bdeb682840de,#da4850
AR0434,premium_storage_furniture_with_solid_wood_construc,premium_storage_furniture_with_solid_wood_construc_000,433,/mnt/zsn/lyb/arti-skill/exp/Articulated-Object-Code/released_outputs/objects/premium_storage_furniture_with_solid_wood_construc/premium_storage_furniture_with_solid_wood_construc_000,/mnt/zsn/lyb/arti-skill/exp/Articulated-Object-Code/released_outputs/objects/premium_storage_furniture_with_solid_wood_construc/premium_storage_furniture_with_solid_wood_construc_000/generated.urdf,/mnt/zsn/data/particulate/datasets/Articulated-Object-Code/renders/uniform660_one_per_category_studio_256_v1/premium_storage_furniture_with_solid_wood_construc/premium_storage_furniture_with_solid_wood_construc_000/imgs/000.png,73145,50830e49a4fc1465953fa13340c803dc3360de31d89238dfe4fd15f02167331a,#3e74da
AR0435,premium_toilet_with_advanced_flushing,premium_toilet_with_advanced_flushing_000,434,/mnt/zsn/lyb/arti-skill/exp/Articulated-Object-Code/released_outputs/objects/premium_toilet_with_advanced_flushing/premium_toilet_with_advanced_flushing_000,/mnt/zsn/lyb/arti-skill/exp/Articulated-Object-Code/released_outputs/objects/premium_toilet_with_advanced_flushing/premium_toilet_with_advanced_flushing_000/generated.urdf,/mnt/zsn/data/particulate/datasets/Articulated-Object-Code/renders/uniform660_one_per_category_studio_256_v1/premium_toilet_with_advanced_flushing/premium_toilet_with_advanced_flushing_000/imgs/000.png,73000,480863026254ebd19ceb05bb44af6575a73f592fa94e3fab9e5486923dbb598f,#9eda34
AR0436,premium_travel_suitcase_with_aircraft_grade,premium_travel_suitcase_with_aircraft_grade_000,435,/mnt/zsn/lyb/arti-skill/exp/Articulated-Object-Code/released_outputs/objects/premium_travel_suitcase_with_aircraft_grade/premium_travel_suitcase_with_aircraft_grade_000,/mnt/zsn/lyb/arti-skill/exp/Articulated-Object-Code/released_outputs/objects/premium_travel_suitcase_with_aircraft_grade/premium_travel_suitcase_with_aircraft_grade_000/generated.urdf,/mnt/zsn/data/particulate/datasets/Articulated-Object-Code/renders/uniform660_one_per_category_studio_256_v1/premium_travel_suitcase_with_aircraft_grade/premium_travel_suitcase_with_aircraft_grade_000/imgs/000.png,74958,dfc8d2ea1b23b26dac71f6483c1858b60fba936cf1a76459467d7d5515d24623,#eb63e1
AR0437,premium_travel_suitcase_with_aircraft_grade_alumin,premium_travel_suitcase_with_aircraft_grade_alumin_000,436,/mnt/zsn/lyb/arti-skill/exp/Articulated-Object-Code/released_outputs/objects/premium_travel_suitcase_with_aircraft_grade_alumin/premium_travel_suitcase_with_aircraft_grade_alumin_000,/mnt/zsn/lyb/arti-skill/exp/Articulated-Object-Code/released_outputs/objects/premium_travel_suitcase_with_aircraft_grade_alumin/premium_travel_suitcase_with_aircraft_grade_alumin_000/generated.urdf,/mnt/zsn/data/particulate/datasets/Articulated-Object-Code/renders/uniform660_one_per_category_studio_256_v1/premium_travel_suitcase_with_aircraft_grade_alumin/premium_travel_suitcase_with_aircraft_grade_alumin_000/imgs/000.png,70219,33ddaeb59733b2636e38d4d453ad11be7e2174db1798e37a29c71e1a111afcf2,#58ebca
AR0438,premium_tricycle_with_ergonomic_design,premium_tricycle_with_ergonomic_design_006,437,/mnt/zsn/lyb/arti-skill/exp/Articulated-Object-Code/released_outputs/objects/premium_tricycle_with_ergonomic_design/premium_tricycle_with_ergonomic_design_006,/mnt/zsn/lyb/arti-skill/exp/Articulated-Object-Code/released_outputs/objects/premium_tricycle_with_ergonomic_design/premium_tricycle_with_ergonomic_design_006/generated.urdf,/mnt/zsn/data/particulate/datasets/Articulated-Object-Code/renders/uniform660_one_per_category_studio_256_v1/premium_tricycle_with_ergonomic_design/premium_tricycle_with_ergonomic_design_006/imgs/000.png,71004,f45f7bea09f0ccba83d3554366402b1ae8403f75e453b01490aacaee993353da,#eb9a4d
AR0439,premium_umbrella_with_carbon_fiber,premium_umbrella_with_carbon_fiber_000,438,/mnt/zsn/lyb/arti-skill/exp/Articulated-Object-Code/released_outputs/objects/premium_umbrella_with_carbon_fiber/premium_umbrella_with_carbon_fiber_000,/mnt/zsn/lyb/arti-skill/exp/Articulated-Object-Code/released_outputs/objects/premium_umbrella_with_carbon_fiber/premium_umbrella_with_carbon_fiber_000/generated.urdf,/mnt/zsn/data/particulate/datasets/Articulated-Object-Code/renders/uniform660_one_per_category_studio_256_v1/premium_umbrella_with_carbon_fiber/premium_umbrella_with_carbon_fiber_000/imgs/000.png,69313,c90da0613f8e62685bfb4c905921391015b52892a09a0c8eab0e0717e4c8ed8f,#6343eb
AR0440,premium_umbrella_with_carbon_fiber_frame_automati,premium_umbrella_with_carbon_fiber_frame_automati_000,439,/mnt/zsn/lyb/arti-skill/exp/Articulated-Object-Code/released_outputs/objects/premium_umbrella_with_carbon_fiber_frame_automati/premium_umbrella_with_carbon_fiber_frame_automati_000,/mnt/zsn/lyb/arti-skill/exp/Articulated-Object-Code/released_outputs/objects/premium_umbrella_with_carbon_fiber_frame_automati/premium_umbrella_with_carbon_fiber_frame_automati_000/generated.urdf,/mnt/zsn/data/particulate/datasets/Articulated-Object-Code/renders/uniform660_one_per_category_studio_256_v1/premium_umbrella_with_carbon_fiber_frame_automati/premium_umbrella_with_carbon_fiber_frame_automati_000/imgs/000.png,70340,b0ca33a5146f58041e3408ee757d1b8e7f2c8354b5b9ed8c8610949bcb0efd34,#4aeb38
AR0441,premium_wardrobe_system_with_solid,premium_wardrobe_system_with_solid_000,440,/mnt/zsn/lyb/arti-skill/exp/Articulated-Object-Code/released_outputs/objects/premium_wardrobe_system_with_solid/premium_wardrobe_system_with_solid_000,/mnt/zsn/lyb/arti-skill/exp/Articulated-Object-Code/released_outputs/objects/premium_wardrobe_system_with_solid/premium_wardrobe_system_with_solid_000/generated.urdf,/mnt/zsn/data/particulate/datasets/Articulated-Object-Code/renders/uniform660_one_per_category_studio_256_v1/premium_wardrobe_system_with_solid/premium_wardrobe_system_with_solid_000/imgs/000.png,71693,45f713dc243efdb234be5e2384921aec921b1f1fa62e63f90b813f666e87497d,#b84d77
AR0442,premium_wardrobe_system_with_solid_wood_constructi,premium_wardrobe_system_with_solid_wood_constructi_000,441,/mnt/zsn/lyb/arti-skill/exp/Articulated-Object-Code/released_outputs/objects/premium_wardrobe_system_with_solid_wood_constructi/premium_wardrobe_system_with_solid_wood_constructi_000,/mnt/zsn/lyb/arti-skill/exp/Articulated-Object-Code/released_outputs/objects/premium_wardrobe_system_with_solid_wood_constructi/premium_wardrobe_system_with_solid_wood_constructi_000/generated.urdf,/mnt/zsn/data/particulate/datasets/Articulated-Object-Code/renders/uniform660_one_per_category_studio_256_v1/premium_wardrobe_system_with_solid_wood_constructi/premium_wardrobe_system_with_solid_wood_constructi_000/imgs/000.png,72311,9054b459d64d3a6491debbe07034f7441985fcd7a48bfb7b899b622756574a04,#4593b8
AR0443,presentation_binder_with_clear,presentation_binder_with_clear_000,442,/mnt/zsn/lyb/arti-skill/exp/Articulated-Object-Code/released_outputs/objects/presentation_binder_with_clear/presentation_binder_with_clear_000,/mnt/zsn/lyb/arti-skill/exp/Articulated-Object-Code/released_outputs/objects/presentation_binder_with_clear/presentation_binder_with_clear_000/generated.urdf,/mnt/zsn/data/particulate/datasets/Articulated-Object-Code/renders/uniform660_one_per_category_studio_256_v1/presentation_binder_with_clear/presentation_binder_with_clear_000/imgs/000.png,72006,4ce5df5a48be776056e866de90b0b938c98399a99ee1608f7550613b7f285c1b,#b4b83d
AR0444,printer,printer_000,443,/mnt/zsn/lyb/arti-skill/exp/Articulated-Object-Code/released_outputs/objects/printer/printer_000,/mnt/zsn/lyb/arti-skill/exp/Articulated-Object-Code/released_outputs/objects/printer/printer_000/generated.urdf,/mnt/zsn/data/particulate/datasets/Articulated-Object-Code/renders/uniform660_one_per_category_studio_256_v1/printer/printer_000/imgs/000.png,74180,3aef60f2c46855fbc13a247048f0ef89a1dbdd7142bd468f01aa4903963b1ed2,#9534b8
AR0445,professional_binder_with_precision_aligned,professional_binder_with_precision_aligned_001,444,/mnt/zsn/lyb/arti-skill/exp/Articulated-Object-Code/released_outputs/objects/professional_binder_with_precision_aligned/professional_binder_with_precision_aligned_001,/mnt/zsn/lyb/arti-skill/exp/Articulated-Object-Code/released_outputs/objects/professional_binder_with_precision_aligned/professional_binder_with_precision_aligned_001/generated.urdf,/mnt/zsn/data/particulate/datasets/Articulated-Object-Code/renders/uniform660_one_per_category_studio_256_v1/professional_binder_with_precision_aligned/professional_binder_with_precision_aligned_001/imgs/000.png,72157,c724261a86441000f2975af957f0079ca5b3534e160bf561bf7b7415e38746ef,#2cb86a
AR0446,professional_binder_with_precision_aligned_rings,professional_binder_with_precision_aligned_rings_000,445,/mnt/zsn/lyb/arti-skill/exp/Articulated-Object-Code/released_outputs/objects/professional_binder_with_precision_aligned_rings/professional_binder_with_precision_aligned_rings_000,/mnt/zsn/lyb/arti-skill/exp/Articulated-Object-Code/released_outputs/objects/professional_binder_with_precision_aligned_rings/professional_binder_with_precision_aligned_rings_000/generated.urdf,/mnt/zsn/data/particulate/datasets/Articulated-Object-Code/renders/uniform660_one_per_category_studio_256_v1/professional_binder_with_precision_aligned_rings/professional_binder_with_precision_aligned_rings_000/imgs/000.png,76461,9ba54325a71e886f4371475b85d961f9f814532caa5cb51595c3779e90bf4bee,#c96654
AR0447,professional_caliper_with_fine_adjustment,professional_caliper_with_fine_adjustment_000,446,/mnt/zsn/lyb/arti-skill/exp/Articulated-Object-Code/released_outputs/objects/professional_caliper_with_fine_adjustment/professional_caliper_with_fine_adjustment_000,/mnt/zsn/lyb/arti-skill/exp/Articulated-Object-Code/released_outputs/objects/professional_caliper_with_fine_adjustment/professional_caliper_with_fine_adjustment_000/generated.urdf,/mnt/zsn/data/particulate/datasets/Articulated-Object-Code/renders/uniform660_one_per_category_studio_256_v1/professional_caliper_with_fine_adjustment/professional_caliper_with_fine_adjustment_000/imgs/000.png,67344,791ee4508be747f65f730c4492d95fdaf3528c3d9df8cc5da5c4f0f8cd486244,#4b5dc9
AR0448,professional_camera_with_adjustable_viewfinder,professional_camera_with_adjustable_viewfinder_000,447,/mnt/zsn/lyb/arti-skill/exp/Articulated-Object-Code/released_outputs/objects/professional_camera_with_adjustable_viewfinder/professional_camera_with_adjustable_viewfinder_000,/mnt/zsn/lyb/arti-skill/exp/Articulated-Object-Code/released_outputs/objects/professional_camera_with_adjustable_viewfinder/professional_camera_with_adjustable_viewfinder_000/generated.urdf,/mnt/zsn/data/particulate/datasets/Articulated-Object-Code/renders/uniform660_one_per_category_studio_256_v1/professional_camera_with_adjustable_viewfinder/professional_camera_with_adjustable_viewfinder_000/imgs/000.png,74788,3aa05915c9b96e7883dc3d42c15478bbe26fd8eedbad42d96b1b3907c3e00957,#7cc942
AR0449,professional_compass_with_lead_and,professional_compass_with_lead_and_000,448,/mnt/zsn/lyb/arti-skill/exp/Articulated-Object-Code/released_outputs/objects/professional_compass_with_lead_and/professional_compass_with_lead_and_000,/mnt/zsn/lyb/arti-skill/exp/Articulated-Object-Code/released_outputs/objects/professional_compass_with_lead_and/professional_compass_with_lead_and_000/generated.urdf,/mnt/zsn/data/particulate/datasets/Articulated-Object-Code/renders/uniform660_one_per_category_studio_256_v1/professional_compass_with_lead_and/professional_compass_with_lead_and_000/imgs/000.png,70253,ec8b5a8bd128fd2e03c50960c5986d16a91cec35d17a1b80a72046daf66ef787,#c939a1
AR0450,professional_desk_lamp_with_brushed,professional_desk_lamp_with_brushed_001,449,/mnt/zsn/lyb/arti-skill/exp/Articulated-Object-Code/released_outputs/objects/professional_desk_lamp_with_brushed/professional_desk_lamp_with_brushed_001,/mnt/zsn/lyb/arti-skill/exp/Articulated-Object-Code/released_outputs/objects/professional_desk_lamp_with_brushed/professional_desk_lamp_with_brushed_001/generated.urdf,/mnt/zsn/data/particulate/datasets/Articulated-Object-Code/renders/uniform660_one_per_category_studio_256_v1/professional_desk_lamp_with_brushed/professional_desk_lamp_with_brushed_001/imgs/000.png,70211,6fdc7cfaec3d17e84e34994c7b74f2c8aa666fd554c2deecc2d55bd01720bf05,#30c9c6
AR0451,professional_desk_lamp_with_brushed_aluminum_const,professional_desk_lamp_with_brushed_aluminum_const_000,450,/mnt/zsn/lyb/arti-skill/exp/Articulated-Object-Code/released_outputs/objects/professional_desk_lamp_with_brushed_aluminum_const/professional_desk_lamp_with_brushed_aluminum_const_000,/mnt/zsn/lyb/arti-skill/exp/Articulated-Object-Code/released_outputs/objects/professional_desk_lamp_with_brushed_aluminum_const/professional_desk_lamp_with_brushed_aluminum_const_000/generated.urdf,/mnt/zsn/data/particulate/datasets/Articulated-Object-Code/renders/uniform660_one_per_category_studio_256_v1/professional_desk_lamp_with_brushed_aluminum_const/professional_desk_lamp_with_brushed_aluminum_const_000/imgs/000.png,69759,b4f3410dc1e13af8f613ca01acd2500b925366dd319326e64912fbdfe1d438e8,#dab35b
AR0452,professional_display_featuring_height_adjustable_m,professional_display_featuring_height_adjustable_m_000,451,/mnt/zsn/lyb/arti-skill/exp/Articulated-Object-Code/released_outputs/objects/professional_display_featuring_height_adjustable_m/professional_display_featuring_height_adjustable_m_000,/mnt/zsn/lyb/arti-skill/exp/Articulated-Object-Code/released_outputs/objects/professional_display_featuring_height_adjustable_m/professional_display_featuring_height_adjustable_m_000/generated.urdf,/mnt/zsn/data/particulate/datasets/Articulated-Object-Code/renders/uniform660_one_per_category_studio_256_v1/professional_display_featuring_height_adjustable_m/professional_display_featuring_height_adjustable_m_000/imgs/000.png,71010,e238ae4097b38b03c482737d82b3ccd8d063b2bb4e78db8b9368f0c2914e1006,#8852da
AR0453,professional_display_featuring_height_adjustable_mounting,professional_display_featuring_height_adjustable_mounting_002,452,/mnt/zsn/lyb/arti-skill/exp/Articulated-Object-Code/released_outputs/objects/professional_display_featuring_height_adjustable_mounting/professional_display_featuring_height_adjustable_mounting_002,/mnt/zsn/lyb/arti-skill/exp/Articulated-Object-Code/released_outputs/objects/professional_display_featuring_height_adjustable_mounting/professional_display_featuring_height_adjustable_mounting_002/generated.urdf,/mnt/zsn/data/particulate/datasets/Articulated-Object-Code/renders/uniform660_one_per_category_studio_256_v1/professional_display_featuring_height_adjustable_mounting/professional_display_featuring_height_adjustable_mounting_002/imgs/000.png,71105,0a2e3419c5b56c518140091726f7a0b384daf154067a3da35e91c240a9ff2d3a,#48da58
AR0454,professional_drafting_compass_with_micro_adjustmen,professional_drafting_compass_with_micro_adjustmen_000,453,/mnt/zsn/lyb/arti-skill/exp/Articulated-Object-Code/released_outputs/objects/professional_drafting_compass_with_micro_adjustmen/professional_drafting_compass_with_micro_adjustmen_000,/mnt/zsn/lyb/arti-skill/exp/Articulated-Object-Code/released_outputs/objects/professional_drafting_compass_with_micro_adjustmen/professional_drafting_compass_with_micro_adjustmen_000/generated.urdf,/mnt/zsn/data/particulate/datasets/Articulated-Object-Code/renders/uniform660_one_per_category_studio_256_v1/professional_drafting_compass_with_micro_adjustmen/professional_drafting_compass_with_micro_adjustmen_000/imgs/000.png,68532,977648e94afb812c6fcf1bc6418255341a0e0559b53e4342e8114b8527b48b15,#da3e5b
AR0455,professional_drafting_compass_with_micro_adjustment,professional_drafting_compass_with_micro_adjustment_002,454,/mnt/zsn/lyb/arti-skill/exp/Articulated-Object-Code/released_outputs/objects/professional_drafting_compass_with_micro_adjustment/professional_drafting_compass_with_micro_adjustment_002,/mnt/zsn/lyb/arti-skill/exp/Articulated-Object-Code/released_outputs/objects/professional_drafting_compass_with_micro_adjustment/professional_drafting_compass_with_micro_adjustment_002/generated.urdf,/mnt/zsn/data/particulate/datasets/Articulated-Object-Code/renders/uniform660_one_per_category_studio_256_v1/professional_drafting_compass_with_micro_adjustment/professional_drafting_compass_with_micro_adjustment_002/imgs/000.png,67489,edd4713c9e09da2df0d5340ae60623f558b9fdb5b62dc84b97266c08a2f2f4b6,#3483da
AR0456,professional_food_processor_with,professional_food_processor_with_001,455,/mnt/zsn/lyb/arti-skill/exp/Articulated-Object-Code/released_outputs/objects/professional_food_processor_with/professional_food_processor_with_001,/mnt/zsn/lyb/arti-skill/exp/Articulated-Object-Code/released_outputs/objects/professional_food_processor_with/professional_food_processor_with_001/generated.urdf,/mnt/zsn/data/particulate/datasets/Articulated-Object-Code/renders/uniform660_one_per_category_studio_256_v1/professional_food_processor_with/professional_food_processor_with_001/imgs/000.png,72473,89713fb57cc60e4bd49779c83912658a4a63f125221046453e8f9cfdd1ffbe73,#cbeb63
AR0457,professional_food_processor_with_direct_drive_mo,professional_food_processor_with_direct_drive_mo_000,456,/mnt/zsn/lyb/arti-skill/exp/Articulated-Object-Code/released_outputs/objects/professional_food_processor_with_direct_drive_mo/professional_food_processor_with_direct_drive_mo_000,/mnt/zsn/lyb/arti-skill/exp/Articulated-Object-Code/released_outputs/objects/professional_food_processor_with_direct_drive_mo/professional_food_processor_with_direct_drive_mo_000/generated.urdf,/mnt/zsn/data/particulate/datasets/Articulated-Object-Code/renders/uniform660_one_per_category_studio_256_v1/professional_food_processor_with_direct_drive_mo/professional_food_processor_with_direct_drive_mo_000/imgs/000.png,73447,379aed0d828b969cf44bafade8548faf48628e89be74c4d6bbd64a48e815b4f1,#e258eb
AR0458,professional_grade_crimping_tool_engineered,professional_grade_crimping_tool_engineered_001,457,/mnt/zsn/lyb/arti-skill/exp/Articulated-Object-Code/released_outputs/objects/professional_grade_crimping_tool_engineered/professional_grade_crimping_tool_engineered_001,/mnt/zsn/lyb/arti-skill/exp/Articulated-Object-Code/released_outputs/objects/professional_grade_crimping_tool_engineered/professional_grade_crimping_tool_engineered_001/generated.urdf,/mnt/zsn/data/particulate/datasets/Articulated-Object-Code/renders/uniform660_one_per_category_studio_256_v1/professional_grade_crimping_tool_engineered/professional_grade_crimping_tool_engineered_001/imgs/000.png,70913,9f9826465dfdbc81f9e6ad2d284e625859ec6a037b5aeb4eab63b5abb4d1733f,#4debb3
AR0459,professional_grade_crimping_tool_engineered_with,professional_grade_crimping_tool_engineered_with_000,458,/mnt/zsn/lyb/arti-skill/exp/Articulated-Object-Code/released_outputs/objects/professional_grade_crimping_tool_engineered_with/professional_grade_crimping_tool_engineered_with_000,/mnt/zsn/lyb/arti-skill/exp/Articulated-Object-Code/released_outputs/objects/professional_grade_crimping_tool_engineered_with/professional_grade_crimping_tool_engineered_with_000/generated.urdf,/mnt/zsn/data/particulate/datasets/Articulated-Object-Code/renders/uniform660_one_per_category_studio_256_v1/professional_grade_crimping_tool_engineered_with/professional_grade_crimping_tool_engineered_with_000/imgs/000.png,72075,8303b46f721f3edbfee7f8386b2e946c3d82cafabe96239bc76f8faf9f47fd9d,#eb7f43
AR0460,professional_grade_hydraulic_jack_engineered,professional_grade_hydraulic_jack_engineered_000,459,/mnt/zsn/lyb/arti-skill/exp/Articulated-Object-Code/released_outputs/objects/professional_grade_hydraulic_jack_engineered/professional_grade_hydraulic_jack_engineered_000,/mnt/zsn/lyb/arti-skill/exp/Articulated-Object-Code/released_outputs/objects/professional_grade_hydraulic_jack_engineered/professional_grade_hydraulic_jack_engineered_000/generated.urdf,/mnt/zsn/data/particulate/datasets/Articulated-Object-Code/renders/uniform660_one_per_category_studio_256_v1/professional_grade_hydraulic_jack_engineered/professional_grade_hydraulic_jack_engineered_000/imgs/000.png,72722,9969eb29e5349fce41b49fd22cab7fb8d64a157b6123a99b5ac100a83f28e236,#4438eb
AR0461,professional_grade_microwave_engineered_with,professional_grade_microwave_engineered_with_000,460,/mnt/zsn/lyb/arti-skill/exp/Articulated-Object-Code/released_outputs/objects/professional_grade_microwave_engineered_with/professional_grade_microwave_engineered_with_000,/mnt/zsn/lyb/arti-skill/exp/Articulated-Object-Code/released_outputs/objects/professional_grade_microwave_engineered_with/professional_grade_microwave_engineered_with_000/generated.urdf,/mnt/zsn/data/particulate/datasets/Articulated-Object-Code/renders/uniform660_one_per_category_studio_256_v1/professional_grade_microwave_engineered_with/professional_grade_microwave_engineered_with_000/imgs/000.png,74700,8cb9bcf573888ac7aae6da4461a705d489439528f8babd53638031b9de67c0fe,#65b84d
AR0462,professional_grade_remote_control_engineered,professional_grade_remote_control_engineered_000,461,/mnt/zsn/lyb/arti-skill/exp/Articulated-Object-Code/released_outputs/objects/professional_grade_remote_control_engineered/professional_grade_remote_control_engineered_000,/mnt/zsn/lyb/arti-skill/exp/Articulated-Object-Code/released_outputs/objects/professional_grade_remote_control_engineered/professional_grade_remote_control_engineered_000/generated.urdf,/mnt/zsn/data/particulate/datasets/Articulated-Object-Code/renders/uniform660_one_per_category_studio_256_v1/professional_grade_remote_control_engineered/professional_grade_remote_control_engineered_000/imgs/000.png,73093,39f59fe65bbca2fa04a296c4159720f9289157c8e006c55a8a1bd2b03f99b5bb,#b84580
AR0463,professional_grade_scissors_constructed_from_high,professional_grade_scissors_constructed_from_high_000,462,/mnt/zsn/lyb/arti-skill/exp/Articulated-Object-Code/released_outputs/objects/professional_grade_scissors_constructed_from_high/professional_grade_scissors_constructed_from_high_000,/mnt/zsn/lyb/arti-skill/exp/Articulated-Object-Code/released_outputs/objects/professional_grade_scissors_constructed_from_high/professional_grade_scissors_constructed_from_high_000/generated.urdf,/mnt/zsn/data/particulate/datasets/Articulated-Object-Code/renders/uniform660_one_per_category_studio_256_v1/professional_grade_scissors_constructed_from_high/professional_grade_scissors_constructed_from_high_000/imgs/000.png,68074,486336239b280c1901d55a566083b1c0566deb42c8bc76ac9f65fcf9d5e77140,#3da0b8
AR0464,professional_grade_scissors_constructed_from_high_carbon,professional_grade_scissors_constructed_from_high_carbon_000,463,/mnt/zsn/lyb/arti-skill/exp/Articulated-Object-Code/released_outputs/objects/professional_grade_scissors_constructed_from_high_carbon/professional_grade_scissors_constructed_from_high_carbon_000,/mnt/zsn/lyb/arti-skill/exp/Articulated-Object-Code/released_outputs/objects/professional_grade_scissors_constructed_from_high_carbon/professional_grade_scissors_constructed_from_high_carbon_000/generated.urdf,/mnt/zsn/data/particulate/datasets/Articulated-Object-Code/renders/uniform660_one_per_category_studio_256_v1/professional_grade_scissors_constructed_from_high_carbon/professional_grade_scissors_constructed_from_high_carbon_000/imgs/000.png,67102,1bc3c0ce9a6fc83306850cd394e166db856c1896068860c3013c1a31c1d96862,#b8aa34
AR0465,professional_hydraulic_jack_with_safety,professional_hydraulic_jack_with_safety_001,464,/mnt/zsn/lyb/arti-skill/exp/Articulated-Object-Code/released_outputs/objects/professional_hydraulic_jack_with_safety/professional_hydraulic_jack_with_safety_001,/mnt/zsn/lyb/arti-skill/exp/Articulated-Object-Code/released_outputs/objects/professional_hydraulic_jack_with_safety/professional_hydraulic_jack_with_safety_001/generated.urdf,/mnt/zsn/data/particulate/datasets/Articulated-Object-Code/renders/uniform660_one_per_category_studio_256_v1/professional_hydraulic_jack_with_safety/professional_hydraulic_jack_with_safety_001/imgs/000.png,68743,a53f90d2f249f09c6b3b89a0d09bde00e8902d5e4b22d35870d1beda631b429e,#812cb8
AR0466,professional_hydraulic_jack_with_safety_valve_and,professional_hydraulic_jack_with_safety_valve_and_000,465,/mnt/zsn/lyb/arti-skill/exp/Articulated-Object-Code/released_outputs/objects/professional_hydraulic_jack_with_safety_valve_and/professional_hydraulic_jack_with_safety_valve_and_000,/mnt/zsn/lyb/arti-skill/exp/Articulated-Object-Code/released_outputs/objects/professional_hydraulic_jack_with_safety_valve_and/professional_hydraulic_jack_with_safety_valve_and_000/generated.urdf,/mnt/zsn/data/particulate/datasets/Articulated-Object-Code/renders/uniform660_one_per_category_studio_256_v1/professional_hydraulic_jack_with_safety_valve_and/professional_hydraulic_jack_with_safety_valve_and_000/imgs/000.png,72279,58ec5fdcd5f223e07823dd77af5885118f97f207856e533987a9cc592e17e7b8,#54c979
AR0467,professional_ironing_board_featuring_steam_permeable,professional_ironing_board_featuring_steam_permeable_000,466,/mnt/zsn/lyb/arti-skill/exp/Articulated-Object-Code/released_outputs/objects/professional_ironing_board_featuring_steam_permeable/professional_ironing_board_featuring_steam_permeable_000,/mnt/zsn/lyb/arti-skill/exp/Articulated-Object-Code/released_outputs/objects/professional_ironing_board_featuring_steam_permeable/professional_ironing_board_featuring_steam_permeable_000/generated.urdf,/mnt/zsn/data/particulate/datasets/Articulated-Object-Code/renders/uniform660_one_per_category_studio_256_v1/professional_ironing_board_featuring_steam_permeable/professional_ironing_board_featuring_steam_permeable_000/imgs/000.png,70778,fb19792b0e30712c0d536574c92861dd1bc95d62e19e15f83cb4f54719a23f78,#c94e4b
AR0468,professional_keyboard_with_individual,professional_keyboard_with_individual_000,467,/mnt/zsn/lyb/arti-skill/exp/Articulated-Object-Code/released_outputs/objects/professional_keyboard_with_individual/professional_keyboard_with_individual_000,/mnt/zsn/lyb/arti-skill/exp/Articulated-Object-Code/released_outputs/objects/professional_keyboard_with_individual/professional_keyboard_with_individual_000/generated.urdf,/mnt/zsn/data/particulate/datasets/Articulated-Object-Code/renders/uniform660_one_per_category_studio_256_v1/professional_keyboard_with_individual/professional_keyboard_with_individual_000/imgs/000.png,69212,c52ee68688eae48fa08a2e672ffb2e49bfd6dd4946e2ccbab3301a3d79e0a8e6,#4266c9
AR0469,professional_keyboard_with_individual_key_switch,professional_keyboard_with_individual_key_switch_000,468,/mnt/zsn/lyb/arti-skill/exp/Articulated-Object-Code/released_outputs/objects/professional_keyboard_with_individual_key_switch/professional_keyboard_with_individual_key_switch_000,/mnt/zsn/lyb/arti-skill/exp/Articulated-Object-Code/released_outputs/objects/professional_keyboard_with_individual_key_switch/professional_keyboard_with_individual_key_switch_000/generated.urdf,/mnt/zsn/data/particulate/datasets/Articulated-Object-Code/renders/uniform660_one_per_category_studio_256_v1/professional_keyboard_with_individual_key_switch/professional_keyboard_with_individual_key_switch_000/imgs/000.png,70638,6456b8a84bcbbdf748f4971c6d81f4d7e484e9657fe759ea30b85f538c940940,#8ac939
AR0470,professional_kitchen_faucet_with,professional_kitchen_faucet_with_000,469,/mnt/zsn/lyb/arti-skill/exp/Articulated-Object-Code/released_outputs/objects/professional_kitchen_faucet_with/professional_kitchen_faucet_with_000,/mnt/zsn/lyb/arti-skill/exp/Articulated-Object-Code/released_outputs/objects/professional_kitchen_faucet_with/professional_kitchen_faucet_with_000/generated.urdf,/mnt/zsn/data/particulate/datasets/Articulated-Object-Code/renders/uniform660_one_per_category_studio_256_v1/professional_kitchen_faucet_with/professional_kitchen_faucet_with_000/imgs/000.png,69423,058ff9da3f0d2233181ba7d91fb76c685fdeb19d160356b3909838d0cc8658a1,#c930b2
AR0471,professional_mixer_with_variable,professional_mixer_with_variable_001,470,/mnt/zsn/lyb/arti-skill/exp/Articulated-Object-Code/released_outputs/objects/professional_mixer_with_variable/professional_mixer_with_variable_001,/mnt/zsn/lyb/arti-skill/exp/Articulated-Object-Code/released_outputs/objects/professional_mixer_with_variable/professional_mixer_with_variable_001/generated.urdf,/mnt/zsn/data/particulate/datasets/Articulated-Object-Code/renders/uniform660_one_per_category_studio_256_v1/professional_mixer_with_variable/professional_mixer_with_variable_001/imgs/000.png,74521,f1871620d679f2f597b982a1bd964eed8502fba5630e82cef8177a477e1655ec,#5bdac7
AR0472,professional_mixer_with_variable_speed_control_a,professional_mixer_with_variable_speed_control_a_000,471,/mnt/zsn/lyb/arti-skill/exp/Articulated-Object-Code/released_outputs/objects/professional_mixer_with_variable_speed_control_a/professional_mixer_with_variable_speed_control_a_000,/mnt/zsn/lyb/arti-skill/exp/Articulated-Object-Code/released_outputs/objects/professional_mixer_with_variable_speed_control_a/professional_mixer_with_variable_speed_control_a_000/generated.urdf,/mnt/zsn/data/particulate/datasets/Articulated-Object-Code/renders/uniform660_one_per_category_studio_256_v1/professional_mixer_with_variable_speed_control_a/professional_mixer_with_variable_speed_control_a_000/imgs/000.png,72721,998c79e9edf3a6ba9a5db9f59213ac48031e9759b362b0dba19208560abc59f2,#da9e52
AR0473,professional_multi_tool_featuring_pivot,professional_multi_tool_featuring_pivot_000,472,/mnt/zsn/lyb/arti-skill/exp/Articulated-Object-Code/released_outputs/objects/professional_multi_tool_featuring_pivot/professional_multi_tool_featuring_pivot_000,/mnt/zsn/lyb/arti-skill/exp/Articulated-Object-Code/released_outputs/objects/professional_multi_tool_featuring_pivot/professional_multi_tool_featuring_pivot_000/generated.urdf,/mnt/zsn/data/particulate/datasets/Articulated-Object-Code/renders/uniform660_one_per_category_studio_256_v1/professional_multi_tool_featuring_pivot/professional_multi_tool_featuring_pivot_000/imgs/000.png,69593,30da595238526aca9907ac78e8408d9b37230f92252231b4f50d8de3610baac4,#7048da
AR0474,professional_multi_tool_featuring_pivot_mechanis,professional_multi_tool_featuring_pivot_mechanis_000,473,/mnt/zsn/lyb/arti-skill/exp/Articulated-Object-Code/released_outputs/objects/professional_multi_tool_featuring_pivot_mechanis/professional_multi_tool_featuring_pivot_mechanis_000,/mnt/zsn/lyb/arti-skill/exp/Articulated-Object-Code/released_outputs/objects/professional_multi_tool_featuring_pivot_mechanis/professional_multi_tool_featuring_pivot_mechanis_000/generated.urdf,/mnt/zsn/data/particulate/datasets/Articulated-Object-Code/renders/uniform660_one_per_category_studio_256_v1/professional_multi_tool_featuring_pivot_mechanis/professional_multi_tool_featuring_pivot_mechanis_000/imgs/000.png,68622,8345c531dfd80b906805cdaa783dbdb2be7f362549ae578720537a3f73201f93,#41da3e
AR0475,professional_museum_display_case_with,professional_museum_display_case_with_000,474,/mnt/zsn/lyb/arti-skill/exp/Articulated-Object-Code/released_outputs/objects/professional_museum_display_case_with/professional_museum_display_case_with_000,/mnt/zsn/lyb/arti-skill/exp/Articulated-Object-Code/released_outputs/objects/professional_museum_display_case_with/professional_museum_display_case_with_000/generated.urdf,/mnt/zsn/data/particulate/datasets/Articulated-Object-Code/renders/uniform660_one_per_category_studio_256_v1/professional_museum_display_case_with/professional_museum_display_case_with_000/imgs/000.png,71390,da80e4be4c0da662ecee6486effa7c5a3af180772f1ea8c6db57ab73e0b8d52d,#da3468
AR0476,professional_museum_display_case_with_climate_cont,professional_museum_display_case_with_climate_cont_000,475,/mnt/zsn/lyb/arti-skill/exp/Articulated-Object-Code/released_outputs/objects/professional_museum_display_case_with_climate_cont/professional_museum_display_case_with_climate_cont_000,/mnt/zsn/lyb/arti-skill/exp/Articulated-Object-Code/released_outputs/objects/professional_museum_display_case_with_climate_cont/professional_museum_display_case_with_climate_cont_000/generated.urdf,/mnt/zsn/data/particulate/datasets/Articulated-Object-Code/renders/uniform660_one_per_category_studio_256_v1/professional_museum_display_case_with_climate_cont/professional_museum_display_case_with_climate_cont_000/imgs/000.png,74133,6df59f7e75e1698b2a40befbee140ed3b91597c3af74eafcbb1fefe8109042ee,#63b5eb
AR0477,professional_nutcracker_with_hardened_steel,professional_nutcracker_with_hardened_steel_001,476,/mnt/zsn/lyb/arti-skill/exp/Articulated-Object-Code/released_outputs/objects/professional_nutcracker_with_hardened_steel/professional_nutcracker_with_hardened_steel_001,/mnt/zsn/lyb/arti-skill/exp/Articulated-Object-Code/released_outputs/objects/professional_nutcracker_with_hardened_steel/professional_nutcracker_with_hardened_steel_001/generated.urdf,/mnt/zsn/data/particulate/datasets/Articulated-Object-Code/renders/uniform660_one_per_category_studio_256_v1/professional_nutcracker_with_hardened_steel/professional_nutcracker_with_hardened_steel_001/imgs/000.png,70785,65069c84157e0880d512facb2afd3f44408b0606f28b15a4f6723bef27074360,#dbeb58
AR0478,professional_oven_with_steam,professional_oven_with_steam_001,477,/mnt/zsn/lyb/arti-skill/exp/Articulated-Object-Code/released_outputs/objects/professional_oven_with_steam/professional_oven_with_steam_001,/mnt/zsn/lyb/arti-skill/exp/Articulated-Object-Code/released_outputs/objects/professional_oven_with_steam/professional_oven_with_steam_001/generated.urdf,/mnt/zsn/data/particulate/datasets/Articulated-Object-Code/renders/uniform660_one_per_category_studio_256_v1/professional_oven_with_steam/professional_oven_with_steam_001/imgs/000.png,74695,12e6ef70c60fc60617563e353a3d9e8cf0870dec303df0624c3193c0e39b051b,#cd4deb
AR0479,professional_oven_with_steam_injection_and_preci,professional_oven_with_steam_injection_and_preci_000,478,/mnt/zsn/lyb/arti-skill/exp/Articulated-Object-Code/released_outputs/objects/professional_oven_with_steam_injection_and_preci/professional_oven_with_steam_injection_and_preci_000,/mnt/zsn/lyb/arti-skill/exp/Articulated-Object-Code/released_outputs/objects/professional_oven_with_steam_injection_and_preci/professional_oven_with_steam_injection_and_preci_000/generated.urdf,/mnt/zsn/data/particulate/datasets/Articulated-Object-Code/renders/uniform660_one_per_category_studio_256_v1/professional_oven_with_steam_injection_and_preci/professional_oven_with_steam_injection_and_preci_000/imgs/000.png,74064,c51b20e03cb8dd0f0a848a873169361bf01878e133a41218a98887be3242d40c,#43eb9a
AR0480,professional_remote_control_with,professional_remote_control_with_000,479,/mnt/zsn/lyb/arti-skill/exp/Articulated-Object-Code/released_outputs/objects/professional_remote_control_with/professional_remote_control_with_000,/mnt/zsn/lyb/arti-skill/exp/Articulated-Object-Code/released_outputs/objects/professional_remote_control_with/professional_remote_control_with_000/generated.urdf,/mnt/zsn/data/particulate/datasets/Articulated-Object-Code/renders/uniform660_one_per_category_studio_256_v1/professional_remote_control_with/professional_remote_control_with_000/imgs/000.png,71865,de0bf206662bda6aac51329f0678a5739cc3a4a3189bdebf3ac08510dfe85b66,#eb6138
AR0481,professional_scanner_with_color,professional_scanner_with_color_001,480,/mnt/zsn/lyb/arti-skill/exp/Articulated-Object-Code/released_outputs/objects/professional_scanner_with_color/professional_scanner_with_color_001,/mnt/zsn/lyb/arti-skill/exp/Articulated-Object-Code/released_outputs/objects/professional_scanner_with_color/professional_scanner_with_color_001/generated.urdf,/mnt/zsn/data/particulate/datasets/Articulated-Object-Code/renders/uniform660_one_per_category_studio_256_v1/professional_scanner_with_color/professional_scanner_with_color_001/imgs/000.png,72762,aa6e2262b956c0abf1d212db5696f1e764d0d18bd97d4457ded53c50922f7359,#4d54b8
AR0482,professional_tin_snips_with_hardened,professional_tin_snips_with_hardened_000,481,/mnt/zsn/lyb/arti-skill/exp/Articulated-Object-Code/released_outputs/objects/professional_tin_snips_with_hardened/professional_tin_snips_with_hardened_000,/mnt/zsn/lyb/arti-skill/exp/Articulated-Object-Code/released_outputs/objects/professional_tin_snips_with_hardened/professional_tin_snips_with_hardened_000/generated.urdf,/mnt/zsn/data/particulate/datasets/Articulated-Object-Code/renders/uniform660_one_per_category_studio_256_v1/professional_tin_snips_with_hardened/professional_tin_snips_with_hardened_000/imgs/000.png,71383,fb2c495310b27594c3215012bffea49102f09a86d8e0c9b7935617eb53974bf0,#6db845
AR0483,professional_tin_snips_with_hardened_steel_blades,professional_tin_snips_with_hardened_steel_blades_000,482,/mnt/zsn/lyb/arti-skill/exp/Articulated-Object-Code/released_outputs/objects/professional_tin_snips_with_hardened_steel_blades/professional_tin_snips_with_hardened_steel_blades_000,/mnt/zsn/lyb/arti-skill/exp/Articulated-Object-Code/released_outputs/objects/professional_tin_snips_with_hardened_steel_blades/professional_tin_snips_with_hardened_steel_blades_000/generated.urdf,/mnt/zsn/data/particulate/datasets/Articulated-Object-Code/renders/uniform660_one_per_category_studio_256_v1/professional_tin_snips_with_hardened_steel_blades/professional_tin_snips_with_hardened_steel_blades_000/imgs/000.png,69936,e9331f79fc5704b1e82657e2b388f63aa68ee32fe9ce33ad3903f35152df2513,#b83d8c
AR0484,professional_tool_chest_featuring,professional_tool_chest_featuring_000,483,/mnt/zsn/lyb/arti-skill/exp/Articulated-Object-Code/released_outputs/objects/professional_tool_chest_featuring/professional_tool_chest_featuring_000,/mnt/zsn/lyb/arti-skill/exp/Articulated-Object-Code/released_outputs/objects/professional_tool_chest_featuring/professional_tool_chest_featuring_000/generated.urdf,/mnt/zsn/data/particulate/datasets/Articulated-Object-Code/renders/uniform660_one_per_category_studio_256_v1/professional_tool_chest_featuring/professional_tool_chest_featuring_000/imgs/000.png,74851,952ce3a33b95ab4e4f0f2db55086836cebf95ceb33b14131d2668349715b6fdf,#34afb8
AR0485,professional_tool_chest_featuring_pivot_mechanis,professional_tool_chest_featuring_pivot_mechanis_000,484,/mnt/zsn/lyb/arti-skill/exp/Articulated-Object-Code/released_outputs/objects/professional_tool_chest_featuring_pivot_mechanis/professional_tool_chest_featuring_pivot_mechanis_000,/mnt/zsn/lyb/arti-skill/exp/Articulated-Object-Code/released_outputs/objects/professional_tool_chest_featuring_pivot_mechanis/professional_tool_chest_featuring_pivot_mechanis_000/generated.urdf,/mnt/zsn/data/particulate/datasets/Articulated-Object-Code/renders/uniform660_one_per_category_studio_256_v1/professional_tool_chest_featuring_pivot_mechanis/professional_tool_chest_featuring_pivot_mechanis_000/imgs/000.png,73157,6f331d5839a2f90ce79868f2a625097807d4f1ab27e9d109f9a3bebc4871322e,#b8982c
AR0486,pulley_block_and_tackle_system,pulley_block_and_tackle_system_000,485,/mnt/zsn/lyb/arti-skill/exp/Articulated-Object-Code/released_outputs/objects/pulley_block_and_tackle_system/pulley_block_and_tackle_system_000,/mnt/zsn/lyb/arti-skill/exp/Articulated-Object-Code/released_outputs/objects/pulley_block_and_tackle_system/pulley_block_and_tackle_system_000/generated.urdf,/mnt/zsn/data/particulate/datasets/Articulated-Object-Code/renders/uniform660_one_per_category_studio_256_v1/pulley_block_and_tackle_system/pulley_block_and_tackle_system_000/imgs/000.png,71455,1bd56bbf7a26072745b882b12d020aed4f8d53b543c617fd332d976a3ae94b3a,#8c54c9
AR0487,pulley_system,pulley_system_000,486,/mnt/zsn/lyb/arti-skill/exp/Articulated-Object-Code/released_outputs/objects/pulley_system/pulley_system_000,/mnt/zsn/lyb/arti-skill/exp/Articulated-Object-Code/released_outputs/objects/pulley_system/pulley_system_000/generated.urdf,/mnt/zsn/data/particulate/datasets/Articulated-Object-Code/renders/uniform660_one_per_category_studio_256_v1/pulley_system/pulley_system_000/imgs/000.png,71456,7b7978986d64d2d91111404eb12fb2dec781b3c837c36ae36fdc5a13c212d983,#4bc963
AR0488,reclining_lounge_chair_with_extending_footrest,reclining_lounge_chair_with_extending_footrest_000,487,/mnt/zsn/lyb/arti-skill/exp/Articulated-Object-Code/released_outputs/objects/reclining_lounge_chair_with_extending_footrest/reclining_lounge_chair_with_extending_footrest_000,/mnt/zsn/lyb/arti-skill/exp/Articulated-Object-Code/released_outputs/objects/reclining_lounge_chair_with_extending_footrest/reclining_lounge_chair_with_extending_footrest_000/generated.urdf,/mnt/zsn/data/particulate/datasets/Articulated-Object-Code/renders/uniform660_one_per_category_studio_256_v1/reclining_lounge_chair_with_extending_footrest/reclining_lounge_chair_with_extending_footrest_000/imgs/000.png,74214,0ec013c99be5ef52859429aaab269dca0f40e94e152e1d2549279b3c8fac5fdc,#c94250
AR0489,rectangular_wooden_cabinet_featuring,rectangular_wooden_cabinet_featuring_004,488,/mnt/zsn/lyb/arti-skill/exp/Articulated-Object-Code/released_outputs/objects/rectangular_wooden_cabinet_featuring/rectangular_wooden_cabinet_featuring_004,/mnt/zsn/lyb/arti-skill/exp/Articulated-Object-Code/released_outputs/objects/rectangular_wooden_cabinet_featuring/rectangular_wooden_cabinet_featuring_004/generated.urdf,/mnt/zsn/data/particulate/datasets/Articulated-Object-Code/renders/uniform660_one_per_category_studio_256_v1/rectangular_wooden_cabinet_featuring/rectangular_wooden_cabinet_featuring_004/imgs/000.png,72776,a822b8006df9d2d3023f787c5f91218b96f2e6b201f5e2bc98898bf62b387c78,#3972c9
AR0490,refrigerater,refrigerater_001,489,/mnt/zsn/lyb/arti-skill/exp/Articulated-Object-Code/released_outputs/objects/refrigerater/refrigerater_001,/mnt/zsn/lyb/arti-skill/exp/Articulated-Object-Code/released_outputs/objects/refrigerater/refrigerater_001/generated.urdf,/mnt/zsn/data/particulate/datasets/Articulated-Object-Code/renders/uniform660_one_per_category_studio_256_v1/refrigerater/refrigerater_001/imgs/000.png,72504,1326d05460829cac1b0489ec5e066f3bc370b32152a0d226c4025c92f966c9d2,#99c930
AR0491,remote_control,remote_control_000,490,/mnt/zsn/lyb/arti-skill/exp/Articulated-Object-Code/released_outputs/objects/remote_control/remote_control_000,/mnt/zsn/lyb/arti-skill/exp/Articulated-Object-Code/released_outputs/objects/remote_control/remote_control_000/generated.urdf,/mnt/zsn/data/particulate/datasets/Articulated-Object-Code/renders/uniform660_one_per_category_studio_256_v1/remote_control/remote_control_000/imgs/000.png,67977,292d0b9f22fea69821cccfdbd659a97ccdf0b59f03e2e410191112577be09837,#da5bd7
AR0492,remote_with_many_buttons,remote_with_many_buttons_000,491,/mnt/zsn/lyb/arti-skill/exp/Articulated-Object-Code/released_outputs/objects/remote_with_many_buttons/remote_with_many_buttons_000,/mnt/zsn/lyb/arti-skill/exp/Articulated-Object-Code/released_outputs/objects/remote_with_many_buttons/remote_with_many_buttons_000/generated.urdf,/mnt/zsn/data/particulate/datasets/Articulated-Object-Code/renders/uniform660_one_per_category_studio_256_v1/remote_with_many_buttons/remote_with_many_buttons_000/imgs/000.png,73140,b0145e0ad66106bff19f83f1bb202acf275521c111f54e91b2a03544d56ee7af,#52dab5
AR0493,retractable_clothesline_with_spring_rewind,retractable_clothesline_with_spring_rewind_000,492,/mnt/zsn/lyb/arti-skill/exp/Articulated-Object-Code/released_outputs/objects/retractable_clothesline_with_spring_rewind/retractable_clothesline_with_spring_rewind_000,/mnt/zsn/lyb/arti-skill/exp/Articulated-Object-Code/released_outputs/objects/retractable_clothesline_with_spring_rewind/retractable_clothesline_with_spring_rewind_000/generated.urdf,/mnt/zsn/data/particulate/datasets/Articulated-Object-Code/renders/uniform660_one_per_category_studio_256_v1/retractable_clothesline_with_spring_rewind/retractable_clothesline_with_spring_rewind_000/imgs/000.png,66024,39eb8d902e361582845e095eaa31f61dd097db3baf76468caec40692803da993,#da8748
AR0494,retractable_patio_awning,retractable_patio_awning_002,493,/mnt/zsn/lyb/arti-skill/exp/Articulated-Object-Code/released_outputs/objects/retractable_patio_awning/retractable_patio_awning_002,/mnt/zsn/lyb/arti-skill/exp/Articulated-Object-Code/released_outputs/objects/retractable_patio_awning/retractable_patio_awning_002/generated.urdf,/mnt/zsn/data/particulate/datasets/Articulated-Object-Code/renders/uniform660_one_per_category_studio_256_v1/retractable_patio_awning/retractable_patio_awning_002/imgs/000.png,71650,5a4d215567f3f3a8910a4329b502b263c422fe693bd3d934cfef026d21f08a29,#553eda
AR0495,retractable_tape_measure_with_locking_mechanism,retractable_tape_measure_with_locking_mechanism_000,494,/mnt/zsn/lyb/arti-skill/exp/Articulated-Object-Code/released_outputs/objects/retractable_tape_measure_with_locking_mechanism/retractable_tape_measure_with_locking_mechanism_000,/mnt/zsn/lyb/arti-skill/exp/Articulated-Object-Code/released_outputs/objects/retractable_tape_measure_with_locking_mechanism/retractable_tape_measure_with_locking_mechanism_000/generated.urdf,/mnt/zsn/data/particulate/datasets/Articulated-Object-Code/renders/uniform660_one_per_category_studio_256_v1/retractable_tape_measure_with_locking_mechanism/retractable_tape_measure_with_locking_mechanism_000/imgs/000.png,68321,0133ecca591fb26bbd783ea68a5ca802e8e4c2834adea0796b15cbce89b175e2,#4dda34
AR0496,revolving_door_with,revolving_door_with_000,495,/mnt/zsn/lyb/arti-skill/exp/Articulated-Object-Code/released_outputs/objects/revolving_door_with/revolving_door_with_000,/mnt/zsn/lyb/arti-skill/exp/Articulated-Object-Code/released_outputs/objects/revolving_door_with/revolving_door_with_000/generated.urdf,/mnt/zsn/data/particulate/datasets/Articulated-Object-Code/renders/uniform660_one_per_category_studio_256_v1/revolving_door_with/revolving_door_with_000/imgs/000.png,81729,ab4945f1448a306261409a013d0e6db5c57cb004a876e22a216d97902ea98a96,#eb639e
AR0497,ring_binder,ring_binder_024,496,/mnt/zsn/lyb/arti-skill/exp/Articulated-Object-Code/released_outputs/objects/ring_binder/ring_binder_024,/mnt/zsn/lyb/arti-skill/exp/Articulated-Object-Code/released_outputs/objects/ring_binder/ring_binder_024/generated.urdf,/mnt/zsn/data/particulate/datasets/Articulated-Object-Code/renders/uniform660_one_per_category_studio_256_v1/ring_binder/ring_binder_024/imgs/000.png,68384,737912cda9a28f944e8f0911e369d898d9d48cdc1aa9b140f075dbd2988fd5bf,#58c3eb
AR0498,ring_binder_features_a,ring_binder_features_a_012,497,/mnt/zsn/lyb/arti-skill/exp/Articulated-Object-Code/released_outputs/objects/ring_binder_features_a/ring_binder_features_a_012,/mnt/zsn/lyb/arti-skill/exp/Articulated-Object-Code/released_outputs/objects/ring_binder_features_a/ring_binder_features_a_012/generated.urdf,/mnt/zsn/data/particulate/datasets/Articulated-Object-Code/renders/uniform660_one_per_category_studio_256_v1/ring_binder_features_a/ring_binder_features_a_012/imgs/000.png,66256,e07eda4bbdaec7c63b4441e127d5465949391278b0dec7b1e3336ac5a28001e2,#ebe74d
AR0499,ring_binder_features_a_rigid_cover_and_a_ring_me,ring_binder_features_a_rigid_cover_and_a_ring_me_000,498,/mnt/zsn/lyb/arti-skill/exp/Articulated-Object-Code/released_outputs/objects/ring_binder_features_a_rigid_cover_and_a_ring_me/ring_binder_features_a_rigid_cover_and_a_ring_me_000,/mnt/zsn/lyb/arti-skill/exp/Articulated-Object-Code/released_outputs/objects/ring_binder_features_a_rigid_cover_and_a_ring_me/ring_binder_features_a_rigid_cover_and_a_ring_me_000/generated.urdf,/mnt/zsn/data/particulate/datasets/Articulated-Object-Code/renders/uniform660_one_per_category_studio_256_v1/ring_binder_features_a_rigid_cover_and_a_ring_me/ring_binder_features_a_rigid_cover_and_a_ring_me_000/imgs/000.png,72544,bbe134e78d251cc36a04d035818f1a086b5395832ac4a625396266fb2f854d92,#b643eb
AR0500,robot_arm,robot_arm_048,499,/mnt/zsn/lyb/arti-skill/exp/Articulated-Object-Code/released_outputs/objects/robot_arm/robot_arm_048,/mnt/zsn/lyb/arti-skill/exp/Articulated-Object-Code/released_outputs/objects/robot_arm/robot_arm_048/generated.urdf,/mnt/zsn/data/particulate/datasets/Articulated-Object-Code/renders/uniform660_one_per_category_studio_256_v1/robot_arm/robot_arm_048/imgs/000.png,71109,8dc694802e0d24e5863b25d54d2afdd10a9d4123f2bf939484d6c584f2a2a01b,#38eb7f
AR0501,robot_arm_consists_of,robot_arm_consists_of_001,500,/mnt/zsn/lyb/arti-skill/exp/Articulated-Object-Code/released_outputs/objects/robot_arm_consists_of/robot_arm_consists_of_001,/mnt/zsn/lyb/arti-skill/exp/Articulated-Object-Code/released_outputs/objects/robot_arm_consists_of/robot_arm_consists_of_001/generated.urdf,/mnt/zsn/data/particulate/datasets/Articulated-Object-Code/renders/uniform660_one_per_category_studio_256_v1/robot_arm_consists_of/robot_arm_consists_of_001/imgs/000.png,69365,a318d1cc1436b4dfd0a55e0adb240940ceb7a159a54c5e328c45e661a6a83ebf,#b8584d
AR0502,robot_arm_consists_of_a_base_fixed_or_mobile,robot_arm_consists_of_a_base_fixed_or_mobile_000,501,/mnt/zsn/lyb/arti-skill/exp/Articulated-Object-Code/released_outputs/objects/robot_arm_consists_of_a_base_fixed_or_mobile/robot_arm_consists_of_a_base_fixed_or_mobile_000,/mnt/zsn/lyb/arti-skill/exp/Articulated-Object-Code/released_outputs/objects/robot_arm_consists_of_a_base_fixed_or_mobile/robot_arm_consists_of_a_base_fixed_or_mobile_000/generated.urdf,/mnt/zsn/data/particulate/datasets/Articulated-Object-Code/renders/uniform660_one_per_category_studio_256_v1/robot_arm_consists_of_a_base_fixed_or_mobile/robot_arm_consists_of_a_base_fixed_or_mobile_000/imgs/000.png,72008,308b3d1bf87111a7a61935a98592bf9887b186094ce576dbe6e6849d029f3f86,#455bb8
AR0503,robust_excavator_arm_system,robust_excavator_arm_system_000,502,/mnt/zsn/lyb/arti-skill/exp/Articulated-Object-Code/released_outputs/objects/robust_excavator_arm_system/robust_excavator_arm_system_000,/mnt/zsn/lyb/arti-skill/exp/Articulated-Object-Code/released_outputs/objects/robust_excavator_arm_system/robust_excavator_arm_system_000/generated.urdf,/mnt/zsn/data/particulate/datasets/Articulated-Object-Code/renders/uniform660_one_per_category_studio_256_v1/robust_excavator_arm_system/robust_excavator_arm_system_000/imgs/000.png,69546,cac8a6677e5b88475301a6487d73375743097ad3afe30f04b211ffbdb2c96fc2,#78b83d
AR0504,rolling_office_file_cart_with_stacking_trays,rolling_office_file_cart_with_stacking_trays_000,503,/mnt/zsn/lyb/arti-skill/exp/Articulated-Object-Code/released_outputs/objects/rolling_office_file_cart_with_stacking_trays/rolling_office_file_cart_with_stacking_trays_000,/mnt/zsn/lyb/arti-skill/exp/Articulated-Object-Code/released_outputs/objects/rolling_office_file_cart_with_stacking_trays/rolling_office_file_cart_with_stacking_trays_000/generated.urdf,/mnt/zsn/data/particulate/datasets/Articulated-Object-Code/renders/uniform660_one_per_category_studio_256_v1/rolling_office_file_cart_with_stacking_trays/rolling_office_file_cart_with_stacking_trays_000/imgs/000.png,74135,a3b71ebd363eb20976c1475d9badb5c5b9f993d978830aa357507e924f15224d,#b8349a
AR0505,safe,safe_001,504,/mnt/zsn/lyb/arti-skill/exp/Articulated-Object-Code/released_outputs/objects/safe/safe_001,/mnt/zsn/lyb/arti-skill/exp/Articulated-Object-Code/released_outputs/objects/safe/safe_001/generated.urdf,/mnt/zsn/data/particulate/datasets/Articulated-Object-Code/renders/uniform660_one_per_category_studio_256_v1/safe/safe_001/imgs/000.png,72577,1fb937870edc2a3a5cab94f7f1c68852936aec6bb3631c69b52cf275381b63e0,#2cb8ae
AR0506,scissors,scissors_036,505,/mnt/zsn/lyb/arti-skill/exp/Articulated-Object-Code/released_outputs/objects/scissors/scissors_036,/mnt/zsn/lyb/arti-skill/exp/Articulated-Object-Code/released_outputs/objects/scissors/scissors_036/generated.urdf,/mnt/zsn/data/particulate/datasets/Articulated-Object-Code/renders/uniform660_one_per_category_studio_256_v1/scissors/scissors_036/imgs/000.png,70297,002aaa00c9f260081ffe37ce9980d472d288b69bcaf5d559cf54e9899b1654c5,#c99f54
AR0507,scissors_consist_of_two_main,scissors_consist_of_two_main_016,506,/mnt/zsn/lyb/arti-skill/exp/Articulated-Object-Code/released_outputs/objects/scissors_consist_of_two_main/scissors_consist_of_two_main_016,/mnt/zsn/lyb/arti-skill/exp/Articulated-Object-Code/released_outputs/objects/scissors_consist_of_two_main/scissors_consist_of_two_main_016/generated.urdf,/mnt/zsn/data/particulate/datasets/Articulated-Object-Code/renders/uniform660_one_per_category_studio_256_v1/scissors_consist_of_two_main/scissors_consist_of_two_main_016/imgs/000.png,67260,69515ac642cb174bb3f5d5469496b005bccaeaed616c88267c12be930357c643,#774bc9
AR0508,scissors_consist_of_two_main_parts_blades_with_in,scissors_consist_of_two_main_parts_blades_with_in_000,507,/mnt/zsn/lyb/arti-skill/exp/Articulated-Object-Code/released_outputs/objects/scissors_consist_of_two_main_parts_blades_with_in/scissors_consist_of_two_main_parts_blades_with_in_000,/mnt/zsn/lyb/arti-skill/exp/Articulated-Object-Code/released_outputs/objects/scissors_consist_of_two_main_parts_blades_with_in/scissors_consist_of_two_main_parts_blades_with_in_000/generated.urdf,/mnt/zsn/data/particulate/datasets/Articulated-Object-Code/renders/uniform660_one_per_category_studio_256_v1/scissors_consist_of_two_main_parts_blades_with_in/scissors_consist_of_two_main_parts_blades_with_in_000/imgs/000.png,66826,e49d230fe994889a3c90bf623e0a66ea8872cccd1d8d187c9929a5f0efdf0b94,#42c94a
AR0509,scissors_main_comparision,scissors_main_comparision_001,508,/mnt/zsn/lyb/arti-skill/exp/Articulated-Object-Code/released_outputs/objects/scissors_main_comparision/scissors_main_comparision_001,/mnt/zsn/lyb/arti-skill/exp/Articulated-Object-Code/released_outputs/objects/scissors_main_comparision/scissors_main_comparision_001/generated.urdf,/mnt/zsn/data/particulate/datasets/Articulated-Object-Code/renders/uniform660_one_per_category_studio_256_v1/scissors_main_comparision/scissors_main_comparision_001/imgs/000.png,66562,fe6236eb931d147ac4b0c9d07b6f9d06495157485b423b3d3e754a8c0105888a,#c9395b
AR0510,scroll_saw_with_reciprocating_blade_and_table,scroll_saw_with_reciprocating_blade_and_table_000,509,/mnt/zsn/lyb/arti-skill/exp/Articulated-Object-Code/released_outputs/objects/scroll_saw_with_reciprocating_blade_and_table/scroll_saw_with_reciprocating_blade_and_table_000,/mnt/zsn/lyb/arti-skill/exp/Articulated-Object-Code/released_outputs/objects/scroll_saw_with_reciprocating_blade_and_table/scroll_saw_with_reciprocating_blade_and_table_000/generated.urdf,/mnt/zsn/data/particulate/datasets/Articulated-Object-Code/renders/uniform660_one_per_category_studio_256_v1/scroll_saw_with_reciprocating_blade_and_table/scroll_saw_with_reciprocating_blade_and_table_000/imgs/000.png,73528,1e57eb1ccd0707d8569aa8ddfbf1d175dc6e1fab2a510eaf8442af3c215e0d60,#3080c9
AR0511,sectional_garage_door_with_track,sectional_garage_door_with_track_000,510,/mnt/zsn/lyb/arti-skill/exp/Articulated-Object-Code/released_outputs/objects/sectional_garage_door_with_track/sectional_garage_door_with_track_000,/mnt/zsn/lyb/arti-skill/exp/Articulated-Object-Code/released_outputs/objects/sectional_garage_door_with_track/sectional_garage_door_with_track_000/generated.urdf,/mnt/zsn/data/particulate/datasets/Articulated-Object-Code/renders/uniform660_one_per_category_studio_256_v1/sectional_garage_door_with_track/sectional_garage_door_with_track_000/imgs/000.png,69671,b78dd49fcd962f0fc6ec73bbc7a17392d91c33b6ccf36c0af6f579bae56a3af8,#c2da5b
AR0512,sectional_garage_door_with_track_system,sectional_garage_door_with_track_system_000,511,/mnt/zsn/lyb/arti-skill/exp/Articulated-Object-Code/released_outputs/objects/sectional_garage_door_with_track_system/sectional_garage_door_with_track_system_000,/mnt/zsn/lyb/arti-skill/exp/Articulated-Object-Code/released_outputs/objects/sectional_garage_door_with_track_system/sectional_garage_door_with_track_system_000/generated.urdf,/mnt/zsn/data/particulate/datasets/Articulated-Object-Code/renders/uniform660_one_per_category_studio_256_v1/sectional_garage_door_with_track_system/sectional_garage_door_with_track_system_000/imgs/000.png,71313,1070d181687c5b304bd7a2c215e15e378fcc42be76bfbd6e9507b2d1ff47ba3a,#cb52da
AR0513,security_door_featuring_multi_point_locking,security_door_featuring_multi_point_locking_003,512,/mnt/zsn/lyb/arti-skill/exp/Articulated-Object-Code/released_outputs/objects/security_door_featuring_multi_point_locking/security_door_featuring_multi_point_locking_003,/mnt/zsn/lyb/arti-skill/exp/Articulated-Object-Code/released_outputs/objects/security_door_featuring_multi_point_locking/security_door_featuring_multi_point_locking_003/generated.urdf,/mnt/zsn/data/particulate/datasets/Articulated-Object-Code/renders/uniform660_one_per_category_studio_256_v1/security_door_featuring_multi_point_locking/security_door_featuring_multi_point_locking_003/imgs/000.png,68561,bd470da5d4719d6740453510d8a9d70e0017e60194b80f2b8077b9827fb2f4cd,#48da9f
AR0514,security_door_featuring_multi_point_locking_and_re,security_door_featuring_multi_point_locking_and_re_000,513,/mnt/zsn/lyb/arti-skill/exp/Articulated-Object-Code/released_outputs/objects/security_door_featuring_multi_point_locking_and_re/security_door_featuring_multi_point_locking_and_re_000,/mnt/zsn/lyb/arti-skill/exp/Articulated-Object-Code/released_outputs/objects/security_door_featuring_multi_point_locking_and_re/security_door_featuring_multi_point_locking_and_re_000/generated.urdf,/mnt/zsn/data/particulate/datasets/Articulated-Object-Code/renders/uniform660_one_per_category_studio_256_v1/security_door_featuring_multi_point_locking_and_re/security_door_featuring_multi_point_locking_and_re_000/imgs/000.png,68811,37856208cbb055d12b021a0f1c2789e7c6e385832d4e7298fa2f49880e483996,#da6e3e
AR0515,sensor_controlled_microwave_with_automatic,sensor_controlled_microwave_with_automatic_000,514,/mnt/zsn/lyb/arti-skill/exp/Articulated-Object-Code/released_outputs/objects/sensor_controlled_microwave_with_automatic/sensor_controlled_microwave_with_automatic_000,/mnt/zsn/lyb/arti-skill/exp/Articulated-Object-Code/released_outputs/objects/sensor_controlled_microwave_with_automatic/sensor_controlled_microwave_with_automatic_000/generated.urdf,/mnt/zsn/data/particulate/datasets/Articulated-Object-Code/renders/uniform660_one_per_category_studio_256_v1/sensor_controlled_microwave_with_automatic/sensor_controlled_microwave_with_automatic_000/imgs/000.png,73234,f04b2d79bd45662a5bc5448490b3502bad426aacb2677c99f05613d84f9c41ad,#3734da
AR0516,sewing_machine_with_needle_mechanism_and_foot_pe,sewing_machine_with_needle_mechanism_and_foot_pe_000,515,/mnt/zsn/lyb/arti-skill/exp/Articulated-Object-Code/released_outputs/objects/sewing_machine_with_needle_mechanism_and_foot_pe/sewing_machine_with_needle_mechanism_and_foot_pe_000,/mnt/zsn/lyb/arti-skill/exp/Articulated-Object-Code/released_outputs/objects/sewing_machine_with_needle_mechanism_and_foot_pe/sewing_machine_with_needle_mechanism_and_foot_pe_000/generated.urdf,/mnt/zsn/data/particulate/datasets/Articulated-Object-Code/renders/uniform660_one_per_category_studio_256_v1/sewing_machine_with_needle_mechanism_and_foot_pe/sewing_machine_with_needle_mechanism_and_foot_pe_000/imgs/000.png,73275,c6a9c5d567e2c2de34db4dd007ddd2bea2c0c4e89146ce6c12c0bfd60fd38beb,#88eb63
AR0517,sheet_metal_nibbler_with_punch_mechanism,sheet_metal_nibbler_with_punch_mechanism_000,516,/mnt/zsn/lyb/arti-skill/exp/Articulated-Object-Code/released_outputs/objects/sheet_metal_nibbler_with_punch_mechanism/sheet_metal_nibbler_with_punch_mechanism_000,/mnt/zsn/lyb/arti-skill/exp/Articulated-Object-Code/released_outputs/objects/sheet_metal_nibbler_with_punch_mechanism/sheet_metal_nibbler_with_punch_mechanism_000/generated.urdf,/mnt/zsn/data/particulate/datasets/Articulated-Object-Code/renders/uniform660_one_per_category_studio_256_v1/sheet_metal_nibbler_with_punch_mechanism/sheet_metal_nibbler_with_punch_mechanism_000/imgs/000.png,70815,9eb068604f3ad5339a3f74794464f02fd64a6829b7bc3434cf11249b7c3cd2c8,#eb58ab
AR0518,similar_to_a_house_door,similar_to_a_house_door_010,517,/mnt/zsn/lyb/arti-skill/exp/Articulated-Object-Code/released_outputs/objects/similar_to_a_house_door/similar_to_a_house_door_010,/mnt/zsn/lyb/arti-skill/exp/Articulated-Object-Code/released_outputs/objects/similar_to_a_house_door/similar_to_a_house_door_010/generated.urdf,/mnt/zsn/data/particulate/datasets/Articulated-Object-Code/renders/uniform660_one_per_category_studio_256_v1/similar_to_a_house_door/similar_to_a_house_door_010/imgs/000.png,68975,3fd0f720c2c9591d6aaa79e0f710c49e965065630a015b25586da4e5431fc88a,#4dd4eb
AR0519,similar_to_a_house_door_but_smaller_a_cabinet_doo,similar_to_a_house_door_but_smaller_a_cabinet_doo_000,518,/mnt/zsn/lyb/arti-skill/exp/Articulated-Object-Code/released_outputs/objects/similar_to_a_house_door_but_smaller_a_cabinet_doo/similar_to_a_house_door_but_smaller_a_cabinet_doo_000,/mnt/zsn/lyb/arti-skill/exp/Articulated-Object-Code/released_outputs/objects/similar_to_a_house_door_but_smaller_a_cabinet_doo/similar_to_a_house_door_but_smaller_a_cabinet_doo_000/generated.urdf,/mnt/zsn/data/particulate/datasets/Articulated-Object-Code/renders/uniform660_one_per_category_studio_256_v1/similar_to_a_house_door_but_smaller_a_cabinet_doo/similar_to_a_house_door_but_smaller_a_cabinet_doo_000/imgs/000.png,74366,c5a7217e8f2fbc3782c067e0db43fe2b23059a0065f0626e8f60027ae87fca09,#ebd143
AR0520,slide_projector_with_carousel_tray_mechanism,slide_projector_with_carousel_tray_mechanism_000,519,/mnt/zsn/lyb/arti-skill/exp/Articulated-Object-Code/released_outputs/objects/slide_projector_with_carousel_tray_mechanism/slide_projector_with_carousel_tray_mechanism_000,/mnt/zsn/lyb/arti-skill/exp/Articulated-Object-Code/released_outputs/objects/slide_projector_with_carousel_tray_mechanism/slide_projector_with_carousel_tray_mechanism_000/generated.urdf,/mnt/zsn/data/particulate/datasets/Articulated-Object-Code/renders/uniform660_one_per_category_studio_256_v1/slide_projector_with_carousel_tray_mechanism/slide_projector_with_carousel_tray_mechanism_000/imgs/000.png,71730,cf07f7fa5a791f600d0d162f6c4d63093c89ccab5a3fca6ce9089f2bf48b8a92,#9c38eb
AR0521,sliding_barn_door_with_top_rail_trolley,sliding_barn_door_with_top_rail_trolley_000,520,/mnt/zsn/lyb/arti-skill/exp/Articulated-Object-Code/released_outputs/objects/sliding_barn_door_with_top_rail_trolley/sliding_barn_door_with_top_rail_trolley_000,/mnt/zsn/lyb/arti-skill/exp/Articulated-Object-Code/released_outputs/objects/sliding_barn_door_with_top_rail_trolley/sliding_barn_door_with_top_rail_trolley_000/generated.urdf,/mnt/zsn/data/particulate/datasets/Articulated-Object-Code/renders/uniform660_one_per_category_studio_256_v1/sliding_barn_door_with_top_rail_trolley/sliding_barn_door_with_top_rail_trolley_000/imgs/000.png,67022,935daead57d5d150f6f013382955ccc7d02b5897348a5a352af43f3db75971da,#4db869
AR0522,smart_toilet_featuring_automatic_flushing,smart_toilet_featuring_automatic_flushing_001,521,/mnt/zsn/lyb/arti-skill/exp/Articulated-Object-Code/released_outputs/objects/smart_toilet_featuring_automatic_flushing/smart_toilet_featuring_automatic_flushing_001,/mnt/zsn/lyb/arti-skill/exp/Articulated-Object-Code/released_outputs/objects/smart_toilet_featuring_automatic_flushing/smart_toilet_featuring_automatic_flushing_001/generated.urdf,/mnt/zsn/data/particulate/datasets/Articulated-Object-Code/renders/uniform660_one_per_category_studio_256_v1/smart_toilet_featuring_automatic_flushing/smart_toilet_featuring_automatic_flushing_001/imgs/000.png,71054,5077f1e7c7c6f12404e0aa904cbbe90986301c4ab36cbade21fa3f116bdbd167,#b84548
AR0523,smart_toilet_featuring_automatic_flushing_and_bide,smart_toilet_featuring_automatic_flushing_and_bide_000,522,/mnt/zsn/lyb/arti-skill/exp/Articulated-Object-Code/released_outputs/objects/smart_toilet_featuring_automatic_flushing_and_bide/smart_toilet_featuring_automatic_flushing_and_bide_000,/mnt/zsn/lyb/arti-skill/exp/Articulated-Object-Code/released_outputs/objects/smart_toilet_featuring_automatic_flushing_and_bide/smart_toilet_featuring_automatic_flushing_and_bide_000/generated.urdf,/mnt/zsn/data/particulate/datasets/Articulated-Object-Code/renders/uniform660_one_per_category_studio_256_v1/smart_toilet_featuring_automatic_flushing_and_bide/smart_toilet_featuring_automatic_flushing_and_bide_000/imgs/000.png,74359,5873cecf246e82fcccf8f64df6b7f043ab87605ad8fc026da5306f77df1e06f7,#3d64b8
AR0524,socket_wrench_set_includes,socket_wrench_set_includes_007,523,/mnt/zsn/lyb/arti-skill/exp/Articulated-Object-Code/released_outputs/objects/socket_wrench_set_includes/socket_wrench_set_includes_007,/mnt/zsn/lyb/arti-skill/exp/Articulated-Object-Code/released_outputs/objects/socket_wrench_set_includes/socket_wrench_set_includes_007/generated.urdf,/mnt/zsn/data/particulate/datasets/Articulated-Object-Code/renders/uniform660_one_per_category_studio_256_v1/socket_wrench_set_includes/socket_wrench_set_includes_007/imgs/000.png,67029,649d5e82f6877590b53a0fc978d7f5a642b3bf201fc31486fb5bf04558c878e4,#84b834
AR0525,socket_wrench_set_includes_a_handle_often_with,socket_wrench_set_includes_a_handle_often_with_000,524,/mnt/zsn/lyb/arti-skill/exp/Articulated-Object-Code/released_outputs/objects/socket_wrench_set_includes_a_handle_often_with/socket_wrench_set_includes_a_handle_often_with_000,/mnt/zsn/lyb/arti-skill/exp/Articulated-Object-Code/released_outputs/objects/socket_wrench_set_includes_a_handle_often_with/socket_wrench_set_includes_a_handle_often_with_000/generated.urdf,/mnt/zsn/data/particulate/datasets/Articulated-Object-Code/renders/uniform660_one_per_category_studio_256_v1/socket_wrench_set_includes_a_handle_often_with/socket_wrench_set_includes_a_handle_often_with_000/imgs/000.png,70371,e67d3900e0e20eb4b6890782004bc0f06b100337503325e24807ca64beeb8ccf,#b82caa
AR0526,socket_wrench_set_includes_a_handle_with_ratchet,socket_wrench_set_includes_a_handle_with_ratchet_000,525,/mnt/zsn/lyb/arti-skill/exp/Articulated-Object-Code/released_outputs/objects/socket_wrench_set_includes_a_handle_with_ratchet/socket_wrench_set_includes_a_handle_with_ratchet_000,/mnt/zsn/lyb/arti-skill/exp/Articulated-Object-Code/released_outputs/objects/socket_wrench_set_includes_a_handle_with_ratchet/socket_wrench_set_includes_a_handle_with_ratchet_000/generated.urdf,/mnt/zsn/data/particulate/datasets/Articulated-Object-Code/renders/uniform660_one_per_category_studio_256_v1/socket_wrench_set_includes_a_handle_with_ratchet/socket_wrench_set_includes_a_handle_with_ratchet_000/imgs/000.png,70222,0f209e91dd7d8fe5542584a6729f8c5f6c26c9eaf969237635d2607d496519c8,#54c9b2
AR0527,solid_wood_dining_table,solid_wood_dining_table_000,526,/mnt/zsn/lyb/arti-skill/exp/Articulated-Object-Code/released_outputs/objects/solid_wood_dining_table/solid_wood_dining_table_000,/mnt/zsn/lyb/arti-skill/exp/Articulated-Object-Code/released_outputs/objects/solid_wood_dining_table/solid_wood_dining_table_000/generated.urdf,/mnt/zsn/data/particulate/datasets/Articulated-Object-Code/renders/uniform660_one_per_category_studio_256_v1/solid_wood_dining_table/solid_wood_dining_table_000/imgs/000.png,77295,08a55d773ab196cd039d7c4930fc381506f7690034f7044f45e19d67aa88451e,#c98c4b
AR0528,solid_wood_dining_table_with_a_rectangular_top_s,solid_wood_dining_table_with_a_rectangular_top_s_000,527,/mnt/zsn/lyb/arti-skill/exp/Articulated-Object-Code/released_outputs/objects/solid_wood_dining_table_with_a_rectangular_top_s/solid_wood_dining_table_with_a_rectangular_top_s_000,/mnt/zsn/lyb/arti-skill/exp/Articulated-Object-Code/released_outputs/objects/solid_wood_dining_table_with_a_rectangular_top_s/solid_wood_dining_table_with_a_rectangular_top_s_000/generated.urdf,/mnt/zsn/data/particulate/datasets/Articulated-Object-Code/renders/uniform660_one_per_category_studio_256_v1/solid_wood_dining_table_with_a_rectangular_top_s/solid_wood_dining_table_with_a_rectangular_top_s_000/imgs/000.png,76158,0193a7ec7e49503b7365bfa1697a052a7fb8b84927f4cb0ace67f635eedc0591,#6042c9
AR0529,solid_wood_door_with,solid_wood_door_with_000,528,/mnt/zsn/lyb/arti-skill/exp/Articulated-Object-Code/released_outputs/objects/solid_wood_door_with/solid_wood_door_with_000,/mnt/zsn/lyb/arti-skill/exp/Articulated-Object-Code/released_outputs/objects/solid_wood_door_with/solid_wood_door_with_000/generated.urdf,/mnt/zsn/data/particulate/datasets/Articulated-Object-Code/renders/uniform660_one_per_category_studio_256_v1/solid_wood_door_with/solid_wood_door_with_000/imgs/000.png,75170,5608f685a57f323b659ca2ce92c5a2c87f4eedd59ac6d14ebf5d22a25d20cdb3,#43c939
AR0530,sophisticated_excavator_arm_featuring,sophisticated_excavator_arm_featuring_000,529,/mnt/zsn/lyb/arti-skill/exp/Articulated-Object-Code/released_outputs/objects/sophisticated_excavator_arm_featuring/sophisticated_excavator_arm_featuring_000,/mnt/zsn/lyb/arti-skill/exp/Articulated-Object-Code/released_outputs/objects/sophisticated_excavator_arm_featuring/sophisticated_excavator_arm_featuring_000/generated.urdf,/mnt/zsn/data/particulate/datasets/Articulated-Object-Code/renders/uniform660_one_per_category_studio_256_v1/sophisticated_excavator_arm_featuring/sophisticated_excavator_arm_featuring_000/imgs/000.png,68714,01ac56798ef6d4024a1a8d8784c5d5fb0fb8958372c9b31edf549bebce3a343a,#c93067
AR0531,spinning_wheel_with_treadle_and_flyer,spinning_wheel_with_treadle_and_flyer_000,530,/mnt/zsn/lyb/arti-skill/exp/Articulated-Object-Code/released_outputs/objects/spinning_wheel_with_treadle_and_flyer/spinning_wheel_with_treadle_and_flyer_000,/mnt/zsn/lyb/arti-skill/exp/Articulated-Object-Code/released_outputs/objects/spinning_wheel_with_treadle_and_flyer/spinning_wheel_with_treadle_and_flyer_000/generated.urdf,/mnt/zsn/data/particulate/datasets/Articulated-Object-Code/renders/uniform660_one_per_category_studio_256_v1/spinning_wheel_with_treadle_and_flyer/spinning_wheel_with_treadle_and_flyer_000/imgs/000.png,73942,3f471e3a7fc388aa25f4f75efe8268bde2d2b6d7fc1ad1819ad2434b971cfaaa,#5baeda
AR0532,sport_motorcycle_with_adjustable_suspension,sport_motorcycle_with_adjustable_suspension_001,531,/mnt/zsn/lyb/arti-skill/exp/Articulated-Object-Code/released_outputs/objects/sport_motorcycle_with_adjustable_suspension/sport_motorcycle_with_adjustable_suspension_001,/mnt/zsn/lyb/arti-skill/exp/Articulated-Object-Code/released_outputs/objects/sport_motorcycle_with_adjustable_suspension/sport_motorcycle_with_adjustable_suspension_001/generated.urdf,/mnt/zsn/data/particulate/datasets/Articulated-Object-Code/renders/uniform660_one_per_category_studio_256_v1/sport_motorcycle_with_adjustable_suspension/sport_motorcycle_with_adjustable_suspension_001/imgs/000.png,70958,69b0249cad20e44612afb60325688fd521f20ec4778f17f4c9fafa4945e8b68d,#d2da52
AR0533,spring_loaded_clothespin_for_hanging_laundry,spring_loaded_clothespin_for_hanging_laundry_000,532,/mnt/zsn/lyb/arti-skill/exp/Articulated-Object-Code/released_outputs/objects/spring_loaded_clothespin_for_hanging_laundry/spring_loaded_clothespin_for_hanging_laundry_000,/mnt/zsn/lyb/arti-skill/exp/Articulated-Object-Code/released_outputs/objects/spring_loaded_clothespin_for_hanging_laundry/spring_loaded_clothespin_for_hanging_laundry_000/generated.urdf,/mnt/zsn/data/particulate/datasets/Articulated-Object-Code/renders/uniform660_one_per_category_studio_256_v1/spring_loaded_clothespin_for_hanging_laundry/spring_loaded_clothespin_for_hanging_laundry_000/imgs/000.png,69752,9b0af741bb1b6c8c21b3dd56d419ad150af39c662c84e21ee7601c2611a686f1,#b748da
AR0534,spring_type_clothespin_consists_of,spring_type_clothespin_consists_of_011,533,/mnt/zsn/lyb/arti-skill/exp/Articulated-Object-Code/released_outputs/objects/spring_type_clothespin_consists_of/spring_type_clothespin_consists_of_011,/mnt/zsn/lyb/arti-skill/exp/Articulated-Object-Code/released_outputs/objects/spring_type_clothespin_consists_of/spring_type_clothespin_consists_of_011/generated.urdf,/mnt/zsn/data/particulate/datasets/Articulated-Object-Code/renders/uniform660_one_per_category_studio_256_v1/spring_type_clothespin_consists_of/spring_type_clothespin_consists_of_011/imgs/000.png,66677,dbd39253b8b96c7ad2ea6f2648fab2896fb369d509a3e0717e6eee6d08326f47,#3eda88
AR0535,spring_type_clothespin_consists_of_two_identical,spring_type_clothespin_consists_of_two_identical_000,534,/mnt/zsn/lyb/arti-skill/exp/Articulated-Object-Code/released_outputs/objects/spring_type_clothespin_consists_of_two_identical/spring_type_clothespin_consists_of_two_identical_000,/mnt/zsn/lyb/arti-skill/exp/Articulated-Object-Code/released_outputs/objects/spring_type_clothespin_consists_of_two_identical/spring_type_clothespin_consists_of_two_identical_000/generated.urdf,/mnt/zsn/data/particulate/datasets/Articulated-Object-Code/renders/uniform660_one_per_category_studio_256_v1/spring_type_clothespin_consists_of_two_identical/spring_type_clothespin_consists_of_two_identical_000/imgs/000.png,69452,eb970a8d68044ef20ec2242ea2abd8327b60364f642e59a5e6455c194fe1624f,#da5234
AR0536,stainless_steel_caliper_with,stainless_steel_caliper_with_000,535,/mnt/zsn/lyb/arti-skill/exp/Articulated-Object-Code/released_outputs/objects/stainless_steel_caliper_with/stainless_steel_caliper_with_000,/mnt/zsn/lyb/arti-skill/exp/Articulated-Object-Code/released_outputs/objects/stainless_steel_caliper_with/stainless_steel_caliper_with_000/generated.urdf,/mnt/zsn/data/particulate/datasets/Articulated-Object-Code/renders/uniform660_one_per_category_studio_256_v1/stainless_steel_caliper_with/stainless_steel_caliper_with_000/imgs/000.png,67235,20cd26b37ad3e2393ac14a3b7381f25cb40ce1eae0326fbabf9af799cf9f6915,#6372eb
AR0537,stainless_steel_dishwasher_with_fold_down,stainless_steel_dishwasher_with_fold_down_000,536,/mnt/zsn/lyb/arti-skill/exp/Articulated-Object-Code/released_outputs/objects/stainless_steel_dishwasher_with_fold_down/stainless_steel_dishwasher_with_fold_down_000,/mnt/zsn/lyb/arti-skill/exp/Articulated-Object-Code/released_outputs/objects/stainless_steel_dishwasher_with_fold_down/stainless_steel_dishwasher_with_fold_down_000/generated.urdf,/mnt/zsn/data/particulate/datasets/Articulated-Object-Code/renders/uniform660_one_per_category_studio_256_v1/stainless_steel_dishwasher_with_fold_down/stainless_steel_dishwasher_with_fold_down_000/imgs/000.png,76106,500877cbbac36fff99bfcd14af4962492c4f3c5f55ea710701a14fab986a8f81,#93eb58
AR0538,stainless_steel_medicine_cabinet,stainless_steel_medicine_cabinet_000,537,/mnt/zsn/lyb/arti-skill/exp/Articulated-Object-Code/released_outputs/objects/stainless_steel_medicine_cabinet/stainless_steel_medicine_cabinet_000,/mnt/zsn/lyb/arti-skill/exp/Articulated-Object-Code/released_outputs/objects/stainless_steel_medicine_cabinet/stainless_steel_medicine_cabinet_000/generated.urdf,/mnt/zsn/data/particulate/datasets/Articulated-Object-Code/renders/uniform660_one_per_category_studio_256_v1/stainless_steel_medicine_cabinet/stainless_steel_medicine_cabinet_000/imgs/000.png,75909,d041465b00938882b7ca708aa060caa75ce180028e983fb84011d2458ccfa3e0,#eb4dbb
AR0539,stainless_steel_medicine_cabinet_with_magnetic_d,stainless_steel_medicine_cabinet_with_magnetic_d_000,538,/mnt/zsn/lyb/arti-skill/exp/Articulated-Object-Code/released_outputs/objects/stainless_steel_medicine_cabinet_with_magnetic_d/stainless_steel_medicine_cabinet_with_magnetic_d_000,/mnt/zsn/lyb/arti-skill/exp/Articulated-Object-Code/released_outputs/objects/stainless_steel_medicine_cabinet_with_magnetic_d/stainless_steel_medicine_cabinet_with_magnetic_d_000/generated.urdf,/mnt/zsn/data/particulate/datasets/Articulated-Object-Code/renders/uniform660_one_per_category_studio_256_v1/stainless_steel_medicine_cabinet_with_magnetic_d/stainless_steel_medicine_cabinet_with_magnetic_d_000/imgs/000.png,70181,43e7dc220490607afda13504dd451a2746f2d07189cc1b94bdc7516eb4860136,#43e8eb
AR0540,stainless_steel_refrigerator_with,stainless_steel_refrigerator_with_001,539,/mnt/zsn/lyb/arti-skill/exp/Articulated-Object-Code/released_outputs/objects/stainless_steel_refrigerator_with/stainless_steel_refrigerator_with_001,/mnt/zsn/lyb/arti-skill/exp/Articulated-Object-Code/released_outputs/objects/stainless_steel_refrigerator_with/stainless_steel_refrigerator_with_001/generated.urdf,/mnt/zsn/data/particulate/datasets/Articulated-Object-Code/renders/uniform660_one_per_category_studio_256_v1/stainless_steel_refrigerator_with/stainless_steel_refrigerator_with_001/imgs/000.png,72526,624a93ab5d9dfab86eeacf79b37c94eb32822898f4fa7be8e52b5ad83f7bebd7,#ebb938
AR0541,stainless_steel_refrigerator_with_water_dispense,stainless_steel_refrigerator_with_water_dispense_000,540,/mnt/zsn/lyb/arti-skill/exp/Articulated-Object-Code/released_outputs/objects/stainless_steel_refrigerator_with_water_dispense/stainless_steel_refrigerator_with_water_dispense_000,/mnt/zsn/lyb/arti-skill/exp/Articulated-Object-Code/released_outputs/objects/stainless_steel_refrigerator_with_water_dispense/stainless_steel_refrigerator_with_water_dispense_000/generated.urdf,/mnt/zsn/data/particulate/datasets/Articulated-Object-Code/renders/uniform660_one_per_category_studio_256_v1/stainless_steel_refrigerator_with_water_dispense/stainless_steel_refrigerator_with_water_dispense_000/imgs/000.png,74582,7e784ef425598974547108d5fd111e1aa412c58c5eb568a2563be90c61b14422,#7b4db8
AR0542,stand_mixer_with_planetary_mixing,stand_mixer_with_planetary_mixing_000,541,/mnt/zsn/lyb/arti-skill/exp/Articulated-Object-Code/released_outputs/objects/stand_mixer_with_planetary_mixing/stand_mixer_with_planetary_mixing_000,/mnt/zsn/lyb/arti-skill/exp/Articulated-Object-Code/released_outputs/objects/stand_mixer_with_planetary_mixing/stand_mixer_with_planetary_mixing_000/generated.urdf,/mnt/zsn/data/particulate/datasets/Articulated-Object-Code/renders/uniform660_one_per_category_studio_256_v1/stand_mixer_with_planetary_mixing/stand_mixer_with_planetary_mixing_000/imgs/000.png,77119,ba33dfc277ff5ffaa441161c13f7f7886736d2e4dedf91dce9bcab079ed65699,#45b855
AR0543,stand_mixer_with_planetary_mixing_action,stand_mixer_with_planetary_mixing_action_000,542,/mnt/zsn/lyb/arti-skill/exp/Articulated-Object-Code/released_outputs/objects/stand_mixer_with_planetary_mixing_action/stand_mixer_with_planetary_mixing_action_000,/mnt/zsn/lyb/arti-skill/exp/Articulated-Object-Code/released_outputs/objects/stand_mixer_with_planetary_mixing_action/stand_mixer_with_planetary_mixing_action_000/generated.urdf,/mnt/zsn/data/particulate/datasets/Articulated-Object-Code/renders/uniform660_one_per_category_studio_256_v1/stand_mixer_with_planetary_mixing_action/stand_mixer_with_planetary_mixing_action_000/imgs/000.png,73257,f4c23229957b2c2a35f376ffa025a478f908c76a50edd823ea43dc0ad9bb275f,#b83d4f
AR0544,standard_stapler_has_a,standard_stapler_has_a_003,543,/mnt/zsn/lyb/arti-skill/exp/Articulated-Object-Code/released_outputs/objects/standard_stapler_has_a/standard_stapler_has_a_003,/mnt/zsn/lyb/arti-skill/exp/Articulated-Object-Code/released_outputs/objects/standard_stapler_has_a/standard_stapler_has_a_003/generated.urdf,/mnt/zsn/data/particulate/datasets/Articulated-Object-Code/renders/uniform660_one_per_category_studio_256_v1/standard_stapler_has_a/standard_stapler_has_a_003/imgs/000.png,70305,c8b0998b3106a78228c4842cb1b8a45523881ea929fe06e06c84d767af697e37,#346fb8
AR0545,standard_stapler_has_a_base_a_magazine_arm_asse,standard_stapler_has_a_base_a_magazine_arm_asse_000,544,/mnt/zsn/lyb/arti-skill/exp/Articulated-Object-Code/released_outputs/objects/standard_stapler_has_a_base_a_magazine_arm_asse/standard_stapler_has_a_base_a_magazine_arm_asse_000,/mnt/zsn/lyb/arti-skill/exp/Articulated-Object-Code/released_outputs/objects/standard_stapler_has_a_base_a_magazine_arm_asse/standard_stapler_has_a_base_a_magazine_arm_asse_000/generated.urdf,/mnt/zsn/data/particulate/datasets/Articulated-Object-Code/renders/uniform660_one_per_category_studio_256_v1/standard_stapler_has_a_base_a_magazine_arm_asse/standard_stapler_has_a_base_a_magazine_arm_asse_000/imgs/000.png,71314,008a092f984ea34539f49e8a02366942b6a45227ea945dcd4d0b7fa4c6af2366,#93b82c
AR0546,standing_desk_with_motorized_height_adjustment,standing_desk_with_motorized_height_adjustment_000,545,/mnt/zsn/lyb/arti-skill/exp/Articulated-Object-Code/released_outputs/objects/standing_desk_with_motorized_height_adjustment/standing_desk_with_motorized_height_adjustment_000,/mnt/zsn/lyb/arti-skill/exp/Articulated-Object-Code/released_outputs/objects/standing_desk_with_motorized_height_adjustment/standing_desk_with_motorized_height_adjustment_000/generated.urdf,/mnt/zsn/data/particulate/datasets/Articulated-Object-Code/renders/uniform660_one_per_category_studio_256_v1/standing_desk_with_motorized_height_adjustment/standing_desk_with_motorized_height_adjustment_000/imgs/000.png,72332,dec8b2f01255b0111cfd8f925d0d6a5dfa76d42927fedf87f5bc4e2656f521d8,#c554c9
AR0547,stapler,stapler_030,546,/mnt/zsn/lyb/arti-skill/exp/Articulated-Object-Code/released_outputs/objects/stapler/stapler_030,/mnt/zsn/lyb/arti-skill/exp/Articulated-Object-Code/released_outputs/objects/stapler/stapler_030/generated.urdf,/mnt/zsn/data/particulate/datasets/Articulated-Object-Code/renders/uniform660_one_per_category_studio_256_v1/stapler/stapler_030/imgs/000.png,67797,83f0c51e63444a09d8ac31ba3ab5663af8594857dae1dd65c3ad6fecb58335d3,#4bc9a0
AR0548,steering_rack_and_pinion_assembly,steering_rack_and_pinion_assembly_000,547,/mnt/zsn/lyb/arti-skill/exp/Articulated-Object-Code/released_outputs/objects/steering_rack_and_pinion_assembly/steering_rack_and_pinion_assembly_000,/mnt/zsn/lyb/arti-skill/exp/Articulated-Object-Code/released_outputs/objects/steering_rack_and_pinion_assembly/steering_rack_and_pinion_assembly_000/generated.urdf,/mnt/zsn/data/particulate/datasets/Articulated-Object-Code/renders/uniform660_one_per_category_studio_256_v1/steering_rack_and_pinion_assembly/steering_rack_and_pinion_assembly_000/imgs/000.png,66206,881d03d46033764de93165d438b134bb029f4b372a87ea153edffec6d430786a,#c97642
AR0549,step,step_001,548,/mnt/zsn/lyb/arti-skill/exp/Articulated-Object-Code/released_outputs/objects/step/step_001,/mnt/zsn/lyb/arti-skill/exp/Articulated-Object-Code/released_outputs/objects/step/step_001/generated.urdf,/mnt/zsn/data/particulate/datasets/Articulated-Object-Code/renders/uniform660_one_per_category_studio_256_v1/step/step_001/imgs/000.png,73334,7f1648740adf3e653d092ce2202906cae5bd406428c929fbb1c8699580ccd768,#4739c9
AR0550,step1_a_cabinet_with_a_drawer,step1_a_cabinet_with_a_drawer_000,549,/mnt/zsn/lyb/arti-skill/exp/Articulated-Object-Code/released_outputs/objects/step1_a_cabinet_with_a_drawer/step1_a_cabinet_with_a_drawer_000,/mnt/zsn/lyb/arti-skill/exp/Articulated-Object-Code/released_outputs/objects/step1_a_cabinet_with_a_drawer/step1_a_cabinet_with_a_drawer_000/generated.urdf,/mnt/zsn/data/particulate/datasets/Articulated-Object-Code/renders/uniform660_one_per_category_studio_256_v1/step1_a_cabinet_with_a_drawer/step1_a_cabinet_with_a_drawer_000/imgs/000.png,72412,e75e668575df38eae5471a9b5753a4d04a1c2e58cd72f631d9c43e99d717da96,#4ec930
AR0551,step4_a_cabinet_with_five_drawers,step4_a_cabinet_with_five_drawers_000,550,/mnt/zsn/lyb/arti-skill/exp/Articulated-Object-Code/released_outputs/objects/step4_a_cabinet_with_five_drawers/step4_a_cabinet_with_five_drawers_000,/mnt/zsn/lyb/arti-skill/exp/Articulated-Object-Code/released_outputs/objects/step4_a_cabinet_with_five_drawers/step4_a_cabinet_with_five_drawers_000/generated.urdf,/mnt/zsn/data/particulate/datasets/Articulated-Object-Code/renders/uniform660_one_per_category_studio_256_v1/step4_a_cabinet_with_five_drawers/step4_a_cabinet_with_five_drawers_000/imgs/000.png,71178,d69968103d0d516778b345377131ff4b9b337cd11077bebf2b10c9cd78a05bf6,#da5b99
AR0552,storage,storage_001,551,/mnt/zsn/lyb/arti-skill/exp/Articulated-Object-Code/released_outputs/objects/storage/storage_001,/mnt/zsn/lyb/arti-skill/exp/Articulated-Object-Code/released_outputs/objects/storage/storage_001/generated.urdf,/mnt/zsn/data/particulate/datasets/Articulated-Object-Code/renders/uniform660_one_per_category_studio_256_v1/storage/storage_001/imgs/000.png,72415,87cd351946683d18b3be171fed531418e95853706f9d04adf821404f87859ce3,#52bcda
AR0553,storage_cabinet_with_multiple,storage_cabinet_with_multiple_002,552,/mnt/zsn/lyb/arti-skill/exp/Articulated-Object-Code/released_outputs/objects/storage_cabinet_with_multiple/storage_cabinet_with_multiple_002,/mnt/zsn/lyb/arti-skill/exp/Articulated-Object-Code/released_outputs/objects/storage_cabinet_with_multiple/storage_cabinet_with_multiple_002/generated.urdf,/mnt/zsn/data/particulate/datasets/Articulated-Object-Code/renders/uniform660_one_per_category_studio_256_v1/storage_cabinet_with_multiple/storage_cabinet_with_multiple_002/imgs/000.png,70780,50fedd78f7def97268763a6b7dc925b38ac7bf31f928e5806818d68974d9e797,#dacf48
AR0554,storage_cabinet_with_multiple_compartments_and_a,storage_cabinet_with_multiple_compartments_and_a_000,553,/mnt/zsn/lyb/arti-skill/exp/Articulated-Object-Code/released_outputs/objects/storage_cabinet_with_multiple_compartments_and_a/storage_cabinet_with_multiple_compartments_and_a_000,/mnt/zsn/lyb/arti-skill/exp/Articulated-Object-Code/released_outputs/objects/storage_cabinet_with_multiple_compartments_and_a/storage_cabinet_with_multiple_compartments_and_a_000/generated.urdf,/mnt/zsn/data/particulate/datasets/Articulated-Object-Code/renders/uniform660_one_per_category_studio_256_v1/storage_cabinet_with_multiple_compartments_and_a/storage_cabinet_with_multiple_compartments_and_a_000/imgs/000.png,73251,46c82b5c893cbf9841b258fe50fa1e8cdcd97ca053c81ec4218a7076409f9426,#a13eda
AR0555,storage_furniture,storage_furniture_000,554,/mnt/zsn/lyb/arti-skill/exp/Articulated-Object-Code/released_outputs/objects/storage_furniture/storage_furniture_000,/mnt/zsn/lyb/arti-skill/exp/Articulated-Object-Code/released_outputs/objects/storage_furniture/storage_furniture_000/generated.urdf,/mnt/zsn/data/particulate/datasets/Articulated-Object-Code/renders/uniform660_one_per_category_studio_256_v1/storage_furniture/storage_furniture_000/imgs/000.png,71445,9da05e8225e47772354df559a2c283fc440ffd54971ae0bead1d7693a2fa60ca,#34da6d
AR0556,street_legal_golf_cart_featuring_headlights,street_legal_golf_cart_featuring_headlights_002,555,/mnt/zsn/lyb/arti-skill/exp/Articulated-Object-Code/released_outputs/objects/street_legal_golf_cart_featuring_headlights/street_legal_golf_cart_featuring_headlights_002,/mnt/zsn/lyb/arti-skill/exp/Articulated-Object-Code/released_outputs/objects/street_legal_golf_cart_featuring_headlights/street_legal_golf_cart_featuring_headlights_002/generated.urdf,/mnt/zsn/data/particulate/datasets/Articulated-Object-Code/renders/uniform660_one_per_category_studio_256_v1/street_legal_golf_cart_featuring_headlights/street_legal_golf_cart_featuring_headlights_002/imgs/000.png,74370,66a71ba05ee23d39f5c784d38e3c9106c93772c312ba6d47f4a8bc78ef152f1d,#eb6a63
AR0557,studio_lamp_with_precision,studio_lamp_with_precision_000,556,/mnt/zsn/lyb/arti-skill/exp/Articulated-Object-Code/released_outputs/objects/studio_lamp_with_precision/studio_lamp_with_precision_000,/mnt/zsn/lyb/arti-skill/exp/Articulated-Object-Code/released_outputs/objects/studio_lamp_with_precision/studio_lamp_with_precision_000/generated.urdf,/mnt/zsn/data/particulate/datasets/Articulated-Object-Code/renders/uniform660_one_per_category_studio_256_v1/studio_lamp_with_precision/studio_lamp_with_precision_000/imgs/000.png,69833,862ff227e8299851ce46dfcd228d81dc798c0268d76394f2bc857a237b9e9e74,#587beb
AR0558,sturdy_door_constructed_with,sturdy_door_constructed_with_000,557,/mnt/zsn/lyb/arti-skill/exp/Articulated-Object-Code/released_outputs/objects/sturdy_door_constructed_with/sturdy_door_constructed_with_000,/mnt/zsn/lyb/arti-skill/exp/Articulated-Object-Code/released_outputs/objects/sturdy_door_constructed_with/sturdy_door_constructed_with_000/generated.urdf,/mnt/zsn/data/particulate/datasets/Articulated-Object-Code/renders/uniform660_one_per_category_studio_256_v1/sturdy_door_constructed_with/sturdy_door_constructed_with_000/imgs/000.png,69865,e18422caa2981f59a72fde15e710df38ebaca84baa9aae635ee07b64c2b0e7f1,#a1eb4d
AR0559,suitcase,suitcase_000,558,/mnt/zsn/lyb/arti-skill/exp/Articulated-Object-Code/released_outputs/objects/suitcase/suitcase_000,/mnt/zsn/lyb/arti-skill/exp/Articulated-Object-Code/released_outputs/objects/suitcase/suitcase_000/generated.urdf,/mnt/zsn/data/particulate/datasets/Articulated-Object-Code/renders/uniform660_one_per_category_studio_256_v1/suitcase/suitcase_000/imgs/000.png,71314,819a2e112365ee6978a5cd46a47fe789d28eba153586d1ec721f34b9259f4267,#eb43cd
AR0560,suitcase_with_a_handle,suitcase_with_a_handle_013,559,/mnt/zsn/lyb/arti-skill/exp/Articulated-Object-Code/released_outputs/objects/suitcase_with_a_handle/suitcase_with_a_handle_013,/mnt/zsn/lyb/arti-skill/exp/Articulated-Object-Code/released_outputs/objects/suitcase_with_a_handle/suitcase_with_a_handle_013/generated.urdf,/mnt/zsn/data/particulate/datasets/Articulated-Object-Code/renders/uniform660_one_per_category_studio_256_v1/suitcase_with_a_handle/suitcase_with_a_handle_013/imgs/000.png,71922,6897a56539af6de9ebbab7e70843c0a35dfabb90b70b839cdeb0b64c7fb86a79,#38ebd6
AR0561,swing_set_comprises_a,swing_set_comprises_a_003,560,/mnt/zsn/lyb/arti-skill/exp/Articulated-Object-Code/released_outputs/objects/swing_set_comprises_a/swing_set_comprises_a_003,/mnt/zsn/lyb/arti-skill/exp/Articulated-Object-Code/released_outputs/objects/swing_set_comprises_a/swing_set_comprises_a_003/generated.urdf,/mnt/zsn/data/particulate/datasets/Articulated-Object-Code/renders/uniform660_one_per_category_studio_256_v1/swing_set_comprises_a/swing_set_comprises_a_003/imgs/000.png,69676,1e3230cf3cee9c4665655451e3ecabd061937e8a04350cba08f17734589027dc,#b88c4d
AR0562,swing_set_comprises_a_support_frame_and_swings_s,swing_set_comprises_a_support_frame_and_swings_s_000,561,/mnt/zsn/lyb/arti-skill/exp/Articulated-Object-Code/released_outputs/objects/swing_set_comprises_a_support_frame_and_swings_s/swing_set_comprises_a_support_frame_and_swings_s_000,/mnt/zsn/lyb/arti-skill/exp/Articulated-Object-Code/released_outputs/objects/swing_set_comprises_a_support_frame_and_swings_s/swing_set_comprises_a_support_frame_and_swings_s_000/generated.urdf,/mnt/zsn/data/particulate/datasets/Articulated-Object-Code/renders/uniform660_one_per_category_studio_256_v1/swing_set_comprises_a_support_frame_and_swings_s/swing_set_comprises_a_support_frame_and_swings_s_000/imgs/000.png,71110,76368da10db40a1f79f43941da43c92e1054e85e8d65f3fa3c9f9d4ca9e78173,#6845b8
AR0563,swiss_army_pocket_knife,swiss_army_pocket_knife_000,562,/mnt/zsn/lyb/arti-skill/exp/Articulated-Object-Code/released_outputs/objects/swiss_army_pocket_knife/swiss_army_pocket_knife_000,/mnt/zsn/lyb/arti-skill/exp/Articulated-Object-Code/released_outputs/objects/swiss_army_pocket_knife/swiss_army_pocket_knife_000/generated.urdf,/mnt/zsn/data/particulate/datasets/Articulated-Object-Code/renders/uniform660_one_per_category_studio_256_v1/swiss_army_pocket_knife/swiss_army_pocket_knife_000/imgs/000.png,68896,d3810e210d7406bc6a91c099afa852619f21c133716ae9c64eb60a681c23c79c,#3db83e
AR0564,swiss_army_pocket_knife_with_multiple_tools,swiss_army_pocket_knife_with_multiple_tools_000,563,/mnt/zsn/lyb/arti-skill/exp/Articulated-Object-Code/released_outputs/objects/swiss_army_pocket_knife_with_multiple_tools/swiss_army_pocket_knife_with_multiple_tools_000,/mnt/zsn/lyb/arti-skill/exp/Articulated-Object-Code/released_outputs/objects/swiss_army_pocket_knife_with_multiple_tools/swiss_army_pocket_knife_with_multiple_tools_000/generated.urdf,/mnt/zsn/data/particulate/datasets/Articulated-Object-Code/renders/uniform660_one_per_category_studio_256_v1/swiss_army_pocket_knife_with_multiple_tools/swiss_army_pocket_knife_with_multiple_tools_000/imgs/000.png,67451,d98567a636f2b72d284e8e7e07b5bac4c2266f381c16f6ab66148d06752e691e,#b83459
AR0565,switch,switch_000,564,/mnt/zsn/lyb/arti-skill/exp/Articulated-Object-Code/released_outputs/objects/switch/switch_000,/mnt/zsn/lyb/arti-skill/exp/Articulated-Object-Code/released_outputs/objects/switch/switch_000/generated.urdf,/mnt/zsn/data/particulate/datasets/Articulated-Object-Code/renders/uniform660_one_per_category_studio_256_v1/switch/switch_000/imgs/000.png,72855,7cec44e8b68115fe2580fdc3898ce6ec1423a03bcb1b9feb11d414b40a1ee022,#2c7cb8
AR0566,swivel_office_chair_that,swivel_office_chair_that_002,565,/mnt/zsn/lyb/arti-skill/exp/Articulated-Object-Code/released_outputs/objects/swivel_office_chair_that/swivel_office_chair_that_002,/mnt/zsn/lyb/arti-skill/exp/Articulated-Object-Code/released_outputs/objects/swivel_office_chair_that/swivel_office_chair_that_002/generated.urdf,/mnt/zsn/data/particulate/datasets/Articulated-Object-Code/renders/uniform660_one_per_category_studio_256_v1/swivel_office_chair_that/swivel_office_chair_that_002/imgs/000.png,74034,476de14c32b4c4e7416cee83bdf738b8660be76fd68d9603a1ac88a85ec1ccef,#b9c954
AR0567,t_square_drafting_ruler,t_square_drafting_ruler_000,566,/mnt/zsn/lyb/arti-skill/exp/Articulated-Object-Code/released_outputs/objects/t_square_drafting_ruler/t_square_drafting_ruler_000,/mnt/zsn/lyb/arti-skill/exp/Articulated-Object-Code/released_outputs/objects/t_square_drafting_ruler/t_square_drafting_ruler_000/generated.urdf,/mnt/zsn/data/particulate/datasets/Articulated-Object-Code/renders/uniform660_one_per_category_studio_256_v1/t_square_drafting_ruler/t_square_drafting_ruler_000/imgs/000.png,65175,e4ba37d005f73bf02e4c3262e0d2d84fbef78e98df9e8598a21b85e2c0ff6624,#b54bc9
AR0568,table_with_some_cabinets,table_with_some_cabinets_000,567,/mnt/zsn/lyb/arti-skill/exp/Articulated-Object-Code/released_outputs/objects/table_with_some_cabinets/table_with_some_cabinets_000,/mnt/zsn/lyb/arti-skill/exp/Articulated-Object-Code/released_outputs/objects/table_with_some_cabinets/table_with_some_cabinets_000/generated.urdf,/mnt/zsn/data/particulate/datasets/Articulated-Object-Code/renders/uniform660_one_per_category_studio_256_v1/table_with_some_cabinets/table_with_some_cabinets_000/imgs/000.png,72884,c9ee48ece0c94180db3c44bc14475232588946f393c51628d7a34652cdc3316f,#42c98c
AR0569,table_with_some_cabinets_or_doors,table_with_some_cabinets_or_doors_000,568,/mnt/zsn/lyb/arti-skill/exp/Articulated-Object-Code/released_outputs/objects/table_with_some_cabinets_or_doors/table_with_some_cabinets_or_doors_000,/mnt/zsn/lyb/arti-skill/exp/Articulated-Object-Code/released_outputs/objects/table_with_some_cabinets_or_doors/table_with_some_cabinets_or_doors_000/generated.urdf,/mnt/zsn/data/particulate/datasets/Articulated-Object-Code/renders/uniform660_one_per_category_studio_256_v1/table_with_some_cabinets_or_doors/table_with_some_cabinets_or_doors_000/imgs/000.png,75432,387d9e5730c65d312d66cca3de72acbed9dc2ed18232a25edd70a5740fe1d3f5,#c95e39
AR0570,tall_bookcase_featuring_adjustable_shelf,tall_bookcase_featuring_adjustable_shelf_001,569,/mnt/zsn/lyb/arti-skill/exp/Articulated-Object-Code/released_outputs/objects/tall_bookcase_featuring_adjustable_shelf/tall_bookcase_featuring_adjustable_shelf_001,/mnt/zsn/lyb/arti-skill/exp/Articulated-Object-Code/released_outputs/objects/tall_bookcase_featuring_adjustable_shelf/tall_bookcase_featuring_adjustable_shelf_001/generated.urdf,/mnt/zsn/data/particulate/datasets/Articulated-Object-Code/renders/uniform660_one_per_category_studio_256_v1/tall_bookcase_featuring_adjustable_shelf/tall_bookcase_featuring_adjustable_shelf_001/imgs/000.png,74570,e56c9276466f1f4502183a1c6487c87578ef7a99059a781d5c7755f781274d2d,#3035c9
AR0571,tall_bookcase_featuring_adjustable_shelf_brackets,tall_bookcase_featuring_adjustable_shelf_brackets_000,570,/mnt/zsn/lyb/arti-skill/exp/Articulated-Object-Code/released_outputs/objects/tall_bookcase_featuring_adjustable_shelf_brackets/tall_bookcase_featuring_adjustable_shelf_brackets_000,/mnt/zsn/lyb/arti-skill/exp/Articulated-Object-Code/released_outputs/objects/tall_bookcase_featuring_adjustable_shelf_brackets/tall_bookcase_featuring_adjustable_shelf_brackets_000/generated.urdf,/mnt/zsn/data/particulate/datasets/Articulated-Object-Code/renders/uniform660_one_per_category_studio_256_v1/tall_bookcase_featuring_adjustable_shelf_brackets/tall_bookcase_featuring_adjustable_shelf_brackets_000/imgs/000.png,71844,51d8ebfcf6212306812761a72b4d1eff297fe5540d108ad4ba0e011f2d6f4bef,#84da5b
AR0572,tall_rectangular_shutter_comprises,tall_rectangular_shutter_comprises_007,571,/mnt/zsn/lyb/arti-skill/exp/Articulated-Object-Code/released_outputs/objects/tall_rectangular_shutter_comprises/tall_rectangular_shutter_comprises_007,/mnt/zsn/lyb/arti-skill/exp/Articulated-Object-Code/released_outputs/objects/tall_rectangular_shutter_comprises/tall_rectangular_shutter_comprises_007/generated.urdf,/mnt/zsn/data/particulate/datasets/Articulated-Object-Code/renders/uniform660_one_per_category_studio_256_v1/tall_rectangular_shutter_comprises/tall_rectangular_shutter_comprises_007/imgs/000.png,71016,fa54f409e82bc00218c10e439c7fb62541b6eac2ca51ec35eb8acd3341b60dc0,#da52a5
AR0573,tall_wooden_cabinet_featuring,tall_wooden_cabinet_featuring_003,572,/mnt/zsn/lyb/arti-skill/exp/Articulated-Object-Code/released_outputs/objects/tall_wooden_cabinet_featuring/tall_wooden_cabinet_featuring_003,/mnt/zsn/lyb/arti-skill/exp/Articulated-Object-Code/released_outputs/objects/tall_wooden_cabinet_featuring/tall_wooden_cabinet_featuring_003/generated.urdf,/mnt/zsn/data/particulate/datasets/Articulated-Object-Code/renders/uniform660_one_per_category_studio_256_v1/tall_wooden_cabinet_featuring/tall_wooden_cabinet_featuring_003/imgs/000.png,72575,69525bbd0ce6519fa60da6a72fe6464ed589f8c746d3b45e1fd162267789f027,#48ccda
AR0574,tall_wooden_cabinet_featuring_two_hinged_doors_w,tall_wooden_cabinet_featuring_two_hinged_doors_w_000,573,/mnt/zsn/lyb/arti-skill/exp/Articulated-Object-Code/released_outputs/objects/tall_wooden_cabinet_featuring_two_hinged_doors_w/tall_wooden_cabinet_featuring_two_hinged_doors_w_000,/mnt/zsn/lyb/arti-skill/exp/Articulated-Object-Code/released_outputs/objects/tall_wooden_cabinet_featuring_two_hinged_doors_w/tall_wooden_cabinet_featuring_two_hinged_doors_w_000/generated.urdf,/mnt/zsn/data/particulate/datasets/Articulated-Object-Code/renders/uniform660_one_per_category_studio_256_v1/tall_wooden_cabinet_featuring_two_hinged_doors_w/tall_wooden_cabinet_featuring_two_hinged_doors_w_000/imgs/000.png,72140,a181b93b1046d5c199b9800c66ef310405a1894d44c0eb51f25a0bcefa0fefcb,#dabb3e
AR0575,television_remote_with_ergonomic_design,television_remote_with_ergonomic_design_000,574,/mnt/zsn/lyb/arti-skill/exp/Articulated-Object-Code/released_outputs/objects/television_remote_with_ergonomic_design/television_remote_with_ergonomic_design_000,/mnt/zsn/lyb/arti-skill/exp/Articulated-Object-Code/released_outputs/objects/television_remote_with_ergonomic_design/television_remote_with_ergonomic_design_000/generated.urdf,/mnt/zsn/data/particulate/datasets/Articulated-Object-Code/renders/uniform660_one_per_category_studio_256_v1/television_remote_with_ergonomic_design/television_remote_with_ergonomic_design_000/imgs/000.png,70541,ac368587dfebc4ca0305301c9e7c490dedf8a9b56e94f7c6fde42e8d04ce5172,#8834da
AR0576,this_cutter_has_a_flat,this_cutter_has_a_flat_010,575,/mnt/zsn/lyb/arti-skill/exp/Articulated-Object-Code/released_outputs/objects/this_cutter_has_a_flat/this_cutter_has_a_flat_010,/mnt/zsn/lyb/arti-skill/exp/Articulated-Object-Code/released_outputs/objects/this_cutter_has_a_flat/this_cutter_has_a_flat_010/generated.urdf,/mnt/zsn/data/particulate/datasets/Articulated-Object-Code/renders/uniform660_one_per_category_studio_256_v1/this_cutter_has_a_flat/this_cutter_has_a_flat_010/imgs/000.png,70901,49581c6ea49bdbaff4763ce652fb5c279ceea829a93b930266c3e330518e93c5,#63eb80
AR0577,this_cutter_has_a_flat_base_a_cutting_arm_hinged,this_cutter_has_a_flat_base_a_cutting_arm_hinged_000,576,/mnt/zsn/lyb/arti-skill/exp/Articulated-Object-Code/released_outputs/objects/this_cutter_has_a_flat_base_a_cutting_arm_hinged/this_cutter_has_a_flat_base_a_cutting_arm_hinged_000,/mnt/zsn/lyb/arti-skill/exp/Articulated-Object-Code/released_outputs/objects/this_cutter_has_a_flat_base_a_cutting_arm_hinged/this_cutter_has_a_flat_base_a_cutting_arm_hinged_000/generated.urdf,/mnt/zsn/data/particulate/datasets/Articulated-Object-Code/renders/uniform660_one_per_category_studio_256_v1/this_cutter_has_a_flat_base_a_cutting_arm_hinged/this_cutter_has_a_flat_base_a_cutting_arm_hinged_000/imgs/000.png,69834,5d19a78a89695c87f8a7dfe62f9119632eabd521f19fec967c89a4abc2d632a5,#eb5863
AR0578,this_cutter_has_a_flat_base_often_with_a_grid_and,this_cutter_has_a_flat_base_often_with_a_grid_and_000,577,/mnt/zsn/lyb/arti-skill/exp/Articulated-Object-Code/released_outputs/objects/this_cutter_has_a_flat_base_often_with_a_grid_and/this_cutter_has_a_flat_base_often_with_a_grid_and_000,/mnt/zsn/lyb/arti-skill/exp/Articulated-Object-Code/released_outputs/objects/this_cutter_has_a_flat_base_often_with_a_grid_and/this_cutter_has_a_flat_base_often_with_a_grid_and_000/generated.urdf,/mnt/zsn/data/particulate/datasets/Articulated-Object-Code/renders/uniform660_one_per_category_studio_256_v1/this_cutter_has_a_flat_base_often_with_a_grid_and/this_cutter_has_a_flat_base_often_with_a_grid_and_000/imgs/000.png,70123,b8b836b5ecebf55567f7736da4307ac1ce7b65976be710bd9a17be92a7d4a1bd,#4d87eb
AR0579,this_knife_has_a_handle_body_often_metal_or_plast,this_knife_has_a_handle_body_often_metal_or_plast_000,578,/mnt/zsn/lyb/arti-skill/exp/Articulated-Object-Code/released_outputs/objects/this_knife_has_a_handle_body_often_metal_or_plast/this_knife_has_a_handle_body_often_metal_or_plast_000,/mnt/zsn/lyb/arti-skill/exp/Articulated-Object-Code/released_outputs/objects/this_knife_has_a_handle_body_often_metal_or_plast/this_knife_has_a_handle_body_often_metal_or_plast_000/generated.urdf,/mnt/zsn/data/particulate/datasets/Articulated-Object-Code/renders/uniform660_one_per_category_studio_256_v1/this_knife_has_a_handle_body_often_metal_or_plast/this_knife_has_a_handle_body_often_metal_or_plast_000/imgs/000.png,67185,24e0435bbe34ded6f9c7e691b5908f67dfd52ceac51f4a1cc35efa0968f25e5e,#b1eb43
AR0580,this_knife_has_a_handle_body_that_houses_a_replace,this_knife_has_a_handle_body_that_houses_a_replace_000,579,/mnt/zsn/lyb/arti-skill/exp/Articulated-Object-Code/released_outputs/objects/this_knife_has_a_handle_body_that_houses_a_replace/this_knife_has_a_handle_body_that_houses_a_replace_000,/mnt/zsn/lyb/arti-skill/exp/Articulated-Object-Code/released_outputs/objects/this_knife_has_a_handle_body_that_houses_a_replace/this_knife_has_a_handle_body_that_houses_a_replace_000/generated.urdf,/mnt/zsn/data/particulate/datasets/Articulated-Object-Code/renders/uniform660_one_per_category_studio_256_v1/this_knife_has_a_handle_body_that_houses_a_replace/this_knife_has_a_handle_body_that_houses_a_replace_000/imgs/000.png,66772,7afc506ccca11ea227514dd9b4d3ec0ec86a16a75c72b2dae09a99e840bdedd1,#eb38e2
AR0581,this_knife_has_a_handlebody,this_knife_has_a_handlebody_003,580,/mnt/zsn/lyb/arti-skill/exp/Articulated-Object-Code/released_outputs/objects/this_knife_has_a_handlebody/this_knife_has_a_handlebody_003,/mnt/zsn/lyb/arti-skill/exp/Articulated-Object-Code/released_outputs/objects/this_knife_has_a_handlebody/this_knife_has_a_handlebody_003/generated.urdf,/mnt/zsn/data/particulate/datasets/Articulated-Object-Code/renders/uniform660_one_per_category_studio_256_v1/this_knife_has_a_handlebody/this_knife_has_a_handlebody_003/imgs/000.png,67834,b1d98b88c46be432e6f5e2155cdd1c12d9166a33eb909b554ef010833e7f6aad,#4db89e
AR0582,three_ring_binder_with_snap_open_mechanism,three_ring_binder_with_snap_open_mechanism_000,581,/mnt/zsn/lyb/arti-skill/exp/Articulated-Object-Code/released_outputs/objects/three_ring_binder_with_snap_open_mechanism/three_ring_binder_with_snap_open_mechanism_000,/mnt/zsn/lyb/arti-skill/exp/Articulated-Object-Code/released_outputs/objects/three_ring_binder_with_snap_open_mechanism/three_ring_binder_with_snap_open_mechanism_000/generated.urdf,/mnt/zsn/data/particulate/datasets/Articulated-Object-Code/renders/uniform660_one_per_category_studio_256_v1/three_ring_binder_with_snap_open_mechanism/three_ring_binder_with_snap_open_mechanism_000/imgs/000.png,72079,52f0812b704679543fbc081105b7dd3b9db49077ebaa29dace2bd6ec05a643cd,#b87a45
AR0583,toaster,toaster_002,582,/mnt/zsn/lyb/arti-skill/exp/Articulated-Object-Code/released_outputs/objects/toaster/toaster_002,/mnt/zsn/lyb/arti-skill/exp/Articulated-Object-Code/released_outputs/objects/toaster/toaster_002/generated.urdf,/mnt/zsn/data/particulate/datasets/Articulated-Object-Code/renders/uniform660_one_per_category_studio_256_v1/toaster/toaster_002/imgs/000.png,73300,05e30fb1fd2f5c84c0662a02de737b573181eb97339ca5a3c635e28f99100a31,#523db8
AR0584,toilet,toilet_002,583,/mnt/zsn/lyb/arti-skill/exp/Articulated-Object-Code/released_outputs/objects/toilet/toilet_002,/mnt/zsn/lyb/arti-skill/exp/Articulated-Object-Code/released_outputs/objects/toilet/toilet_002/generated.urdf,/mnt/zsn/data/particulate/datasets/Articulated-Object-Code/renders/uniform660_one_per_category_studio_256_v1/toilet/toilet_002/imgs/000.png,73618,5d14b3d7fe4ff10cc3b82e3f64edf67aa9c4178d71259d460604ab1c62710e86,#44b834
AR0585,tongs_are_typically_made_of,tongs_are_typically_made_of_007,584,/mnt/zsn/lyb/arti-skill/exp/Articulated-Object-Code/released_outputs/objects/tongs_are_typically_made_of/tongs_are_typically_made_of_007,/mnt/zsn/lyb/arti-skill/exp/Articulated-Object-Code/released_outputs/objects/tongs_are_typically_made_of/tongs_are_typically_made_of_007/generated.urdf,/mnt/zsn/data/particulate/datasets/Articulated-Object-Code/renders/uniform660_one_per_category_studio_256_v1/tongs_are_typically_made_of/tongs_are_typically_made_of_007/imgs/000.png,67915,44f5bcb8313b3f546aca8452dd04dce3d0060aea88e74a262871504184ee66d9,#b82c65
AR0586,tongs_are_typically_made_of_two_arms_joined_at_one,tongs_are_typically_made_of_two_arms_joined_at_one_000,585,/mnt/zsn/lyb/arti-skill/exp/Articulated-Object-Code/released_outputs/objects/tongs_are_typically_made_of_two_arms_joined_at_one/tongs_are_typically_made_of_two_arms_joined_at_one_000,/mnt/zsn/lyb/arti-skill/exp/Articulated-Object-Code/released_outputs/objects/tongs_are_typically_made_of_two_arms_joined_at_one/tongs_are_typically_made_of_two_arms_joined_at_one_000/generated.urdf,/mnt/zsn/data/particulate/datasets/Articulated-Object-Code/renders/uniform660_one_per_category_studio_256_v1/tongs_are_typically_made_of_two_arms_joined_at_one/tongs_are_typically_made_of_two_arms_joined_at_one_000/imgs/000.png,69126,3cc4084d476ee6c23f9c9de5c5a138e405dabeac00f999f70ef829b34ec4ea64,#54a6c9
AR0587,torsion_bar_suspension_element,torsion_bar_suspension_element_000,586,/mnt/zsn/lyb/arti-skill/exp/Articulated-Object-Code/released_outputs/objects/torsion_bar_suspension_element/torsion_bar_suspension_element_000,/mnt/zsn/lyb/arti-skill/exp/Articulated-Object-Code/released_outputs/objects/torsion_bar_suspension_element/torsion_bar_suspension_element_000/generated.urdf,/mnt/zsn/data/particulate/datasets/Articulated-Object-Code/renders/uniform660_one_per_category_studio_256_v1/torsion_bar_suspension_element/torsion_bar_suspension_element_000/imgs/000.png,66520,9e01c07675d67aff1d13018e84017c15db14fa8a8c22343199fbe512cd82482c,#c8c94b
AR0588,touchless_faucet_with_sensor_activation,touchless_faucet_with_sensor_activation_002,587,/mnt/zsn/lyb/arti-skill/exp/Articulated-Object-Code/released_outputs/objects/touchless_faucet_with_sensor_activation/touchless_faucet_with_sensor_activation_002,/mnt/zsn/lyb/arti-skill/exp/Articulated-Object-Code/released_outputs/objects/touchless_faucet_with_sensor_activation/touchless_faucet_with_sensor_activation_002/generated.urdf,/mnt/zsn/data/particulate/datasets/Articulated-Object-Code/renders/uniform660_one_per_category_studio_256_v1/touchless_faucet_with_sensor_activation/touchless_faucet_with_sensor_activation_002/imgs/000.png,72679,ae18d6dd83d99bdf6f17830c4d50a71ea06b73b84b470b4309a906cc280e9d78,#a242c9
AR0589,touchless_faucet_with_sensor_activation_and_temper,touchless_faucet_with_sensor_activation_and_temper_000,588,/mnt/zsn/lyb/arti-skill/exp/Articulated-Object-Code/released_outputs/objects/touchless_faucet_with_sensor_activation_and_temper/touchless_faucet_with_sensor_activation_and_temper_000,/mnt/zsn/lyb/arti-skill/exp/Articulated-Object-Code/released_outputs/objects/touchless_faucet_with_sensor_activation_and_temper/touchless_faucet_with_sensor_activation_and_temper_000/generated.urdf,/mnt/zsn/data/particulate/datasets/Articulated-Object-Code/renders/uniform660_one_per_category_studio_256_v1/touchless_faucet_with_sensor_activation_and_temper/touchless_faucet_with_sensor_activation_and_temper_000/imgs/000.png,70957,7f5061c7044b0d541a2f4c0149d2fc65994af26c1ee10f6c8213c99f27b7be0a,#39c976
AR0590,touchscreen_tablet_with_adjustable_stand,touchscreen_tablet_with_adjustable_stand_000,589,/mnt/zsn/lyb/arti-skill/exp/Articulated-Object-Code/released_outputs/objects/touchscreen_tablet_with_adjustable_stand/touchscreen_tablet_with_adjustable_stand_000,/mnt/zsn/lyb/arti-skill/exp/Articulated-Object-Code/released_outputs/objects/touchscreen_tablet_with_adjustable_stand/touchscreen_tablet_with_adjustable_stand_000/generated.urdf,/mnt/zsn/data/particulate/datasets/Articulated-Object-Code/renders/uniform660_one_per_category_studio_256_v1/touchscreen_tablet_with_adjustable_stand/touchscreen_tablet_with_adjustable_stand_000/imgs/000.png,72156,9e6e966f4603da599123270527105eaff31d87d951499326c23cc1fb239a26de,#c94430
AR0591,touring_bicycle_equipped_with,touring_bicycle_equipped_with_004,590,/mnt/zsn/lyb/arti-skill/exp/Articulated-Object-Code/released_outputs/objects/touring_bicycle_equipped_with/touring_bicycle_equipped_with_004,/mnt/zsn/lyb/arti-skill/exp/Articulated-Object-Code/released_outputs/objects/touring_bicycle_equipped_with/touring_bicycle_equipped_with_004/generated.urdf,/mnt/zsn/data/particulate/datasets/Articulated-Object-Code/renders/uniform660_one_per_category_studio_256_v1/touring_bicycle_equipped_with/touring_bicycle_equipped_with_004/imgs/000.png,72113,fab4ced99004036b399aefe5fddc6d18c0a8ca513192aa6d1b55b2f8b904a596,#5b70da
AR0592,touring_bicycle_equipped_with_handlebar_steering,touring_bicycle_equipped_with_handlebar_steering_000,591,/mnt/zsn/lyb/arti-skill/exp/Articulated-Object-Code/released_outputs/objects/touring_bicycle_equipped_with_handlebar_steering/touring_bicycle_equipped_with_handlebar_steering_000,/mnt/zsn/lyb/arti-skill/exp/Articulated-Object-Code/released_outputs/objects/touring_bicycle_equipped_with_handlebar_steering/touring_bicycle_equipped_with_handlebar_steering_000/generated.urdf,/mnt/zsn/data/particulate/datasets/Articulated-Object-Code/renders/uniform660_one_per_category_studio_256_v1/touring_bicycle_equipped_with_handlebar_steering/touring_bicycle_equipped_with_handlebar_steering_000/imgs/000.png,74039,3a1a542f1a7a59401b6ccf8ff8fedbf5307214c340dff066c7052fa553b01478,#8fda52
AR0593,towering_ferris_wheel_structure,towering_ferris_wheel_structure_002,592,/mnt/zsn/lyb/arti-skill/exp/Articulated-Object-Code/released_outputs/objects/towering_ferris_wheel_structure/towering_ferris_wheel_structure_002,/mnt/zsn/lyb/arti-skill/exp/Articulated-Object-Code/released_outputs/objects/towering_ferris_wheel_structure/towering_ferris_wheel_structure_002/generated.urdf,/mnt/zsn/data/particulate/datasets/Articulated-Object-Code/renders/uniform660_one_per_category_studio_256_v1/towering_ferris_wheel_structure/towering_ferris_wheel_structure_002/imgs/000.png,75387,eaa464a0b26a05c793e66681f0d419076e2dec1225d61468fe60626dcfdfc5c9,#da48b4
AR0594,track_mounted_spotlight_with_precision_beam,track_mounted_spotlight_with_precision_beam_000,593,/mnt/zsn/lyb/arti-skill/exp/Articulated-Object-Code/released_outputs/objects/track_mounted_spotlight_with_precision_beam/track_mounted_spotlight_with_precision_beam_000,/mnt/zsn/lyb/arti-skill/exp/Articulated-Object-Code/released_outputs/objects/track_mounted_spotlight_with_precision_beam/track_mounted_spotlight_with_precision_beam_000/generated.urdf,/mnt/zsn/data/particulate/datasets/Articulated-Object-Code/renders/uniform660_one_per_category_studio_256_v1/track_mounted_spotlight_with_precision_beam/track_mounted_spotlight_with_precision_beam_000/imgs/000.png,74926,00d4409aaab8ec50a2ce403be129b65abff520196e5f593df9e02f20c032568c,#3edad4
AR0595,track_mounted_spotlight_with_precision_beam_contro,track_mounted_spotlight_with_precision_beam_contro_000,594,/mnt/zsn/lyb/arti-skill/exp/Articulated-Object-Code/released_outputs/objects/track_mounted_spotlight_with_precision_beam_contro/track_mounted_spotlight_with_precision_beam_contro_000,/mnt/zsn/lyb/arti-skill/exp/Articulated-Object-Code/released_outputs/objects/track_mounted_spotlight_with_precision_beam_contro/track_mounted_spotlight_with_precision_beam_contro_000/generated.urdf,/mnt/zsn/data/particulate/datasets/Articulated-Object-Code/renders/uniform660_one_per_category_studio_256_v1/track_mounted_spotlight_with_precision_beam_contro/track_mounted_spotlight_with_precision_beam_contro_000/imgs/000.png,70159,910e16f5e1869a4b3db2df4b08128f992d79248f766ec9448b81f9030e96b578,#daa434
AR0596,traditional_folding_screen_with,traditional_folding_screen_with_001,595,/mnt/zsn/lyb/arti-skill/exp/Articulated-Object-Code/released_outputs/objects/traditional_folding_screen_with/traditional_folding_screen_with_001,/mnt/zsn/lyb/arti-skill/exp/Articulated-Object-Code/released_outputs/objects/traditional_folding_screen_with/traditional_folding_screen_with_001/generated.urdf,/mnt/zsn/data/particulate/datasets/Articulated-Object-Code/renders/uniform660_one_per_category_studio_256_v1/traditional_folding_screen_with/traditional_folding_screen_with_001/imgs/000.png,71293,516b1804b7524cb8da133fd2ec939861aa308bd1e5883b5e5b103639981d48ad,#9663eb
AR0597,traditional_folding_screen_with_wooden_frame_and,traditional_folding_screen_with_wooden_frame_and_000,596,/mnt/zsn/lyb/arti-skill/exp/Articulated-Object-Code/released_outputs/objects/traditional_folding_screen_with_wooden_frame_and/traditional_folding_screen_with_wooden_frame_and_000,/mnt/zsn/lyb/arti-skill/exp/Articulated-Object-Code/released_outputs/objects/traditional_folding_screen_with_wooden_frame_and/traditional_folding_screen_with_wooden_frame_and_000/generated.urdf,/mnt/zsn/data/particulate/datasets/Articulated-Object-Code/renders/uniform660_one_per_category_studio_256_v1/traditional_folding_screen_with_wooden_frame_and/traditional_folding_screen_with_wooden_frame_and_000/imgs/000.png,74604,3d5fde111c5e7011dc9399d7bd0b498b10c941826bcd6022536e6698f5782cfc,#58eb65
AR0598,traditional_nutcracker_with_hardwood,traditional_nutcracker_with_hardwood_000,597,/mnt/zsn/lyb/arti-skill/exp/Articulated-Object-Code/released_outputs/objects/traditional_nutcracker_with_hardwood/traditional_nutcracker_with_hardwood_000,/mnt/zsn/lyb/arti-skill/exp/Articulated-Object-Code/released_outputs/objects/traditional_nutcracker_with_hardwood/traditional_nutcracker_with_hardwood_000/generated.urdf,/mnt/zsn/data/particulate/datasets/Articulated-Object-Code/renders/uniform660_one_per_category_studio_256_v1/traditional_nutcracker_with_hardwood/traditional_nutcracker_with_hardwood_000/imgs/000.png,70376,a549efb2d29ef6494bc4d7b74423b8df4d7c0a67c4b77a18695747fbf2e40f70,#eb4d6d
AR0599,traditional_wardrobe_with_solid,traditional_wardrobe_with_solid_000,598,/mnt/zsn/lyb/arti-skill/exp/Articulated-Object-Code/released_outputs/objects/traditional_wardrobe_with_solid/traditional_wardrobe_with_solid_000,/mnt/zsn/lyb/arti-skill/exp/Articulated-Object-Code/released_outputs/objects/traditional_wardrobe_with_solid/traditional_wardrobe_with_solid_000/generated.urdf,/mnt/zsn/data/particulate/datasets/Articulated-Object-Code/renders/uniform660_one_per_category_studio_256_v1/traditional_wardrobe_with_solid/traditional_wardrobe_with_solid_000/imgs/000.png,71342,fe6626ff1d3168149e0fb1a7556903e23fc0eee3158daea830219dba7616c619,#4396eb
AR0600,traditional_wardrobe_with_solid_wood_constructio,traditional_wardrobe_with_solid_wood_constructio_000,599,/mnt/zsn/lyb/arti-skill/exp/Articulated-Object-Code/released_outputs/objects/traditional_wardrobe_with_solid_wood_constructio/traditional_wardrobe_with_solid_wood_constructio_000,/mnt/zsn/lyb/arti-skill/exp/Articulated-Object-Code/released_outputs/objects/traditional_wardrobe_with_solid_wood_constructio/traditional_wardrobe_with_solid_wood_constructio_000/generated.urdf,/mnt/zsn/data/particulate/datasets/Articulated-Object-Code/renders/uniform660_one_per_category_studio_256_v1/traditional_wardrobe_with_solid_wood_constructio/traditional_wardrobe_with_solid_wood_constructio_000/imgs/000.png,72763,ede78f0a7a27f188a9892087460e643092ae946836a89f3bf66f465fa5d73b40,#c4eb38
AR0601,trailer_hitch_coupler_with_latch_mechanism,trailer_hitch_coupler_with_latch_mechanism_000,600,/mnt/zsn/lyb/arti-skill/exp/Articulated-Object-Code/released_outputs/objects/trailer_hitch_coupler_with_latch_mechanism/trailer_hitch_coupler_with_latch_mechanism_000,/mnt/zsn/lyb/arti-skill/exp/Articulated-Object-Code/released_outputs/objects/trailer_hitch_coupler_with_latch_mechanism/trailer_hitch_coupler_with_latch_mechanism_000/generated.urdf,/mnt/zsn/data/particulate/datasets/Articulated-Object-Code/renders/uniform660_one_per_category_studio_256_v1/trailer_hitch_coupler_with_latch_mechanism/trailer_hitch_coupler_with_latch_mechanism_000/imgs/000.png,70438,0e7e484411c80136a88e28696fe561cc7f07bc016936804b4eda2149cb7d8d57,#af4db8
AR0602,tripod_has_three_adjustable,tripod_has_three_adjustable_000,601,/mnt/zsn/lyb/arti-skill/exp/Articulated-Object-Code/released_outputs/objects/tripod_has_three_adjustable/tripod_has_three_adjustable_000,/mnt/zsn/lyb/arti-skill/exp/Articulated-Object-Code/released_outputs/objects/tripod_has_three_adjustable/tripod_has_three_adjustable_000/generated.urdf,/mnt/zsn/data/particulate/datasets/Articulated-Object-Code/renders/uniform660_one_per_category_studio_256_v1/tripod_has_three_adjustable/tripod_has_three_adjustable_000/imgs/000.png,73299,ed6ae30522e39abf97fcca25c24153c4e9be19904accf2c9259a3a83c6c125f3,#45b88d
AR0603,tripod_that_can_put_a_camera,tripod_that_can_put_a_camera_000,602,/mnt/zsn/lyb/arti-skill/exp/Articulated-Object-Code/released_outputs/objects/tripod_that_can_put_a_camera/tripod_that_can_put_a_camera_000,/mnt/zsn/lyb/arti-skill/exp/Articulated-Object-Code/released_outputs/objects/tripod_that_can_put_a_camera/tripod_that_can_put_a_camera_000/generated.urdf,/mnt/zsn/data/particulate/datasets/Articulated-Object-Code/renders/uniform660_one_per_category_studio_256_v1/tripod_that_can_put_a_camera/tripod_that_can_put_a_camera_000/imgs/000.png,69107,c8b2913ab37cf2533595998644c0b222ecb740910692a7de9ae38739e2023d0a,#b8663d
AR0604,trombone_with_slide_mechanism,trombone_with_slide_mechanism_000,603,/mnt/zsn/lyb/arti-skill/exp/Articulated-Object-Code/released_outputs/objects/trombone_with_slide_mechanism/trombone_with_slide_mechanism_000,/mnt/zsn/lyb/arti-skill/exp/Articulated-Object-Code/released_outputs/objects/trombone_with_slide_mechanism/trombone_with_slide_mechanism_000/generated.urdf,/mnt/zsn/data/particulate/datasets/Articulated-Object-Code/renders/uniform660_one_per_category_studio_256_v1/trombone_with_slide_mechanism/trombone_with_slide_mechanism_000/imgs/000.png,70267,0610bc048d4464420c52cde26c8356496e651e66cbccdec68baddaaa069be1aa,#3a34b8
AR0605,trumpet_with_valve_pistons,trumpet_with_valve_pistons_000,604,/mnt/zsn/lyb/arti-skill/exp/Articulated-Object-Code/released_outputs/objects/trumpet_with_valve_pistons/trumpet_with_valve_pistons_000,/mnt/zsn/lyb/arti-skill/exp/Articulated-Object-Code/released_outputs/objects/trumpet_with_valve_pistons/trumpet_with_valve_pistons_000/generated.urdf,/mnt/zsn/data/particulate/datasets/Articulated-Object-Code/renders/uniform660_one_per_category_studio_256_v1/trumpet_with_valve_pistons/trumpet_with_valve_pistons_000/imgs/000.png,69719,d9c54a92343a38ba51125a4151a0748bcbf201e680578e94ee1bfaa6272b1f81,#4eb82c
AR0606,trupod_camera_surveying,trupod_camera_surveying_000,605,/mnt/zsn/lyb/arti-skill/exp/Articulated-Object-Code/released_outputs/objects/trupod_camera_surveying/trupod_camera_surveying_000,/mnt/zsn/lyb/arti-skill/exp/Articulated-Object-Code/released_outputs/objects/trupod_camera_surveying/trupod_camera_surveying_000/generated.urdf,/mnt/zsn/data/particulate/datasets/Articulated-Object-Code/renders/uniform660_one_per_category_studio_256_v1/trupod_camera_surveying/trupod_camera_surveying_000/imgs/000.png,68903,bdbffb71d12aff02a8b0219e4175adb31142481b5ea08cf3e509d630a1c20b8b,#c95493
AR0607,trupod_camerasurveying,trupod_camerasurveying_026,606,/mnt/zsn/lyb/arti-skill/exp/Articulated-Object-Code/released_outputs/objects/trupod_camerasurveying/trupod_camerasurveying_026,/mnt/zsn/lyb/arti-skill/exp/Articulated-Object-Code/released_outputs/objects/trupod_camerasurveying/trupod_camerasurveying_026/generated.urdf,/mnt/zsn/data/particulate/datasets/Articulated-Object-Code/renders/uniform660_one_per_category_studio_256_v1/trupod_camerasurveying/trupod_camerasurveying_026/imgs/000.png,70061,0cd70f17c7c2e22e709a786ba098e95e2560924091efe3d655a20b3eee8eec25,#4bb3c9
AR0608,tube_cutter_with_cutting_wheel_and_rollers,tube_cutter_with_cutting_wheel_and_rollers_000,607,/mnt/zsn/lyb/arti-skill/exp/Articulated-Object-Code/released_outputs/objects/tube_cutter_with_cutting_wheel_and_rollers/tube_cutter_with_cutting_wheel_and_rollers_000,/mnt/zsn/lyb/arti-skill/exp/Articulated-Object-Code/released_outputs/objects/tube_cutter_with_cutting_wheel_and_rollers/tube_cutter_with_cutting_wheel_and_rollers_000/generated.urdf,/mnt/zsn/data/particulate/datasets/Articulated-Object-Code/renders/uniform660_one_per_category_studio_256_v1/tube_cutter_with_cutting_wheel_and_rollers/tube_cutter_with_cutting_wheel_and_rollers_000/imgs/000.png,74149,82287e92795175beca44e51c038ce3248707504d985bd291f0325ce59a87239a,#c9b842
AR0609,turnbuckle_with_threaded_end_fittings,turnbuckle_with_threaded_end_fittings_000,608,/mnt/zsn/lyb/arti-skill/exp/Articulated-Object-Code/released_outputs/objects/turnbuckle_with_threaded_end_fittings/turnbuckle_with_threaded_end_fittings_000,/mnt/zsn/lyb/arti-skill/exp/Articulated-Object-Code/released_outputs/objects/turnbuckle_with_threaded_end_fittings/turnbuckle_with_threaded_end_fittings_000/generated.urdf,/mnt/zsn/data/particulate/datasets/Articulated-Object-Code/renders/uniform660_one_per_category_studio_256_v1/turnbuckle_with_threaded_end_fittings/turnbuckle_with_threaded_end_fittings_000/imgs/000.png,71117,339313bae1d67b5f50fbd177bfd58119e1738d9a4af089900c2ffe1a07401974,#8e39c9
AR0610,turnstile_gate_with_rotating_arms,turnstile_gate_with_rotating_arms_000,609,/mnt/zsn/lyb/arti-skill/exp/Articulated-Object-Code/released_outputs/objects/turnstile_gate_with_rotating_arms/turnstile_gate_with_rotating_arms_000,/mnt/zsn/lyb/arti-skill/exp/Articulated-Object-Code/released_outputs/objects/turnstile_gate_with_rotating_arms/turnstile_gate_with_rotating_arms_000/generated.urdf,/mnt/zsn/data/particulate/datasets/Articulated-Object-Code/renders/uniform660_one_per_category_studio_256_v1/turnstile_gate_with_rotating_arms/turnstile_gate_with_rotating_arms_000/imgs/000.png,70832,55215581b8818bf4caae1135c4905dea19f5c5244386c8bd9565e6d871dec69b,#30c95d
AR0611,tv_wall_mount_with_tilt_and_swivel,tv_wall_mount_with_tilt_and_swivel_000,610,/mnt/zsn/lyb/arti-skill/exp/Articulated-Object-Code/released_outputs/objects/tv_wall_mount_with_tilt_and_swivel/tv_wall_mount_with_tilt_and_swivel_000,/mnt/zsn/lyb/arti-skill/exp/Articulated-Object-Code/released_outputs/objects/tv_wall_mount_with_tilt_and_swivel/tv_wall_mount_with_tilt_and_swivel_000/generated.urdf,/mnt/zsn/data/particulate/datasets/Articulated-Object-Code/renders/uniform660_one_per_category_studio_256_v1/tv_wall_mount_with_tilt_and_swivel/tv_wall_mount_with_tilt_and_swivel_000/imgs/000.png,70263,c37544300c5e864f81d35eb1af5259da4efc69e384341a4ce5cf4d57fd3e75ca,#da5c5b
AR0612,universal_joint_with_cross_and_bearing_cups,universal_joint_with_cross_and_bearing_cups_000,611,/mnt/zsn/lyb/arti-skill/exp/Articulated-Object-Code/released_outputs/objects/universal_joint_with_cross_and_bearing_cups/universal_joint_with_cross_and_bearing_cups_000,/mnt/zsn/lyb/arti-skill/exp/Articulated-Object-Code/released_outputs/objects/universal_joint_with_cross_and_bearing_cups/universal_joint_with_cross_and_bearing_cups_000/generated.urdf,/mnt/zsn/data/particulate/datasets/Articulated-Object-Code/renders/uniform660_one_per_category_studio_256_v1/universal_joint_with_cross_and_bearing_cups/universal_joint_with_cross_and_bearing_cups_000/imgs/000.png,69617,e52692fc40077febbbe80f310ddf7485f2c11805e87c4ea80daa2a89c569d860,#5279da
AR0613,universal_remote_with_programmable_buttons,universal_remote_with_programmable_buttons_001,612,/mnt/zsn/lyb/arti-skill/exp/Articulated-Object-Code/released_outputs/objects/universal_remote_with_programmable_buttons/universal_remote_with_programmable_buttons_001,/mnt/zsn/lyb/arti-skill/exp/Articulated-Object-Code/released_outputs/objects/universal_remote_with_programmable_buttons/universal_remote_with_programmable_buttons_001/generated.urdf,/mnt/zsn/data/particulate/datasets/Articulated-Object-Code/renders/uniform660_one_per_category_studio_256_v1/universal_remote_with_programmable_buttons/universal_remote_with_programmable_buttons_001/imgs/000.png,69916,1175df04821294e9c8f17ca57a4e7cd1e3da36b20afbaf281e13b0a305a48c47,#9cda48
AR0614,usb,usb_001,613,/mnt/zsn/lyb/arti-skill/exp/Articulated-Object-Code/released_outputs/objects/usb/usb_001,/mnt/zsn/lyb/arti-skill/exp/Articulated-Object-Code/released_outputs/objects/usb/usb_001/generated.urdf,/mnt/zsn/data/particulate/datasets/Articulated-Object-Code/renders/uniform660_one_per_category_studio_256_v1/usb/usb_001/imgs/000.png,67388,7909806f5c4b1000e95d5205ed472b6088a8a3a376a2304bf96e0f38cf0d9191,#da3ec6
AR0615,venetian_blinds,venetian_blinds_001,614,/mnt/zsn/lyb/arti-skill/exp/Articulated-Object-Code/released_outputs/objects/venetian_blinds/venetian_blinds_001,/mnt/zsn/lyb/arti-skill/exp/Articulated-Object-Code/released_outputs/objects/venetian_blinds/venetian_blinds_001/generated.urdf,/mnt/zsn/data/particulate/datasets/Articulated-Object-Code/renders/uniform660_one_per_category_studio_256_v1/venetian_blinds/venetian_blinds_001/imgs/000.png,74299,d7593dc1e2bde94e40c232cbb353451d90b7ceed3d94cad7b225ba73a5d705b8,#34dabf
AR0616,venetian_blinds_consist_of_multiple,venetian_blinds_consist_of_multiple_007,615,/mnt/zsn/lyb/arti-skill/exp/Articulated-Object-Code/released_outputs/objects/venetian_blinds_consist_of_multiple/venetian_blinds_consist_of_multiple_007,/mnt/zsn/lyb/arti-skill/exp/Articulated-Object-Code/released_outputs/objects/venetian_blinds_consist_of_multiple/venetian_blinds_consist_of_multiple_007/generated.urdf,/mnt/zsn/data/particulate/datasets/Articulated-Object-Code/renders/uniform660_one_per_category_studio_256_v1/venetian_blinds_consist_of_multiple/venetian_blinds_consist_of_multiple_007/imgs/000.png,68704,fa8c0031267e01e57c79dcbe89c82e9010e2ee05328dea68ebd8c9611f4ec5a3,#ebad63
AR0617,venetian_blinds_consist_of_multiple_horizontal_sla,venetian_blinds_consist_of_multiple_horizontal_sla_000,616,/mnt/zsn/lyb/arti-skill/exp/Articulated-Object-Code/released_outputs/objects/venetian_blinds_consist_of_multiple_horizontal_sla/venetian_blinds_consist_of_multiple_horizontal_sla_000,/mnt/zsn/lyb/arti-skill/exp/Articulated-Object-Code/released_outputs/objects/venetian_blinds_consist_of_multiple_horizontal_sla/venetian_blinds_consist_of_multiple_horizontal_sla_000/generated.urdf,/mnt/zsn/data/particulate/datasets/Articulated-Object-Code/renders/uniform660_one_per_category_studio_256_v1/venetian_blinds_consist_of_multiple_horizontal_sla/venetian_blinds_consist_of_multiple_horizontal_sla_000/imgs/000.png,69922,6f361d3c071559b7fe405d43dcd348b997fdda35bb81ad00c6634d1662959d80,#7d58eb
AR0618,vernier_protractor_with_fine_adjustment,vernier_protractor_with_fine_adjustment_000,617,/mnt/zsn/lyb/arti-skill/exp/Articulated-Object-Code/released_outputs/objects/vernier_protractor_with_fine_adjustment/vernier_protractor_with_fine_adjustment_000,/mnt/zsn/lyb/arti-skill/exp/Articulated-Object-Code/released_outputs/objects/vernier_protractor_with_fine_adjustment/vernier_protractor_with_fine_adjustment_000/generated.urdf,/mnt/zsn/data/particulate/datasets/Articulated-Object-Code/renders/uniform660_one_per_category_studio_256_v1/vernier_protractor_with_fine_adjustment/vernier_protractor_with_fine_adjustment_000/imgs/000.png,67913,502ace2baf66d687dd340ae0c314a4959898db005891356cf4b6788147b44223,#53eb4d
AR0619,versatile_compass_with_hinged,versatile_compass_with_hinged_000,618,/mnt/zsn/lyb/arti-skill/exp/Articulated-Object-Code/released_outputs/objects/versatile_compass_with_hinged/versatile_compass_with_hinged_000,/mnt/zsn/lyb/arti-skill/exp/Articulated-Object-Code/released_outputs/objects/versatile_compass_with_hinged/versatile_compass_with_hinged_000/generated.urdf,/mnt/zsn/data/particulate/datasets/Articulated-Object-Code/renders/uniform660_one_per_category_studio_256_v1/versatile_compass_with_hinged/versatile_compass_with_hinged_000/imgs/000.png,67159,7ec217e493f5892150f7d7b945c57a8724a4c63deb1ab888a654bd1128fa930f,#eb437a
AR0620,versatile_door_with_hinged,versatile_door_with_hinged_000,619,/mnt/zsn/lyb/arti-skill/exp/Articulated-Object-Code/released_outputs/objects/versatile_door_with_hinged/versatile_door_with_hinged_000,/mnt/zsn/lyb/arti-skill/exp/Articulated-Object-Code/released_outputs/objects/versatile_door_with_hinged/versatile_door_with_hinged_000/generated.urdf,/mnt/zsn/data/particulate/datasets/Articulated-Object-Code/renders/uniform660_one_per_category_studio_256_v1/versatile_door_with_hinged/versatile_door_with_hinged_000/imgs/000.png,69344,f0cfd475d7c02a457ec952d57c46e21387481af19b13180407077a6e844e41b6,#38a7eb
AR0621,versatile_excavator_arm_with,versatile_excavator_arm_with_000,620,/mnt/zsn/lyb/arti-skill/exp/Articulated-Object-Code/released_outputs/objects/versatile_excavator_arm_with/versatile_excavator_arm_with_000,/mnt/zsn/lyb/arti-skill/exp/Articulated-Object-Code/released_outputs/objects/versatile_excavator_arm_with/versatile_excavator_arm_with_000/generated.urdf,/mnt/zsn/data/particulate/datasets/Articulated-Object-Code/renders/uniform660_one_per_category_studio_256_v1/versatile_excavator_arm_with/versatile_excavator_arm_with_000/imgs/000.png,71091,9010307b7d997498a0b8db804ad471c333d796ad008fb98858a4c9a4f33d1fc6,#aeb84d
AR0622,versatile_hydraulic_jack_with,versatile_hydraulic_jack_with_000,621,/mnt/zsn/lyb/arti-skill/exp/Articulated-Object-Code/released_outputs/objects/versatile_hydraulic_jack_with/versatile_hydraulic_jack_with_000,/mnt/zsn/lyb/arti-skill/exp/Articulated-Object-Code/released_outputs/objects/versatile_hydraulic_jack_with/versatile_hydraulic_jack_with_000/generated.urdf,/mnt/zsn/data/particulate/datasets/Articulated-Object-Code/renders/uniform660_one_per_category_studio_256_v1/versatile_hydraulic_jack_with/versatile_hydraulic_jack_with_000/imgs/000.png,70876,71020bc5677dc15bbfdd71558231791587b0f3796c8483874abd001e2b4b800f,#a045b8
AR0623,versatile_microwave_with_hinged,versatile_microwave_with_hinged_000,622,/mnt/zsn/lyb/arti-skill/exp/Articulated-Object-Code/released_outputs/objects/versatile_microwave_with_hinged/versatile_microwave_with_hinged_000,/mnt/zsn/lyb/arti-skill/exp/Articulated-Object-Code/released_outputs/objects/versatile_microwave_with_hinged/versatile_microwave_with_hinged_000/generated.urdf,/mnt/zsn/data/particulate/datasets/Articulated-Object-Code/renders/uniform660_one_per_category_studio_256_v1/versatile_microwave_with_hinged/versatile_microwave_with_hinged_000/imgs/000.png,74533,e77a733f58813bbc2813825af942d47b7e427bf273d4e7f647eac34c4b8d0a17,#3db87a
AR0624,versatile_remote_control_with,versatile_remote_control_with_000,623,/mnt/zsn/lyb/arti-skill/exp/Articulated-Object-Code/released_outputs/objects/versatile_remote_control_with/versatile_remote_control_with_000,/mnt/zsn/lyb/arti-skill/exp/Articulated-Object-Code/released_outputs/objects/versatile_remote_control_with/versatile_remote_control_with_000/generated.urdf,/mnt/zsn/data/particulate/datasets/Articulated-Object-Code/renders/uniform660_one_per_category_studio_256_v1/versatile_remote_control_with/versatile_remote_control_with_000/imgs/000.png,68635,b2131ee08580672c3d218637f7c850dd8b0bec30cd6e9d37f102f3afb404c695,#b85034
AR0625,vertical_filing_cabinet_with,vertical_filing_cabinet_with_002,624,/mnt/zsn/lyb/arti-skill/exp/Articulated-Object-Code/released_outputs/objects/vertical_filing_cabinet_with/vertical_filing_cabinet_with_002,/mnt/zsn/lyb/arti-skill/exp/Articulated-Object-Code/released_outputs/objects/vertical_filing_cabinet_with/vertical_filing_cabinet_with_002/generated.urdf,/mnt/zsn/data/particulate/datasets/Articulated-Object-Code/renders/uniform660_one_per_category_studio_256_v1/vertical_filing_cabinet_with/vertical_filing_cabinet_with_002/imgs/000.png,70267,278cc7636331e8e5268211ed13445a0af49424994fdbd595b77547c3807c1493,#2c37b8
AR0626,video_game_console_with_disc,video_game_console_with_disc_002,625,/mnt/zsn/lyb/arti-skill/exp/Articulated-Object-Code/released_outputs/objects/video_game_console_with_disc/video_game_console_with_disc_002,/mnt/zsn/lyb/arti-skill/exp/Articulated-Object-Code/released_outputs/objects/video_game_console_with_disc/video_game_console_with_disc_002/generated.urdf,/mnt/zsn/data/particulate/datasets/Articulated-Object-Code/renders/uniform660_one_per_category_studio_256_v1/video_game_console_with_disc/video_game_console_with_disc_002/imgs/000.png,70399,bcd1b59a5e9b66c6acf586075d7cd08b2fa1ac836a9ac252dc96a6761117be5b,#80c954
AR0627,video_game_console_with_disc_loading_mechanism,video_game_console_with_disc_loading_mechanism_000,626,/mnt/zsn/lyb/arti-skill/exp/Articulated-Object-Code/released_outputs/objects/video_game_console_with_disc_loading_mechanism/video_game_console_with_disc_loading_mechanism_000,/mnt/zsn/lyb/arti-skill/exp/Articulated-Object-Code/released_outputs/objects/video_game_console_with_disc_loading_mechanism/video_game_console_with_disc_loading_mechanism_000/generated.urdf,/mnt/zsn/data/particulate/datasets/Articulated-Object-Code/renders/uniform660_one_per_category_studio_256_v1/video_game_console_with_disc_loading_mechanism/video_game_console_with_disc_loading_mechanism_000/imgs/000.png,72585,494b53e1fdceda1e9a0b484d0f0b0a979b095bec50e8959fff4a2da51257d34e,#c94b9f
AR0628,vintage_rotary_telephone_with_dial_mechanism,vintage_rotary_telephone_with_dial_mechanism_000,627,/mnt/zsn/lyb/arti-skill/exp/Articulated-Object-Code/released_outputs/objects/vintage_rotary_telephone_with_dial_mechanism/vintage_rotary_telephone_with_dial_mechanism_000,/mnt/zsn/lyb/arti-skill/exp/Articulated-Object-Code/released_outputs/objects/vintage_rotary_telephone_with_dial_mechanism/vintage_rotary_telephone_with_dial_mechanism_000/generated.urdf,/mnt/zsn/data/particulate/datasets/Articulated-Object-Code/renders/uniform660_one_per_category_studio_256_v1/vintage_rotary_telephone_with_dial_mechanism/vintage_rotary_telephone_with_dial_mechanism_000/imgs/000.png,73415,b499e6cc1cc28b7b72af91e9db263503857c1b16c9f40f65f6b063dc64db2444,#42c3c9
AR0629,vintage_typewriter_with_key_levers_and_carriage,vintage_typewriter_with_key_levers_and_carriage_000,628,/mnt/zsn/lyb/arti-skill/exp/Articulated-Object-Code/released_outputs/objects/vintage_typewriter_with_key_levers_and_carriage/vintage_typewriter_with_key_levers_and_carriage_000,/mnt/zsn/lyb/arti-skill/exp/Articulated-Object-Code/released_outputs/objects/vintage_typewriter_with_key_levers_and_carriage/vintage_typewriter_with_key_levers_and_carriage_000/generated.urdf,/mnt/zsn/data/particulate/datasets/Articulated-Object-Code/renders/uniform660_one_per_category_studio_256_v1/vintage_typewriter_with_key_levers_and_carriage/vintage_typewriter_with_key_levers_and_carriage_000/imgs/000.png,70492,50748b36cb15e4c1e9f023f968f9ae3caec78fd3971a94e26adbef5d882bd109,#c9a539
AR0630,voice_activated_remote_with_microphone,voice_activated_remote_with_microphone_000,629,/mnt/zsn/lyb/arti-skill/exp/Articulated-Object-Code/released_outputs/objects/voice_activated_remote_with_microphone/voice_activated_remote_with_microphone_000,/mnt/zsn/lyb/arti-skill/exp/Articulated-Object-Code/released_outputs/objects/voice_activated_remote_with_microphone/voice_activated_remote_with_microphone_000/generated.urdf,/mnt/zsn/data/particulate/datasets/Articulated-Object-Code/renders/uniform660_one_per_category_studio_256_v1/voice_activated_remote_with_microphone/voice_activated_remote_with_microphone_000/imgs/000.png,72254,bafbf083f66a837ecd08eadbafe44fe0c10e6c2394a880128e27499fd2b77119,#7630c9
AR0631,voice_activated_remote_with_microphone_and_smart,voice_activated_remote_with_microphone_and_smart_000,630,/mnt/zsn/lyb/arti-skill/exp/Articulated-Object-Code/released_outputs/objects/voice_activated_remote_with_microphone_and_smart/voice_activated_remote_with_microphone_and_smart_000,/mnt/zsn/lyb/arti-skill/exp/Articulated-Object-Code/released_outputs/objects/voice_activated_remote_with_microphone_and_smart/voice_activated_remote_with_microphone_and_smart_000/generated.urdf,/mnt/zsn/data/particulate/datasets/Articulated-Object-Code/renders/uniform660_one_per_category_studio_256_v1/voice_activated_remote_with_microphone_and_smart/voice_activated_remote_with_microphone_and_smart_000/imgs/000.png,70556,c4fb4ed4aac3b84d05622115f62b89e3f08ba5af5b22bb0c5c1587529fe0dced,#5bda71
AR0632,waffle_iron_with_hinged_plates_and_latch,waffle_iron_with_hinged_plates_and_latch_000,631,/mnt/zsn/lyb/arti-skill/exp/Articulated-Object-Code/released_outputs/objects/waffle_iron_with_hinged_plates_and_latch/waffle_iron_with_hinged_plates_and_latch_000,/mnt/zsn/lyb/arti-skill/exp/Articulated-Object-Code/released_outputs/objects/waffle_iron_with_hinged_plates_and_latch/waffle_iron_with_hinged_plates_and_latch_000/generated.urdf,/mnt/zsn/data/particulate/datasets/Articulated-Object-Code/renders/uniform660_one_per_category_studio_256_v1/waffle_iron_with_hinged_plates_and_latch/waffle_iron_with_hinged_plates_and_latch_000/imgs/000.png,71029,7b4cc9996adb28bffd239c9e6c419ba394baab1a96b96b83da916b2d64a607d4,#da5262
AR0633,walking_cane_with_folding_mechanism,walking_cane_with_folding_mechanism_000,632,/mnt/zsn/lyb/arti-skill/exp/Articulated-Object-Code/released_outputs/objects/walking_cane_with_folding_mechanism/walking_cane_with_folding_mechanism_000,/mnt/zsn/lyb/arti-skill/exp/Articulated-Object-Code/released_outputs/objects/walking_cane_with_folding_mechanism/walking_cane_with_folding_mechanism_000/generated.urdf,/mnt/zsn/data/particulate/datasets/Articulated-Object-Code/renders/uniform660_one_per_category_studio_256_v1/walking_cane_with_folding_mechanism/walking_cane_with_folding_mechanism_000/imgs/000.png,66085,bcbc187ffebf133fa040b4ff2764f5fe3bfc1f476b3b520b96afd3034f861fde,#4884da
AR0634,wall_mounted_toilet_with_concealed_tank,wall_mounted_toilet_with_concealed_tank_001,633,/mnt/zsn/lyb/arti-skill/exp/Articulated-Object-Code/released_outputs/objects/wall_mounted_toilet_with_concealed_tank/wall_mounted_toilet_with_concealed_tank_001,/mnt/zsn/lyb/arti-skill/exp/Articulated-Object-Code/released_outputs/objects/wall_mounted_toilet_with_concealed_tank/wall_mounted_toilet_with_concealed_tank_001/generated.urdf,/mnt/zsn/data/particulate/datasets/Articulated-Object-Code/renders/uniform660_one_per_category_studio_256_v1/wall_mounted_toilet_with_concealed_tank/wall_mounted_toilet_with_concealed_tank_001/imgs/000.png,74329,ffce26108d4dbe8df19d5d65a1a048faa28e9d259da83e144f2c25b84f20d336,#acda3e
AR0635,wall_mounted_toilet_with_concealed_tank_and_flush,wall_mounted_toilet_with_concealed_tank_and_flush_000,634,/mnt/zsn/lyb/arti-skill/exp/Articulated-Object-Code/released_outputs/objects/wall_mounted_toilet_with_concealed_tank_and_flush/wall_mounted_toilet_with_concealed_tank_and_flush_000,/mnt/zsn/lyb/arti-skill/exp/Articulated-Object-Code/released_outputs/objects/wall_mounted_toilet_with_concealed_tank_and_flush/wall_mounted_toilet_with_concealed_tank_and_flush_000/generated.urdf,/mnt/zsn/data/particulate/datasets/Articulated-Object-Code/renders/uniform660_one_per_category_studio_256_v1/wall_mounted_toilet_with_concealed_tank_and_flush/wall_mounted_toilet_with_concealed_tank_and_flush_000/imgs/000.png,73290,1a678003184fe92a069e3191098a5e844c60882f35da625a72743e1ad493232b,#da34d9
AR0636,washing_machine,washing_machine_000,635,/mnt/zsn/lyb/arti-skill/exp/Articulated-Object-Code/released_outputs/objects/washing_machine/washing_machine_000,/mnt/zsn/lyb/arti-skill/exp/Articulated-Object-Code/released_outputs/objects/washing_machine/washing_machine_000/generated.urdf,/mnt/zsn/data/particulate/datasets/Articulated-Object-Code/renders/uniform660_one_per_category_studio_256_v1/washing_machine/washing_machine_000/imgs/000.png,71483,7934f629bfbda932537074aa74862bea4c8bd537870e2179a53b35138f8d65e4,#63ebc3
AR0637,water_spigot_with_handle_valve,water_spigot_with_handle_valve_000,636,/mnt/zsn/lyb/arti-skill/exp/Articulated-Object-Code/released_outputs/objects/water_spigot_with_handle_valve/water_spigot_with_handle_valve_000,/mnt/zsn/lyb/arti-skill/exp/Articulated-Object-Code/released_outputs/objects/water_spigot_with_handle_valve/water_spigot_with_handle_valve_000/generated.urdf,/mnt/zsn/data/particulate/datasets/Articulated-Object-Code/renders/uniform660_one_per_category_studio_256_v1/water_spigot_with_handle_valve/water_spigot_with_handle_valve_000/imgs/000.png,72451,72dcd8594d2fcb45f0e74906b46245a5db27729642ea3080159f7ea95fc348d4,#eb9558
AR0638,well_designed_car,well_designed_car_000,637,/mnt/zsn/lyb/arti-skill/exp/Articulated-Object-Code/released_outputs/objects/well_designed_car/well_designed_car_000,/mnt/zsn/lyb/arti-skill/exp/Articulated-Object-Code/released_outputs/objects/well_designed_car/well_designed_car_000/generated.urdf,/mnt/zsn/data/particulate/datasets/Articulated-Object-Code/renders/uniform660_one_per_category_studio_256_v1/well_designed_car/well_designed_car_000/imgs/000.png,69965,d0a61a5d960f49ab0255f90c45bd708e14da5a142c78861808f54ec37786f645,#614deb
AR0639,well_designed_compass_with_moving,well_designed_compass_with_moving_000,638,/mnt/zsn/lyb/arti-skill/exp/Articulated-Object-Code/released_outputs/objects/well_designed_compass_with_moving/well_designed_compass_with_moving_000,/mnt/zsn/lyb/arti-skill/exp/Articulated-Object-Code/released_outputs/objects/well_designed_compass_with_moving/well_designed_compass_with_moving_000/generated.urdf,/mnt/zsn/data/particulate/datasets/Articulated-Object-Code/renders/uniform660_one_per_category_studio_256_v1/well_designed_compass_with_moving/well_designed_compass_with_moving_000/imgs/000.png,67107,132c24f4aa451370406b818f245e6085c8d18297aec2edd33885a2b6dc69eef0,#5feb43
AR0640,well_designed_conveyor_system_with,well_designed_conveyor_system_with_000,639,/mnt/zsn/lyb/arti-skill/exp/Articulated-Object-Code/released_outputs/objects/well_designed_conveyor_system_with/well_designed_conveyor_system_with_000,/mnt/zsn/lyb/arti-skill/exp/Articulated-Object-Code/released_outputs/objects/well_designed_conveyor_system_with/well_designed_conveyor_system_with_000/generated.urdf,/mnt/zsn/data/particulate/datasets/Articulated-Object-Code/renders/uniform660_one_per_category_studio_256_v1/well_designed_conveyor_system_with/well_designed_conveyor_system_with_000/imgs/000.png,71123,85f7634ed32730fe2b077f9b5473a5f88819b80c558ddca12a5014ef33b2fb04,#eb388a
AR0641,well_designed_door_with_moving,well_designed_door_with_moving_000,640,/mnt/zsn/lyb/arti-skill/exp/Articulated-Object-Code/released_outputs/objects/well_designed_door_with_moving/well_designed_door_with_moving_000,/mnt/zsn/lyb/arti-skill/exp/Articulated-Object-Code/released_outputs/objects/well_designed_door_with_moving/well_designed_door_with_moving_000/generated.urdf,/mnt/zsn/data/particulate/datasets/Articulated-Object-Code/renders/uniform660_one_per_category_studio_256_v1/well_designed_door_with_moving/well_designed_door_with_moving_000/imgs/000.png,72514,b630bd382a65b911755483dbe2c9be2b498998888539dc29d7371511e6e71970,#4d9db8
AR0642,well_designed_excavator_arm_with,well_designed_excavator_arm_with_000,641,/mnt/zsn/lyb/arti-skill/exp/Articulated-Object-Code/released_outputs/objects/well_designed_excavator_arm_with/well_designed_excavator_arm_with_000,/mnt/zsn/lyb/arti-skill/exp/Articulated-Object-Code/released_outputs/objects/well_designed_excavator_arm_with/well_designed_excavator_arm_with_000/generated.urdf,/mnt/zsn/data/particulate/datasets/Articulated-Object-Code/renders/uniform660_one_per_category_studio_256_v1/well_designed_excavator_arm_with/well_designed_excavator_arm_with_000/imgs/000.png,69447,af5d0c6ac1206bfd92e2588cfb4311743a0d5e8f3232aedc2a57f96c76f0e388,#b8b345
AR0643,well_designed_hydraulic_jack_with,well_designed_hydraulic_jack_with_000,642,/mnt/zsn/lyb/arti-skill/exp/Articulated-Object-Code/released_outputs/objects/well_designed_hydraulic_jack_with/well_designed_hydraulic_jack_with_000,/mnt/zsn/lyb/arti-skill/exp/Articulated-Object-Code/released_outputs/objects/well_designed_hydraulic_jack_with/well_designed_hydraulic_jack_with_000/generated.urdf,/mnt/zsn/data/particulate/datasets/Articulated-Object-Code/renders/uniform660_one_per_category_studio_256_v1/well_designed_hydraulic_jack_with/well_designed_hydraulic_jack_with_000/imgs/000.png,73251,ef5a63bd3a9d930e56079cc3ff633cb3b9baec599d8ec0863d00ecd029f086cf,#8f3db8
AR0644,well_designed_microwave_with_moving,well_designed_microwave_with_moving_000,643,/mnt/zsn/lyb/arti-skill/exp/Articulated-Object-Code/released_outputs/objects/well_designed_microwave_with_moving/well_designed_microwave_with_moving_000,/mnt/zsn/lyb/arti-skill/exp/Articulated-Object-Code/released_outputs/objects/well_designed_microwave_with_moving/well_designed_microwave_with_moving_000/generated.urdf,/mnt/zsn/data/particulate/datasets/Articulated-Object-Code/renders/uniform660_one_per_category_studio_256_v1/well_designed_microwave_with_moving/well_designed_microwave_with_moving_000/imgs/000.png,75357,36e71d13b4cd9efc83d2fd0da6c49b3c31a9bf41a759e8b6022c36f73ca7853a,#34b866
AR0645,well_designed_remote_control_with,well_designed_remote_control_with_000,644,/mnt/zsn/lyb/arti-skill/exp/Articulated-Object-Code/released_outputs/objects/well_designed_remote_control_with/well_designed_remote_control_with_000,/mnt/zsn/lyb/arti-skill/exp/Articulated-Object-Code/released_outputs/objects/well_designed_remote_control_with/well_designed_remote_control_with_000/generated.urdf,/mnt/zsn/data/particulate/datasets/Articulated-Object-Code/renders/uniform660_one_per_category_studio_256_v1/well_designed_remote_control_with/well_designed_remote_control_with_000/imgs/000.png,72663,893a1fb13a1dde3bfb6b32aa3685692af0c303d98c77b52149fb354e37d55bd0,#b8382c
AR0646,wheel_loader_with_articulated_chassis,wheel_loader_with_articulated_chassis_002,645,/mnt/zsn/lyb/arti-skill/exp/Articulated-Object-Code/released_outputs/objects/wheel_loader_with_articulated_chassis/wheel_loader_with_articulated_chassis_002,/mnt/zsn/lyb/arti-skill/exp/Articulated-Object-Code/released_outputs/objects/wheel_loader_with_articulated_chassis/wheel_loader_with_articulated_chassis_002/generated.urdf,/mnt/zsn/data/particulate/datasets/Articulated-Object-Code/renders/uniform660_one_per_category_studio_256_v1/wheel_loader_with_articulated_chassis/wheel_loader_with_articulated_chassis_002/imgs/000.png,77267,1727a8abfc3b5b1e61cb5429693147cf6bc46ca473fdf2b897324e3b4058cb07,#546dc9
AR0647,wheelchair_with_large_rear_wheels_and_footrests,wheelchair_with_large_rear_wheels_and_footrests_000,646,/mnt/zsn/lyb/arti-skill/exp/Articulated-Object-Code/released_outputs/objects/wheelchair_with_large_rear_wheels_and_footrests/wheelchair_with_large_rear_wheels_and_footrests_000,/mnt/zsn/lyb/arti-skill/exp/Articulated-Object-Code/released_outputs/objects/wheelchair_with_large_rear_wheels_and_footrests/wheelchair_with_large_rear_wheels_and_footrests_000/generated.urdf,/mnt/zsn/data/particulate/datasets/Articulated-Object-Code/renders/uniform660_one_per_category_studio_256_v1/wheelchair_with_large_rear_wheels_and_footrests/wheelchair_with_large_rear_wheels_and_footrests_000/imgs/000.png,73666,52c810d46c8f660aa41f931c45846102d5f661483c9e5a975a6a7ad1e35a3ef3,#8ac94b
AR0648,wind_up_alarm_clock_with_bell_and_hammer,wind_up_alarm_clock_with_bell_and_hammer_000,647,/mnt/zsn/lyb/arti-skill/exp/Articulated-Object-Code/released_outputs/objects/wind_up_alarm_clock_with_bell_and_hammer/wind_up_alarm_clock_with_bell_and_hammer_000,/mnt/zsn/lyb/arti-skill/exp/Articulated-Object-Code/released_outputs/objects/wind_up_alarm_clock_with_bell_and_hammer/wind_up_alarm_clock_with_bell_and_hammer_000/generated.urdf,/mnt/zsn/data/particulate/datasets/Articulated-Object-Code/renders/uniform660_one_per_category_studio_256_v1/wind_up_alarm_clock_with_bell_and_hammer/wind_up_alarm_clock_with_bell_and_hammer_000/imgs/000.png,73955,29c369037a4f119a1e048dc225adf6d034617a86e6b4ab1a0b4b1d87c53da25c,#c942ad
AR0649,window,window_001,648,/mnt/zsn/lyb/arti-skill/exp/Articulated-Object-Code/released_outputs/objects/window/window_001,/mnt/zsn/lyb/arti-skill/exp/Articulated-Object-Code/released_outputs/objects/window/window_001/generated.urdf,/mnt/zsn/data/particulate/datasets/Articulated-Object-Code/renders/uniform660_one_per_category_studio_256_v1/window/window_001/imgs/000.png,71452,f3da19c9f6fafe169b70577e099686ef9a1d31fdd530251dedb5863753297af2,#39c9bd
AR0650,wireless_gaming_console_featuring_bluetooth,wireless_gaming_console_featuring_bluetooth_000,649,/mnt/zsn/lyb/arti-skill/exp/Articulated-Object-Code/released_outputs/objects/wireless_gaming_console_featuring_bluetooth/wireless_gaming_console_featuring_bluetooth_000,/mnt/zsn/lyb/arti-skill/exp/Articulated-Object-Code/released_outputs/objects/wireless_gaming_console_featuring_bluetooth/wireless_gaming_console_featuring_bluetooth_000/generated.urdf,/mnt/zsn/data/particulate/datasets/Articulated-Object-Code/renders/uniform660_one_per_category_studio_256_v1/wireless_gaming_console_featuring_bluetooth/wireless_gaming_console_featuring_bluetooth_000/imgs/000.png,74119,52fc4314656ce9aca24e0a9fa0b031921ef37095793104f6968b1fa6422d160e,#c98f30
AR0651,wireless_keyboard_with_ergonomic,wireless_keyboard_with_ergonomic_000,650,/mnt/zsn/lyb/arti-skill/exp/Articulated-Object-Code/released_outputs/objects/wireless_keyboard_with_ergonomic/wireless_keyboard_with_ergonomic_000,/mnt/zsn/lyb/arti-skill/exp/Articulated-Object-Code/released_outputs/objects/wireless_keyboard_with_ergonomic/wireless_keyboard_with_ergonomic_000/generated.urdf,/mnt/zsn/data/particulate/datasets/Articulated-Object-Code/renders/uniform660_one_per_category_studio_256_v1/wireless_keyboard_with_ergonomic/wireless_keyboard_with_ergonomic_000/imgs/000.png,70885,39f17a7bc493c7fca109eb807b3da1adb9daeea20f59cefd3d68c64ef2a93db7,#855bda
AR0652,wireless_keyboard_with_ergonomic_key_layout,wireless_keyboard_with_ergonomic_key_layout_000,651,/mnt/zsn/lyb/arti-skill/exp/Articulated-Object-Code/released_outputs/objects/wireless_keyboard_with_ergonomic_key_layout/wireless_keyboard_with_ergonomic_key_layout_000,/mnt/zsn/lyb/arti-skill/exp/Articulated-Object-Code/released_outputs/objects/wireless_keyboard_with_ergonomic_key_layout/wireless_keyboard_with_ergonomic_key_layout_000/generated.urdf,/mnt/zsn/data/particulate/datasets/Articulated-Object-Code/renders/uniform660_one_per_category_studio_256_v1/wireless_keyboard_with_ergonomic_key_layout/wireless_keyboard_with_ergonomic_key_layout_000/imgs/000.png,70069,fcca31231d351fd34f6b02935c0ad21a81bc62e0d5763f635c282a8229b039d3,#52da57
AR0653,wooden_dining_table,wooden_dining_table_000,652,/mnt/zsn/lyb/arti-skill/exp/Articulated-Object-Code/released_outputs/objects/wooden_dining_table/wooden_dining_table_000,/mnt/zsn/lyb/arti-skill/exp/Articulated-Object-Code/released_outputs/objects/wooden_dining_table/wooden_dining_table_000/generated.urdf,/mnt/zsn/data/particulate/datasets/Articulated-Object-Code/renders/uniform660_one_per_category_studio_256_v1/wooden_dining_table/wooden_dining_table_000/imgs/000.png,77192,f8ce261a8b42685c62a6fdef2eb38b0af1d070994e204230ba90b2e3b7ff737b,#da486c
AR0654,wooden_jewelry_box_with_compartmented,wooden_jewelry_box_with_compartmented_001,653,/mnt/zsn/lyb/arti-skill/exp/Articulated-Object-Code/released_outputs/objects/wooden_jewelry_box_with_compartmented/wooden_jewelry_box_with_compartmented_001,/mnt/zsn/lyb/arti-skill/exp/Articulated-Object-Code/released_outputs/objects/wooden_jewelry_box_with_compartmented/wooden_jewelry_box_with_compartmented_001/generated.urdf,/mnt/zsn/data/particulate/datasets/Articulated-Object-Code/renders/uniform660_one_per_category_studio_256_v1/wooden_jewelry_box_with_compartmented/wooden_jewelry_box_with_compartmented_001/imgs/000.png,71569,12cf40678832ac30e5cae69cdc0627a28dba669395e24b6caf9a05074ff8cd9b,#3e92da
AR0655,wooden_jewelry_box_with_compartmented_interior,wooden_jewelry_box_with_compartmented_interior_000,654,/mnt/zsn/lyb/arti-skill/exp/Articulated-Object-Code/released_outputs/objects/wooden_jewelry_box_with_compartmented_interior/wooden_jewelry_box_with_compartmented_interior_000,/mnt/zsn/lyb/arti-skill/exp/Articulated-Object-Code/released_outputs/objects/wooden_jewelry_box_with_compartmented_interior/wooden_jewelry_box_with_compartmented_interior_000/generated.urdf,/mnt/zsn/data/particulate/datasets/Articulated-Object-Code/renders/uniform660_one_per_category_studio_256_v1/wooden_jewelry_box_with_compartmented_interior/wooden_jewelry_box_with_compartmented_interior_000/imgs/000.png,72107,75bdfda308731e48e1642b87b59e9524637db36c7964aa0ec3db85d2502198c3,#beda34
AR0656,wooden_nutcracker_with_hinged_jaw,wooden_nutcracker_with_hinged_jaw_000,655,/mnt/zsn/lyb/arti-skill/exp/Articulated-Object-Code/released_outputs/objects/wooden_nutcracker_with_hinged_jaw/wooden_nutcracker_with_hinged_jaw_000,/mnt/zsn/lyb/arti-skill/exp/Articulated-Object-Code/released_outputs/objects/wooden_nutcracker_with_hinged_jaw/wooden_nutcracker_with_hinged_jaw_000/generated.urdf,/mnt/zsn/data/particulate/datasets/Articulated-Object-Code/renders/uniform660_one_per_category_studio_256_v1/wooden_nutcracker_with_hinged_jaw/wooden_nutcracker_with_hinged_jaw_000/imgs/000.png,71421,95ff4b7eeb54d6191065d33e853ceb299c5d19f4ddf65aa18afb113a3d14488c,#d963eb
AR0657,worm_gear_and_wheel_assembly,worm_gear_and_wheel_assembly_000,656,/mnt/zsn/lyb/arti-skill/exp/Articulated-Object-Code/released_outputs/objects/worm_gear_and_wheel_assembly/worm_gear_and_wheel_assembly_000,/mnt/zsn/lyb/arti-skill/exp/Articulated-Object-Code/released_outputs/objects/worm_gear_and_wheel_assembly/worm_gear_and_wheel_assembly_000/generated.urdf,/mnt/zsn/data/particulate/datasets/Articulated-Object-Code/renders/uniform660_one_per_category_studio_256_v1/worm_gear_and_wheel_assembly/worm_gear_and_wheel_assembly_000/imgs/000.png,73318,882ee3cc89897db5822e25c89cbcb77416505cfd8f0c0f9a1bceeb7c819ec2d7,#58ebad
AR0658,wristwatch_with_rotating_bezel_and_crown,wristwatch_with_rotating_bezel_and_crown_000,657,/mnt/zsn/lyb/arti-skill/exp/Articulated-Object-Code/released_outputs/objects/wristwatch_with_rotating_bezel_and_crown/wristwatch_with_rotating_bezel_and_crown_000,/mnt/zsn/lyb/arti-skill/exp/Articulated-Object-Code/released_outputs/objects/wristwatch_with_rotating_bezel_and_crown/wristwatch_with_rotating_bezel_and_crown_000/generated.urdf,/mnt/zsn/data/particulate/datasets/Articulated-Object-Code/renders/uniform660_one_per_category_studio_256_v1/wristwatch_with_rotating_bezel_and_crown/wristwatch_with_rotating_bezel_and_crown_000/imgs/000.png,68739,ec1d568581ba236200af62e84d8601f76fac7c6ff0bade2a9e204fc370d33be1,#eb7b4d
AR0659,zipper_consists_of_two,zipper_consists_of_two_004,658,/mnt/zsn/lyb/arti-skill/exp/Articulated-Object-Code/released_outputs/objects/zipper_consists_of_two/zipper_consists_of_two_004,/mnt/zsn/lyb/arti-skill/exp/Articulated-Object-Code/released_outputs/objects/zipper_consists_of_two/zipper_consists_of_two_004/generated.urdf,/mnt/zsn/data/particulate/datasets/Articulated-Object-Code/renders/uniform660_one_per_category_studio_256_v1/zipper_consists_of_two/zipper_consists_of_two_004/imgs/000.png,67790,8bd149bd66d8ed5ecb57858628cbab08d6729a6e34ce9747a94c2da461ff82b8,#4343eb
AR0660,zipper_consists_of_two_rows_of_interlocking_teet,zipper_consists_of_two_rows_of_interlocking_teet_000,659,/mnt/zsn/lyb/arti-skill/exp/Articulated-Object-Code/released_outputs/objects/zipper_consists_of_two_rows_of_interlocking_teet/zipper_consists_of_two_rows_of_interlocking_teet_000,/mnt/zsn/lyb/arti-skill/exp/Articulated-Object-Code/released_outputs/objects/zipper_consists_of_two_rows_of_interlocking_teet/zipper_consists_of_two_rows_of_interlocking_teet_000/generated.urdf,/mnt/zsn/data/particulate/datasets/Articulated-Object-Code/renders/uniform660_one_per_category_studio_256_v1/zipper_consists_of_two_rows_of_interlocking_teet/zipper_consists_of_two_rows_of_interlocking_teet_000/imgs/000.png,67987,74e3974b7937f9b57caa550c5f867251a1c585a80467bb4ba4b39ab2ce03a198,#6deb38
