category_id,category,dataset_id,ordinal,source_path,urdf_path,image_path,image_bytes,image_sha256,color
AR0001,adjustable_weight_bench_with_hinged_backrest,rec_adjustable_weight_bench_with_hinged_backrest_56eb49a8082a4b11be854daf974b3c0e,0,/mnt/zsn/lyb/arti-skill/exp/Articraft-10K/released_urdf/rec_adjustable_weight_bench_with_hinged_backrest_56eb49a8082a4b11be854daf974b3c0e,,/mnt/zsn/data/particulate/datasets/Articraft-10K/renders/uniform244_one_per_category_studio_256_v1/adjustable_weight_bench_with_hinged_backrest/rec_adjustable_weight_bench_with_hinged_backrest_56eb49a8082a4b11be854daf974b3c0e/imgs/000.png,82093,2efb2424a8ebbfc81bf420950780faacafc2610d5ec173f1f7cc57bab801272c,#b84d4d
AR0002,air_conditioning_machine,rec_air_conditioning_machine_fc7332c7847649aa996af1e67fe58df7,1,/mnt/zsn/lyb/arti-skill/exp/runtime/articraft_github_merged_10787_20260829/packages/rec_air_conditioning_machine_fc7332c7847649aa996af1e67fe58df7,,/mnt/zsn/data/particulate/datasets/Articraft-10K/renders/uniform244_one_per_category_studio_256_v1/air_conditioning_machine/rec_air_conditioning_machine_fc7332c7847649aa996af1e67fe58df7/imgs/000.png,71207,6de88539b58349038ae18043f8f1a0e6893b95ee48e5a323fa812df3ee09b84a,#4566b8
AR0003,air_fryer_with_pullout_basket,rec_air_fryer_with_pullout_basket_89ed1d6c25be4129aabd7ae858e2b048,2,/mnt/zsn/lyb/arti-skill/exp/runtime/articraft_github_merged_10787_20260829/packages/rec_air_fryer_with_pullout_basket_89ed1d6c25be4129aabd7ae858e2b048,,/mnt/zsn/data/particulate/datasets/Articraft-10K/renders/uniform244_one_per_category_studio_256_v1/air_fryer_with_pullout_basket/rec_air_fryer_with_pullout_basket_89ed1d6c25be4129aabd7ae858e2b048/imgs/000.png,76471,daee1ded35f97f12cf5dd2b829b5ca0368c9d81b03f3617404a30bc7b2bbd86e,#84b83d
AR0004,air_pump_with_t_handle,rec_air_pump_with_t_handle_90480d3defa949a1b1b139fce5065f40,3,/mnt/zsn/lyb/arti-skill/exp/Articraft-10K/released_urdf/rec_air_pump_with_t_handle_90480d3defa949a1b1b139fce5065f40,,/mnt/zsn/data/particulate/datasets/Articraft-10K/renders/uniform244_one_per_category_studio_256_v1/air_pump_with_t_handle/rec_air_pump_with_t_handle_90480d3defa949a1b1b139fce5065f40/imgs/000.png,75552,67ba08b840405219348f8ad407031f62ea16a897f6fc33724b624b790c777637,#b834a7
AR0005,air_purifier_with_filter_door,rec_air_purifier_with_filter_door_0004,4,/mnt/zsn/lyb/arti-skill/exp/Articraft-10K/released_urdf/rec_air_purifier_with_filter_door_0004,,/mnt/zsn/data/particulate/datasets/Articraft-10K/renders/uniform244_one_per_category_studio_256_v1/air_purifier_with_filter_door/rec_air_purifier_with_filter_door_0004/imgs/000.png,71043,b2eaa939527d0d28f3eab1f11a25f351e3f7f628c8989de34f65c49182549043,#2cb8a0
AR0006,all_in_one_printer_with_scanner_lid_and_paper_tray,rec_all_in_one_printer_with_scanner_lid_and_paper_tray_83beed49aac1402890ea96b85fa2884e,5,/mnt/zsn/lyb/arti-skill/exp/Articraft-10K/released_urdf/rec_all_in_one_printer_with_scanner_lid_and_paper_tray_83beed49aac1402890ea96b85fa2884e,,/mnt/zsn/data/particulate/datasets/Articraft-10K/renders/uniform244_one_per_category_studio_256_v1/all_in_one_printer_with_scanner_lid_and_paper_tray/rec_all_in_one_printer_with_scanner_lid_and_paper_tray_83beed49aac1402890ea96b85fa2884e/imgs/000.png,76571,27184b90cbe116abbfe189a47b04deb10720aed21c4ff0dcb96799a97631266e,#c99354
AR0007,arcade_machine,rec_arcade_machine_b1e034f7e0434758aa30cbdb8951c32e,6,/mnt/zsn/lyb/arti-skill/exp/Articraft-10K/released_urdf/rec_arcade_machine_b1e034f7e0434758aa30cbdb8951c32e,,/mnt/zsn/data/particulate/datasets/Articraft-10K/renders/uniform244_one_per_category_studio_256_v1/arcade_machine/rec_arcade_machine_b1e034f7e0434758aa30cbdb8951c32e/imgs/000.png,78468,747ef661f289d79417beb49974ebca11cdf1aae4f1e21db7abc65e3544473d73,#6a4bc9
AR0008,articulated_task_lamp,rec_create-a-simple-office-desk-lamp-with-a-weighted_20260426_224635_740536_bec61660,7,/mnt/zsn/lyb/arti-skill/exp/Articraft-10K/released_urdf/rec_create-a-simple-office-desk-lamp-with-a-weighted_20260426_224635_740536_bec61660,,/mnt/zsn/data/particulate/datasets/Articraft-10K/renders/uniform244_one_per_category_studio_256_v1/articulated_task_lamp/rec_create-a-simple-office-desk-lamp-with-a-weighted_20260426_224635_740536_bec61660/imgs/000.png,72586,46617a59d4a4d8eead268fccecce4d8ecf5b7d32aee55b790fd9010ef89932b6,#48c942
AR0009,astronomical_telescope_on_tripod,rec_astronomical_telescope_on_tripod_877aa633cfa347c4a25346b196d67ef1,8,/mnt/zsn/lyb/arti-skill/exp/Articraft-10K/released_urdf/rec_astronomical_telescope_on_tripod_877aa633cfa347c4a25346b196d67ef1,,/mnt/zsn/data/particulate/datasets/Articraft-10K/renders/uniform244_one_per_category_studio_256_v1/astronomical_telescope_on_tripod/rec_astronomical_telescope_on_tripod_877aa633cfa347c4a25346b196d67ef1/imgs/000.png,72042,2c226cc273e496d5a1db92f18c29fde277b7c2d37d77a29188bfb90efdbea068,#c93969
AR0010,atv_quad_bike,rec_create-a-realistic-articulated-3d-model-of-an-at_20260318_172037_db400e0e,9,/mnt/zsn/lyb/arti-skill/exp/Articraft-10K/released_urdf/rec_create-a-realistic-articulated-3d-model-of-an-at_20260318_172037_db400e0e,,/mnt/zsn/data/particulate/datasets/Articraft-10K/renders/uniform244_one_per_category_studio_256_v1/atv_quad_bike/rec_create-a-realistic-articulated-3d-model-of-an-at_20260318_172037_db400e0e/imgs/000.png,86039,70c9878c61a502341dea4ec7811ed9d7a7a8343770e33d8b9836993f7d74e506,#3090c9
AR0011,barrier_gate,rec_barrier_gate_f5a90fe573d14063922ad0a6600fe7ee,10,/mnt/zsn/lyb/arti-skill/exp/Articraft-10K/released_urdf/rec_barrier_gate_f5a90fe573d14063922ad0a6600fe7ee,,/mnt/zsn/data/particulate/datasets/Articraft-10K/renders/uniform244_one_per_category_studio_256_v1/barrier_gate/rec_barrier_gate_f5a90fe573d14063922ad0a6600fe7ee/imgs/000.png,72437,cd4b85f1a6f74f6db22ad50e8174203824026826424a00bcbff5c14613cbb1d6,#cfda5b
AR0012,bell_tower_with_swinging_bell,rec_bell_tower_with_swinging_bell_65f83abb46784f14a516d52ad4095a57,11,/mnt/zsn/lyb/arti-skill/exp/Articraft-10K/released_urdf/rec_bell_tower_with_swinging_bell_65f83abb46784f14a516d52ad4095a57,,/mnt/zsn/data/particulate/datasets/Articraft-10K/renders/uniform244_one_per_category_studio_256_v1/bell_tower_with_swinging_bell/rec_bell_tower_with_swinging_bell_65f83abb46784f14a516d52ad4095a57/imgs/000.png,79554,bbe4535499f0ebf3d847146e7ae30738467037c0040837229afb875987354b02,#bd52da
AR0013,bench_vise_with_prismatic_jaw,rec_bench_vise_with_prismatic_jaw_ee3d36ca0c344c229a82b07e26a74ca5,12,/mnt/zsn/lyb/arti-skill/exp/Articraft-10K/released_urdf/rec_bench_vise_with_prismatic_jaw_ee3d36ca0c344c229a82b07e26a74ca5,,/mnt/zsn/data/particulate/datasets/Articraft-10K/renders/uniform244_one_per_category_studio_256_v1/bench_vise_with_prismatic_jaw/rec_bench_vise_with_prismatic_jaw_ee3d36ca0c344c229a82b07e26a74ca5/imgs/000.png,76911,58008455b727235ca44f389ef5efb6e4267431e0769c79ce6d6d60fdd453b5e8,#48da90
AR0014,benchtop_monocular_laboratory_microscope,rec_benchtop_monocular_laboratory_microscope_43a116ac6e4546a093132d5c48f9e237,13,/mnt/zsn/lyb/arti-skill/exp/Articraft-10K/released_urdf/rec_benchtop_monocular_laboratory_microscope_43a116ac6e4546a093132d5c48f9e237,,/mnt/zsn/data/particulate/datasets/Articraft-10K/renders/uniform244_one_per_category_studio_256_v1/benchtop_monocular_laboratory_microscope/rec_benchtop_monocular_laboratory_microscope_43a116ac6e4546a093132d5c48f9e237/imgs/000.png,77314,30afb33254c5c12151e3469e18d9270ee8d696a3fd9db26d4a44cdb635872ac2,#da5e3e
AR0015,bicycle_crankset_and_pedal_assembly,rec_bicycle_crankset_and_pedal_assembly_683fd42cca4e4b45bc09017c9b856e23,14,/mnt/zsn/lyb/arti-skill/exp/Articraft-10K/released_urdf/rec_bicycle_crankset_and_pedal_assembly_683fd42cca4e4b45bc09017c9b856e23,,/mnt/zsn/data/particulate/datasets/Articraft-10K/renders/uniform244_one_per_category_studio_256_v1/bicycle_crankset_and_pedal_assembly/rec_bicycle_crankset_and_pedal_assembly_683fd42cca4e4b45bc09017c9b856e23/imgs/000.png,73669,86dc8647408b84cbc35aa86d9c5c681e4c668329940a3c9e0214ce477f4a64f0,#3442da
AR0016,bicycle_dropper_seatpost_assembly,rec_bicycle_dropper_seatpost_assembly_2355716c5f38441d83aa4acd7f1c58f0,15,/mnt/zsn/lyb/arti-skill/exp/Articraft-10K/released_urdf/rec_bicycle_dropper_seatpost_assembly_2355716c5f38441d83aa4acd7f1c58f0,,/mnt/zsn/data/particulate/datasets/Articraft-10K/renders/uniform244_one_per_category_studio_256_v1/bicycle_dropper_seatpost_assembly/rec_bicycle_dropper_seatpost_assembly_2355716c5f38441d83aa4acd7f1c58f0/imgs/000.png,70919,5365303887f64f7657fe75d4a0a35e57d54130528f65a8dbbf274f2227753c02,#96eb63
AR0017,bicycle_fork_and_handlebar_assembly,rec_bicycle_fork_and_handlebar_assembly_b984112a39024e9b966ed6e3a1b19e32,16,/mnt/zsn/lyb/arti-skill/exp/Articraft-10K/released_urdf/rec_bicycle_fork_and_handlebar_assembly_b984112a39024e9b966ed6e3a1b19e32,,/mnt/zsn/data/particulate/datasets/Articraft-10K/renders/uniform244_one_per_category_studio_256_v1/bicycle_fork_and_handlebar_assembly/rec_bicycle_fork_and_handlebar_assembly_b984112a39024e9b966ed6e3a1b19e32/imgs/000.png,70333,05ab6299192c6d40a68132e85a89b01fa8ad0fa4e389fb4123fffc4c792e9406,#eb58ba
AR0018,binoculars,rec_binoculars_4be3a8a8bd2745b594bff0afc550a083,17,/mnt/zsn/lyb/arti-skill/exp/Articraft-10K/released_urdf/rec_binoculars_4be3a8a8bd2745b594bff0afc550a083,,/mnt/zsn/data/particulate/datasets/Articraft-10K/renders/uniform244_one_per_category_studio_256_v1/binoculars/rec_binoculars_4be3a8a8bd2745b594bff0afc550a083/imgs/000.png,84423,bd5f22d82c1b4768d33bc04828804591b09bd62b719f6efd5940bb4d1af1536c,#4de4eb
AR0019,blender,rec_blender_e51dd71ce7834ab2b8acb424b824059d,18,/mnt/zsn/lyb/arti-skill/exp/Articraft-10K/released_urdf/rec_blender_e51dd71ce7834ab2b8acb424b824059d,,/mnt/zsn/data/particulate/datasets/Articraft-10K/renders/uniform244_one_per_category_studio_256_v1/blender/rec_blender_e51dd71ce7834ab2b8acb424b824059d/imgs/000.png,74901,9924352efa64abd472393146cd5d82132325f1dcc3a1c3be1db30f70870c7b8e,#ebc043
AR0020,blimp,rec_blimp_c99f30a9d6d64ec0a68c5265140bbe44,19,/mnt/zsn/lyb/arti-skill/exp/Articraft-10K/released_urdf/rec_blimp_c99f30a9d6d64ec0a68c5265140bbe44,,/mnt/zsn/data/particulate/datasets/Articraft-10K/renders/uniform244_one_per_category_studio_256_v1/blimp/rec_blimp_c99f30a9d6d64ec0a68c5265140bbe44/imgs/000.png,69693,cd2bb63e5431a4df19b7b5b1d6b8904381f9f4626bbf89c470477269f9ff2e22,#8a38eb
AR0021,box_fan_with_control_knob,rec_box_fan_with_control_knob_6a62e6ff31564c17adb6082393aa4d9c,20,/mnt/zsn/lyb/arti-skill/exp/Articraft-10K/released_urdf/rec_box_fan_with_control_knob_6a62e6ff31564c17adb6082393aa4d9c,,/mnt/zsn/data/particulate/datasets/Articraft-10K/renders/uniform244_one_per_category_studio_256_v1/box_fan_with_control_knob/rec_box_fan_with_control_knob_6a62e6ff31564c17adb6082393aa4d9c/imgs/000.png,78303,7cfc1608b078f1eabfd490213d83bbded6090c578e0e6c3ba8695250401d10e0,#4db85f
AR0022,branching_tree_with_three_independent_rotary_branches,rec_branching_tree_with_three_independent_rotary_branches_0003,21,/mnt/zsn/lyb/arti-skill/exp/runtime/articraft_github_merged_10787_20260829/packages/rec_branching_tree_with_three_independent_rotary_branches_0003,,/mnt/zsn/data/particulate/datasets/Articraft-10K/renders/uniform244_one_per_category_studio_256_v1/branching_tree_with_three_independent_rotary_branches/rec_branching_tree_with_three_independent_rotary_branches_0003/imgs/000.png,75268,14a630dc8e0e949765cef28b4377a0fd88ee612d90d6828cbe14010ace656eff,#b84554
AR0023,branching_tree_with_two_independent_rotary_branches,rec_branching_tree_with_two_independent_rotary_branches_d6a279d480704ba584e3f5ee1ddba80d,22,/mnt/zsn/lyb/arti-skill/exp/Articraft-10K/released_urdf/rec_branching_tree_with_two_independent_rotary_branches_d6a279d480704ba584e3f5ee1ddba80d,,/mnt/zsn/data/particulate/datasets/Articraft-10K/renders/uniform244_one_per_category_studio_256_v1/branching_tree_with_two_independent_rotary_branches/rec_branching_tree_with_two_independent_rotary_branches_d6a279d480704ba584e3f5ee1ddba80d/imgs/000.png,72468,e59fbb9e67163ba9427d6f5806b8ee4189bdf1be373f2ef7a5a122421e493748,#3d70b8
AR0024,bread_maker_with_hinged_lid,rec_bread_maker_with_hinged_lid_ee392829d5cc467299b5d4bd34bd070c,23,/mnt/zsn/lyb/arti-skill/exp/runtime/articraft_github_merged_10787_20260829/packages/rec_bread_maker_with_hinged_lid_ee392829d5cc467299b5d4bd34bd070c,,/mnt/zsn/data/particulate/datasets/Articraft-10K/renders/uniform244_one_per_category_studio_256_v1/bread_maker_with_hinged_lid/rec_bread_maker_with_hinged_lid_ee392829d5cc467299b5d4bd34bd070c/imgs/000.png,71923,f873e17ad7008a8175507e7b9d64f69c08247f5a2c1fb683a72fb84e9111cd69,#92b834
AR0025,camcorder_with_flipout_screen,rec_camcorder_with_flipout_screen_ab3c4109c22e419a89bb4ae9e7728b89,24,/mnt/zsn/lyb/arti-skill/exp/Articraft-10K/released_urdf/rec_camcorder_with_flipout_screen_ab3c4109c22e419a89bb4ae9e7728b89,,/mnt/zsn/data/particulate/datasets/Articraft-10K/renders/uniform244_one_per_category_studio_256_v1/camcorder_with_flipout_screen/rec_camcorder_with_flipout_screen_ab3c4109c22e419a89bb4ae9e7728b89/imgs/000.png,80514,166726523367a972b756ec38e471ae048476a4ee49fbe621cc6e73f52c8459c0,#b72cb8
AR0026,camera_flash,rec_camera_flash_5429b662e9ab4e3eae11495d646eb94d,25,/mnt/zsn/lyb/arti-skill/exp/Articraft-10K/released_urdf/rec_camera_flash_5429b662e9ab4e3eae11495d646eb94d,,/mnt/zsn/data/particulate/datasets/Articraft-10K/renders/uniform244_one_per_category_studio_256_v1/camera_flash/rec_camera_flash_5429b662e9ab4e3eae11495d646eb94d/imgs/000.png,80163,b9e0c17631ed22882a2726472fcc33031137243ac8fdf007398f78537a8300c4,#54c9a6
AR0027,camera_lens,rec_camera_lens_0002,26,/mnt/zsn/lyb/arti-skill/exp/Articraft-10K/released_urdf/rec_camera_lens_0002,,/mnt/zsn/data/particulate/datasets/Articraft-10K/renders/uniform244_one_per_category_studio_256_v1/camera_lens/rec_camera_lens_0002/imgs/000.png,79844,0735851ca8768e9d91d72d86aab94a82b488be7881a2bd48eb661a61cbf1eeac,#c97f4b
AR0028,candy_vending_machine,rec_candy_vending_machine_853ebf9e3bad4194898857b3b2ce1ee5,27,/mnt/zsn/lyb/arti-skill/exp/Articraft-10K/released_urdf/rec_candy_vending_machine_853ebf9e3bad4194898857b3b2ce1ee5,,/mnt/zsn/data/particulate/datasets/Articraft-10K/renders/uniform244_one_per_category_studio_256_v1/candy_vending_machine/rec_candy_vending_machine_853ebf9e3bad4194898857b3b2ce1ee5/imgs/000.png,75697,2c2cb4520c79c68d9121b28ffb505904fdb5fbbe840ea557126e8dd5b5c12826,#5342c9
AR0029,cannon,rec_cannon_1f8c2c130d494b8b8157820ebe8af346,28,/mnt/zsn/lyb/arti-skill/exp/Articraft-10K/released_urdf/rec_cannon_1f8c2c130d494b8b8157820ebe8af346,,/mnt/zsn/data/particulate/datasets/Articraft-10K/renders/uniform244_one_per_category_studio_256_v1/cannon/rec_cannon_1f8c2c130d494b8b8157820ebe8af346/imgs/000.png,83871,c78496eec5a3dd7811117d59bfb9a90881400671847c8591e69088a59d5493b8,#52c939
AR0030,cantilever_articulated_arm,rec_cantilever_articulated_arm_5db4d00d3a8d43f78a5bdb273af1704b,29,/mnt/zsn/lyb/arti-skill/exp/Articraft-10K/released_urdf/rec_cantilever_articulated_arm_5db4d00d3a8d43f78a5bdb273af1704b,,/mnt/zsn/data/particulate/datasets/Articraft-10K/renders/uniform244_one_per_category_studio_256_v1/cantilever_articulated_arm/rec_cantilever_articulated_arm_5db4d00d3a8d43f78a5bdb273af1704b/imgs/000.png,69404,100049b5b779e357390c33dd369773598d4327604719e4e123d93f2da295c8aa,#c93077
AR0031,car_axles,rec_car_axles_0007,30,/mnt/zsn/lyb/arti-skill/exp/Articraft-10K/released_urdf/rec_car_axles_0007,,/mnt/zsn/data/particulate/datasets/Articraft-10K/renders/uniform244_one_per_category_studio_256_v1/car_axles/rec_car_axles_0007/imgs/000.png,76465,4bfc6466c2bfad8422ec75aef5f2eee28f8f35497b9b45fcd61c1ecba4de5d6a,#5bbbda
AR0032,car_sunroof_cassette,rec_car_sunroof_cassette_b3da427bdafb42e4b0eda57d54b40d84,31,/mnt/zsn/lyb/arti-skill/exp/Articraft-10K/released_urdf/rec_car_sunroof_cassette_b3da427bdafb42e4b0eda57d54b40d84,,/mnt/zsn/data/particulate/datasets/Articraft-10K/renders/uniform244_one_per_category_studio_256_v1/car_sunroof_cassette/rec_car_sunroof_cassette_b3da427bdafb42e4b0eda57d54b40d84/imgs/000.png,75820,214dfd2a1f4ee505afe5a02b549ebc2ce2013785d350e28cc6aa5139a0083ed1,#dad352
AR0033,cash_register,rec_cash_register_ec2b5e16cd314c6ab1d317180156a347,32,/mnt/zsn/lyb/arti-skill/exp/Articraft-10K/released_urdf/rec_cash_register_ec2b5e16cd314c6ab1d317180156a347,,/mnt/zsn/data/particulate/datasets/Articraft-10K/renders/uniform244_one_per_category_studio_256_v1/cash_register/rec_cash_register_ec2b5e16cd314c6ab1d317180156a347/imgs/000.png,78982,29ef554e2f2ec47913fb069b7d55fd7e62831bcc79f01403ea0e85cee79bdfa2,#a848da
AR0034,casino_machine,rec_casino_machine_cfba59645a80411f8bed2072f9a9bfcf,33,/mnt/zsn/lyb/arti-skill/exp/Articraft-10K/released_urdf/rec_casino_machine_cfba59645a80411f8bed2072f9a9bfcf,,/mnt/zsn/data/particulate/datasets/Articraft-10K/renders/uniform244_one_per_category_studio_256_v1/casino_machine/rec_casino_machine_cfba59645a80411f8bed2072f9a9bfcf/imgs/000.png,81105,3a739b6c6561e7ae6f4a7fc000f9ee628b5161b30c4ad6d6e76f01c71d04325b,#3eda78
AR0035,cctv_mast_with_pantilt_camera_head,rec_cctv_mast_with_pantilt_camera_head_4cfaa1f085bb41f2a5bd9710bb29be70,34,/mnt/zsn/lyb/arti-skill/exp/Articraft-10K/released_urdf/rec_cctv_mast_with_pantilt_camera_head_4cfaa1f085bb41f2a5bd9710bb29be70,,/mnt/zsn/data/particulate/datasets/Articraft-10K/renders/uniform244_one_per_category_studio_256_v1/cctv_mast_with_pantilt_camera_head/rec_cctv_mast_with_pantilt_camera_head_4cfaa1f085bb41f2a5bd9710bb29be70/imgs/000.png,69713,cb416d92c88f22b89fcafb31bbeeced1db1abd0e0c6144265281c98ef72a2565,#da4134
AR0036,ceiling_fan,rec_ceiling_fan_2ecd1aedda2943b4b4780a5c78f63138,35,/mnt/zsn/lyb/arti-skill/exp/Articraft-10K/released_urdf/rec_ceiling_fan_2ecd1aedda2943b4b4780a5c78f63138,,/mnt/zsn/data/particulate/datasets/Articraft-10K/renders/uniform244_one_per_category_studio_256_v1/ceiling_fan/rec_ceiling_fan_2ecd1aedda2943b4b4780a5c78f63138/imgs/000.png,71029,8fb6f1e6c4d3e3387da6d1492f73541b30f418449567c7ee5feee4587bf7d551,#637feb
AR0037,ceiling_light_fixture,rec_ceiling_light_fixture_644537be25d14e18be8eb088649fcd1f,36,/mnt/zsn/lyb/arti-skill/exp/Articraft-10K/released_urdf/rec_ceiling_light_fixture_644537be25d14e18be8eb088649fcd1f,,/mnt/zsn/data/particulate/datasets/Articraft-10K/renders/uniform244_one_per_category_studio_256_v1/ceiling_light_fixture/rec_ceiling_light_fixture_644537be25d14e18be8eb088649fcd1f/imgs/000.png,68874,94355c8c4c9486ee6f8f6c716221a591fd6bbf0a35010ffcd17feac705d47cf4,#a2eb58
AR0038,centrifugal_juicer_with_articulated_components,rec_centrifugal_juicer_with_articulated_components_e6ca607d17384ea78201b55426b518cc,37,/mnt/zsn/lyb/arti-skill/exp/Articraft-10K/released_urdf/rec_centrifugal_juicer_with_articulated_components_e6ca607d17384ea78201b55426b518cc,,/mnt/zsn/data/particulate/datasets/Articraft-10K/renders/uniform244_one_per_category_studio_256_v1/centrifugal_juicer_with_articulated_components/rec_centrifugal_juicer_with_articulated_components_e6ca607d17384ea78201b55426b518cc/imgs/000.png,74268,cfd2e7090cc60ebc1270dc22213e6d1574ff90346f722ef38321543e7b7ece74,#eb4dcb
AR0039,chest_freezer_with_hinged_lid,rec_chest_freezer_with_hinged_lid_0003,38,/mnt/zsn/lyb/arti-skill/exp/Articraft-10K/released_urdf/rec_chest_freezer_with_hinged_lid_0003,,/mnt/zsn/data/particulate/datasets/Articraft-10K/renders/uniform244_one_per_category_studio_256_v1/chest_freezer_with_hinged_lid/rec_chest_freezer_with_hinged_lid_0003/imgs/000.png,73913,31b0f7935a3e89a10010570eff01e5df1f0f62374687092c07797453b815729c,#43ebdc
AR0040,clamp_meter_with_hinged_jaw_and_rotary_selector,rec_clamp_meter_with_hinged_jaw_and_rotary_selector_65542eb3bd604485b57ad41f8a9da67b,39,/mnt/zsn/lyb/arti-skill/exp/runtime/articraft_github_merged_10787_20260829/packages/rec_clamp_meter_with_hinged_jaw_and_rotary_selector_65542eb3bd604485b57ad41f8a9da67b,,/mnt/zsn/data/particulate/datasets/Articraft-10K/renders/uniform244_one_per_category_studio_256_v1/clamp_meter_with_hinged_jaw_and_rotary_selector/rec_clamp_meter_with_hinged_jaw_and_rotary_selector_65542eb3bd604485b57ad41f8a9da67b/imgs/000.png,73575,b344d1a01479efc022e3aa75d106892c7bf4b934bc63e62dba3011ce8e12767e,#eba738
AR0041,clock_tower_with_rotating_hour_and_minute_hands,rec_clock_tower_with_rotating_hour_and_minute_hands_6dbfde27810d4089aa41c56299983556,40,/mnt/zsn/lyb/arti-skill/exp/Articraft-10K/released_urdf/rec_clock_tower_with_rotating_hour_and_minute_hands_6dbfde27810d4089aa41c56299983556,,/mnt/zsn/data/particulate/datasets/Articraft-10K/renders/uniform244_one_per_category_studio_256_v1/clock_tower_with_rotating_hour_and_minute_hands/rec_clock_tower_with_rotating_hour_and_minute_hands_6dbfde27810d4089aa41c56299983556/imgs/000.png,84865,7a5f1311288ae40cd2dff60bd567bc2970d88184edc73c0691a6094d244929e3,#704db8
AR0042,coaxial_rotary_stack,rec_coaxial_rotary_stack_1fde57b87ddb4e10afc0281765190dbc,41,/mnt/zsn/lyb/arti-skill/exp/Articraft-10K/released_urdf/rec_coaxial_rotary_stack_1fde57b87ddb4e10afc0281765190dbc,,/mnt/zsn/data/particulate/datasets/Articraft-10K/renders/uniform244_one_per_category_studio_256_v1/coaxial_rotary_stack/rec_coaxial_rotary_stack_1fde57b87ddb4e10afc0281765190dbc/imgs/000.png,77535,3eba4260eccf95004f58eef496f87042c2622366fa105db511bcd3f61c3d7223,#45b849
AR0043,conventional_oven_with_dropdown_door,rec_conventional_oven_with_dropdown_door_a599565a9e2c4353ba7d4244270bb902,42,/mnt/zsn/lyb/arti-skill/exp/Articraft-10K/released_urdf/rec_conventional_oven_with_dropdown_door_a599565a9e2c4353ba7d4244270bb902,,/mnt/zsn/data/particulate/datasets/Articraft-10K/renders/uniform244_one_per_category_studio_256_v1/conventional_oven_with_dropdown_door/rec_conventional_oven_with_dropdown_door_a599565a9e2c4353ba7d4244270bb902/imgs/000.png,71998,743ea01071d2d478a3ab29731ca21188e8e222e4f2b3af1618ba76b5d6737b53,#b83d5c
AR0044,crane_tower,rec_crane_tower_d244b3e6593b4e8c93577ad1f45bfae8,43,/mnt/zsn/lyb/arti-skill/exp/Articraft-10K/released_urdf/rec_crane_tower_d244b3e6593b4e8c93577ad1f45bfae8,,/mnt/zsn/data/particulate/datasets/Articraft-10K/renders/uniform244_one_per_category_studio_256_v1/crane_tower/rec_crane_tower_d244b3e6593b4e8c93577ad1f45bfae8/imgs/000.png,73421,a69c65baceaad419678e3da4805114f7213c0da559e8d9692416925a93afbc39,#347cb8
AR0045,dehumidifier_with_pullout_water_bucket,rec_dehumidifier_with_pullout_water_bucket_f828724fdf204b65946f1618094b5bf4,44,/mnt/zsn/lyb/arti-skill/exp/Articraft-10K/released_urdf/rec_dehumidifier_with_pullout_water_bucket_f828724fdf204b65946f1618094b5bf4,,/mnt/zsn/data/particulate/datasets/Articraft-10K/renders/uniform244_one_per_category_studio_256_v1/dehumidifier_with_pullout_water_bucket/rec_dehumidifier_with_pullout_water_bucket_f828724fdf204b65946f1618094b5bf4/imgs/000.png,75264,5a2ce6671a9fa4cce50cb69354485206cba3d1f0db52920c6b627e29949f0e5e,#a1b82c
AR0046,desk_with_drawer,rec_desk_with_drawer_2668256f4fce431186b0469a78176c49,45,/mnt/zsn/lyb/arti-skill/exp/Articraft-10K/released_urdf/rec_desk_with_drawer_2668256f4fce431186b0469a78176c49,,/mnt/zsn/data/particulate/datasets/Articraft-10K/renders/uniform244_one_per_category_studio_256_v1/desk_with_drawer/rec_desk_with_drawer_2668256f4fce431186b0469a78176c49/imgs/000.png,75319,7503d985689b676edae86b37495df5ad586f1041892fdadb5683ad42515bc39a,#b954c9
AR0047,desktop_hole_punch_with_articulated_components,rec_desktop_hole_punch_with_articulated_components_248e3a77405d4475a17bf3655af89b16,46,/mnt/zsn/lyb/arti-skill/exp/runtime/articraft_github_merged_10787_20260829/packages/rec_desktop_hole_punch_with_articulated_components_248e3a77405d4475a17bf3655af89b16,,/mnt/zsn/data/particulate/datasets/Articraft-10K/renders/uniform244_one_per_category_studio_256_v1/desktop_hole_punch_with_articulated_components/rec_desktop_hole_punch_with_articulated_components_248e3a77405d4475a17bf3655af89b16/imgs/000.png,74955,e2a55a0b65228ed86e4d7f47df5718a6c7bb2880ecbcbf5e697d9250d486ff27,#4bc994
AR0048,desktop_monitor_with_tilt_swivel_stand,rec_desktop_monitor_with_tilt_swivel_stand_fceb7f0eb30949119c940e45a40bc662,47,/mnt/zsn/lyb/arti-skill/exp/Articraft-10K/released_urdf/rec_desktop_monitor_with_tilt_swivel_stand_fceb7f0eb30949119c940e45a40bc662,,/mnt/zsn/data/particulate/datasets/Articraft-10K/renders/uniform244_one_per_category_studio_256_v1/desktop_monitor_with_tilt_swivel_stand/rec_desktop_monitor_with_tilt_swivel_stand_fceb7f0eb30949119c940e45a40bc662/imgs/000.png,74147,42fda7fe9890630d1c96a5248574451c7e8a4cdd55fee6e357256e17ed06f24e,#c96942
AR0049,desktop_pc_tower,rec_desktop_pc_tower_ed85359899724cddb9091e733b06892a,48,/mnt/zsn/lyb/arti-skill/exp/Articraft-10K/released_urdf/rec_desktop_pc_tower_ed85359899724cddb9091e733b06892a,,/mnt/zsn/data/particulate/datasets/Articraft-10K/renders/uniform244_one_per_category_studio_256_v1/desktop_pc_tower/rec_desktop_pc_tower_ed85359899724cddb9091e733b06892a/imgs/000.png,83434,7e8099d6b20272a4dfde257ab84149330ff0e1bf4318f9bbc9db37e85ef83426,#393ac9
AR0050,desktop_pencil_sharpener_with_hand_crank_and_drawer,rec_desktop_pencil_sharpener_with_hand_crank_and_drawer_ee16b3237f004ab0824dc96b5d2b67c1,49,/mnt/zsn/lyb/arti-skill/exp/Articraft-10K/released_urdf/rec_desktop_pencil_sharpener_with_hand_crank_and_drawer_ee16b3237f004ab0824dc96b5d2b67c1,,/mnt/zsn/data/particulate/datasets/Articraft-10K/renders/uniform244_one_per_category_studio_256_v1/desktop_pencil_sharpener_with_hand_crank_and_drawer/rec_desktop_pencil_sharpener_with_hand_crank_and_drawer_ee16b3237f004ab0824dc96b5d2b67c1/imgs/000.png,75970,84ef5661efda6ef895493311e1728dc08446d648c5a1ca94e79e229deeeb9e6f,#5ec930
AR0051,desktop_stapler_with_hinged_top_arm,rec_desktop_stapler_with_hinged_top_arm_eaacb123ddb84ba4a95557bc23914481,50,/mnt/zsn/lyb/arti-skill/exp/Articraft-10K/released_urdf/rec_desktop_stapler_with_hinged_top_arm_eaacb123ddb84ba4a95557bc23914481,,/mnt/zsn/data/particulate/datasets/Articraft-10K/renders/uniform244_one_per_category_studio_256_v1/desktop_stapler_with_hinged_top_arm/rec_desktop_stapler_with_hinged_top_arm_eaacb123ddb84ba4a95557bc23914481/imgs/000.png,72254,3a4766bf5ad3c0acc55a7ceffce66e3952fce17d41fe5b07e9c1ba69e9d13685,#da5ba6
AR0052,digital_multimeter_with_tilt_stand_and_rotary_selector,rec_digital_multimeter_with_tilt_stand_and_rotary_selector_dbc6332891394adcbc2454c9ddc86ae9,51,/mnt/zsn/lyb/arti-skill/exp/Articraft-10K/released_urdf/rec_digital_multimeter_with_tilt_stand_and_rotary_selector_dbc6332891394adcbc2454c9ddc86ae9,,/mnt/zsn/data/particulate/datasets/Articraft-10K/renders/uniform244_one_per_category_studio_256_v1/digital_multimeter_with_tilt_stand_and_rotary_selector/rec_digital_multimeter_with_tilt_stand_and_rotary_selector_dbc6332891394adcbc2454c9ddc86ae9/imgs/000.png,73813,e4c0d0a58a5ce436f554dd4dab3d23f2f6e2f737a6d7b9527900543e608fc796,#52c9da
AR0053,dishwasher_with_dropdown_door_and_sliding_racks,rec_dishwasher_with_dropdown_door_and_sliding_racks_62d1e6c5beec4a9e87994a3fdf795567,52,/mnt/zsn/lyb/arti-skill/exp/Articraft-10K/released_urdf/rec_dishwasher_with_dropdown_door_and_sliding_racks_62d1e6c5beec4a9e87994a3fdf795567,,/mnt/zsn/data/particulate/datasets/Articraft-10K/renders/uniform244_one_per_category_studio_256_v1/dishwasher_with_dropdown_door_and_sliding_racks/rec_dishwasher_with_dropdown_door_and_sliding_racks_62d1e6c5beec4a9e87994a3fdf795567/imgs/000.png,73789,8ba84bb1235b0182616cee5c4fed609d4a8e8908196236b2b988d25fefea61fe,#dac048
AR0054,display_freezer_with_sliding_glass_lids,rec_display_freezer_with_sliding_glass_lids_84b667201ca04178883be8d5243aca46,53,/mnt/zsn/lyb/arti-skill/exp/Articraft-10K/released_urdf/rec_display_freezer_with_sliding_glass_lids_84b667201ca04178883be8d5243aca46,,/mnt/zsn/data/particulate/datasets/Articraft-10K/renders/uniform244_one_per_category_studio_256_v1/display_freezer_with_sliding_glass_lids/rec_display_freezer_with_sliding_glass_lids_84b667201ca04178883be8d5243aca46/imgs/000.png,73869,a3a4ac9e156639ffe0847e9452c89a64af82d6f123fde22af227d91b9844c27e,#913eda
AR0055,dj_equipment,rec_dj_equipment_e35a24052f4f4bc7b0ae566280ad3a39,54,/mnt/zsn/lyb/arti-skill/exp/Articraft-10K/released_urdf/rec_dj_equipment_e35a24052f4f4bc7b0ae566280ad3a39,,/mnt/zsn/data/particulate/datasets/Articraft-10K/renders/uniform244_one_per_category_studio_256_v1/dj_equipment/rec_dj_equipment_e35a24052f4f4bc7b0ae566280ad3a39/imgs/000.png,80874,d36fd6589ebf63e88f0f34a300f53bf3fdcb4d9a82e7a10d0cc79390b5edcbb7,#34da5c
AR0056,dock_loading_ramp,rec_dock_loading_ramp_0001,55,/mnt/zsn/lyb/arti-skill/exp/Articraft-10K/released_urdf/rec_dock_loading_ramp_0001,,/mnt/zsn/data/particulate/datasets/Articraft-10K/renders/uniform244_one_per_category_studio_256_v1/dock_loading_ramp/rec_dock_loading_ramp_0001/imgs/000.png,76281,be4a094f5b5d75a188ec51bfa690bbd4a3f7fa684d7f79c84696ca177eff5666,#eb6369
AR0057,drawer_cabinet_with_sliding_drawers,rec_drawer_cabinet_with_sliding_drawers_cca8a138c3d94ec7991f48f8ed3d5a53,56,/mnt/zsn/lyb/arti-skill/exp/Articraft-10K/released_urdf/rec_drawer_cabinet_with_sliding_drawers_cca8a138c3d94ec7991f48f8ed3d5a53,,/mnt/zsn/data/particulate/datasets/Articraft-10K/renders/uniform244_one_per_category_studio_256_v1/drawer_cabinet_with_sliding_drawers/rec_drawer_cabinet_with_sliding_drawers_cca8a138c3d94ec7991f48f8ed3d5a53/imgs/000.png,74127,7ec666faa0fa2b26adbb2960230f75e8a48329b70238be228a9b259363809edf,#588aeb
AR0058,drillpress_tilt_table,rec_drillpress_tilt_table_f86c3a654c284a58b49cd9087ce3f654,57,/mnt/zsn/lyb/arti-skill/exp/Articraft-10K/released_urdf/rec_drillpress_tilt_table_f86c3a654c284a58b49cd9087ce3f654,,/mnt/zsn/data/particulate/datasets/Articraft-10K/renders/uniform244_one_per_category_studio_256_v1/drillpress_tilt_table/rec_drillpress_tilt_table_f86c3a654c284a58b49cd9087ce3f654/imgs/000.png,73456,e319beb3ce3cfc121165b946c72f792594a5a7e3190019a39945ea701113f280,#b1eb4d
AR0059,drone,rec_drone_0004,58,/mnt/zsn/lyb/arti-skill/exp/Articraft-10K/released_urdf/rec_drone_0004,,/mnt/zsn/data/particulate/datasets/Articraft-10K/renders/uniform244_one_per_category_studio_256_v1/drone/rec_drone_0004/imgs/000.png,71490,d84175daaf806e2c241f07afba5d1009240fa656e6cca4524dd1b5ed4cb1d91e,#eb43de
AR0060,dual_independent_finger_chains,rec_dual_independent_finger_chains_7b55d7b36d664bcfa1b778caa3174286,59,/mnt/zsn/lyb/arti-skill/exp/Articraft-10K/released_urdf/rec_dual_independent_finger_chains_7b55d7b36d664bcfa1b778caa3174286,,/mnt/zsn/data/particulate/datasets/Articraft-10K/renders/uniform244_one_per_category_studio_256_v1/dual_independent_finger_chains/rec_dual_independent_finger_chains_7b55d7b36d664bcfa1b778caa3174286/imgs/000.png,73988,22aff7a6b8825331a9c33d6dd5641aa063423f35e9364afa7570d23e23b35230,#38ebc4
AR0061,dualcolumn_lift_carriage,rec_dualcolumn_lift_carriage_487aed5b79d146e5b3dd0617229f8b5e,60,/mnt/zsn/lyb/arti-skill/exp/Articraft-10K/released_urdf/rec_dualcolumn_lift_carriage_487aed5b79d146e5b3dd0617229f8b5e,,/mnt/zsn/data/particulate/datasets/Articraft-10K/renders/uniform244_one_per_category_studio_256_v1/dualcolumn_lift_carriage/rec_dualcolumn_lift_carriage_487aed5b79d146e5b3dd0617229f8b5e/imgs/000.png,75988,34b9121e9b9abd86805c418061e5f045a77484f8ed2afabd9c7600d02193c284,#b8824d
AR0062,dualrail_gantry_axis,rec_dualrail_gantry_axis_0003,61,/mnt/zsn/lyb/arti-skill/exp/Articraft-10K/released_urdf/rec_dualrail_gantry_axis_0003,,/mnt/zsn/data/particulate/datasets/Articraft-10K/renders/uniform244_one_per_category_studio_256_v1/dualrail_gantry_axis/rec_dualrail_gantry_axis_0003/imgs/000.png,75205,8257b7ff3c06904b3807957eb37eda956e86c4718c55d24bb7db9cba697be308,#5c45b8
AR0063,easel,rec_easel_ac939f960e1941c98cdb8b6e3d0450b5,62,/mnt/zsn/lyb/arti-skill/exp/Articraft-10K/released_urdf/rec_easel_ac939f960e1941c98cdb8b6e3d0450b5,,/mnt/zsn/data/particulate/datasets/Articraft-10K/renders/uniform244_one_per_category_studio_256_v1/easel/rec_easel_ac939f960e1941c98cdb8b6e3d0450b5/imgs/000.png,72934,a83514b150364068cff9dd648faeaa87713d9d1d581022a7cb123514dc2fede3,#48b83d
AR0064,electric_kettle_with_hinged_lid,rec_electric_kettle_with_hinged_lid_906328f23260430f9c30ce1aa1763a6f,63,/mnt/zsn/lyb/arti-skill/exp/runtime/articraft_github_merged_10787_20260829/packages/rec_electric_kettle_with_hinged_lid_906328f23260430f9c30ce1aa1763a6f,,/mnt/zsn/data/particulate/datasets/Articraft-10K/renders/uniform244_one_per_category_studio_256_v1/electric_kettle_with_hinged_lid/rec_electric_kettle_with_hinged_lid_906328f23260430f9c30ce1aa1763a6f/imgs/000.png,76073,d90b3c0f16b70dd83a0d0ad28e75915052fa6d6658495e420c6d49560c200911,#b83467
AR0065,electrical_cabinet_door,rec_electrical_cabinet_door_0005,64,/mnt/zsn/lyb/arti-skill/exp/Articraft-10K/released_urdf/rec_electrical_cabinet_door_0005,,/mnt/zsn/data/particulate/datasets/Articraft-10K/renders/uniform244_one_per_category_studio_256_v1/electrical_cabinet_door/rec_electrical_cabinet_door_0005/imgs/000.png,68985,dc6bc2ff428ff8ec3701256a08b60f509e190c9d3a3d51b6f53fbfc461150a32,#2c8ab8
AR0066,elevator,rec_elevator_2f2b5d4786fa4a0ab086fd0cb2f28465,65,/mnt/zsn/lyb/arti-skill/exp/Articraft-10K/released_urdf/rec_elevator_2f2b5d4786fa4a0ab086fd0cb2f28465,,/mnt/zsn/data/particulate/datasets/Articraft-10K/renders/uniform244_one_per_category_studio_256_v1/elevator/rec_elevator_2f2b5d4786fa4a0ab086fd0cb2f28465/imgs/000.png,73622,50a09286fde26a8d7a3fe682dbec8917824138103ca6773a0326828cd61de466,#c5c954
AR0067,espresso_machine_with_articulated_components,rec_espresso_machine_with_articulated_components_c668a8f28dd34c34816201d48a0ed08b,66,/mnt/zsn/lyb/arti-skill/exp/Articraft-10K/released_urdf/rec_espresso_machine_with_articulated_components_c668a8f28dd34c34816201d48a0ed08b,,/mnt/zsn/data/particulate/datasets/Articraft-10K/renders/uniform244_one_per_category_studio_256_v1/espresso_machine_with_articulated_components/rec_espresso_machine_with_articulated_components_c668a8f28dd34c34816201d48a0ed08b/imgs/000.png,76797,0045300631dfd03550c5448a450c0add5484bf6a6e51d99fd04f57eeb2f2709f,#a84bc9
AR0068,extension_ladder,rec_extension_ladder_a81fdae19351469987be48bd2c72e31a,67,/mnt/zsn/lyb/arti-skill/exp/Articraft-10K/released_urdf/rec_extension_ladder_a81fdae19351469987be48bd2c72e31a,,/mnt/zsn/data/particulate/datasets/Articraft-10K/renders/uniform244_one_per_category_studio_256_v1/extension_ladder/rec_extension_ladder_a81fdae19351469987be48bd2c72e31a/imgs/000.png,74055,b664fb28e3054eaacd6026397de882853ebfd151f478649cadfe8072061cbd59,#42c97f
AR0069,faucet_with_side_handle,rec_faucet_with_side_handle_d1a4904f48354b82a96ed0387d224615,68,/mnt/zsn/lyb/arti-skill/exp/runtime/articraft_github_merged_10787_20260829/packages/rec_faucet_with_side_handle_d1a4904f48354b82a96ed0387d224615,,/mnt/zsn/data/particulate/datasets/Articraft-10K/renders/uniform244_one_per_category_studio_256_v1/faucet_with_side_handle/rec_faucet_with_side_handle_d1a4904f48354b82a96ed0387d224615/imgs/000.png,71227,eea224bc0424273f36e5f5a455d5a3d4a94dc7da575520dacd5401527099b6c4,#c95039
AR0070,fidget_toy,rec_fidget_toy_6bf45e62c67345a59b989700abd2069a,69,/mnt/zsn/lyb/arti-skill/exp/Articraft-10K/released_urdf/rec_fidget_toy_6bf45e62c67345a59b989700abd2069a,,/mnt/zsn/data/particulate/datasets/Articraft-10K/renders/uniform244_one_per_category_studio_256_v1/fidget_toy/rec_fidget_toy_6bf45e62c67345a59b989700abd2069a/imgs/000.png,73139,3b797c05d1b6ea0fd83926e81d68ddee1f99e2e873bbb71ba328cb99870c720b,#3045c9
AR0071,film_clapperboard_with_hinged_slate,rec_film_clapperboard_with_hinged_slate_2b828dfefec9405fadb719d04c3f0a5f,70,/mnt/zsn/lyb/arti-skill/exp/Articraft-10K/released_urdf/rec_film_clapperboard_with_hinged_slate_2b828dfefec9405fadb719d04c3f0a5f,,/mnt/zsn/data/particulate/datasets/Articraft-10K/renders/uniform244_one_per_category_studio_256_v1/film_clapperboard_with_hinged_slate/rec_film_clapperboard_with_hinged_slate_2b828dfefec9405fadb719d04c3f0a5f/imgs/000.png,72343,502a2ad5e45faaf9a50c75c212c475e1d310e50fabbf86c4adb880cb1eaf2655,#91da5b
AR0072,fingerlike_phalanx_chain,rec_fingerlike_phalanx_chain_00a75f27f774429c8cbb663cc26420b7,71,/mnt/zsn/lyb/arti-skill/exp/Articraft-10K/released_urdf/rec_fingerlike_phalanx_chain_00a75f27f774429c8cbb663cc26420b7,,/mnt/zsn/data/particulate/datasets/Articraft-10K/renders/uniform244_one_per_category_studio_256_v1/fingerlike_phalanx_chain/rec_fingerlike_phalanx_chain_00a75f27f774429c8cbb663cc26420b7/imgs/000.png,73562,ae8c102b5102b385677a9c8046f53036bc8adf85a020fdba9bc98cbc95c459af,#da52b3
AR0073,flatbed_scanner_with_hinged_lid,rec_flatbed_scanner_with_hinged_lid_49841d0a45d0481eb706724b15442073,72,/mnt/zsn/lyb/arti-skill/exp/Articraft-10K/released_urdf/rec_flatbed_scanner_with_hinged_lid_49841d0a45d0481eb706724b15442073,,/mnt/zsn/data/particulate/datasets/Articraft-10K/renders/uniform244_one_per_category_studio_256_v1/flatbed_scanner_with_hinged_lid/rec_flatbed_scanner_with_hinged_lid_49841d0a45d0481eb706724b15442073/imgs/000.png,72769,35d7e0324ea7c0726ba57e62ef134f6d3f3ab14a2ad4811e6051b71a6486e157,#48dad8
AR0074,flip_phone,rec_flip_phone_8573ba03b4cd45f68f1e97a35f652343,73,/mnt/zsn/lyb/arti-skill/exp/Articraft-10K/released_urdf/rec_flip_phone_8573ba03b4cd45f68f1e97a35f652343,,/mnt/zsn/data/particulate/datasets/Articraft-10K/renders/uniform244_one_per_category_studio_256_v1/flip_phone/rec_flip_phone_8573ba03b4cd45f68f1e97a35f652343/imgs/000.png,73589,7f8c689e610d9a032f86ac5b6b21c98707387a66141d936e286ca0f2d1b51fab,#daab3e
AR0075,flip_top_bottle,rec_a-classic-occ-bottle-with-articulated-cap_20260321_164200_149541_6af2da87,74,/mnt/zsn/lyb/arti-skill/exp/Articraft-10K/released_urdf/rec_a-classic-occ-bottle-with-articulated-cap_20260321_164200_149541_6af2da87,,/mnt/zsn/data/particulate/datasets/Articraft-10K/renders/uniform244_one_per_category_studio_256_v1/flip_top_bottle/rec_a-classic-occ-bottle-with-articulated-cap_20260321_164200_149541_6af2da87/imgs/000.png,69198,d6b87fbb8a975e4f61fb29bc99abb1373dd232f1a0ce9b6d178c7c8bf66fe51e,#7834da
AR0076,floodlight_mast_with_tilt_head,rec_floodlight_mast_with_tilt_head_48c88642c0c344e0b667967ec55a0d69,75,/mnt/zsn/lyb/arti-skill/exp/Articraft-10K/released_urdf/rec_floodlight_mast_with_tilt_head_48c88642c0c344e0b667967ec55a0d69,,/mnt/zsn/data/particulate/datasets/Articraft-10K/renders/uniform244_one_per_category_studio_256_v1/floodlight_mast_with_tilt_head/rec_floodlight_mast_with_tilt_head_48c88642c0c344e0b667967ec55a0d69/imgs/000.png,70994,7ebf4a5769d16b76eca59334558dcffb8fca1bf3daaad7c4ea194452dc52d1dc,#63eb72
AR0077,floor_lamp,rec_floor_lamp_4f742c5cd60a40ae8498596a234b8539,76,/mnt/zsn/lyb/arti-skill/exp/Articraft-10K/released_urdf/rec_floor_lamp_4f742c5cd60a40ae8498596a234b8539,,/mnt/zsn/data/particulate/datasets/Articraft-10K/renders/uniform244_one_per_category_studio_256_v1/floor_lamp/rec_floor_lamp_4f742c5cd60a40ae8498596a234b8539/imgs/000.png,70584,434d36b50296ec0d5dc542ec96bac93c50ea823431a41715b34ae751b829f8ef,#eb5872
AR0078,floor_standing_drafting_table,rec_floor_standing_drafting_table_488c45d6d5f740298e56907ff1651477,77,/mnt/zsn/lyb/arti-skill/exp/Articraft-10K/released_urdf/rec_floor_standing_drafting_table_488c45d6d5f740298e56907ff1651477,,/mnt/zsn/data/particulate/datasets/Articraft-10K/renders/uniform244_one_per_category_studio_256_v1/floor_standing_drafting_table/rec_floor_standing_drafting_table_488c45d6d5f740298e56907ff1651477/imgs/000.png,73175,93ab5f51e5ece2adf465b0c4d5f75312331ee3e506d7799de318c8629c0f6931,#4d97eb
AR0079,folding_chair,rec_create-a-realistic-articulated-folding-chair-wit_20260517_210240_446613_c973b101,78,/mnt/zsn/lyb/arti-skill/exp/runtime/articraft_github_merged_10787_20260829/packages/rec_create-a-realistic-articulated-folding-chair-wit_20260517_210240_446613_c973b101,,/mnt/zsn/data/particulate/datasets/Articraft-10K/renders/uniform244_one_per_category_studio_256_v1/folding_chair/rec_create-a-realistic-articulated-folding-chair-wit_20260517_210240_446613_c973b101/imgs/000.png,74864,01c598dc48272aa201c4d6e0dca176f6cc65aa964f36b1630cd0f124df7def89,#c2eb43
AR0080,folding_kick_scooter,rec_folding_kick_scooter_b33929bc802d4d98ba62d1a362b29d55,79,/mnt/zsn/lyb/arti-skill/exp/Articraft-10K/released_urdf/rec_folding_kick_scooter_b33929bc802d4d98ba62d1a362b29d55,,/mnt/zsn/data/particulate/datasets/Articraft-10K/renders/uniform244_one_per_category_studio_256_v1/folding_kick_scooter/rec_folding_kick_scooter_b33929bc802d4d98ba62d1a362b29d55/imgs/000.png,77612,9cda6e54606dfa86806bca50c2c57585d34d3537921e02b717587c7f1d346fd4,#e138eb
AR0081,food_processor_with_feed_pusher,rec_food_processor_with_feed_pusher_07bc1cbc064f464ba7cc177f6d462433,80,/mnt/zsn/lyb/arti-skill/exp/Articraft-10K/released_urdf/rec_food_processor_with_feed_pusher_07bc1cbc064f464ba7cc177f6d462433,,/mnt/zsn/data/particulate/datasets/Articraft-10K/renders/uniform244_one_per_category_studio_256_v1/food_processor_with_feed_pusher/rec_food_processor_with_feed_pusher_07bc1cbc064f464ba7cc177f6d462433/imgs/000.png,75260,b3c51427cb8884d70ec3b008041a063b71faf72bcc64768f27441703dac7d67a,#4db893
AR0082,fourjoint_revolute_chain,rec_fourjoint_revolute_chain_bcfbf4fc420a4ed8bddf5c863eb0ce3a,81,/mnt/zsn/lyb/arti-skill/exp/Articraft-10K/released_urdf/rec_fourjoint_revolute_chain_bcfbf4fc420a4ed8bddf5c863eb0ce3a,,/mnt/zsn/data/particulate/datasets/Articraft-10K/renders/uniform244_one_per_category_studio_256_v1/fourjoint_revolute_chain/rec_fourjoint_revolute_chain_bcfbf4fc420a4ed8bddf5c863eb0ce3a/imgs/000.png,70901,f4672ef21a437a5c45b3e0ed1a5be5a7aff9adef81d344d9de69495d307c4dd1,#b86f45
AR0083,frontload_dryer,rec_frontload_dryer_0003,82,/mnt/zsn/lyb/arti-skill/exp/Articraft-10K/released_urdf/rec_frontload_dryer_0003,,/mnt/zsn/data/particulate/datasets/Articraft-10K/renders/uniform244_one_per_category_studio_256_v1/frontload_dryer/rec_frontload_dryer_0003/imgs/000.png,69986,4deb9f3cee4e67a2e949ac00dd79766ebedcf0d72090b608050499a5833e8fc2,#463db8
AR0084,frontload_washing_machine,rec_frontload_washing_machine_0006,83,/mnt/zsn/lyb/arti-skill/exp/Articraft-10K/released_urdf/rec_frontload_washing_machine_0006,,/mnt/zsn/data/particulate/datasets/Articraft-10K/renders/uniform244_one_per_category_studio_256_v1/frontload_washing_machine/rec_frontload_washing_machine_0006/imgs/000.png,68929,6c25c54cea94e94f0309091b7df19f4e411ff04e3dbde059bdcd4bc9beedd575,#51b834
AR0085,garden_gate,rec_garden_gate_3c2e0130885b4687a0fcc0235864ee22,84,/mnt/zsn/lyb/arti-skill/exp/Articraft-10K/released_urdf/rec_garden_gate_3c2e0130885b4687a0fcc0235864ee22,,/mnt/zsn/data/particulate/datasets/Articraft-10K/renders/uniform244_one_per_category_studio_256_v1/garden_gate/rec_garden_gate_3c2e0130885b4687a0fcc0235864ee22/imgs/000.png,74544,a168315600020c0859430c22c7b9a9b3a35d3966559167ac6bd79c35e07e3bf7,#b82c73
AR0086,gear_assemblies,rec_gear_assemblies_37adb8ec4aa541c7a5ab820de1d0fd65,85,/mnt/zsn/lyb/arti-skill/exp/Articraft-10K/released_urdf/rec_gear_assemblies_37adb8ec4aa541c7a5ab820de1d0fd65,,/mnt/zsn/data/particulate/datasets/Articraft-10K/renders/uniform244_one_per_category_studio_256_v1/gear_assemblies/rec_gear_assemblies_37adb8ec4aa541c7a5ab820de1d0fd65/imgs/000.png,77113,adc4f35ac0f3b0fbb0e598fa61f641e59fc4a063a6a0fd46cd1496a7bda8cfae,#54b2c9
AR0087,glasses,rec_glasses_0830517bb3694eceab8ad292bfe68d7c,86,/mnt/zsn/lyb/arti-skill/exp/Articraft-10K/released_urdf/rec_glasses_0830517bb3694eceab8ad292bfe68d7c,,/mnt/zsn/data/particulate/datasets/Articraft-10K/renders/uniform244_one_per_category_studio_256_v1/glasses/rec_glasses_0830517bb3694eceab8ad292bfe68d7c/imgs/000.png,69694,eb1c3223f68bc836ea609bdd3ecc1df2802c525af60231b96c29b306701385bd,#c9bd4b
AR0088,globe,rec_globe_e575d6b61a1d44ceb5e8632dd7419b36,87,/mnt/zsn/lyb/arti-skill/exp/Articraft-10K/released_urdf/rec_globe_e575d6b61a1d44ceb5e8632dd7419b36,,/mnt/zsn/data/particulate/datasets/Articraft-10K/renders/uniform244_one_per_category_studio_256_v1/globe/rec_globe_e575d6b61a1d44ceb5e8632dd7419b36/imgs/000.png,75527,dd77ace57c58758bed75e90602f785a7b113010440f87141fef3ac2341d8a0c7,#9542c9
AR0089,glove_compartment_door,rec_glove_compartment_door_8bd9f788358f4fcaa4c39116aa800aa8,88,/mnt/zsn/lyb/arti-skill/exp/Articraft-10K/released_urdf/rec_glove_compartment_door_8bd9f788358f4fcaa4c39116aa800aa8,,/mnt/zsn/data/particulate/datasets/Articraft-10K/renders/uniform244_one_per_category_studio_256_v1/glove_compartment_door/rec_glove_compartment_door_8bd9f788358f4fcaa4c39116aa800aa8/imgs/000.png,77665,73275e8c001f2a1ad937c529819d00bb7d05da9ad8f9ffc54452b699a857b4d2,#39c967
AR0090,graphics_card_with_cooling_fans,rec_graphics_card_with_cooling_fans_5a4250e20c064a4880c82274bd709c39,89,/mnt/zsn/lyb/arti-skill/exp/Articraft-10K/released_urdf/rec_graphics_card_with_cooling_fans_5a4250e20c064a4880c82274bd709c39,,/mnt/zsn/data/particulate/datasets/Articraft-10K/renders/uniform244_one_per_category_studio_256_v1/graphics_card_with_cooling_fans/rec_graphics_card_with_cooling_fans_5a4250e20c064a4880c82274bd709c39/imgs/000.png,72413,e90ebbd7fcfc4cdf31bbebbdb96f976b20b974643cde68adc115a4b149cfc7c7,#c93530
AR0091,grill_with_hinged_lid,rec_grill_with_hinged_lid_5c57110e862b47d18792278bd6e87ccc,90,/mnt/zsn/lyb/arti-skill/exp/Articraft-10K/released_urdf/rec_grill_with_hinged_lid_5c57110e862b47d18792278bd6e87ccc,,/mnt/zsn/data/particulate/datasets/Articraft-10K/renders/uniform244_one_per_category_studio_256_v1/grill_with_hinged_lid/rec_grill_with_hinged_lid_5c57110e862b47d18792278bd6e87ccc/imgs/000.png,83354,112424a85ef025cc6ba9a81280f069b11a0f404e058b9305992aaee4c4684c08,#5b7cda
AR0092,hand_truck_dolly,rec_hand_truck_dolly_f4fb224113be47d7b4236327435f2420,91,/mnt/zsn/lyb/arti-skill/exp/Articraft-10K/released_urdf/rec_hand_truck_dolly_f4fb224113be47d7b4236327435f2420,,/mnt/zsn/data/particulate/datasets/Articraft-10K/renders/uniform244_one_per_category_studio_256_v1/hand_truck_dolly/rec_hand_truck_dolly_f4fb224113be47d7b4236327435f2420/imgs/000.png,84776,c56d0d5aecdd8722d600ff7deafafc18d597808f7d0b321416e925049e12cb08,#9dda52
AR0093,hinged_window_or_hatch,rec_hinged_window_or_hatch_1cec9724f77341b3ac89ca141c3833aa,92,/mnt/zsn/lyb/arti-skill/exp/Articraft-10K/released_urdf/rec_hinged_window_or_hatch_1cec9724f77341b3ac89ca141c3833aa,,/mnt/zsn/data/particulate/datasets/Articraft-10K/renders/uniform244_one_per_category_studio_256_v1/hinged_window_or_hatch/rec_hinged_window_or_hatch_1cec9724f77341b3ac89ca141c3833aa/imgs/000.png,75685,4fb8692dc369ec41551a6eb25a8ca9d642761651f52afda1c3384b398fa60238,#da48c3
AR0094,hingeddoor_cabinet,rec_hingeddoor_cabinet_a06921ffaff242ef931de66381e2ba92,93,/mnt/zsn/lyb/arti-skill/exp/Articraft-10K/released_urdf/rec_hingeddoor_cabinet_a06921ffaff242ef931de66381e2ba92,,/mnt/zsn/data/particulate/datasets/Articraft-10K/renders/uniform244_one_per_category_studio_256_v1/hingeddoor_cabinet/rec_hingeddoor_cabinet_a06921ffaff242ef931de66381e2ba92/imgs/000.png,67849,354c6b8965f9de3399d79d195e9f58f3aa901f6de28b136d0b8bf16ce356c56c,#3edac4
AR0095,instrument_case_with_hinged_lid,rec_instrument_case_with_hinged_lid_0003,94,/mnt/zsn/lyb/arti-skill/exp/Articraft-10K/released_urdf/rec_instrument_case_with_hinged_lid_0003,,/mnt/zsn/data/particulate/datasets/Articraft-10K/renders/uniform244_one_per_category_studio_256_v1/instrument_case_with_hinged_lid/rec_instrument_case_with_hinged_lid_0003/imgs/000.png,74773,6e7c1e90d42dc823483e5362bf087fffec69b6b45f05e34620d3d1e2b88c08ce,#da9334
AR0096,internet_router,rec_internet_router_108d8f44ea104442940c2442ec130c54,95,/mnt/zsn/lyb/arti-skill/exp/Articraft-10K/released_urdf/rec_internet_router_108d8f44ea104442940c2442ec130c54,,/mnt/zsn/data/particulate/datasets/Articraft-10K/renders/uniform244_one_per_category_studio_256_v1/internet_router/rec_internet_router_108d8f44ea104442940c2442ec130c54/imgs/000.png,77206,2038b896869ba6d69e8b77acbdaaeff01213111ee055032d612ccacbdff8c3da,#8963eb
AR0097,iv_drip_stand,rec_create-a-hospital-iv-drip-stand-with-a-five-pron_20260517_233103_387729_0a27dbdc,96,/mnt/zsn/lyb/arti-skill/exp/runtime/articraft_github_merged_10787_20260829/packages/rec_create-a-hospital-iv-drip-stand-with-a-five-pron_20260517_233103_387729_0a27dbdc,,/mnt/zsn/data/particulate/datasets/Articraft-10K/renders/uniform244_one_per_category_studio_256_v1/iv_drip_stand/rec_create-a-hospital-iv-drip-stand-with-a-five-pron_20260517_233103_387729_0a27dbdc/imgs/000.png,69342,2f5767aeb80681bc3c1db9651e721749fcbff53e6178bf27fbef6972825b2492,#5aeb58
AR0098,jet_engine,rec_jet_engine_44b2ad95800348769be88c06e056443b,97,/mnt/zsn/lyb/arti-skill/exp/Articraft-10K/released_urdf/rec_jet_engine_44b2ad95800348769be88c06e056443b,,/mnt/zsn/data/particulate/datasets/Articraft-10K/renders/uniform244_one_per_category_studio_256_v1/jet_engine/rec_jet_engine_44b2ad95800348769be88c06e056443b/imgs/000.png,76515,bca0f0074bbc90129d38daed38b23956a3fbc02e0b010910dde0b37e0a8d0aa7,#eb4d7d
AR0099,joystick_mechanism,rec_joystick_mechanism_b1c003111560456eba34f3745faacc19,98,/mnt/zsn/lyb/arti-skill/exp/Articraft-10K/released_urdf/rec_joystick_mechanism_b1c003111560456eba34f3745faacc19,,/mnt/zsn/data/particulate/datasets/Articraft-10K/renders/uniform244_one_per_category_studio_256_v1/joystick_mechanism/rec_joystick_mechanism_b1c003111560456eba34f3745faacc19/imgs/000.png,84133,c0ce89c52215b9a0867278b88b25a1e082c4deab69d0e103171f276cdd72ed1a,#43a7eb
AR0100,keyboard,rec_keyboard_8578694cefea4dd79b309193e32a534f,99,/mnt/zsn/lyb/arti-skill/exp/Articraft-10K/released_urdf/rec_keyboard_8578694cefea4dd79b309193e32a534f,,/mnt/zsn/data/particulate/datasets/Articraft-10K/renders/uniform244_one_per_category_studio_256_v1/keyboard/rec_keyboard_8578694cefea4dd79b309193e32a534f/imgs/000.png,73151,5b7ea61a25c51b09781b3f85613c58dc75da3baebfdc3746e2af7286f83fb05a,#d7eb38
AR0101,kick_scooter,rec_kick_scooter_d20efae235df43bea18e531b762cd76f,100,/mnt/zsn/lyb/arti-skill/exp/Articraft-10K/released_urdf/rec_kick_scooter_d20efae235df43bea18e531b762cd76f,,/mnt/zsn/data/particulate/datasets/Articraft-10K/renders/uniform244_one_per_category_studio_256_v1/kick_scooter/rec_kick_scooter_d20efae235df43bea18e531b762cd76f/imgs/000.png,74572,16c705defb38a542661de26149ec6b0b759a036a3981e9951b10f936823942e8,#a44db8
AR0102,knee_scooter,rec_knee_scooter_e304bebd47544fcd963ba8d25b17900b,101,/mnt/zsn/lyb/arti-skill/exp/Articraft-10K/released_urdf/rec_knee_scooter_e304bebd47544fcd963ba8d25b17900b,,/mnt/zsn/data/particulate/datasets/Articraft-10K/renders/uniform244_one_per_category_studio_256_v1/knee_scooter/rec_knee_scooter_e304bebd47544fcd963ba8d25b17900b/imgs/000.png,80787,2f1a0df7a26a6ab7efb42803dcd1485e6221944e931f35792889f6f68a7a8f17,#45b882
AR0103,laptop_clamshell,rec_laptop_clamshell_0002,102,/mnt/zsn/lyb/arti-skill/exp/Articraft-10K/released_urdf/rec_laptop_clamshell_0002,,/mnt/zsn/data/particulate/datasets/Articraft-10K/renders/uniform244_one_per_category_studio_256_v1/laptop_clamshell/rec_laptop_clamshell_0002/imgs/000.png,72577,17feec8491c181f9f20c9e738d55e6687274236b5661ed98fb11f3366c85b9e1,#b85a3d
AR0104,laptop_stand_with_articulated_height_adjustment,rec_laptop_stand_with_articulated_height_adjustment_015ca15c4d2d41f89f9d301f24c31515,103,/mnt/zsn/lyb/arti-skill/exp/runtime/articraft_github_merged_10787_20260829/packages/rec_laptop_stand_with_articulated_height_adjustment_015ca15c4d2d41f89f9d301f24c31515,,/mnt/zsn/data/particulate/datasets/Articraft-10K/renders/uniform244_one_per_category_studio_256_v1/laptop_stand_with_articulated_height_adjustment/rec_laptop_stand_with_articulated_height_adjustment_015ca15c4d2d41f89f9d301f24c31515/imgs/000.png,76027,9b2b6b64d6743a56b8237b74e356451f40c4cc71c141c4593aaf7e3f61ba8df4,#343cb8
AR0105,lazy_susan,rec_lazy_susan_771a9409bee04fc1b7dd8c72e87db555,104,/mnt/zsn/lyb/arti-skill/exp/Articraft-10K/released_urdf/rec_lazy_susan_771a9409bee04fc1b7dd8c72e87db555,,/mnt/zsn/data/particulate/datasets/Articraft-10K/renders/uniform244_one_per_category_studio_256_v1/lazy_susan/rec_lazy_susan_771a9409bee04fc1b7dd8c72e87db555/imgs/000.png,71633,6bc54031a7c081e0dce01d05614f9bb921c9f63abac60db3d6d784aaad43bf39,#5cb82c
AR0106,lighthouse_with_rotating_beacon_assembly,rec_lighthouse_with_rotating_beacon_assembly_9157e12f458d4d368956181d3e1e19e8,105,/mnt/zsn/lyb/arti-skill/exp/Articraft-10K/released_urdf/rec_lighthouse_with_rotating_beacon_assembly_9157e12f458d4d368956181d3e1e19e8,,/mnt/zsn/data/particulate/datasets/Articraft-10K/renders/uniform244_one_per_category_studio_256_v1/lighthouse_with_rotating_beacon_assembly/rec_lighthouse_with_rotating_beacon_assembly_9157e12f458d4d368956181d3e1e19e8/imgs/000.png,78078,31e91c43e4d8233496d951a3aee8c4c66317225bce7d998897beb221ee67f0cb,#c9549f
AR0107,linear_carriage_with_independent_rotary_endeffector,rec_linear_carriage_with_independent_rotary_endeffector_fd6ad45eb43b4f8bb23fb2adbb9f3289,106,/mnt/zsn/lyb/arti-skill/exp/Articraft-10K/released_urdf/rec_linear_carriage_with_independent_rotary_endeffector_fd6ad45eb43b4f8bb23fb2adbb9f3289,,/mnt/zsn/data/particulate/datasets/Articraft-10K/renders/uniform244_one_per_category_studio_256_v1/linear_carriage_with_independent_rotary_endeffector/rec_linear_carriage_with_independent_rotary_endeffector_fd6ad45eb43b4f8bb23fb2adbb9f3289/imgs/000.png,69472,1e7013364b0e761385e22b0044479839e56ce4f25766d22811b51fd0f3f322e4,#4bc0c9
AR0108,lounge_chair_with_independent_backrest_and_footrest,rec_lounge_chair_with_independent_backrest_and_footrest_02226e55dc834730ba93ba0813c9ac84,107,/mnt/zsn/lyb/arti-skill/exp/Articraft-10K/released_urdf/rec_lounge_chair_with_independent_backrest_and_footrest_02226e55dc834730ba93ba0813c9ac84,,/mnt/zsn/data/particulate/datasets/Articraft-10K/renders/uniform244_one_per_category_studio_256_v1/lounge_chair_with_independent_backrest_and_footrest/rec_lounge_chair_with_independent_backrest_and_footrest_02226e55dc834730ba93ba0813c9ac84/imgs/000.png,77779,681fefe3c26ddfe11490c31407f3bcd301e3bf076bac525c9a5a6805a76cb216,#c9ab42
AR0109,louvered_shutter_assembly,rec_louvered_shutter_assembly_7424390f18194610b0dc17d8b253db86,108,/mnt/zsn/lyb/arti-skill/exp/Articraft-10K/released_urdf/rec_louvered_shutter_assembly_7424390f18194610b0dc17d8b253db86,,/mnt/zsn/data/particulate/datasets/Articraft-10K/renders/uniform244_one_per_category_studio_256_v1/louvered_shutter_assembly/rec_louvered_shutter_assembly_7424390f18194610b0dc17d8b253db86/imgs/000.png,90131,3c6a9d2a893a3440566e6413ef3cb9de09a1cc009a5c1880228d085d17dc4bb0,#7f39c9
AR0110,mailbox_with_front_access_door,rec_mailbox_with_front_access_door_c4f0dbd3bdab4342baf862b87fa9b611,109,/mnt/zsn/lyb/arti-skill/exp/Articraft-10K/released_urdf/rec_mailbox_with_front_access_door_c4f0dbd3bdab4342baf862b87fa9b611,,/mnt/zsn/data/particulate/datasets/Articraft-10K/renders/uniform244_one_per_category_studio_256_v1/mailbox_with_front_access_door/rec_mailbox_with_front_access_door_c4f0dbd3bdab4342baf862b87fa9b611/imgs/000.png,82479,4e93b57b226208d1a061c43c868d68792b85fcc5a0c3dc0f5df091c9cd48cb1c,#30c94e
AR0111,mastmounted_fork_carriage,rec_mastmounted_fork_carriage_87577e4d26f540a6bfa60ed2dfe7db55,110,/mnt/zsn/lyb/arti-skill/exp/Articraft-10K/released_urdf/rec_mastmounted_fork_carriage_87577e4d26f540a6bfa60ed2dfe7db55,,/mnt/zsn/data/particulate/datasets/Articraft-10K/renders/uniform244_one_per_category_studio_256_v1/mastmounted_fork_carriage/rec_mastmounted_fork_carriage_87577e4d26f540a6bfa60ed2dfe7db55/imgs/000.png,79063,3be9e14d47d00931988ecd59eb2be80370840827ee98b1ec22da2f0dbb09f6be,#da5b68
AR0112,metronome,rec_metronome_64cab00bedbc4f5d91e1991023581669,111,/mnt/zsn/lyb/arti-skill/exp/Articraft-10K/released_urdf/rec_metronome_64cab00bedbc4f5d91e1991023581669,,/mnt/zsn/data/particulate/datasets/Articraft-10K/renders/uniform244_one_per_category_studio_256_v1/metronome/rec_metronome_64cab00bedbc4f5d91e1991023581669/imgs/000.png,76673,4fcd21f592a4ad1da4eee53f5e5973133651910918096081d69213e92ee1ac05,#5287da
AR0113,microwave_oven,rec_microwave_oven_fd6a6dbd50c641748783748b5b4d84cf,112,/mnt/zsn/lyb/arti-skill/exp/runtime/articraft_github_merged_10787_20260829/packages/rec_microwave_oven_fd6a6dbd50c641748783748b5b4d84cf,,/mnt/zsn/data/particulate/datasets/Articraft-10K/renders/uniform244_one_per_category_studio_256_v1/microwave_oven/rec_microwave_oven_fd6a6dbd50c641748783748b5b4d84cf/imgs/000.png,78168,83ca90be5abfd055f7ffafcb3ccecb6185e3d3c7f7628fcca8d86e7de4544cc7,#abda48
AR0114,midi_keyboard_controller_with_pitch_wheel_and_sliders,rec_a-midi-keyboard_20260322_164952_491478_ce96f1d3,113,/mnt/zsn/lyb/arti-skill/exp/Articraft-10K/released_urdf/rec_a-midi-keyboard_20260322_164952_491478_ce96f1d3,,/mnt/zsn/data/particulate/datasets/Articraft-10K/renders/uniform244_one_per_category_studio_256_v1/midi_keyboard_controller_with_pitch_wheel_and_sliders/rec_a-midi-keyboard_20260322_164952_491478_ce96f1d3/imgs/000.png,74075,7b67faab83146f41393fd54d1e9e5448899260dfe9c7bc209ccafe7232f5bda4,#da3ed5
AR0115,missile_launcher,rec_missile_launcher_0ae285032725412887a60dae3a47cc6c,114,/mnt/zsn/lyb/arti-skill/exp/Articraft-10K/released_urdf/rec_missile_launcher_0ae285032725412887a60dae3a47cc6c,,/mnt/zsn/data/particulate/datasets/Articraft-10K/renders/uniform244_one_per_category_studio_256_v1/missile_launcher/rec_missile_launcher_0ae285032725412887a60dae3a47cc6c/imgs/000.png,83032,655561c47c468c7ce0c0639c7732a02f55e156bcc003a344107b356ff48b1303,#34daae
AR0116,miter_saw_arm_assembly,rec_miter_saw_arm_assembly_ee4e8e84583e4f3793bbe59d4b01b45f,115,/mnt/zsn/lyb/arti-skill/exp/Articraft-10K/released_urdf/rec_miter_saw_arm_assembly_ee4e8e84583e4f3793bbe59d4b01b45f,,/mnt/zsn/data/particulate/datasets/Articraft-10K/renders/uniform244_one_per_category_studio_256_v1/miter_saw_arm_assembly/rec_miter_saw_arm_assembly_ee4e8e84583e4f3793bbe59d4b01b45f/imgs/000.png,77797,0ad448e9c3e1159a21231e90ad0b7fe7b62e2f286da1702dddde8858fe818549,#eb9f63
AR0117,monitor_mount,rec_monitor_mount_d430f86375624ce189166c15c40aa284,116,/mnt/zsn/lyb/arti-skill/exp/Articraft-10K/released_urdf/rec_monitor_mount_d430f86375624ce189166c15c40aa284,,/mnt/zsn/data/particulate/datasets/Articraft-10K/renders/uniform244_one_per_category_studio_256_v1/monitor_mount/rec_monitor_mount_d430f86375624ce189166c15c40aa284/imgs/000.png,74139,e8c47f8767e256f7e483f2100a90678ae60d4a884d8625bd1cfc58bbc61e770a,#6e58eb
AR0118,motherboard,rec_motherboard_b03d5e7741a547f9bfce7978f7d4bdaa,117,/mnt/zsn/lyb/arti-skill/exp/runtime/articraft_github_merged_10787_20260829/packages/rec_motherboard_b03d5e7741a547f9bfce7978f7d4bdaa,,/mnt/zsn/data/particulate/datasets/Articraft-10K/renders/uniform244_one_per_category_studio_256_v1/motherboard/rec_motherboard_b03d5e7741a547f9bfce7978f7d4bdaa/imgs/000.png,73904,b2273f46d03a6aa1a5557293b6451decfece7da5ce459877c64efa2b827e49f4,#63eb4d
AR0119,multisegment_foldout_arm,rec_multisegment_foldout_arm_ec083e9c210a431d9b48a8902dd5fa50,118,/mnt/zsn/lyb/arti-skill/exp/Articraft-10K/released_urdf/rec_multisegment_foldout_arm_ec083e9c210a431d9b48a8902dd5fa50,,/mnt/zsn/data/particulate/datasets/Articraft-10K/renders/uniform244_one_per_category_studio_256_v1/multisegment_foldout_arm/rec_multisegment_foldout_arm_ec083e9c210a431d9b48a8902dd5fa50/imgs/000.png,73844,948379d9b5ca64c3ae81b7d3e8ac32c33de51698495a678c4dbe646df19f5347,#eb438b
AR0120,observation_wheel,rec_observation_wheel_61f93bd22e2c4554a10fe2f1ab02b499,119,/mnt/zsn/lyb/arti-skill/exp/Articraft-10K/released_urdf/rec_observation_wheel_61f93bd22e2c4554a10fe2f1ab02b499,,/mnt/zsn/data/particulate/datasets/Articraft-10K/renders/uniform244_one_per_category_studio_256_v1/observation_wheel/rec_observation_wheel_61f93bd22e2c4554a10fe2f1ab02b499/imgs/000.png,88367,c6ee01928bc0381c143ca7b2daed12b1d220e8a23471288e4127008175e84b0f,#38b9eb
AR0121,office_chair,rec_office_chair_5e19b60609a2401eb33c1edd6b272a02,120,/mnt/zsn/lyb/arti-skill/exp/Articraft-10K/released_urdf/rec_office_chair_5e19b60609a2401eb33c1edd6b272a02,,/mnt/zsn/data/particulate/datasets/Articraft-10K/renders/uniform244_one_per_category_studio_256_v1/office_chair/rec_office_chair_5e19b60609a2401eb33c1edd6b272a02/imgs/000.png,78503,11ca9de0bd6be41c48005bd9d3a4732d7eb50d0da07c42b4725dc25dfb3da1ec,#b8b64d
AR0122,offsetaxis_rotary_stack,rec_offsetaxis_rotary_stack_0003,121,/mnt/zsn/lyb/arti-skill/exp/Articraft-10K/released_urdf/rec_offsetaxis_rotary_stack_0003,,/mnt/zsn/data/particulate/datasets/Articraft-10K/renders/uniform244_one_per_category_studio_256_v1/offsetaxis_rotary_stack/rec_offsetaxis_rotary_stack_0003/imgs/000.png,72287,e2489097734ae225de2f4dcec028fbcda28cfedb91c3278017927c12644d8c3b,#9445b8
AR0123,opposed_twinslide_gripper,rec_opposed_twinslide_gripper_654da5272cbb46d8988849d0013d90e2,122,/mnt/zsn/lyb/arti-skill/exp/Articraft-10K/released_urdf/rec_opposed_twinslide_gripper_654da5272cbb46d8988849d0013d90e2,,/mnt/zsn/data/particulate/datasets/Articraft-10K/renders/uniform244_one_per_category_studio_256_v1/opposed_twinslide_gripper/rec_opposed_twinslide_gripper_654da5272cbb46d8988849d0013d90e2/imgs/000.png,77202,8a37523843ea39b7084db03e5c0e05090a6ed95067cf8d93a09a7620e8017f09,#3db86e
AR0124,orchestra_style_music_stand,rec_orchestra_style_music_stand_67f38cd52f574e8e9a8876860a0de7bd,123,/mnt/zsn/lyb/arti-skill/exp/Articraft-10K/released_urdf/rec_orchestra_style_music_stand_67f38cd52f574e8e9a8876860a0de7bd,,/mnt/zsn/data/particulate/datasets/Articraft-10K/renders/uniform244_one_per_category_studio_256_v1/orchestra_style_music_stand/rec_orchestra_style_music_stand_67f38cd52f574e8e9a8876860a0de7bd/imgs/000.png,70220,0227f559ef53a36de38347407437a4b4b084217397154bb18929447ee7ef7fd1,#b84334
AR0125,orthogonal_xy_stage,rec_orthogonal_xy_stage_e729ecdaf69a496eb985c46724e4c5e8,124,/mnt/zsn/lyb/arti-skill/exp/Articraft-10K/released_urdf/rec_orthogonal_xy_stage_e729ecdaf69a496eb985c46724e4c5e8,,/mnt/zsn/data/particulate/datasets/Articraft-10K/renders/uniform244_one_per_category_studio_256_v1/orthogonal_xy_stage/rec_orthogonal_xy_stage_e729ecdaf69a496eb985c46724e4c5e8/imgs/000.png,82677,86843711fb4b4fc808149ab944c94f787f607a6af308ad11d81a4e59ef9f6fce,#2c46b8
AR0126,orthogonal_xz_stage,rec_orthogonal_xz_stage_447fc9dafa0d4bb5a26814d0aa91e248,125,/mnt/zsn/lyb/arti-skill/exp/Articraft-10K/released_urdf/rec_orthogonal_xz_stage_447fc9dafa0d4bb5a26814d0aa91e248,,/mnt/zsn/data/particulate/datasets/Articraft-10K/renders/uniform244_one_per_category_studio_256_v1/orthogonal_xz_stage/rec_orthogonal_xz_stage_447fc9dafa0d4bb5a26814d0aa91e248/imgs/000.png,78017,497e2ff957743c90df1d1ff44fbb0fe7e422c48e59fc6f352cc6eaf82dc84bb2,#8bc954
AR0127,orthogonal_yz_stage,rec_orthogonal_yz_stage_d822a7ba8969443996f1bb5fcc3536be,126,/mnt/zsn/lyb/arti-skill/exp/Articraft-10K/released_urdf/rec_orthogonal_yz_stage_d822a7ba8969443996f1bb5fcc3536be,,/mnt/zsn/data/particulate/datasets/Articraft-10K/renders/uniform244_one_per_category_studio_256_v1/orthogonal_yz_stage/rec_orthogonal_yz_stage_d822a7ba8969443996f1bb5fcc3536be/imgs/000.png,81638,b779f70dcacfa2239b67f1f5bd4b86c0a728e94dda1822bb3c947f0fdbf9ca9c,#c94bab
AR0128,overbed_table,rec_overbed_table_e97d64619b214ac1adfd257793b06e13,127,/mnt/zsn/lyb/arti-skill/exp/Articraft-10K/released_urdf/rec_overbed_table_e97d64619b214ac1adfd257793b06e13,,/mnt/zsn/data/particulate/datasets/Articraft-10K/renders/uniform244_one_per_category_studio_256_v1/overbed_table/rec_overbed_table_e97d64619b214ac1adfd257793b06e13/imgs/000.png,71921,cc4857a0e3e228a3664608961f9e7a3caecf26e3c0aba4a5fc28827b44b81a2b,#42c9c1
AR0129,overear_headphones_with_folding_earcups,rec_overear_headphones_with_folding_earcups_f5e1c285152947658fae734893cf3d58,128,/mnt/zsn/lyb/arti-skill/exp/Articraft-10K/released_urdf/rec_overear_headphones_with_folding_earcups_f5e1c285152947658fae734893cf3d58,,/mnt/zsn/data/particulate/datasets/Articraft-10K/renders/uniform244_one_per_category_studio_256_v1/overear_headphones_with_folding_earcups/rec_overear_headphones_with_folding_earcups_f5e1c285152947658fae734893cf3d58/imgs/000.png,80444,8604ec734fdb62cdeb9aa370f71cb165ed5ac19d691102486360f186a36b4150,#c99639
AR0130,overshot_waterwheel,rec_overshot_waterwheel_907a577673fc456ab815c2be6b0a2f30,129,/mnt/zsn/lyb/arti-skill/exp/Articraft-10K/released_urdf/rec_overshot_waterwheel_907a577673fc456ab815c2be6b0a2f30,,/mnt/zsn/data/particulate/datasets/Articraft-10K/renders/uniform244_one_per_category_studio_256_v1/overshot_waterwheel/rec_overshot_waterwheel_907a577673fc456ab815c2be6b0a2f30/imgs/000.png,77305,23ac9a709176761c94a56135670655e2529357f6f00f076292fd6ae87b875e4c,#6730c9
AR0131,padlock_with_shackle,rec_padlock_with_shackle_b1f880d18da04ee8a321746f80d0e196,130,/mnt/zsn/lyb/arti-skill/exp/Articraft-10K/released_urdf/rec_padlock_with_shackle_b1f880d18da04ee8a321746f80d0e196,,/mnt/zsn/data/particulate/datasets/Articraft-10K/renders/uniform244_one_per_category_studio_256_v1/padlock_with_shackle/rec_padlock_with_shackle_b1f880d18da04ee8a321746f80d0e196/imgs/000.png,72708,4bdb2153f4bc7f03f485bb9f3ab11763c04b778d079fae8f419a1458df826e66,#5bda64
AR0132,palm_with_multiple_uncoupled_finger_chains,rec_palm_with_multiple_uncoupled_finger_chains_d2d331a636254040a5ceb7281d693093,131,/mnt/zsn/lyb/arti-skill/exp/Articraft-10K/released_urdf/rec_palm_with_multiple_uncoupled_finger_chains_d2d331a636254040a5ceb7281d693093,,/mnt/zsn/data/particulate/datasets/Articraft-10K/renders/uniform244_one_per_category_studio_256_v1/palm_with_multiple_uncoupled_finger_chains/rec_palm_with_multiple_uncoupled_finger_chains_d2d331a636254040a5ceb7281d693093/imgs/000.png,75917,0bab0041becf89805ca1743d841d6f59d1139946ad9db1b646cd69c15c9b2339,#da5270
AR0133,panini_press_with_clamshell_lid,rec_panini_press_with_clamshell_lid_02c28faa59b74702ad14c097a9abf269,132,/mnt/zsn/lyb/arti-skill/exp/runtime/articraft_github_merged_10787_20260829/packages/rec_panini_press_with_clamshell_lid_02c28faa59b74702ad14c097a9abf269,,/mnt/zsn/data/particulate/datasets/Articraft-10K/renders/uniform244_one_per_category_studio_256_v1/panini_press_with_clamshell_lid/rec_panini_press_with_clamshell_lid_02c28faa59b74702ad14c097a9abf269/imgs/000.png,78538,d7ce3aba536da269e5a061fd9c2e18bfed527f0113ea274b428efb509216d24f,#4893da
AR0134,paper_cutter_guillotine,rec_paper_cutter_guillotine_86a4781128e14c2ea7428cca2ca903ff,133,/mnt/zsn/lyb/arti-skill/exp/Articraft-10K/released_urdf/rec_paper_cutter_guillotine_86a4781128e14c2ea7428cca2ca903ff,,/mnt/zsn/data/particulate/datasets/Articraft-10K/renders/uniform244_one_per_category_studio_256_v1/paper_cutter_guillotine/rec_paper_cutter_guillotine_86a4781128e14c2ea7428cca2ca903ff/imgs/000.png,75123,f8e4fced3aa4c49e2011582648d182180fab45ecd0ebee175ae9e266b1e8b9e4,#bcda3e
AR0135,paper_shredder_with_pullout_bin,rec_paper_shredder_with_pullout_bin_a011784b4d1c42ddb72903b3dfe333d6,134,/mnt/zsn/lyb/arti-skill/exp/Articraft-10K/released_urdf/rec_paper_shredder_with_pullout_bin_a011784b4d1c42ddb72903b3dfe333d6,,/mnt/zsn/data/particulate/datasets/Articraft-10K/renders/uniform244_one_per_category_studio_256_v1/paper_shredder_with_pullout_bin/rec_paper_shredder_with_pullout_bin_a011784b4d1c42ddb72903b3dfe333d6/imgs/000.png,75275,4dcdd9dfbb90e088389bd239369faf210523e2996bb04e8c8e70b197cad0089c,#c934da
AR0136,parabolic_dish_on_azimuth_elevation_mount,rec_parabolic_dish_on_azimuth_elevation_mount_0d4863f732e4437cbb72d2143499d39a,135,/mnt/zsn/lyb/arti-skill/exp/Articraft-10K/released_urdf/rec_parabolic_dish_on_azimuth_elevation_mount_0d4863f732e4437cbb72d2143499d39a,,/mnt/zsn/data/particulate/datasets/Articraft-10K/renders/uniform244_one_per_category_studio_256_v1/parabolic_dish_on_azimuth_elevation_mount/rec_parabolic_dish_on_azimuth_elevation_mount_0d4863f732e4437cbb72d2143499d39a/imgs/000.png,74794,2212cc0e00f9d7bc082e5a4c9fb5e7a0cb5124cf17e768d660521c56917c6e61,#63ebb5
AR0137,pedal_trash_bin_with_hinged_lid,rec_pedal_trash_bin_with_hinged_lid_8ba3797fe2cc4e5dae92d77b1fdbbf4f,136,/mnt/zsn/lyb/arti-skill/exp/Articraft-10K/released_urdf/rec_pedal_trash_bin_with_hinged_lid_8ba3797fe2cc4e5dae92d77b1fdbbf4f,,/mnt/zsn/data/particulate/datasets/Articraft-10K/renders/uniform244_one_per_category_studio_256_v1/pedal_trash_bin_with_hinged_lid/rec_pedal_trash_bin_with_hinged_lid_8ba3797fe2cc4e5dae92d77b1fdbbf4f/imgs/000.png,72546,c1125bb7e989043dbd4030da1618abd6c3812290fa59d260f81b283247b69863,#eb8658
AR0138,pet_door_flap,rec_pet_door_flap_3e602fd2ce4f413380514f145bd3be41,137,/mnt/zsn/lyb/arti-skill/exp/Articraft-10K/released_urdf/rec_pet_door_flap_3e602fd2ce4f413380514f145bd3be41,,/mnt/zsn/data/particulate/datasets/Articraft-10K/renders/uniform244_one_per_category_studio_256_v1/pet_door_flap/rec_pet_door_flap_3e602fd2ce4f413380514f145bd3be41/imgs/000.png,75431,ce4d301cbe603dfd868cc89b8ee698bececd42f288f90723170d69d2755ac897,#514deb
AR0139,pickup_tailgate,rec_pickup_tailgate_825c6a281c56425f865cc6fa5c40de1f,138,/mnt/zsn/lyb/arti-skill/exp/Articraft-10K/released_urdf/rec_pickup_tailgate_825c6a281c56425f865cc6fa5c40de1f,,/mnt/zsn/data/particulate/datasets/Articraft-10K/renders/uniform244_one_per_category_studio_256_v1/pickup_tailgate/rec_pickup_tailgate_825c6a281c56425f865cc6fa5c40de1f/imgs/000.png,77448,bcc6212e3f400d9fb353ed29d494dad5ba0a8e88eec0e039165dbc72698eaf38,#70eb43
AR0140,pitchroll_module,rec_pitchroll_module_80a8acc2eab84a0a9ebf513ce4deef05,139,/mnt/zsn/lyb/arti-skill/exp/runtime/articraft_github_merged_10787_20260829/packages/rec_pitchroll_module_80a8acc2eab84a0a9ebf513ce4deef05,,/mnt/zsn/data/particulate/datasets/Articraft-10K/renders/uniform244_one_per_category_studio_256_v1/pitchroll_module/rec_pitchroll_module_80a8acc2eab84a0a9ebf513ce4deef05/imgs/000.png,73485,60d5fb93a3d313250fda3cae05cad47d7590b64dcf3853df53c1c4894b253145,#eb389c
AR0141,planar_revolute_chain,rec_lever_chain_0004,140,/mnt/zsn/lyb/arti-skill/exp/runtime/articraft_github_merged_10787_20260829/packages/rec_lever_chain_0004,,/mnt/zsn/data/particulate/datasets/Articraft-10K/renders/uniform244_one_per_category_studio_256_v1/planar_revolute_chain/rec_lever_chain_0004/imgs/000.png,67683,f61658d21b79a4e4e96dbea61a16bc62f812db0beccf58eb9858b52661ce0ee2,#4da8b8
AR0142,platform_cart,rec_platform_cart_4d1067d5f5c046c3a3239ce23d3b4d99,141,/mnt/zsn/lyb/arti-skill/exp/Articraft-10K/released_urdf/rec_platform_cart_4d1067d5f5c046c3a3239ce23d3b4d99,,/mnt/zsn/data/particulate/datasets/Articraft-10K/renders/uniform244_one_per_category_studio_256_v1/platform_cart/rec_platform_cart_4d1067d5f5c046c3a3239ce23d3b4d99/imgs/000.png,77929,89e9d4bc58464300540a30fe7c6740605da05bbb974a98a637a495ab3f7857b9,#b8a745
AR0143,playground_swing,rec_playground_swing_da80e2bdc22f4e879a3d1f2867b1c595,142,/mnt/zsn/lyb/arti-skill/exp/Articraft-10K/released_urdf/rec_playground_swing_da80e2bdc22f4e879a3d1f2867b1c595,,/mnt/zsn/data/particulate/datasets/Articraft-10K/renders/uniform244_one_per_category_studio_256_v1/playground_swing/rec_playground_swing_da80e2bdc22f4e879a3d1f2867b1c595/imgs/000.png,72533,f4a12ff467c6edee77eea48d27b424805fddfb90711bb9d2a0bb83cab99b8066,#823db8
AR0144,portable_speaker_with_articulated_controls,rec_portable_speaker_with_articulated_controls_b9e0e088c3584954b51a8cf388bb417f,143,/mnt/zsn/lyb/arti-skill/exp/Articraft-10K/released_urdf/rec_portable_speaker_with_articulated_controls_b9e0e088c3584954b51a8cf388bb417f,,/mnt/zsn/data/particulate/datasets/Articraft-10K/renders/uniform244_one_per_category_studio_256_v1/portable_speaker_with_articulated_controls/rec_portable_speaker_with_articulated_controls_b9e0e088c3584954b51a8cf388bb417f/imgs/000.png,79913,a471e244ccec4ca5d8035b04a2b2dead79e83c307c080f93a68f5ba569e3e98f,#34b858
AR0145,portal_gantry_with_vertical_slide,rec_portal_gantry_with_vertical_slide_014bf295862544499c453298a56dfdb9,144,/mnt/zsn/lyb/arti-skill/exp/Articraft-10K/released_urdf/rec_portal_gantry_with_vertical_slide_014bf295862544499c453298a56dfdb9,,/mnt/zsn/data/particulate/datasets/Articraft-10K/renders/uniform244_one_per_category_studio_256_v1/portal_gantry_with_vertical_slide/rec_portal_gantry_with_vertical_slide_014bf295862544499c453298a56dfdb9/imgs/000.png,79402,1cdb5e3d157acba4b5e732c76980b1de17bdff97723dd93c8c060f4f7c0fad37,#b82c2f
AR0146,prismaticrevolute_chain,rec_prismaticrevolute_chain_50defdcb62db4e6fa7eb29cdef7641d4,145,/mnt/zsn/lyb/arti-skill/exp/Articraft-10K/released_urdf/rec_prismaticrevolute_chain_50defdcb62db4e6fa7eb29cdef7641d4,,/mnt/zsn/data/particulate/datasets/Articraft-10K/renders/uniform244_one_per_category_studio_256_v1/prismaticrevolute_chain/rec_prismaticrevolute_chain_50defdcb62db4e6fa7eb29cdef7641d4/imgs/000.png,74301,f5ca78d71fc99d4740548b4afc1f8d4c8d0b7c195a1545b84eba32f3f642418c,#5478c9
AR0147,prismaticrevoluteprismatic_chain,rec_prismaticrevoluteprismatic_chain_f8c7d9a19aeb40f3a735ff86af2efe42,146,/mnt/zsn/lyb/arti-skill/exp/Articraft-10K/released_urdf/rec_prismaticrevoluteprismatic_chain_f8c7d9a19aeb40f3a735ff86af2efe42,,/mnt/zsn/data/particulate/datasets/Articraft-10K/renders/uniform244_one_per_category_studio_256_v1/prismaticrevoluteprismatic_chain/rec_prismaticrevoluteprismatic_chain_f8c7d9a19aeb40f3a735ff86af2efe42/imgs/000.png,74994,819dbbc6804cfecfce39afe554cb2af58b99656f496933e8f267f94ec5d2039b,#97c94b
AR0148,prismaticrevoluterevolute_chain,rec_prismaticrevoluterevolute_chain_e7e021bfcbe04d19a9c61fdbfd4bd8e1,147,/mnt/zsn/lyb/arti-skill/exp/Articraft-10K/released_urdf/rec_prismaticrevoluterevolute_chain_e7e021bfcbe04d19a9c61fdbfd4bd8e1,,/mnt/zsn/data/particulate/datasets/Articraft-10K/renders/uniform244_one_per_category_studio_256_v1/prismaticrevoluterevolute_chain/rec_prismaticrevoluterevolute_chain_e7e021bfcbe04d19a9c61fdbfd4bd8e1/imgs/000.png,80888,b846956b2adf3aba9ec3095e068b4432c25f99dcd563378791b67f66d963edce,#c942ba
AR0149,pump_bottle,rec_pump_bottle_1107ab48faa94d53a25c3f0968111e6d,148,/mnt/zsn/lyb/arti-skill/exp/runtime/articraft_github_merged_10787_20260829/packages/rec_pump_bottle_1107ab48faa94d53a25c3f0968111e6d,,/mnt/zsn/data/particulate/datasets/Articraft-10K/renders/uniform244_one_per_category_studio_256_v1/pump_bottle/rec_pump_bottle_1107ab48faa94d53a25c3f0968111e6d/imgs/000.png,68424,6a543f1cb25dcf85fecb4187fbd03a0d323c2d086baea3d056a38eadb272688a,#39c9ae
AR0150,pushpull_plunger_chain,rec_pushpull_plunger_chain_237c794a7d8b49ec851e03b1beba77e0,149,/mnt/zsn/lyb/arti-skill/exp/Articraft-10K/released_urdf/rec_pushpull_plunger_chain_237c794a7d8b49ec851e03b1beba77e0,,/mnt/zsn/data/particulate/datasets/Articraft-10K/renders/uniform244_one_per_category_studio_256_v1/pushpull_plunger_chain/rec_pushpull_plunger_chain_237c794a7d8b49ec851e03b1beba77e0/imgs/000.png,67659,ab7c7832d8890614133ebc80b574596efac139dd0052aba132e2bed1b8ea6d05,#c98030
AR0151,radial_arm_with_sliding_carriage,rec_radial_arm_with_sliding_carriage_0001,150,/mnt/zsn/lyb/arti-skill/exp/Articraft-10K/released_urdf/rec_radial_arm_with_sliding_carriage_0001,,/mnt/zsn/data/particulate/datasets/Articraft-10K/renders/uniform244_one_per_category_studio_256_v1/radial_arm_with_sliding_carriage/rec_radial_arm_with_sliding_carriage_0001/imgs/000.png,74200,37a1ca0efe022c870e4868fb647f82b9f5b1dc036d86725619737d113a51bfbf,#785bda
AR0152,range_hood_with_articulated_controls,rec_range_hood_with_articulated_controls_0043,151,/mnt/zsn/lyb/arti-skill/exp/Articraft-10K/released_urdf/rec_range_hood_with_articulated_controls_0043,,/mnt/zsn/data/particulate/datasets/Articraft-10K/renders/uniform244_one_per_category_studio_256_v1/range_hood_with_articulated_controls/rec_range_hood_with_articulated_controls_0043/imgs/000.png,71535,2371cdd1417270669f39ff2640016192b49aaedc5d65ad75e17d11e9f3a4c64c,#5ada52
AR0153,refrigerator_with_hinged_doors,rec_refrigerator_with_hinged_doors_effbcb60f4fc4f53bbf0fdcaffbfb5ab,152,/mnt/zsn/lyb/arti-skill/exp/Articraft-10K/released_urdf/rec_refrigerator_with_hinged_doors_effbcb60f4fc4f53bbf0fdcaffbfb5ab,,/mnt/zsn/data/particulate/datasets/Articraft-10K/renders/uniform244_one_per_category_studio_256_v1/refrigerator_with_hinged_doors/rec_refrigerator_with_hinged_doors_effbcb60f4fc4f53bbf0fdcaffbfb5ab/imgs/000.png,71081,8f8e7447321f648da6e24a9d257cd39a77eb03896f1d3474f7e6452808996160,#da487b
AR0154,remote,rec_remote_358ba7f31344419492b7080d74dfcf01,153,/mnt/zsn/lyb/arti-skill/exp/Articraft-10K/released_urdf/rec_remote_358ba7f31344419492b7080d74dfcf01,,/mnt/zsn/data/particulate/datasets/Articraft-10K/renders/uniform244_one_per_category_studio_256_v1/remote/rec_remote_358ba7f31344419492b7080d74dfcf01/imgs/000.png,71590,ddc40cb3fc1434eb68d9419ce0601409fef9ee96809ef46e1ff6acdc12d0f71f,#3ea2da
AR0155,remote_weapon_station,rec_remote_weapon_station_33d09b99830e4357847c14f80b2a9b37,154,/mnt/zsn/lyb/arti-skill/exp/Articraft-10K/released_urdf/rec_remote_weapon_station_33d09b99830e4357847c14f80b2a9b37,,/mnt/zsn/data/particulate/datasets/Articraft-10K/renders/uniform244_one_per_category_studio_256_v1/remote_weapon_station/rec_remote_weapon_station_33d09b99830e4357847c14f80b2a9b37/imgs/000.png,72200,8a6573230324fc3bf0adfc2bc54d94211d97303882d5cc196da7715a72ac26ed,#cfda34
AR0156,retractable_bollard,rec_retractable_bollard_10229ca9241d4e529e4ab717316e67c2,155,/mnt/zsn/lyb/arti-skill/exp/Articraft-10K/released_urdf/rec_retractable_bollard_10229ca9241d4e529e4ab717316e67c2,,/mnt/zsn/data/particulate/datasets/Articraft-10K/renders/uniform244_one_per_category_studio_256_v1/retractable_bollard/rec_retractable_bollard_10229ca9241d4e529e4ab717316e67c2/imgs/000.png,67363,aac1c089b4a594d772fbec806cd3d8bd71f873e0bb53d8ec50982053f47b7309,#cc63eb
AR0157,retractable_utility_knife,rec_retractable_utility_knife_0003,156,/mnt/zsn/lyb/arti-skill/exp/Articraft-10K/released_urdf/rec_retractable_utility_knife_0003,,/mnt/zsn/data/particulate/datasets/Articraft-10K/renders/uniform244_one_per_category_studio_256_v1/retractable_utility_knife/rec_retractable_utility_knife_0003/imgs/000.png,70855,aad0aebff1732a90194720ead031c4e5b8f8d24d0b4c8374dfd92aed2ba27a3a,#58eb9e
AR0158,revoluteprismatic_chain,rec_revoluteprismatic_chain_0f9b353901254db6ad6d2322705ff025,157,/mnt/zsn/lyb/arti-skill/exp/Articraft-10K/released_urdf/rec_revoluteprismatic_chain_0f9b353901254db6ad6d2322705ff025,,/mnt/zsn/data/particulate/datasets/Articraft-10K/renders/uniform244_one_per_category_studio_256_v1/revoluteprismatic_chain/rec_revoluteprismatic_chain_0f9b353901254db6ad6d2322705ff025/imgs/000.png,75521,048ed4a472e15aa3840c6d29fa777d4f04fc64226475b693449249bb88bcb5e4,#eb6b4d
AR0159,revoluteprismaticrevolute_chain,rec_revoluteprismaticrevolute_chain_4327d00fe26a4d659c5035111744c70d,158,/mnt/zsn/lyb/arti-skill/exp/Articraft-10K/released_urdf/rec_revoluteprismaticrevolute_chain_4327d00fe26a4d659c5035111744c70d,,/mnt/zsn/data/particulate/datasets/Articraft-10K/renders/uniform244_one_per_category_studio_256_v1/revoluteprismaticrevolute_chain/rec_revoluteprismaticrevolute_chain_4327d00fe26a4d659c5035111744c70d/imgs/000.png,77641,219f6af6993cb6e856442de3724dcdea17de6585c72d89266c025b9ceac85d81,#4354eb
AR0160,revoluterevoluteprismatic_chain,rec_revoluterevoluteprismatic_chain_205896937af44681916525600aaaffcb,159,/mnt/zsn/lyb/arti-skill/exp/Articraft-10K/released_urdf/rec_revoluterevoluteprismatic_chain_205896937af44681916525600aaaffcb,,/mnt/zsn/data/particulate/datasets/Articraft-10K/renders/uniform244_one_per_category_studio_256_v1/revoluterevoluteprismatic_chain/rec_revoluterevoluteprismatic_chain_205896937af44681916525600aaaffcb/imgs/000.png,70993,6e7c021c34a5435118e1220d39349d292f7f169bf67c9730d3e572655dc5218d,#7feb38
AR0161,revolving_door,rec_revolving_door_6918e2c80ff442b3b6676f811a61bff2,160,/mnt/zsn/lyb/arti-skill/exp/Articraft-10K/released_urdf/rec_revolving_door_6918e2c80ff442b3b6676f811a61bff2,,/mnt/zsn/data/particulate/datasets/Articraft-10K/renders/uniform244_one_per_category_studio_256_v1/revolving_door/rec_revolving_door_6918e2c80ff442b3b6676f811a61bff2/imgs/000.png,70233,dc1ab80620129670c3ef73d3f4a7e90a8edfb4bda2bb525b53ffa4c73dd9f0e1,#b84d96
AR0162,rice_cooker,rec_rice_cooker_c634469a165743e0b92c06e1a4a6402c,161,/mnt/zsn/lyb/arti-skill/exp/Articraft-10K/released_urdf/rec_rice_cooker_c634469a165743e0b92c06e1a4a6402c,,/mnt/zsn/data/particulate/datasets/Articraft-10K/renders/uniform244_one_per_category_studio_256_v1/rice_cooker/rec_rice_cooker_c634469a165743e0b92c06e1a4a6402c/imgs/000.png,76546,fd21081dd998cedb9f54d650e348c370349e0f8fa8ff71d27328aafcc3318ed3,#45b5b8
AR0163,ring_light_on_stand,rec_ring_light_on_stand_cbe0060116c847829b63adf14debc365,162,/mnt/zsn/lyb/arti-skill/exp/runtime/articraft_github_merged_10787_20260829/packages/rec_ring_light_on_stand_cbe0060116c847829b63adf14debc365,,/mnt/zsn/data/particulate/datasets/Articraft-10K/renders/uniform244_one_per_category_studio_256_v1/ring_light_on_stand/rec_ring_light_on_stand_cbe0060116c847829b63adf14debc365/imgs/000.png,72476,a84ea8ab76710b3c51ebbcd048771581525c08bdcf621aaa5df3c4932d15a8f7,#b8963d
AR0164,robotic_arms,rec_robotic_arms_757a6ea654a84e8eb6b78da532f73ce0,163,/mnt/zsn/lyb/arti-skill/exp/Articraft-10K/released_urdf/rec_robotic_arms_757a6ea654a84e8eb6b78da532f73ce0,,/mnt/zsn/data/particulate/datasets/Articraft-10K/renders/uniform244_one_per_category_studio_256_v1/robotic_arms/rec_robotic_arms_757a6ea654a84e8eb6b78da532f73ce0/imgs/000.png,71791,1589ab147fc4c7fa422cc37460c0760a211e4052b708f30441b69161744e5029,#6e34b8
AR0165,robotic_leg,rec_robotic_leg_0003,164,/mnt/zsn/lyb/arti-skill/exp/Articraft-10K/released_urdf/rec_robotic_leg_0003,,/mnt/zsn/data/particulate/datasets/Articraft-10K/renders/uniform244_one_per_category_studio_256_v1/robotic_leg/rec_robotic_leg_0003/imgs/000.png,73851,763083d859332b573d812c029d19b0faf25b0c395a289d038a269c1940429b76,#2cb840
AR0166,rolling_toolbox_with_telescoping_handle,rec_rolling_toolbox_with_telescoping_handle_bc95e08ea76b470eba8a64b07bc501e8,165,/mnt/zsn/lyb/arti-skill/exp/Articraft-10K/released_urdf/rec_rolling_toolbox_with_telescoping_handle_bc95e08ea76b470eba8a64b07bc501e8,,/mnt/zsn/data/particulate/datasets/Articraft-10K/renders/uniform244_one_per_category_studio_256_v1/rolling_toolbox_with_telescoping_handle/rec_rolling_toolbox_with_telescoping_handle_bc95e08ea76b470eba8a64b07bc501e8/imgs/000.png,82779,5341664af9afe85a023db7aca0fc2b17d858d4bb3f23fce1c46ecbbd00b0e3ed,#c95465
AR0167,rolling_walker,rec_rolling_walker_bf5db3987dd34498b6ccd49beb93a35d,166,/mnt/zsn/lyb/arti-skill/exp/runtime/articraft_github_merged_10787_20260829/packages/rec_rolling_walker_bf5db3987dd34498b6ccd49beb93a35d,,/mnt/zsn/data/particulate/datasets/Articraft-10K/renders/uniform244_one_per_category_studio_256_v1/rolling_walker/rec_rolling_walker_bf5db3987dd34498b6ccd49beb93a35d/imgs/000.png,79955,db0e4c5987e81638924532ee2ea681acefc8d4649c4596dc047b935ebffdd4fd,#4b82c9
AR0168,roof_vent_tower_with_hinged_flap,rec_roof_vent_tower_with_hinged_flap_0005,167,/mnt/zsn/lyb/arti-skill/exp/Articraft-10K/released_urdf/rec_roof_vent_tower_with_hinged_flap_0005,,/mnt/zsn/data/particulate/datasets/Articraft-10K/renders/uniform244_one_per_category_studio_256_v1/roof_vent_tower_with_hinged_flap/rec_roof_vent_tower_with_hinged_flap_0005/imgs/000.png,74557,1743617cd32aaa0c0485f3e24a6342bd65831a5f840e90c84bd829f47a3018b4,#a4c942
AR0169,rotary_base_with_vertical_slide,rec_rotary_base_with_vertical_slide_0258ad10eb7b434fadc225de646ee890,168,/mnt/zsn/lyb/arti-skill/exp/Articraft-10K/released_urdf/rec_rotary_base_with_vertical_slide_0258ad10eb7b434fadc225de646ee890,,/mnt/zsn/data/particulate/datasets/Articraft-10K/renders/uniform244_one_per_category_studio_256_v1/rotary_base_with_vertical_slide/rec_rotary_base_with_vertical_slide_0258ad10eb7b434fadc225de646ee890/imgs/000.png,74210,b64954ecaa585ad3dceb3110520205f97693709fe90746744fb876896c03c6d7,#c539c9
AR0170,rotary_table_with_tilting_trunnion,rec_rotary_table_with_tilting_trunnion_8d762c4720ac481ea71b236bf72bbcf5,169,/mnt/zsn/lyb/arti-skill/exp/Articraft-10K/released_urdf/rec_rotary_table_with_tilting_trunnion_8d762c4720ac481ea71b236bf72bbcf5,,/mnt/zsn/data/particulate/datasets/Articraft-10K/renders/uniform244_one_per_category_studio_256_v1/rotary_table_with_tilting_trunnion/rec_rotary_table_with_tilting_trunnion_8d762c4720ac481ea71b236bf72bbcf5/imgs/000.png,76298,6238dc99a2352b0b4baa9f6d8dd444459c4d0fb067550f923db93cf219b8bb1a,#30c999
AR0171,rotating_observatory_dome,rec_rotating_observatory_dome_1a0db0c39ffd4b82a2eaeb873c127d79,170,/mnt/zsn/lyb/arti-skill/exp/Articraft-10K/released_urdf/rec_rotating_observatory_dome_1a0db0c39ffd4b82a2eaeb873c127d79,,/mnt/zsn/data/particulate/datasets/Articraft-10K/renders/uniform244_one_per_category_studio_256_v1/rotating_observatory_dome/rec_rotating_observatory_dome_1a0db0c39ffd4b82a2eaeb873c127d79/imgs/000.png,75586,30afb2ad4bf472acda26e6da3c7e74d3e80dd211a33fcb1bf553d030afdbca9d,#da8d5b
AR0172,satellite_with_articulated_solar_panels,rec_a-realistic-model-of-a-satellite_20260402_161121_286240_c5af0a24,171,/mnt/zsn/lyb/arti-skill/exp/Articraft-10K/released_urdf/rec_a-realistic-model-of-a-satellite_20260402_161121_286240_c5af0a24,,/mnt/zsn/data/particulate/datasets/Articraft-10K/renders/uniform244_one_per_category_studio_256_v1/satellite_with_articulated_solar_panels/rec_a-realistic-model-of-a-satellite_20260402_161121_286240_c5af0a24/imgs/000.png,73607,51d106339a41f60dcb13f527513ad79c954f5c0dd0a6163f6aaf70ed153d23ae,#6052da
AR0173,screwcap_bottle,rec_screwcap_bottle_2ad105af93584a4a88afac24f6fc23bb,172,/mnt/zsn/lyb/arti-skill/exp/Articraft-10K/released_urdf/rec_screwcap_bottle_2ad105af93584a4a88afac24f6fc23bb,,/mnt/zsn/data/particulate/datasets/Articraft-10K/renders/uniform244_one_per_category_studio_256_v1/screwcap_bottle/rec_screwcap_bottle_2ad105af93584a4a88afac24f6fc23bb/imgs/000.png,71902,b0e0a1bc03f79d7c4992a44d5754d7f5e7d7140b427b76eee4ce36338cd87401,#63da48
AR0174,screwin_light_bulb_with_socket,rec_screwin_light_bulb_with_socket_38814be76ba9498982a8001a187f38e4,173,/mnt/zsn/lyb/arti-skill/exp/Articraft-10K/released_urdf/rec_screwin_light_bulb_with_socket_38814be76ba9498982a8001a187f38e4,,/mnt/zsn/data/particulate/datasets/Articraft-10K/renders/uniform244_one_per_category_studio_256_v1/screwin_light_bulb_with_socket/rec_screwin_light_bulb_with_socket_38814be76ba9498982a8001a187f38e4/imgs/000.png,72922,c733f1b6f24283f365c64da9849c5fe5d22630e9d5993ce1b47f71e48cb9e72f,#da3e89
AR0175,searchlight_tower,rec_searchlight_tower_0921a48d5a884395a5c7b72f4883ce93,174,/mnt/zsn/lyb/arti-skill/exp/Articraft-10K/released_urdf/rec_searchlight_tower_0921a48d5a884395a5c7b72f4883ce93,,/mnt/zsn/data/particulate/datasets/Articraft-10K/renders/uniform244_one_per_category_studio_256_v1/searchlight_tower/rec_searchlight_tower_0921a48d5a884395a5c7b72f4883ce93/imgs/000.png,74541,04cc32a7b08b89b96d3b585d164a2c33e60bb59b6885043da6184834665353f4,#34b4da
AR0176,seesaw_teeter_totter,rec_seesaw_teeter_totter_3e8bb59eb37e4505b11e5463baf103f8,175,/mnt/zsn/lyb/arti-skill/exp/runtime/articraft_github_merged_10787_20260829/packages/rec_seesaw_teeter_totter_3e8bb59eb37e4505b11e5463baf103f8,,/mnt/zsn/data/particulate/datasets/Articraft-10K/renders/uniform244_one_per_category_studio_256_v1/seesaw_teeter_totter/rec_seesaw_teeter_totter_3e8bb59eb37e4505b11e5463baf103f8/imgs/000.png,70773,a788059fcf56c4fc6e911a1bdcc2800633694d99c7ee6f2701ebb6d23200ac97,#ebe263
AR0177,serial_elbow_arm,rec_serial_elbow_arm_3b357dc06a91416584775ebff321c6ee,176,/mnt/zsn/lyb/arti-skill/exp/Articraft-10K/released_urdf/rec_serial_elbow_arm_3b357dc06a91416584775ebff321c6ee,,/mnt/zsn/data/particulate/datasets/Articraft-10K/renders/uniform244_one_per_category_studio_256_v1/serial_elbow_arm/rec_serial_elbow_arm_3b357dc06a91416584775ebff321c6ee/imgs/000.png,70760,47d9d5610435b07a1d36a8795012397b81f1f292ef61879e4badff4260d64e29,#b658eb
AR0178,service_access_panel,rec_service_access_panel_8c6f7a7bbc6e425cac897605afe53968,177,/mnt/zsn/lyb/arti-skill/exp/Articraft-10K/released_urdf/rec_service_access_panel_8c6f7a7bbc6e425cac897605afe53968,,/mnt/zsn/data/particulate/datasets/Articraft-10K/renders/uniform244_one_per_category_studio_256_v1/service_access_panel/rec_service_access_panel_8c6f7a7bbc6e425cac897605afe53968/imgs/000.png,71152,47c100500745cd8ef05be18fd7b7abd4971cff0230f53ce19ae76023c1b16cec,#4deb85
AR0179,sewing_box_with_simple_hinged_lid,rec_sewing_box_with_simple_hinged_lid_72742e2a526f44169c1f0a69f9cb3312,178,/mnt/zsn/lyb/arti-skill/exp/Articraft-10K/released_urdf/rec_sewing_box_with_simple_hinged_lid_72742e2a526f44169c1f0a69f9cb3312,,/mnt/zsn/data/particulate/datasets/Articraft-10K/renders/uniform244_one_per_category_studio_256_v1/sewing_box_with_simple_hinged_lid/rec_sewing_box_with_simple_hinged_lid_72742e2a526f44169c1f0a69f9cb3312/imgs/000.png,75869,e4dd369968007dae8a350ba2a49c79de69e2ff6d35a6ca16e8574e0a48940a4c,#eb4d43
AR0180,shoulderelbowwrist_arm,rec_shoulderelbowwrist_arm_aa89f360cfd9437a876edb687c252f93,179,/mnt/zsn/lyb/arti-skill/exp/Articraft-10K/released_urdf/rec_shoulderelbowwrist_arm_aa89f360cfd9437a876edb687c252f93,,/mnt/zsn/data/particulate/datasets/Articraft-10K/renders/uniform244_one_per_category_studio_256_v1/shoulderelbowwrist_arm/rec_shoulderelbowwrist_arm_aa89f360cfd9437a876edb687c252f93/imgs/000.png,72212,09de4f8bb6f8a08fc7e48a3934168124a650e787c35e10fa5613d85454cc9410,#3862eb
AR0181,simple_aframe_step_ladder,rec_simple_aframe_step_ladder_0003,180,/mnt/zsn/lyb/arti-skill/exp/Articraft-10K/released_urdf/rec_simple_aframe_step_ladder_0003,,/mnt/zsn/data/particulate/datasets/Articraft-10K/renders/uniform244_one_per_category_studio_256_v1/simple_aframe_step_ladder/rec_simple_aframe_step_ladder_0003/imgs/000.png,83748,8bf9db36268b951c9e4422f3db4b8edbb8853376c327b04933a28c88a9cef957,#85b84d
AR0182,simple_drying_rack,rec_simple_drying_rack_b8d39c094d894bf98fe19e36740d4e3e,181,/mnt/zsn/lyb/arti-skill/exp/Articraft-10K/released_urdf/rec_simple_drying_rack_b8d39c094d894bf98fe19e36740d4e3e,,/mnt/zsn/data/particulate/datasets/Articraft-10K/renders/uniform244_one_per_category_studio_256_v1/simple_drying_rack/rec_simple_drying_rack_b8d39c094d894bf98fe19e36740d4e3e/imgs/000.png,74927,6adeac727ba73e29f182599286bf494fce43b14da6fe60d4d9e7bb5bd7c57f34,#b845a2
AR0183,simple_ironing_board,rec_simple_ironing_board_07e0b6ffae1e4805ae61705d9132f2c6,182,/mnt/zsn/lyb/arti-skill/exp/Articraft-10K/released_urdf/rec_simple_ironing_board_07e0b6ffae1e4805ae61705d9132f2c6,,/mnt/zsn/data/particulate/datasets/Articraft-10K/renders/uniform244_one_per_category_studio_256_v1/simple_ironing_board/rec_simple_ironing_board_07e0b6ffae1e4805ae61705d9132f2c6/imgs/000.png,70297,30fbebae12b34904f5a4fc12670515807da0809ec4ae42d9a0f1253c1e4cab81,#3db8aa
AR0184,single_continuous_rotary_shaft,rec_single_continuous_rotary_shaft_0227f2598124405ab53bf2442d58950c,183,/mnt/zsn/lyb/arti-skill/exp/Articraft-10K/released_urdf/rec_single_continuous_rotary_shaft_0227f2598124405ab53bf2442d58950c,,/mnt/zsn/data/particulate/datasets/Articraft-10K/renders/uniform244_one_per_category_studio_256_v1/single_continuous_rotary_shaft/rec_single_continuous_rotary_shaft_0227f2598124405ab53bf2442d58950c/imgs/000.png,81306,876bf507ed01a90d8f347f219a422b831cf9c9d8799bc0dc18b52129fc613971,#b88334
AR0185,single_pitch_axis_module,rec_single_pitch_axis_module_f04eb2c84bfd49bc8637531f931d38e0,184,/mnt/zsn/lyb/arti-skill/exp/runtime/articraft_github_merged_10787_20260829/packages/rec_single_pitch_axis_module_f04eb2c84bfd49bc8637531f931d38e0,,/mnt/zsn/data/particulate/datasets/Articraft-10K/renders/uniform244_one_per_category_studio_256_v1/single_pitch_axis_module/rec_single_pitch_axis_module_f04eb2c84bfd49bc8637531f931d38e0/imgs/000.png,79738,79706000e4d2fe17e5de101112d680d181e3d49a86a6f7a5bfc3b20a93652cad,#572cb8
AR0186,single_prismatic_slider,rec_single_prismatic_slider_d23e137a58ff409ca97569b9c8146864,185,/mnt/zsn/lyb/arti-skill/exp/Articraft-10K/released_urdf/rec_single_prismatic_slider_d23e137a58ff409ca97569b9c8146864,,/mnt/zsn/data/particulate/datasets/Articraft-10K/renders/uniform244_one_per_category_studio_256_v1/single_prismatic_slider/rec_single_prismatic_slider_d23e137a58ff409ca97569b9c8146864/imgs/000.png,72425,bdb4b3baab469118006f6a92a2be51de6a2f6bc0359da2e46c593fd75db2e4fb,#54c956
AR0187,single_revolute_hinge,rec_single_revolute_hinge_5b9ca559780e4b46a6b68ba1c680c8a7,186,/mnt/zsn/lyb/arti-skill/exp/runtime/articraft_github_merged_10787_20260829/packages/rec_single_revolute_hinge_5b9ca559780e4b46a6b68ba1c680c8a7,,/mnt/zsn/data/particulate/datasets/Articraft-10K/renders/uniform244_one_per_category_studio_256_v1/single_revolute_hinge/rec_single_revolute_hinge_5b9ca559780e4b46a6b68ba1c680c8a7/imgs/000.png,67824,0f3b56ccd82a4f0fbc0b21b05c8f8509ffc1c4ae958bc0d7c9d1185f1d6c7921,#c94b6e
AR0188,single_roll_axis_module,rec_single_roll_axis_module_2449a75edbd34d748169874d0f7fd608,187,/mnt/zsn/lyb/arti-skill/exp/Articraft-10K/released_urdf/rec_single_roll_axis_module_2449a75edbd34d748169874d0f7fd608,,/mnt/zsn/data/particulate/datasets/Articraft-10K/renders/uniform244_one_per_category_studio_256_v1/single_roll_axis_module/rec_single_roll_axis_module_2449a75edbd34d748169874d0f7fd608/imgs/000.png,74435,521a702688969c638f32db199adab54f43b7f1115cc0f506719a73f46c8dad2f,#428ec9
AR0189,single_rotor_helicopter,rec_single_rotor_helicopter_23131559de8648789c1df50ff7eb0659,188,/mnt/zsn/lyb/arti-skill/exp/Articraft-10K/released_urdf/rec_single_rotor_helicopter_23131559de8648789c1df50ff7eb0659,,/mnt/zsn/data/particulate/datasets/Articraft-10K/renders/uniform244_one_per_category_studio_256_v1/single_rotor_helicopter/rec_single_rotor_helicopter_23131559de8648789c1df50ff7eb0659/imgs/000.png,71733,39ce95c8f781db2f2eb251703e77a8562d30be5d6f515f306f04fe666b5094c8,#b4c939
AR0190,single_yaw_axis_module,rec_single_yaw_axis_module_8f551b8d4ae64e79942f7e53971be2a6,189,/mnt/zsn/lyb/arti-skill/exp/Articraft-10K/released_urdf/rec_single_yaw_axis_module_8f551b8d4ae64e79942f7e53971be2a6,,/mnt/zsn/data/particulate/datasets/Articraft-10K/renders/uniform244_one_per_category_studio_256_v1/single_yaw_axis_module/rec_single_yaw_axis_module_8f551b8d4ae64e79942f7e53971be2a6/imgs/000.png,75593,4c16f3be6f15f8f7337f8fbe0bc92716125496002d7f61dfd02d56d6df14bfb9,#b230c9
AR0191,singleleaf_drawbridge,rec_singleleaf_drawbridge_5da097830be74be1a62dcee585dbdd43,190,/mnt/zsn/lyb/arti-skill/exp/Articraft-10K/released_urdf/rec_singleleaf_drawbridge_5da097830be74be1a62dcee585dbdd43,,/mnt/zsn/data/particulate/datasets/Articraft-10K/renders/uniform244_one_per_category_studio_256_v1/singleleaf_drawbridge/rec_singleleaf_drawbridge_5da097830be74be1a62dcee585dbdd43/imgs/000.png,81976,1d20e0abf97887d2c726fc7b54a1e7849f0b3b4c0db3ab2fd04f247b469c54b1,#5bdaa2
AR0192,skateboard,rec_skateboard_c174b6f7418b4b29ac3c85e1c40b32b5,191,/mnt/zsn/lyb/arti-skill/exp/Articraft-10K/released_urdf/rec_skateboard_c174b6f7418b4b29ac3c85e1c40b32b5,,/mnt/zsn/data/particulate/datasets/Articraft-10K/renders/uniform244_one_per_category_studio_256_v1/skateboard/rec_skateboard_c174b6f7418b4b29ac3c85e1c40b32b5/imgs/000.png,71408,2ecceab8c6ac52bf963ff31c8d07a9054392192531b996d7e33e9ea499edd7d3,#da7652
AR0193,sliding_security_gate,rec_sliding_security_gate_080529472f394af8873edcacaad84702,192,/mnt/zsn/lyb/arti-skill/exp/Articraft-10K/released_urdf/rec_sliding_security_gate_080529472f394af8873edcacaad84702,,/mnt/zsn/data/particulate/datasets/Articraft-10K/renders/uniform244_one_per_category_studio_256_v1/sliding_security_gate/rec_sliding_security_gate_080529472f394af8873edcacaad84702/imgs/000.png,79897,80f058d05b2be3b7227b3f36ac1602cc3f05917ee35ef4629780e979d5487d8e,#484bda
AR0194,sliding_window,rec_sliding_window_cf88dde93366476b816483f502ece1ca,193,/mnt/zsn/lyb/arti-skill/exp/Articraft-10K/released_urdf/rec_sliding_window_cf88dde93366476b816483f502ece1ca,,/mnt/zsn/data/particulate/datasets/Articraft-10K/renders/uniform244_one_per_category_studio_256_v1/sliding_window/rec_sliding_window_cf88dde93366476b816483f502ece1ca/imgs/000.png,73895,48107eade83473e71a5ad5966f8a8d24c0fc9b857cb90c220cde1f8fad487f43,#6fda3e
AR0195,sluice_gate_with_vertical_lift_panel,rec_sluice_gate_with_vertical_lift_panel_511b8c75530b4c1c896b35435f36ddbf,194,/mnt/zsn/lyb/arti-skill/exp/Articraft-10K/released_urdf/rec_sluice_gate_with_vertical_lift_panel_511b8c75530b4c1c896b35435f36ddbf,,/mnt/zsn/data/particulate/datasets/Articraft-10K/renders/uniform244_one_per_category_studio_256_v1/sluice_gate_with_vertical_lift_panel/rec_sluice_gate_with_vertical_lift_panel_511b8c75530b4c1c896b35435f36ddbf/imgs/000.png,72274,a25f4e279b367851b467c476db47041d68e4c10ec536d68a815a8037542494cd,#da3499
AR0196,stand_mixer,rec_stand_mixer_d1241fcaa46445cd8a10ac110594e0bc,195,/mnt/zsn/lyb/arti-skill/exp/Articraft-10K/released_urdf/rec_stand_mixer_d1241fcaa46445cd8a10ac110594e0bc,,/mnt/zsn/data/particulate/datasets/Articraft-10K/renders/uniform244_one_per_category_studio_256_v1/stand_mixer/rec_stand_mixer_d1241fcaa46445cd8a10ac110594e0bc/imgs/000.png,79026,9c162186c410e0863c9d3e0155a8b31d19734fd19357631dce67b1c8f1e59cc4,#63ddeb
AR0197,standing_desk_with_synchronous_telescoping_legs_and_articulated_controls,rec_standing_desk_with_synchronous_telescoping_legs_and_articulated_controls_998e670229344a329b1b6255bb77dfc6,196,/mnt/zsn/lyb/arti-skill/exp/Articraft-10K/released_urdf/rec_standing_desk_with_synchronous_telescoping_legs_and_articulated_controls_998e670229344a329b1b6255bb77dfc6,,/mnt/zsn/data/particulate/datasets/Articraft-10K/renders/uniform244_one_per_category_studio_256_v1/standing_desk_with_synchronous_telescoping_legs_and_articulated_controls/rec_standing_desk_with_synchronous_telescoping_legs_and_articulated_controls_998e670229344a329b1b6255bb77dfc6/imgs/000.png,72664,d6483485b6c888e21d19b61e44a8b772186a6c187e18f21de94f3f0c21fd8e10,#ebce58
AR0198,stationary_exercise_bike,rec_stationary_exercise_bike_dc55bf92ed9a489da80c233b637a1e25,197,/mnt/zsn/lyb/arti-skill/exp/Articraft-10K/released_urdf/rec_stationary_exercise_bike_dc55bf92ed9a489da80c233b637a1e25,,/mnt/zsn/data/particulate/datasets/Articraft-10K/renders/uniform244_one_per_category_studio_256_v1/stationary_exercise_bike/rec_stationary_exercise_bike_dc55bf92ed9a489da80c233b637a1e25/imgs/000.png,76575,f057206947a04157f21e15607a1c220ca11fae0533852887f98fa3f38c2def5f,#9f4deb
AR0199,stick_vacuum_with_folding_joint,rec_stick_vacuum_with_folding_joint_b8fd4e8fe1fe458f884eec29e22b04f1,198,/mnt/zsn/lyb/arti-skill/exp/Articraft-10K/released_urdf/rec_stick_vacuum_with_folding_joint_b8fd4e8fe1fe458f884eec29e22b04f1,,/mnt/zsn/data/particulate/datasets/Articraft-10K/renders/uniform244_one_per_category_studio_256_v1/stick_vacuum_with_folding_joint/rec_stick_vacuum_with_folding_joint_b8fd4e8fe1fe458f884eec29e22b04f1/imgs/000.png,73521,fc117989c8f0adb77a62a7e7d98d3c91fcd043e2eee66a748cdf88aaea9df600,#43eb68
AR0200,stove_top,rec_stove_top_c4af493c5a6249d2a326d99c2fbd818b,199,/mnt/zsn/lyb/arti-skill/exp/Articraft-10K/released_urdf/rec_stove_top_c4af493c5a6249d2a326d99c2fbd818b,,/mnt/zsn/data/particulate/datasets/Articraft-10K/renders/uniform244_one_per_category_studio_256_v1/stove_top/rec_stove_top_c4af493c5a6249d2a326d99c2fbd818b/imgs/000.png,70795,8d012a64522d4ba55de22de1280d08335f5a4327035514d26b30489c55096fc9,#eb3844
AR0201,studio_spotlight_on_yoke,rec_studio_spotlight_on_yoke_0003,200,/mnt/zsn/lyb/arti-skill/exp/Articraft-10K/released_urdf/rec_studio_spotlight_on_yoke_0003,,/mnt/zsn/data/particulate/datasets/Articraft-10K/renders/uniform244_one_per_category_studio_256_v1/studio_spotlight_on_yoke/rec_studio_spotlight_on_yoke_0003/imgs/000.png,76969,3523628ef2b252064bd3568bff09c208175a0261540ae82ff5e223e4b58ae583,#4d73b8
AR0202,swivel_bar_stool,rec_swivel_bar_stool_4a3c91c9af964fe7871b40e0b00d1783,201,/mnt/zsn/lyb/arti-skill/exp/Articraft-10K/released_urdf/rec_swivel_bar_stool_4a3c91c9af964fe7871b40e0b00d1783,,/mnt/zsn/data/particulate/datasets/Articraft-10K/renders/uniform244_one_per_category_studio_256_v1/swivel_bar_stool/rec_swivel_bar_stool_4a3c91c9af964fe7871b40e0b00d1783/imgs/000.png,75400,c06c4fbdee9c6062e2da16310dd0638615c68d96686e12dda5b72ea9ffb94c92,#90b845
AR0203,syringe,rec_syringe_ded42fe9f923488a9d557b8b9c0bb8f9,202,/mnt/zsn/lyb/arti-skill/exp/Articraft-10K/released_urdf/rec_syringe_ded42fe9f923488a9d557b8b9c0bb8f9,,/mnt/zsn/data/particulate/datasets/Articraft-10K/renders/uniform244_one_per_category_studio_256_v1/syringe/rec_syringe_ded42fe9f923488a9d557b8b9c0bb8f9/imgs/000.png,71031,2fcd2a2d02bd192dabc7a0528c2fa6e03a431845f11833ff79e3937d400243e2,#b83db1
AR0204,tackle_box_with_simple_hinged_lid,rec_tackle_box_with_simple_hinged_lid_87b236b1175c40e194c3060d848b8e87,203,/mnt/zsn/lyb/arti-skill/exp/Articraft-10K/released_urdf/rec_tackle_box_with_simple_hinged_lid_87b236b1175c40e194c3060d848b8e87,,/mnt/zsn/data/particulate/datasets/Articraft-10K/renders/uniform244_one_per_category_studio_256_v1/tackle_box_with_simple_hinged_lid/rec_tackle_box_with_simple_hinged_lid_87b236b1175c40e194c3060d848b8e87/imgs/000.png,73972,3e706e626a86105abe9779773e72b83860cf5d99bf0012531ee651e3ec782303,#34b899
AR0205,telescoping_boom,rec_telescoping_boom_5729c87a310b4944a32224d153722f17,204,/mnt/zsn/lyb/arti-skill/exp/Articraft-10K/released_urdf/rec_telescoping_boom_5729c87a310b4944a32224d153722f17,,/mnt/zsn/data/particulate/datasets/Articraft-10K/renders/uniform244_one_per_category_studio_256_v1/telescoping_boom/rec_telescoping_boom_5729c87a310b4944a32224d153722f17/imgs/000.png,71699,d5e8b8b85eb2ce11bb1f7eb4bea75a982fbd6d0e9508c1e93e497978305db820,#b86e2c
AR0206,telescoping_mast_with_pan_head,rec_telescoping_mast_with_pan_head_7f79546bd81747c4b383e3a6032b4db5,205,/mnt/zsn/lyb/arti-skill/exp/Articraft-10K/released_urdf/rec_telescoping_mast_with_pan_head_7f79546bd81747c4b383e3a6032b4db5,,/mnt/zsn/data/particulate/datasets/Articraft-10K/renders/uniform244_one_per_category_studio_256_v1/telescoping_mast_with_pan_head/rec_telescoping_mast_with_pan_head_7f79546bd81747c4b383e3a6032b4db5/imgs/000.png,70663,67e93d1a237c35dbf3de9d7f12a9247e13c6b552db2414801eaf06c5cef86139,#6954c9
AR0207,threejoint_prismatic_chain,rec_threejoint_prismatic_chain_827ab004c741435793ac16489b565339,206,/mnt/zsn/lyb/arti-skill/exp/Articraft-10K/released_urdf/rec_threejoint_prismatic_chain_827ab004c741435793ac16489b565339,,/mnt/zsn/data/particulate/datasets/Articraft-10K/renders/uniform244_one_per_category_studio_256_v1/threejoint_prismatic_chain/rec_threejoint_prismatic_chain_827ab004c741435793ac16489b565339/imgs/000.png,75040,7317098fcef9abb6a0667d626aba6d809a2add1e6f1d68f1fa10a58c96d804d5,#59c94b
AR0208,threejoint_revolute_chain,rec_threejoint_revolute_chain_8ed4b1bddbf147ffade4756ac689d1ba,207,/mnt/zsn/lyb/arti-skill/exp/Articraft-10K/released_urdf/rec_threejoint_revolute_chain_8ed4b1bddbf147ffade4756ac689d1ba,,/mnt/zsn/data/particulate/datasets/Articraft-10K/renders/uniform244_one_per_category_studio_256_v1/threejoint_revolute_chain/rec_threejoint_revolute_chain_8ed4b1bddbf147ffade4756ac689d1ba/imgs/000.png,70756,e2bcc9f130d962194910934fa491165a481fd0ac4df124275ac6941091774ba6,#c94278
AR0209,threestage_telescoping_slide,rec_threestage_telescoping_slide_69bffc55ea9b49fb84c7d34aa54ea283,208,/mnt/zsn/lyb/arti-skill/exp/Articraft-10K/released_urdf/rec_threestage_telescoping_slide_69bffc55ea9b49fb84c7d34aa54ea283,,/mnt/zsn/data/particulate/datasets/Articraft-10K/renders/uniform244_one_per_category_studio_256_v1/threestage_telescoping_slide/rec_threestage_telescoping_slide_69bffc55ea9b49fb84c7d34aa54ea283/imgs/000.png,70008,dd4ad8014bbbadabdc654e7d6edfe8c8c8c1e4f7f25079fb64e6e4c2e68d2ce4,#399dc9
AR0210,tilting_fan,rec_tilting_fan_0e599062f9e940a0a8c696ccb5b762da,209,/mnt/zsn/lyb/arti-skill/exp/Articraft-10K/released_urdf/rec_tilting_fan_0e599062f9e940a0a8c696ccb5b762da,,/mnt/zsn/data/particulate/datasets/Articraft-10K/renders/uniform244_one_per_category_studio_256_v1/tilting_fan/rec_tilting_fan_0e599062f9e940a0a8c696ccb5b762da/imgs/000.png,81739,b5e27a19e259873fc2130f63071443a81f85861ad3bdc9185173533d377da60a,#c6c930
AR0211,toaster_oven,rec_toaster_oven_394b528a678f49a6b66fa7666481245a,210,/mnt/zsn/lyb/arti-skill/exp/Articraft-10K/released_urdf/rec_toaster_oven_394b528a678f49a6b66fa7666481245a,,/mnt/zsn/data/particulate/datasets/Articraft-10K/renders/uniform244_one_per_category_studio_256_v1/toaster_oven/rec_toaster_oven_394b528a678f49a6b66fa7666481245a/imgs/000.png,80983,cdec9e5b2f78be99233eb32a5c94468f83af54e4dc28b2bce2641ec9848da1a1,#b75bda
AR0212,top_load_washing_machine_with_hinged_lid,rec_top_load_washing_machine_with_hinged_lid_346b550810624b74a95cd239d5387f07,211,/mnt/zsn/lyb/arti-skill/exp/runtime/articraft_github_merged_10787_20260829/packages/rec_top_load_washing_machine_with_hinged_lid_346b550810624b74a95cd239d5387f07,,/mnt/zsn/data/particulate/datasets/Articraft-10K/renders/uniform244_one_per_category_studio_256_v1/top_load_washing_machine_with_hinged_lid/rec_top_load_washing_machine_with_hinged_lid_346b550810624b74a95cd239d5387f07/imgs/000.png,74936,1cf0947ebd3c562f1120e93a13af5098c5d15d07d18e3424dfe59c9faf41c629,#52da8c
AR0213,tower_fan_with_rotary_controls,rec_tower_fan_with_rotary_controls_5f1155bfb3714f6b95b070db57761cad,212,/mnt/zsn/lyb/arti-skill/exp/Articraft-10K/released_urdf/rec_tower_fan_with_rotary_controls_5f1155bfb3714f6b95b070db57761cad,,/mnt/zsn/data/particulate/datasets/Articraft-10K/renders/uniform244_one_per_category_studio_256_v1/tower_fan_with_rotary_controls/rec_tower_fan_with_rotary_controls_5f1155bfb3714f6b95b070db57761cad/imgs/000.png,73645,21ff905d88d19812dffb3be9e286b3c9cd74cf10f36d9855c10853b18f5dcafd,#da5c48
AR0214,toy_car,rec_toy_car_59a6d1edc5db4249867caebda126eb97,213,/mnt/zsn/lyb/arti-skill/exp/Articraft-10K/released_urdf/rec_toy_car_59a6d1edc5db4249867caebda126eb97,,/mnt/zsn/data/particulate/datasets/Articraft-10K/renders/uniform244_one_per_category_studio_256_v1/toy_car/rec_toy_car_59a6d1edc5db4249867caebda126eb97/imgs/000.png,80205,e6029c584a66feeea5f74107c397b842ed44a6184ff853b7be7c557d46838f0b,#3e56da
AR0215,toy_model_planes,rec_toy_model_planes_1a960fb1fdc44e97869e538919d630b1,214,/mnt/zsn/lyb/arti-skill/exp/Articraft-10K/released_urdf/rec_toy_model_planes_1a960fb1fdc44e97869e538919d630b1,,/mnt/zsn/data/particulate/datasets/Articraft-10K/renders/uniform244_one_per_category_studio_256_v1/toy_model_planes/rec_toy_model_planes_1a960fb1fdc44e97869e538919d630b1/imgs/000.png,72198,844caa6109ca9bf4a4d84ac9d38111b1cea287409bf1f30a1b9f2747c21747c8,#7eda34
AR0216,traditional_windmill,rec_traditional_windmill_2dfcf4d95b944e95af4fe5529e7773b8,215,/mnt/zsn/lyb/arti-skill/exp/Articraft-10K/released_urdf/rec_traditional_windmill_2dfcf4d95b944e95af4fe5529e7773b8,,/mnt/zsn/data/particulate/datasets/Articraft-10K/renders/uniform244_one_per_category_studio_256_v1/traditional_windmill/rec_traditional_windmill_2dfcf4d95b944e95af4fe5529e7773b8/imgs/000.png,72536,7cc52585153f148805a5f33d7b03cee74fc57c7b9df6689c4605d27e27c6806b,#eb63c7
AR0217,treasure_chest_with_hinged_lid,rec_create-a-simple-articulated-wooden-treasure-ches_20260426_040009_057829_f1a1c34c,216,/mnt/zsn/lyb/arti-skill/exp/Articraft-10K/released_urdf/rec_create-a-simple-articulated-wooden-treasure-ches_20260426_040009_057829_f1a1c34c,,/mnt/zsn/data/particulate/datasets/Articraft-10K/renders/uniform244_one_per_category_studio_256_v1/treasure_chest_with_hinged_lid/rec_create-a-simple-articulated-wooden-treasure-ches_20260426_040009_057829_f1a1c34c/imgs/000.png,73776,3e89f02bb723a05b6fd6ee5fca5c6b7aff8f54b5023ea2ace46f9dbe60bf8013,#58ebe7
AR0218,trigger_spray_bottle,rec_trigger_spray_bottle_afbf28a26828416fbbb796100a7900ca,217,/mnt/zsn/lyb/arti-skill/exp/runtime/articraft_github_merged_10787_20260829/packages/rec_trigger_spray_bottle_afbf28a26828416fbbb796100a7900ca,,/mnt/zsn/data/particulate/datasets/Articraft-10K/renders/uniform244_one_per_category_studio_256_v1/trigger_spray_bottle/rec_trigger_spray_bottle_afbf28a26828416fbbb796100a7900ca/imgs/000.png,73246,e0c9f869bc2b1787881fa7cde3023d4d18aa2a6d9ebc8d8a25c31157085c2c33,#ebb84d
AR0219,tripodmounted_device,rec_tripodmounted_device_c9182eafca5f433eba8d08fa52be8f36,218,/mnt/zsn/lyb/arti-skill/exp/Articraft-10K/released_urdf/rec_tripodmounted_device_c9182eafca5f433eba8d08fa52be8f36,,/mnt/zsn/data/particulate/datasets/Articraft-10K/renders/uniform244_one_per_category_studio_256_v1/tripodmounted_device/rec_tripodmounted_device_c9182eafca5f433eba8d08fa52be8f36/imgs/000.png,73187,d29f277d89ec96feb08a60977e8597678a1fe031eeeafcd35f5b9ed1ca279ee9,#8443eb
AR0220,turnstile_gates,rec_turnstile_gates_035abd599f5c4979a5695cc7afca544f,219,/mnt/zsn/lyb/arti-skill/exp/Articraft-10K/released_urdf/rec_turnstile_gates_035abd599f5c4979a5695cc7afca544f,,/mnt/zsn/data/particulate/datasets/Articraft-10K/renders/uniform244_one_per_category_studio_256_v1/turnstile_gates/rec_turnstile_gates_035abd599f5c4979a5695cc7afca544f/imgs/000.png,74375,dc580dbdffb60d81e77efc02b653c8d5fe683b26ada14cc7a34f61360d29be7a,#38eb4a
AR0221,turntable,rec_turntable_8947851c068549e7b33b5c99eb7da58b,220,/mnt/zsn/lyb/arti-skill/exp/Articraft-10K/released_urdf/rec_turntable_8947851c068549e7b33b5c99eb7da58b,,/mnt/zsn/data/particulate/datasets/Articraft-10K/renders/uniform244_one_per_category_studio_256_v1/turntable/rec_turntable_8947851c068549e7b33b5c99eb7da58b/imgs/000.png,75467,0fbd9da2a6b24caa0c6eb83c7cb54a92e72e3ba38c91a41523067dbcce13e3e0,#b84d62
AR0222,tv_wall_mount,rec_tv_wall_mount_df00e17b1193455c8906ed5c58a673f0,221,/mnt/zsn/lyb/arti-skill/exp/Articraft-10K/released_urdf/rec_tv_wall_mount_df00e17b1193455c8906ed5c58a673f0,,/mnt/zsn/data/particulate/datasets/Articraft-10K/renders/uniform244_one_per_category_studio_256_v1/tv_wall_mount/rec_tv_wall_mount_df00e17b1193455c8906ed5c58a673f0/imgs/000.png,78696,b5ce8b100d889bdd7f425ae35025e009c1783649c7d4b3d3aa598d9298c16f6d,#457db8
AR0223,twojoint_prismatic_chain,rec_twojoint_prismatic_chain_e0851c7a1a8f417e8a9db6500ddfb83e,222,/mnt/zsn/lyb/arti-skill/exp/Articraft-10K/released_urdf/rec_twojoint_prismatic_chain_e0851c7a1a8f417e8a9db6500ddfb83e,,/mnt/zsn/data/particulate/datasets/Articraft-10K/renders/uniform244_one_per_category_studio_256_v1/twojoint_prismatic_chain/rec_twojoint_prismatic_chain_e0851c7a1a8f417e8a9db6500ddfb83e/imgs/000.png,71222,c95ffede785ae95f9b8bae738e3f255eba258e561afec65d308835c5f8e08b21,#9cb83d
AR0224,twojoint_revolute_chain,rec_twojoint_revolute_chain_a2f30f57e9624c73abf9d9828ea62a4d,223,/mnt/zsn/lyb/arti-skill/exp/Articraft-10K/released_urdf/rec_twojoint_revolute_chain_a2f30f57e9624c73abf9d9828ea62a4d,,/mnt/zsn/data/particulate/datasets/Articraft-10K/renders/uniform244_one_per_category_studio_256_v1/twojoint_revolute_chain/rec_twojoint_revolute_chain_a2f30f57e9624c73abf9d9828ea62a4d/imgs/000.png,70770,c60bd4669dfdcf6a265018b765f3bfde99c86bbbe8e50f22528f9611b0f2d4d0,#ae34b8
AR0225,twostage_telescoping_slide,rec_twostage_telescoping_slide_9de5c0db24964bf0b23b8eb3f23d60cb,224,/mnt/zsn/lyb/arti-skill/exp/Articraft-10K/released_urdf/rec_twostage_telescoping_slide_9de5c0db24964bf0b23b8eb3f23d60cb,,/mnt/zsn/data/particulate/datasets/Articraft-10K/renders/uniform244_one_per_category_studio_256_v1/twostage_telescoping_slide/rec_twostage_telescoping_slide_9de5c0db24964bf0b23b8eb3f23d60cb/imgs/000.png,79311,2f51933b890ba03e30bac40c7adf73147fed40e2b84683460b4d0b2b686a37f2,#2cb885
AR0226,undershot_waterwheel,rec_undershot_waterwheel_740059eec8ab4eaa9980f7654a6290e0,225,/mnt/zsn/lyb/arti-skill/exp/Articraft-10K/released_urdf/rec_undershot_waterwheel_740059eec8ab4eaa9980f7654a6290e0,,/mnt/zsn/data/particulate/datasets/Articraft-10K/renders/uniform244_one_per_category_studio_256_v1/undershot_waterwheel/rec_undershot_waterwheel_740059eec8ab4eaa9980f7654a6290e0/imgs/000.png,87206,d1d7c17f3381f7935cd73c0de067578c7cf7325c9603025f10440029399f233c,#c97c54
AR0227,usb_drive_with_swivel_cover,rec_usb_drive_with_swivel_cover_4ed98581cfda4374b501ec0b29dea611,226,/mnt/zsn/lyb/arti-skill/exp/Articraft-10K/released_urdf/rec_usb_drive_with_swivel_cover_4ed98581cfda4374b501ec0b29dea611,,/mnt/zsn/data/particulate/datasets/Articraft-10K/renders/uniform244_one_per_category_studio_256_v1/usb_drive_with_swivel_cover/rec_usb_drive_with_swivel_cover_4ed98581cfda4374b501ec0b29dea611/imgs/000.png,74795,4fdad4a20c3891594959127d2b52e983df305bb6e1d037506c333fbedcc3a7e5,#524bc9
AR0228,vacuum_cleaner_with_articulated_wand,rec_vacuum_cleaner_with_articulated_wand_141a8b86efa941189172ad2f783a1165,227,/mnt/zsn/lyb/arti-skill/exp/Articraft-10K/released_urdf/rec_vacuum_cleaner_with_articulated_wand_141a8b86efa941189172ad2f783a1165,,/mnt/zsn/data/particulate/datasets/Articraft-10K/renders/uniform244_one_per_category_studio_256_v1/vacuum_cleaner_with_articulated_wand/rec_vacuum_cleaner_with_articulated_wand_141a8b86efa941189172ad2f783a1165/imgs/000.png,76045,f1a92df69c0227000f7cd946e609a807f604556ed1f1885d49d7c1676190a883,#62c942
AR0229,vane_array_with_independent_pivots,rec_vane_array_with_independent_pivots_b9e39931875040e4b52f585a88e0b901,228,/mnt/zsn/lyb/arti-skill/exp/Articraft-10K/released_urdf/rec_vane_array_with_independent_pivots_b9e39931875040e4b52f585a88e0b901,,/mnt/zsn/data/particulate/datasets/Articraft-10K/renders/uniform244_one_per_category_studio_256_v1/vane_array_with_independent_pivots/rec_vane_array_with_independent_pivots_b9e39931875040e4b52f585a88e0b901/imgs/000.png,83988,33ab35af69e77cf57d19e410f25023e2e727d67b1afc0c2aaa03076e223cab5d,#c93985
AR0230,vertical_slide_with_wrist_hinge,rec_vertical_slide_with_wrist_hinge_0003,229,/mnt/zsn/lyb/arti-skill/exp/Articraft-10K/released_urdf/rec_vertical_slide_with_wrist_hinge_0003,,/mnt/zsn/data/particulate/datasets/Articraft-10K/renders/uniform244_one_per_category_studio_256_v1/vertical_slide_with_wrist_hinge/rec_vertical_slide_with_wrist_hinge_0003/imgs/000.png,74167,5aeddeabdb17ba39496a49f108bac72dbd93834cd1c6c37c0d01d3399df81d3d,#30adc9
AR0231,waffle_maker,rec_waffle_maker_4c139b4617af4682a19df303d913db66,230,/mnt/zsn/lyb/arti-skill/exp/Articraft-10K/released_urdf/rec_waffle_maker_4c139b4617af4682a19df303d913db66,,/mnt/zsn/data/particulate/datasets/Articraft-10K/renders/uniform244_one_per_category_studio_256_v1/waffle_maker/rec_waffle_maker_4c139b4617af4682a19df303d913db66/imgs/000.png,74979,9a58ffd9f64f8d57000962bbb9ba7046a6658ba67bb6d9818cd77acc81198795,#dacb5b
AR0232,wall_safe_with_hinged_door_and_dial,rec_wall_safe_with_hinged_door_and_dial_44ef763b6bed4afaa78c758d6d3ee7b4,231,/mnt/zsn/lyb/arti-skill/exp/Articraft-10K/released_urdf/rec_wall_safe_with_hinged_door_and_dial_44ef763b6bed4afaa78c758d6d3ee7b4,,/mnt/zsn/data/particulate/datasets/Articraft-10K/renders/uniform244_one_per_category_studio_256_v1/wall_safe_with_hinged_door_and_dial/rec_wall_safe_with_hinged_door_and_dial_44ef763b6bed4afaa78c758d6d3ee7b4/imgs/000.png,76769,af034a4200983bb0873d2c2eaf060118bfaee5f6affb95799ed00087d24cc9da,#a352da
AR0233,wall_thermostat_with_articulated_controls,rec_wall_thermostat_with_articulated_controls_12e7602c2c1b4d318408e0618a325f7a,232,/mnt/zsn/lyb/arti-skill/exp/runtime/articraft_github_merged_10787_20260829/packages/rec_wall_thermostat_with_articulated_controls_12e7602c2c1b4d318408e0618a325f7a,,/mnt/zsn/data/particulate/datasets/Articraft-10K/renders/uniform244_one_per_category_studio_256_v1/wall_thermostat_with_articulated_controls/rec_wall_thermostat_with_articulated_controls_12e7602c2c1b4d318408e0618a325f7a/imgs/000.png,76627,638f7bb334ea989b7d0e1f7b2bc952fb9268b84f76bcb387e02e688819c984a6,#48da74
AR0234,watch_winder_box_with_hinged_lid,rec_watch_winder_box_with_hinged_lid_e990591d25ed4c0683d6f6cedc404129,233,/mnt/zsn/lyb/arti-skill/exp/Articraft-10K/released_urdf/rec_watch_winder_box_with_hinged_lid_e990591d25ed4c0683d6f6cedc404129,,/mnt/zsn/data/particulate/datasets/Articraft-10K/renders/uniform244_one_per_category_studio_256_v1/watch_winder_box_with_hinged_lid/rec_watch_winder_box_with_hinged_lid_e990591d25ed4c0683d6f6cedc404129/imgs/000.png,70308,6417a2d73969e449132d721ee8cb20d970ba0621cabfec1798688e3023e898c6,#da403e
AR0235,wheelbarrow,rec_wheelbarrow_0002,234,/mnt/zsn/lyb/arti-skill/exp/Articraft-10K/released_urdf/rec_wheelbarrow_0002,,/mnt/zsn/data/particulate/datasets/Articraft-10K/renders/uniform244_one_per_category_studio_256_v1/wheelbarrow/rec_wheelbarrow_0002/imgs/000.png,77049,35ed878cb00f2f24f6184c926336cd19b77fae377009f25621f152157fe33cca,#3463da
AR0236,wheelchair,rec_wheelchair_39849bae8a2a4bfcbf541c7ac148732d,235,/mnt/zsn/lyb/arti-skill/exp/Articraft-10K/released_urdf/rec_wheelchair_39849bae8a2a4bfcbf541c7ac148732d,,/mnt/zsn/data/particulate/datasets/Articraft-10K/renders/uniform244_one_per_category_studio_256_v1/wheelchair/rec_wheelchair_39849bae8a2a4bfcbf541c7ac148732d/imgs/000.png,83847,c981e0d3fe606f84ad465b618bcaf03f57740e69d7e91d8f494eb7f19368aa4c,#b0eb63
AR0237,wheelie_bin_with_hinged_lid,rec_wheelie_bin_with_hinged_lid_cc742c589cd54ad5ab144ac4abb99260,236,/mnt/zsn/lyb/arti-skill/exp/Articraft-10K/released_urdf/rec_wheelie_bin_with_hinged_lid_cc742c589cd54ad5ab144ac4abb99260,,/mnt/zsn/data/particulate/datasets/Articraft-10K/renders/uniform244_one_per_category_studio_256_v1/wheelie_bin_with_hinged_lid/rec_wheelie_bin_with_hinged_lid_cc742c589cd54ad5ab144ac4abb99260/imgs/000.png,80278,0d961f1ba0ea82e204a162182b7e003eca20f4dbd1a99d3f8610580eb1fd50ce,#eb58d7
AR0238,wind_turbine,rec_wind_turbine_a445ef92e8c747839eafcad528fc0620,237,/mnt/zsn/lyb/arti-skill/exp/Articraft-10K/released_urdf/rec_wind_turbine_a445ef92e8c747839eafcad528fc0620,,/mnt/zsn/data/particulate/datasets/Articraft-10K/renders/uniform244_one_per_category_studio_256_v1/wind_turbine/rec_wind_turbine_a445ef92e8c747839eafcad528fc0620/imgs/000.png,68843,0bd30c816fb7e7b85f7c24ecdad220a6b781c55ca3c4a7889e20e47c25a815b9,#4debd2
AR0239,windshield_sun_visor,rec_windshield_sun_visor_fba635aacf134d2eae17f578eed2b2d9,238,/mnt/zsn/lyb/arti-skill/exp/Articraft-10K/released_urdf/rec_windshield_sun_visor_fba635aacf134d2eae17f578eed2b2d9,,/mnt/zsn/data/particulate/datasets/Articraft-10K/renders/uniform244_one_per_category_studio_256_v1/windshield_sun_visor/rec_windshield_sun_visor_fba635aacf134d2eae17f578eed2b2d9/imgs/000.png,70256,3904ca6d827de9b5e583ad3bd9ca3cef05e253d7074376e5d5be5c70fb7c7f80,#eba043
AR0240,windshield_wiper_assembly,rec_windshield_wiper_assembly_76d7935683204355a3067a9d852c517e,239,/mnt/zsn/lyb/arti-skill/exp/Articraft-10K/released_urdf/rec_windshield_wiper_assembly_76d7935683204355a3067a9d852c517e,,/mnt/zsn/data/particulate/datasets/Articraft-10K/renders/uniform244_one_per_category_studio_256_v1/windshield_wiper_assembly/rec_windshield_wiper_assembly_76d7935683204355a3067a9d852c517e/imgs/000.png,69650,86cee8962542997bcf4c09fa4caedf6e473d66fcf9107d8434592e53d24ce667,#6738eb
AR0241,xyz_cartesian_stage,rec_xyz_cartesian_stage_5ad966e3dc0742b28a5d7c06530a65dd,240,/mnt/zsn/lyb/arti-skill/exp/Articraft-10K/released_urdf/rec_xyz_cartesian_stage_5ad966e3dc0742b28a5d7c06530a65dd,,/mnt/zsn/data/particulate/datasets/Articraft-10K/renders/uniform244_one_per_category_studio_256_v1/xyz_cartesian_stage/rec_xyz_cartesian_stage_5ad966e3dc0742b28a5d7c06530a65dd/imgs/000.png,80346,e8cf4326f5e328f5859c85bced2735d5506a976d3cf2239258cadc9897227434,#50b84d
AR0242,yawpitch_module,rec_yawpitch_module_222e3a0ce17c400db76da3cf4b2510f4,241,/mnt/zsn/lyb/arti-skill/exp/Articraft-10K/released_urdf/rec_yawpitch_module_222e3a0ce17c400db76da3cf4b2510f4,,/mnt/zsn/data/particulate/datasets/Articraft-10K/renders/uniform244_one_per_category_studio_256_v1/yawpitch_module/rec_yawpitch_module_222e3a0ce17c400db76da3cf4b2510f4/imgs/000.png,77336,7bc1d5619b4ac314c8a08ae7ec4679a4507128019eee5eab3ae20fa6891cd278,#b8456a
AR0243,yawpitchroll_wrist,rec_yawpitchroll_wrist_6fbf8d14ef7d4cb3a951a623ebb98ed7,242,/mnt/zsn/lyb/arti-skill/exp/Articraft-10K/released_urdf/rec_yawpitchroll_wrist_6fbf8d14ef7d4cb3a951a623ebb98ed7,,/mnt/zsn/data/particulate/datasets/Articraft-10K/renders/uniform244_one_per_category_studio_256_v1/yawpitchroll_wrist/rec_yawpitchroll_wrist_6fbf8d14ef7d4cb3a951a623ebb98ed7/imgs/000.png,73483,429b3e71f4e40933685dc7c5c6151deab55362cc11a89b8892a2fb6ab0bdb8b3,#3d88b8
AR0244,zippo_lighter,rec_zippo_lighter_62f6a981187245d8ba9b93aee5f70b4f,243,/mnt/zsn/lyb/arti-skill/exp/Articraft-10K/released_urdf/rec_zippo_lighter_62f6a981187245d8ba9b93aee5f70b4f,,/mnt/zsn/data/particulate/datasets/Articraft-10K/renders/uniform244_one_per_category_studio_256_v1/zippo_lighter/rec_zippo_lighter_62f6a981187245d8ba9b93aee5f70b4f/imgs/000.png,68918,48d93119f54c6a3d3e1b2f9354ddbd8126e8c051a503896018068c0bb6ae90cd,#abb834
