category_id,category,dataset_id,ordinal,source_path,urdf_path,image_path,image_bytes,image_sha256,color
PV0001,Accessories_Cushion,G0001,0,/mnt/zsn/data/particulate/datasets/PV-A/renders/uniform531_studio_256_v1,,/mnt/zsn/data/particulate/datasets/PV-A/renders/uniform531_studio_256_v1/G0001__Accessories_Cushion__seed_0000.png,74768,122b4d70192278514db1dd7abf82dbb5634e02dd14b1cc1fec79f880e7a54275,#b84d4d
PV0002,Accessories_glasses,G0002,1,/mnt/zsn/data/particulate/datasets/PV-A/renders/uniform531_studio_256_v1,,/mnt/zsn/data/particulate/datasets/PV-A/renders/uniform531_studio_256_v1/G0002__Accessories_glasses__seed_0000.png,78002,55b9d546c18772e5906c08ad70fb2ec168cbb6116690809b6210e737e9ba9fd6,#4566b8
PV0003,adjustable_monitor_arm,G0003,2,/mnt/zsn/data/particulate/datasets/PV-A/renders/uniform531_studio_256_v1,,/mnt/zsn/data/particulate/datasets/PV-A/renders/uniform531_studio_256_v1/G0003__adjustable_monitor_arm__seed_0000.png,75182,50b0d5b5b8c71cfe549c2c6ad32bb268e6911b398c62d60f2b451a312417d481,#84b83d
PV0004,animal_feeding_bowl_stand,G0004,3,/mnt/zsn/data/particulate/datasets/PV-A/renders/uniform531_studio_256_v1,,/mnt/zsn/data/particulate/datasets/PV-A/renders/uniform531_studio_256_v1/G0004__animal_feeding_bowl_stand__seed_0000.png,77124,1f3d7e3ee8440b5ea3d8f4133b7f1b49d7d160a7fbe46b4db740c4203126a032,#b834a7
PV0005,aquarium,G0005,4,/mnt/zsn/data/particulate/datasets/PV-A/renders/uniform531_studio_256_v1,,/mnt/zsn/data/particulate/datasets/PV-A/renders/uniform531_studio_256_v1/G0005__aquarium__seed_0000.png,86237,2013708ec84a660a6c1bb4cc4be7ca5fc494ac9ba8ee91a329d8093ecb074d51,#2cb8a0
PV0006,Art_Drawing_Models_Articulated_mannequin_Poseable_figure_mannequin,G0006,5,/mnt/zsn/data/particulate/datasets/PV-A/renders/uniform531_studio_256_v1,,/mnt/zsn/data/particulate/datasets/PV-A/renders/uniform531_studio_256_v1/G0006__Art_Drawing_Models_Articulated_mannequin_Poseable_figure_mannequin__seed_0000.png,77680,e7f515662b6ca0f4f2cf5efecd50446c9168473ef977b80793ce70b89311af38,#c99354
PV0007,articulated_task_lamp,G0007,6,/mnt/zsn/data/particulate/datasets/PV-A/renders/uniform531_studio_256_v1,,/mnt/zsn/data/particulate/datasets/PV-A/renders/uniform531_studio_256_v1/G0007__articulated_task_lamp__seed_0000.png,76727,4310d75ab0ffc0e923768ce3069a450542c6026b2fabb0d75d9929d25f49ba16,#6a4bc9
PV0008,astronomical_telescope_on_tripod,G0008,7,/mnt/zsn/data/particulate/datasets/PV-A/renders/uniform531_studio_256_v1,,/mnt/zsn/data/particulate/datasets/PV-A/renders/uniform531_studio_256_v1/G0008__astronomical_telescope_on_tripod__seed_0000.png,82042,bbedfd0fddc012ba6524a8bb0f6d712e92f2b1bcbaa870f58a5abe2e3daeb276,#48c942
PV0009,Astronomy_Antenna_dish,G0009,8,/mnt/zsn/data/particulate/datasets/PV-A/renders/uniform531_studio_256_v1,,/mnt/zsn/data/particulate/datasets/PV-A/renders/uniform531_studio_256_v1/G0009__Astronomy_Antenna_dish__seed_0000.png,78977,71cefce05d6de26b251a1db2e0d44b79b6d4838366427fbde7cf7f610b56e395,#c93969
PV0010,Astronomy_Astronaut_helmet,G0010,9,/mnt/zsn/data/particulate/datasets/PV-A/renders/uniform531_studio_256_v1,,/mnt/zsn/data/particulate/datasets/PV-A/renders/uniform531_studio_256_v1/G0010__Astronomy_Astronaut_helmet__seed_0000.png,81320,c5e15e69b5785b46314557cbc9dfa96c221aac1ff1e784306f403ab2582cf55d,#3090c9
PV0011,Astronomy_Lunar_rover,G0011,10,/mnt/zsn/data/particulate/datasets/PV-A/renders/uniform531_studio_256_v1,,/mnt/zsn/data/particulate/datasets/PV-A/renders/uniform531_studio_256_v1/G0011__Astronomy_Lunar_rover__seed_0000.png,87259,3ca593141e8a06a7ce536e786aec302902b1a5a9275ddace9d69fc509d4686f8,#cfda5b
PV0012,Astronomy_Mars_rover,G0012,11,/mnt/zsn/data/particulate/datasets/PV-A/renders/uniform531_studio_256_v1,,/mnt/zsn/data/particulate/datasets/PV-A/renders/uniform531_studio_256_v1/G0012__Astronomy_Mars_rover__seed_0000.png,83266,834bb967762b7aa4f180f8cf4bbb3f2c1edd349b583de0871f0c44a7ef7abe3c,#bd52da
PV0013,Astronomy_Pressurised_module_door,G0013,12,/mnt/zsn/data/particulate/datasets/PV-A/renders/uniform531_studio_256_v1,,/mnt/zsn/data/particulate/datasets/PV-A/renders/uniform531_studio_256_v1/G0013__Astronomy_Pressurised_module_door__seed_0000.png,86855,dc5d8760e7308c1eab8e0bf2f983fa7c026ecca12ab670b687f8bf74bc94c186,#48da90
PV0014,Astronomy_Retractable_landing_gear,G0014,13,/mnt/zsn/data/particulate/datasets/PV-A/renders/uniform531_studio_256_v1,,/mnt/zsn/data/particulate/datasets/PV-A/renders/uniform531_studio_256_v1/G0014__Astronomy_Retractable_landing_gear__seed_0000.png,75985,0559512f961083f6c140cb9f5b5ba2cae160c5972c6311e17a32d5ec4dcb0a49,#da5e3e
PV0015,Astronomy_Return_capsule,G0015,14,/mnt/zsn/data/particulate/datasets/PV-A/renders/uniform531_studio_256_v1,,/mnt/zsn/data/particulate/datasets/PV-A/renders/uniform531_studio_256_v1/G0015__Astronomy_Return_capsule__seed_0000.png,84626,2e714752286e0dbe0411f7099bae5baa70fe56979113d370d3a5ba788a1de24c,#3442da
PV0016,Astronomy_Rocket_engine,G0016,15,/mnt/zsn/data/particulate/datasets/PV-A/renders/uniform531_studio_256_v1,,/mnt/zsn/data/particulate/datasets/PV-A/renders/uniform531_studio_256_v1/G0016__Astronomy_Rocket_engine__seed_0000.png,80561,f59f071ca20e093991f9d93364d7ced890ac2cd7cda2a45f4c0157fd91aa26fd,#96eb63
PV0017,Astronomy_Satellite,G0017,16,/mnt/zsn/data/particulate/datasets/PV-A/renders/uniform531_studio_256_v1,,/mnt/zsn/data/particulate/datasets/PV-A/renders/uniform531_studio_256_v1/G0017__Astronomy_Satellite__seed_0000.png,76809,bf84825557245e27db68bce7c470110895a5977e9293812d2a99d9d16ccad43a,#eb58ba
PV0018,Astronomy_Space_shuttle,G0018,17,/mnt/zsn/data/particulate/datasets/PV-A/renders/uniform531_studio_256_v1,,/mnt/zsn/data/particulate/datasets/PV-A/renders/uniform531_studio_256_v1/G0018__Astronomy_Space_shuttle__seed_0000.png,78542,cbc2df7a978e38cc7e5883345491cd9134c18f938a9ceb71678047d71b7445ca,#4de4eb
PV0019,automotive_differential_differential_gear,G0019,18,/mnt/zsn/data/particulate/datasets/PV-A/renders/uniform531_studio_256_v1,,/mnt/zsn/data/particulate/datasets/PV-A/renders/uniform531_studio_256_v1/G0019__automotive_differential_differential_gear__seed_0000.png,81012,ac46787f44572db99ec2bfdacf32da8e48f26ccbc31dca68c21adce7ff7ea57d,#ebc043
PV0020,badge_id_holder_clip,G0020,19,/mnt/zsn/data/particulate/datasets/PV-A/renders/uniform531_studio_256_v1,,/mnt/zsn/data/particulate/datasets/PV-A/renders/uniform531_studio_256_v1/G0020__badge_id_holder_clip__seed_0000.png,75432,9db2335e6df22755ebe8074170644c94fde43b49590ad3d91302c48aa5742202,#8a38eb
PV0021,Bag_Suitcase_Box,G0021,20,/mnt/zsn/data/particulate/datasets/PV-A/renders/uniform531_studio_256_v1,,/mnt/zsn/data/particulate/datasets/PV-A/renders/uniform531_studio_256_v1/G0021__Bag_Suitcase_Box__seed_0000.png,91908,6e88f43079121fc8db5a1b5d316115ad7f4d5427d7429effb41cc89a678f23a0,#4db85f
PV0022,Bag_Suitcase_Luggage_bag,G0022,21,/mnt/zsn/data/particulate/datasets/PV-A/renders/uniform531_studio_256_v1,,/mnt/zsn/data/particulate/datasets/PV-A/renders/uniform531_studio_256_v1/G0022__Bag_Suitcase_Luggage_bag__seed_0000.png,79133,0287690907c2de09151e11598f56889ae4c395c53f44f1f11789e0041eca0158,#b84554
PV0023,Bag_Suitcase_Shopping_bucket,G0023,22,/mnt/zsn/data/particulate/datasets/PV-A/renders/uniform531_studio_256_v1,,/mnt/zsn/data/particulate/datasets/PV-A/renders/uniform531_studio_256_v1/G0023__Bag_Suitcase_Shopping_bucket__seed_0000.png,74813,dba0eafc3628488ed9e2d603f268fd0d96d9521b05735b7acbcc011881fa43d4,#3d70b8
PV0024,Bag_Suitcase_Suitcase,G0024,23,/mnt/zsn/data/particulate/datasets/PV-A/renders/uniform531_studio_256_v1,,/mnt/zsn/data/particulate/datasets/PV-A/renders/uniform531_studio_256_v1/G0024__Bag_Suitcase_Suitcase__seed_0000.png,82457,8d2855513aaa25c20a80a58047cc72bc4163a2e28a12539abf8f4e14ab3d7f28,#92b834
PV0025,Bag_Suitcase_Treasure_chest,G0025,24,/mnt/zsn/data/particulate/datasets/PV-A/renders/uniform531_studio_256_v1,,/mnt/zsn/data/particulate/datasets/PV-A/renders/uniform531_studio_256_v1/G0025__Bag_Suitcase_Treasure_chest__seed_0000.png,84423,b0a26ae1ae1b96f852b24fb76e89f543a0495f54f1e46e9d8979db48c405eb50,#b72cb8
PV0026,Bar_Piano,G0026,25,/mnt/zsn/data/particulate/datasets/PV-A/renders/uniform531_studio_256_v1,,/mnt/zsn/data/particulate/datasets/PV-A/renders/uniform531_studio_256_v1/G0026__Bar_Piano__seed_0000.png,85394,1ec992d8c3217796e8df70c2a6d3993ba129d18619406e82b8a75d091cd8b1ff,#54c9a6
PV0027,barcode_scanner,G0027,26,/mnt/zsn/data/particulate/datasets/PV-A/renders/uniform531_studio_256_v1,,/mnt/zsn/data/particulate/datasets/PV-A/renders/uniform531_studio_256_v1/G0027__barcode_scanner__seed_0000.png,79703,cacfd46676d6bb9d4b255cb8ff2523a49ead526393741b3a6ad15f6592053c55,#c97f4b
PV0028,barrier_gate_boom,G0028,27,/mnt/zsn/data/particulate/datasets/PV-A/renders/uniform531_studio_256_v1,,/mnt/zsn/data/particulate/datasets/PV-A/renders/uniform531_studio_256_v1/G0028__barrier_gate_boom__seed_0000.png,71666,b35b857e64c6067c04de5c736af2779bd6913c607a1db329b3b0cfd0355c3f34,#5342c9
PV0029,barrier_gate_leaf_gate,G0029,28,/mnt/zsn/data/particulate/datasets/PV-A/renders/uniform531_studio_256_v1,,/mnt/zsn/data/particulate/datasets/PV-A/renders/uniform531_studio_256_v1/G0029__barrier_gate_leaf_gate__seed_0000.png,75466,d35dbac0b745cddeac7395a14160a5ff39ea90eeff1aadff4e1a745ec0488eec,#52c939
PV0030,Bathroom_Hair_dryer,G0030,29,/mnt/zsn/data/particulate/datasets/PV-A/renders/uniform531_studio_256_v1,,/mnt/zsn/data/particulate/datasets/PV-A/renders/uniform531_studio_256_v1/G0030__Bathroom_Hair_dryer__seed_0000.png,71877,c98b1f6d664a1bbe51249dcca6d88aad910b8db68774ddb59f0cc5588e140428,#c93077
PV0031,Bathroom_toilet,G0031,30,/mnt/zsn/data/particulate/datasets/PV-A/renders/uniform531_studio_256_v1,,/mnt/zsn/data/particulate/datasets/PV-A/renders/uniform531_studio_256_v1/G0031__Bathroom_toilet__seed_0000.png,73772,3f2f10926ec8ae17a961b4e550b44e8ddbc400822f32a57e316e975f10715c7d,#5bbbda
PV0032,Bathroom_washmachine,G0032,31,/mnt/zsn/data/particulate/datasets/PV-A/renders/uniform531_studio_256_v1,,/mnt/zsn/data/particulate/datasets/PV-A/renders/uniform531_studio_256_v1/G0032__Bathroom_washmachine__seed_0000.png,80241,57474174a2227939c802bd40615e9f96cdf6013e038337ca7ebb4c12d300442d,#dad352
PV0033,bell_tower_with_swinging_bell,G0033,32,/mnt/zsn/data/particulate/datasets/PV-A/renders/uniform531_studio_256_v1,,/mnt/zsn/data/particulate/datasets/PV-A/renders/uniform531_studio_256_v1/G0033__bell_tower_with_swinging_bell__seed_0000.png,86607,a05c6adf4b5e1768c4533d8784d2a5c293f542b6f2380a14b60ef56ed0a2416f,#a848da
PV0034,Bench_Wood_Swing,G0034,33,/mnt/zsn/data/particulate/datasets/PV-A/renders/uniform531_studio_256_v1,,/mnt/zsn/data/particulate/datasets/PV-A/renders/uniform531_studio_256_v1/G0034__Bench_Wood_Swing__seed_0000.png,84600,08955faaecdac5513755345309074a3abdca2f1b1ac74e2150abe9e5d551f412,#3eda78
PV0035,bicycle_crankset_and_pedal_assembly,G0035,34,/mnt/zsn/data/particulate/datasets/PV-A/renders/uniform531_studio_256_v1,,/mnt/zsn/data/particulate/datasets/PV-A/renders/uniform531_studio_256_v1/G0035__bicycle_crankset_and_pedal_assembly__seed_0000.png,75576,b7072aafa10baf1490c959df861e8727c455fcf4a2b749ac5a71603049d94131,#da4134
PV0036,bird_cage,G0036,35,/mnt/zsn/data/particulate/datasets/PV-A/renders/uniform531_studio_256_v1,,/mnt/zsn/data/particulate/datasets/PV-A/renders/uniform531_studio_256_v1/G0036__bird_cage__seed_0000.png,96552,844eb5903efd25002a1bd9b286eb2719a73575aa5636c29039b63e28f16f5369,#637feb
PV0037,blender_countertop,G0037,36,/mnt/zsn/data/particulate/datasets/PV-A/renders/uniform531_studio_256_v1,,/mnt/zsn/data/particulate/datasets/PV-A/renders/uniform531_studio_256_v1/G0037__blender_countertop__seed_0000.png,73401,b63156b23a8df535ca504110f385eae52a906288996d2ed786c17d58c24ef344,#a2eb58
PV0038,box_fan_with_control_knob,G0038,37,/mnt/zsn/data/particulate/datasets/PV-A/renders/uniform531_studio_256_v1,,/mnt/zsn/data/particulate/datasets/PV-A/renders/uniform531_studio_256_v1/G0038__box_fan_with_control_knob__seed_0000.png,90238,902fee2d82c8860c2bdbb1cc881e55b30615651d32f93e7d6baa0551d3d5ff42,#eb4dcb
PV0039,branching_tree_with_three_independent_rotary_branches,G0039,38,/mnt/zsn/data/particulate/datasets/PV-A/renders/uniform531_studio_256_v1,,/mnt/zsn/data/particulate/datasets/PV-A/renders/uniform531_studio_256_v1/G0039__branching_tree_with_three_independent_rotary_branches__seed_0000.png,78436,c4e0db3eba4095d892870e5f0f5bfe4995de08af40e769c806c0a4820c9f17d2,#43ebdc
PV0040,branching_tree_with_two_independent_rotary_branches,G0040,39,/mnt/zsn/data/particulate/datasets/PV-A/renders/uniform531_studio_256_v1,,/mnt/zsn/data/particulate/datasets/PV-A/renders/uniform531_studio_256_v1/G0040__branching_tree_with_two_independent_rotary_branches__seed_0000.png,76303,df25e202db3c186091cc2e023880c8615993b3d6eb177bbb2f36c91b7802a297,#eba738
PV0041,camcorder_with_flipout_screen,G0041,40,/mnt/zsn/data/particulate/datasets/PV-A/renders/uniform531_studio_256_v1,,/mnt/zsn/data/particulate/datasets/PV-A/renders/uniform531_studio_256_v1/G0041__camcorder_with_flipout_screen__seed_0000.png,73025,69347e693e5efb1f15d23fb22cb2b6f3d41d304e70e538d1bf76d4273a9827d8,#704db8
PV0042,camera_flash,G0042,41,/mnt/zsn/data/particulate/datasets/PV-A/renders/uniform531_studio_256_v1,,/mnt/zsn/data/particulate/datasets/PV-A/renders/uniform531_studio_256_v1/G0042__camera_flash__seed_0000.png,73392,907c22cbe9d86ef07d4e97079896e6bfcb423f922571a8c5cceafb991ac77119,#45b849
PV0043,camera_lens,G0043,42,/mnt/zsn/data/particulate/datasets/PV-A/renders/uniform531_studio_256_v1,,/mnt/zsn/data/particulate/datasets/PV-A/renders/uniform531_studio_256_v1/G0043__camera_lens__seed_0000.png,90327,e3e4e829b7fc2fe651caee26390bc5778eb92c1280379f218f6f98e625c48ab1,#b83d5c
PV0044,camp_chair,G0044,43,/mnt/zsn/data/particulate/datasets/PV-A/renders/uniform531_studio_256_v1,,/mnt/zsn/data/particulate/datasets/PV-A/renders/uniform531_studio_256_v1/G0044__camp_chair__seed_0000.png,94196,13594b2c96510b08737d335f827c195bc04559012ea6be44acf10d395d299bde,#347cb8
PV0045,camping_lantern,G0045,44,/mnt/zsn/data/particulate/datasets/PV-A/renders/uniform531_studio_256_v1,,/mnt/zsn/data/particulate/datasets/PV-A/renders/uniform531_studio_256_v1/G0045__camping_lantern__seed_0000.png,76834,cdd57e7fd6f87d5e8c830debf5f7d415bd457e024efd60938d0ca0d1ed0bdf60,#a1b82c
PV0046,candy_vending_machine,G0046,45,/mnt/zsn/data/particulate/datasets/PV-A/renders/uniform531_studio_256_v1,,/mnt/zsn/data/particulate/datasets/PV-A/renders/uniform531_studio_256_v1/G0046__candy_vending_machine__seed_0000.png,81398,391d55331c8ae3d6e3a338a2deeb5a35721c793279f51af6461624e87c095771,#b954c9
PV0047,cannon,G0047,46,/mnt/zsn/data/particulate/datasets/PV-A/renders/uniform531_studio_256_v1,,/mnt/zsn/data/particulate/datasets/PV-A/renders/uniform531_studio_256_v1/G0047__cannon__seed_0000.png,82443,94032610920c0c48318e6945e719ff2799ac66e4c2f14cf57751169c67250e13,#4bc994
PV0048,cantilever_articulated_arm,G0048,47,/mnt/zsn/data/particulate/datasets/PV-A/renders/uniform531_studio_256_v1,,/mnt/zsn/data/particulate/datasets/PV-A/renders/uniform531_studio_256_v1/G0048__cantilever_articulated_arm__seed_0000.png,78065,4e4fdf1630824df5bf6f5e5d502ee6da25fb32fcc296b5f1d938c29f96e89669,#c96942
PV0049,car_axles,G0049,48,/mnt/zsn/data/particulate/datasets/PV-A/renders/uniform531_studio_256_v1,,/mnt/zsn/data/particulate/datasets/PV-A/renders/uniform531_studio_256_v1/G0049__car_axles__seed_0000.png,75868,e4ea5dadecdbc19ecc4153e12578c8038087cc4fb509ad4cc7896b44226db086,#393ac9
PV0050,cash_register,G0050,49,/mnt/zsn/data/particulate/datasets/PV-A/renders/uniform531_studio_256_v1,,/mnt/zsn/data/particulate/datasets/PV-A/renders/uniform531_studio_256_v1/G0050__cash_register__seed_0000.png,82401,f84e9c6516dfa21c0f3f18cfc1a538e330ffe12f40758167349fb5f1aaa3e640,#5ec930
PV0051,casino_machine,G0051,50,/mnt/zsn/data/particulate/datasets/PV-A/renders/uniform531_studio_256_v1,,/mnt/zsn/data/particulate/datasets/PV-A/renders/uniform531_studio_256_v1/G0051__casino_machine__seed_0000.png,90052,06b528b67c8db0832af63199d679b04d2cfe943a8f39ae5c3702a8f551957d1e,#da5ba6
PV0052,cat_flap,G0052,51,/mnt/zsn/data/particulate/datasets/PV-A/renders/uniform531_studio_256_v1,,/mnt/zsn/data/particulate/datasets/PV-A/renders/uniform531_studio_256_v1/G0052__cat_flap__seed_0000.png,88371,3527c3e52feb729e85b6d21fa875de418348e921fd134f00f71b728f1a873410,#52c9da
PV0053,cctv_mast_with_pantilt_camera_head,G0053,52,/mnt/zsn/data/particulate/datasets/PV-A/renders/uniform531_studio_256_v1,,/mnt/zsn/data/particulate/datasets/PV-A/renders/uniform531_studio_256_v1/G0053__cctv_mast_with_pantilt_camera_head__seed_0000.png,70976,95d48ba946c5bc388318fc3df4f0c4140ee6d75924720bfae6d0379a3cdba7d6,#dac048
PV0054,ceiling_fan,G0054,53,/mnt/zsn/data/particulate/datasets/PV-A/renders/uniform531_studio_256_v1,,/mnt/zsn/data/particulate/datasets/PV-A/renders/uniform531_studio_256_v1/G0054__ceiling_fan__seed_0000.png,70266,f6dbb3e846e4f4b208fad790c6122ca1010e5a23824acd0f7f8479a6c4691eda,#913eda
PV0055,ceiling_light_fixture_adjustable,G0055,54,/mnt/zsn/data/particulate/datasets/PV-A/renders/uniform531_studio_256_v1,,/mnt/zsn/data/particulate/datasets/PV-A/renders/uniform531_studio_256_v1/G0055__ceiling_light_fixture_adjustable__seed_0000.png,75719,18d9eb414f8da1a8e618c130650d4803ef25224d9c92fef38bae007fbe4b6db1,#34da5c
PV0056,Chair_Chair,G0056,55,/mnt/zsn/data/particulate/datasets/PV-A/renders/uniform531_studio_256_v1,,/mnt/zsn/data/particulate/datasets/PV-A/renders/uniform531_studio_256_v1/G0056__Chair_Chair__seed_0000.png,80001,399e135a76218cce7d86aa706768a2b9726f72d3cd97396d1dadb3741ad0dab8,#eb6369
PV0057,Chair_Folding_chair,G0057,56,/mnt/zsn/data/particulate/datasets/PV-A/renders/uniform531_studio_256_v1,,/mnt/zsn/data/particulate/datasets/PV-A/renders/uniform531_studio_256_v1/G0057__Chair_Folding_chair__seed_0000.png,89023,7f4628ba090eede7a912d04c9a219a2422a31def47531ee60b705bca6cce33c7,#588aeb
PV0058,chest_freezer_with_hinged_lid,G0058,57,/mnt/zsn/data/particulate/datasets/PV-A/renders/uniform531_studio_256_v1,,/mnt/zsn/data/particulate/datasets/PV-A/renders/uniform531_studio_256_v1/G0058__chest_freezer_with_hinged_lid__seed_0000.png,81753,42f30ac91d10a08e6195bdebe1392fae34da01a1d9e80c2bc0b9f2f71b0f8779,#b1eb4d
PV0059,clock_tower_with_rotating_hour_and_minute_hands,G0059,58,/mnt/zsn/data/particulate/datasets/PV-A/renders/uniform531_studio_256_v1,,/mnt/zsn/data/particulate/datasets/PV-A/renders/uniform531_studio_256_v1/G0059__clock_tower_with_rotating_hour_and_minute_hands__seed_0000.png,75816,df9e9294bc2d48e0e8f2d1f269fb83abab55d2ac87420d6f5b327e6b139b40b6,#eb43de
PV0060,clothing_rack,G0060,59,/mnt/zsn/data/particulate/datasets/PV-A/renders/uniform531_studio_256_v1,,/mnt/zsn/data/particulate/datasets/PV-A/renders/uniform531_studio_256_v1/G0060__clothing_rack__seed_0000.png,77947,83a53bf21a2aa4789b289b50f3a14e464ef20ac791390749b28b86aeec251191,#38ebc4
PV0061,coaxial_rotary_stack,G0061,60,/mnt/zsn/data/particulate/datasets/PV-A/renders/uniform531_studio_256_v1,,/mnt/zsn/data/particulate/datasets/PV-A/renders/uniform531_studio_256_v1/G0061__coaxial_rotary_stack__seed_0000.png,79028,39ed027b9f87b293fe46eb1ad045ba0251d6d113b03e4935b7b2e73deee5336c,#b8824d
PV0062,Container_Barrel,G0062,61,/mnt/zsn/data/particulate/datasets/PV-A/renders/uniform531_studio_256_v1,,/mnt/zsn/data/particulate/datasets/PV-A/renders/uniform531_studio_256_v1/G0062__Container_Barrel__seed_0000.png,84425,c6bea9622d95fa99e150aa92305d397f99d37e19e1eb38c906b1519934e7a61f,#5c45b8
PV0063,Container_Basket,G0063,62,/mnt/zsn/data/particulate/datasets/PV-A/renders/uniform531_studio_256_v1,,/mnt/zsn/data/particulate/datasets/PV-A/renders/uniform531_studio_256_v1/G0063__Container_Basket__seed_0000.png,105998,6f1ff20a5d97e26926b551c62385a72ccf5393bd6ce8f81ebbca2cb8c31e7669,#48b83d
PV0064,Container_Bottle,G0064,63,/mnt/zsn/data/particulate/datasets/PV-A/renders/uniform531_studio_256_v1,,/mnt/zsn/data/particulate/datasets/PV-A/renders/uniform531_studio_256_v1/G0064__Container_Bottle__seed_0000.png,70989,11b83cb920a2257165d9c8c990bb629e3a483098200d92aab811b337b2646cf2,#b83467
PV0065,Container_Bottle_serum,G0065,64,/mnt/zsn/data/particulate/datasets/PV-A/renders/uniform531_studio_256_v1,,/mnt/zsn/data/particulate/datasets/PV-A/renders/uniform531_studio_256_v1/G0065__Container_Bottle_serum__seed_0000.png,75951,bca827cffb2e39fff8855c3024618e0d2d81c73442e4cdaccb9550854bdff477,#2c8ab8
PV0066,Container_Box,G0066,65,/mnt/zsn/data/particulate/datasets/PV-A/renders/uniform531_studio_256_v1,,/mnt/zsn/data/particulate/datasets/PV-A/renders/uniform531_studio_256_v1/G0066__Container_Box__seed_0000.png,88052,99b4d09c8dce25a67a97679545a48ed0846e034a7a50aef54f48fb8f1015e925,#c5c954
PV0067,Container_Can,G0067,66,/mnt/zsn/data/particulate/datasets/PV-A/renders/uniform531_studio_256_v1,,/mnt/zsn/data/particulate/datasets/PV-A/renders/uniform531_studio_256_v1/G0067__Container_Can__seed_0000.png,77676,09f4386a2ba0b54626bb57482696871f55b2dd1b7e04a3322880ea5dac340d88,#a84bc9
PV0068,Container_Cosmetic,G0068,67,/mnt/zsn/data/particulate/datasets/PV-A/renders/uniform531_studio_256_v1,,/mnt/zsn/data/particulate/datasets/PV-A/renders/uniform531_studio_256_v1/G0068__Container_Cosmetic__seed_0000.png,80420,b4ac4f44e8f42f7d4eaaf5aa12b5a94aae2462994cab72db248752877c75c820,#42c97f
PV0069,Container_Cup,G0069,68,/mnt/zsn/data/particulate/datasets/PV-A/renders/uniform531_studio_256_v1,,/mnt/zsn/data/particulate/datasets/PV-A/renders/uniform531_studio_256_v1/G0069__Container_Cup__seed_0000.png,83997,3d503a2df0c821da686497a5a3591c4e68ab501167a0ded7239a7433ee2af987,#c95039
PV0070,Container_Dispenser,G0070,69,/mnt/zsn/data/particulate/datasets/PV-A/renders/uniform531_studio_256_v1,,/mnt/zsn/data/particulate/datasets/PV-A/renders/uniform531_studio_256_v1/G0070__Container_Dispenser__seed_0000.png,74661,ed5bbdc215d072cf2072284cb0233b131cc0a5bd5b889673859232ec13422c8d,#3045c9
PV0071,Container_Gas_cylinder,G0071,70,/mnt/zsn/data/particulate/datasets/PV-A/renders/uniform531_studio_256_v1,,/mnt/zsn/data/particulate/datasets/PV-A/renders/uniform531_studio_256_v1/G0071__Container_Gas_cylinder__seed_0000.png,89522,e7d0644c96adfce89049f6319ac4d8006a10151dee450605226453c5ccbf06bd,#91da5b
PV0072,Container_Glass_bottle,G0072,71,/mnt/zsn/data/particulate/datasets/PV-A/renders/uniform531_studio_256_v1,,/mnt/zsn/data/particulate/datasets/PV-A/renders/uniform531_studio_256_v1/G0072__Container_Glass_bottle__seed_0000.png,73279,54ccf84352ddc33d625b72edeb111fa92c4d39835ae4dc39025148e0996ff496,#da52b3
PV0073,Container_Jar,G0073,72,/mnt/zsn/data/particulate/datasets/PV-A/renders/uniform531_studio_256_v1,,/mnt/zsn/data/particulate/datasets/PV-A/renders/uniform531_studio_256_v1/G0073__Container_Jar__seed_0000.png,76913,93657688fa79683a839b4da466f3f293eb572cb7bfc3709bb74dd33f4498f294,#48dad8
PV0074,Container_Kettle,G0074,73,/mnt/zsn/data/particulate/datasets/PV-A/renders/uniform531_studio_256_v1,,/mnt/zsn/data/particulate/datasets/PV-A/renders/uniform531_studio_256_v1/G0074__Container_Kettle__seed_0000.png,85231,6695d16e1c6ea1290c85ab1c77c9c1393e899a3bec7401ade2cc5ae4958c5683,#daab3e
PV0075,Container_laundry_detergent_bottle,G0075,74,/mnt/zsn/data/particulate/datasets/PV-A/renders/uniform531_studio_256_v1,,/mnt/zsn/data/particulate/datasets/PV-A/renders/uniform531_studio_256_v1/G0075__Container_laundry_detergent_bottle__seed_0000.png,72557,927deb6508271ea818d18a8467e356ecb54aaf40317a35ac6119339cea503399,#7834da
PV0076,Container_Lipstick,G0076,75,/mnt/zsn/data/particulate/datasets/PV-A/renders/uniform531_studio_256_v1,,/mnt/zsn/data/particulate/datasets/PV-A/renders/uniform531_studio_256_v1/G0076__Container_Lipstick__seed_0000.png,69511,d01fbef42a2556acb33d6d8f63329f5904cc846cd72b15bbc835615a3e8f163f,#63eb72
PV0077,Container_Locker,G0077,76,/mnt/zsn/data/particulate/datasets/PV-A/renders/uniform531_studio_256_v1,,/mnt/zsn/data/particulate/datasets/PV-A/renders/uniform531_studio_256_v1/G0077__Container_Locker__seed_0000.png,89527,b6d6389eed39f2cf78b427ab0f4339d9c67bd78b12909aa4afaaa1244b908198,#eb5872
PV0078,Container_Paint_spray,G0078,77,/mnt/zsn/data/particulate/datasets/PV-A/renders/uniform531_studio_256_v1,,/mnt/zsn/data/particulate/datasets/PV-A/renders/uniform531_studio_256_v1/G0078__Container_Paint_spray__seed_0000.png,74503,69752fe5bd07cfd401e713697d554d83fd6c48da1024c5fcce6801c87c51d1f6,#4d97eb
PV0079,Container_Plastic_can,G0079,78,/mnt/zsn/data/particulate/datasets/PV-A/renders/uniform531_studio_256_v1,,/mnt/zsn/data/particulate/datasets/PV-A/renders/uniform531_studio_256_v1/G0079__Container_Plastic_can__seed_0000.png,76863,b8b803b853dd4c60fe8471c447deed4f35335e25a44dac5378381e1513de7e37,#c2eb43
PV0080,Container_Primer_bottle,G0080,79,/mnt/zsn/data/particulate/datasets/PV-A/renders/uniform531_studio_256_v1,,/mnt/zsn/data/particulate/datasets/PV-A/renders/uniform531_studio_256_v1/G0080__Container_Primer_bottle__seed_0000.png,76128,1ccec29fb9d1cea6fb4497d197adbfdee408a7fd9b6d165bcb5ce1430bf7d5a9,#e138eb
PV0081,Container_Pump,G0081,80,/mnt/zsn/data/particulate/datasets/PV-A/renders/uniform531_studio_256_v1,,/mnt/zsn/data/particulate/datasets/PV-A/renders/uniform531_studio_256_v1/G0081__Container_Pump__seed_0000.png,71225,12de63152d72cb12d83a90f26bc972361bccb290104d96cfac6aa424f30f3b1a,#4db893
PV0082,Container_Shipping_container,G0082,81,/mnt/zsn/data/particulate/datasets/PV-A/renders/uniform531_studio_256_v1,,/mnt/zsn/data/particulate/datasets/PV-A/renders/uniform531_studio_256_v1/G0082__Container_Shipping_container__seed_0000.png,83404,17b93274471a8c08c6ea696bd2fd865ee0313ce136d07a15a575b0c1a67dd79e,#b86f45
PV0083,Container_Tube,G0083,82,/mnt/zsn/data/particulate/datasets/PV-A/renders/uniform531_studio_256_v1,,/mnt/zsn/data/particulate/datasets/PV-A/renders/uniform531_studio_256_v1/G0083__Container_Tube__seed_0000.png,71982,1c0c1cd5860d73fef3c0a987acf2914eb52886754ed008a96fe53d7761e69c7b,#463db8
PV0084,crane_tower,G0084,83,/mnt/zsn/data/particulate/datasets/PV-A/renders/uniform531_studio_256_v1,,/mnt/zsn/data/particulate/datasets/PV-A/renders/uniform531_studio_256_v1/G0084__crane_tower__seed_0000.png,77878,79f511f4c6a7bd3c9e2570999628b0f7a70264bc5830d5e9cd14333f530e425e,#51b834
PV0085,Curtain_blind,G0085,84,/mnt/zsn/data/particulate/datasets/PV-A/renders/uniform531_studio_256_v1,,/mnt/zsn/data/particulate/datasets/PV-A/renders/uniform531_studio_256_v1/G0085__Curtain_blind__seed_0000.png,85647,458768c12aa77215872fe750ce3f15d2d81052abac7c349418b4b3eeb84141fa,#b82c73
PV0086,defibrillator_case,G0086,85,/mnt/zsn/data/particulate/datasets/PV-A/renders/uniform531_studio_256_v1,,/mnt/zsn/data/particulate/datasets/PV-A/renders/uniform531_studio_256_v1/G0086__defibrillator_case__seed_0000.png,73685,e9e3c18dd40eea7d69b51596f3de53910c3312e0ff6ac3bb64332336a5697964,#54b2c9
PV0087,desk_with_drawer,G0087,86,/mnt/zsn/data/particulate/datasets/PV-A/renders/uniform531_studio_256_v1,,/mnt/zsn/data/particulate/datasets/PV-A/renders/uniform531_studio_256_v1/G0087__desk_with_drawer__seed_0000.png,88562,19507b4fbcd92f85369a76983095b4065fbccfa5a91698b7bd71692df15aa1fe,#c9bd4b
PV0088,desk_with_drawer_card_catalog,G0088,87,/mnt/zsn/data/particulate/datasets/PV-A/renders/uniform531_studio_256_v1,,/mnt/zsn/data/particulate/datasets/PV-A/renders/uniform531_studio_256_v1/G0088__desk_with_drawer_card_catalog__seed_0000.png,82984,b68330005ef51daf21e3eb193f7ceb10aaa89bdc68ef08e18aa12c431523f1ef,#9542c9
PV0089,desktop_monitor_with_tilt_swivel_stand,G0089,88,/mnt/zsn/data/particulate/datasets/PV-A/renders/uniform531_studio_256_v1,,/mnt/zsn/data/particulate/datasets/PV-A/renders/uniform531_studio_256_v1/G0089__desktop_monitor_with_tilt_swivel_stand__seed_0000.png,77883,74e2a5daa2ebe856a75fbd35b76f0f37925eddc72a50b61e3d4048d7572e2934,#39c967
PV0090,desktop_pc_tower,G0090,89,/mnt/zsn/data/particulate/datasets/PV-A/renders/uniform531_studio_256_v1,,/mnt/zsn/data/particulate/datasets/PV-A/renders/uniform531_studio_256_v1/G0090__desktop_pc_tower__seed_0000.png,75805,87c6356fdeadab84645ae61befe8839ef787d7664a364ef6b1f63b487ce1047d,#c93530
PV0091,differential_drive_wheel,G0091,90,/mnt/zsn/data/particulate/datasets/PV-A/renders/uniform531_studio_256_v1,,/mnt/zsn/data/particulate/datasets/PV-A/renders/uniform531_studio_256_v1/G0091__differential_drive_wheel__seed_0000.png,86808,45f48666f932a22130ad9dc6d29ee8b4f2b74157aa3aaf76379887f18795a8a2,#5b7cda
PV0092,dishwasher_with_dropdown_door_and_sliding_racks,G0092,91,/mnt/zsn/data/particulate/datasets/PV-A/renders/uniform531_studio_256_v1,,/mnt/zsn/data/particulate/datasets/PV-A/renders/uniform531_studio_256_v1/G0092__dishwasher_with_dropdown_door_and_sliding_racks__seed_0000.png,79200,dbcd59b60552f4879fec1951f18912e8659c41f2ad087279e6aea57d5432ff2e,#9dda52
PV0093,display_freezer_with_sliding_glass_lids,G0093,92,/mnt/zsn/data/particulate/datasets/PV-A/renders/uniform531_studio_256_v1,,/mnt/zsn/data/particulate/datasets/PV-A/renders/uniform531_studio_256_v1/G0093__display_freezer_with_sliding_glass_lids__seed_0000.png,84449,6b5010ead3ea37ca2497883fede26deed6e216023fc0ada87ce021da776abb9a,#da48c3
PV0094,dj_equipment,G0094,93,/mnt/zsn/data/particulate/datasets/PV-A/renders/uniform531_studio_256_v1,,/mnt/zsn/data/particulate/datasets/PV-A/renders/uniform531_studio_256_v1/G0094__dj_equipment__seed_0000.png,80345,734c9c6139269b7f4a8accdf0144210fe612fcaaab6045e9be601467ea550531,#3edac4
PV0095,Door_Door,G0095,94,/mnt/zsn/data/particulate/datasets/PV-A/renders/uniform531_studio_256_v1,,/mnt/zsn/data/particulate/datasets/PV-A/renders/uniform531_studio_256_v1/G0095__Door_Door__seed_0000.png,78676,ce97b268564abd5cdc23b5c398b2631bf2902194e4fde8f48d576f8f5a1fb1f7,#da9334
PV0096,Door_Double_Door,G0096,95,/mnt/zsn/data/particulate/datasets/PV-A/renders/uniform531_studio_256_v1,,/mnt/zsn/data/particulate/datasets/PV-A/renders/uniform531_studio_256_v1/G0096__Door_Double_Door__seed_0000.png,79039,a700310ea8320ae0a1a88a4ab6d4c1c95d3b0c67e54376206264566c79b9ee4e,#8963eb
PV0097,Door_folding_door,G0097,96,/mnt/zsn/data/particulate/datasets/PV-A/renders/uniform531_studio_256_v1,,/mnt/zsn/data/particulate/datasets/PV-A/renders/uniform531_studio_256_v1/G0097__Door_folding_door__seed_0000.png,80434,031e509c0c9e5942445b618a6e2f7ddf4363e63049da75b664b3ee89054c65e4,#5aeb58
PV0098,Door_Folding_gate,G0098,97,/mnt/zsn/data/particulate/datasets/PV-A/renders/uniform531_studio_256_v1,,/mnt/zsn/data/particulate/datasets/PV-A/renders/uniform531_studio_256_v1/G0098__Door_Folding_gate__seed_0000.png,84012,41995ece2d81f21eb8dbe15dd4dbffe3f940df79ee15d9380ec0887c088cfd1f,#eb4d7d
PV0099,Door_Garage_shutter,G0099,98,/mnt/zsn/data/particulate/datasets/PV-A/renders/uniform531_studio_256_v1,,/mnt/zsn/data/particulate/datasets/PV-A/renders/uniform531_studio_256_v1/G0099__Door_Garage_shutter__seed_0000.png,83495,12a66f3da7be0d0b5bccf2d070515dc5acd68dd084f3762dde049750c6ef041e,#43a7eb
PV0100,Door_Gate,G0100,99,/mnt/zsn/data/particulate/datasets/PV-A/renders/uniform531_studio_256_v1,,/mnt/zsn/data/particulate/datasets/PV-A/renders/uniform531_studio_256_v1/G0100__Door_Gate__seed_0000.png,92213,c8abb31a23d38d3c033d2d5987536e35ac267126bd493b9156e9779242f64844,#d7eb38
PV0101,Door_Other,G0101,100,/mnt/zsn/data/particulate/datasets/PV-A/renders/uniform531_studio_256_v1,,/mnt/zsn/data/particulate/datasets/PV-A/renders/uniform531_studio_256_v1/G0101__Door_Other__seed_0000.png,81117,6260c54b371030035014bd4b1081d25fa3798fe05e04a8d279a9c1775f0eb272,#a44db8
PV0102,Door_Scifi_Gate,G0102,101,/mnt/zsn/data/particulate/datasets/PV-A/renders/uniform531_studio_256_v1,,/mnt/zsn/data/particulate/datasets/PV-A/renders/uniform531_studio_256_v1/G0102__Door_Scifi_Gate__seed_0000.png,89817,ebe66f23285b60d92eea95ab3ba6d9831d83d57989e07f5d4cf103cc21400214,#45b882
PV0103,Door_Sliding_Door,G0103,102,/mnt/zsn/data/particulate/datasets/PV-A/renders/uniform531_studio_256_v1,,/mnt/zsn/data/particulate/datasets/PV-A/renders/uniform531_studio_256_v1/G0103__Door_Sliding_Door__seed_0000.png,80759,05ec3f547dc4a19b859d884e250aabf519d8603e25dbb1792d1c69f4b80e33be,#b85a3d
PV0104,Door_Trap_door,G0104,103,/mnt/zsn/data/particulate/datasets/PV-A/renders/uniform531_studio_256_v1,,/mnt/zsn/data/particulate/datasets/PV-A/renders/uniform531_studio_256_v1/G0104__Door_Trap_door__seed_0000.png,99126,f82d18a4e4eeedbdcce9824c901133b03e3f0bb22a118987ff9ab5fdfcae1c63,#343cb8
PV0105,Door_wooden_plank_door_with_a_ring_pull,G0105,104,/mnt/zsn/data/particulate/datasets/PV-A/renders/uniform531_studio_256_v1,,/mnt/zsn/data/particulate/datasets/PV-A/renders/uniform531_studio_256_v1/G0105__Door_wooden_plank_door_with_a_ring_pull__seed_0000.png,82228,0f899436aeeaf19628390fe6e09257264b4a0b6d7b71c8c12220ab024d272e2b,#5cb82c
PV0106,drafting_table,G0106,105,/mnt/zsn/data/particulate/datasets/PV-A/renders/uniform531_studio_256_v1,,/mnt/zsn/data/particulate/datasets/PV-A/renders/uniform531_studio_256_v1/G0106__drafting_table__seed_0000.png,89673,f6968aed7690566ad95cfb5a7efcd422525e4646bc4b248157570d698771440f,#c9549f
PV0107,drawer_cabinet_with_sliding_drawers,G0107,106,/mnt/zsn/data/particulate/datasets/PV-A/renders/uniform531_studio_256_v1,,/mnt/zsn/data/particulate/datasets/PV-A/renders/uniform531_studio_256_v1/G0107__drawer_cabinet_with_sliding_drawers__seed_0000.png,83161,9cf18d3353eee95a332ffc3fc45fa9e2b176d9a924fafc5b8d44d7c2c933b3ba,#4bc0c9
PV0108,drone,G0108,107,/mnt/zsn/data/particulate/datasets/PV-A/renders/uniform531_studio_256_v1,,/mnt/zsn/data/particulate/datasets/PV-A/renders/uniform531_studio_256_v1/G0108__drone__seed_0000.png,73364,38fa9d46e0e1e884aa8d5b17c025a46d33bc42c994ae1d871552e8006e74bf4d,#c9ab42
PV0109,dual_independent_finger_chains,G0109,108,/mnt/zsn/data/particulate/datasets/PV-A/renders/uniform531_studio_256_v1,,/mnt/zsn/data/particulate/datasets/PV-A/renders/uniform531_studio_256_v1/G0109__dual_independent_finger_chains__seed_0000.png,76128,519a6df2bc9da2231eb30b0b08b621597cf2726135efa7ebbb7752052470700d,#7f39c9
PV0110,Electrical_Wiring_Cable_reel,G0110,109,/mnt/zsn/data/particulate/datasets/PV-A/renders/uniform531_studio_256_v1,,/mnt/zsn/data/particulate/datasets/PV-A/renders/uniform531_studio_256_v1/G0110__Electrical_Wiring_Cable_reel__seed_0000.png,86650,72e542b90d669ba1e8cb66c69b4b4a2402c498d979e45d9a81798c83f5207d12,#30c94e
PV0111,Electrical_Wiring_Circuit_breaker,G0111,110,/mnt/zsn/data/particulate/datasets/PV-A/renders/uniform531_studio_256_v1,,/mnt/zsn/data/particulate/datasets/PV-A/renders/uniform531_studio_256_v1/G0111__Electrical_Wiring_Circuit_breaker__seed_0000.png,79114,a85e297439942ff8d422ce8b10324e48e1657e3b7ee7d5d269197c6d9b08f8b3,#da5b68
PV0112,Electrical_Wiring_Conduit_bender,G0112,111,/mnt/zsn/data/particulate/datasets/PV-A/renders/uniform531_studio_256_v1,,/mnt/zsn/data/particulate/datasets/PV-A/renders/uniform531_studio_256_v1/G0112__Electrical_Wiring_Conduit_bender__seed_0000.png,78778,82ed5e72a600cc8c7e806729f09a30c9afbb94931f7f67df40dd556f89d99eee,#5287da
PV0113,Electrical_Wiring_Distribution_board_panel,G0113,112,/mnt/zsn/data/particulate/datasets/PV-A/renders/uniform531_studio_256_v1,,/mnt/zsn/data/particulate/datasets/PV-A/renders/uniform531_studio_256_v1/G0113__Electrical_Wiring_Distribution_board_panel__seed_0000.png,81684,3737f310e0cd6d0f8258ce8a0e8b9fa5869a133a9f9a0a9359b5cab19c613559,#abda48
PV0114,Electrical_Wiring_Junction_box,G0114,113,/mnt/zsn/data/particulate/datasets/PV-A/renders/uniform531_studio_256_v1,,/mnt/zsn/data/particulate/datasets/PV-A/renders/uniform531_studio_256_v1/G0114__Electrical_Wiring_Junction_box__seed_0000.png,80541,7df5b010e08fc0b2024486eb40f3f3d6d3f0a40f8b9fdd0b478d0ab2f3c51730,#da3ed5
PV0115,Electrical_Wiring_Surge_protector_switch,G0115,114,/mnt/zsn/data/particulate/datasets/PV-A/renders/uniform531_studio_256_v1,,/mnt/zsn/data/particulate/datasets/PV-A/renders/uniform531_studio_256_v1/G0115__Electrical_Wiring_Surge_protector_switch__seed_0000.png,78535,8105b53af29584cba5544a5da155652fd33758be92de99942fc2cad2245c20a2,#34daae
PV0116,Electrical_Wiring_Wire_stripper,G0116,115,/mnt/zsn/data/particulate/datasets/PV-A/renders/uniform531_studio_256_v1,,/mnt/zsn/data/particulate/datasets/PV-A/renders/uniform531_studio_256_v1/G0116__Electrical_Wiring_Wire_stripper__seed_0000.png,72398,1f620c6ce817bacf7d51a461a369ace104f4d04c745a9434488e4500ed00c595,#eb9f63
PV0117,elevator_shaft,G0117,116,/mnt/zsn/data/particulate/datasets/PV-A/renders/uniform531_studio_256_v1,,/mnt/zsn/data/particulate/datasets/PV-A/renders/uniform531_studio_256_v1/G0117__elevator_shaft__seed_0000.png,85581,6007da9a4a4319fe8d0b1fc3a05a7b9b6e4c4a6275388c8b20c35a3695b543b7,#6e58eb
PV0118,emergency_exit_door,G0118,117,/mnt/zsn/data/particulate/datasets/PV-A/renders/uniform531_studio_256_v1,,/mnt/zsn/data/particulate/datasets/PV-A/renders/uniform531_studio_256_v1/G0118__emergency_exit_door__seed_0000.png,80088,d9abc1985477bedad5ae79d4c89d861dac065a6290bb8f3c873e51acd2982e1b,#63eb4d
PV0119,Equipment_Control_panel,G0119,118,/mnt/zsn/data/particulate/datasets/PV-A/renders/uniform531_studio_256_v1,,/mnt/zsn/data/particulate/datasets/PV-A/renders/uniform531_studio_256_v1/G0119__Equipment_Control_panel__seed_0000.png,82079,e2e3e11524bbeb815af01e08e6d538e265f1c5214f825d3d047bc46f59a29f3a,#eb438b
PV0120,Equipment_Game_console,G0120,119,/mnt/zsn/data/particulate/datasets/PV-A/renders/uniform531_studio_256_v1,,/mnt/zsn/data/particulate/datasets/PV-A/renders/uniform531_studio_256_v1/G0120__Equipment_Game_console__seed_0000.png,82212,d1717e4889a5cfd77c745a24ce151b59efd453f723583f8bf4ec1bb0bc79ded1,#38b9eb
PV0121,Equipment_LED_work_light,G0121,120,/mnt/zsn/data/particulate/datasets/PV-A/renders/uniform531_studio_256_v1,,/mnt/zsn/data/particulate/datasets/PV-A/renders/uniform531_studio_256_v1/G0121__Equipment_LED_work_light__seed_0000.png,85413,d48336847ce73ffad5ecba9c428b2e5b62294b29b403893b32fea474a30bfed0,#b8b64d
PV0122,Equipment_Lock,G0122,121,/mnt/zsn/data/particulate/datasets/PV-A/renders/uniform531_studio_256_v1,,/mnt/zsn/data/particulate/datasets/PV-A/renders/uniform531_studio_256_v1/G0122__Equipment_Lock__seed_0000.png,74633,2a3b4457076641de23a114d62517f40cd42283c9fc010e13dd4ea271828594cd,#9445b8
PV0123,Equipment_Pipeline,G0123,122,/mnt/zsn/data/particulate/datasets/PV-A/renders/uniform531_studio_256_v1,,/mnt/zsn/data/particulate/datasets/PV-A/renders/uniform531_studio_256_v1/G0123__Equipment_Pipeline__seed_0000.png,80013,403fb912a28d2ef77810c4ae33adc2ca071468bf42765cd8ba1cb90299e5e52d,#3db86e
PV0124,Equipment_Power_switch,G0124,123,/mnt/zsn/data/particulate/datasets/PV-A/renders/uniform531_studio_256_v1,,/mnt/zsn/data/particulate/datasets/PV-A/renders/uniform531_studio_256_v1/G0124__Equipment_Power_switch__seed_0000.png,76637,157a77b5df67bc9b144abf80942e4f23570d690246a597316a4a7ff3d24adc76,#b84334
PV0125,Equipment_Pump2,G0125,124,/mnt/zsn/data/particulate/datasets/PV-A/renders/uniform531_studio_256_v1,,/mnt/zsn/data/particulate/datasets/PV-A/renders/uniform531_studio_256_v1/G0125__Equipment_Pump2__seed_0000.png,80121,cf6f671a9b66a503dc653eb4b9cd5072c185a30e525decd107d9862c6ff63041,#2c46b8
PV0126,fabric_scissors,G0126,125,/mnt/zsn/data/particulate/datasets/PV-A/renders/uniform531_studio_256_v1,,/mnt/zsn/data/particulate/datasets/PV-A/renders/uniform531_studio_256_v1/G0126__fabric_scissors__seed_0000.png,72082,7b49db7eaecfe43f2aef80fb2fcbc788c0a077e8e113f1b5afc3d4f49b24f28b,#8bc954
PV0127,Facade_Element_Air_conditioner_outdoor_unit,G0127,126,/mnt/zsn/data/particulate/datasets/PV-A/renders/uniform531_studio_256_v1,,/mnt/zsn/data/particulate/datasets/PV-A/renders/uniform531_studio_256_v1/G0127__Facade_Element_Air_conditioner_outdoor_unit__seed_0000.png,85221,ba442c78f37eefc96fc65f73e47085995b0ff70799fdd41934e18fc3a20f2f56,#c94bab
PV0128,Facade_Element_Gutter_downchain,G0128,127,/mnt/zsn/data/particulate/datasets/PV-A/renders/uniform531_studio_256_v1,,/mnt/zsn/data/particulate/datasets/PV-A/renders/uniform531_studio_256_v1/G0128__Facade_Element_Gutter_downchain__seed_0000.png,78054,af86ea6891d3ddd217358c0612acd60b79f4a4c0e12b98b63419b3371eb9eb77,#42c9c1
PV0129,Facade_Element_Lamp1,G0129,128,/mnt/zsn/data/particulate/datasets/PV-A/renders/uniform531_studio_256_v1,,/mnt/zsn/data/particulate/datasets/PV-A/renders/uniform531_studio_256_v1/G0129__Facade_Element_Lamp1__seed_0000.png,79583,48e3ee239313535a9060bd18b7785a074aaf52cd2fc6692b9f475c4b8950dc60,#c99639
PV0130,Fence_Cascade_fences_MORE_THAN_1,G0130,129,/mnt/zsn/data/particulate/datasets/PV-A/renders/uniform531_studio_256_v1,,/mnt/zsn/data/particulate/datasets/PV-A/renders/uniform531_studio_256_v1/G0130__Fence_Cascade_fences_MORE_THAN_1__seed_0000.png,64765,dd72603e33186c585665f03eb6a711c52d4588de2e3f90c613c81c712d6d6547,#6730c9
PV0131,ferris_wheel,G0131,130,/mnt/zsn/data/particulate/datasets/PV-A/renders/uniform531_studio_256_v1,,/mnt/zsn/data/particulate/datasets/PV-A/renders/uniform531_studio_256_v1/G0131__ferris_wheel__seed_0000.png,92362,dbe337a1b9f62d586137148ac763c8b8d3f190fb1c17a44840e6488d720b6160,#5bda64
PV0132,fingerlike_phalanx_chain,G0132,131,/mnt/zsn/data/particulate/datasets/PV-A/renders/uniform531_studio_256_v1,,/mnt/zsn/data/particulate/datasets/PV-A/renders/uniform531_studio_256_v1/G0132__fingerlike_phalanx_chain__seed_0000.png,73176,f18a2aa1254f5cf3ce6a405514e45f9d733bea2e784666dda61b9ecc7a3cdd15,#da5270
PV0133,fire_escape_ladder,G0133,132,/mnt/zsn/data/particulate/datasets/PV-A/renders/uniform531_studio_256_v1,,/mnt/zsn/data/particulate/datasets/PV-A/renders/uniform531_studio_256_v1/G0133__fire_escape_ladder__seed_0000.png,78924,bae077722ea8ea352583f3a04d0cb327874ee0fa22d79d2283d182c676c8bc4b,#4893da
PV0134,folding_arm_chain,G0134,133,/mnt/zsn/data/particulate/datasets/PV-A/renders/uniform531_studio_256_v1,,/mnt/zsn/data/particulate/datasets/PV-A/renders/uniform531_studio_256_v1/G0134__folding_arm_chain__seed_0000.png,69384,13afffe2f2099d5af58c954c7873b38fbca409b7b2a47ef0417290d21457b709,#bcda3e
PV0135,folding_camp_table,G0135,134,/mnt/zsn/data/particulate/datasets/PV-A/renders/uniform531_studio_256_v1,,/mnt/zsn/data/particulate/datasets/PV-A/renders/uniform531_studio_256_v1/G0135__folding_camp_table__seed_0000.png,80049,454867910c5738dd3d815fa3ff9bb7b173898b1349df92f7c6c114010ca40e61,#c934da
PV0136,Fountain_Drick_fountain,G0136,135,/mnt/zsn/data/particulate/datasets/PV-A/renders/uniform531_studio_256_v1,,/mnt/zsn/data/particulate/datasets/PV-A/renders/uniform531_studio_256_v1/G0136__Fountain_Drick_fountain__seed_0000.png,70656,48cab268bbf3a763cc64e4ac74da3dfc91cee69b7eeb3291e874c049ab35aba6,#63ebb5
PV0137,gear_assemblies,G0137,136,/mnt/zsn/data/particulate/datasets/PV-A/renders/uniform531_studio_256_v1,,/mnt/zsn/data/particulate/datasets/PV-A/renders/uniform531_studio_256_v1/G0137__gear_assemblies__seed_0000.png,80926,885d610b0b9cf02d461927bf0107fc3500f57a132350c47e11bf217fdeea5b90,#eb8658
PV0138,globe,G0138,137,/mnt/zsn/data/particulate/datasets/PV-A/renders/uniform531_studio_256_v1,,/mnt/zsn/data/particulate/datasets/PV-A/renders/uniform531_studio_256_v1/G0138__globe__seed_0000.png,79641,fd0901fb3161f4ff8e53df905899c47714c1e5e5b186f96ff7ff54f0f3f8c765,#514deb
PV0139,graphics_card_with_cooling_fans,G0139,138,/mnt/zsn/data/particulate/datasets/PV-A/renders/uniform531_studio_256_v1,,/mnt/zsn/data/particulate/datasets/PV-A/renders/uniform531_studio_256_v1/G0139__graphics_card_with_cooling_fans__seed_0000.png,92052,0dedbee2a8a991ff0312b2172acac83eb534aff44bdb563e0909bcd6a932c27b,#70eb43
PV0140,greenhouse_vent_roof,G0140,139,/mnt/zsn/data/particulate/datasets/PV-A/renders/uniform531_studio_256_v1,,/mnt/zsn/data/particulate/datasets/PV-A/renders/uniform531_studio_256_v1/G0140__greenhouse_vent_roof__seed_0000.png,81821,7dec876bc6bd53c08a561cbe46f70fb00a1b6c094f9122a8ebaf8c4acc6881f5,#eb389c
PV0141,hamster_wheel,G0141,140,/mnt/zsn/data/particulate/datasets/PV-A/renders/uniform531_studio_256_v1,,/mnt/zsn/data/particulate/datasets/PV-A/renders/uniform531_studio_256_v1/G0141__hamster_wheel__seed_0000.png,82099,4053b8854dc8df27bed83e7e45d0c95197e5553cd91f81c21700bb16818ceaec,#4da8b8
PV0142,hand_cultivator,G0142,141,/mnt/zsn/data/particulate/datasets/PV-A/renders/uniform531_studio_256_v1,,/mnt/zsn/data/particulate/datasets/PV-A/renders/uniform531_studio_256_v1/G0142__hand_cultivator__seed_0000.png,76522,235d8d93b9a55a57574796572e3f5d484e05995abcf84250931812c2ac48bc1c,#b8a745
PV0143,hand_operated_pasta_maker_with_rollers_and_crank,G0143,142,/mnt/zsn/data/particulate/datasets/PV-A/renders/uniform531_studio_256_v1,,/mnt/zsn/data/particulate/datasets/PV-A/renders/uniform531_studio_256_v1/G0143__hand_operated_pasta_maker_with_rollers_and_crank__seed_0000.png,77032,20557cdd57f1741ad09dc649952f49da9af7eb4a23399de133865703c88e3367,#823db8
PV0144,Handtools_caulking_gun,G0144,143,/mnt/zsn/data/particulate/datasets/PV-A/renders/uniform531_studio_256_v1,,/mnt/zsn/data/particulate/datasets/PV-A/renders/uniform531_studio_256_v1/G0144__Handtools_caulking_gun__seed_0000.png,77032,e26214685851122625cf2e3034dfd7fdad53cf97d2d8a8084f076aac1f8f5741,#34b858
PV0145,Handtools_Clamp,G0145,144,/mnt/zsn/data/particulate/datasets/PV-A/renders/uniform531_studio_256_v1,,/mnt/zsn/data/particulate/datasets/PV-A/renders/uniform531_studio_256_v1/G0145__Handtools_Clamp__seed_0000.png,77881,13a492a4f5a0b9b72168e0daa5ea303672c589757b57c7374d21affc8ba62aa7,#b82c2f
PV0146,Handtools_clothes_peg,G0146,145,/mnt/zsn/data/particulate/datasets/PV-A/renders/uniform531_studio_256_v1,,/mnt/zsn/data/particulate/datasets/PV-A/renders/uniform531_studio_256_v1/G0146__Handtools_clothes_peg__seed_0000.png,68324,17900cabfff0309e979f08ffc94c99d04961b03e975db9ba952adc5ea86804d8,#5478c9
PV0147,Handtools_dial_caliper,G0147,146,/mnt/zsn/data/particulate/datasets/PV-A/renders/uniform531_studio_256_v1,,/mnt/zsn/data/particulate/datasets/PV-A/renders/uniform531_studio_256_v1/G0147__Handtools_dial_caliper__seed_0000.png,73459,b56818c24e544dbdb8164cdf1d2d46efbf900127b91c22a77e13070a167f7e41,#97c94b
PV0148,Handtools_Hand_plane,G0148,147,/mnt/zsn/data/particulate/datasets/PV-A/renders/uniform531_studio_256_v1,,/mnt/zsn/data/particulate/datasets/PV-A/renders/uniform531_studio_256_v1/G0148__Handtools_Hand_plane__seed_0000.png,82470,a7ab5a491893686cec3ea46a47881a034c54a3864b923d02b7aa0c6120a175f2,#c942ba
PV0149,Handtools_Knife,G0149,148,/mnt/zsn/data/particulate/datasets/PV-A/renders/uniform531_studio_256_v1,,/mnt/zsn/data/particulate/datasets/PV-A/renders/uniform531_studio_256_v1/G0149__Handtools_Knife__seed_0000.png,71305,56f13bcb582d508857b9b6f4a48873813cf9582a96fe581853330325d59fce3d,#39c9ae
PV0150,Handtools_Paint_roller,G0150,149,/mnt/zsn/data/particulate/datasets/PV-A/renders/uniform531_studio_256_v1,,/mnt/zsn/data/particulate/datasets/PV-A/renders/uniform531_studio_256_v1/G0150__Handtools_Paint_roller__seed_0000.png,73660,59358aed436185b33a4929c0799cad63b1a8f3572cdce39784ea93c17bb8bb4f,#c98030
PV0151,Handtools_Pen,G0151,150,/mnt/zsn/data/particulate/datasets/PV-A/renders/uniform531_studio_256_v1,,/mnt/zsn/data/particulate/datasets/PV-A/renders/uniform531_studio_256_v1/G0151__Handtools_Pen__seed_0000.png,71046,e53a8a34c26b323a773bce9bac81f38616e78ecc882cad8caa64dd570b9d2001,#785bda
PV0152,Handtools_Stapler,G0152,151,/mnt/zsn/data/particulate/datasets/PV-A/renders/uniform531_studio_256_v1,,/mnt/zsn/data/particulate/datasets/PV-A/renders/uniform531_studio_256_v1/G0152__Handtools_Stapler__seed_0000.png,75708,2308bbaf9c2f609b0418fd9d4ce291a037465ad4d712c91fa75b1fd95590dd5b,#5ada52
PV0153,Handtools_Tool_cart,G0153,152,/mnt/zsn/data/particulate/datasets/PV-A/renders/uniform531_studio_256_v1,,/mnt/zsn/data/particulate/datasets/PV-A/renders/uniform531_studio_256_v1/G0153__Handtools_Tool_cart__seed_0000.png,78240,bcf49b0602d8e27c2dbd077062226645405a01422103aa2ba3f516b655ae84fc,#da487b
PV0154,Handtools_wooden_tongs,G0154,153,/mnt/zsn/data/particulate/datasets/PV-A/renders/uniform531_studio_256_v1,,/mnt/zsn/data/particulate/datasets/PV-A/renders/uniform531_studio_256_v1/G0154__Handtools_wooden_tongs__seed_0000.png,72742,821841df7323f7c789a681426baa8bf218e7d512f4cfc66d7c0849fd9a83481a,#3ea2da
PV0155,Handtools_Wrench,G0155,154,/mnt/zsn/data/particulate/datasets/PV-A/renders/uniform531_studio_256_v1,,/mnt/zsn/data/particulate/datasets/PV-A/renders/uniform531_studio_256_v1/G0155__Handtools_Wrench__seed_0000.png,69441,ed949270008483cfab69cabf1e5d6ad2fccf50cf6f76d73547a06e2a03a8d5e5,#cfda34
PV0156,harmonic_drive,G0156,155,/mnt/zsn/data/particulate/datasets/PV-A/renders/uniform531_studio_256_v1,,/mnt/zsn/data/particulate/datasets/PV-A/renders/uniform531_studio_256_v1/G0156__harmonic_drive__seed_0000.png,76520,8ded862430b7fc75aa3516b63bb1de39212585a7321cb5b69e9c8f7832cf83de,#cc63eb
PV0157,harvester,G0157,156,/mnt/zsn/data/particulate/datasets/PV-A/renders/uniform531_studio_256_v1,,/mnt/zsn/data/particulate/datasets/PV-A/renders/uniform531_studio_256_v1/G0157__harvester__seed_0000.png,79880,dd60dfc4213fa66abbff5d14294d738ab68000b893b9d60af35ce42c20908336,#58eb9e
PV0158,Headwear_Racing_helmet,G0158,157,/mnt/zsn/data/particulate/datasets/PV-A/renders/uniform531_studio_256_v1,,/mnt/zsn/data/particulate/datasets/PV-A/renders/uniform531_studio_256_v1/G0158__Headwear_Racing_helmet__seed_0000.png,76936,3ff4c41ddb586d73a9925f223f7532ad5c5e3e80a366d90f9d57856f078af785,#eb6b4d
PV0159,Healthcare_Adjustable_hospital_bed,G0159,158,/mnt/zsn/data/particulate/datasets/PV-A/renders/uniform531_studio_256_v1,,/mnt/zsn/data/particulate/datasets/PV-A/renders/uniform531_studio_256_v1/G0159__Healthcare_Adjustable_hospital_bed__seed_0000.png,84826,8f91e100eb3e906d6a5974a58dd36620c3a8e9a5b80a67ea845070fd86cfda2b,#4354eb
PV0160,Healthcare_Crutches,G0160,159,/mnt/zsn/data/particulate/datasets/PV-A/renders/uniform531_studio_256_v1,,/mnt/zsn/data/particulate/datasets/PV-A/renders/uniform531_studio_256_v1/G0160__Healthcare_Crutches__seed_0000.png,69175,539077e85d6ccec682dbf74c38ba8b4d9784fe4cf27546d611d762d68c64e79b,#7feb38
PV0161,Healthcare_First_aid_box,G0161,160,/mnt/zsn/data/particulate/datasets/PV-A/renders/uniform531_studio_256_v1,,/mnt/zsn/data/particulate/datasets/PV-A/renders/uniform531_studio_256_v1/G0161__Healthcare_First_aid_box__seed_0000.png,86322,3ddc2bc72eaee0345315bedfe1e00a91974daa4950de2e9f3c25e54b33e7165e,#b84d96
PV0162,Healthcare_Pill_bottle_box,G0162,161,/mnt/zsn/data/particulate/datasets/PV-A/renders/uniform531_studio_256_v1,,/mnt/zsn/data/particulate/datasets/PV-A/renders/uniform531_studio_256_v1/G0162__Healthcare_Pill_bottle_box__seed_0000.png,76093,afd0ac16a4eec68510d90fe44919af779a151fa30eed868266d76a17ee011f2c,#45b5b8
PV0163,Healthcare_Prosthetic_limb,G0163,162,/mnt/zsn/data/particulate/datasets/PV-A/renders/uniform531_studio_256_v1,,/mnt/zsn/data/particulate/datasets/PV-A/renders/uniform531_studio_256_v1/G0163__Healthcare_Prosthetic_limb__seed_0000.png,77194,03231b291227a10f2563f4113e343849ffdb4a197929311f5d4133dd78eac96f,#b8963d
PV0164,Healthcare_Wheelchair,G0164,163,/mnt/zsn/data/particulate/datasets/PV-A/renders/uniform531_studio_256_v1,,/mnt/zsn/data/particulate/datasets/PV-A/renders/uniform531_studio_256_v1/G0164__Healthcare_Wheelchair__seed_0000.png,92426,128a09ac653bfb035d6193a2802923391d7f022dba7844ed32fe2ab6ba0c1db8,#6e34b8
PV0165,hole_punch,G0165,164,/mnt/zsn/data/particulate/datasets/PV-A/renders/uniform531_studio_256_v1,,/mnt/zsn/data/particulate/datasets/PV-A/renders/uniform531_studio_256_v1/G0165__hole_punch__seed_0000.png,88497,16d570c4f98536da895314f3d9e8c6659a0e8943a01d1a544f3e10cd312be425,#2cb840
PV0166,Household_Laundry_Clothes_drying_rack_Laundry_drying_rack,G0166,165,/mnt/zsn/data/particulate/datasets/PV-A/renders/uniform531_studio_256_v1,,/mnt/zsn/data/particulate/datasets/PV-A/renders/uniform531_studio_256_v1/G0166__Household_Laundry_Clothes_drying_rack_Laundry_drying_rack__seed_0000.png,81785,4982e712aebaaaa124e22b905f8e526e072cc7b191db2917429191e35d488937,#c95465
PV0167,immersion_blender,G0167,166,/mnt/zsn/data/particulate/datasets/PV-A/renders/uniform531_studio_256_v1,,/mnt/zsn/data/particulate/datasets/PV-A/renders/uniform531_studio_256_v1/G0167__immersion_blender__seed_0000.png,72195,d29c6a7b59cd182e5936090cf58682a94a4d375e23b9bcdc45a619795a74bec0,#4b82c9
PV0168,Industrial_Blast_door,G0168,167,/mnt/zsn/data/particulate/datasets/PV-A/renders/uniform531_studio_256_v1,,/mnt/zsn/data/particulate/datasets/PV-A/renders/uniform531_studio_256_v1/G0168__Industrial_Blast_door__seed_0000.png,84667,8b09aae2f4594fdbad04470264ac66ed086f2d59193cd2663d3282dea71d353f,#a4c942
PV0169,Industrial_Drill_press_table,G0169,168,/mnt/zsn/data/particulate/datasets/PV-A/renders/uniform531_studio_256_v1,,/mnt/zsn/data/particulate/datasets/PV-A/renders/uniform531_studio_256_v1/G0169__Industrial_Drill_press_table__seed_0000.png,77780,dbb6c261647434e35376f897933923d8884ba327f13698bc0c70a399c5ca200a,#c539c9
PV0170,Industrial_Electric_Saw,G0170,169,/mnt/zsn/data/particulate/datasets/PV-A/renders/uniform531_studio_256_v1,,/mnt/zsn/data/particulate/datasets/PV-A/renders/uniform531_studio_256_v1/G0170__Industrial_Electric_Saw__seed_0000.png,84742,d66fe97de3cbeee9ed9b8cf8bc0ae42fd142aed42e77533cffbaffc523db8e7c,#30c999
PV0171,Industrial_Hydraulic_press,G0171,170,/mnt/zsn/data/particulate/datasets/PV-A/renders/uniform531_studio_256_v1,,/mnt/zsn/data/particulate/datasets/PV-A/renders/uniform531_studio_256_v1/G0171__Industrial_Hydraulic_press__seed_0000.png,84928,026537eac34d00b9c46476f16ff1aacc61cffe63cd228f348eb5099aa2374f1e,#da8d5b
PV0172,Industrial_Industrial_vice,G0172,171,/mnt/zsn/data/particulate/datasets/PV-A/renders/uniform531_studio_256_v1,,/mnt/zsn/data/particulate/datasets/PV-A/renders/uniform531_studio_256_v1/G0172__Industrial_Industrial_vice__seed_0000.png,77135,77e7d0b84b8949be1d3049915a78a3e5ba5bcf98f5aff8bf7b149bfb34dd7644,#6052da
PV0173,Industrial_Mine_cart,G0173,172,/mnt/zsn/data/particulate/datasets/PV-A/renders/uniform531_studio_256_v1,,/mnt/zsn/data/particulate/datasets/PV-A/renders/uniform531_studio_256_v1/G0173__Industrial_Mine_cart__seed_0000.png,93252,f6207de31431f7b1bf6dd72364589b86ce0e7719c42c79ecdbab5a796a83303a,#63da48
PV0174,Industrial_Ore_crusher_jaw,G0174,173,/mnt/zsn/data/particulate/datasets/PV-A/renders/uniform531_studio_256_v1,,/mnt/zsn/data/particulate/datasets/PV-A/renders/uniform531_studio_256_v1/G0174__Industrial_Ore_crusher_jaw__seed_0000.png,89409,853d805423de5dd510c8952329f1c569812201f79f935242e081e0db29577bf9,#da3e89
PV0175,Industrial_Safety_cage,G0175,174,/mnt/zsn/data/particulate/datasets/PV-A/renders/uniform531_studio_256_v1,,/mnt/zsn/data/particulate/datasets/PV-A/renders/uniform531_studio_256_v1/G0175__Industrial_Safety_cage__seed_0000.png,92471,bcdbb98f47e20a1a5515f57b74836156511c4c1a00d0861134741f8e073f4e4c,#34b4da
PV0176,ironing_board,G0176,175,/mnt/zsn/data/particulate/datasets/PV-A/renders/uniform531_studio_256_v1,,/mnt/zsn/data/particulate/datasets/PV-A/renders/uniform531_studio_256_v1/G0176__ironing_board__seed_0000.png,79124,8bf65649f6d81e285bafc76ce6a9757f9741973bfd00deb011a9532cbe473bd7,#ebe263
PV0177,jet_engine,G0177,176,/mnt/zsn/data/particulate/datasets/PV-A/renders/uniform531_studio_256_v1,,/mnt/zsn/data/particulate/datasets/PV-A/renders/uniform531_studio_256_v1/G0177__jet_engine__seed_0000.png,87045,39cee48124d7b07d2ad81ea45f34972c581b3390e409f50ed6e24059bfea6ac5,#b658eb
PV0178,Kitchen_Air_fryer,G0178,177,/mnt/zsn/data/particulate/datasets/PV-A/renders/uniform531_studio_256_v1,,/mnt/zsn/data/particulate/datasets/PV-A/renders/uniform531_studio_256_v1/G0178__Kitchen_Air_fryer__seed_0000.png,86798,f6a62f0f4ec2360d063c3c730b60a43698d5f01b98165311fe2fca2cc3c46805,#4deb85
PV0179,Kitchen_Coffee_machine,G0179,178,/mnt/zsn/data/particulate/datasets/PV-A/renders/uniform531_studio_256_v1,,/mnt/zsn/data/particulate/datasets/PV-A/renders/uniform531_studio_256_v1/G0179__Kitchen_Coffee_machine__seed_0000.png,85386,f1babe7e0d56eec92746f79b9d521c7f15641e56c720aaf50fdbc41c44838780,#eb4d43
PV0180,Kitchen_Corkscrew,G0180,179,/mnt/zsn/data/particulate/datasets/PV-A/renders/uniform531_studio_256_v1,,/mnt/zsn/data/particulate/datasets/PV-A/renders/uniform531_studio_256_v1/G0180__Kitchen_Corkscrew__seed_0000.png,77319,2d6e513bc5dcb1cd181e5cf4c870cfd46b6860327e77ffa8b3b90eadaeb9baeb,#3862eb
PV0181,Kitchen_Dish_washer,G0181,180,/mnt/zsn/data/particulate/datasets/PV-A/renders/uniform531_studio_256_v1,,/mnt/zsn/data/particulate/datasets/PV-A/renders/uniform531_studio_256_v1/G0181__Kitchen_Dish_washer__seed_0000.png,79495,cdacb765bfc592dcac9c65344dc3d582242052f30c4648954a510ebe9bfebf53,#85b84d
PV0182,Kitchen_Hood,G0182,181,/mnt/zsn/data/particulate/datasets/PV-A/renders/uniform531_studio_256_v1,,/mnt/zsn/data/particulate/datasets/PV-A/renders/uniform531_studio_256_v1/G0182__Kitchen_Hood__seed_0000.png,82593,6720adc9d6718e348429b7af37e56f4719ca08b5129452f820f4c16758d77d17,#b845a2
PV0183,Kitchen_Knife_set,G0183,182,/mnt/zsn/data/particulate/datasets/PV-A/renders/uniform531_studio_256_v1,,/mnt/zsn/data/particulate/datasets/PV-A/renders/uniform531_studio_256_v1/G0183__Kitchen_Knife_set__seed_0000.png,86540,d1897a810a0e01eecdb9bd3eb9907053b82c8546dca12f8400caa4ced38ab27e,#3db8aa
PV0184,Kitchen_Microwave,G0184,183,/mnt/zsn/data/particulate/datasets/PV-A/renders/uniform531_studio_256_v1,,/mnt/zsn/data/particulate/datasets/PV-A/renders/uniform531_studio_256_v1/G0184__Kitchen_Microwave__seed_0000.png,85753,a01e37bdb90489fe0fef033a59208d87785545c2bf05146ecb188e8d00b8a6f6,#b88334
PV0185,Kitchen_Toaster,G0185,184,/mnt/zsn/data/particulate/datasets/PV-A/renders/uniform531_studio_256_v1,,/mnt/zsn/data/particulate/datasets/PV-A/renders/uniform531_studio_256_v1/G0185__Kitchen_Toaster__seed_0000.png,88739,56856a4d022a101741ef7637c6d5adaffdc96676df553df23cb0052f623e03ca,#572cb8
PV0186,laptop_stand,G0186,185,/mnt/zsn/data/particulate/datasets/PV-A/renders/uniform531_studio_256_v1,,/mnt/zsn/data/particulate/datasets/PV-A/renders/uniform531_studio_256_v1/G0186__laptop_stand__seed_0000.png,80540,2047f4329e111fd93557b58177ab4c6a4e82841d81f5c2e1c9c36eec28ef66aa,#54c956
PV0187,lever_chain,G0187,186,/mnt/zsn/data/particulate/datasets/PV-A/renders/uniform531_studio_256_v1,,/mnt/zsn/data/particulate/datasets/PV-A/renders/uniform531_studio_256_v1/G0187__lever_chain__seed_0000.png,80586,e1281d269a1866675948722da8d0f83d90b34c90e2598b4f22d1a9d7c6ec89dc,#c94b6e
PV0188,Light_Latern,G0188,187,/mnt/zsn/data/particulate/datasets/PV-A/renders/uniform531_studio_256_v1,,/mnt/zsn/data/particulate/datasets/PV-A/renders/uniform531_studio_256_v1/G0188__Light_Latern__seed_0000.png,82615,fed758c3a3a736697cd3def15067c38551a41347a34a0148af95b5e5f5da0986,#428ec9
PV0189,linear_actuator,G0189,188,/mnt/zsn/data/particulate/datasets/PV-A/renders/uniform531_studio_256_v1,,/mnt/zsn/data/particulate/datasets/PV-A/renders/uniform531_studio_256_v1/G0189__linear_actuator__seed_0000.png,77022,7774894ba539c4351e7ba7976e3d16c7156bb59adf3702ee30b83857c065def9,#b4c939
PV0190,loom_shuttle,G0190,189,/mnt/zsn/data/particulate/datasets/PV-A/renders/uniform531_studio_256_v1,,/mnt/zsn/data/particulate/datasets/PV-A/renders/uniform531_studio_256_v1/G0190__loom_shuttle__seed_0000.png,74251,eaa8c42c1f873059b09d43c9be858fa5054b7bfc77d37ee9e7c217890afb54c4,#b230c9
PV0191,louvered_shutter_assembly,G0191,190,/mnt/zsn/data/particulate/datasets/PV-A/renders/uniform531_studio_256_v1,,/mnt/zsn/data/particulate/datasets/PV-A/renders/uniform531_studio_256_v1/G0191__louvered_shutter_assembly__seed_0000.png,85923,37f5117f2b6dbe53886ec4f1da3e66e887cf8b8fd6b46d413b697c5a89419740,#5bdaa2
PV0192,Machinery_Watermill,G0192,191,/mnt/zsn/data/particulate/datasets/PV-A/renders/uniform531_studio_256_v1,,/mnt/zsn/data/particulate/datasets/PV-A/renders/uniform531_studio_256_v1/G0192__Machinery_Watermill__seed_0000.png,88816,ec616e716f10f3a76e1c784c2d1e966c7f8ae7d44490a9ab89258f1685a89206,#da7652
PV0193,makeup,G0193,192,/mnt/zsn/data/particulate/datasets/PV-A/renders/uniform531_studio_256_v1,,/mnt/zsn/data/particulate/datasets/PV-A/renders/uniform531_studio_256_v1/G0193__makeup__seed_0000.png,83994,327af77b0455f852413a4ab14283e3287af847dd569a7256ad97f05df2f68866,#484bda
PV0194,makeup1,G0194,193,/mnt/zsn/data/particulate/datasets/PV-A/renders/uniform531_studio_256_v1,,/mnt/zsn/data/particulate/datasets/PV-A/renders/uniform531_studio_256_v1/G0194__makeup1__seed_0000.png,77157,7b133dde33a0151e260117efd1be4acdc9f1fb89448aef39c64265a86a99d3ba,#6fda3e
PV0195,makeup2,G0195,194,/mnt/zsn/data/particulate/datasets/PV-A/renders/uniform531_studio_256_v1,,/mnt/zsn/data/particulate/datasets/PV-A/renders/uniform531_studio_256_v1/G0195__makeup2__seed_0000.png,69776,84dfa61d8f5d469f25579b8642a5fb2fc5f777f8d7a2b32b35a13069802da765,#da3499
PV0196,makeup3,G0196,195,/mnt/zsn/data/particulate/datasets/PV-A/renders/uniform531_studio_256_v1,,/mnt/zsn/data/particulate/datasets/PV-A/renders/uniform531_studio_256_v1/G0196__makeup3__seed_0000.png,79035,cae78d3b73bd26584117958e19c9ef9eb3b5f3e0532d1cc55b310fe08aee6e34,#63ddeb
PV0197,manual_coffee_grinder,G0197,196,/mnt/zsn/data/particulate/datasets/PV-A/renders/uniform531_studio_256_v1,,/mnt/zsn/data/particulate/datasets/PV-A/renders/uniform531_studio_256_v1/G0197__manual_coffee_grinder__seed_0000.png,78415,5210afe80de42f0bbbeab2a68f262515b9253a71de4972e66f6df94bac902aa0,#ebce58
PV0198,manual_grain_mill1,G0198,197,/mnt/zsn/data/particulate/datasets/PV-A/renders/uniform531_studio_256_v1,,/mnt/zsn/data/particulate/datasets/PV-A/renders/uniform531_studio_256_v1/G0198__manual_grain_mill1__seed_0000.png,81080,ca0026a7f944cd1c25ae69e7b942f0d1497844be93ab9d7de65dcbeaf606fa6f,#9f4deb
PV0199,manual_grain_mill2,G0199,198,/mnt/zsn/data/particulate/datasets/PV-A/renders/uniform531_studio_256_v1,,/mnt/zsn/data/particulate/datasets/PV-A/renders/uniform531_studio_256_v1/G0199__manual_grain_mill2__seed_0000.png,81732,336acfed9b3f1fb5144c8f5f59108a3cdd25066fe9e33b966d1d6450041a9dba,#43eb68
PV0200,manual_hand_drill,G0200,199,/mnt/zsn/data/particulate/datasets/PV-A/renders/uniform531_studio_256_v1,,/mnt/zsn/data/particulate/datasets/PV-A/renders/uniform531_studio_256_v1/G0200__manual_hand_drill__seed_0000.png,78858,f43bf6b564d00344ff9b741d5aaa6c29c89068968562f36d98d3d84ddd90f9fc,#eb3844
PV0201,manual_pipe_bender,G0201,200,/mnt/zsn/data/particulate/datasets/PV-A/renders/uniform531_studio_256_v1,,/mnt/zsn/data/particulate/datasets/PV-A/renders/uniform531_studio_256_v1/G0201__manual_pipe_bender__seed_0000.png,77007,e9bba9fd9322714ef6e1b4197c9fb7e6a6b008872f39008f8ce1d217987008d8,#4d73b8
PV0202,manual_water_dispenser_pump,G0202,201,/mnt/zsn/data/particulate/datasets/PV-A/renders/uniform531_studio_256_v1,,/mnt/zsn/data/particulate/datasets/PV-A/renders/uniform531_studio_256_v1/G0202__manual_water_dispenser_pump__seed_0000.png,75769,9555c7fa71f6253f7a1f9751790a8e4f2409805512ba6e9d00dea738fceb618d,#90b845
PV0203,meat_grinder,G0203,202,/mnt/zsn/data/particulate/datasets/PV-A/renders/uniform531_studio_256_v1,,/mnt/zsn/data/particulate/datasets/PV-A/renders/uniform531_studio_256_v1/G0203__meat_grinder__seed_0000.png,79160,bf86bbf4c3585cb512acf3e7de87a976892d6bc2812433e04b2080ed8550dc82,#b83db1
PV0204,Mechanical_calculator,G0204,203,/mnt/zsn/data/particulate/datasets/PV-A/renders/uniform531_studio_256_v1,,/mnt/zsn/data/particulate/datasets/PV-A/renders/uniform531_studio_256_v1/G0204__Mechanical_calculator__seed_0000.png,92579,67e8d7ccd703f42f831f4f1b346af54c0d22bfaf6373a46c08cc6ab96b7468e7,#34b899
PV0205,mechanical_metronome_with_pendulum,G0205,204,/mnt/zsn/data/particulate/datasets/PV-A/renders/uniform531_studio_256_v1,,/mnt/zsn/data/particulate/datasets/PV-A/renders/uniform531_studio_256_v1/G0205__mechanical_metronome_with_pendulum__seed_0000.png,81279,49bd83ba0fd882d1d5bf51c6b07a674ee3e513e98fd51b68f8cca3a6d56cddcb,#b86e2c
PV0206,mechanical_timer_with_rotating_dial,G0206,205,/mnt/zsn/data/particulate/datasets/PV-A/renders/uniform531_studio_256_v1,,/mnt/zsn/data/particulate/datasets/PV-A/renders/uniform531_studio_256_v1/G0206__mechanical_timer_with_rotating_dial__seed_0000.png,90113,ec1c6ea1d50769016df55147e07cc01bf65f1a1c69519dbf5d467394c9d55744,#6954c9
PV0207,metal_blender,G0207,206,/mnt/zsn/data/particulate/datasets/PV-A/renders/uniform531_studio_256_v1,,/mnt/zsn/data/particulate/datasets/PV-A/renders/uniform531_studio_256_v1/G0207__metal_blender__seed_0000.png,81526,2ce9e41611a0f9ba5dd5f532f825904cd8838440b61611528ba41afbcc341dfe,#59c94b
PV0208,metronome,G0208,207,/mnt/zsn/data/particulate/datasets/PV-A/renders/uniform531_studio_256_v1,,/mnt/zsn/data/particulate/datasets/PV-A/renders/uniform531_studio_256_v1/G0208__metronome__seed_0000.png,87136,39cb8a1ccc4b4c08f98aa90589721dc6581f367f4cdf5e74dff10b0502f373b4,#c94278
PV0209,microphone_boom_arm,G0209,208,/mnt/zsn/data/particulate/datasets/PV-A/renders/uniform531_studio_256_v1,,/mnt/zsn/data/particulate/datasets/PV-A/renders/uniform531_studio_256_v1/G0209__microphone_boom_arm__seed_0000.png,76159,b5ac49037fc2cd9671b0e28a8ff3ea0d8a5c120c4e028beeb328ff3a18fc0762,#399dc9
PV0210,Military_Aircraft,G0210,209,/mnt/zsn/data/particulate/datasets/PV-A/renders/uniform531_studio_256_v1,,/mnt/zsn/data/particulate/datasets/PV-A/renders/uniform531_studio_256_v1/G0210__Military_Aircraft__seed_0000.png,74171,f45e0c8889c0880305171681b0a0e34dfbb54e8fdd9d2d42b6ab7df79b6d79bb,#c6c930
PV0211,Military_Granade,G0211,210,/mnt/zsn/data/particulate/datasets/PV-A/renders/uniform531_studio_256_v1,,/mnt/zsn/data/particulate/datasets/PV-A/renders/uniform531_studio_256_v1/G0211__Military_Granade__seed_0000.png,82187,a2f48908a766fd80fd873de4d6f3262bf1f792d5606576793743340dd176b418,#b75bda
PV0212,Military_Gun,G0212,211,/mnt/zsn/data/particulate/datasets/PV-A/renders/uniform531_studio_256_v1,,/mnt/zsn/data/particulate/datasets/PV-A/renders/uniform531_studio_256_v1/G0212__Military_Gun__seed_0000.png,78367,9111e785a1abdf898d4a844e3e226104e9958dad608a72b8ab84a65993c0041d,#52da8c
PV0213,Military_helicopter,G0213,212,/mnt/zsn/data/particulate/datasets/PV-A/renders/uniform531_studio_256_v1,,/mnt/zsn/data/particulate/datasets/PV-A/renders/uniform531_studio_256_v1/G0213__Military_helicopter__seed_0000.png,71734,3a4d66dc612c1d8b2afe0529610fc1a3a7296347c9d2f3b838ae07bbe3f2fea9,#da5c48
PV0214,Military_knife,G0214,213,/mnt/zsn/data/particulate/datasets/PV-A/renders/uniform531_studio_256_v1,,/mnt/zsn/data/particulate/datasets/PV-A/renders/uniform531_studio_256_v1/G0214__Military_knife__seed_0000.png,76718,4db8b05d5d80b161657a48458f9e90450207817ef9ce0efba961262db59b8bb3,#3e56da
PV0215,Military_Military_knife,G0215,214,/mnt/zsn/data/particulate/datasets/PV-A/renders/uniform531_studio_256_v1,,/mnt/zsn/data/particulate/datasets/PV-A/renders/uniform531_studio_256_v1/G0215__Military_Military_knife__seed_0000.png,76046,021f94ba6dff6d555cf15164ffcdd63fbf5eba86b3f6d541a61ef7fd2b45f008,#7eda34
PV0216,Military_Radio,G0216,215,/mnt/zsn/data/particulate/datasets/PV-A/renders/uniform531_studio_256_v1,,/mnt/zsn/data/particulate/datasets/PV-A/renders/uniform531_studio_256_v1/G0216__Military_Radio__seed_0000.png,70796,c37c8d8b4b9a0f52a23954944d513f090a7e82c70ccdcbaf42daadd6f4f761e9,#eb63c7
PV0217,Military_Rifle,G0217,216,/mnt/zsn/data/particulate/datasets/PV-A/renders/uniform531_studio_256_v1,,/mnt/zsn/data/particulate/datasets/PV-A/renders/uniform531_studio_256_v1/G0217__Military_Rifle__seed_0000.png,74115,076659a822d50326ea2d1803218b1025e2302e7cff4d2e583bc21d7033cc6b57,#58ebe7
PV0218,Military_sword,G0218,217,/mnt/zsn/data/particulate/datasets/PV-A/renders/uniform531_studio_256_v1,,/mnt/zsn/data/particulate/datasets/PV-A/renders/uniform531_studio_256_v1/G0218__Military_sword__seed_0000.png,70381,e2e97bda6d9dd55925656433f3369064e51ac110c52a5f2df19fca6fde2faab4,#ebb84d
PV0219,Military_Tank,G0219,218,/mnt/zsn/data/particulate/datasets/PV-A/renders/uniform531_studio_256_v1,,/mnt/zsn/data/particulate/datasets/PV-A/renders/uniform531_studio_256_v1/G0219__Military_Tank__seed_0000.png,83164,0e0cbd81ec609475dc13082d1ecaef84e6d1261b7b61502e0d726d2f5d7f5622,#8443eb
PV0220,Military_Turret,G0220,219,/mnt/zsn/data/particulate/datasets/PV-A/renders/uniform531_studio_256_v1,,/mnt/zsn/data/particulate/datasets/PV-A/renders/uniform531_studio_256_v1/G0220__Military_Turret__seed_0000.png,81253,2a7f0e2745530ed9c8df67f181fc35470b8a3aae80feb9b84662118c3c2d496b,#38eb4a
PV0221,missile_launcher,G0221,220,/mnt/zsn/data/particulate/datasets/PV-A/renders/uniform531_studio_256_v1,,/mnt/zsn/data/particulate/datasets/PV-A/renders/uniform531_studio_256_v1/G0221__missile_launcher__seed_0000.png,81575,228ef0b525b6fdbf077703e5b9247a5790b1d712e6d978a61d7d5811e60173e4,#b84d62
PV0222,miter_saw_arm_assembly,G0222,221,/mnt/zsn/data/particulate/datasets/PV-A/renders/uniform531_studio_256_v1,,/mnt/zsn/data/particulate/datasets/PV-A/renders/uniform531_studio_256_v1/G0222__miter_saw_arm_assembly__seed_0000.png,84831,1d788184cee56c433961ba8d48713b5e961921a9e69d274766ea7a878abcfaf4,#457db8
PV0223,monitor_mount,G0223,222,/mnt/zsn/data/particulate/datasets/PV-A/renders/uniform531_studio_256_v1,,/mnt/zsn/data/particulate/datasets/PV-A/renders/uniform531_studio_256_v1/G0223__monitor_mount__seed_0000.png,75694,909adbda6b81a6d10c5d3ce729da71c4cefde65b8a471146650b14eef938d135,#9cb83d
PV0224,multisegment_foldout_arm,G0224,223,/mnt/zsn/data/particulate/datasets/PV-A/renders/uniform531_studio_256_v1,,/mnt/zsn/data/particulate/datasets/PV-A/renders/uniform531_studio_256_v1/G0224__multisegment_foldout_arm__seed_0000.png,73506,62971abd5fea2ce7d7ebda6694dfa80d39825a49b70a81a9a6bdbe1046ebdda6,#ae34b8
PV0225,Music_Amplifier,G0225,224,/mnt/zsn/data/particulate/datasets/PV-A/renders/uniform531_studio_256_v1,,/mnt/zsn/data/particulate/datasets/PV-A/renders/uniform531_studio_256_v1/G0225__Music_Amplifier__seed_0000.png,90449,c68f22105ee498bc7f6e324b72e560c84ed1c22f03ef42e5fb24a351acdc2206,#2cb885
PV0226,Music_CD_case,G0226,225,/mnt/zsn/data/particulate/datasets/PV-A/renders/uniform531_studio_256_v1,,/mnt/zsn/data/particulate/datasets/PV-A/renders/uniform531_studio_256_v1/G0226__Music_CD_case__seed_0000.png,71100,8b790c8541a61af0eb2dfcca153d9914a1291b1fa3a13e1956d2d37381f9bd37,#c97c54
PV0227,Music_Headphone,G0227,226,/mnt/zsn/data/particulate/datasets/PV-A/renders/uniform531_studio_256_v1,,/mnt/zsn/data/particulate/datasets/PV-A/renders/uniform531_studio_256_v1/G0227__Music_Headphone__seed_0000.png,83959,a169eb4f30af2df4bd7e348a2ce30910956cd1fecaf34d2276f1c12a9bbb6217,#524bc9
PV0228,Music_keyboard,G0228,227,/mnt/zsn/data/particulate/datasets/PV-A/renders/uniform531_studio_256_v1,,/mnt/zsn/data/particulate/datasets/PV-A/renders/uniform531_studio_256_v1/G0228__Music_keyboard__seed_0000.png,85832,8d428890a48d17deb4f7d0a20c922e765bea67e66ff52220968953222097264f,#62c942
PV0229,music_stand,G0229,228,/mnt/zsn/data/particulate/datasets/PV-A/renders/uniform531_studio_256_v1,,/mnt/zsn/data/particulate/datasets/PV-A/renders/uniform531_studio_256_v1/G0229__music_stand__seed_0000.png,71889,d3a38776bf7dc544f32700501ffbebe86a987f430ee825dd58bdc4ee013d7b01,#c93985
PV0230,music_stand1,G0230,229,/mnt/zsn/data/particulate/datasets/PV-A/renders/uniform531_studio_256_v1,,/mnt/zsn/data/particulate/datasets/PV-A/renders/uniform531_studio_256_v1/G0230__music_stand1__seed_0000.png,72732,3d6e7ccdd6ad506a0137533e18990a6a4257712c4252ee14b574cd1d5d62aef0,#30adc9
PV0231,Music_Violin_case,G0231,230,/mnt/zsn/data/particulate/datasets/PV-A/renders/uniform531_studio_256_v1,,/mnt/zsn/data/particulate/datasets/PV-A/renders/uniform531_studio_256_v1/G0231__Music_Violin_case__seed_0000.png,70565,8a87202275cd4591e10ba4e7f99b521cbd7d6ea79c7736465d9beeda7f9883ec,#dacb5b
PV0232,Music_Vocal_mic,G0232,231,/mnt/zsn/data/particulate/datasets/PV-A/renders/uniform531_studio_256_v1,,/mnt/zsn/data/particulate/datasets/PV-A/renders/uniform531_studio_256_v1/G0232__Music_Vocal_mic__seed_0000.png,83608,cb35b3ab79ed0dd38d867d6886178087b214e417e6de008bab1d7585dd07d51b,#a352da
PV0233,n_joint_revolute_chain,G0233,232,/mnt/zsn/data/particulate/datasets/PV-A/renders/uniform531_studio_256_v1,,/mnt/zsn/data/particulate/datasets/PV-A/renders/uniform531_studio_256_v1/G0233__n_joint_revolute_chain__seed_0000.png,75902,5036ef53a377b30b4d27e36d5ac19184b5ba378935500e9fc618d859e4ee6bf0,#48da74
PV0234,needle_case,G0234,233,/mnt/zsn/data/particulate/datasets/PV-A/renders/uniform531_studio_256_v1,,/mnt/zsn/data/particulate/datasets/PV-A/renders/uniform531_studio_256_v1/G0234__needle_case__seed_0000.png,76929,0e2b5d76d1b2da6e05dbe003658d8cf12d83467d7e4526337fb5fb6d67b84147,#da403e
PV0235,nutcracker,G0235,234,/mnt/zsn/data/particulate/datasets/PV-A/renders/uniform531_studio_256_v1,,/mnt/zsn/data/particulate/datasets/PV-A/renders/uniform531_studio_256_v1/G0235__nutcracker__seed_0000.png,73416,e01516e7a4354e92e325bd9f7128dac57b608c4b054ac6f5a3e739f5f83e3f0e,#3463da
PV0236,office_table_with_doors_or_drawers,G0236,235,/mnt/zsn/data/particulate/datasets/PV-A/renders/uniform531_studio_256_v1,,/mnt/zsn/data/particulate/datasets/PV-A/renders/uniform531_studio_256_v1/G0236__office_table_with_doors_or_drawers__seed_0000.png,84246,a4739dd760e4b244f756bb6d00183544449811bedb1f61da09d2235f9b77413a,#b0eb63
PV0237,Other_Air_conditioner,G0237,236,/mnt/zsn/data/particulate/datasets/PV-A/renders/uniform531_studio_256_v1,,/mnt/zsn/data/particulate/datasets/PV-A/renders/uniform531_studio_256_v1/G0237__Other_Air_conditioner__seed_0000.png,69893,ed725d51ae7fadc51d10592456df6d85b195a473d9294845bae7adfb71703fad,#eb58d7
PV0238,Other_armchair,G0238,237,/mnt/zsn/data/particulate/datasets/PV-A/renders/uniform531_studio_256_v1,,/mnt/zsn/data/particulate/datasets/PV-A/renders/uniform531_studio_256_v1/G0238__Other_armchair__seed_0000.png,90729,51aa1565d694ac80f8f5aca3b2558890291235542f8997879855085399524603,#4debd2
PV0239,Other_Bedside,G0239,238,/mnt/zsn/data/particulate/datasets/PV-A/renders/uniform531_studio_256_v1,,/mnt/zsn/data/particulate/datasets/PV-A/renders/uniform531_studio_256_v1/G0239__Other_Bedside__seed_0000.png,88738,2aa0a5638da3646fec18dae35cb53595ad14071e99f610d3086d77a85d7ceb2f,#eba043
PV0240,Other_Built_in_oven,G0240,239,/mnt/zsn/data/particulate/datasets/PV-A/renders/uniform531_studio_256_v1,,/mnt/zsn/data/particulate/datasets/PV-A/renders/uniform531_studio_256_v1/G0240__Other_Built_in_oven__seed_0000.png,99562,96077341f2304ede6c3fea3219f3c9e61437273d35327755b2865a1907a10bcc,#6738eb
PV0241,Other_Cabinet,G0241,240,/mnt/zsn/data/particulate/datasets/PV-A/renders/uniform531_studio_256_v1,,/mnt/zsn/data/particulate/datasets/PV-A/renders/uniform531_studio_256_v1/G0241__Other_Cabinet__seed_0000.png,87337,a79de856a1099509759b0e325e5af06d8b1dad7fd5e537fd77ab676d736c0065,#50b84d
PV0242,Other_cauldron,G0242,241,/mnt/zsn/data/particulate/datasets/PV-A/renders/uniform531_studio_256_v1,,/mnt/zsn/data/particulate/datasets/PV-A/renders/uniform531_studio_256_v1/G0242__Other_cauldron__seed_0000.png,77630,fc9fad7bfd32a3d516d4add8cad2e18a81d562f9ba1afe70db0f1c26b55adf0d,#b8456a
PV0243,Other_Coffin,G0243,242,/mnt/zsn/data/particulate/datasets/PV-A/renders/uniform531_studio_256_v1,,/mnt/zsn/data/particulate/datasets/PV-A/renders/uniform531_studio_256_v1/G0243__Other_Coffin__seed_0000.png,80253,2cd7c40b7a73518cbb4dde6095be9902747137b2cc2102e6e84815bffe279e16,#3d88b8
PV0244,Other_Folding_screen,G0244,243,/mnt/zsn/data/particulate/datasets/PV-A/renders/uniform531_studio_256_v1,,/mnt/zsn/data/particulate/datasets/PV-A/renders/uniform531_studio_256_v1/G0244__Other_Folding_screen__seed_0000.png,85443,9a739d662393b6ea46d7e8efcb14ff833950127bd4686e3c5cdf4862a31505bf,#abb834
PV0245,Other_high_arc_gooseneck_faucet,G0245,244,/mnt/zsn/data/particulate/datasets/PV-A/renders/uniform531_studio_256_v1,,/mnt/zsn/data/particulate/datasets/PV-A/renders/uniform531_studio_256_v1/G0245__Other_high_arc_gooseneck_faucet__seed_0000.png,73857,22dfb3e259440ecc047ca9af37a3a4a69c68500810d1ef404107b5bab70c3b7e,#9c2cb8
PV0246,Other_Lighter,G0246,245,/mnt/zsn/data/particulate/datasets/PV-A/renders/uniform531_studio_256_v1,,/mnt/zsn/data/particulate/datasets/PV-A/renders/uniform531_studio_256_v1/G0246__Other_Lighter__seed_0000.png,75753,40438f21e91ad1b0a4e4caebf91b96d4989688e88d158b62a252a25ee363b0dd,#54c990
PV0247,Other_Metal_drain,G0247,246,/mnt/zsn/data/particulate/datasets/PV-A/renders/uniform531_studio_256_v1,,/mnt/zsn/data/particulate/datasets/PV-A/renders/uniform531_studio_256_v1/G0247__Other_Metal_drain__seed_0000.png,85294,cb9b2ab2f108f925a59294b27dbec0b0671539b770f0475d30b931fb790f312e,#c9674b
PV0248,Other_pliers,G0248,247,/mnt/zsn/data/particulate/datasets/PV-A/renders/uniform531_studio_256_v1,,/mnt/zsn/data/particulate/datasets/PV-A/renders/uniform531_studio_256_v1/G0248__Other_pliers__seed_0000.png,73893,cc021194e6b56e0221f03cc45a7850f80230ffa55605b770b7f4f403c756327d,#424cc9
PV0249,Other_Scale,G0249,248,/mnt/zsn/data/particulate/datasets/PV-A/renders/uniform531_studio_256_v1,,/mnt/zsn/data/particulate/datasets/PV-A/renders/uniform531_studio_256_v1/G0249__Other_Scale__seed_0000.png,81139,6028ee4c54c38a64a55bb8ba8731a61f939fc5d2bce16bd945f75bc2b2b2caef,#6ec939
PV0250,Other_single_hole_basin_faucet,G0250,249,/mnt/zsn/data/particulate/datasets/PV-A/renders/uniform531_studio_256_v1,,/mnt/zsn/data/particulate/datasets/PV-A/renders/uniform531_studio_256_v1/G0250__Other_single_hole_basin_faucet__seed_0000.png,73820,53299374ba856b896a48a2f85175490eacfc621082f65edbac2e27fc8a2c4c40,#c93094
PV0251,Other_stove,G0251,250,/mnt/zsn/data/particulate/datasets/PV-A/renders/uniform531_studio_256_v1,,/mnt/zsn/data/particulate/datasets/PV-A/renders/uniform531_studio_256_v1/G0251__Other_stove__seed_0000.png,96960,39ee39d506683b841ecd19b15b91c64e60c52ae08163e63343a80f8d1e3e2454,#5bd3da
PV0252,Other_Switch,G0252,251,/mnt/zsn/data/particulate/datasets/PV-A/renders/uniform531_studio_256_v1,,/mnt/zsn/data/particulate/datasets/PV-A/renders/uniform531_studio_256_v1/G0252__Other_Switch__seed_0000.png,82700,df2e9ab816adf8f2fce0719fd2cb324565e4630c62caa4d4d53df5d1105f2bb8,#dab952
PV0253,Other_Tripod_Turnstile,G0253,252,/mnt/zsn/data/particulate/datasets/PV-A/renders/uniform531_studio_256_v1,,/mnt/zsn/data/particulate/datasets/PV-A/renders/uniform531_studio_256_v1/G0253__Other_Tripod_Turnstile__seed_0000.png,85617,747c70b73fe525cec39d534151c3122da51173aa9779b9fa8e2e667ded42598f,#8c48da
PV0254,Other_TV,G0254,253,/mnt/zsn/data/particulate/datasets/PV-A/renders/uniform531_studio_256_v1,,/mnt/zsn/data/particulate/datasets/PV-A/renders/uniform531_studio_256_v1/G0254__Other_TV__seed_0000.png,92833,88c54954e7fdf1138b51a187e00ee8b2b6d38e27f3a1612470770c339d1d7163,#3eda59
PV0255,Other_Vent,G0255,254,/mnt/zsn/data/particulate/datasets/PV-A/renders/uniform531_studio_256_v1,,/mnt/zsn/data/particulate/datasets/PV-A/renders/uniform531_studio_256_v1/G0255__Other_Vent__seed_0000.png,92816,fa4b66e75f7912dcf936ac87047a24a337def62b06d3ca81237a7991b26ff1fa,#da3447
PV0256,Other_Water_dispenser,G0256,255,/mnt/zsn/data/particulate/datasets/PV-A/renders/uniform531_studio_256_v1,,/mnt/zsn/data/particulate/datasets/PV-A/renders/uniform531_studio_256_v1/G0256__Other_Water_dispenser__seed_0000.png,77104,d73ae068eb5bc6d0ed3d59abf0a54ea9a884dc92a74d0be590a8ee76917d4f2e,#639aeb
PV0257,Other_widespread_two_handle_faucet,G0257,256,/mnt/zsn/data/particulate/datasets/PV-A/renders/uniform531_studio_256_v1,,/mnt/zsn/data/particulate/datasets/PV-A/renders/uniform531_studio_256_v1/G0257__Other_widespread_two_handle_faucet__seed_0000.png,76586,d08d81e455112758537b20c970b891d403b87988e8fc70b0ad3a633a3615e2a4,#bfeb58
PV0258,Others_Binocular,G0258,257,/mnt/zsn/data/particulate/datasets/PV-A/renders/uniform531_studio_256_v1,,/mnt/zsn/data/particulate/datasets/PV-A/renders/uniform531_studio_256_v1/G0258__Others_Binocular__seed_0000.png,84307,afcdc5f4a8a70f0dcfae2d3b02f29b9b715c08feedf24a77830055d60c9cc5ce,#eb4de9
PV0259,Others_blacksmith_tongs,G0259,258,/mnt/zsn/data/particulate/datasets/PV-A/renders/uniform531_studio_256_v1,,/mnt/zsn/data/particulate/datasets/PV-A/renders/uniform531_studio_256_v1/G0259__Others_blacksmith_tongs__seed_0000.png,68530,eefc09099144bf2d303dc280a33df5e732090016ee51584ecf234badde64eea1,#43ebbb
PV0260,Others_Matchbox,G0260,259,/mnt/zsn/data/particulate/datasets/PV-A/renders/uniform531_studio_256_v1,,/mnt/zsn/data/particulate/datasets/PV-A/renders/uniform531_studio_256_v1/G0260__Others_Matchbox__seed_0000.png,80211,5e5f7e5ec2ab678432633aaa3f651d8eec7ddd2ac80ccf3686adb4be9d79dea2,#eb8438
PV0261,Others_Safe,G0261,260,/mnt/zsn/data/particulate/datasets/PV-A/renders/uniform531_studio_256_v1,,/mnt/zsn/data/particulate/datasets/PV-A/renders/uniform531_studio_256_v1/G0261__Others_Safe__seed_0000.png,84185,ff049d44c737a272caa9fcfd1d12a99fa7ddcb361e79bb6ee91a1e9bbcf5a7cf,#5b4db8
PV0262,overhead_projector_with_articulating_mirror,G0262,261,/mnt/zsn/data/particulate/datasets/PV-A/renders/uniform531_studio_256_v1,,/mnt/zsn/data/particulate/datasets/PV-A/renders/uniform531_studio_256_v1/G0262__overhead_projector_with_articulating_mirror__seed_0000.png,77708,ce52afecfa30ad0113762fba95f97252da8e4d59f9f927c128f3c5d453e02d24,#57b845
PV0263,overshot_waterwheel,G0263,262,/mnt/zsn/data/particulate/datasets/PV-A/renders/uniform531_studio_256_v1,,/mnt/zsn/data/particulate/datasets/PV-A/renders/uniform531_studio_256_v1/G0263__overshot_waterwheel__seed_0000.png,86560,0be4241da5ed9c7a5e2ec7e837032b869ff384f2fcf7ac8bee2d9f1e81f7da2d,#b83d74
PV0264,paper_cutter_guillotine,G0264,263,/mnt/zsn/data/particulate/datasets/PV-A/renders/uniform531_studio_256_v1,,/mnt/zsn/data/particulate/datasets/PV-A/renders/uniform531_studio_256_v1/G0264__paper_cutter_guillotine__seed_0000.png,81673,0055ec9efacfe0d271e0b5530dd9f7c158b8e65f2d01b9943e46ba61bfb1fc3c,#3496b8
PV0265,paper_shredder,G0265,264,/mnt/zsn/data/particulate/datasets/PV-A/renders/uniform531_studio_256_v1,,/mnt/zsn/data/particulate/datasets/PV-A/renders/uniform531_studio_256_v1/G0265__paper_shredder__seed_0000.png,73672,80a25d4e931b5520526b270332d309efd590f490d7913840a38ec8e80eb78129,#b8b32c
PV0266,parabolic_dish_on_azimuth_elevation_mount,G0266,265,/mnt/zsn/data/particulate/datasets/PV-A/renders/uniform531_studio_256_v1,,/mnt/zsn/data/particulate/datasets/PV-A/renders/uniform531_studio_256_v1/G0266__parabolic_dish_on_azimuth_elevation_mount__seed_0000.png,87072,316b2835299d191a7b226c64453d15cb2cec0629dc1615d97f9400578b532ee7,#a354c9
PV0267,Parts_quick_release_clamp,G0267,266,/mnt/zsn/data/particulate/datasets/PV-A/renders/uniform531_studio_256_v1,,/mnt/zsn/data/particulate/datasets/PV-A/renders/uniform531_studio_256_v1/G0267__Parts_quick_release_clamp__seed_0000.png,78892,f97eac74fadedf219ad317e560140f86962c7fc2c084b5b60e2699b8bf9b6cae,#4bc97b
PV0268,pepper_mill_with_rotating_grinder_mechanism,G0268,267,/mnt/zsn/data/particulate/datasets/PV-A/renders/uniform531_studio_256_v1,,/mnt/zsn/data/particulate/datasets/PV-A/renders/uniform531_studio_256_v1/G0268__pepper_mill_with_rotating_grinder_mechanism__seed_0000.png,78608,08591704edfa7783e8739fb96b64ccaf971fdd7c30cee4e91a08084658e216ab,#c94e42
PV0269,pet_carrier,G0269,268,/mnt/zsn/data/particulate/datasets/PV-A/renders/uniform531_studio_256_v1,,/mnt/zsn/data/particulate/datasets/PV-A/renders/uniform531_studio_256_v1/G0269__pet_carrier__seed_0000.png,96939,8e94ee015155123197b0e8106b7f17b8e54e389961417ceacd92c4cf1a51c9b3,#3956c9
PV0270,pet_stroller,G0270,269,/mnt/zsn/data/particulate/datasets/PV-A/renders/uniform531_studio_256_v1,,/mnt/zsn/data/particulate/datasets/PV-A/renders/uniform531_studio_256_v1/G0270__pet_stroller__seed_0000.png,82287,4346e64056f06218138bf7372e3ab7937fea7f911b522cde27ff2dbc644bd18b,#7bc930
PV0271,piano_bench,G0271,270,/mnt/zsn/data/particulate/datasets/PV-A/renders/uniform531_studio_256_v1,,/mnt/zsn/data/particulate/datasets/PV-A/renders/uniform531_studio_256_v1/G0271__piano_bench__seed_0000.png,78921,65d2055fe9382058e20caff49bb11c23a2185bcc49206fa3defa14cd863e244b,#da5bbe
PV0272,pictureX_0611_Air_blower,G0272,271,/mnt/zsn/data/particulate/datasets/PV-A/renders/uniform531_studio_256_v1,,/mnt/zsn/data/particulate/datasets/PV-A/renders/uniform531_studio_256_v1/G0272__pictureX_0611_Air_blower__seed_0000.png,75256,d47c45d56cdaa39fca093902e5e1c7c895297a4f78d7586104296175a2d32c19,#52dacf
PV0273,pictureX_0611_ball_transfer_unit_with_spring_loaded_ball,G0273,272,/mnt/zsn/data/particulate/datasets/PV-A/renders/uniform531_studio_256_v1,,/mnt/zsn/data/particulate/datasets/PV-A/renders/uniform531_studio_256_v1/G0273__pictureX_0611_ball_transfer_unit_with_spring_loaded_ball__seed_0000.png,74132,d1716853bd936d6305aca050a97bc367081febe6bf28e1efe15e551209ff0915,#daa448
PV0274,pictureX_0611_ball_valve_with_quarter_turn_handle,G0274,273,/mnt/zsn/data/particulate/datasets/PV-A/renders/uniform531_studio_256_v1,,/mnt/zsn/data/particulate/datasets/PV-A/renders/uniform531_studio_256_v1/G0274__pictureX_0611_ball_valve_with_quarter_turn_handle__seed_0000.png,79141,d425bfb09b58a5a9ce2065ae0fd621ba914d6cf74904bd07edbdf5653e16434e,#733eda
PV0275,pictureX_0611_bevel_gear_pair_with_perpendicular_shafts,G0275,274,/mnt/zsn/data/particulate/datasets/PV-A/renders/uniform531_studio_256_v1,,/mnt/zsn/data/particulate/datasets/PV-A/renders/uniform531_studio_256_v1/G0275__pictureX_0611_bevel_gear_pair_with_perpendicular_shafts__seed_0000.png,78642,7456b613ee4c04be1520bdcae53cddb381d4242cffb635ef5d896ae4ce7cdbbc,#34da3c
PV0276,pictureX_0611_bi_fold_closet_door_system,G0276,275,/mnt/zsn/data/particulate/datasets/PV-A/renders/uniform531_studio_256_v1,,/mnt/zsn/data/particulate/datasets/PV-A/renders/uniform531_studio_256_v1/G0276__pictureX_0611_bi_fold_closet_door_system__seed_0000.png,78003,b8595a6fbca56d2de86e3273832e57eb4a7029372e322f377b948590f9b5b993,#eb6384
PV0277,pictureX_0611_bookcase,G0277,276,/mnt/zsn/data/particulate/datasets/PV-A/renders/uniform531_studio_256_v1,,/mnt/zsn/data/particulate/datasets/PV-A/renders/uniform531_studio_256_v1/G0277__pictureX_0611_bookcase__seed_0000.png,84027,ad2d63f84b602c615cb9debeb1d8a2cc844e7b561be9966b6fe9a56188b27394,#58a7eb
PV0278,pictureX_0611_bookcase1,G0278,277,/mnt/zsn/data/particulate/datasets/PV-A/renders/uniform531_studio_256_v1,,/mnt/zsn/data/particulate/datasets/PV-A/renders/uniform531_studio_256_v1/G0278__pictureX_0611_bookcase1__seed_0000.png,78824,7fea2d99d3b93ccf98903921eaeb932589e4a59b06c9a25d7c9522813222dca2,#cfeb4d
PV0279,pictureX_0611_bookcase2,G0279,278,/mnt/zsn/data/particulate/datasets/PV-A/renders/uniform531_studio_256_v1,,/mnt/zsn/data/particulate/datasets/PV-A/renders/uniform531_studio_256_v1/G0279__pictureX_0611_bookcase2__seed_0000.png,78810,d06f09d9fbcc236ffbd4d6497b33433dc342780a96078855940fc07e848683c4,#d743eb
PV0280,pictureX_0611_Bookshelf_with_books,G0280,279,/mnt/zsn/data/particulate/datasets/PV-A/renders/uniform531_studio_256_v1,,/mnt/zsn/data/particulate/datasets/PV-A/renders/uniform531_studio_256_v1/G0280__pictureX_0611_Bookshelf_with_books__seed_0000.png,87154,0d42400f8484b5ba8762f3c36ed3b5d326e08036e6bcc4e63c75da696471d14d,#38eba1
PV0281,pictureX_0611_Butter_maker,G0281,280,/mnt/zsn/data/particulate/datasets/PV-A/renders/uniform531_studio_256_v1,,/mnt/zsn/data/particulate/datasets/PV-A/renders/uniform531_studio_256_v1/G0281__pictureX_0611_Butter_maker__seed_0000.png,74779,2cea6806169759bb1502af0c98d3972c6f4c356f8a0fa2aadfec4f441121748b,#b86d4d
PV0282,pictureX_0611_butterfly_valve_with_lever_operator,G0282,281,/mnt/zsn/data/particulate/datasets/PV-A/renders/uniform531_studio_256_v1,,/mnt/zsn/data/particulate/datasets/PV-A/renders/uniform531_studio_256_v1/G0282__pictureX_0611_butterfly_valve_with_lever_operator__seed_0000.png,86337,a1cbc1c968bf84cae8263e948833833ab0ab33b544f223f7e38d416066d42f29,#4545b8
PV0283,pictureX_0611_C_shaped_sofa_side_table,G0283,282,/mnt/zsn/data/particulate/datasets/PV-A/renders/uniform531_studio_256_v1,,/mnt/zsn/data/particulate/datasets/PV-A/renders/uniform531_studio_256_v1/G0283__pictureX_0611_C_shaped_sofa_side_table__seed_0000.png,79895,3585179c8570f050283976d3ae0654cb8797f2ff2e9ffa732edc0f622a1cabd1,#60b83d
PV0284,pictureX_0611_Cabinet_with_doors,G0284,283,/mnt/zsn/data/particulate/datasets/PV-A/renders/uniform531_studio_256_v1,,/mnt/zsn/data/particulate/datasets/PV-A/renders/uniform531_studio_256_v1/G0284__pictureX_0611_Cabinet_with_doors__seed_0000.png,82470,cc1658d253aa9575fd32f88c20aea99ed551c458a487cdc8e0308590930f4a3b,#b83480
PV0285,pictureX_0611_Cabinet_with_doors_and_drawers,G0285,284,/mnt/zsn/data/particulate/datasets/PV-A/renders/uniform531_studio_256_v1,,/mnt/zsn/data/particulate/datasets/PV-A/renders/uniform531_studio_256_v1/G0285__pictureX_0611_Cabinet_with_doors_and_drawers__seed_0000.png,86840,284754b2205867444553706966dc020b3dd54a1750ac56ea810bc48555ac806b,#2ca5b8
PV0286,pictureX_0611_Cabinet_with_drawers,G0286,285,/mnt/zsn/data/particulate/datasets/PV-A/renders/uniform531_studio_256_v1,,/mnt/zsn/data/particulate/datasets/PV-A/renders/uniform531_studio_256_v1/G0286__pictureX_0611_Cabinet_with_drawers__seed_0000.png,82685,05794b4dfbb4e02b17c051c128545ef0bbd3006400eb6c9e6966e879f6e2b245,#c9b654
PV0287,pictureX_0611_Cabinet_with_glass_lift_up_vitrine,G0287,286,/mnt/zsn/data/particulate/datasets/PV-A/renders/uniform531_studio_256_v1,,/mnt/zsn/data/particulate/datasets/PV-A/renders/uniform531_studio_256_v1/G0287__pictureX_0611_Cabinet_with_glass_lift_up_vitrine__seed_0000.png,82813,cb0938a564efe997158f2af5e552cd2245a3104d3cb990358d5e4231d7c9f967,#904bc9
PV0288,pictureX_0611_car_scissor_jack_with_screw_mechanism,G0288,287,/mnt/zsn/data/particulate/datasets/PV-A/renders/uniform531_studio_256_v1,,/mnt/zsn/data/particulate/datasets/PV-A/renders/uniform531_studio_256_v1/G0288__pictureX_0611_car_scissor_jack_with_screw_mechanism__seed_0000.png,93761,37544851a97db379101b2106963630a67cdb226a27d5b910115e05d1e01c8792,#42c964
PV0289,pictureX_0611_centrifuge_machine1,G0289,288,/mnt/zsn/data/particulate/datasets/PV-A/renders/uniform531_studio_256_v1,,/mnt/zsn/data/particulate/datasets/PV-A/renders/uniform531_studio_256_v1/G0289__pictureX_0611_centrifuge_machine1__seed_0000.png,76405,b21281f426be5c6d32257d3fefced541b6b2bb65c29467abfdee56a3cde845c6,#c9393f
PV0290,pictureX_0611_centrifuge_machine2,G0290,289,/mnt/zsn/data/particulate/datasets/PV-A/renders/uniform531_studio_256_v1,,/mnt/zsn/data/particulate/datasets/PV-A/renders/uniform531_studio_256_v1/G0290__pictureX_0611_centrifuge_machine2__seed_0000.png,79475,2908d720c20571268b8676c0d875123c70c8df741ea9967471c83e3d85baafb2,#3062c9
PV0291,pictureX_0611_Chain_separator,G0291,290,/mnt/zsn/data/particulate/datasets/PV-A/renders/uniform531_studio_256_v1,,/mnt/zsn/data/particulate/datasets/PV-A/renders/uniform531_studio_256_v1/G0291__pictureX_0611_Chain_separator__seed_0000.png,76610,4783237b52bbbcbd0e0dc7d81ec524ed8227c0f3985aa6aeddaabaa7b355dda9,#aada5b
PV0292,pictureX_0611_compass,G0292,291,/mnt/zsn/data/particulate/datasets/PV-A/renders/uniform531_studio_256_v1,,/mnt/zsn/data/particulate/datasets/PV-A/renders/uniform531_studio_256_v1/G0292__pictureX_0611_compass__seed_0000.png,80956,8050219e6a35ad96233a6f42fc0d2c12423abd5944089032436fd1378a27a95e,#da52ce
PV0293,pictureX_0611_crimping_tool,G0293,292,/mnt/zsn/data/particulate/datasets/PV-A/renders/uniform531_studio_256_v1,,/mnt/zsn/data/particulate/datasets/PV-A/renders/uniform531_studio_256_v1/G0293__pictureX_0611_crimping_tool__seed_0000.png,73297,8c5af53049311675ad2ea88be977058300a71d3dfd9c0dec4a50e634ece2c1d9,#48dabc
PV0294,pictureX_0611_Desk_with_drawers_no_door,G0294,293,/mnt/zsn/data/particulate/datasets/PV-A/renders/uniform531_studio_256_v1,,/mnt/zsn/data/particulate/datasets/PV-A/renders/uniform531_studio_256_v1/G0294__pictureX_0611_Desk_with_drawers_no_door__seed_0000.png,84163,e9130c2d33b62833bf4db23aae11795e24b181497c775a884bf75048d5e88ecb,#da8c3e
PV0295,pictureX_0611_drafting_table_with_adjustable_tilt_surface,G0295,294,/mnt/zsn/data/particulate/datasets/PV-A/renders/uniform531_studio_256_v1,,/mnt/zsn/data/particulate/datasets/PV-A/renders/uniform531_studio_256_v1/G0295__pictureX_0611_drafting_table_with_adjustable_tilt_surface__seed_0000.png,87560,6908a4ecdf91a7b920175cc1ad260a1b10496a05d3ee0ffa2f2c23eeb0141d6e,#5734da
PV0296,pictureX_0611_drawing_compass_with_adjustable_legs,G0296,295,/mnt/zsn/data/particulate/datasets/PV-A/renders/uniform531_studio_256_v1,,/mnt/zsn/data/particulate/datasets/PV-A/renders/uniform531_studio_256_v1/G0296__pictureX_0611_drawing_compass_with_adjustable_legs__seed_0000.png,74612,5aafb19dd44b80dd37fd76fe814f7b4c07f56e7fee38fc109b0fe380cf2d4c12,#6deb63
PV0297,pictureX_0611_Dressing_table,G0297,296,/mnt/zsn/data/particulate/datasets/PV-A/renders/uniform531_studio_256_v1,,/mnt/zsn/data/particulate/datasets/PV-A/renders/uniform531_studio_256_v1/G0297__pictureX_0611_Dressing_table__seed_0000.png,79759,c3d6aa37daafd1144044f302d13e167cfb1b14f6440fb8a182df7356d2dfa8a0,#eb588e
PV0298,pictureX_0611_drum_pedal_with_beater_and_spring_return,G0298,297,/mnt/zsn/data/particulate/datasets/PV-A/renders/uniform531_studio_256_v1,,/mnt/zsn/data/particulate/datasets/PV-A/renders/uniform531_studio_256_v1/G0298__pictureX_0611_drum_pedal_with_beater_and_spring_return__seed_0000.png,79979,3ec1c1aac00fa97d5a35d02dfe46ed4253656b974a842c307f468d88882f1472,#4db6eb
PV0299,pictureX_0611_elevator_button_panel,G0299,298,/mnt/zsn/data/particulate/datasets/PV-A/renders/uniform531_studio_256_v1,,/mnt/zsn/data/particulate/datasets/PV-A/renders/uniform531_studio_256_v1/G0299__pictureX_0611_elevator_button_panel__seed_0000.png,84467,08ca3357a78bd605a36ec09a71751c95c0a53cf45d67d3d3f24e6448822a7670,#e3eb43
PV0300,pictureX_0611_ergonomic_clamp_with_adjustable,G0300,299,/mnt/zsn/data/particulate/datasets/PV-A/renders/uniform531_studio_256_v1,,/mnt/zsn/data/particulate/datasets/PV-A/renders/uniform531_studio_256_v1/G0300__pictureX_0611_ergonomic_clamp_with_adjustable__seed_0000.png,76139,951e67218ecc6d86a9fc654b6f14fecc81cb352a6d9b1012cb685ecc529457b7,#bf38eb
PV0301,pictureX_0611_ergonomic_clamp_with_adjustable_components,G0301,300,/mnt/zsn/data/particulate/datasets/PV-A/renders/uniform531_studio_256_v1,,/mnt/zsn/data/particulate/datasets/PV-A/renders/uniform531_studio_256_v1/G0301__pictureX_0611_ergonomic_clamp_with_adjustable_components__seed_0000.png,77650,67cc4cf6baedf45274ce824969ad93763fc4bf2c85435d8f5cc717d3e228f9d8,#4db87e
PV0302,pictureX_0611_flaring_tool_with_cone_and_clamp,G0302,301,/mnt/zsn/data/particulate/datasets/PV-A/renders/uniform531_studio_256_v1,,/mnt/zsn/data/particulate/datasets/PV-A/renders/uniform531_studio_256_v1/G0302__pictureX_0611_flaring_tool_with_cone_and_clamp__seed_0000.png,76898,a9b984ffaf568ba5fb22fce72f495b4234de84fcf29fa8a861da00b98ae2a4cb,#b85845
PV0303,pictureX_0611_flexible_track_lighting_system,G0303,302,/mnt/zsn/data/particulate/datasets/PV-A/renders/uniform531_studio_256_v1,,/mnt/zsn/data/particulate/datasets/PV-A/renders/uniform531_studio_256_v1/G0303__pictureX_0611_flexible_track_lighting_system__seed_0000.png,75456,80c1dbd0bc836a35ababec598ea6a87db708cb428d22397452067cb9d4338f7e,#3d4cb8
PV0304,pictureX_0611_Floor_standing_drafting_table,G0304,303,/mnt/zsn/data/particulate/datasets/PV-A/renders/uniform531_studio_256_v1,,/mnt/zsn/data/particulate/datasets/PV-A/renders/uniform531_studio_256_v1/G0304__pictureX_0611_Floor_standing_drafting_table__seed_0000.png,82384,971b9f30c114b52f837401a005c307d5b5da5dc8e2d1651d58ea21752850cdbe,#6bb834
PV0305,pictureX_0611_folders,G0305,304,/mnt/zsn/data/particulate/datasets/PV-A/renders/uniform531_studio_256_v1,,/mnt/zsn/data/particulate/datasets/PV-A/renders/uniform531_studio_256_v1/G0305__pictureX_0611_folders__seed_0000.png,87141,aca50ad26d42db531bc38149e072b2e6006f58f6317fbd77ca9681313ad890c7,#b82c8f
PV0306,pictureX_0611_Folding_ruler,G0306,305,/mnt/zsn/data/particulate/datasets/PV-A/renders/uniform531_studio_256_v1,,/mnt/zsn/data/particulate/datasets/PV-A/renders/uniform531_studio_256_v1/G0306__pictureX_0611_Folding_ruler__seed_0000.png,69981,089f902865d412579d1c66ec50c0d039d02b42e2173515cd01cd0d0f1abc1444,#54c8c9
PV0307,pictureX_0611_Folding_sofa_bed,G0307,306,/mnt/zsn/data/particulate/datasets/PV-A/renders/uniform531_studio_256_v1,,/mnt/zsn/data/particulate/datasets/PV-A/renders/uniform531_studio_256_v1/G0307__pictureX_0611_Folding_sofa_bed__seed_0000.png,86560,3daaed01b288883c67b8a6cd13c20a2ab34a4512d6914fc1510f898ce262ee14,#c9a44b
PV0308,pictureX_0611_Folding_sofa_bed1,G0308,307,/mnt/zsn/data/particulate/datasets/PV-A/renders/uniform531_studio_256_v1,,/mnt/zsn/data/particulate/datasets/PV-A/renders/uniform531_studio_256_v1/G0308__pictureX_0611_Folding_sofa_bed1__seed_0000.png,81026,1e5fbdd2922ba7ad1ad8fa792c7835d4c057f0dc1ad15f03c7a34ac4f490c410,#7a42c9
PV0309,pictureX_0611_Folding_sofa_bed2,G0309,308,/mnt/zsn/data/particulate/datasets/PV-A/renders/uniform531_studio_256_v1,,/mnt/zsn/data/particulate/datasets/PV-A/renders/uniform531_studio_256_v1/G0309__pictureX_0611_Folding_sofa_bed2__seed_0000.png,78426,ad72d8c6a54b39bd3da0f4ef0a7049d4497487170457c377cd1037d66b0ada72,#39c94b
PV0310,pictureX_0611_Folding_sofa_bed3,G0310,309,/mnt/zsn/data/particulate/datasets/PV-A/renders/uniform531_studio_256_v1,,/mnt/zsn/data/particulate/datasets/PV-A/renders/uniform531_studio_256_v1/G0310__pictureX_0611_Folding_sofa_bed3__seed_0000.png,89829,782e68eb77d5762e30fb54e80d0c197f44222b751e56e4c3625e1f33f738056b,#c93049
PV0311,pictureX_0611_Folding_table,G0311,310,/mnt/zsn/data/particulate/datasets/PV-A/renders/uniform531_studio_256_v1,,/mnt/zsn/data/particulate/datasets/PV-A/renders/uniform531_studio_256_v1/G0311__pictureX_0611_Folding_table__seed_0000.png,75195,358d07b78ae0c48acf452ce4ddfe5a136dbd62d81cd5b2d7b51bc612298c8e6e,#5b95da
PV0312,pictureX_0611_Folding_table1,G0312,311,/mnt/zsn/data/particulate/datasets/PV-A/renders/uniform531_studio_256_v1,,/mnt/zsn/data/particulate/datasets/PV-A/renders/uniform531_studio_256_v1/G0312__pictureX_0611_Folding_table1__seed_0000.png,77163,3ff1d6b8692f9dcec4acce36ecc269159fdaea103ed6fbce96aa61d16b9ffecd,#b7da52
PV0313,pictureX_0611_Folding_table2,G0313,312,/mnt/zsn/data/particulate/datasets/PV-A/renders/uniform531_studio_256_v1,,/mnt/zsn/data/particulate/datasets/PV-A/renders/uniform531_studio_256_v1/G0313__pictureX_0611_Folding_table2__seed_0000.png,73498,7b54bbbc6842bfb487c1e4ce77ab7fbe57796b79b332835e9135aede3c9a01b2,#d448da
PV0314,pictureX_0611_Folding_table3,G0314,313,/mnt/zsn/data/particulate/datasets/PV-A/renders/uniform531_studio_256_v1,,/mnt/zsn/data/particulate/datasets/PV-A/renders/uniform531_studio_256_v1/G0314__pictureX_0611_Folding_table3__seed_0000.png,73416,0def75bbc0b48a65f241b92b5395727201bdc3ac4e301c00e5d95885d48819da,#3edaa6
PV0315,pictureX_0611_Folding_table4,G0315,314,/mnt/zsn/data/particulate/datasets/PV-A/renders/uniform531_studio_256_v1,,/mnt/zsn/data/particulate/datasets/PV-A/renders/uniform531_studio_256_v1/G0315__pictureX_0611_Folding_table4__seed_0000.png,77190,3d5f7e655601f30e48feef1f37109de85aac00079fa41ab42a116ac16eddeeb6,#da7234
PV0316,pictureX_0611_Folding_table5,G0316,315,/mnt/zsn/data/particulate/datasets/PV-A/renders/uniform531_studio_256_v1,,/mnt/zsn/data/particulate/datasets/PV-A/renders/uniform531_studio_256_v1/G0316__pictureX_0611_Folding_table5__seed_0000.png,78413,f2147f63e3c2bc63e033cc1bb1cb392e56574c742f664269e628533a05dee0e0,#6e63eb
PV0317,pictureX_0611_full_height_turnstile,G0317,316,/mnt/zsn/data/particulate/datasets/PV-A/renders/uniform531_studio_256_v1,,/mnt/zsn/data/particulate/datasets/PV-A/renders/uniform531_studio_256_v1/G0317__pictureX_0611_full_height_turnstile__seed_0000.png,97032,f6ceef03661eae86625415e7a7984fbd89514cf246d37620f1376792e7979200,#76eb58
PV0318,pictureX_0611_Garden_pruner,G0318,317,/mnt/zsn/data/particulate/datasets/PV-A/renders/uniform531_studio_256_v1,,/mnt/zsn/data/particulate/datasets/PV-A/renders/uniform531_studio_256_v1/G0318__pictureX_0611_Garden_pruner__seed_0000.png,78276,db3103efc40dafd14112b81b370f9bf60cb91632662b2ccccec8ee89cce160f1,#eb4d9c
PV0319,pictureX_0611_garlic_press,G0319,318,/mnt/zsn/data/particulate/datasets/PV-A/renders/uniform531_studio_256_v1,,/mnt/zsn/data/particulate/datasets/PV-A/renders/uniform531_studio_256_v1/G0319__pictureX_0611_garlic_press__seed_0000.png,73760,9424c321c337fd00fb734233979d78e467acfdec0003ba03e0485eec48a18d7c,#43c8eb
PV0320,pictureX_0611_generator,G0320,319,/mnt/zsn/data/particulate/datasets/PV-A/renders/uniform531_studio_256_v1,,/mnt/zsn/data/particulate/datasets/PV-A/renders/uniform531_studio_256_v1/G0320__pictureX_0611_generator__seed_0000.png,87047,1fd143534f6233b11fb40b3f9c1255eb1a453ee09f613e67b85b70712f62eda4,#ebdc38
PV0321,pictureX_0611_Golf_cart,G0321,320,/mnt/zsn/data/particulate/datasets/PV-A/renders/uniform531_studio_256_v1,,/mnt/zsn/data/particulate/datasets/PV-A/renders/uniform531_studio_256_v1/G0321__pictureX_0611_Golf_cart__seed_0000.png,86302,ed193a5b0659253e927cced575fdd07e98957a2ee582fa5ab84abe7fc7ec55f9,#904db8
PV0322,pictureX_0611_guitar_tuning_peg_mechanism,G0322,321,/mnt/zsn/data/particulate/datasets/PV-A/renders/uniform531_studio_256_v1,,/mnt/zsn/data/particulate/datasets/PV-A/renders/uniform531_studio_256_v1/G0322__pictureX_0611_guitar_tuning_peg_mechanism__seed_0000.png,78786,30bf53648856904977ec6f1cd3b11e1d494e0edd79743e15bcc88829295ed580,#45b86b
PV0323,pictureX_0611_gyroscope_with_spinning_wheel_and_gimbal_rings,G0323,322,/mnt/zsn/data/particulate/datasets/PV-A/renders/uniform531_studio_256_v1,,/mnt/zsn/data/particulate/datasets/PV-A/renders/uniform531_studio_256_v1/G0323__pictureX_0611_gyroscope_with_spinning_wheel_and_gimbal_rings__seed_0000.png,83975,772b03dc1876d10ef53932c0509d641697290a59a8dc858523b96f5ce623df2d,#b8423d
PV0324,pictureX_0611_Hall_tree_with_flip_top_seat,G0324,323,/mnt/zsn/data/particulate/datasets/PV-A/renders/uniform531_studio_256_v1,,/mnt/zsn/data/particulate/datasets/PV-A/renders/uniform531_studio_256_v1/G0324__pictureX_0611_Hall_tree_with_flip_top_seat__seed_0000.png,82159,27bf88e5036195a8484b223e8acc7ccc756d5657ec7b5ee77f2ab31ef208e8eb,#3455b8
PV0325,pictureX_0611_Hand_crank_clothes_wringer,G0325,324,/mnt/zsn/data/particulate/datasets/PV-A/renders/uniform531_studio_256_v1,,/mnt/zsn/data/particulate/datasets/PV-A/renders/uniform531_studio_256_v1/G0325__pictureX_0611_Hand_crank_clothes_wringer__seed_0000.png,83029,61960a5d0d7d4a90fcfc27010c150b3deaf06c3736621079b88a92892b3dab5a,#78b82c
PV0326,pictureX_0611_hand_operated_metal_brake_for_bending_sheet_metal,G0326,325,/mnt/zsn/data/particulate/datasets/PV-A/renders/uniform531_studio_256_v1,,/mnt/zsn/data/particulate/datasets/PV-A/renders/uniform531_studio_256_v1/G0326__pictureX_0611_hand_operated_metal_brake_for_bending_sheet_metal__seed_0000.png,86726,2521e072f2d836e225509c2f4ee1c6351aa2eef091ab45ba72c86c65a83c3f0d,#c954b5
PV0327,pictureX_0611_Hole_punch,G0327,326,/mnt/zsn/data/particulate/datasets/PV-A/renders/uniform531_studio_256_v1,,/mnt/zsn/data/particulate/datasets/PV-A/renders/uniform531_studio_256_v1/G0327__pictureX_0611_Hole_punch__seed_0000.png,81039,80e182c90e8c8d6ea39fd183524f61d7e0286014214b64f6be3859d849bf2c29,#4bc9b9
PV0328,pictureX_0611_Hutch_Cabinet,G0328,327,/mnt/zsn/data/particulate/datasets/PV-A/renders/uniform531_studio_256_v1,,/mnt/zsn/data/particulate/datasets/PV-A/renders/uniform531_studio_256_v1/G0328__pictureX_0611_Hutch_Cabinet__seed_0000.png,90837,25d61a40ee10b1f5e7233258a0aeeb5802952ebe1653c4e5a296ec0880fba7f4,#c99142
PV0329,pictureX_0611_hydraulic_jack,G0329,328,/mnt/zsn/data/particulate/datasets/PV-A/renders/uniform531_studio_256_v1,,/mnt/zsn/data/particulate/datasets/PV-A/renders/uniform531_studio_256_v1/G0329__pictureX_0611_hydraulic_jack__seed_0000.png,80194,9716ce3dd7bf307be1eebf4accdb6460b3b50467c376ef070bcb9f5968b530cc,#6339c9
PV0330,pictureX_0611_hydraulic_jack1,G0330,329,/mnt/zsn/data/particulate/datasets/PV-A/renders/uniform531_studio_256_v1,,/mnt/zsn/data/particulate/datasets/PV-A/renders/uniform531_studio_256_v1/G0330__pictureX_0611_hydraulic_jack1__seed_0000.png,77068,ed9d69cc13bf3af568bc1bd663901748066642e422ddb554fc55d4806f5e054a,#30c930
PV0331,pictureX_0611_hydraulic_jack2,G0331,330,/mnt/zsn/data/particulate/datasets/PV-A/renders/uniform531_studio_256_v1,,/mnt/zsn/data/particulate/datasets/PV-A/renders/uniform531_studio_256_v1/G0331__pictureX_0611_hydraulic_jack2__seed_0000.png,74734,822cfaa40870a43904be7fcaa6e716525a8160f86abd3216c7a07e09ba7a36ea,#da5b80
PV0332,pictureX_0611_Ice_crream_machine,G0332,331,/mnt/zsn/data/particulate/datasets/PV-A/renders/uniform531_studio_256_v1,,/mnt/zsn/data/particulate/datasets/PV-A/renders/uniform531_studio_256_v1/G0332__pictureX_0611_Ice_crream_machine__seed_0000.png,89720,225e1019f220fb6669a1ee16935214b3dac80cebb52a73c064597f1480abd107,#52a1da
PV0333,pictureX_0611_industrial_crane_featuring_advanced_hydraulic,G0333,332,/mnt/zsn/data/particulate/datasets/PV-A/renders/uniform531_studio_256_v1,,/mnt/zsn/data/particulate/datasets/PV-A/renders/uniform531_studio_256_v1/G0333__pictureX_0611_industrial_crane_featuring_advanced_hydraulic__seed_0000.png,79762,f1ad2bffafc1ff23bff68db272a02408d1af5f175a3c8f812d75173b7244c542,#c8da48
PV0334,pictureX_0611_Industrial_rolling_work_table,G0334,333,/mnt/zsn/data/particulate/datasets/PV-A/renders/uniform531_studio_256_v1,,/mnt/zsn/data/particulate/datasets/PV-A/renders/uniform531_studio_256_v1/G0334__pictureX_0611_Industrial_rolling_work_table__seed_0000.png,87343,2f40b8c47ebdba5f5bd7d63d548c617b32cc5813fda4c85760ba0d3e064dd1d1,#bf3eda
PV0335,pictureX_0611_ironing_board2,G0335,334,/mnt/zsn/data/particulate/datasets/PV-A/renders/uniform531_studio_256_v1,,/mnt/zsn/data/particulate/datasets/PV-A/renders/uniform531_studio_256_v1/G0335__pictureX_0611_ironing_board2__seed_0000.png,82090,9114b09cd2fe522bb273b9fe7bf39b0eb9ec2acd6d4b553a563f610a77c02b1e,#34da8e
PV0336,pictureX_0611_juicer_press_with_handle,G0336,335,/mnt/zsn/data/particulate/datasets/PV-A/renders/uniform531_studio_256_v1,,/mnt/zsn/data/particulate/datasets/PV-A/renders/uniform531_studio_256_v1/G0336__pictureX_0611_juicer_press_with_handle__seed_0000.png,76652,8115447f5525d21f75efe313526aff09f34d8e9d391819b58cf2a45425ec793d,#eb8463
PV0337,pictureX_0611_kitchen_cabinet,G0337,336,/mnt/zsn/data/particulate/datasets/PV-A/renders/uniform531_studio_256_v1,,/mnt/zsn/data/particulate/datasets/PV-A/renders/uniform531_studio_256_v1/G0337__pictureX_0611_kitchen_cabinet__seed_0000.png,90637,56c2cba66a8908a742a67709ec6cb947003ce3e01d41220b99078fe7371b0e26,#585eeb
PV0338,pictureX_0611_Kitchen_set,G0338,337,/mnt/zsn/data/particulate/datasets/PV-A/renders/uniform531_studio_256_v1,,/mnt/zsn/data/particulate/datasets/PV-A/renders/uniform531_studio_256_v1/G0338__pictureX_0611_Kitchen_set__seed_0000.png,86271,1515e7f525f70a0ed10f3866b1753d8c34c3f658d9d96b9a0e23be03dd61f4d3,#82eb4d
PV0339,pictureX_0611_laser_level_tripod,G0339,338,/mnt/zsn/data/particulate/datasets/PV-A/renders/uniform531_studio_256_v1,,/mnt/zsn/data/particulate/datasets/PV-A/renders/uniform531_studio_256_v1/G0339__pictureX_0611_laser_level_tripod__seed_0000.png,75498,78b4be56d75a2fc3c22886e0967c800542d6a58f5bdeb629e97a72ed411a4745,#eb43ac
PV0340,pictureX_0611_lazy_susan,G0340,339,/mnt/zsn/data/particulate/datasets/PV-A/renders/uniform531_studio_256_v1,,/mnt/zsn/data/particulate/datasets/PV-A/renders/uniform531_studio_256_v1/G0340__pictureX_0611_lazy_susan__seed_0000.png,78259,c020b107eb4c15d4f80d9a83002cc4d62777c703534f0c6aeedfc203001120f3,#38dceb
PV0341,pictureX_0611_Lid_opener,G0341,340,/mnt/zsn/data/particulate/datasets/PV-A/renders/uniform531_studio_256_v1,,/mnt/zsn/data/particulate/datasets/PV-A/renders/uniform531_studio_256_v1/G0341__pictureX_0611_Lid_opener__seed_0000.png,73182,c94be547754b0225fbcf8ecc44ace6d0fb0cacd87302a3b2653871f16b31d4ff,#b8a14d
PV0342,pictureX_0611_linear_bearing_slide_with_rail,G0342,341,/mnt/zsn/data/particulate/datasets/PV-A/renders/uniform531_studio_256_v1,,/mnt/zsn/data/particulate/datasets/PV-A/renders/uniform531_studio_256_v1/G0342__pictureX_0611_linear_bearing_slide_with_rail__seed_0000.png,70244,50d12c535f2c438f4d8906fcdfc4bf6cada99613561f0b9f06f2b839fb27c6dc,#7e45b8
PV0343,pictureX_0611_Locker_box,G0343,342,/mnt/zsn/data/particulate/datasets/PV-A/renders/uniform531_studio_256_v1,,/mnt/zsn/data/particulate/datasets/PV-A/renders/uniform531_studio_256_v1/G0343__pictureX_0611_Locker_box__seed_0000.png,74318,89ef2e32199eff7ef751aa25f5af2c4be764c091f58afbb7807ec0f5d1f561a5,#3db856
PV0344,pilers_cutting_pliers,G0344,343,/mnt/zsn/data/particulate/datasets/PV-A/renders/uniform531_studio_256_v1,,/mnt/zsn/data/particulate/datasets/PV-A/renders/uniform531_studio_256_v1/G0344__pilers_cutting_pliers__seed_0000.png,77012,f25fd11e153f4628ece7179f2573ce4d5f787dce6042b665564f67e8c280eb20,#b83440
PV0345,pilers_fencing_pliers,G0345,344,/mnt/zsn/data/particulate/datasets/PV-A/renders/uniform531_studio_256_v1,,/mnt/zsn/data/particulate/datasets/PV-A/renders/uniform531_studio_256_v1/G0345__pilers_fencing_pliers__seed_0000.png,72074,1fa188af7661d449859b9ba3ee8dd6bb0a78538bdeca213f82278fe891e57242,#2c61b8
PV0346,pilers_linesman_pliers,G0346,345,/mnt/zsn/data/particulate/datasets/PV-A/renders/uniform531_studio_256_v1,,/mnt/zsn/data/particulate/datasets/PV-A/renders/uniform531_studio_256_v1/G0346__pilers_linesman_pliers__seed_0000.png,74206,f1961e19f0d9c76baebfe85af83001d376034e25610965ee2460b2a2bda4444c,#a2c954
PV0347,pilers_locking_pliers,G0347,346,/mnt/zsn/data/particulate/datasets/PV-A/renders/uniform531_studio_256_v1,,/mnt/zsn/data/particulate/datasets/PV-A/renders/uniform531_studio_256_v1/G0347__pilers_locking_pliers__seed_0000.png,75351,ee6de1b6f6b02714bee85f79d76a9ff2a70af502c442ea23c190388901ff4b3d,#c94bc4
PV0348,pilers_needle_nose_pliers,G0348,347,/mnt/zsn/data/particulate/datasets/PV-A/renders/uniform531_studio_256_v1,,/mnt/zsn/data/particulate/datasets/PV-A/renders/uniform531_studio_256_v1/G0348__pilers_needle_nose_pliers__seed_0000.png,71054,057ed0eda18b3c9e9662915a59ad9e7deb373cfe2e06ceededf7430c7630f461,#42c9a7
PV0349,pilers_slip_joint_pliers,G0349,348,/mnt/zsn/data/particulate/datasets/PV-A/renders/uniform531_studio_256_v1,,/mnt/zsn/data/particulate/datasets/PV-A/renders/uniform531_studio_256_v1/G0349__pilers_slip_joint_pliers__seed_0000.png,70789,cbc14f9b94a4249fc15d44de831abb8993d86749cc0fbcbf711df77e5238b01d,#c97a39
PV0350,pilers_tongue_groove_pliers,G0350,349,/mnt/zsn/data/particulate/datasets/PV-A/renders/uniform531_studio_256_v1,,/mnt/zsn/data/particulate/datasets/PV-A/renders/uniform531_studio_256_v1/G0350__pilers_tongue_groove_pliers__seed_0000.png,76624,8d669b595c600ffd614042e306191bf38f3b7108d07e0f2e58ef110c78445e05,#4930c9
PV0351,pilers_wire_strippers,G0351,350,/mnt/zsn/data/particulate/datasets/PV-A/renders/uniform531_studio_256_v1,,/mnt/zsn/data/particulate/datasets/PV-A/renders/uniform531_studio_256_v1/G0351__pilers_wire_strippers__seed_0000.png,75339,2940b01faf9899f5e0628396875dc94d7687780163910884c63052f7842a3a92,#6cda5b
PV0352,platform_cart,G0352,351,/mnt/zsn/data/particulate/datasets/PV-A/renders/uniform531_studio_256_v1,,/mnt/zsn/data/particulate/datasets/PV-A/renders/uniform531_studio_256_v1/G0352__platform_cart__seed_0000.png,77707,328f21f43c867e67323798144317a6a6755aa20dce28943a8a7185cfa2f897e1,#da528b
PV0353,Playground_playground_chair_swing_carousel,G0353,352,/mnt/zsn/data/particulate/datasets/PV-A/renders/uniform531_studio_256_v1,,/mnt/zsn/data/particulate/datasets/PV-A/renders/uniform531_studio_256_v1/G0353__Playground_playground_chair_swing_carousel__seed_0000.png,76924,1592d434cd95ef6f6ab67e7c67b2ce0e93e4eaff4eec951e199832eb0f98a350,#48b0da
PV0354,Playground_playground_merry_go_round,G0354,353,/mnt/zsn/data/particulate/datasets/PV-A/renders/uniform531_studio_256_v1,,/mnt/zsn/data/particulate/datasets/PV-A/renders/uniform531_studio_256_v1/G0354__Playground_playground_merry_go_round__seed_0000.png,79790,141ca37d22a97a0d596946a8f6cf1dea63d801c4cc33930d4ebc1df507ac26f7,#dad93e
PV0355,Playground_Seesaw,G0355,354,/mnt/zsn/data/particulate/datasets/PV-A/renders/uniform531_studio_256_v1,,/mnt/zsn/data/particulate/datasets/PV-A/renders/uniform531_studio_256_v1/G0355__Playground_Seesaw__seed_0000.png,73083,b9883b251d6c47db3990d9ba5b6347fb44bfd9bf307a67e371fb5b0a404e640d,#a934da
PV0356,Playground_swing,G0356,355,/mnt/zsn/data/particulate/datasets/PV-A/renders/uniform531_studio_256_v1,,/mnt/zsn/data/particulate/datasets/PV-A/renders/uniform531_studio_256_v1/G0356__Playground_swing__seed_0000.png,84809,f9069829b7244e2769c5436d88b52ce282a252f8329506d87c02e807ff421d6c,#63eb9b
PV0357,playground_swing,G0357,356,/mnt/zsn/data/particulate/datasets/PV-A/renders/uniform531_studio_256_v1,,/mnt/zsn/data/particulate/datasets/PV-A/renders/uniform531_studio_256_v1/G0357__playground_swing__seed_0000.png,85079,e9d7179f850fd8104b9f634f0c0203de3fa8547cfd49de19165eb53768dce621,#eb6a58
PV0358,Playground_swing_circular,G0358,357,/mnt/zsn/data/particulate/datasets/PV-A/renders/uniform531_studio_256_v1,,/mnt/zsn/data/particulate/datasets/PV-A/renders/uniform531_studio_256_v1/G0358__Playground_swing_circular__seed_0000.png,79249,b0334aac927cd2b06e23affda813d5344c94df3e59e58bac0b11cfd55277a0a8,#4d68eb
PV0359,point_of_sale_terminal,G0359,358,/mnt/zsn/data/particulate/datasets/PV-A/renders/uniform531_studio_256_v1,,/mnt/zsn/data/particulate/datasets/PV-A/renders/uniform531_studio_256_v1/G0359__point_of_sale_terminal__seed_0000.png,84225,77e00201a1bda9af81e0154ecf63afd08d2732f98e57fe3e6f995e67f255754e,#91eb43
PV0360,Powertools_angle_grinder,G0360,359,/mnt/zsn/data/particulate/datasets/PV-A/renders/uniform531_studio_256_v1,,/mnt/zsn/data/particulate/datasets/PV-A/renders/uniform531_studio_256_v1/G0360__Powertools_angle_grinder__seed_0000.png,74589,8e94b58daa9b7f84a0c0722fcf47d3158e497764d38469be22ce771cc156bf7a,#eb38bf
PV0361,Powertools_drill,G0361,360,/mnt/zsn/data/particulate/datasets/PV-A/renders/uniform531_studio_256_v1,,/mnt/zsn/data/particulate/datasets/PV-A/renders/uniform531_studio_256_v1/G0361__Powertools_drill__seed_0000.png,80855,f23b3c296e6f89d0d5cdd9c59414c6f697b8c7813c95da7b2dc86fa01793e3be,#4db8b3
PV0362,Powertools_Lawn_mower,G0362,361,/mnt/zsn/data/particulate/datasets/PV-A/renders/uniform531_studio_256_v1,,/mnt/zsn/data/particulate/datasets/PV-A/renders/uniform531_studio_256_v1/G0362__Powertools_Lawn_mower__seed_0000.png,77157,42cb647acaa38352b2e44c441d546aef4026fff1670ba593a313c726a045d494,#b89145
PV0363,projector,G0363,362,/mnt/zsn/data/particulate/datasets/PV-A/renders/uniform531_studio_256_v1,,/mnt/zsn/data/particulate/datasets/PV-A/renders/uniform531_studio_256_v1/G0363__projector__seed_0000.png,86530,b89ff446a7b9d1d9573a2c6b1023818b7f7b5b2431fb9527d69e4e96fd828784,#6a3db8
PV0364,protractor_with_swing_arm,G0364,363,/mnt/zsn/data/particulate/datasets/PV-A/renders/uniform531_studio_256_v1,,/mnt/zsn/data/particulate/datasets/PV-A/renders/uniform531_studio_256_v1/G0364__protractor_with_swing_arm__seed_0000.png,66992,c12f0be85c0fc361ab6171c90429cdc738015a4a5c1e0bd180e5d8b83357b081,#34b83f
PV0365,pulley,G0365,364,/mnt/zsn/data/particulate/datasets/PV-A/renders/uniform531_studio_256_v1,,/mnt/zsn/data/particulate/datasets/PV-A/renders/uniform531_studio_256_v1/G0365__pulley__seed_0000.png,83777,d885e7bf321407de0580379fe09c7d7b1814744c323d0a1f6ca52002d0223e63,#b82c4a
PV0366,pushpull_plunger_chain,G0366,365,/mnt/zsn/data/particulate/datasets/PV-A/renders/uniform531_studio_256_v1,,/mnt/zsn/data/particulate/datasets/PV-A/renders/uniform531_studio_256_v1/G0366__pushpull_plunger_chain__seed_0000.png,79040,b9ecae5cb4795984da8a4d155cb8e7a39be54c9ca82813ec5e09da98f193be90,#548fc9
PV0367,rabbit_hutch,G0367,366,/mnt/zsn/data/particulate/datasets/PV-A/renders/uniform531_studio_256_v1,,/mnt/zsn/data/particulate/datasets/PV-A/renders/uniform531_studio_256_v1/G0367__rabbit_hutch__seed_0000.png,89852,6c44af1142fc95dceea6265a5b3a4c5c27c4e995e082bbc99e5e1a08ee9d82bb,#afc94b
PV0368,rack_and_pinion_slider,G0368,367,/mnt/zsn/data/particulate/datasets/PV-A/renders/uniform531_studio_256_v1,,/mnt/zsn/data/particulate/datasets/PV-A/renders/uniform531_studio_256_v1/G0368__rack_and_pinion_slider__seed_0000.png,84333,d13253ec0c86c64317c114d7d3486bb460f235d964192490d9489dd41e588f75,#bd42c9
PV0369,ratchet_strap,G0369,368,/mnt/zsn/data/particulate/datasets/PV-A/renders/uniform531_studio_256_v1,,/mnt/zsn/data/particulate/datasets/PV-A/renders/uniform531_studio_256_v1/G0369__ratchet_strap__seed_0000.png,75747,9680bdc4d0ba95576537ba12684d7d7d124746cbeb79e1efe7a864f34bf3b11c,#39c992
PV0370,refrigerator_with_hinged_doors,G0370,369,/mnt/zsn/data/particulate/datasets/PV-A/renders/uniform531_studio_256_v1,,/mnt/zsn/data/particulate/datasets/PV-A/renders/uniform531_studio_256_v1/G0370__refrigerator_with_hinged_doors__seed_0000.png,75943,7f136be3c771d706a33d403ede4762abfa5d34bad9af115b6281dc70b01c4946,#c96230
PV0371,remote_weapon_station,G0371,370,/mnt/zsn/data/particulate/datasets/PV-A/renders/uniform531_studio_256_v1,,/mnt/zsn/data/particulate/datasets/PV-A/renders/uniform531_studio_256_v1/G0371__remote_weapon_station__seed_0000.png,85200,e195f95bf5ac5f94f849e60d5258ce5b24ec9877ea5efa519703bb5660918f72,#605bda
PV0372,retractable_patio_awning,G0372,371,/mnt/zsn/data/particulate/datasets/PV-A/renders/uniform531_studio_256_v1,,/mnt/zsn/data/particulate/datasets/PV-A/renders/uniform531_studio_256_v1/G0372__retractable_patio_awning__seed_0000.png,78285,225f0c660466b3db103d8ce8dbc6167c19c93d8aa34e4af9da89ff857f16ba8d,#74da52
PV0373,retractable_utility_knife,G0373,372,/mnt/zsn/data/particulate/datasets/PV-A/renders/uniform531_studio_256_v1,,/mnt/zsn/data/particulate/datasets/PV-A/renders/uniform531_studio_256_v1/G0373__retractable_utility_knife__seed_0000.png,79528,8b096433300644475048a56f7291823c4c922c0d8c826ab42733a57ab9e31280,#da4898
PV0374,revolving_door,G0374,373,/mnt/zsn/data/particulate/datasets/PV-A/renders/uniform531_studio_256_v1,,/mnt/zsn/data/particulate/datasets/PV-A/renders/uniform531_studio_256_v1/G0374__revolving_door__seed_0000.png,81275,acef6c3a3b23862aa198d0d8271464295e348cda4ed20e98936d5b9a3f621709,#3ec1da
PV0375,ring_blinder,G0375,374,/mnt/zsn/data/particulate/datasets/PV-A/renders/uniform531_studio_256_v1,,/mnt/zsn/data/particulate/datasets/PV-A/renders/uniform531_studio_256_v1/G0375__ring_blinder__seed_0000.png,75963,d72f1c712b448e784a378f375963542894c1532252cc941a1b8edd6067f53529,#dac434
PV0376,riot_shield,G0376,375,/mnt/zsn/data/particulate/datasets/PV-A/renders/uniform531_studio_256_v1,,/mnt/zsn/data/particulate/datasets/PV-A/renders/uniform531_studio_256_v1/G0376__riot_shield__seed_0000.png,87826,2d9df188d3720e1aadf55ed3611ce180c3b1e34f6b47d3b8832fac3c4da76d39,#b163eb
PV0377,rivet_squeeze,G0377,376,/mnt/zsn/data/particulate/datasets/PV-A/renders/uniform531_studio_256_v1,,/mnt/zsn/data/particulate/datasets/PV-A/renders/uniform531_studio_256_v1/G0377__rivet_squeeze__seed_0000.png,75718,7b5691b5d50448bcb3839a20f92dd5a50bac9a9853d63f78dacd0f8bf3a5af75,#58eb82
PV0378,rivet_squeeze1,G0378,377,/mnt/zsn/data/particulate/datasets/PV-A/renders/uniform531_studio_256_v1,,/mnt/zsn/data/particulate/datasets/PV-A/renders/uniform531_studio_256_v1/G0378__rivet_squeeze1__seed_0000.png,74150,f40fb8c8841d1ffd262868dbce0509ed651b21b216991250946f34eb3326fb26,#eb4d4f
PV0379,robotic_arms,G0379,378,/mnt/zsn/data/particulate/datasets/PV-A/renders/uniform531_studio_256_v1,,/mnt/zsn/data/particulate/datasets/PV-A/renders/uniform531_studio_256_v1/G0379__robotic_arms__seed_0000.png,77321,4fdd557a7aabe6c1b90b6ea6a3b6718d0dfc838f15fb7f97b55ceb9a9e7ae67d,#4375eb
PV0380,robotic_leg,G0380,379,/mnt/zsn/data/particulate/datasets/PV-A/renders/uniform531_studio_256_v1,,/mnt/zsn/data/particulate/datasets/PV-A/renders/uniform531_studio_256_v1/G0380__robotic_leg__seed_0000.png,77700,857c4eda3aa49fc5d2773e4c435280bb6a0673eb212836512c14e651361ed050,#a2eb38
PV0381,roller_conveyor,G0381,380,/mnt/zsn/data/particulate/datasets/PV-A/renders/uniform531_studio_256_v1,,/mnt/zsn/data/particulate/datasets/PV-A/renders/uniform531_studio_256_v1/G0381__roller_conveyor__seed_0000.png,83023,535003709bbfce55692a02d27bc678d7067156af9c4db7c14f605b7d3a5018af,#b84dab
PV0382,rolling_toolbox_with_telescoping_handle,G0382,381,/mnt/zsn/data/particulate/datasets/PV-A/renders/uniform531_studio_256_v1,,/mnt/zsn/data/particulate/datasets/PV-A/renders/uniform531_studio_256_v1/G0382__rolling_toolbox_with_telescoping_handle__seed_0000.png,80372,364107c5e05604024b5d42a73e9aaee89cb92cf2e96ffcdb9d782ed258597878,#45b8a4
PV0383,rope_pulley,G0383,382,/mnt/zsn/data/particulate/datasets/PV-A/renders/uniform531_studio_256_v1,,/mnt/zsn/data/particulate/datasets/PV-A/renders/uniform531_studio_256_v1/G0383__rope_pulley__seed_0000.png,77524,a9b2df300dafa527ce7cd74a59f208226c8ae431734ead449dd2afb39cbdd489,#b87e3d
PV0384,rotary_table_with_tilting_trunnion,G0384,383,/mnt/zsn/data/particulate/datasets/PV-A/renders/uniform531_studio_256_v1,,/mnt/zsn/data/particulate/datasets/PV-A/renders/uniform531_studio_256_v1/G0384__rotary_table_with_tilting_trunnion__seed_0000.png,82769,5f7e8a35e64777e27dfea5645ef52ccf31e881e6d0466df29a980e81dd50683c,#5434b8
PV0385,rotating_observatory_dome,G0385,384,/mnt/zsn/data/particulate/datasets/PV-A/renders/uniform531_studio_256_v1,,/mnt/zsn/data/particulate/datasets/PV-A/renders/uniform531_studio_256_v1/G0385__rotating_observatory_dome__seed_0000.png,77191,33b8fd81d858010c1a28381f7e5140ee5952f768006fde44a9a0251533da503e,#33b82c
PV0386,round_cabinet,G0386,385,/mnt/zsn/data/particulate/datasets/PV-A/renders/uniform531_studio_256_v1,,/mnt/zsn/data/particulate/datasets/PV-A/renders/uniform531_studio_256_v1/G0386__round_cabinet__seed_0000.png,84426,748fed7ad68d7e9544f5422fe341f05f32a254c10d172127fb422d4bbc9d20c9,#c9547c
PV0387,sailboat_winch_with_pawl_and_handle,G0387,386,/mnt/zsn/data/particulate/datasets/PV-A/renders/uniform531_studio_256_v1,,/mnt/zsn/data/particulate/datasets/PV-A/renders/uniform531_studio_256_v1/G0387__sailboat_winch_with_pawl_and_handle__seed_0000.png,83132,c5733757876873aa32c195c08c9db0ca1526edc7a33350be19e1d5842c23a0ed,#4b9bc9
PV0388,satellite_with_articulated_solar_panels,G0388,387,/mnt/zsn/data/particulate/datasets/PV-A/renders/uniform531_studio_256_v1,,/mnt/zsn/data/particulate/datasets/PV-A/renders/uniform531_studio_256_v1/G0388__satellite_with_articulated_solar_panels__seed_0000.png,84366,5abea0837fb3e438be6662d7606878347304f0fcba7c4f53a235a22dd461dbf7,#bfc942
PV0389,scanner,G0389,388,/mnt/zsn/data/particulate/datasets/PV-A/renders/uniform531_studio_256_v1,,/mnt/zsn/data/particulate/datasets/PV-A/renders/uniform531_studio_256_v1/G0389__scanner__seed_0000.png,77449,fa2e69cf3f7e492398549837160f4f2bee681bf8518c7e94a8426df1810c7e9b,#a939c9
PV0390,Science_Capsule,G0390,389,/mnt/zsn/data/particulate/datasets/PV-A/renders/uniform531_studio_256_v1,,/mnt/zsn/data/particulate/datasets/PV-A/renders/uniform531_studio_256_v1/G0390__Science_Capsule__seed_0000.png,73770,180e535c8af68f0b24975e575a448b01271a527ca09ce99c9176798c8ceb9112,#30c97b
PV0391,Science_Dental_setup,G0391,390,/mnt/zsn/data/particulate/datasets/PV-A/renders/uniform531_studio_256_v1,,/mnt/zsn/data/particulate/datasets/PV-A/renders/uniform531_studio_256_v1/G0391__Science_Dental_setup__seed_0000.png,83306,ac6b6728624b8b42b5603108ed2bc4e74bf2fe430ada8b85b7fbe547bd79f393,#da755b
PV0392,Science_First_aid_cabinet,G0392,391,/mnt/zsn/data/particulate/datasets/PV-A/renders/uniform531_studio_256_v1,,/mnt/zsn/data/particulate/datasets/PV-A/renders/uniform531_studio_256_v1/G0392__Science_First_aid_cabinet__seed_0000.png,73374,17366f158c337781b5064aa5414b9a44f5e9160bad35091cc351a3b536f48068,#525eda
PV0393,Science_microscope,G0393,392,/mnt/zsn/data/particulate/datasets/PV-A/renders/uniform531_studio_256_v1,,/mnt/zsn/data/particulate/datasets/PV-A/renders/uniform531_studio_256_v1/G0393__Science_microscope__seed_0000.png,81425,a7f3b482ade4f714e927e0c17c914d844d98cc0aa7ed094fa15b52e62accbec0,#80da48
PV0394,Science_Surgical_bed,G0394,393,/mnt/zsn/data/particulate/datasets/PV-A/renders/uniform531_studio_256_v1,,/mnt/zsn/data/particulate/datasets/PV-A/renders/uniform531_studio_256_v1/G0394__Science_Surgical_bed__seed_0000.png,81834,682faa2c367dda33b31d115b90aeae4916cabb99bbe716685e2f896290d16889,#da3ea7
PV0395,Science_Surgical_chair,G0395,394,/mnt/zsn/data/particulate/datasets/PV-A/renders/uniform531_studio_256_v1,,/mnt/zsn/data/particulate/datasets/PV-A/renders/uniform531_studio_256_v1/G0395__Science_Surgical_chair__seed_0000.png,82119,96fe4c31bd043c89580e77b81270adb7811cf4bca8bdb74bc590e1f81c39da99,#34d4da
PV0396,Science_Syringe,G0396,395,/mnt/zsn/data/particulate/datasets/PV-A/renders/uniform531_studio_256_v1,,/mnt/zsn/data/particulate/datasets/PV-A/renders/uniform531_studio_256_v1/G0396__Science_Syringe__seed_0000.png,70807,68b0d63e1511b30ef291c6d947389092714e6d840a8f71b0fcb4da84ca5b42e3,#ebc763
PV0397,screwcap_bottle,G0397,396,/mnt/zsn/data/particulate/datasets/PV-A/renders/uniform531_studio_256_v1,,/mnt/zsn/data/particulate/datasets/PV-A/renders/uniform531_studio_256_v1/G0397__screwcap_bottle__seed_0000.png,71265,04c3bb1def1bfd4f9092e7e2c196603c03438193ff89b064ce62b98e02489ac1,#9a58eb
PV0398,screwin_light_bulb_with_socket,G0398,397,/mnt/zsn/data/particulate/datasets/PV-A/renders/uniform531_studio_256_v1,,/mnt/zsn/data/particulate/datasets/PV-A/renders/uniform531_studio_256_v1/G0398__screwin_light_bulb_with_socket__seed_0000.png,81446,95cae235329cb010dace5e8ff0ff69d7dc0314517d69a651c07e1e8f4bce4e13,#4deb66
PV0399,searchlight_tower,G0399,398,/mnt/zsn/data/particulate/datasets/PV-A/renders/uniform531_studio_256_v1,,/mnt/zsn/data/particulate/datasets/PV-A/renders/uniform531_studio_256_v1/G0399__searchlight_tower__seed_0000.png,79410,e79ad47a3f62c64e50b4438a264bf7602b25219545beb3f67afb8cd35a3b56cb,#eb4359
PV0400,seed_spreader,G0400,399,/mnt/zsn/data/particulate/datasets/PV-A/renders/uniform531_studio_256_v1,,/mnt/zsn/data/particulate/datasets/PV-A/renders/uniform531_studio_256_v1/G0400__seed_spreader__seed_0000.png,88428,c18c1b30ade50f71977a8da66d20625b3bbea7f5353d63b80b6ae8a9451b0662,#3884eb
PV0401,seeder,G0401,400,/mnt/zsn/data/particulate/datasets/PV-A/renders/uniform531_studio_256_v1,,/mnt/zsn/data/particulate/datasets/PV-A/renders/uniform531_studio_256_v1/G0401__seeder__seed_0000.png,80536,a3ccf36b0449b995063bc9284ce73368b02c65052c4e2d20262787b4a2871c42,#9ab84d
PV0402,serial_elbow_arm,G0402,401,/mnt/zsn/data/particulate/datasets/PV-A/renders/uniform531_studio_256_v1,,/mnt/zsn/data/particulate/datasets/PV-A/renders/uniform531_studio_256_v1/G0402__serial_elbow_arm__seed_0000.png,77278,b08f3050f29317b35fdb52339f94de3c54fe46114689a2075cc3241f59dd8d93,#b645b8
PV0403,sewing_machine,G0403,402,/mnt/zsn/data/particulate/datasets/PV-A/renders/uniform531_studio_256_v1,,/mnt/zsn/data/particulate/datasets/PV-A/renders/uniform531_studio_256_v1/G0403__sewing_machine__seed_0000.png,78292,ea39b1becc3ad0d1b9873bd717628c4dd87aa7b86d7e313412469bee3821496a,#3db892
PV0404,shelving_unit_with_adjustable_shelves,G0404,403,/mnt/zsn/data/particulate/datasets/PV-A/renders/uniform531_studio_256_v1,,/mnt/zsn/data/particulate/datasets/PV-A/renders/uniform531_studio_256_v1/G0404__shelving_unit_with_adjustable_shelves__seed_0000.png,97069,e1579e0955e76896b641c185704480efa3c2629535b5f72c66b91f4f1e3770e6,#b86a34
PV0405,shelving_unit_with_folding_shelves,G0405,404,/mnt/zsn/data/particulate/datasets/PV-A/renders/uniform531_studio_256_v1,,/mnt/zsn/data/particulate/datasets/PV-A/renders/uniform531_studio_256_v1/G0405__shelving_unit_with_folding_shelves__seed_0000.png,81400,c58c33af5e6b2038b6783f33e9012a93297b2fd2332c6e7f8e5859aa06aae25f,#3c2cb8
PV0406,shoulderelbowwrist_arm,G0406,405,/mnt/zsn/data/particulate/datasets/PV-A/renders/uniform531_studio_256_v1,,/mnt/zsn/data/particulate/datasets/PV-A/renders/uniform531_studio_256_v1/G0406__shoulderelbowwrist_arm__seed_0000.png,73673,c14c457c9c2a7f0cf9fb805e1faf5bc18ce31f42764229840a8de3bf83779db1,#69c954
PV0407,Sign_sign,G0407,406,/mnt/zsn/data/particulate/datasets/PV-A/renders/uniform531_studio_256_v1,,/mnt/zsn/data/particulate/datasets/PV-A/renders/uniform531_studio_256_v1/G0407__Sign_sign__seed_0000.png,82506,71cb01cf4456ac0d934de191e6a8c6d0171e8be15732ac0c3fda88dea0f4bd28,#c94b86
PV0408,simple_aframe_step_ladder,G0408,407,/mnt/zsn/data/particulate/datasets/PV-A/renders/uniform531_studio_256_v1,,/mnt/zsn/data/particulate/datasets/PV-A/renders/uniform531_studio_256_v1/G0408__simple_aframe_step_ladder__seed_0000.png,79994,f7708a52990b9ec0558f371f5662ab0f41cf142ed042abc77be9f918d845bcfe,#42a8c9
PV0409,simple_drying_rack,G0409,408,/mnt/zsn/data/particulate/datasets/PV-A/renders/uniform531_studio_256_v1,,/mnt/zsn/data/particulate/datasets/PV-A/renders/uniform531_studio_256_v1/G0409__simple_drying_rack__seed_0000.png,78157,38010bf631d32c257df647cfd3c4fb2450e84e709c33540696d1ef10e2afcc0b,#c9c139
PV0410,single_revolute_hinge,G0410,409,/mnt/zsn/data/particulate/datasets/PV-A/renders/uniform531_studio_256_v1,,/mnt/zsn/data/particulate/datasets/PV-A/renders/uniform531_studio_256_v1/G0410__single_revolute_hinge__seed_0000.png,72436,51a90d37778ade5d9c8f8e2c1f084c67bcf0c081ddc35a43b08ddd9ef8e41649,#9430c9
PV0411,single_rotor_helicopter,G0411,410,/mnt/zsn/data/particulate/datasets/PV-A/renders/uniform531_studio_256_v1,,/mnt/zsn/data/particulate/datasets/PV-A/renders/uniform531_studio_256_v1/G0411__single_rotor_helicopter__seed_0000.png,76330,31a4281475125a78a33901c90d524a21d8097faa45e03589527924a7d2ed2537,#5bda89
PV0412,single_wheelbarrow,G0412,411,/mnt/zsn/data/particulate/datasets/PV-A/renders/uniform531_studio_256_v1,,/mnt/zsn/data/particulate/datasets/PV-A/renders/uniform531_studio_256_v1/G0412__single_wheelbarrow__seed_0000.png,83450,3dc3166a093a781e194dd66270b0d63f223ef35dbedbdbe17888c90544b47671,#da5b52
PV0413,singleleaf_drawbridge,G0413,412,/mnt/zsn/data/particulate/datasets/PV-A/renders/uniform531_studio_256_v1,,/mnt/zsn/data/particulate/datasets/PV-A/renders/uniform531_studio_256_v1/G0413__singleleaf_drawbridge__seed_0000.png,85008,31d2f304fe3b1de8f7bc92ef26bc2ad55727aebfac696e49bd00b60fcdb679e9,#4868da
PV0414,sliding_turnstile,G0414,413,/mnt/zsn/data/particulate/datasets/PV-A/renders/uniform531_studio_256_v1,,/mnt/zsn/data/particulate/datasets/PV-A/renders/uniform531_studio_256_v1/G0414__sliding_turnstile__seed_0000.png,87355,c8fa6f01a5e85baadebd8397be02c9451926c48afab58378542cc87bf9de3c05,#8eda3e
PV0415,sliding_window_classic,G0415,414,/mnt/zsn/data/particulate/datasets/PV-A/renders/uniform531_studio_256_v1,,/mnt/zsn/data/particulate/datasets/PV-A/renders/uniform531_studio_256_v1/G0415__sliding_window_classic__seed_0000.png,83337,10fb71ed04b9b7acd1d75423b8050f8b24b6b9ded9adb70e37fe745ce7b0936e,#da34b9
PV0416,sluice_gate_with_vertical_lift_panel,G0416,415,/mnt/zsn/data/particulate/datasets/PV-A/renders/uniform531_studio_256_v1,,/mnt/zsn/data/particulate/datasets/PV-A/renders/uniform531_studio_256_v1/G0416__sluice_gate_with_vertical_lift_panel__seed_0000.png,80371,6a3ea845d3029e1c580af3ea806ac066d660f4ba1a15e49279976d828e2291f0,#63ebde
PV0417,soft_pneumatic_gripper,G0417,416,/mnt/zsn/data/particulate/datasets/PV-A/renders/uniform531_studio_256_v1,,/mnt/zsn/data/particulate/datasets/PV-A/renders/uniform531_studio_256_v1/G0417__soft_pneumatic_gripper__seed_0000.png,75984,dc7a28b8393436e19641036785920cd3fdb0bd271c96d38052961a00f1cc1bb8,#ebb258
PV0418,speed_gate,G0418,417,/mnt/zsn/data/particulate/datasets/PV-A/renders/uniform531_studio_256_v1,,/mnt/zsn/data/particulate/datasets/PV-A/renders/uniform531_studio_256_v1/G0418__speed_gate__seed_0000.png,85070,e1fb7c4347ea5c0032d988e0624888bdd87360a60d100fd7db5eac859b644d02,#804deb
PV0419,Sports_Baby_cycle,G0419,418,/mnt/zsn/data/particulate/datasets/PV-A/renders/uniform531_studio_256_v1,,/mnt/zsn/data/particulate/datasets/PV-A/renders/uniform531_studio_256_v1/G0419__Sports_Baby_cycle__seed_0000.png,77240,9583047ea25e7618fe693b5156561f84bd973838b8ecd00a16c633a1fda0275b,#43eb48
PV0420,Sports_Bike,G0420,419,/mnt/zsn/data/particulate/datasets/PV-A/renders/uniform531_studio_256_v1,,/mnt/zsn/data/particulate/datasets/PV-A/renders/uniform531_studio_256_v1/G0420__Sports_Bike__seed_0000.png,81132,fe09caf59eaa69af03a67b1cafa5098d381957f4d94d0c09e5d57aa35ddae286,#eb3867
PV0421,Sports_Carabiner,G0421,420,/mnt/zsn/data/particulate/datasets/PV-A/renders/uniform531_studio_256_v1,,/mnt/zsn/data/particulate/datasets/PV-A/renders/uniform531_studio_256_v1/G0421__Sports_Carabiner__seed_0000.png,77826,e4c45ac25493c04b472b9d09ea04838a3333ca7a4d626015da3755cb5b77d1a8,#4d88b8
PV0422,Sports_Dumble,G0422,421,/mnt/zsn/data/particulate/datasets/PV-A/renders/uniform531_studio_256_v1,,/mnt/zsn/data/particulate/datasets/PV-A/renders/uniform531_studio_256_v1/G0422__Sports_Dumble__seed_0000.png,78573,0da89a6d1b6a297683998cfba58033a0f4d33c04ad98e279484ce50d3eeaee2f,#a6b845
PV0423,Sports_Exercise_bike,G0423,422,/mnt/zsn/data/particulate/datasets/PV-A/renders/uniform531_studio_256_v1,,/mnt/zsn/data/particulate/datasets/PV-A/renders/uniform531_studio_256_v1/G0423__Sports_Exercise_bike__seed_0000.png,78988,3ddec0b2e6ab94061522a01b1d3d19f50eec01e3a314e267f3c89ec76b5ca376,#a73db8
PV0424,Sports_Fidget_Spinner,G0424,423,/mnt/zsn/data/particulate/datasets/PV-A/renders/uniform531_studio_256_v1,,/mnt/zsn/data/particulate/datasets/PV-A/renders/uniform531_studio_256_v1/G0424__Sports_Fidget_Spinner__seed_0000.png,74296,5e8ba94b779ad7b060707ffc7f680e48e3794ceb5f2e1eeb91a108b7b77640cf,#34b87f
PV0425,Sports_game_console,G0425,424,/mnt/zsn/data/particulate/datasets/PV-A/renders/uniform531_studio_256_v1,,/mnt/zsn/data/particulate/datasets/PV-A/renders/uniform531_studio_256_v1/G0425__Sports_game_console__seed_0000.png,77079,9f9f1dc093b1b464ab3a3ffe61ee6a7b06a648575b266daa6cf8b5c3a8403946,#b8532c
PV0426,Sports_Karting,G0426,425,/mnt/zsn/data/particulate/datasets/PV-A/renders/uniform531_studio_256_v1,,/mnt/zsn/data/particulate/datasets/PV-A/renders/uniform531_studio_256_v1/G0426__Sports_Karting__seed_0000.png,79037,2cbe251f17041e74f4f4f3f42474d0ebd37c16165e5105d13984982907628624,#5456c9
PV0427,Sports_Roller_scates,G0427,426,/mnt/zsn/data/particulate/datasets/PV-A/renders/uniform531_studio_256_v1,,/mnt/zsn/data/particulate/datasets/PV-A/renders/uniform531_studio_256_v1/G0427__Sports_Roller_scates__seed_0000.png,87788,9aacd2908db5646a838bc0b25434f0ea8e5a4aae408af05abe10d47780b2abdc,#71c94b
PV0428,Sports_Scooter_Racer,G0428,427,/mnt/zsn/data/particulate/datasets/PV-A/renders/uniform531_studio_256_v1,,/mnt/zsn/data/particulate/datasets/PV-A/renders/uniform531_studio_256_v1/G0428__Sports_Scooter_Racer__seed_0000.png,77315,030753d8c4a3d679102ac4d2d8f231927f07c3b0b080de44f1b758a434ccaa91,#c94292
PV0429,Sports_Skateboard,G0429,428,/mnt/zsn/data/particulate/datasets/PV-A/renders/uniform531_studio_256_v1,,/mnt/zsn/data/particulate/datasets/PV-A/renders/uniform531_studio_256_v1/G0429__Sports_Skateboard__seed_0000.png,71731,d5529a4bc25f86ce4069eb3bcd86d7d6c135f20c69c663cb917a61deafc344a9,#39b9c9
PV0430,Sports_Skincare_Roller,G0430,429,/mnt/zsn/data/particulate/datasets/PV-A/renders/uniform531_studio_256_v1,,/mnt/zsn/data/particulate/datasets/PV-A/renders/uniform531_studio_256_v1/G0430__Sports_Skincare_Roller__seed_0000.png,76555,1655f77bd57c2a58dbae85dfd86aeed129d8c6169880a5954dba231feb65ccc5,#c9ad30
PV0431,Sports_Table_football,G0431,430,/mnt/zsn/data/particulate/datasets/PV-A/renders/uniform531_studio_256_v1,,/mnt/zsn/data/particulate/datasets/PV-A/renders/uniform531_studio_256_v1/G0431__Sports_Table_football__seed_0000.png,81086,47339408b5b2ca3430578b8c17be594ae5e573c5cbb24881914dc9b6fe641848,#9e5bda
PV0432,Sports_Toy_car,G0432,431,/mnt/zsn/data/particulate/datasets/PV-A/renders/uniform531_studio_256_v1,,/mnt/zsn/data/particulate/datasets/PV-A/renders/uniform531_studio_256_v1/G0432__Sports_Toy_car__seed_0000.png,79965,f72dd4dc25b3bd7d5574494d0cc4aca1176c46d0a71e4ad99a4188d4d3e92740,#52da72
PV0433,sprinkler_head_with_rotating_arms,G0433,432,/mnt/zsn/data/particulate/datasets/PV-A/renders/uniform531_studio_256_v1,,/mnt/zsn/data/particulate/datasets/PV-A/renders/uniform531_studio_256_v1/G0433__sprinkler_head_with_rotating_arms__seed_0000.png,79465,17878a5ce6122990bab06154f57708f46c0b9bfa3ec441cb9596af3ea1ec9e2c,#da4850
PV0434,Stairs_Escalator,G0434,433,/mnt/zsn/data/particulate/datasets/PV-A/renders/uniform531_studio_256_v1,,/mnt/zsn/data/particulate/datasets/PV-A/renders/uniform531_studio_256_v1/G0434__Stairs_Escalator__seed_0000.png,79783,4e0b5981d4b0768ceb493932fb133caa7e16fe231b2ee22c1d905d178a1482ae,#3e74da
PV0435,stand_mixer,G0435,434,/mnt/zsn/data/particulate/datasets/PV-A/renders/uniform531_studio_256_v1,,/mnt/zsn/data/particulate/datasets/PV-A/renders/uniform531_studio_256_v1/G0435__stand_mixer__seed_0000.png,89697,60fe4fe2ffcb52720e2865ad9a7d71673bb1f642cd2a4dd50fbad6958b7550fd,#9eda34
PV0436,standing_desk_with_synchronous_telescoping_legs_and_articulated_controls,G0436,435,/mnt/zsn/data/particulate/datasets/PV-A/renders/uniform531_studio_256_v1,,/mnt/zsn/data/particulate/datasets/PV-A/renders/uniform531_studio_256_v1/G0436__standing_desk_with_synchronous_telescoping_legs_and_articulated_controls__seed_0000.png,75505,20533bba664b76dac14e32c96099a8bc338cf2520d0c35402653a393eadbcec6,#eb63e1
PV0437,Stationary_Calculater,G0437,436,/mnt/zsn/data/particulate/datasets/PV-A/renders/uniform531_studio_256_v1,,/mnt/zsn/data/particulate/datasets/PV-A/renders/uniform531_studio_256_v1/G0437__Stationary_Calculater__seed_0000.png,76201,4390612db420e941ec75f82f4cafcff33132d823b7d79f36b08c1328ef540234,#58ebca
PV0438,Stationary_Clip,G0438,437,/mnt/zsn/data/particulate/datasets/PV-A/renders/uniform531_studio_256_v1,,/mnt/zsn/data/particulate/datasets/PV-A/renders/uniform531_studio_256_v1/G0438__Stationary_Clip__seed_0000.png,80040,66dad67cc076dc4267e57a1e8e460f1e82f0f858bbdec9491a560353ed26b25c,#eb9a4d
PV0439,Stationary_Clipboard,G0439,438,/mnt/zsn/data/particulate/datasets/PV-A/renders/uniform531_studio_256_v1,,/mnt/zsn/data/particulate/datasets/PV-A/renders/uniform531_studio_256_v1/G0439__Stationary_Clipboard__seed_0000.png,81113,a38b7f58779651274629c6591fc5bfabfd58c0bdf2126d471669fea08f5c9a02,#6343eb
PV0440,Stationary_Folder,G0440,439,/mnt/zsn/data/particulate/datasets/PV-A/renders/uniform531_studio_256_v1,,/mnt/zsn/data/particulate/datasets/PV-A/renders/uniform531_studio_256_v1/G0440__Stationary_Folder__seed_0000.png,82950,d78d9f9e2abf8d1602c247502339addb4a66090580302722b401c7c0af0f20b3,#4aeb38
PV0441,Stationary_Pen,G0441,440,/mnt/zsn/data/particulate/datasets/PV-A/renders/uniform531_studio_256_v1,,/mnt/zsn/data/particulate/datasets/PV-A/renders/uniform531_studio_256_v1/G0441__Stationary_Pen__seed_0000.png,68422,fc2587881d1feb5c53c115198ef610e95ea7c5f518cefe3267ef1779e89a4c9d,#b84d77
PV0442,Stationary_Pencil_sharpener,G0442,441,/mnt/zsn/data/particulate/datasets/PV-A/renders/uniform531_studio_256_v1,,/mnt/zsn/data/particulate/datasets/PV-A/renders/uniform531_studio_256_v1/G0442__Stationary_Pencil_sharpener__seed_0000.png,80166,da720a8e2d5f824769c111338ae6b9ef21c0bf5cd6160d9ad031a425060546f8,#4593b8
PV0443,Stationary_Scissors,G0443,442,/mnt/zsn/data/particulate/datasets/PV-A/renders/uniform531_studio_256_v1,,/mnt/zsn/data/particulate/datasets/PV-A/renders/uniform531_studio_256_v1/G0443__Stationary_Scissors__seed_0000.png,71778,19fda5b1eddb64e1c7fbecb8d10544913115c31764dafccb27779d4ea901649b,#b4b83d
PV0444,storage_cart_with_drawers_on_wheels,G0444,443,/mnt/zsn/data/particulate/datasets/PV-A/renders/uniform531_studio_256_v1,,/mnt/zsn/data/particulate/datasets/PV-A/renders/uniform531_studio_256_v1/G0444__storage_cart_with_drawers_on_wheels__seed_0000.png,83845,5624e0b5700dbe66ab3488e4e0093a1168fc7dd0cb9ec6703eb0d23f9f25d61d,#9534b8
PV0445,stretcher,G0445,444,/mnt/zsn/data/particulate/datasets/PV-A/renders/uniform531_studio_256_v1,,/mnt/zsn/data/particulate/datasets/PV-A/renders/uniform531_studio_256_v1/G0445__stretcher__seed_0000.png,86746,a2a6c324185d02e9e57a6a178c9c41ebe5c5b773d96f06c8312ac5685af45ff4,#2cb86a
PV0446,Structure_Elevator,G0446,445,/mnt/zsn/data/particulate/datasets/PV-A/renders/uniform531_studio_256_v1,,/mnt/zsn/data/particulate/datasets/PV-A/renders/uniform531_studio_256_v1/G0446__Structure_Elevator__seed_0000.png,79052,e8ad02bbb8ec5dc77e8dd536963af10f4e3a89ac9d8eee5257d0b81e73cf160b,#c96654
PV0447,studio_lamp,G0447,446,/mnt/zsn/data/particulate/datasets/PV-A/renders/uniform531_studio_256_v1,,/mnt/zsn/data/particulate/datasets/PV-A/renders/uniform531_studio_256_v1/G0447__studio_lamp__seed_0000.png,72097,c791e3500827ae65d5d052da190cd825b25d15ef601b96f2366cfac6af9dc59e,#4b5dc9
PV0448,studio_spotlight_on_yoke,G0448,447,/mnt/zsn/data/particulate/datasets/PV-A/renders/uniform531_studio_256_v1,,/mnt/zsn/data/particulate/datasets/PV-A/renders/uniform531_studio_256_v1/G0448__studio_spotlight_on_yoke__seed_0000.png,80499,854fc9c473bfbaa6b359c7c5b3e768485608c93ea17eca71c9efc56bc24e29b3,#7cc942
PV0449,table_tennis_table,G0449,448,/mnt/zsn/data/particulate/datasets/PV-A/renders/uniform531_studio_256_v1,,/mnt/zsn/data/particulate/datasets/PV-A/renders/uniform531_studio_256_v1/G0449__table_tennis_table__seed_0000.png,79022,57291147cbec807b591737a270476d85e218e190a9905bbd2aa07928a7363a20,#c939a1
PV0450,table_with_doors_and_drawers,G0450,449,/mnt/zsn/data/particulate/datasets/PV-A/renders/uniform531_studio_256_v1,,/mnt/zsn/data/particulate/datasets/PV-A/renders/uniform531_studio_256_v1/G0450__table_with_doors_and_drawers__seed_0000.png,85386,041f456d96b81b394bc613b38ebf68c2341d975b6e3e740c1610c6fa3f73cc90,#30c9c6
PV0451,table_with_drawers_no_door,G0451,450,/mnt/zsn/data/particulate/datasets/PV-A/renders/uniform531_studio_256_v1,,/mnt/zsn/data/particulate/datasets/PV-A/renders/uniform531_studio_256_v1/G0451__table_with_drawers_no_door__seed_0000.png,76055,6bf5cf547d699e14b99d9bef4497ed0230125ae82da865d803d85b2632fee526,#dab35b
PV0452,tackle_box_with_simple_hinged_lid,G0452,451,/mnt/zsn/data/particulate/datasets/PV-A/renders/uniform531_studio_256_v1,,/mnt/zsn/data/particulate/datasets/PV-A/renders/uniform531_studio_256_v1/G0452__tackle_box_with_simple_hinged_lid__seed_0000.png,75675,f124c5dc87669812bdf158160dc7a5006fdabce68e666c02d10f154e76b8a75a,#8852da
PV0453,tailor_s_dummy,G0453,452,/mnt/zsn/data/particulate/datasets/PV-A/renders/uniform531_studio_256_v1,,/mnt/zsn/data/particulate/datasets/PV-A/renders/uniform531_studio_256_v1/G0453__tailor_s_dummy__seed_0000.png,72714,c57936294828927ead6d03f4026811b6c31b411093752d4b7aab7949d28946b5,#48da58
PV0454,Technology_Audio_Device,G0454,453,/mnt/zsn/data/particulate/datasets/PV-A/renders/uniform531_studio_256_v1,,/mnt/zsn/data/particulate/datasets/PV-A/renders/uniform531_studio_256_v1/G0454__Technology_Audio_Device__seed_0000.png,92375,e070362bdc5613b27087f8a792414b07689ec9e965a7d6a8281d4ef17bbddf0f,#da3e5b
PV0455,Technology_Conference_Phone,G0455,454,/mnt/zsn/data/particulate/datasets/PV-A/renders/uniform531_studio_256_v1,,/mnt/zsn/data/particulate/datasets/PV-A/renders/uniform531_studio_256_v1/G0455__Technology_Conference_Phone__seed_0000.png,74945,4e906f9403a65a55cc03f6e52ee6860b594910fa0a490535b49105cbd7dcc243,#3483da
PV0456,Technology_Flashlight,G0456,455,/mnt/zsn/data/particulate/datasets/PV-A/renders/uniform531_studio_256_v1,,/mnt/zsn/data/particulate/datasets/PV-A/renders/uniform531_studio_256_v1/G0456__Technology_Flashlight__seed_0000.png,76894,c06f46d60d6e3310189fd16d89b21373f8ef6d36c01b35ea55751164e760cc9e,#cbeb63
PV0457,Technology_Graphics_Card,G0457,456,/mnt/zsn/data/particulate/datasets/PV-A/renders/uniform531_studio_256_v1,,/mnt/zsn/data/particulate/datasets/PV-A/renders/uniform531_studio_256_v1/G0457__Technology_Graphics_Card__seed_0000.png,86842,5cd32b75602fd1069f12629e806f7d2b8b82dbc4ab6a937cc1dcfc68bf5bf446,#e258eb
PV0458,Technology_Keyboard,G0458,457,/mnt/zsn/data/particulate/datasets/PV-A/renders/uniform531_studio_256_v1,,/mnt/zsn/data/particulate/datasets/PV-A/renders/uniform531_studio_256_v1/G0458__Technology_Keyboard__seed_0000.png,72905,8975b0f89a9dda699e1620f37b3f8468f3ba64bed886a4b9910580c1fe612b6c,#4debb3
PV0459,Technology_Laptop,G0459,458,/mnt/zsn/data/particulate/datasets/PV-A/renders/uniform531_studio_256_v1,,/mnt/zsn/data/particulate/datasets/PV-A/renders/uniform531_studio_256_v1/G0459__Technology_Laptop__seed_0000.png,92870,54fc1960d547bcd0fa02b94740e9acfde56f2be771a2f893c46202600beec580,#eb7f43
PV0460,Technology_Mobile_Phone,G0460,459,/mnt/zsn/data/particulate/datasets/PV-A/renders/uniform531_studio_256_v1,,/mnt/zsn/data/particulate/datasets/PV-A/renders/uniform531_studio_256_v1/G0460__Technology_Mobile_Phone__seed_0000.png,80944,39ba0eac5da3830b7edd9604d8e0bf227ca1b07af8846d872179c01da172b9bf,#4438eb
PV0461,Technology_Monitor,G0461,460,/mnt/zsn/data/particulate/datasets/PV-A/renders/uniform531_studio_256_v1,,/mnt/zsn/data/particulate/datasets/PV-A/renders/uniform531_studio_256_v1/G0461__Technology_Monitor__seed_0000.png,76717,372d8a382ae908f3d750eac700cb86315a053e81d09ad28cbf568abd0689f163,#65b84d
PV0462,Technology_Printer,G0462,461,/mnt/zsn/data/particulate/datasets/PV-A/renders/uniform531_studio_256_v1,,/mnt/zsn/data/particulate/datasets/PV-A/renders/uniform531_studio_256_v1/G0462__Technology_Printer__seed_0000.png,83944,a1fb2b80bf2c74e245cb07e5bf42397e9224f684a2c3f898f232d1f660ac4d25,#b84580
PV0463,Technology_Remote_Control,G0463,462,/mnt/zsn/data/particulate/datasets/PV-A/renders/uniform531_studio_256_v1,,/mnt/zsn/data/particulate/datasets/PV-A/renders/uniform531_studio_256_v1/G0463__Technology_Remote_Control__seed_0000.png,74904,8b61a86029155ac6f16dadb450830147962cd053778ede7f5e57f92181ac596e,#3da0b8
PV0464,Technology_Security_Camera,G0464,463,/mnt/zsn/data/particulate/datasets/PV-A/renders/uniform531_studio_256_v1,,/mnt/zsn/data/particulate/datasets/PV-A/renders/uniform531_studio_256_v1/G0464__Technology_Security_Camera__seed_0000.png,75152,1ce154e28b2545df529a94a296f3ba22783cc75b19c9ea74e40dc346caaa498a,#b8aa34
PV0465,Technology_Telescope,G0465,464,/mnt/zsn/data/particulate/datasets/PV-A/renders/uniform531_studio_256_v1,,/mnt/zsn/data/particulate/datasets/PV-A/renders/uniform531_studio_256_v1/G0465__Technology_Telescope__seed_0000.png,79686,b35b648d85eb9a2d57243bbe80bd6adeb9f21b02a9b47780eae960c52e955b0c,#812cb8
PV0466,telescoping_boom,G0466,465,/mnt/zsn/data/particulate/datasets/PV-A/renders/uniform531_studio_256_v1,,/mnt/zsn/data/particulate/datasets/PV-A/renders/uniform531_studio_256_v1/G0466__telescoping_boom__seed_0000.png,75256,374856aa633c397094005daf9c6db16774f253539bdadb3ce7e3cad5ba5f64ea,#54c979
PV0467,telescoping_fishing_rod,G0467,466,/mnt/zsn/data/particulate/datasets/PV-A/renders/uniform531_studio_256_v1,,/mnt/zsn/data/particulate/datasets/PV-A/renders/uniform531_studio_256_v1/G0467__telescoping_fishing_rod__seed_0000.png,70014,7954ded1f4763ce4728f3b9265c567792195d27277e25f49d858357da7ccd373,#c94e4b
PV0468,telescoping_pointer,G0468,467,/mnt/zsn/data/particulate/datasets/PV-A/renders/uniform531_studio_256_v1,,/mnt/zsn/data/particulate/datasets/PV-A/renders/uniform531_studio_256_v1/G0468__telescoping_pointer__seed_0000.png,70390,f8ef705f596bef8024497485b095506942f0a478aca6c2923c997b4162c16ce2,#4266c9
PV0469,threestage_telescoping_slide,G0469,468,/mnt/zsn/data/particulate/datasets/PV-A/renders/uniform531_studio_256_v1,,/mnt/zsn/data/particulate/datasets/PV-A/renders/uniform531_studio_256_v1/G0469__threestage_telescoping_slide__seed_0000.png,70013,d980e150d231e17441bbb98981a2d41cfbd11b923d5e977610c558fc7ded1a57,#8ac939
PV0470,tractor,G0470,469,/mnt/zsn/data/particulate/datasets/PV-A/renders/uniform531_studio_256_v1,,/mnt/zsn/data/particulate/datasets/PV-A/renders/uniform531_studio_256_v1/G0470__tractor__seed_0000.png,87749,fb0a17131caec6582d5d58e1dda3be77bf9d66621f34cef5a60537bc9fbb95a9,#c930b2
PV0471,traditional_windmill,G0471,470,/mnt/zsn/data/particulate/datasets/PV-A/renders/uniform531_studio_256_v1,,/mnt/zsn/data/particulate/datasets/PV-A/renders/uniform531_studio_256_v1/G0471__traditional_windmill__seed_0000.png,82439,ab422025e6ff9a858ebfd4f417f8a35f8a0a554ff4eef1a45e5ab892cb6c8ecb,#5bdac7
PV0472,trekking_pole_collapsible,G0472,471,/mnt/zsn/data/particulate/datasets/PV-A/renders/uniform531_studio_256_v1,,/mnt/zsn/data/particulate/datasets/PV-A/renders/uniform531_studio_256_v1/G0472__trekking_pole_collapsible__seed_0000.png,70023,e8aa2979006cb8c402b6514d4a1b86ce25470c81f8555d5c631bec5c4cf1fa3f,#da9e52
PV0473,tricycle,G0473,472,/mnt/zsn/data/particulate/datasets/PV-A/renders/uniform531_studio_256_v1,,/mnt/zsn/data/particulate/datasets/PV-A/renders/uniform531_studio_256_v1/G0473__tricycle__seed_0000.png,82378,13df4489b266612124b3be5b34c3cd00b47e6e4dd559b22bde3a097902060418,#7048da
PV0474,tripod,G0474,473,/mnt/zsn/data/particulate/datasets/PV-A/renders/uniform531_studio_256_v1,,/mnt/zsn/data/particulate/datasets/PV-A/renders/uniform531_studio_256_v1/G0474__tripod__seed_0000.png,70181,2a456fe189b4f8f6aba67652bcf7845aa516bd9da5186ed14a1caacee7b63b67,#41da3e
PV0475,trombone,G0475,474,/mnt/zsn/data/particulate/datasets/PV-A/renders/uniform531_studio_256_v1,,/mnt/zsn/data/particulate/datasets/PV-A/renders/uniform531_studio_256_v1/G0475__trombone__seed_0000.png,72489,48062adce49a5c3dbe7c77ccadb5f7b9b866534f65a65b52e0d636143770187a,#da3468
PV0476,trumpet,G0476,475,/mnt/zsn/data/particulate/datasets/PV-A/renders/uniform531_studio_256_v1,,/mnt/zsn/data/particulate/datasets/PV-A/renders/uniform531_studio_256_v1/G0476__trumpet__seed_0000.png,74252,c1bee49b848599ae15121b17e27f717f61dfbebec2d3559f73c137e309bd4cdf,#63b5eb
PV0477,tube_cutter,G0477,476,/mnt/zsn/data/particulate/datasets/PV-A/renders/uniform531_studio_256_v1,,/mnt/zsn/data/particulate/datasets/PV-A/renders/uniform531_studio_256_v1/G0477__tube_cutter__seed_0000.png,79580,9968c83d5719024ee50669326413bf9eaddc4930863d5d94c59c00d4c96ab980,#dbeb58
PV0478,turnbuckle,G0478,477,/mnt/zsn/data/particulate/datasets/PV-A/renders/uniform531_studio_256_v1,,/mnt/zsn/data/particulate/datasets/PV-A/renders/uniform531_studio_256_v1/G0478__turnbuckle__seed_0000.png,70337,516745a0ba897a3bcf910ac46765c31aea5b7f70a44e43631ba0dace7aabfa4d,#cd4deb
PV0479,turnstile_gates,G0479,478,/mnt/zsn/data/particulate/datasets/PV-A/renders/uniform531_studio_256_v1,,/mnt/zsn/data/particulate/datasets/PV-A/renders/uniform531_studio_256_v1/G0479__turnstile_gates__seed_0000.png,77617,044d4be62123fb0399e9c027484f65fec7ea74f13fd28e48b4572f2be5af8c19,#43eb9a
PV0480,turntable,G0480,479,/mnt/zsn/data/particulate/datasets/PV-A/renders/uniform531_studio_256_v1,,/mnt/zsn/data/particulate/datasets/PV-A/renders/uniform531_studio_256_v1/G0480__turntable__seed_0000.png,83701,91db1757712f8f54f3fd2d97415ee3cc36247da7f8641063ee56bd3b444bc4e9,#eb6138
PV0481,tv_cabinet,G0481,480,/mnt/zsn/data/particulate/datasets/PV-A/renders/uniform531_studio_256_v1,,/mnt/zsn/data/particulate/datasets/PV-A/renders/uniform531_studio_256_v1/G0481__tv_cabinet__seed_0000.png,87534,785c13afdc7ff54f5dd89ce34397643d4cd687bf99c9c7b067b01887e5d472aa,#4d54b8
PV0482,tv_wall_mount,G0482,481,/mnt/zsn/data/particulate/datasets/PV-A/renders/uniform531_studio_256_v1,,/mnt/zsn/data/particulate/datasets/PV-A/renders/uniform531_studio_256_v1/G0482__tv_wall_mount__seed_0000.png,82496,47e6e828781767fd4da3cd144238fbc4250457ab70a0a4cf146327d701ef2f06,#6db845
PV0483,twojoint_prismatic_chain,G0483,482,/mnt/zsn/data/particulate/datasets/PV-A/renders/uniform531_studio_256_v1,,/mnt/zsn/data/particulate/datasets/PV-A/renders/uniform531_studio_256_v1/G0483__twojoint_prismatic_chain__seed_0000.png,76198,6a9c17d106881b4cafb5ecf669baf93cc6413485e10454ab3b0a2cfefd42109d,#b83d8c
PV0484,twojoint_revolute_chain,G0484,483,/mnt/zsn/data/particulate/datasets/PV-A/renders/uniform531_studio_256_v1,,/mnt/zsn/data/particulate/datasets/PV-A/renders/uniform531_studio_256_v1/G0484__twojoint_revolute_chain__seed_0000.png,77619,f97504f4009725dcaa89cd6ed506fc3c882f134a48c36078136830ada1830eb3,#34afb8
PV0485,universal_joint,G0485,484,/mnt/zsn/data/particulate/datasets/PV-A/renders/uniform531_studio_256_v1,,/mnt/zsn/data/particulate/datasets/PV-A/renders/uniform531_studio_256_v1/G0485__universal_joint__seed_0000.png,88182,e4749776d93c03ac689655b3990fdc3c3de40f09ce09ee75fa2abd8f3c92590b,#b8982c
PV0486,Urban_Environment_bucket1,G0486,485,/mnt/zsn/data/particulate/datasets/PV-A/renders/uniform531_studio_256_v1,,/mnt/zsn/data/particulate/datasets/PV-A/renders/uniform531_studio_256_v1/G0486__Urban_Environment_bucket1__seed_0000.png,84028,c842f75ac2fcb50dc7d8613c7150fa36718361062fadc64827550757422cbe73,#8c54c9
PV0487,Urban_Environment_bucket2,G0487,486,/mnt/zsn/data/particulate/datasets/PV-A/renders/uniform531_studio_256_v1,,/mnt/zsn/data/particulate/datasets/PV-A/renders/uniform531_studio_256_v1/G0487__Urban_Environment_bucket2__seed_0000.png,83719,2d0b4491287492b85ea17c901410266063496e9030f38fd61e825af421a0307c,#4bc963
PV0488,Urban_Environment_Caster_Trolley,G0488,487,/mnt/zsn/data/particulate/datasets/PV-A/renders/uniform531_studio_256_v1,,/mnt/zsn/data/particulate/datasets/PV-A/renders/uniform531_studio_256_v1/G0488__Urban_Environment_Caster_Trolley__seed_0000.png,83476,575ff4376824fe92ad552e3259ad85e66282d892cbbca8f1b95b8494de8adbd7,#c94250
PV0489,Urban_Environment_Caster_Trolley2,G0489,488,/mnt/zsn/data/particulate/datasets/PV-A/renders/uniform531_studio_256_v1,,/mnt/zsn/data/particulate/datasets/PV-A/renders/uniform531_studio_256_v1/G0489__Urban_Environment_Caster_Trolley2__seed_0000.png,97003,97aebf7b2646ed407720b6023f5146b659a12566180c3168ef61bc31ce764002,#3972c9
PV0490,Urban_Environment_Draft_Wagon,G0490,489,/mnt/zsn/data/particulate/datasets/PV-A/renders/uniform531_studio_256_v1,,/mnt/zsn/data/particulate/datasets/PV-A/renders/uniform531_studio_256_v1/G0490__Urban_Environment_Draft_Wagon__seed_0000.png,83247,43047531e3102577f6c1689515b1d4ff2b59d49399a0c2949f8dd2142ecd9d21,#99c930
PV0491,Urban_Environment_Fire_cabinet,G0491,490,/mnt/zsn/data/particulate/datasets/PV-A/renders/uniform531_studio_256_v1,,/mnt/zsn/data/particulate/datasets/PV-A/renders/uniform531_studio_256_v1/G0491__Urban_Environment_Fire_cabinet__seed_0000.png,77927,8ab5db462d5753a17c395404679deb58d2db1c55d0b70389535f774ae9b3a034,#da5bd7
PV0492,Urban_Environment_Fire_Extinguisher,G0492,491,/mnt/zsn/data/particulate/datasets/PV-A/renders/uniform531_studio_256_v1,,/mnt/zsn/data/particulate/datasets/PV-A/renders/uniform531_studio_256_v1/G0492__Urban_Environment_Fire_Extinguisher__seed_0000.png,79234,fa6935c9818142a547a40c7496ff4c82c43574efe8ca2e0785c9bdf2ded7e4a0,#52dab5
PV0493,Urban_Environment_Fire_Hydrant,G0493,492,/mnt/zsn/data/particulate/datasets/PV-A/renders/uniform531_studio_256_v1,,/mnt/zsn/data/particulate/datasets/PV-A/renders/uniform531_studio_256_v1/G0493__Urban_Environment_Fire_Hydrant__seed_0000.png,78243,f1b18c77e9b1a33a798a09b72a9d13045e739e4c6d49782b11875e2352bb54b7,#da8748
PV0494,Urban_Environment_Garbage_bin,G0494,493,/mnt/zsn/data/particulate/datasets/PV-A/renders/uniform531_studio_256_v1,,/mnt/zsn/data/particulate/datasets/PV-A/renders/uniform531_studio_256_v1/G0494__Urban_Environment_Garbage_bin__seed_0000.png,91940,cf2b988f5bf3e020a3bbbe978ef0069673d654c85e02287f861ecc78a9906496,#553eda
PV0495,Urban_Environment_Large_Trashcan,G0495,494,/mnt/zsn/data/particulate/datasets/PV-A/renders/uniform531_studio_256_v1,,/mnt/zsn/data/particulate/datasets/PV-A/renders/uniform531_studio_256_v1/G0495__Urban_Environment_Large_Trashcan__seed_0000.png,82263,b48f27ed650ce370adfa70fb55c217674f426633a478d9b9661598dd3d498bbc,#4dda34
PV0496,Urban_Environment_Mailbox,G0496,495,/mnt/zsn/data/particulate/datasets/PV-A/renders/uniform531_studio_256_v1,,/mnt/zsn/data/particulate/datasets/PV-A/renders/uniform531_studio_256_v1/G0496__Urban_Environment_Mailbox__seed_0000.png,77375,405883328ff29d4d170454861dacf6f9ee361657b147e2d2f616275377c7262f,#eb639e
PV0497,Urban_Environment_Manhole_cover,G0497,496,/mnt/zsn/data/particulate/datasets/PV-A/renders/uniform531_studio_256_v1,,/mnt/zsn/data/particulate/datasets/PV-A/renders/uniform531_studio_256_v1/G0497__Urban_Environment_Manhole_cover__seed_0000.png,89689,5ca4d31b63037c7898e9fee378c5835f7eb8b1d4689d12e3de3d67cd2c06f8be,#58c3eb
PV0498,Urban_Environment_Phone_box,G0498,497,/mnt/zsn/data/particulate/datasets/PV-A/renders/uniform531_studio_256_v1,,/mnt/zsn/data/particulate/datasets/PV-A/renders/uniform531_studio_256_v1/G0498__Urban_Environment_Phone_box__seed_0000.png,92907,97e0cb4feb6aab2223d4129f99d03f31715d037894f37dacc04d6afc5b551d52,#ebe74d
PV0499,Urban_Environment_Public_toilet,G0499,498,/mnt/zsn/data/particulate/datasets/PV-A/renders/uniform531_studio_256_v1,,/mnt/zsn/data/particulate/datasets/PV-A/renders/uniform531_studio_256_v1/G0499__Urban_Environment_Public_toilet__seed_0000.png,81932,8511e0fed3f8ed69bba920d694e46aa908b5ced28bce39ba157bf595f3c6c254,#b643eb
PV0500,Urban_Environment_Public_toilet1,G0500,499,/mnt/zsn/data/particulate/datasets/PV-A/renders/uniform531_studio_256_v1,,/mnt/zsn/data/particulate/datasets/PV-A/renders/uniform531_studio_256_v1/G0500__Urban_Environment_Public_toilet1__seed_0000.png,73966,89e761e2fdea1a4eac81ddb9f3caa9c11d1d95ee57de904757f23b71aabddf28,#38eb7f
PV0501,Urban_Environment_Roof_antena,G0501,500,/mnt/zsn/data/particulate/datasets/PV-A/renders/uniform531_studio_256_v1,,/mnt/zsn/data/particulate/datasets/PV-A/renders/uniform531_studio_256_v1/G0501__Urban_Environment_Roof_antena__seed_0000.png,69513,132ca7d8e9abea2254500f1c14023f79e903b070353ffa56a79da97b01523b10,#b8584d
PV0502,Urban_Environment_sci_fi_satellite_dish,G0502,501,/mnt/zsn/data/particulate/datasets/PV-A/renders/uniform531_studio_256_v1,,/mnt/zsn/data/particulate/datasets/PV-A/renders/uniform531_studio_256_v1/G0502__Urban_Environment_sci_fi_satellite_dish__seed_0000.png,80953,b3f5cc04b8854a5529fcfdebdf16cd309fa0aa2d04add1a8dfec65067bb799d7,#455bb8
PV0503,Urban_Environment_Tilt_Truck1,G0503,502,/mnt/zsn/data/particulate/datasets/PV-A/renders/uniform531_studio_256_v1,,/mnt/zsn/data/particulate/datasets/PV-A/renders/uniform531_studio_256_v1/G0503__Urban_Environment_Tilt_Truck1__seed_0000.png,82446,4f9d6c1692599cff297227572eaf95aa64e6bfcfedc841b7fc6ccb9faf8cd19c,#78b83d
PV0504,Urban_Environment_Tilt_Truck2,G0504,503,/mnt/zsn/data/particulate/datasets/PV-A/renders/uniform531_studio_256_v1,,/mnt/zsn/data/particulate/datasets/PV-A/renders/uniform531_studio_256_v1/G0504__Urban_Environment_Tilt_Truck2__seed_0000.png,87543,0ea479e291ae2f0c0cd75b3a7ae694d6309c10fdd3c7ac7b7ae3eb358a01b879,#b8349a
PV0505,Urban_Environment_Trashcan1,G0505,504,/mnt/zsn/data/particulate/datasets/PV-A/renders/uniform531_studio_256_v1,,/mnt/zsn/data/particulate/datasets/PV-A/renders/uniform531_studio_256_v1/G0505__Urban_Environment_Trashcan1__seed_0000.png,84746,18bdfba24143cc8d941e50cee6f5c9bd00e05bfc075af8e3c1614d34114480a8,#2cb8ae
PV0506,Urban_Environment_Trashcan2,G0506,505,/mnt/zsn/data/particulate/datasets/PV-A/renders/uniform531_studio_256_v1,,/mnt/zsn/data/particulate/datasets/PV-A/renders/uniform531_studio_256_v1/G0506__Urban_Environment_Trashcan2__seed_0000.png,85383,b2f5251d91a01dc6326c39ba6556ed2c9d5b7f8cbec7bbf1181879134df717b5,#c99f54
PV0507,Urban_Environment_utility_box,G0507,506,/mnt/zsn/data/particulate/datasets/PV-A/renders/uniform531_studio_256_v1,,/mnt/zsn/data/particulate/datasets/PV-A/renders/uniform531_studio_256_v1/G0507__Urban_Environment_utility_box__seed_0000.png,89160,f858e83f436f579225afbd049896c9de36b10a0954288f322620632c05528206,#774bc9
PV0508,Urban_Environment_Well_lid,G0508,507,/mnt/zsn/data/particulate/datasets/PV-A/renders/uniform531_studio_256_v1,,/mnt/zsn/data/particulate/datasets/PV-A/renders/uniform531_studio_256_v1/G0508__Urban_Environment_Well_lid__seed_0000.png,85036,15de4302621f6bfe02ea8d5434a076c559b69e4f0be5e961968fbd5023c40423,#42c94a
PV0509,usb_drive_with_swivel_cover,G0509,508,/mnt/zsn/data/particulate/datasets/PV-A/renders/uniform531_studio_256_v1,,/mnt/zsn/data/particulate/datasets/PV-A/renders/uniform531_studio_256_v1/G0509__usb_drive_with_swivel_cover__seed_0000.png,78856,2e65d83d3a49bdbc0ad7b1db142e877289a590c7afc3946e1e98fe6378846b5a,#c9395b
PV0510,vane_array_with_independent_pivots,G0510,509,/mnt/zsn/data/particulate/datasets/PV-A/renders/uniform531_studio_256_v1,,/mnt/zsn/data/particulate/datasets/PV-A/renders/uniform531_studio_256_v1/G0510__vane_array_with_independent_pivots__seed_0000.png,92848,d75ab981fb77fc04afeadecc0c0c146c1273562b99f9949cc847df6b2bc6ee8d,#3080c9
PV0511,Vehicle_Sports_car,G0511,510,/mnt/zsn/data/particulate/datasets/PV-A/renders/uniform531_studio_256_v1,,/mnt/zsn/data/particulate/datasets/PV-A/renders/uniform531_studio_256_v1/G0511__Vehicle_Sports_car__seed_0000.png,85327,7e1cbc738bc98459de6db62e76b7396f4af2a1875b6947d94206bd768e60747d,#c2da5b
PV0512,waffle_maker,G0512,511,/mnt/zsn/data/particulate/datasets/PV-A/renders/uniform531_studio_256_v1,,/mnt/zsn/data/particulate/datasets/PV-A/renders/uniform531_studio_256_v1/G0512__waffle_maker__seed_0000.png,88968,0ea2c0887d56df718f455063642a4af8bab3881d9cbe413c50cac7c09cdfcd86,#cb52da
PV0513,walking_cane,G0513,512,/mnt/zsn/data/particulate/datasets/PV-A/renders/uniform531_studio_256_v1,,/mnt/zsn/data/particulate/datasets/PV-A/renders/uniform531_studio_256_v1/G0513__walking_cane__seed_0000.png,71117,cef8b26f89301b745ba84a11ab16f0ccee42d217ef3b2f1bf3f70165b4231a5c,#48da9f
PV0514,wall_safe_with_hinged_door_and_dial,G0514,513,/mnt/zsn/data/particulate/datasets/PV-A/renders/uniform531_studio_256_v1,,/mnt/zsn/data/particulate/datasets/PV-A/renders/uniform531_studio_256_v1/G0514__wall_safe_with_hinged_door_and_dial__seed_0000.png,90812,2e6bd1b53de09b73766df08dd3501b9c5d49748f83adea9fc089f811e26bfcda,#da6e3e
PV0515,watch,G0515,514,/mnt/zsn/data/particulate/datasets/PV-A/renders/uniform531_studio_256_v1,,/mnt/zsn/data/particulate/datasets/PV-A/renders/uniform531_studio_256_v1/G0515__watch__seed_0000.png,75973,1e5c2752d0633c8fa3e3edf928f6e0f3287ee015c720a86b5a4ee6e3be47a5b5,#3734da
PV0516,water_filter_pump,G0516,515,/mnt/zsn/data/particulate/datasets/PV-A/renders/uniform531_studio_256_v1,,/mnt/zsn/data/particulate/datasets/PV-A/renders/uniform531_studio_256_v1/G0516__water_filter_pump__seed_0000.png,74727,fc77a18849c15e51df84bccf75100b8d717561dbc8f7d7c3dfff447d400fd1a6,#88eb63
PV0517,watering_can,G0517,516,/mnt/zsn/data/particulate/datasets/PV-A/renders/uniform531_studio_256_v1,,/mnt/zsn/data/particulate/datasets/PV-A/renders/uniform531_studio_256_v1/G0517__watering_can__seed_0000.png,77371,7a33b396f3a101b625e94ac9e27aada68bcf39914a616fa696193efe493ed4a8,#eb58ab
PV0518,wheelbarrow,G0518,517,/mnt/zsn/data/particulate/datasets/PV-A/renders/uniform531_studio_256_v1,,/mnt/zsn/data/particulate/datasets/PV-A/renders/uniform531_studio_256_v1/G0518__wheelbarrow__seed_0000.png,79486,0c8d44579af494135ef07c135a28c03ef1689eed88a1e3793989789e19f9b808,#4dd4eb
PV0519,wheelie_bin_with_hinged_lid,G0519,518,/mnt/zsn/data/particulate/datasets/PV-A/renders/uniform531_studio_256_v1,,/mnt/zsn/data/particulate/datasets/PV-A/renders/uniform531_studio_256_v1/G0519__wheelie_bin_with_hinged_lid__seed_0000.png,78494,c1407ee4a743a7a591d8250d5178a94c01ea031c1c65358acd84085528d7538e,#ebd143
PV0520,whiteboard_easel,G0520,519,/mnt/zsn/data/particulate/datasets/PV-A/renders/uniform531_studio_256_v1,,/mnt/zsn/data/particulate/datasets/PV-A/renders/uniform531_studio_256_v1/G0520__whiteboard_easel__seed_0000.png,84815,d35d96cfb97fc4cb8bcdbd71dfd9b176df41c63e1fc6bc4d4a3b7c5dd6623ae4,#9c38eb
PV0521,wind_turbine,G0521,520,/mnt/zsn/data/particulate/datasets/PV-A/renders/uniform531_studio_256_v1,,/mnt/zsn/data/particulate/datasets/PV-A/renders/uniform531_studio_256_v1/G0521__wind_turbine__seed_0000.png,72568,3bb57d140122a622e68616e3e804ea29d8571608551eecc71b0fbc28546dd614,#4db869
PV0522,Window_Sliding_window,G0522,521,/mnt/zsn/data/particulate/datasets/PV-A/renders/uniform531_studio_256_v1,,/mnt/zsn/data/particulate/datasets/PV-A/renders/uniform531_studio_256_v1/G0522__Window_Sliding_window__seed_0000.png,88777,d7aa09295dad775adffcfa79e6428e828abbba7343c7b1ab46d29dc590bada9a,#b84548
PV0523,Window_Window,G0523,522,/mnt/zsn/data/particulate/datasets/PV-A/renders/uniform531_studio_256_v1,,/mnt/zsn/data/particulate/datasets/PV-A/renders/uniform531_studio_256_v1/G0523__Window_Window__seed_0000.png,80249,65fb64cfa9342f15ccb05033ba86909025efc627781f9ce6a4b57f2925291458,#3d64b8
PV0524,windshield_wiper_assembly,G0524,523,/mnt/zsn/data/particulate/datasets/PV-A/renders/uniform531_studio_256_v1,,/mnt/zsn/data/particulate/datasets/PV-A/renders/uniform531_studio_256_v1/G0524__windshield_wiper_assembly__seed_0000.png,73506,288b2fe96f95fce01d664058139348088aaf9496ba7de060368a58859b9e17c7,#84b834
PV0525,wine_cabinet,G0525,524,/mnt/zsn/data/particulate/datasets/PV-A/renders/uniform531_studio_256_v1,,/mnt/zsn/data/particulate/datasets/PV-A/renders/uniform531_studio_256_v1/G0525__wine_cabinet__seed_0000.png,81580,934b5da84b4a242a0da9a3d93c1d7be39188862e3f93d9bc8c57659d008c2925,#b82caa
PV0526,wine_cabinet1,G0526,525,/mnt/zsn/data/particulate/datasets/PV-A/renders/uniform531_studio_256_v1,,/mnt/zsn/data/particulate/datasets/PV-A/renders/uniform531_studio_256_v1/G0526__wine_cabinet1__seed_0000.png,78441,65ac9346a0f1f9413921b07e703bbe9779bcdc7590e01f543e7e61579d617c04,#54c9b2
PV0527,wine_cabinet2,G0527,526,/mnt/zsn/data/particulate/datasets/PV-A/renders/uniform531_studio_256_v1,,/mnt/zsn/data/particulate/datasets/PV-A/renders/uniform531_studio_256_v1/G0527__wine_cabinet2__seed_0000.png,79213,0746c90aaf553ffe8f90adae627012334c76fa43a1bfe10c9ba7c69b500e627c,#c98c4b
PV0528,wine_rack,G0528,527,/mnt/zsn/data/particulate/datasets/PV-A/renders/uniform531_studio_256_v1,,/mnt/zsn/data/particulate/datasets/PV-A/renders/uniform531_studio_256_v1/G0528__wine_rack__seed_0000.png,86265,ce7e8d0a50c6a4cb980dde9abcc06406bdfa898d0740871f794954152714e070,#6042c9
PV0529,worm_gear_and_wheel_assembly,G0529,528,/mnt/zsn/data/particulate/datasets/PV-A/renders/uniform531_studio_256_v1,,/mnt/zsn/data/particulate/datasets/PV-A/renders/uniform531_studio_256_v1/G0529__worm_gear_and_wheel_assembly__seed_0000.png,83506,c5e22a26140c41a5c43ccdad448def921638b72dd2b211edbb7f6de506d250c2,#43c939
PV0530,wrench_set,G0530,529,/mnt/zsn/data/particulate/datasets/PV-A/renders/uniform531_studio_256_v1,,/mnt/zsn/data/particulate/datasets/PV-A/renders/uniform531_studio_256_v1/G0530__wrench_set__seed_0000.png,78966,ad0026809b38f645c8d6e6c4b0438103168b36fc3db930901b8dc37bd979eba1,#c93067
PV0531,zippo_lighter,G0531,530,/mnt/zsn/data/particulate/datasets/PV-A/renders/uniform531_studio_256_v1,,/mnt/zsn/data/particulate/datasets/PV-A/renders/uniform531_studio_256_v1/G0531__zippo_lighter__seed_0000.png,74011,270165099919979581aee5980f5780af2a2727b5a55b221c9bec421c8911d1fa,#5baeda
