tsne_x,tsne_y,category,source,model_id,view_count
59.6485596,10.6230659,aerosol_can,3dw,256cab538afb0e2c24c1dae961c37e57,16
55.7632256,10.5148344,aerosol_can,3dw,2965f6268caecf604ab66e8aee61c10e,16
59.1534691,10.862915,aerosol_can,objaverse,0adc4e0dd1344d91a71a1597933db68e,16
62.579277,7.64866352,aerosol_can,objaverse,4c8af55af44c4e888fa9e3ca037f65e3,16
58.4649849,6.70119572,aerosol_can,objaverse,6dba40d87e2547d4b6f764fa36ff2bbe,16
60.2189522,7.95861912,aerosol_can,objaverse,aa77678c92814abdb22d7975c88687bf,16
59.717823,7.46281528,aerosol_can,objaverse,ef58952aec3b4a93a514f5fff5607d1a,16
58.8743172,9.11634254,aerosol_can,objaverse_xl,0c178423638bb7deb2b0eb54de7c28aa6cbb5b6704893ee00a2ae073a609f43b,16
58.0796585,7.62209225,aerosol_can,objaverse_xl,3c0eef618e1a2f4f477f648f3b74cf31f597686b84887eaac25d21d11ceb1e90,16
58.7126465,6.75980806,aerosol_can,objaverse_xl,54defceed6aa74df4b2dc35ceb3d1a00b762dcf4857104fbd3143ca4d5638d1a,16
57.6519547,8.08552551,aerosol_can,objaverse_xl,60687f522812f0ee18e8b77045420eb096eff8aaafc9a7c4f04d1fca5634d987,16
62.0414848,7.38147831,aerosol_can,objaverse_xl,66405591e063445bd68937052010c514c40013f71463f815637bfb5296044913,16
59.1461334,6.75427771,aerosol_can,objaverse_xl,c686040727519dde172ba46d69ee7ce4df4607d3e72625bcc0a7082273b4e1b9,16
58.4349365,6.62530565,aerosol_can,objaverse_xl,d35e6c5258a3dd7d4e30e17d5d4773b44a680ec4a488b9c4d66f9d2ae93cb19f,16
58.9707031,6.77640963,aerosol_can,objaverse_xl,ed0f2de2e0ab86665e80a974f15dce23ee69723d0a43cfe305fcde281790f49e,16
58.9558792,8.06368637,aerosol_can,objaverse_xl,f0c1582a186fe47d067940d1c6a82e9f91591d26e81ca514b3734b1c56a03d16,16
58.7160378,11.1539536,aerosol_can,texverse,04d1ea511812473999cad176cbc6911a_1024,16
61.9700699,2.39797306,aerosol_can,texverse,31ab421e1dbf408a99f3f95d19dd786d_1024,16
63.0389175,8.96637058,aerosol_can,texverse,463f6a9f8a76441c9d7b5ed78ac73598_1024,16
60.8921089,8.57616615,aerosol_can,texverse,678b0789336b4f05ac367a5d748509d9_1024,16
-8.92978096,20.357193,armoire,3dfModel,ab16f4ce-dc13-4694-bb5b-288c850a12aa,16
27.1395988,-23.5375099,armoire,3dfModel,f7efeaa4-5b51-416f-9f0b-33d9714b4fae,16
-46.1373863,25.5102291,armoire,3dw,2da8942b9375ced92d00acc55ae8d65,16
-48.0291519,8.33309555,armoire,3dw,5dd80ce8c9963063c8f389b1356acc7,16
-11.7074814,21.0921726,armoire,3dw,63150191888d2b57f4794440e5445196,16
-26.1804504,28.4747639,armoire,3dw,7402940980c4a422cb8fd9b8e3886ff7,16
-27.6931667,27.3141022,armoire,3dw,9b020ead02a68b5e63b8587dbb53fa73,16
-45.1761131,26.993248,armoire,3dw,b6ad99b4cc31451a2c9bcb7d372748d2,16
-28.1522903,27.4027901,armoire,3dw,baf19a5513fdeee2504b6d44202efbee,16
10.7220545,-10.955327,armoire,3dw,c30743883f83aafc28071c9cb2d83c67,16
-14.4040956,19.8038921,armoire,3dw,d93d7016eae04efc3c2e50348f23d3d,16
25.9430237,-18.4766197,armoire,3dw,ecd8db3abbf3309e48fda83c10428379,16
29.4148922,-22.1856365,armoire,fpModel,03ba174d13db7f909a79cb64d4319383c6fa99ee,16
-9.81329441,-29.122242,armoire,fpModel,0435460643f982a6b247ee4cd009c9a56eb133cb,16
-29.7361889,23.9387283,armoire,fpModel,0486ae7dd0b011240a162dc0ff1d96e2cac23dca,16
32.8960114,-17.7885952,armoire,fpModel,0546a524f6584d5beeaf8a72b3df494f9ceeec90,16
-13.4475956,7.50686836,armoire,fpModel,06764d11dcec69878cc762c36482be5ef2865443,16
-1.73185909,-21.4247208,armoire,fpModel,0760a3dd43bd9dd9c0ec1ea4e033c6e121d92df5,16
-28.9957771,28.1359596,armoire,fpModel,08045ba4de0a267910c938a065e0842159d3c0e6,16
27.0316277,-10.5469227,armoire,fpModel,0ac0bc57b0ac6ed9925ae77a5cbe4db447c89e6b,16
3.47854996,-26.3084755,armoire,fpModel,0c5661f4da12434fca0546701f1b00c22edd563f,16
2.41977572,-23.1306477,armoire,fpModel,0f38ea137f95af6829a411432627e3272fa3906a,16
-46.2534599,-5.69400883,armoire,fpModel,11f8b552a802c6233a1332713568f05f901b725c,16
33.0616493,-21.1762772,armoire,fpModel,12001de4686bf2e4b9c721c93b35a424dd48249f,16
33.0286674,-18.112133,armoire,fpModel,12279170351af560f40ced884359cc539984e111,16
-28.0693283,22.720789,armoire,fpModel,128b5f2d072869004b7a218ab674f93f73a66670,16
-29.3015137,28.2656307,armoire,fpModel,16b93d86d1a466f5982e60c8d322ddd8f312056e,16
28.3067265,-15.563282,armoire,fpModel,17a563b45ad4ccdd0ec9e026cacb949657536e48,16
-45.850872,27.6404972,armoire,fpModel,19bc84c6aca89995b69259a0ec179eaa5532ba2b,16
-8.45399094,1.01638353,armoire,fpModel,1df8886bf3b249e75336ee557458ab673766a06c,16
-10.8141575,9.20136929,armoire,fpModel,1ffa630662e8feac26e3f7f6c41f8afc66a81928,16
-21.0993958,9.987463,armoire,fpModel,21558be8922692da15d54962cb7e5ab2c4fb6653,16
12.2333078,-10.7129555,armoire,fpModel,277a090638f90cdcd36bb8289cbb5aa153032fad,16
12.6336861,-9.14042759,armoire,fpModel,27eda9b8daae5b3b6748bc329fe7e312cbd9d232,16
27.0442123,-10.5117445,armoire,fpModel,28098e6540f2f2fc07f7fc6a00edd6ce371a2618,16
-8.94433308,0.435526639,armoire,fpModel,28555a5e8afd0f7833d23fb947b228461bd5baf1,16
4.21887636,-40.3715401,armoire,fpModel,2c31adfeb4c1596fba2992437c4ce203633dce21,16
-12.2011786,-37.4879837,armoire,fpModel,2e32ff526dbeb03092164450a309d084a99879cd,16
-29.2299633,9.80880547,armoire,fpModel,3033be75f2ac15885e8f4813dc55e168af09e91f,16
3.52278209,-24.3896465,armoire,fpModel,30ebb83f48ea03738e4530f17940775b8a251b03,16
-13.8515825,12.6726723,armoire,fpModel,36cb9151e8746f132b466046b29dc649edff0683,16
-18.2610264,9.90528011,armoire,fpModel,38aad23d1a6ab4834f48025e25ff7143c2f92078,16
-29.4457512,22.931757,armoire,fpModel,3a48ae6d5886879be81acaec677cbd8cdbd3f2db,16
25.6306667,-15.4014826,armoire,fpModel,41bafa470b4e4eb9ed3a8fb57a8d4ba5b321a939,16
-27.8025494,21.6292038,armoire,fpModel,44067754e792986cd4f827d28d3776ca78338176,16
26.0535088,-16.961607,armoire,fpModel,4b02240753963be92086f8fb2e1ec3e2a3259e77,16
20.5521049,-14.045639,armoire,fpModel,4ba52fb378a3d5f0e77f42146cc0d9c248479ace,16
-33.3066788,3.08600855,armoire,fpModel,4e0a645fa6515ad09308a5243cd77e3975e4c4da,16
-13.4568348,0.69268769,armoire,fpModel,51b1228d7e9384c9c8b70e2de4a86426b0c2d818,16
-13.3064642,6.91751575,armoire,fpModel,5234e3e43ed32fc53724bb4052eb1bce39109e02,16
-17.5373001,24.6070004,armoire,fpModel,52ece22f4c47ace86f4635ce5d3498d1e7a09689,16
-20.5840054,8.02124977,armoire,fpModel,57966e0a857591dab70815223ad393ffb6134f5b,16
-27.2186451,26.371891,armoire,fpModel,5855df4f61c036448115abedf5aa947a6383b1ce,16
33.4277458,-18.5496902,armoire,fpModel,59ddc22886fd0f1bd7dab823ef7d90ad634d248f,16
3.82996416,-25.3397255,armoire,fpModel,5e74de078d0d0bd18ecb9f41feb1fd2aef42d478,16
-47.7933807,11.501174,armoire,fpModel,602e95402b712af5ac6273ce4d2d2e6f57229516,16
33.5648155,-18.6904259,armoire,fpModel,674b628a31866a0ccef740fbb4836d8aca5a5d51,16
27.5908794,-19.1341915,armoire,fpModel,68e0c3ea856e5d85c915e534db8f7ce071012e58,16
-10.601264,8.59826469,armoire,fpModel,69340d8678701e72f39cc01890da1b8af3fd603d,16
-14.3533888,-43.2804375,armoire,fpModel,6f2bb312036ebbae505dbdc84cd4316e48736776,16
26.7497482,-16.2129688,armoire,fpModel,7094e30496b2735c235819e99c509769dc30502d,16
27.6312504,-17.6123505,armoire,fpModel,74da20ef257e10a06164a588ce1e2f80c43f543c,16
-13.5040398,1.93646836,armoire,fpModel,7629cab57668d2f1befe0a554e212d4f36849056,16
-46.4460182,-6.57908106,armoire,fpModel,7e7d4081032a219390bc671fc4a88f2ef0a466ff,16
-13.1452684,1.45485175,armoire,fpModel,83d5a78a042210c917fd7d14d57ac69feb6988f0,16
-20.7104988,8.4289484,armoire,fpModel,8415f258d5e129e9bb63cab54c7c207e04c0dfed,16
27.1510544,-10.4578123,armoire,fpModel,86503db5b715ed604e238d74f99701ccc418592e,16
-9.17398453,-30.0902786,armoire,fpModel,8adff54532c5b497625e63c05997fa166786f5f3,16
13.4381742,-10.5580807,armoire,fpModel,917eb4faafe8d1c12b815376f9742eefbe5b8f75,16
21.1317482,-13.9038267,armoire,fpModel,91e3292c3524a014023015d2e498f39b4f0cea37,16
31.9825344,-17.1886883,armoire,fpModel,95c48a9ba1e1531fe26ca7068d11f3e3ebdf178c,16
-31.5909233,27.4368401,armoire,fpModel,9e738f6b2ba6fe3bace3de086e55370ecb4c1a79,16
27.663847,-17.8285732,armoire,fpModel,a2546f59391df58427404b45a53dbfbdc70f77bd,16
31.1827793,-18.8909149,armoire,fpModel,a279753d53f40ac43e222bf0cc86b08ce0911d50,16
-9.79221439,-29.0309029,armoire,fpModel,aae86871741a96090f4a07f39db579f778d53aa0,16
27.5829525,-18.1975746,armoire,fpModel,ab56aaa7f6e5e1baf9382b507d105db411484a50,16
34.8750153,-19.6083164,armoire,fpModel,ad4b7198f5d3fa326398c1c239a4e6c830ed3320,16
-43.2290497,15.8430548,armoire,fpModel,b035d7f8ef2f8becc5585d131ad31c5ffc708083,16
11.7744331,-11.0994616,armoire,fpModel,b89676c68f7f6513c6b3fe07d46350e427acd54b,16
11.9678564,-10.9880772,armoire,fpModel,bbbd1200db14a6d56f7e0ec9b761c4cd011794fc,16
-33.60569,27.1570988,armoire,fpModel,bd66ae3b3a35cd718f3befa8d2dc74205d537c74,16
-39.5747337,-3.62648201,armoire,fpModel,c577041acb239ce222181e716bcc5e3b4c097305,16
27.2440529,-17.874588,armoire,fpModel,c58f80fee5a4b2d9463effc9618e33b68eb7a9c5,16
26.4374905,-16.6632347,armoire,fpModel,c7c5a1b22bc45672ee746040a0113a80f8e85531,16
-9.83952904,-30.4676723,armoire,fpModel,cd6cfef40870510516a4cdc79c3168924284cbec,16
33.4931755,-18.3891659,armoire,fpModel,d34539104b7eb3776fa7e3259c2b5ba6e21154a1,16
-13.2173147,-49.1228714,armoire,fpModel,d47861b542c4f2e8fe9adcf86d55e26e12d1a213,16
1.99711549,-23.0936584,armoire,fpModel,d595ed74fb59b637c5175d3d775421788ab9cfed,16
-19.3150215,8.54890633,armoire,fpModel,d6a8ea7841967baf3eb2dcb20eff191c0382c9cb,16
-17.5906963,-44.1181107,armoire,fpModel,daa2bae8cc5b6febde6578bf827b310107619caa,16
27.5286007,-23.2880058,armoire,fpModel,db19f85684c964132250926f988da86ac513baa6,16
2.65652537,-21.5202446,armoire,fpModel,db99ea06891a3dbce721816075f0f8de683dbde1,16
-12.2768488,-37.4836464,armoire,fpModel,e073005a5e9c826bea7bb60485c7c7fc12901017,16
12.302515,-11.0618343,armoire,fpModel,e1085698f8090a287a6115006d23e8f6dc68e92b,16
-33.7190399,27.3151188,armoire,fpModel,e1bd0f66a94b27878f1114d2341c3abce3491189,16
-29.2475414,28.0060501,armoire,fpModel,e432bd2619cb6eb619e6bf72ffa6a39892c92b7d,16
-12.4585323,1.3124162,armoire,fpModel,eb44268ba2ef9bc41c22e47617568af49aba9ee0,16
11.3974714,-10.2290888,armoire,fpModel,ed3ac6c284f74cdb9212dbfb8f166c8602df82a4,16
-5.3891592,-19.4565029,armoire,fpModel,f19f4eb60204eef42a4dc3b073ef9006916a2c0b,16
-29.3097649,9.84199429,armoire,fpModel,f4bc230471d6dd823233c7305235aa2ed2a4f98b,16
26.7500153,-15.9987583,armoire,fpModel,f55b08dbf09d3ff3401465721f3e482c9b69f09c,16
-14.3029337,-49.4459114,armoire,fpModel,f9aa6e3c89a05941c1eb6859bade56571bc54a1a,16
-31.2209549,27.6375961,armoire,fpModel,fa4b1d6372666ce51c59b0cb1d82d2c8fdc9d2ab,16
3.48584509,-23.5365791,armoire,fpModel,fa786f463631d9e8ab7b794d8df610a233a445eb,16
-14.5439024,-22.7438335,armoire,fpModel,fc9f8dd33db0aad0f8179a4e1e448cbb46bbcddd,16
-43.5940247,26.9228439,armoire,wss,4ac778bfc7acaf3eeb1646d537959b18,16
-24.6999798,30.7265282,armoire,wss,581c8baea2ec1161e8109480f4780398,16
-32.2095451,27.7944927,armoire,wss,7c5a375035a8b19ce8479ad2eabcbab4,16
-3.32455349,-1.2956655,armoire,wss,7f416248bb57f1c0598f1102685df4cd,16
-18.064518,-51.1318703,armoire,wss,a81165df41c774ba33526354c39ba9cd,16
-9.84426403,-28.0775356,armoire,wss,c0940c5f37974c7af46d6fc43de3fc46,16
-24.4966564,27.5048523,armoire,wss,d80c97095901cc2b6e31219e8c9f72d3,16
-12.150012,20.6282997,armoire,wss,d917ca3f60dce05aaf31a22c7bed177d,16
8.16875648,9.14522266,bar_stool,3dfModel,0f283e36-3b81-41be-9386-8b3435bd5f2f,16
7.11616945,9.94825077,bar_stool,3dfModel,447e7b39-e2a9-3857-b889-1088270d771a,16
9.13205814,7.29990625,bar_stool,3dfModel,65577db9-83b0-4693-90c8-24c4522d071d,16
9.08297729,7.34431696,bar_stool,3dfModel,6ebaebb4-f3e2-4331-ba0e-d61bcd0772aa,16
18.6451378,28.6298962,bar_stool,3dw,ae5b18b3515c84ee39683a06407f7f3,16
6.63077116,9.6133585,bar_stool,abo,B07QZ478KZ,16
6.73044586,9.13197422,bar_stool,abo,B07R17YNZX,16
6.90309429,9.33655357,bar_stool,abo,B07R3X38R8,16
6.86179829,9.24703026,bar_stool,abo,B07R3X4RYD,16
9.38385487,7.1360445,bar_stool,fpModel,70bd930f4beef594c96e8f228535b7f188a161ef,16
18.7210903,28.6915073,bar_stool,fpModel,af6ba002ca336c58af252b6de53b36aa1387ca79,16
53.2509727,9.175107,blender,3dw,dac56f9b33a03b63eed4b2bb88c072a8,16
50.3693695,6.78019476,blender,fpModel,22940dc4859fd58f2234c7f2d31ef75446a30857,16
53.9686852,8.62434196,blender,objaverse,6bb71a461929468caf5ba9a60e4529ff,16
54.024086,8.54425049,blender,objaverse,995ec373d380457e990057e6fdadcfab,16
53.8559494,8.47574806,blender,objaverse,d93c5f854657451d92d7ba7dfaa27888,16
51.5584412,8.21970081,blender,objaverse_xl,2042dba9b9dba7b07f77f0a852ae9c084d7bdc6cbf57d3bf5499ee2c3fee14ff,16
30.1202145,-1.57059312,blender,objaverse_xl,b94ab4e53d3423d44993c0c258c8f4ede7d5d7a5dfd767c4850a9a54419b070d,16
51.9768906,8.20142078,blender,objaverse_xl,beab2452cf423c5f7589e932e13b6ef017fd3ec21fdda7ab57bcf7986e9a0f7c,16
53.1256638,8.17733669,blender,objaverse_xl,e67f998076c3a852a21d7139b7d97835f490547c2b923ad691ccc3a7381c5646,16
60.2521706,0.737055242,blender,texverse,4f8a84657b6549d1a8e139f1f2b47563_1024,16
51.3740082,8.11433887,blender,texverse,d5fc197375a94513a5303b00099be555_1024,16
4.37479925,-16.6996288,bookcase,3dfModel,4c57d811-0177-4d2b-9a18-369efb8ae234,16
-14.3088961,24.7025681,bookcase,3dfModel,c06e4978-df84-49de-aaa5-407d24d37090,16
-29.2551689,26.4790287,bookcase,3dfModel,c97bf2e1-1fa0-4267-9795-b53b19655601,16
-30.0831375,27.9001637,bookcase,3dw,d6d136f686120d8162a280769c3934a3,16
-25.5576687,1.64701462,bookcase,fpModel,0de5288928717b30ef111c44a6af982247c279b6,16
-30.2792492,28.2760677,bookcase,fpModel,2db50fb1f8120974d6157ae9aff704a4fc9d181f_part_45,16
-20.1883144,9.97611809,bookcase,fpModel,3637d32cdd9638a7e430319da9283407b33e2129,16
-20.5481052,12.7162113,bookcase,fpModel,3a8afefa6b4a735293520f5bd14f3ec9d456a004_part_45,16
29.1206932,-38.887043,bookcase,fpModel,4561530bfb8b3aeacadf64388d82000b2d2e56d1,16
-37.47258,-7.26653433,bookcase,fpModel,4ba5032a1ede242f49f624a4bad79f71b415bc7f,16
-38.0026665,19.1436329,bookcase,fpModel,4f89b3cd70cb8d85fa7e9f050ea71aed1c3d80cb,16
21.7415009,-9.57145786,bookcase,fpModel,6410bde9a047274313c1786f8d28d777aed12fcf,16
-11.0191832,9.97543812,bookcase,fpModel,7ea8cf3577b6be995849734b877dc5a51510998e,16
-29.0752602,26.4287834,bookcase,fpModel,8ac4d1dae919d7391b3ee3ff02cde5de46dc30e9,16
-33.4115257,26.4404011,bookcase,fpModel,925bea10c8bc2648e7e31e696ae81610c194e8e4,16
-29.4195366,27.4896374,bookcase,fpModel,979ae06f639a0a37dd07202282f5d65c3cba8425,16
-28.4308491,27.9518547,bookcase,fpModel,9ca2f0d06e506af080cb7bf4f27b0b2144ad20e4,16
4.48195028,-26.9658756,bookcase,fpModel,a5ceb39dcca171665cdf5b5afe8791c6298eb9e7,16
-21.9589481,6.88210773,bookcase,fpModel,b136d105af1f63f9caaae98c3942a9415123fd0c,16
21.7172604,-9.82502747,bookcase,fpModel,d1d1e0cdaba797ee70882e63f66055675c3f1e7f,16
-12.6234446,-29.9182224,bookcase,fpModel,d2f7d40d8e1a56ede42103027842e000d9cacd3e,16
-29.5926991,23.7516346,bookcase,fpModel,d5ac460b0fb98c00928d2ea17fbf6afbd33d6da0,16
-14.3026667,24.7467899,bookcase,fpModel,d5ba163ba97f94c7aa4a4a625eb0547b8894e1a5,16
-30.446558,27.217556,bookcase,fpModel,e00cdf595139fa3377cd57037c9a60263d182fa3,16
-8.55335808,0.20552671,bookcase,fpModel,f05bd29fb90510885dfdcd048dd7af8234dd7d01,16
-35.3723717,-5.50395679,bookcase,wss,8dee8f6e35453e2698d5fc0473d00a1c,16
-12.8170958,12.1014862,bookcase,wss,f6c0d095a49f5880fe1a61f05bc63860,16
17.7443371,12.0289116,bottle,3dw,2090afd653cef06e98b8f306d9ef389b,16
62.1263962,4.52472878,bottle,3dw,21154e75069774011e85aadf133ec2bb,16
61.0093651,5.28464985,bottle,3dw,328f89218fd9ba30c39b9a4a817b9616,16
61.9472084,9.49891376,bottle,3dw,3db01cda-9641-4853-bccd-2606474ad502,16
62.1684494,1.38522077,bottle,3dw,44b2dc288adc6d5af891de6ebb9065e,16
57.2041779,8.67273617,bottle,3dw,9c3d1a76d01c37ec9921431405933fd2,16
62.9023857,5.69421721,bottle,3dw,a2abc4f235aaad92c99a7c5a2898f1fc,16
61.5770874,0.257532954,bottle,3dw,b776955e24e7dfc9e21cb2afd5599119,16
65.2049484,4.91314793,bottle,3dw,e75c3aeef55b02891d36a9793896730,16
63.9006119,4.89586258,bottle,3dw,f1749b854dd0e788618a83203feeb40,16
64.449913,2.9969182,bottle,3dw,f5fa1f2921a8268ee0cd746086d989,16
54.8262596,7.94915009,bottle,fpModel,21527bf23974c98dc7bc88b44ba6b54ed32e676c,16
57.4149933,12.9617319,bottle,fpModel,2af49526b00696ff2449c5e19f44d6b8e653a1b4_part_12,16
65.1530151,8.96386242,bottle,fpModel,2af49526b00696ff2449c5e19f44d6b8e653a1b4_part_13,16
65.4717636,8.53843689,bottle,fpModel,2af49526b00696ff2449c5e19f44d6b8e653a1b4_part_14,16
62.5733185,4.08455706,bottle,fpModel,411d4c41eb34bad684255b479ecb7f607bfc056d,16
53.9425125,12.1961985,bottle,fpModel,6559f3e7b5325e7981d153d288fbb8e54659584a,16
48.4590683,5.59764385,bottle,fpModel,a5554f1d7f6d6778f3ffa7513f080afbf8cea47f,16
63.8595047,8.50276375,bottle,fpModel,ad51f2c0a160cb05bb5376a6f8b2f17412eaf980,16
65.6672058,8.04716396,bottle,fpModel,ce33c1228cfca3da78e22645019258d7a92af3a9,16
63.4203072,6.36615562,bottle,fpModel,dd56f602c6c29a97bbff71f4e48f07454ec97b62_part_8,16
50.4752159,7.95033026,bottle,fpModel,f1c99d9ad79767c09aed2f6d96e1cf87f898b9df,16
64.1912842,4.67020226,bottle,wss,109d55a137c042f5760315ac3bf2c13e,16
62.9404411,7.60567141,bottle,wss,10d3d5961e00b2133ff038bc77759685,16
62.0908585,5.71498108,bottle,wss,11a0f60b9baaaf59968608843530f3d7,16
60.967762,8.36599636,bottle,wss,1d4480abe9aa45ce51a99c0e19a8a54,16
63.0390282,1.5111562,bottle,wss,1e5abf0465d97d826118a17db9de8c0,16
59.9276009,4.73223639,bottle,wss,2d3f7082ad6d293daf6843c094838b08,16
61.7232323,2.10285258,bottle,wss,371b604f78300e02d76ab6ff59fe7e10,16
63.1664238,7.50598478,bottle,wss,43762b28fb40088f724d867867ccd9fb,16
61.2049522,4.63825846,bottle,wss,4ec31503deb053636c19a70b7478f722,16
64.3248978,4.50866938,bottle,wss,5566f264a6fa08cd2a68e506fbd6eecf,16
59.9706802,5.38476276,bottle,wss,6aba175c988c8bec9fac57ed2e044778,16
63.7033768,3.65953875,bottle,wss,6d680415396d14d4d7c5502d4a22edf5,16
64.5284576,7.05502701,bottle,wss,6da7fa9722b2a12d195232a03d04563a,16
61.4723244,1.47881258,bottle,wss,7446fa250adf49c5e7ef9fff09638f8e,16
61.9281731,5.72749329,bottle,wss,776502db6e2e680e5e4f0d37557f3953,16
58.252388,-0.314959168,bottle,wss,8099b9d546231dd27b9c6deef486a7d8,16
63.3129578,9.3007431,bottle,wss,81b2ce7d719326c8fd54367fe37b16,16
65.7701797,5.7190752,bottle,wss,8309e710832c07f91082f2ea630bf69e,16
65.9668961,4.86008739,bottle,wss,a429f8eb0c3e6a1e6ea2d79f658bbae7,16
60.2464943,3.46795464,bottle,wss,acc67510dd228d01d7cbb1f9251b6139,16
65.8804398,5.86629391,bottle,wss,af3dda1cfe61d0fc9403b0d0536a04af,16
32.2944489,-3.47219968,bottle,wss,b0652a09588f293c7e95755f464f6241,16
66.0548172,6.9260087,bottle,wss,b1d75ad18d986ec760005b40a079e2d3,16
60.5296898,4.70213652,bottle,wss,ba94b8c90aed65b6dfd1d17b67edb09,16
64.2861252,3.86317539,bottle,wss,c5e425b9b1f4f42b6d7d15cb5e1928e,16
62.1422539,2.48125196,bottle,wss,c5eb3234b73037562825656dc457df78,16
66.1143417,6.23576736,bottle,wss,e101cc44ead036294bc79c881a0e818b,16
63.8228378,8.92667007,bottle,wss,ef631a2ce94fae3ab8966911a5afa22c,16
49.4649887,-6.73927927,bucket,3dc200,35_000,16
47.5114594,-3.80365324,bucket,3dc200,35_001,16
45.7623405,-2.20757699,bucket,3dc200,35_002,16
50.4894524,-1.91726184,bucket,3dc200,35_003,16
47.1925468,-3.74666739,bucket,3dc200,35_005,16
46.4990883,-5.81217098,bucket,3dc200,35_006,16
46.1172562,1.288589,bucket,3dc200,35_007,16
46.2109604,-0.983316302,bucket,3dc200,35_00a,16
48.8160782,-1.47374547,bucket,3dc200,35_00b,16
48.1927032,-2.48943186,bucket,3dc200,35_00d,16
48.9683571,-6.11647177,bucket,3dc200,35_00f,16
47.7658463,0.283193856,bucket,3dc200,35_010,16
48.4188232,-0.0797214285,bucket,3dc200,35_011,16
48.6591606,-6.25996685,bucket,3dc200,35_012,16
47.889183,0.774418533,bucket,3dc200,35_013,16
47.8332024,-1.74664962,bucket,3dc200,35_015,16
50.6167221,-1.97267878,bucket,3dc200,35_017,16
47.5461502,-0.17501682,bucket,3dc200,35_018,16
46.4473915,-1.51244926,bucket,3dc200,35_019,16
49.3218117,-0.138732612,bucket,3dc200,35_01a,16
48.4646263,-6.01165581,bucket,3dc200,35_01c,16
47.1939888,-4.22315598,bucket,3dc200,35_01f,16
46.8367195,-2.36762404,bucket,3dc200,35_021,16
48.544178,-0.0926928371,bucket,3dc200,35_023,16
45.7071228,-2.0607667,bucket,3dc200,35_026,16
49.0118294,-4.59916353,bucket,3dc200,35_028,16
46.8598824,-5.68628836,bucket,3dc200,35_029,16
49.0825882,-6.57791471,bucket,3dc200,35_02c,16
48.6968346,-2.34845686,bucket,3dc200,35_02d,16
44.409214,-2.67063785,bucket,3dc200,35_02f,16
49.654747,-4.54468155,bucket,3dc200,35_031,16
48.8500099,0.413844466,bucket,3dc200,35_032,16
48.1892014,-1.98428178,bucket,3dc200,35_034,16
47.5689812,-0.945989251,bucket,3dc200,35_035,16
46.4536858,-5.80209732,bucket,3dc200,35_045,16
47.5927505,-3.95947981,bucket,3dc200,35_046,16
47.7076416,-1.27106071,bucket,3dc200,35_047,16
48.6227837,-2.22999096,bucket,3dc200,35_048,16
46.7733231,0.770389616,bucket,3dc200,35_049,16
48.4638596,-6.00251436,bucket,3dc200,35_04d,16
46.0679131,-1.21876502,bucket,3dw,719a1f0f80594f72cb633c18a6fbc156,16
46.7047462,-3.48047876,bucket,3dw,9cdb6d091efcf84f591b628c361f70ed,16
48.7350578,-1.65298069,bucket,fpModel,fc519cea87da6fe43f4d583b63ce7ba688ffe81d,16
51.4114723,-4.81723309,bucket,partnext,06cc34ad538042f49f31a395415f6b0c,16
53.1765518,1.55595088,bucket,partnext,28367a3cf1e04c80af66384d9a72f710,16
50.8267365,-4.65989923,bucket,partnext,2af7a93e3c8845379efa488a25dac123,16
50.5846329,-4.53536797,bucket,partnext,353891ac10294022bac635608b6862ea,16
27.8698235,-9.17862606,bucket,partnext,66b2be8dc57846738489d623e9b407e1,16
45.7132187,-0.467701852,bucket,wss,9baa0eed7aab576801550504988680c,16
45.2907143,-0.926459074,bucket,wss,c377cffe09ca11a57b6fd5468f603b31,16
5.48829699,35.4730568,camera,wss,ef8069fb0c4fa45454ea70ce1ed3957e,16
10.0355072,-39.8597069,camera,wss,f486c2f051c05ea5e352b5685b8d43e7,16
26.822258,8.28412533,camera,wss,f7ee121bcda734f9e25865f244b5a66,16
58.0544968,15.035243,cap_pen,3dw,3003c646791b45e1357344bbe34f53f5,16
55.550045,16.5761795,cap_pen,3dw,3588dc6893669e731392000c5452879,16
58.1610336,15.017889,cap_pen,3dw,4d974365270af283a4cbb9b5d5e695fd,16
17.1508541,15.4173479,cap_pen,3dw,79f832c10e1d557cb2920cf5c60c4da3,16
56.5029869,18.3895226,cap_pen,3dw,a1e8db4ff9194437920de219c00d1c3b,16
58.1691132,19.3232231,cap_pen,3dw,cdf54835677a246f9bbaaf08505f5db3,16
56.4856911,18.3996792,cap_pen,3dw,d3d8462d897197aa77034bcf2b943e87,16
58.3402138,18.919981,cap_pen,wss,50f37a61069bd804663d13fe53a3b750,16
60.3668098,18.9261398,cap_pen,wss,6db9d631ff966a5b6e839cadad6117f7,16
56.2105751,17.6449718,cap_pen,wss,a5ebdd190b3cc8f125f2fde927e4b52e,16
38.5347748,20.6521854,ceiling_fan,fpModel,1178f3e77d2ca208971092a4346ba3b3d70df7d8,16
27.4837036,30.1979427,ceiling_fan,fpModel,14eec36e26211ebb7a14a24a85800ff206c9f4ca,16
31.791853,32.0588188,ceiling_fan,fpModel,55e1de5b5ab8291c9c29ecac4395e64dca748f30,16
32.0579491,32.2413788,ceiling_fan,fpModel,8b6b51a58869080e3cbadbb2b9dad90c5f2369ae,16
33.1779518,32.9018707,ceiling_fan,fpModel,d5e647fdb3fe99a18906a67e83344081f1852446,16
26.4211445,-12.7434483,chest_of_drawers,3dfModel,0033e020-460c-4990-a2d2-cfe223a2f5a0,16
-48.0195808,10.8908892,chest_of_drawers,3dfModel,0188e055-34ac-48e5-ae53-3489fbc47328,16
-25.5507812,33.2048111,chest_of_drawers,3dfModel,060eba93-a0cb-4382-b2bc-a25e606a97e3,16
-43.7831268,-2.07166481,chest_of_drawers,3dfModel,0679c9e0-e5f1-4644-934b-28b8b9be3ec0,16
-12.8983574,-21.2548618,chest_of_drawers,3dfModel,088d317e-b564-4d1f-890b-dfed8491ca9f,16
3.70223618,-21.1824245,chest_of_drawers,3dfModel,0893795a-7f5b-41ff-a2fd-a4aa35af6ba0,16
-48.1142654,-9.66720104,chest_of_drawers,3dfModel,090fd738-2c0f-4cad-99b5-c9d2c43d4289,16
-50.8971024,-15.747427,chest_of_drawers,3dfModel,0956955e-54b9-4ac1-9766-6fcd24df6a95,16
-14.8031549,-41.1312141,chest_of_drawers,3dfModel,09f18111-d73e-4e87-8b9b-c8e585701ff7,16
-44.7852402,27.1675949,chest_of_drawers,3dfModel,0a183ba7-03e7-4ff1-b82c-25fb0f6836d0,16
-17.8839722,-31.747509,chest_of_drawers,3dfModel,0a9fe7e8-5be2-4d2d-bc9d-9e382f42725f,16
-53.8939514,-13.6828318,chest_of_drawers,3dfModel,0b05744e-198a-4e9c-836d-a5095da21c78,16
-14.6199026,-47.6620331,chest_of_drawers,3dfModel,0cc9c249-9b8a-4f43-8999-3f0336cb1e77,16
-10.3628654,-19.3652134,chest_of_drawers,3dfModel,0d151f94-1e99-41d4-a9de-8c674d54f503,16
-52.8084106,-9.97174835,chest_of_drawers,3dfModel,0e58f271-f7fc-42b7-b98b-9eaf1d93169a,16
-12.9276066,-46.1534882,chest_of_drawers,3dfModel,101563cd-8b31-4ae9-a715-d13f8f1938a0,16
-41.4556313,-4.55860949,chest_of_drawers,3dfModel,11960890-cd65-442e-9f36-5bd2d8336f0a,16
-19.9644241,-40.3953018,chest_of_drawers,3dfModel,1397e7ab-a767-325d-a201-88639093e90f,16
-38.1308823,-18.237627,chest_of_drawers,3dfModel,15560c80-c144-49be-82f8-85bb07ffec5c,16
-55.0590057,-12.1363697,chest_of_drawers,3dfModel,16af38a8-3117-4212-8627-4db34f751786,16
-8.66795921,-42.8806496,chest_of_drawers,3dfModel,186dc52f-806a-4064-b5a1-f22a95aa17f7,16
-53.572628,-9.78250885,chest_of_drawers,3dfModel,19dc59f4-4db3-4180-8085-a3bfaeb3926e,16
-43.0632782,-8.31901741,chest_of_drawers,3dfModel,1b1788c6-2ce2-4ddb-b8b9-7776bc0bb88d,16
24.7398434,-12.3434563,chest_of_drawers,3dfModel,1b36174b-6e8b-498d-9c04-a37396663bc4,16
-12.6940746,-51.6477165,chest_of_drawers,3dfModel,1b5cbe2f-1e06-4d26-9d42-959cbec1ed6f,16
-45.8825951,-10.2751646,chest_of_drawers,3dfModel,1c992756-170b-4f94-aaac-788c02cfb649,16
-18.6447906,-43.2727203,chest_of_drawers,3dfModel,1d4fa17e-fd0c-4722-a0ff-8aa46bd73a90,16
-30.977356,-8.77588272,chest_of_drawers,3dfModel,1ed074bd-83a9-4570-ae89-db2404e790ab,16
-12.5164843,-30.4576893,chest_of_drawers,3dfModel,1ed5a089-ff17-48c4-9957-7496ea39b229,16
-28.9931049,-7.15651894,chest_of_drawers,3dfModel,1f52b97b-2ce8-452c-a9cf-3e4729fa9a46,16
-49.6458817,-2.50754094,chest_of_drawers,3dfModel,238d3e68-90aa-49b0-a361-06ad72932347,16
-48.9544945,-5.81251526,chest_of_drawers,3dfModel,2733efef-df31-45f7-b427-c3dc7437a75b,16
-51.8548737,-13.5856714,chest_of_drawers,3dfModel,2752e301-d232-382d-8051-8882c8a023a7,16
-14.8709631,-20.6752262,chest_of_drawers,3dfModel,27798896-2679-4557-a5a0-f3ce7fe8e8d2,16
-53.6039543,-10.8413954,chest_of_drawers,3dfModel,27d2fbe3-91c3-4521-a2bb-3386e7fba42a,16
-50.7901306,11.3149796,chest_of_drawers,3dfModel,29085848-5a6f-4950-a9a0-0dee92d683c9,16
-51.4516754,-16.7997322,chest_of_drawers,3dfModel,2946a5e8-d81d-4768-ae28-f27ba8886410,16
-19.4759712,-0.257789671,chest_of_drawers,3dfModel,2a4cdefa-33ee-41b9-887d-926fe31988fa,16
-14.568409,-47.5673523,chest_of_drawers,3dfModel,2b34acc5-526b-4a6f-a4a7-ea1bea9bfbe2,16
-33.8693848,6.50731039,chest_of_drawers,3dfModel,2c7cd7d2-3d14-43f7-bd18-cf10271606bf,16
-18.2064514,-26.4566441,chest_of_drawers,3dfModel,2d2782b8-f8ff-41bb-b580-1e4ba93bb841,16
-15.3651371,-27.1254997,chest_of_drawers,3dfModel,2f519eef-97a8-474e-b94e-f0bd8b66222e,16
-15.6300755,7.27206135,chest_of_drawers,3dfModel,3913c596-ce17-444d-a3e2-516fd68a5cb5,16
28.5099373,-14.7731161,chest_of_drawers,3dfModel,395703a4-ba72-4f9b-a0de-9d9fcfb17159,16
18.8220749,-15.7168722,chest_of_drawers,3dfModel,3bd29e63-e999-48e4-b6be-2e40c7ab8d01,16
-54.0258331,-11.4974823,chest_of_drawers,3dfModel,3f6e40c9-97d2-4733-9519-5a252c47da3e,16
-46.1655426,25.4036713,chest_of_drawers,3dfModel,40b47eb6-9abf-49c4-82a5-9644deb2c40f,16
-19.474226,-39.3401299,chest_of_drawers,3dfModel,40d61d5e-965b-457c-88e8-287cc69821c9,16
-48.3598824,-10.2820129,chest_of_drawers,3dfModel,413441d5-c4a1-42a3-9063-fe48e87d103f,16
-45.5950432,-0.754840791,chest_of_drawers,3dfModel,423416c0-e97a-4287-bbad-93be543037d8,16
-16.0531864,0.566204727,chest_of_drawers,3dfModel,43a7a012-98f8-4ee9-ab65-635ccf658ba6,16
-43.0219688,16.2307892,chest_of_drawers,3dfModel,43b7ae4e-cd9e-43e8-aff5-ec0213828902,16
-54.8165054,-11.217597,chest_of_drawers,3dfModel,46ccda99-78ee-4aec-84eb-0618a74fd06c,16
-36.6557732,-26.3931618,chest_of_drawers,3dfModel,47b6ca5f-ca02-48df-9600-b516b998291c,16
-12.5622683,-44.1568184,chest_of_drawers,3dfModel,47babdd0-b7fd-416b-a257-fc23d885f4f0,16
-7.20723343,11.0228863,chest_of_drawers,3dfModel,487092ac-5c24-48bc-a957-95be07cd9be5,16
-17.0141792,-42.1462746,chest_of_drawers,3dfModel,49bf9877-f049-4953-a76b-c77868354e2e,16
-43.0552368,-4.48193979,chest_of_drawers,3dfModel,4a9b3bbb-1910-4c91-aedf-bf035b9f8f2e,16
-20.2613716,-49.3416977,chest_of_drawers,3dfModel,4d0767ac-5b1c-4cd4-b305-589fedddea98,16
6.77308035,-15.3182316,chest_of_drawers,3dfModel,4df08a2f-8e8c-46bf-a1ff-e87db0607177,16
-19.9707718,-50.320446,chest_of_drawers,3dfModel,4e904746-cb1c-422b-b150-72732c1481ed,16
-58.129982,5.64801025,chest_of_drawers,3dfModel,4f247470-b328-4044-aa05-4288d8e6e3c5,16
-15.6137362,-29.4610691,chest_of_drawers,3dfModel,4f91cb82-0031-41d6-b592-c20c21826dcb,16
-46.694458,-10.9154491,chest_of_drawers,3dfModel,4fed340e-6d64-4328-ba85-d0152a1b7f36,16
1.66750145,-9.28811646,chest_of_drawers,3dfModel,505ef9a9-4829-4a56-9233-08bd02b2fcb6,16
-40.0372124,-13.5424604,chest_of_drawers,3dfModel,50823ece-f1e0-4a8e-b7d6-312953939076,16
-3.92020249,2.68640995,chest_of_drawers,3dfModel,511ca9b2-4849-4eea-a48a-a9374edc1968,16
-17.7876682,3.52504969,chest_of_drawers,3dfModel,5374854b-9c60-44cf-894b-f7cddf7d8765,16
-4.84827995,-37.1662064,chest_of_drawers,3dfModel,54ead750-3b04-427b-b0c1-fcde242288f5,16
-19.401598,-39.8831367,chest_of_drawers,3dfModel,556a3cff-2f81-484f-80bf-bc9a661d7d8b,16
-13.241003,-43.478775,chest_of_drawers,3dfModel,559e7fcc-08cb-4790-a094-19f528bf7369,16
-13.6386986,-17.4442329,chest_of_drawers,3dfModel,5783e47f-4120-4ee1-a722-a9736e6fa9f7,16
-35.775032,0.757901907,chest_of_drawers,3dfModel,5a03bb86-b4cf-470b-8cd7-d13c56bc4cd0,16
-25.526701,31.3969193,chest_of_drawers,3dfModel,5adbb127-4932-482e-987b-8e9137112a3d,16
-46.594696,-7.68738317,chest_of_drawers,3dfModel,5c67e92b-b938-4f87-bad0-4f00f1876677,16
-54.7708092,-11.3395529,chest_of_drawers,3dfModel,5e6fda22-246b-4d43-9690-36cc3b44576f,16
-10.5674191,6.349123,chest_of_drawers,3dfModel,61f87fc0-dce6-4b40-8d83-019e0804ac1d,16
-44.1026344,16.6199436,chest_of_drawers,3dfModel,62c6465f-8379-43b4-ad0c-c180c0846961,16
-49.3910637,-2.83542395,chest_of_drawers,3dfModel,642db79d-aeba-4071-a9cf-08980d606e18,16
-53.850235,-13.6148014,chest_of_drawers,3dfModel,65ecdbb8-77d1-46d8-9cf4-0bf305496615,16
-48.3116455,-3.760741,chest_of_drawers,3dfModel,66bf4221-66c9-4d37-a695-ab371621c70b,16
-16.0025368,-25.0623951,chest_of_drawers,3dfModel,66e4702d-e391-37f2-86ac-fd3607bedcf1,16
7.72691965,-17.349081,chest_of_drawers,3dfModel,69ff4f04-12b5-41a3-9f2d-d560fbb409ce,16
-14.6101875,-45.1197395,chest_of_drawers,3dfModel,6af92caa-1036-4a78-a403-a89ab0959264,16
-49.6719589,-0.812159717,chest_of_drawers,3dfModel,6f34683b-6504-4e0d-a1d7-dbaca5daf845,16
-45.8888512,-22.098362,chest_of_drawers,3dfModel,705d818d-482b-471a-a572-f66ad298b163,16
-43.2217789,29.6838989,chest_of_drawers,3dfModel,70f49095-cc81-45e0-8892-a3a246502fde,16
-46.5976028,15.2575006,chest_of_drawers,3dfModel,70fb47a9-3173-4d04-9d7d-f79da172a999,16
-16.816721,-40.1449318,chest_of_drawers,3dfModel,72366b16-480d-4a80-ad7b-e70801f44b0d,16
-45.8915672,-22.0980759,chest_of_drawers,3dfModel,7281cdef-1185-440c-8465-3e1052043ca6,16
-45.3184547,-7.60567713,chest_of_drawers,3dfModel,72ceae36-37b8-4b8d-9549-ceea4b653229,16
-42.5858688,11.6013899,chest_of_drawers,3dfModel,73e85e57-b389-494b-81dc-5827c238cb1b,16
3.7062459,-27.6742954,chest_of_drawers,3dfModel,7469de80-fe4a-4443-a742-a01607de8471,16
-47.2289391,10.1224756,chest_of_drawers,3dfModel,7495ba4c-14e0-4f29-a864-6564524e8afa,16
-31.7602997,-6.50438213,chest_of_drawers,3dfModel,76c240f7-f21e-4226-9cc3-d489940c1d3d,16
-42.6621742,22.6565189,chest_of_drawers,3dfModel,7a698e5b-f41e-4f5f-80b1-608592c1fe1f,16
-43.545475,-10.887331,chest_of_drawers,3dfModel,7bb1794d-3a37-4455-a801-abe31de2ce8c,16
-48.9675713,-5.71662235,chest_of_drawers,3dfModel,7e652e57-a5bd-4ab1-bac0-f9cb900f2b9a,16
-2.19348788,-37.1105957,chest_of_drawers,3dfModel,8094da78-6570-408a-9a18-5f2988717ca4,16
-17.5474567,-39.3397827,chest_of_drawers,3dfModel,80a21ce9-e036-4005-8039-927a719e8e86,16
-17.2908821,0.868108332,chest_of_drawers,3dfModel,8112d427-b2a6-4160-ab08-167e99eae15b,16
-12.0719185,9.11923313,chest_of_drawers,3dfModel,82c89bd1-bb47-4ec5-b292-41793a5c04f4,16
-17.7039833,-5.00888395,chest_of_drawers,3dfModel,83c442a2-645a-4e4d-a3df-94a52aabc006,16
-48.9772453,11.2685881,chest_of_drawers,3dfModel,8726ddab-39b7-4547-bfe1-25d0e21c1ddb,16
-36.0397186,-22.3693638,chest_of_drawers,3dfModel,8af3c9ea-30f7-46b3-8055-9708a9025e3a,16
-28.5978069,-8.99754238,chest_of_drawers,3dfModel,8c255d77-817c-442a-ba10-abb8474a15dd,16
-15.4313126,-38.5412369,chest_of_drawers,3dfModel,8dd47a1c-a2fb-4719-ae7f-d86845740321,16
6.77563477,-15.284853,chest_of_drawers,3dfModel,8e695919-bdd6-423e-824b-48e3205cfa38,16
-48.3366737,-10.6821089,chest_of_drawers,3dfModel,8e732db1-d34b-475b-9b2d-6b995c3bd298,16
-5.42712212,-36.7721939,chest_of_drawers,3dfModel,8f320eb8-e0c2-4308-b811-9c07039353fa,16
-49.589901,11.4021664,chest_of_drawers,3dfModel,8fd8af95-ae50-43d1-8384-88b9510647cf,16
26.1223316,-26.3760986,chest_of_drawers,3dfModel,93267a4a-cb87-4bcd-9f44-fbd5bc705eec,16
-9.67210388,-42.8181496,chest_of_drawers,3dfModel,933b0a6e-20b6-4e88-8aa9-0543c52fb8d5,16
-43.8219757,-1.2630043,chest_of_drawers,3dfModel,951da582-852c-4702-85c8-f2435a5e47b3,16
-39.2491379,-14.1353321,chest_of_drawers,3dfModel,96c675a4-c849-4af9-8f52-bca18725afd8,16
-14.7278118,-41.8533936,chest_of_drawers,3dfModel,97dc7e5b-68bc-4e1f-ac9b-b5de5e69819d,16
-42.3989182,15.0764389,chest_of_drawers,3dfModel,991994b1-13c4-496b-bcce-0c2cf39e0463,16
-35.2808876,-21.5569782,chest_of_drawers,3dfModel,9b0124ec-88dc-4d47-a83c-64cccaecf73a,16
-15.9630442,-43.7890663,chest_of_drawers,3dfModel,9c949ef1-f9ca-4505-8107-1e87a1568fc7,16
12.2856865,-28.2389297,chest_of_drawers,3dfModel,9caf178e-d2db-418f-9de2-74a7c2556f07,16
-42.516613,-18.8587284,chest_of_drawers,3dfModel,9e50f69b-1a65-4862-82f9-9b9d8fda478a,16
-4.81937695,-37.1685371,chest_of_drawers,3dfModel,a120e00c-454a-4db0-b0a3-b4b864f55fdc,16
-52.4021606,-17.9780979,chest_of_drawers,3dfModel,a454de07-1d86-4590-95f5-93e6eceabba3,16
-3.77514887,-16.5491142,chest_of_drawers,3dfModel,a4df9d54-2dad-4dbf-a4b2-c942ccb8288d,16
-40.300808,-8.9415369,chest_of_drawers,3dfModel,a808729e-5695-4799-8da1-89675b81b147,16
18.6785965,-15.800477,chest_of_drawers,3dfModel,a820a795-bdc8-4e1b-97d9-5193394f31a7,16
-30.7852631,29.2600937,chest_of_drawers,3dfModel,a91e11fe-c219-47c9-a0a1-5fa46b9a1af4,16
0.61062479,-41.603981,chest_of_drawers,3dfModel,abb2b9a2-5ed2-4bfe-a923-58b2ace9fc58,16
-37.9823685,-18.5552921,chest_of_drawers,3dfModel,abc7523e-b680-4e84-9106-eed9f6f0fdbe,16
-7.43793583,-41.5959091,chest_of_drawers,3dfModel,af2f13b7-7e12-4364-ab25-30b9337421d1,16
-4.61688232,-45.5746765,chest_of_drawers,3dfModel,af3b72c0-106d-4ac4-8ddc-c77968be1104,16
-52.4287109,-9.33745003,chest_of_drawers,3dfModel,af6ecfd9-39db-4b26-9442-2525d0dcb0b0,16
-19.6260986,-23.0592728,chest_of_drawers,3dfModel,b0b89064-3f7b-42f7-926f-9fa9767863a5,16
-39.8445511,-8.76423359,chest_of_drawers,3dfModel,b1ff08ad-36a5-4e40-9ff6-fc8b2a7531a7,16
-11.4419632,9.62802982,chest_of_drawers,3dfModel,b9818aa0-fb95-4a9d-b4c6-c33dc37ec16c,16
-34.3746033,5.99161863,chest_of_drawers,3dfModel,bc7c90bb-c1cf-4b1d-ae98-5f7fc5ba0dd4,16
-6.15281153,-43.6586723,chest_of_drawers,3dfModel,be59babc-cd43-4032-8060-e7af640c2494,16
-18.9994659,-41.6582985,chest_of_drawers,3dfModel,bf28980b-25bb-4f56-85e6-b0d424273e46,16
-46.1686325,-1.66873133,chest_of_drawers,3dfModel,c28de481-41bc-4957-809f-251d66997a31,16
-6.71792459,-29.9708843,chest_of_drawers,3dfModel,c297b5cb-8b18-4504-96c7-921d9b7e8d4c,16
-3.01252961,-19.260807,chest_of_drawers,3dfModel,ca051e8c-0402-4400-b02e-6aa3fc6b89f9,16
-42.4727783,10.1325502,chest_of_drawers,3dfModel,cb8db969-8844-4673-b5db-fe3212f58e59,16
-13.6372738,-37.0973129,chest_of_drawers,3dfModel,cc4117b3-1387-4e20-8c61-d9d12ef36194,16
-53.8691864,-11.3520565,chest_of_drawers,3dfModel,cc43057c-a3e1-4fc9-90fb-48fe7e823975,16
-15.1797333,-39.5305328,chest_of_drawers,3dfModel,cde8a26c-1ec9-4444-9f89-f0ed2156f6b8,16
-49.0123177,-8.03458214,chest_of_drawers,3dfModel,ce1165fa-0b79-4a4c-93d2-e526da994db0,16
-20.5964241,-39.4699821,chest_of_drawers,3dfModel,d1112da8-01e2-4297-9afe-c6e6c571d196,16
-12.8030586,-51.3793564,chest_of_drawers,3dfModel,d150b794-c363-4de1-841b-581a0e7de3a9,16
-10.5764141,6.21910191,chest_of_drawers,3dfModel,d254955c-d7b2-424c-8493-b7a880b9512e,16
-42.4669304,10.1162758,chest_of_drawers,3dfModel,d293a3c0-72e4-43b1-b188-cf905a23af1a,16
-14.3946085,-45.3024139,chest_of_drawers,3dfModel,d5d3b987-b6de-489b-8f31-e3c872ab66f5,16
-35.9568596,-26.3571091,chest_of_drawers,3dfModel,d72c4c06-ca0a-4380-adc1-eef9babe61c0,16
-23.574358,9.0837059,chest_of_drawers,3dfModel,dc1eff7b-2541-4296-aac8-f28e0c190dc1,16
-15.6977997,-40.0626259,chest_of_drawers,3dfModel,dcada3bb-39e5-4ad6-9dae-11fee68726cf,16
-13.0702991,-46.9225082,chest_of_drawers,3dfModel,e0414d6c-1472-442f-b417-ebca71c83918,16
-45.7991219,-7.68338156,chest_of_drawers,3dfModel,e14d89ec-42a6-4dec-995a-63d7feb3c89b,16
-26.5194511,32.3011703,chest_of_drawers,3dfModel,e407fb7f-cad6-41db-b055-b53cec937796,16
-46.9435081,9.56241894,chest_of_drawers,3dfModel,e54b8272-2151-4fc4-b2b1-252ed31acecf,16
-52.3187065,-17.6825333,chest_of_drawers,3dfModel,e63a7a5d-9b44-4395-a320-fc04623ad374,16
-11.9091187,9.49190331,chest_of_drawers,3dfModel,e8c3140c-053d-4b0e-969b-64c149d9720e,16
-47.3693733,9.98914433,chest_of_drawers,3dfModel,ee4974b2-4257-4c5e-b162-e02359f4bee2,16
-43.2210121,29.6822739,chest_of_drawers,3dfModel,f13bb9b6-69d7-4f52-9330-2a07306a5865,16
10.99158,-13.2088747,chest_of_drawers,3dfModel,f2bf96f7-1fdd-4ee3-93dc-60f5d027a95b,16
-4.44138956,-18.6274891,chest_of_drawers,3dfModel,f2f683f9-4b26-452d-bf64-9bab9bbf6fd3,16
-12.6479073,-22.0762997,chest_of_drawers,3dfModel,f75ac3f3-3393-40dd-b4c3-69c9275832d2,16
-11.5272255,-41.3295021,chest_of_drawers,3dfModel,f9cafe53-a055-4059-90b2-892a14e3b750,16
-4.81930542,-37.1684799,chest_of_drawers,3dfModel,f9f91675-6d4b-4eb1-9dc9-9c8248937536,16
-15.1200285,-16.4761047,chest_of_drawers,3dfModel,fa471522-2ec3-4925-aa44-2a0129cd6b3b,16
-10.7378187,-44.7119331,chest_of_drawers,3dw,2eed87b6250327ae5af2e94e1c642385,16
17.3537407,13.7257891,chest_of_drawers,3dw,370b6a73d21db46769c0ae1d5b3c701c,16
23.9362316,-40.3106918,chest_of_drawers,3dw,391044517b84f42322bdf63acccdec9a,16
-46.5896835,-5.73091507,chest_of_drawers,3dw,39831deddde3b185391e4d6c585a697a,16
-13.6654072,-42.8598289,chest_of_drawers,3dw,85272e1c07aed978d8709d97a3a00799,16
-44.5563812,25.7416992,chest_of_drawers,3dw,8612f0d5246a6d8423afb61f25e1136e,16
-46.8147774,5.22613573,chest_of_drawers,3dw,87053c17b8c4b739eb88ee6e66f77e68,16
-16.8899975,-42.4188995,chest_of_drawers,3dw,923ec58b498b45bcf5f1aefc7b79a370,16
1.17161477,-47.6054535,chest_of_drawers,3dw,af8b6dbfc2bc4345a6c03a53cf0a14c9,16
-44.7754478,23.6919136,chest_of_drawers,3dw,afe18414025657b0a15412e77390865b,16
27.3013058,-10.0464077,chest_of_drawers,3dw,bfe209245efbce1e560d718bb41742b7,16
-58.5764694,4.73644638,chest_of_drawers,3dw,d072ed310c1ae30562a280769c3934a3,16
-13.2205782,21.9891815,chest_of_drawers,3dw,ddbe61d4d1fdf5c023208e12944f4ce1,16
-27.0330391,39.3642082,chest_of_drawers,3dw,ea325fef9584810c32ea7023fdb35f75,16
-14.4864206,11.3605852,chest_of_drawers,3dw,eafd860879c72d10adab4c26397edfab,16
-39.6763649,25.3948288,chest_of_drawers,3dw,ebf81b1f2fe5d7f4ec89626a4213fd07,16
-45.1952934,25.570549,chest_of_drawers,3dw,f0f8aefcb1d16a1a9303898c72654442,16
-45.6120377,25.2369652,chest_of_drawers,3dw,fc09b0bdfd44ba3fe6048e9979f4499e,16
-49.0928192,-6.0510006,chest_of_drawers,abo,B07121RM99,16
-39.3954926,0.432883382,chest_of_drawers,abo,B071FJR3S6,16
-25.0215931,2.58358383,chest_of_drawers,abo,B071FJR3SR,16
-46.2054062,14.8653297,chest_of_drawers,abo,B071P9WJBT,16
-21.2503147,5.75036049,chest_of_drawers,abo,B071SHBTM5,16
-51.4856377,-8.69121361,chest_of_drawers,abo,B071ZHY8X9,16
-47.9189186,-4.3944335,chest_of_drawers,abo,B0725Z23G4,16
-46.5887833,15.0668764,chest_of_drawers,abo,B0728KSP2T,16
-14.8809948,-26.4827824,chest_of_drawers,abo,B075X2PC3L,16
-44.7416534,2.44117427,chest_of_drawers,abo,B075YZ16V7,16
-42.2479439,23.9703255,chest_of_drawers,abo,B075YZ8468,16
-42.3308144,23.8337765,chest_of_drawers,abo,B075YZPG5Y,16
-44.3323288,16.3449383,chest_of_drawers,abo,B075YZYJQN,16
-40.4731255,-1.31454933,chest_of_drawers,abo,B075Z8THYY,16
-40.1286469,-1.70000982,chest_of_drawers,abo,B075Z93N8N,16
-15.9782152,1.40759528,chest_of_drawers,abo,B079X4CP3F,16
6.77227449,-25.6419449,chest_of_drawers,abo,B079X4Z6QX,16
-50.4255829,-6.97321177,chest_of_drawers,abo,B07B4SBZDV,16
-46.1595802,12.103982,chest_of_drawers,abo,B07B4SCM7N,16
-39.6284943,8.97446442,chest_of_drawers,abo,B07B4W2FKR,16
-27.5158577,10.9852972,chest_of_drawers,abo,B07B4W2MFM,16
-50.1749725,-7.41523647,chest_of_drawers,abo,B07B4YZWRK,16
-26.8522987,11.1008167,chest_of_drawers,abo,B07B4Z2WDQ,16
-47.3179817,13.6903,chest_of_drawers,abo,B07B4ZFC5H,16
-34.8783569,-9.49129391,chest_of_drawers,abo,B07FFWSBBF,16
-11.5956039,-0.0606224947,chest_of_drawers,abo,B07GFDPB2V,16
-29.0521049,10.9411831,chest_of_drawers,abo,B07GFFKRXS,16
-29.2557125,10.9381084,chest_of_drawers,abo,B07GFRP9RY,16
-5.45460796,-18.210722,chest_of_drawers,abo,B07GFRWK15,16
-26.9288292,11.1566763,chest_of_drawers,abo,B07GFSJ68G,16
20.077383,-20.0541611,chest_of_drawers,abo,B07H8JRYSB,16
-4.40739632,-41.6147919,chest_of_drawers,abo,B07H8SKPWP,16
17.0929737,-20.4688244,chest_of_drawers,abo,B07H8SSJVW,16
28.6300259,-14.5277567,chest_of_drawers,abo,B07H8VHYHN,16
-32.9009743,-6.51260328,chest_of_drawers,abo,B07HSDP2CP,16
-32.9871864,-6.5715766,chest_of_drawers,abo,B07HSH4WFB,16
-47.4759254,14.6873245,chest_of_drawers,abo,B07HSHYZKN,16
-12.0150795,-31.9504547,chest_of_drawers,abo,B07HSL4TS1,16
-44.2488708,11.1571045,chest_of_drawers,abo,B07HSNQW37,16
31.2042484,-21.5414753,chest_of_drawers,abo,B07JGPKY8D,16
21.6077156,-13.8145323,chest_of_drawers,abo,B07JWP2Y5K,16
16.9888706,-20.9938049,chest_of_drawers,abo,B07JWPM3HD,16
-26.2308922,28.8087292,chest_of_drawers,abo,B07K8F58D7,16
-11.8879366,-20.2045307,chest_of_drawers,abo,B07PVBJ622,16
-11.1515064,-16.23382,chest_of_drawers,abo,B07PVBJ7X8,16
21.5114937,-10.4983826,chest_of_drawers,abo,B07PXFVNXR,16
-11.8647585,-20.0468273,chest_of_drawers,abo,B07PYKQNKK,16
-13.2164907,-22.3010635,chest_of_drawers,fpModel,01d1b7a2c92f97d248ca72d85d828f930e472064,16
29.1869373,-13.8554897,chest_of_drawers,fpModel,0463153d9be9a8603ecd0e9af7e7763f42ee6c92,16
-13.352706,-42.0495186,chest_of_drawers,fpModel,065ec382b612213e49941b205a074141469eba31,16
-16.4205685,-14.1277542,chest_of_drawers,fpModel,06eb76102dd16261005fd5e4755c71fc3fe83c6d,16
-32.040287,-1.75915444,chest_of_drawers,fpModel,09a0a4a031e33e738214b812f71dd838232df54c,16
-2.56121397,-21.2449055,chest_of_drawers,fpModel,0a7cedd2c534592ab5d5be1f0d8979e47896252b,16
-10.4924688,-42.495636,chest_of_drawers,fpModel,0a9e33bd8772e0b3030d0a443b990328141c7028,16
-19.3295326,-44.2716713,chest_of_drawers,fpModel,0bd260f8efb1afe4ec095ef6dbe503cd1f127af8,16
-55.373455,-12.9114017,chest_of_drawers,fpModel,0f587b130202742338c4836b425cd9478fb971e1,16
-25.9424229,-11.9857931,chest_of_drawers,fpModel,11808e4bfc4534caf787fa15ba07bc2cbee95fdd,16
-33.3278465,-0.118164964,chest_of_drawers,fpModel,11d4ccea439e533416350bbaffa5325a06eb53b6,16
-36.2606087,-9.13197994,chest_of_drawers,fpModel,18fbff8c769c98fe65f8b37e8db12169ff9b37a9,16
-39.43507,-3.85621476,chest_of_drawers,fpModel,1b4359cec4e8321f0477daa2981fad83b5379f39,16
27.479023,-15.8490562,chest_of_drawers,fpModel,1b7f8e7466fd35725ff1b8eff84e66bd90875a4f,16
-32.4498291,8.43856907,chest_of_drawers,fpModel,1c0bbc026e76c09885dc5c6f156a6c3dec605d10,16
-7.16448498,-42.5799637,chest_of_drawers,fpModel,1ccf240adc43432e3bad29950a96f18cfb8bd550,16
-27.1152515,-4.77623749,chest_of_drawers,fpModel,1d38f7b0032aea0e6419d5041cac9d8bedc7dffb,16
-13.7402134,-40.5827866,chest_of_drawers,fpModel,1f1d1126a8fa29130c20424a26176a043af934a0,16
-13.0903759,-39.1890335,chest_of_drawers,fpModel,1f48206dca3babea534ced6c1b440a24ed1d8bc1,16
-40.1954842,11.3805418,chest_of_drawers,fpModel,1f683d9d9451e5347cc742a539e94468a18e9a7c,16
-46.1821861,12.165204,chest_of_drawers,fpModel,2049f5c3e9a4f810916c270f85e639e4326f49ff,16
-43.0536118,-19.2453308,chest_of_drawers,fpModel,223c0f130bcd4b3d546f7044d30ff62d90563177,16
-48.686142,-15.356185,chest_of_drawers,fpModel,22fc9eec57f263e39bce3cd973de66f05cf8cc75,16
19.7869129,-19.6048164,chest_of_drawers,fpModel,24f319e7073bdc9de813e228379526cb99406935,16
10.9399586,-13.3200607,chest_of_drawers,fpModel,2573653e620e455e41f5ef35d8e17d1997629159,16
-27.8941936,16.3306923,chest_of_drawers,fpModel,2643558f6dbe025d988cf3b0d96a14e362d380d4,16
-18.0512638,-32.3047638,chest_of_drawers,fpModel,293c42d04758bffcc63070066170cbb1f09918cc,16
-44.6716156,0.788995564,chest_of_drawers,fpModel,298fde032f598963af06e258cd91385bb453bc22,16
28.1619835,-14.8083887,chest_of_drawers,fpModel,2abfe2c185d18cf31e3dcfd8833207d78daae258,16
-9.6934433,-0.219163895,chest_of_drawers,fpModel,2be5f12815e542ec385f7abdb423500e1c90d0cf,16
-23.0528107,1.47183609,chest_of_drawers,fpModel,2cdb28938dff1f9ab13aee7630cea51f44f60952,16
29.1435566,-13.9288883,chest_of_drawers,fpModel,2dc4fc2ba44e670900db84b7fe9e7e98c8c7b338,16
-30.702013,-24.2070618,chest_of_drawers,fpModel,317294cbd71b7a56a3a38f6d5b912a19bf04ed81,16
13.6739674,-23.2637959,chest_of_drawers,fpModel,31c6e463c3d60f9be291c8acfa561bdceaea1cd6,16
-19.7437649,-39.983284,chest_of_drawers,fpModel,331805416bff2bc91d12068625853de085443c62,16
-4.84510803,-18.2247734,chest_of_drawers,fpModel,3325d76f019bb4ce6533ec1e985ae3e2d67b693e,16
-28.9225674,-7.35110426,chest_of_drawers,fpModel,397597cec45fad93300498e52c2f454e966b2491,16
-29.2332973,11.7658424,chest_of_drawers,fpModel,39a52ed5a9fa90d42d4da320f129d550ec93fb69,16
-30.5144196,3.00688052,chest_of_drawers,fpModel,3a80d608e8af86e86f62cabe698e39e2a5d074e7,16
-11.3478107,0.0136065669,chest_of_drawers,fpModel,3c22ce5ae9be5492c9816faf85879f48534af732,16
-21.3283558,-19.3272343,chest_of_drawers,fpModel,3c37a58988da0e601a092ad2407b45810dae2b04,16
18.2173214,-18.0407925,chest_of_drawers,fpModel,44c41c97eee1e7c7e05b91d58da8d1737586d55d,16
-22.0349846,4.31774235,chest_of_drawers,fpModel,463e89b665479d4a82c4fde27ab4898afa91c33f,16
-31.8586884,3.4315908,chest_of_drawers,fpModel,47b51d048d81593acb7000ff7f131c5ecb5a4f16,16
-10.1082239,-35.65411,chest_of_drawers,fpModel,48ee0122414566a9e3a6dd7b1eee41925c38792c,16
-17.4584656,12.2623863,chest_of_drawers,fpModel,49821166f6f44815955aed0168003c6b6e7d6f27,16
-47.6988525,-15.58321,chest_of_drawers,fpModel,4d2c2d793673e1bbfc7139a1247788878e1f3855,16
-18.4915466,9.76548862,chest_of_drawers,fpModel,4e8e1181584e949cc255e66b0ca57b6bf1a6b49c,16
-6.74435139,-43.1901588,chest_of_drawers,fpModel,4f19667d3471b5c6334c100f58e8028bce855ddf,16
-16.0096836,-41.5787544,chest_of_drawers,fpModel,5056a49e5f84570b0869f38913c33a89b69e074f,16
-23.021637,0.103919826,chest_of_drawers,fpModel,51f5784f9aa737d70861e540e5ea988f89c03fd4,16
-18.065731,-22.8615341,chest_of_drawers,fpModel,54ce1f3c68d8fb0c86ae7e9b88803fc1306044c6,16
-21.4543667,-18.2503586,chest_of_drawers,fpModel,54ff8e2cc09fafb0f6b7a8df9f9cf20bd6c34074,16
-40.267807,-15.7203398,chest_of_drawers,fpModel,5522cdf6b9135266e8c73fd545bceaa40f6f7271,16
-19.1454544,-44.2582169,chest_of_drawers,fpModel,55ff9aed203f1ebde9fe8651de7ec26954ed0232,16
-26.7381096,3.81622386,chest_of_drawers,fpModel,58c1f347bea26244cf39efe7ff10e6cebaf48758,16
-47.1118393,13.3324556,chest_of_drawers,fpModel,5dc40ae3eeb5fbd9c901ba3bae7f6e4647614c81,16
-11.8915424,-36.3103714,chest_of_drawers,fpModel,609530b858465d9795ac43ba435fdd5f12d95956,16
-12.0192137,-42.1065636,chest_of_drawers,fpModel,61d4155613cdff2e36558a2c210452232eea676f,16
21.2491112,-21.3918171,chest_of_drawers,fpModel,646494372843940c527b852cc9d9412bb6fe8e16,16
31.3451061,-19.3722305,chest_of_drawers,fpModel,66971c63d2b4e3c6c42ec3563a66db522c2e8b93,16
-34.0941162,4.01267624,chest_of_drawers,fpModel,671a738c995751adca603a8aef3781db5df82e84,16
-45.6534729,-6.98490953,chest_of_drawers,fpModel,6962a0d748b88e71de56e28472adebb9fe6cefe7,16
-46.2449913,-7.5056982,chest_of_drawers,fpModel,6b72541c4a983863be92d0c603846ca9e1792ad1,16
-11.6400585,-43.2866707,chest_of_drawers,fpModel,6d373958555e97eb77c89ce28fae01475877b0b8,16
-17.7901516,12.6740398,chest_of_drawers,fpModel,6e799bed095680306e2852efbe7f191cc6c3ff87,16
-17.2463074,-20.2839088,chest_of_drawers,fpModel,70c79bca253e00b3f33bdca64f8aa12eda31db70,16
-19.8658123,-21.2479324,chest_of_drawers,fpModel,741c787824bad244f18eba3b24e0b5176631217c,16
22.1999779,-21.1328621,chest_of_drawers,fpModel,762665bc7a958151874c15edfc2711b161376678,16
0.903516889,-21.5984383,chest_of_drawers,fpModel,7e9ae82058f7719b0e8b0e83a055ed7341afe69d,16
-47.23283,14.7277431,chest_of_drawers,fpModel,807955fd4dcb59b67789b24f2e7bc167027c870a,16
31.9831791,-19.8453712,chest_of_drawers,fpModel,81017a44e0b7694b93bcf6ca1f6a46bc8fc8077c,16
-40.7523651,-16.8189163,chest_of_drawers,fpModel,82728c060f48775287a921c7530606aebaac0448,16
-50.3274422,11.4766207,chest_of_drawers,fpModel,831e2cff446337af8791038161c7d32d96726b20,16
-46.8363075,14.3997278,chest_of_drawers,fpModel,83fa9995d2ae8d358de0160c9f446ec15048b142,16
-16.309309,-43.1170349,chest_of_drawers,fpModel,85e57bc57bc1929784b066eab7ced82d5f44a6a1,16
-42.6952515,14.5932751,chest_of_drawers,fpModel,865da0881974291c56a1a12c9acb0a95f664f741,16
-16.3756351,-14.0529118,chest_of_drawers,fpModel,891f93778cdee4e6fc7133e344bff9f5ccdd1d48,16
-29.7082806,-4.43166304,chest_of_drawers,fpModel,8994a2078b60a17205a34a19f8851ad81980aa97,16
-38.2583656,-1.11467993,chest_of_drawers,fpModel,899eebd2e800dead618d9df13704e2c94c2f453f,16
-12.3507624,-39.656662,chest_of_drawers,fpModel,89ba3ca85be9fdeec04468df9a4f75c17d91b01b,16
-44.7576981,0.257998228,chest_of_drawers,fpModel,8a2467f42dc962b5a3bcc7868f6faf9ea31397dd,16
-44.6678429,-0.489291251,chest_of_drawers,fpModel,8a75b901c9375d1647b9a7d51e6a6838a9751a86,16
-40.3326302,28.5853252,chest_of_drawers,fpModel,8acbdabe5523ae5326804e4472d9c9910c94b4af,16
-38.3146095,10.0684671,chest_of_drawers,fpModel,8dba4cb9fe62d4f420d087fa9c358a3a7801e404,16
-13.2155142,-40.3443108,chest_of_drawers,fpModel,8ead2614ed88bb808e684234eec0f9120f41c089,16
-20.9604301,5.64836788,chest_of_drawers,fpModel,93767fc355a1afbfff79d54a25204069e0543d2b,16
-13.0569468,-40.9393654,chest_of_drawers,fpModel,93845075e1c4e220eea68160d6028072985ccce8,16
-44.8259811,-0.813495159,chest_of_drawers,fpModel,94551b307867c4780e5f811f82a9bd3b708767b0,16
-28.0588722,11.7640371,chest_of_drawers,fpModel,94bcdbab5bdbd66a83152fb67b620ebbca789fc7,16
4.18318939,-40.3808212,chest_of_drawers,fpModel,95eebb59a0118bc955310006181781b67de0303b,16
-46.150692,12.1433592,chest_of_drawers,fpModel,96ba916d576ea72cad9f317a3013d4bea661e74d,16
-26.8235989,-8.7055912,chest_of_drawers,fpModel,96e10274b2d1c6c76568386a781b1d74a226856a,16
-40.4035263,-16.9184132,chest_of_drawers,fpModel,9aa961137b4a6103e242a6e515aefcb7aa434161,16
-22.2570629,6.17847681,chest_of_drawers,fpModel,9b34edb22079c93180e57192ed0c919435f8fabc,16
-17.4106922,-42.6767082,chest_of_drawers,fpModel,9eb29f8df2d6130cdc5d4028a93ba460688b8042,16
-18.1841221,-41.5344048,chest_of_drawers,fpModel,a0800bdac932b41d0e661a1dff7b03fa44b0a4b7,16
-40.1491318,-16.2607803,chest_of_drawers,fpModel,a0f01ff926fe404204e9a7914ba299df5e807694,16
-8.19742489,-42.3107071,chest_of_drawers,fpModel,a20c3592b8233194d54cd75d882f86cfe84edcd1,16
-14.5116806,-21.931448,chest_of_drawers,fpModel,a65297dccfaad2014cb1dfeee9e07ebc3dab25db,16
-40.611702,-0.31228599,chest_of_drawers,fpModel,a6d4ca2a63e1bd0bff603d1fd57e3e321d16587f,16
26.8019066,-16.9955482,chest_of_drawers,fpModel,a789f832710854534fd892d04ce030f7a1a9320e,16
-9.10618973,0.0129954573,chest_of_drawers,fpModel,a8c7b544e50ac5d032cdd676ae83d5e15cb9cf6f,16
-11.7513466,-42.6643448,chest_of_drawers,fpModel,ab147892f0d3e77a2ff2cf511c8cd62cafb2b973,16
32.6302872,-19.1875668,chest_of_drawers,fpModel,ac0817d0fe557345c16534a7c1f25ae6e2972393,16
-26.4112778,3.87492561,chest_of_drawers,fpModel,ae0c378302f7fe60bae22dfd25ad9f2713a08505,16
-39.6218834,-17.2043629,chest_of_drawers,fpModel,afa04171fbf30e2a5e5cf439d4ae70cdb7a88c62,16
-21.459074,-18.1605511,chest_of_drawers,fpModel,afc34f614d37dd15c323fbdb9df5e67023c5bc84,16
-9.82026291,-30.5388775,chest_of_drawers,fpModel,b460642155f053278bd1ff6d057e6bcf49ae8ba5,16
-17.5828075,-5.02996922,chest_of_drawers,fpModel,b5729920dcc9568aa10fa3034e37566ae8944203,16
-12.4101534,-42.3550606,chest_of_drawers,fpModel,b5813425898277762224ac7c5772d3637586abfa,16
-16.2562199,-1.44394791,chest_of_drawers,fpModel,b5ac5dd1dc346152f1a07d3e40e665de05095852,16
-4.22680092,-21.6518555,chest_of_drawers,fpModel,b5e518e3fea5db109669295a3b91d6e2654c9ae6,16
19.461504,-20.5956745,chest_of_drawers,fpModel,b6645423faac4d8a1bfeff2d5106285dba2a8a00,16
-39.9943199,-16.6024456,chest_of_drawers,fpModel,b83ed34420fefdf8063b9b33d4c1305aa534e75a,16
-21.7666302,5.47327852,chest_of_drawers,fpModel,bb3f594366eccfe9dec0e81311389b85088299c7,16
-47.7988739,-3.50909257,chest_of_drawers,fpModel,bc59a49ebf99164d5ed88bd6eaff12ec4ed86d0a,16
-28.6818352,19.270216,chest_of_drawers,fpModel,bd7afc0af95def79ba0a85559ba1a35c9b32b83b,16
-49.0347519,-8.92191696,chest_of_drawers,fpModel,bd8f1a9eb25a71785663f03fd8e8770068ea49bb,16
6.98688221,-24.5945492,chest_of_drawers,fpModel,bf02cf6cbdba130dffd8bd550a2bb2eed8573c62,16
11.5483541,-11.9277258,chest_of_drawers,fpModel,c037f556753b66e786c130526e4b807a8636cf1b,16
0.275004029,-21.4341507,chest_of_drawers,fpModel,c2cbb4677994a6d2fbd4796360fe7538d9189eda,16
-13.1438951,-40.6679764,chest_of_drawers,fpModel,c34d55162d1b20d077c536fbafd0a1430680222a,16
-12.972167,-41.1699982,chest_of_drawers,fpModel,c3a726217d3a5aea52bebf82925a734ef322e529,16
-15.3252735,-39.3592529,chest_of_drawers,fpModel,c498d4ff8a6506991025a1a036943ad3f82c62ac,16
-43.2495461,-2.39975166,chest_of_drawers,fpModel,c5fe7eaaa71f5cc7e2bc468d56bbdd3685b24224,16
2.43206239,-16.2870369,chest_of_drawers,fpModel,c8066b282efeea5f6d7930a742cb57ffdec6105b,16
-31.1242466,10.3838177,chest_of_drawers,fpModel,cc34d2bd7d33c5dd311fae8268857ee35dcbab47,16
-34.4625244,32.8340683,chest_of_drawers,fpModel,cd69767e95dec46a9ced153cb9faa4e36d595805,16
-41.1626167,-16.9563046,chest_of_drawers,fpModel,cdd7e787c588639f7f7418656396df152f8a2a81,16
-34.0834045,0.0904893279,chest_of_drawers,fpModel,cf9fb707f111d08c80f8d4aa84793567ce13daf3,16
-12.2875872,-39.7185974,chest_of_drawers,fpModel,cfa828eda507f07bda0a4ae48dad583b9f6f4c07,16
-19.7416763,-21.0777302,chest_of_drawers,fpModel,d015e61bece2fc81cddeadd8bd55d97005846874,16
-15.1366692,-35.0620499,chest_of_drawers,fpModel,d15420918c690dbe0c1e62db3e69a94db6ad109a,16
-18.1249046,-41.054409,chest_of_drawers,fpModel,d42d4f924fafaf8c326cca055aa6f21b0852d32f,16
-50.5034485,-14.6605911,chest_of_drawers,fpModel,d74335d420e30b73fe0f8859cef6e5701b0d0360,16
-25.8684483,-11.8393564,chest_of_drawers,fpModel,d96b2b9537c7c721d5a79b375aefbfacecd04f65,16
-52.9179382,-8.37488937,chest_of_drawers,fpModel,da5808d15d8c00f8b358672b2279c5c3dc1f22f4,16
-40.0591888,-2.1173408,chest_of_drawers,fpModel,daf22e426300f5b1676128b22affd6a5cb40a285,16
-22.0632915,5.9036541,chest_of_drawers,fpModel,dccf4f0724add1d24511d9353a2c959487df35e6,16
-21.816637,-22.4328346,chest_of_drawers,fpModel,e0904825b1054930b43c7c9c1a4340e24845c989,16
-17.6095352,-19.764677,chest_of_drawers,fpModel,e0c58f0e9cfa8fffaa6707541a2e7a79754a99be,16
-18.1502342,-42.6825294,chest_of_drawers,fpModel,e18ae6c638ec54e7e75a4dc9a1b2a3e81f220d6e,16
-27.5765572,-8.3122673,chest_of_drawers,fpModel,e2ccbc72bf0fd7d7c0ac172153fa5441393463b8,16
-28.5136776,11.7199364,chest_of_drawers,fpModel,e3ca4616713c8ffa6e9292f63e5c5eea48a06675,16
-13.6068258,-42.6396713,chest_of_drawers,fpModel,e40eb85bbfeb96330fa43d3a766676fd4bb9fb3e,16
-30.9797001,-27.6722755,chest_of_drawers,fpModel,e5e5164617d57163bf0a422c90ace89bca38a1bf,16
-26.4851456,3.89939499,chest_of_drawers,fpModel,e90b8e22e998c42978d40fc56a6c82f05206f85b,16
-22.3699226,-30.9237366,chest_of_drawers,fpModel,ea5d508ed930bac843d729a15da80aa04a374cde,16
-7.03016043,-42.3392105,chest_of_drawers,fpModel,eb1f0e36c538c16711d71646749d334a48b16f40,16
-48.1249123,-6.76804304,chest_of_drawers,fpModel,ebdc1c859bc54bc67a2dba4fb9eda25ec1e3abf7,16
-13.5542555,-14.8849163,chest_of_drawers,fpModel,ec18a3aa141da6cc66cd7e3cc90909fb071481bc,16
-21.3645172,-18.6058331,chest_of_drawers,fpModel,edf190bde948f0a9563431f27102d88a533a3b0a,16
29.1778049,-13.7709522,chest_of_drawers,fpModel,ee40f3189cef7223efba7b28ffe3a49625f3fa86,16
-32.5354729,1.28816986,chest_of_drawers,fpModel,ee98fccde070292795afc79f792b1fdccd0017e1,16
-13.4920177,-40.6775627,chest_of_drawers,fpModel,efdf51d72fbd488727731660402fd776fd96fea6,16
-52.7243576,-14.541873,chest_of_drawers,fpModel,f189f07dd84f84ec694f21df8c35e07d392c6486,16
-18.3022594,-21.7195606,chest_of_drawers,fpModel,f376eee2893560e6d4e96fedfb32c29aece8ea3f,16
-14.375948,-23.6341343,chest_of_drawers,fpModel,f5726f2e407d3c64105ae2f86398cd413bf745c6,16
-21.0310059,-22.3849583,chest_of_drawers,fpModel,f5d30765219e9a8ac3a49fcabd6fdd56980893e4,16
-6.29578543,-34.6360054,chest_of_drawers,fpModel,f6914c27f2fc0981865d7d5bef5d7581c373a7b1,16
-9.6021471,-0.170282513,chest_of_drawers,fpModel,f7dd7bd228c2036cf45951c3d956163357a6094a,16
-28.4467831,-8.03203487,chest_of_drawers,fpModel,f8aa61c06228b4a2b01786c63ce8906b2d20c1ca,16
-16.3813725,-14.048665,chest_of_drawers,fpModel,f98c28031324740e01f300978e64aa4fd91e15fb,16
-41.0451317,28.2415104,chest_of_drawers,fpModel,fa4157def4e294f4fc7c68000d99b90821e47f75,16
22.2309895,-20.5841217,chest_of_drawers,fpModel,fa4784999bded45e376e3807e60c0875ae5dd08e,16
-18.3737621,-21.0273399,chest_of_drawers,fpModel,fb10f5c28cc55822c0b662f8b78a70f39093dec2,16
-8.7723341,-45.731739,chest_of_drawers,fpModel,fb757ae376be045ec538f416544191b47e05bbb8,16
22.2010498,-20.7657356,chest_of_drawers,fpModel,fb8325020112cbf94b481e2524f9975ad7a45de1,16
-49.7238426,-7.21819973,chest_of_drawers,fpModel,feb39fbc538b7a42b64d274baae3b8f10d8eb8b7,16
-43.2157974,-2.97802305,chest_of_drawers,fpModel,xxxx91982f33xb278x4c6dxbc98x360785ee2a8c,16
-39.9386673,-13.6309366,chest_of_drawers,fpModel,xxxxf2ce548bxccd4x48aex9518xaf99df64dd72,16
-24.1605816,27.440155,chest_of_drawers,wss,208977431e9f1ebcd85b29704f5fc7f2,16
-53.0591698,-9.18377781,chest_of_drawers,wss,3a606e8ae4cb46b1e83221ad0d21775,16
-48.4449615,-7.47820091,chest_of_drawers,wss,3c693492780885e248af20241edfd17b,16
-52.5272102,-17.5997448,chest_of_drawers,wss,47b8322f6c83407ae0bc4ac9fb86d343,16
-58.4969101,4.96389532,chest_of_drawers,wss,47ffa354257d2e3b20f4d1b537b5ee90,16
-18.1498165,-51.1246605,chest_of_drawers,wss,5a4a4d6f1f5a83a8124763df40048906,16
-45.8751869,25.3958492,chest_of_drawers,wss,648bdbefbe72c6e596d5fa1ee6ada8d1,16
-46.3310623,23.3185081,chest_of_drawers,wss,7ffe6bb6e47960c621d25a6a55757584,16
-26.8322773,32.3431282,chest_of_drawers,wss,a38f20793fbbd3d3ff03fd9a67a9cdfc,16
-43.9809303,26.3614388,chest_of_drawers,wss,ad86354fb5faf1c98a4820926b2a786,16
-24.2300339,27.3248787,chest_of_drawers,wss,c8f1c5562dc1e97358661a3fa3dffb70,16
-36.1270218,-10.4019651,chest_of_drawers,wss,ca6aa453d78ad2872b34000f367cf8,16
-13.8640289,12.8329983,chest_of_drawers,wss,e9e3f04bce3933a2c62986712894256b,16
6.33813906,-16.3321648,chest_of_drawers,wss,eaf341c056c79bec1a2c782fdbf60db6,16
-20.3135529,-43.4815788,chest_of_drawers,wss,ed962adb28a752239d83b0c6628c5e37,16
62.4005623,22.6192703,clasp_knife,3dc200,74_029,16
-28.1488361,-11.1642303,coffee_table,3dfModel,24582f50-e36a-4306-a5d6-c03013fe23d7,16
-29.1071739,-12.0640116,coffee_table,3dfModel,40860cf0-4d90-409e-92dc-14e57ee94d70,16
-37.6776886,4.50516987,coffee_table,3dfModel,60f31d5f-5196-4237-88b5-de02deecdbad,16
-46.2735939,2.67573142,coffee_table,3dw,106d7ba2e8b2b8d1e6942c5426df6055,16
-12.8310795,-31.9139404,coffee_table,fpModel,03fdc8dd8b89fbff8cf749f5c847180ab13e53d2,16
-35.3117599,3.37569928,coffee_table,fpModel,1b914fb6bcc81386bfa1ff7a3eb8412b7ac581ff,16
-23.7430534,0.469078153,coffee_table,fpModel,34b1492d454d5339285b02b94d1d3e7833f58b30,16
-37.5830727,-1.34638882,coffee_table,fpModel,56992c68d20498de6e888ca811f2507f0c6707b7,16
-33.6568451,-0.563546777,coffee_table,fpModel,6e8ab0b6640c5a66914dbb05d4019a5dcaeb0b44,16
-20.4657021,-17.3014946,coffee_table,fpModel,7f98d7f8b92972a8f65e3584626ac02b2c731931,16
-46.7059669,-0.618867457,coffee_table,fpModel,c3d1458850c46eda098af12448fd306c93cef1e5,16
-31.4144764,3.00286222,coffee_table,fpModel,efb43e8fe3f3676e24825ad26cfd166737d1ae6c,16
-46.9882584,-0.705311298,coffee_table,fpModel,f8a1e9ad71428615e74490c8fe10d309b527ee55,16
-22.7542686,14.198163,coffee_table,objaverse,00441c95af714b6db3e9b733409f2918,16
-23.2603607,14.6541929,coffee_table,objaverse,10a44181bd4a42ab9daf7e86d4db9498,16
-47.9073792,3.88349175,coffee_table,objaverse,4a4025012dfc4794a1f861364a5794df,16
-39.6544876,8.78962898,coffee_table,objaverse,52726e7028fe416e8592184470a5fbc4,16
-37.3029976,0.298251927,coffee_table,objaverse,52c0ffec000844ef9f165598ac824958,16
-23.7419662,-38.1540833,coffee_table,objaverse,54ef18c4cdc44a6ca0c77a0fe7673231,16
-37.5113144,24.5519867,coffee_table,objaverse,6e11d13b545c40a08bfb5bb65c1c06f6,16
-49.0853615,0.698117018,coffee_table,objaverse,8bbf1e3099d04216b52c350bfd7f2d34,16
-29.1021442,-11.6737938,coffee_table,objaverse,abfe794f8f6a4e2a8c770e86591fbc1c,16
-47.4546127,3.53137159,coffee_table,objaverse,bced80b703d34192a711aeb4b7df711c,16
-44.1201706,11.6186361,coffee_table,objaverse,dba88f71ce0240c08bca4a1155bf0afb,16
-35.2047424,10.721117,coffee_table,objaverse,f24a856428f94f2ebbcaa0626f62eb0e,16
-24.5117989,-38.5403214,coffee_table,objaverse_xl,3d4b203db889624a42c31c96285c88fd399fe25e375ba6f1e9af4e3e5414440c,16
-25.1386089,41.4223099,coffee_table,objaverse_xl,c0c55e1d3ea8d5242fd522e101ca9406433fb6b0038a85a03ecb940525b12226,16
-38.4372444,13.5627785,coffee_table,texverse,18a37f7bedbc4d85b00f7ff5a549c181_1024,16
-30.4348488,15.6972246,coffee_table,texverse,3724c5b98d3d45abbb3c5757aae34d02_1024,16
-44.3574142,9.74699879,coffee_table,texverse,47e3b472cbdf4bf09f5a9485d3487ae9_1024,16
-29.0751801,-11.5639172,coffee_table,texverse,67b2125f1875467484a7fa738b19951d_1024,16
-21.4998512,-7.7572732,coffee_table,texverse,6ba0e6124a6245c98b23d2efd105c0b0_1024,16
-45.7044525,1.40625966,coffee_table,texverse,89a6a688d501462aa8e8141814830828_1024,16
-48.2250748,1.63696074,coffee_table,texverse,b72107f5ceed42c59789ea4638ab3814_1024,16
-50.1487045,3.95917273,coffee_table,texverse,f7b39cad83bb43fe88c302e6dc895798_1024,16
-51.4241867,1.84003961,desk,3dfModel,0a6ce4c3-1fbd-4135-b441-40a07c634660,16
-11.2226295,-10.9783926,desk,3dfModel,1018f771-ba38-41ef-aaf9-368f2376cf7c,16
-9.78386497,-10.5799189,desk,3dfModel,11a0113b-3bf2-4333-b2f1-f882179a8844,16
-28.6075115,-38.6788406,desk,3dfModel,2d529a92-bbac-4b3c-a506-51ed907edadd,16
-26.8503723,-19.4314308,desk,3dfModel,40eb7172-370e-36d8-a79d-5485e3df0da0,16
-7.13246012,-4.37341499,desk,3dfModel,4d079123-d24f-41f0-822c-b2140ea44fac,16
-26.7858753,-38.6504745,desk,3dfModel,5ae0d9c7-b509-458c-ac58-8a91322deb8b,16
-35.600914,14.5181189,desk,3dfModel,5d12b4c1-0978-4b57-a6ba-0f9fbe168810,16
-39.8357468,3.69500327,desk,3dfModel,6898badc-cf55-3bbf-a498-cbfd128c698c,16
-45.4395752,6.40529394,desk,3dfModel,76c55e1b-71ca-3af4-9eaf-4c040567ce02,16
-34.6419983,17.6096153,desk,3dfModel,7fabb243-e90c-4dbb-bca1-03a94462bde9,16
-11.1674004,-10.9885387,desk,3dfModel,87779242-ec6f-4a22-9b1f-831270695c9c,16
-25.6211777,-35.4500237,desk,3dfModel,8d88a0e7-c261-4ac0-93cb-39b3264bf7b5,16
-9.51894283,-10.8544531,desk,3dfModel,ae2afb0b-9911-41cf-8786-4493546c3185,16
-37.2406311,18.5110722,desk,3dfModel,af9e4300-62e6-4c4a-b4d6-1bfc9eeeeee2,16
-8.29189491,-11.2466555,desk,3dfModel,b44ed9b8-1dd3-407b-ae5f-930270312e28,16
-48.0456467,-0.987298787,desk,3dfModel,b71413ff-2169-47b7-9a72-48add2708bf5,16
-29.2131424,-37.3727646,desk,3dfModel,c255e58f-427f-40a3-ac56-b2469c5322b5,16
-27.273983,-37.1659393,desk,3dfModel,c566f84c-b77c-4f90-9573-f5b464abff6d,16
-51.1611137,1.43812931,desk,3dfModel,d3cdf932-8e63-462c-bd12-cf58c075b0b2,16
-22.9532166,-20.4409676,desk,3dfModel,dc7b8f77-9661-4d6f-ad9a-2c202d6d8e1f,16
-9.67443562,-40.4026108,desk,3dfModel,e0601178-765a-4bad-8ad8-4dc593ae155a,16
-42.934288,-7.02966976,desk,3dfModel,f33cf33b-ab28-41b7-95fc-c05d527c32b3,16
-28.5174255,-39.7613564,desk,3dfModel,f3ad0290-c182-4316-a727-07be002ad838,16
-35.5740738,14.4495239,desk,3dfModel,fec2a457-251b-40ad-94b8-ee4760e78153,16
-41.095089,5.60943651,desk,3dw,283ad934385bfe6a77448e5a5b30a534,16
-34.9685059,20.2101879,desk,3dw,417612713991fcb7ef63c5e641f6128e,16
-48.8967743,6.59864902,desk,3dw,5c63fc733d0a1443391e4d6c585a697a,16
3.93674636,-4.5767169,desk,3dw,5f1437b18cec7dde97a7520540a0e77,16
8.22297287,-4.17393351,desk,3dw,63af2bcbd329f7c2951c1fffab4f5807,16
-38.2979927,17.1003189,desk,3dw,762e7f3d4ad5c50962a9eaa32bfe99c4,16
-19.1713543,-11.8399992,desk,3dw,918ed935eb5503ff7b4645b0bf6b47f2,16
7.8409791,-6.17951584,desk,3dw,a06b67f40c9d675188ce13d0c8749b7f,16
6.77627468,-4.16790295,desk,3dw,b0e503e12dafe51545526323d32ff22,16
-43.5097618,5.17536211,desk,3dw,ba3c3e39d934d004a0ab1d82ef09f78f,16
-42.9009705,12.8817091,desk,3dw,c87b5a312fad42d6c088f4333102490e,16
7.49946594,-4.01555347,desk,3dw,db780c4c250bfab3ffdde8f3dc94bd93,16
-39.0934639,5.16882372,desk,3dw,dea12a3961f77622a0ab1d82ef09f78f,16
-13.1136112,-35.2788773,desk,3dw,e5f6560601d3279a3fb0920a55a7e805,16
-40.8066635,15.4899769,desk,3dw,f2ca4260edd439b64b7ab0e8e275bdf0,16
-41.7198219,3.74371147,desk,3dw,uce030552-b4e1-4867-a8b4-252b59b53b41,16
-39.9640236,17.3046341,desk,abo,B075Z93NHP,16
-32.3131409,-12.3203535,desk,abo,B079HXWXXD,16
-27.9286995,-34.8530998,desk,abo,B079HYXWPC,16
7.86795998,-6.89771414,desk,abo,B07GFFQZRQ,16
7.98104858,-6.96926403,desk,abo,B07GFT67NJ,16
-19.2879963,-12.9200478,desk,abo,B07JQ7T5YP,16
-34.9596863,16.3597164,desk,abo,B07K6N3XKZ,16
5.63965321,-6.73279381,desk,abo,B07K6N5FVX,16
-35.0270309,16.33074,desk,abo,B07K6RNQDH,16
-32.0487022,16.0920563,desk,abo,B07K6S2G5Z,16
-19.4440022,-12.904563,desk,abo,B07K6S2G67,16
-52.207737,7.36826515,desk,abo,B07QF9Y6Z9,16
-19.2695961,-12.8505297,desk,abo,B07TJV6Q5W,16
4.43458557,-6.12975454,desk,abo,B07TN2RZPW,16
-31.9784832,13.761817,desk,abo,B082YM18R2,16
6.2106142,-6.7680068,desk,abo,B084S6R7MV,16
-22.7582417,-38.9784355,desk,fpModel,00f5afbca9f9bb5eadf718e81a66f0973ed67898,16
-37.5368385,18.1196823,desk,fpModel,01be253cbfd14b947e9dbe09d0b1959e97d72122,16
-38.2428894,15.1529207,desk,fpModel,03f226dd0e012925a8674564c4de19cb786c9a88,16
-29.421051,-11.6875706,desk,fpModel,128ed2ced9a101aa0d131fd224012fd52198003f,16
-27.6272678,-38.2488708,desk,fpModel,13fb5e59f1f43a212565ecccb938cef340453b13,16
-34.2026596,-1.36059844,desk,fpModel,1619e2e6a18d5d374963a3a4280f7a6d76356079,16
-26.8578205,-37.0346794,desk,fpModel,1f3cb2b9ca2bbeab98947de6f076ac212474c494,16
-22.0133877,-19.9965916,desk,fpModel,215e08aaca7f96eb917fb32b11a459b2271a31f0,16
-25.1013527,-18.5311508,desk,fpModel,24430dbe765dd54d727d0ba3d234601142805e4b,16
-27.394352,-38.9327469,desk,fpModel,31e11f036e69ac95f264368f9736ad533b8c1325,16
-37.430275,0.371024072,desk,fpModel,35effafce676776d73b022654d4bf7c1d668363f,16
-28.2433643,-39.5002098,desk,fpModel,3752800362cdc6ebfba94a5a4f45aa730d81cef4,16
-52.1223335,5.38872051,desk,fpModel,3a12fb2ab85d734b4b11bc6f541be9961e7ecd23,16
-51.5387535,0.584564507,desk,fpModel,406f46db4f76f7973ac743ef7fbc70b77785f05d,16
-27.9137554,-34.7123032,desk,fpModel,41d16010bfc200eb4d71aea6edaf6ad4bc548105,16
-31.1435604,10.8347692,desk,fpModel,429de8a53ddf94a47ec553147dc8603b803be056,16
-25.3884926,-20.2560501,desk,fpModel,437d63141f9c157ca01a57b90e50be01ce2568c1,16
-30.0178394,-17.3128357,desk,fpModel,43ae5bbfa16a74dbc82d29041846e0b92ccafabc,16
-25.6378822,-20.1235218,desk,fpModel,502531250c603e992364acdeb7ced91b9c82e3f4,16
-36.0081024,-1.31078994,desk,fpModel,561105c73bf76152a2b32e4f55f80db6a25ac0d4,16
-19.4010582,-20.6948719,desk,fpModel,64070ceff1d42c909465e51ea0ae4c2be6469fba,16
-27.1593075,-36.51791,desk,fpModel,67cd90e7e00c93901ba366c8ec6f5dbf586890f9,16
-25.8991852,-34.6323166,desk,fpModel,6804953904df94d4abdb0776ad6d55c2a5b8aeaa,16
-52.5899963,3.32235479,desk,fpModel,69d3d9f343616758471411e4eae82daadc1d1ac0,16
-34.4798927,-2.47531581,desk,fpModel,6d24b2fdb2fd4ba5a34bb077ce32d05270fb8ad2,16
-9.9858036,-40.6404991,desk,fpModel,6d264e3023b940b0b1d31b77e04d0c845853c1f0,16
-54.4296761,-16.4511604,desk,fpModel,6e6c0f0829627cf5ca77c58142311dcfb12a17e8,16
-16.3959217,-21.786356,desk,fpModel,6f0b2844edf4906d69832484e80d5a69d9b33b1e,16
6.73438215,-5.69573116,desk,fpModel,709745fbd3cc41050840793cdf67e73995e27270,16
-50.8794289,3.07339001,desk,fpModel,7489bcf3f226d315b4627bc442422f44f9eff092,16
-37.2539978,17.4795189,desk,fpModel,78c6daa160452aab3cebdbf707a034cf121c86e8,16
-28.9279747,-20.3085384,desk,fpModel,78fe75bb14f06cdfba063a60de551a71d84e89f0,16
-27.5039215,-39.0304184,desk,fpModel,7cdeb790eb0a2a35f1bd5a29588c1b251dc0a3e4,16
-30.1549892,-17.0752392,desk,fpModel,8195c2991d03645f5a989b7aa0601161ad34241f,16
-26.1639538,-37.9025345,desk,fpModel,8adc3b058f1684f4de9e4f6d1ca718f4f2e1df4f,16
-34.6741295,-3.06555581,desk,fpModel,95c60720df5c0b8d3b59de6ac852f4d1b2d06a3f,16
-32.9184227,-11.1912689,desk,fpModel,98082ffefeda96e60df9cd906920ef6918a9e874,16
-25.4642296,-18.796175,desk,fpModel,9adb235d4841962c4ed5729d151cfe3ae39609e9,16
4.24267673,-8.27436352,desk,fpModel,a32ed32cc5693cb1ccd4792b7c3f0340cc8eda91,16
-26.1302719,-18.6477604,desk,fpModel,a988bc50b88f4e627a0860ff647e1c9f62ea66a2,16
-36.5050392,-1.20460296,desk,fpModel,aaecdb19e67392d21115834f481a4c7a2660e90b,16
-29.5251122,-38.0260162,desk,fpModel,b16142c1f913731acf684391604959b2989ff917,16
3.91380262,-6.0842371,desk,fpModel,b1c0fc607c063010c4b9300c955a0e3e5f7001fc,16
-26.5736351,-38.3432732,desk,fpModel,b2a15fbf1be55416b27bc7ef9a10d2b22af24376,16
-28.039835,-19.7902412,desk,fpModel,b2d2f9ca104169f9f8b874be2a35b40c77642439,16
-32.4784622,30.0662041,desk,fpModel,b5a23e82cd0af7f35dac26da79ff5e34d4efdd2b,16
-50.3054161,2.08505297,desk,fpModel,bb034d375833247e8539a25b7075afb01e908507,16
6.56931925,-6.40530109,desk,fpModel,c192b6182392e8ab3704f8f95f8899fa0b6c7cf7,16
-27.2225533,-20.0823803,desk,fpModel,c77e8ffcb85d5d91694bfe37516ef9880890716c,16
-34.9479332,-2.54785967,desk,fpModel,cd88a7acd6170502cae92b5054f0ea1327376a03,16
-52.1950417,-15.3663149,desk,fpModel,cf2ccf35f30d7f7a463a0ef5eefc18a90ea7d2fe,16
-25.7878132,-19.8558311,desk,fpModel,d0e9a70969310ca5b09c46606d1c8959edba16f5,16
-13.6757917,-39.5462875,desk,fpModel,d213d8ab611456a8c8d1f8b1f76bd075d9070f48,16
-25.6257248,-20.0939178,desk,fpModel,d35907d5ba40cef9835aea3cbb808e9a92d9cbaa,16
-26.1660652,-19.4600067,desk,fpModel,d4e0d78439767eedfbf0a3ab83301d472c8c13cf,16
-29.9137936,-35.725029,desk,fpModel,db360d1335005af5d247884ecb78fa6977addc6a,16
-29.911581,-38.6094933,desk,fpModel,ea4826625a4ad17e2bd2f4013acdb1c26b568999,16
-26.5042515,-23.6863995,desk,fpModel,ef4ef1a757e871e774b4f1a73c55906bea1dae7f,16
-23.052578,-20.5079155,desk,fpModel,f1daaca929f58ab494442d7ffa6b60a7d886befc,16
-21.5135822,-41.7539024,desk,fpModel,f686c15418b7ef098ba67f04d746c6971ac31002,16
-27.4212112,-38.9801826,desk,fpModel,f84624a16fc343ce94373e0ec45362127c70451a,16
-30.0983639,-17.0486069,desk,fpModel,f8c1be8fafd7d652e850774aa20a4e33feddea4c,16
-27.0328102,-38.0662193,desk,fpModel,fccbc696de991f8a9547b04138db49c8ae596bf0,16
-41.1282578,15.227191,desk,fpModel,fe145ac32fc7a2f829631072886fb4f6125e318d,16
-17.4662361,-30.5203896,desk,fpModel,ffb44e74fd5223fe28edce2117e26f841c8c9448,16
-52.2672005,0.579072714,desk,fpModel,xxxx5b90aecaxec62x4c50x96e4xbf3aeb5a1a6b,16
-51.1991158,0.325976849,desk,objaverse,11dfbd61f02a491a98119bdb482f818e,16
-26.1745491,-33.639679,desk,objaverse,1d9e363d30a44b82b49af7d7d9b66641,16
-17.1634998,-2.50560379,desk,objaverse,95fe0ea09f97465fb5183573b44f2b7b,16
-37.1098557,17.226717,desk,objaverse,bf2f5c812068489c92188cde9932ef0d,16
-31.8635139,21.2872181,desk,objaverse,cdbf99ee9b714c24bd373607b0b310b2,16
-22.8555222,-2.88727355,desk,objaverse,ef8bc947f7144174856fbf8fed77d656,16
6.10516548,-6.98421144,desk,objaverse_xl,01db42613ec916b570af2706277a5dcda671d03816958f7bcd2c74e8fac22f1e,16
-29.3588524,-18.9063206,desk,objaverse_xl,090634bb5740809f9059be926c66c99bcaae5c39c945e22d0f2558b831836af2,16
8.08306789,-7.28837824,desk,objaverse_xl,09809b9eb62f23014da57aba1c8ddd3e3d0ccb872058fe5c503ac26443bf15af,16
-35.2159615,21.720396,desk,objaverse_xl,12408ad150034aed024bf1f48e83019cc656a006252cf180ccf64017fe5ef96d,16
-37.5837975,14.855629,desk,objaverse_xl,1a6585a08b8e2221f1f8ced16e0ab54f2357bb17195698d8cc99d7489b219c3d,16
-24.4977722,-33.6250229,desk,objaverse_xl,24ecf47c9a7fb71c7ad0943f68b9f95739f498667eeba808118ee9f28d25ba64,16
5.89716959,-7.82665873,desk,objaverse_xl,2db5be6fa1e71e3cb55dfbea29b84bd5c2621fb48a08534de57be2c6a3404408,16
-37.4398003,14.8499279,desk,objaverse_xl,4ae8e56ff8bbf6e5097ca12be58b84e23b40bdf1f8f6c584fa1fa1898b7028e3,16
-17.1937294,-2.5050323,desk,objaverse_xl,50fa4039a97acaf1ae97ac3d590bec9d8b5f2387be1c1c1ac227c38caed72b58,16
-14.763114,19.6726608,desk,objaverse_xl,53d26cdbd64b8d768cdef700ebac2603dca48b6fd0107e94fd5f875412b28892,16
-41.6943817,3.5270164,desk,objaverse_xl,567efde0cb2f433bef4e579b2acbbfa5b129dc6f3453faa83ecbee80dc1f047b,16
5.999228,-7.00207424,desk,objaverse_xl,57464e9894972c3b9f59229c392f8129bbe90c9cc5fb0fbbecb01515c2c2851e,16
-49.3470612,5.51074982,desk,objaverse_xl,591b220ceb45ce328df9fdec9b8ec918c743b5e5ed84209a13b0e8b0af0fcd75,16
-8.21706009,-22.1613083,desk,objaverse_xl,704be18381a2c0a9472a6364aac62588ddb275e1a27463530a87b5bc5ce93402,16
-19.1992168,-0.280804038,desk,objaverse_xl,708f3589a17b414b680e2d1c17246a36596b9d0d17bc3b6f57b7a2bc0591fe45,16
-30.5719681,34.7461815,desk,objaverse_xl,77e1fe31d0f72c66562dae5a9895d3e2a68898b493cf4c90cbd247cad8d12dad,16
-13.2164011,-35.2670326,desk,objaverse_xl,7dcdb77d975c6f78ec7b90300030872bbff852c6413d8f53771918f4a32668b3,16
8.60711479,-6.67133904,desk,objaverse_xl,7de55215df72c6b6fe869a9474b508897562d865779a7ea72144c437a143a81b,16
-26.0456371,-34.3910332,desk,objaverse_xl,8b0d197ad61d1568a31f28aa18db2f612b810a46f9d9fb33c6ecae4e0b45cc48,16
-40.3752289,15.0828161,desk,objaverse_xl,8fffb7e82593c3e4e77318503de470a01d2b8e0c94f2077adc19052e1464cd71,16
-6.38269901,-23.6662655,desk,objaverse_xl,970054af72dd47b9788b0d7f30ca7dee0309a05088d13af70e70110fe20b4c97,16
-41.5369606,4.33552551,desk,objaverse_xl,987dd3d92678e7a8275b939ae2d0aa7b59216e4838cf1c69a4f976d94ba9b4b0,16
-47.1764412,5.45374393,desk,objaverse_xl,a468ac22b4dd6c2f9aa463dd0e045df3b0c94b31a595ccc7f2540b2b101988f0,16
-24.0088749,21.6179867,desk,objaverse_xl,a5db769d2ce81b92a44904febdb6f1807dcf026560b64bf11dcbabf22df4013d,16
-7.42890215,-21.6937561,desk,objaverse_xl,ab43eed86ed9db6cef41e3f83d10cd0cba3c09384407c945ce9ba1f75556c5c4,16
-40.0469589,3.55519104,desk,objaverse_xl,aef96d08c8462bda77f4bbfc156ff495fcfcbdcc19a946222d3a14763426c302,16
8.38512993,-6.7390871,desk,objaverse_xl,b28c3f78400823a2e3f175355105d07c3fc83dff9aeb601fbf8aac6b1e920614,16
-36.0948601,20.9500828,desk,objaverse_xl,b94bd374792b2d950fecb162fd0b13680601c61c8b25845a0466fb0a0a1597c0,16
-35.348381,21.6454487,desk,objaverse_xl,be80a430d2a25a881bf3d8dcee3b98bfb489cfba85f5e273e6200567a9246e4a,16
-35.9524155,20.8822651,desk,objaverse_xl,ce6083a116aa9ec4e41ded69677bff6ba739101aad7a41a7a341231a373861bd,16
6.83662701,-5.75638199,desk,objaverse_xl,d1c842d1ca9c4f75571bb228de0381b60c78e342647404f1a6c797d6e81a0eea,16
8.602355,-6.73647785,desk,objaverse_xl,d80f8eafaf35f5e3f4d7200b86cdfe11f41324bd088b796ce8a058d5835d4f81,16
-36.1112785,18.2785339,desk,objaverse_xl,f42a01d801e55fd10125eedd25dffb70fd69237829a6a12621a13b6d1bab503c,16
-37.9297066,2.81135201,desk,objaverse_xl,fabe8482957ba32233fed74e43b62e1c795a3d7b2356536c1d9fce6f09850d75,16
7.00103569,-6.87115049,desk,objaverse_xl,fac680e54bd722e0648aee2bffc513b2bf9b377fcdd2cdc3e9ac3dc238f1b6f7,16
-12.0454655,10.8219595,desk,objaverse_xl,fae7ef4854831453b53834b60f056d0ace30b6e54469233d0aea7ca49f303c5a,16
-5.79171658,-24.4868736,desk,objaverse_xl,ff98ec57ad654fc67bbedfac2a7142acf09597005b1cf29472593c3b1708dec8,16
-34.4042854,20.4422474,desk,texverse,01f6ba08d39844b1afb149ecbcb81832_1024,16
-32.8327065,15.969326,desk,texverse,03e8889a66134d358b915a816c91d3e3_1024,16
-43.4114265,5.35995817,desk,texverse,0ab89684af9c40789d30109b47015012_1024,16
-32.704525,17.1233597,desk,texverse,0be18266137a4c718280608335a8ccab_1024,16
-23.8554287,-4.00113344,desk,texverse,1245f288febd4544899e3378d19eb05f_1024,16
-36.2011604,18.1519222,desk,texverse,159e6d46373d44d4b9a5fc97eee3e263_1024,16
-32.1130104,15.1430902,desk,texverse,1bb2a31ccedf4cebacd524cf6913311f_1024,16
-28.8401241,-19.3980598,desk,texverse,216ab075f4d742478fd91423b326441e_1024,16
-40.2986145,3.60250306,desk,texverse,22e91b10696b439f9914d55f99eb67a8_1024,16
-49.8721504,2.12733221,desk,texverse,2499ad45d2644f72b9208d8ab9862d90_1024,16
-23.1982327,-1.63223076,desk,texverse,27d8e3b1fc0d44c3b1f763abbdd7d22f_1024,16
-33.4605942,16.4099216,desk,texverse,2ccbccabadb04d7cbceadc92350d18d7_1024,16
-33.1677742,13.5969572,desk,texverse,36e27887358e45d3b400d4c4dd7ac7a8_1024,16
-33.6046906,16.3373756,desk,texverse,40f8490edfb54af0b4676fad7b4e33ee_1024,16
-34.4196854,20.4826794,desk,texverse,42f1d3c373784c9996d35cbf08f2dbbb_1024,16
-25.1226444,-34.4411774,desk,texverse,447da0bd6e244a849730305aab9605bc_1024,16
-39.2787132,3.68617702,desk,texverse,44d5006cec6246188a5f01491495c3ab_1024,16
-54.4579468,-16.176857,desk,texverse,536ee7c5cfb94775ae3eff608bd9fecf_1024,16
-20.00107,-13.1133318,desk,texverse,54175365053d4bcd8eb9774665a786a6_1024,16
-51.3277397,0.693871081,desk,texverse,5439fc5552194750b2cbae8e7d699f02_1024,16
-18.0260315,14.3690996,desk,texverse,58b1498d53fc4a69a06a6618ae0c2b05_1024,16
-38.1237755,34.2752762,desk,texverse,5b9584fb6872477892970ef93da16b0a_1024,16
-33.2637558,16.7052383,desk,texverse,5d44cba3aeb24b729f367ef935c7d6f4_1024,16
-38.3451843,-16.1363945,desk,texverse,607a7a7e5c4b4c168ccb7b7eccc72900_1024,16
-40.1356239,19.7665577,desk,texverse,6506b87f90c6437bb160532dce9a9115_1024,16
-20.2250977,-2.18242359,desk,texverse,66b06572980e48089789ab0f7a43e17c_1024,16
-30.1270351,-35.7059441,desk,texverse,695b700c82214bc4bd586c5001e11922_1024,16
-49.8651276,5.32202148,desk,texverse,6be1e432fc8c4c88afd8f507f6ef5633_1024,16
-38.0660858,14.8746023,desk,texverse,6d4f5b7a603b43ec80dd8689ebf092ec_1024,16
-32.5521393,16.3726311,desk,texverse,7730b7282b254cd0a4f6163790e0bff2_1024,16
-38.0601273,2.53322196,desk,texverse,7cf629f6b1da4075bdafeb05cd44eb46_1024,16
-36.7674866,15.8363962,desk,texverse,7d012888377943cca9c78d8678a49890_1024,16
-37.693985,16.7440968,desk,texverse,81695fe88fd4403da589948c65590d5b_1024,16
-36.5273781,16.780632,desk,texverse,82f26ae6a84b404b9162ef887017273e_1024,16
-39.3967781,18.810873,desk,texverse,84104d9454b949d8bee3c31e4a58cffd_1024,16
-20.5927029,-5.0853796,desk,texverse,8b1b3df04a1a47e0a1fe3fe1d369544a_1024,16
-37.6005745,1.67158175,desk,texverse,8c3b402a4c21466c99c18f3a58701b47_1024,16
-22.7091599,-2.96359491,desk,texverse,8cb42925a5c5487596ef76b27d3d373e_1024,16
-34.4413795,15.851408,desk,texverse,90c3d8f071a44a2db3ecb6037126bb5a_1024,16
-42.9727592,-7.1908226,desk,texverse,91571d85c6344c6cbe21403ad03260e3_1024,16
-32.7348251,15.326417,desk,texverse,9262f311271c4c4390341e526d3fe103_1024,16
-37.578537,14.0618353,desk,texverse,9914f655a62d42289199ccc36a981a75_1024,16
-54.6947174,-16.0121193,desk,texverse,a7d57288a0f4432298255548e4a01ca2_1024,16
-41.5492325,2.65092111,desk,texverse,aa18313ffb144bef9ffe00496452b58b_1024,16
-49.777565,6.04696417,desk,texverse,aa6e630c19c14b7d9f57776da494a950_1024,16
-43.3893356,22.0497246,desk,texverse,abad6762e1a24bf1b1b465bb48692cc8_1024,16
-43.5728874,13.2748508,desk,texverse,b45351a9760946338767bf53f11c796b_1024,16
-33.4874306,16.5289402,desk,texverse,bbddc0cc8d6a4c9a96a0fc4170594336_1024,16
-32.7988548,19.1721992,desk,texverse,c1c7223834ca49cba5ee213eb7131a0b_1024,16
-40.4839706,14.0715113,desk,texverse,c7763913b1854ffabac04c660f6eb3fd_1024,16
-31.7516441,14.9750385,desk,texverse,c7d79c5a304a476d87c8014a2f6565cf_1024,16
-52.204277,2.72899938,desk,texverse,c7fb0dc26f9a4f7d8973b246ae1141f7_1024,16
-35.9873314,18.6061401,desk,texverse,ce90db71851e4bc78c3e91f7a2f82e62_1024,16
-22.5099888,-3.16721511,desk,texverse,d263b96494e046c3a7721039d52c70bd_1024,16
-20.6064968,-6.07898808,desk,texverse,d2ff584217c34219be3838381258e7b2_1024,16
-40.8917046,5.40066814,desk,texverse,d5654876bce34840a2f979ee4d72b193_1024,16
-24.2969666,-17.0816479,desk,texverse,f0df621fcbb5497ebd4e20785835e010_1024,16
-39.9698715,19.5148144,desk,texverse,fc9c79ea7a4c4da885cf9bdde7589003_1024,16
-31.0764942,18.5238152,desk,texverse,fcb6d958059747359a834b0f79ec4971_1024,16
-24.6423054,-3.41134691,desk,texverse,fcce7edc84134fa2b7207649771cebd0_1024,16
-32.6627846,15.261939,desk,texverse,ff0592d8abfd469eb491ccc04d2e5f24_1024,16
-24.2565899,-3.23810697,desk,texverse,ff65d895b4354d0ebf934f6e549b12f2_1024,16
-16.4967766,-1.97147024,desk,wss,e18b448f7e5f6ecc1baf720a45fc5c38,16
30.004221,8.7004385,digital_piano,3dw,a8cd050cd15899e1111b6746634830eb,16
-4.3269887,-10.3916626,digital_piano,3dw,cae13ed2422461d7dfe7aeb56fc00bf,16
-2.72810006,-26.1224442,dishwasher,3dc200,10_000,16
-0.569550097,-25.9146519,dishwasher,3dc200,10_003,16
24.1719589,-32.1132126,dishwasher,3dc200,10_008,16
25.5129108,-21.6900768,dishwasher,3dc200,10_00d,16
0.184982941,-30.6105843,dishwasher,3dc200,10_00e,16
11.7220879,-22.6949654,dishwasher,3dc200,10_017,16
-1.5160073,-26.3585033,dishwasher,3dc200,10_018,16
-1.99684036,-26.7295303,dishwasher,3dc200,10_01a,16
5.46864939,-32.2208633,dishwasher,3dc200,10_023,16
11.0161562,-21.3304501,dishwasher,3dw,19d07548-e7fa-4fc0-9213-4aaae731bd78,16
16.0646477,-31.40728,dishwasher,3dw,2671f872cd730cdc9941e769880462e7,16
23.0108814,-27.1843891,dishwasher,3dw,28e9e35150b7b105aa986b5d0b87be41,16
22.6786404,-29.1664028,dishwasher,3dw,49ca6b66fbd6ca0bb7dc65d7950bd55b,16
24.067646,-27.9366093,dishwasher,3dw,50b7eac2-dee9-4eeb-b94a-e2f06282e95d,16
22.1745033,-26.8101768,dishwasher,3dw,5a3faa0f-7758-4992-ba16-e09d55e52b24,16
22.9524078,-27.1763916,dishwasher,3dw,5de9319c5714e603b361c88e264d57a6,16
18.6101799,-34.66539,dishwasher,3dw,7158c087-acc5-4c14-b49c-c4c60c1c29cb,16
18.6352711,-28.1656113,dishwasher,3dw,c709c8a6cb97c8e55c67382e5c978dae,16
32.624073,-35.7761116,dishwasher,3dw,d866256e6fb8d4a9d1897a899ab1ada3,16
21.6056118,-29.1908092,dishwasher,3dw,dfb3e16d675a9b9e78469234ea19fc4d,16
23.3952332,-29.158741,dishwasher,3dw,e289f439064635b0df3a1b0d597ce76e,16
6.6168685,-33.8596115,dishwasher,fpModel,5241c215a33586533ab0b748cd900c8d3468df22,16
6.61691856,-33.859581,dishwasher,fpModel,9f4ddfa2353e1db1588938fbc3dc0a66cb898da7,16
10.397542,-24.8939552,dishwasher,fpModel,aad01c69d7a27a1740e422f5f64b781816bd86fa,16
25.0599499,-24.3438301,dishwasher,fpModel,c788d5a6d5cfe39a4ab5d8e33f1e4e5c8e8d3652,16
6.38780117,-26.7113342,dishwasher,fpModel,cb3dd8f2c8de396606e0794f6effc921aff7235d,16
23.3180599,-13.7133245,dishwasher,wss,77ddd857eb3c1460121859336e292a5d,16
20.3259754,-22.0630531,dishwasher,wss,91cec7275a9b3266a6eaed098287ffd3,16
16.8553162,-34.5588608,dishwasher,wss,b5ca6cded4b23f2455b2aedb5bd199c6,16
22.5942688,-27.5457325,dishwasher,wss,c5f76c9a4137a3563862b05b9038dcc,16
18.175621,-41.0196342,dishwasher,wss,fb3c5f6d4c66073260ddc468fe733ed1,16
21.7150803,-28.0560608,dishwasher,wss,fba77111f045a448fad3c648a4e3c1dd,16
22.1623802,-28.825285,dishwasher,wss,ff421b871c104dabf37a318b55c6a3c,16
17.2599602,14.2720118,display,3dw,12bf39c6f389614ef8208b6313b1ffa0,16
25.5976791,-42.7984314,display,3dw,1446c8304745f735f14fd7b2d07274f,16
20.1798306,-26.1995983,display,3dw,198cac374443e7ffb6e56ccb2c92c79c,16
22.4691715,3.90202951,display,3dw,1ba6617a7c980f0774462b472371ea23,16
17.5227489,12.7931986,display,3dw,2ff8b8d07835ff76b7c668affa710700,16
23.0239773,3.32504463,display,3dw,307d8ebd7006825621c33b81f14e1494,16
56.6702461,-19.2406044,display,3dw,3a14e20b81bcb8559531a714ad5bf7d5,16
28.2955685,-2.79475832,display,3dw,556ee24af3368766d582842dfd31e6a2,16
55.9213562,-20.9183617,display,3dw,5929e9a5e22904898ea0068b966c5177,16
5.76914406,-10.7310572,display,3dw,6f808d9b088d894852f267585c0cef8d,16
23.1785545,0.0376537479,display,3dw,8b4cde6138ce8f7d4356a06cbb104724,16
25.090313,0.118455842,display,3dw,9929130d8526403941e79a812b534768,16
23.0153923,2.97714233,display,3dw,9a7ee9510b0730a8a6fe2121b38b1a23,16
56.5669899,-19.3271999,display,3dw,a2a41ee7b40793d64b673bcb347ff283,16
23.19524,-0.605734706,display,3dw,ca0bb45fe48e7932aa669fbe8e7a7c4d,16
24.5087795,3.12387252,display,3dw,cad95b52691fae8ef67d64f1c5c1158,16
23.3583698,0.624309421,display,3dw,ccd5d9ca3210f293408a989db21a071,16
22.5512238,2.96471739,display,3dw,d09dce205a4cdb552b0816234b7cd03,16
22.2975349,0.632916749,display,3dw,d6bce5fb13e380428a262a12a7dd1858,16
23.4901276,2.99019575,display,3dw,da41bce60145620658045ef91de99311,16
20.1452885,-26.0607243,display,3dw,dac35a5726cb8277198e224e6808a75c,16
23.0314941,0.137137234,display,3dw,de25290718e58e1afb199d4d7f9595be,16
17.164566,15.2983599,display,3dw,e988ea94186c23bdafd8d4af119e777,16
24.375452,3.63450527,display,3dw,f9e9ea8b9012e28e1a9cdc473de1c9be,16
22.9819355,2.58059573,display,fpModel,2029bfb9eca4ab612eb6724916cbff472de47d7b,16
23.9647236,-1.97878039,display,fpModel,296b43e62a47818108187de2baa6011f06403446,16
23.9309158,-1.9060359,display,fpModel,5b842854c8dd112a18e51922da58267e7ea60d5d,16
22.0227718,1.79840028,display,fpModel,878fded4b4bc0dcec55d68a662a89ab81c8f0cd5,16
56.0181808,-19.7775764,display,fpModel,ad9fc592f9942a7e3feaa19a697329bd65bb7ed3,16
56.6033211,-20.3033333,display,fpModel,d160e323f1d5a92394de74865aef8938f986d344,16
22.319706,4.55302763,display,fpModel,d294c9a5b9a28083a3bd1af2fc2b5c7b55fe1c7e,16
55.7641449,-20.8696861,display,fpModel,xxxxb79b5f0ex1782x4aaaxb790x11d3c073f345,16
-22.7984962,-14.0034742,display_cabinet,fpModel,222a445d2cce84b5ad352758634c94962b44153d,16
11.2200165,-10.2749872,display_cabinet,fpModel,32a302104ec8f94faa2950f0167945ed4895e9b9,16
-12.048686,-37.282238,display_cabinet,fpModel,3c080d106ad03db9be1ea6c996264fb66c053973,16
-43.6094246,-11.5377026,display_cabinet,fpModel,6bc64333d6108aae201e5c0bf1ce9be86b7f7fcd,16
-35.4362488,-5.5501833,display_cabinet,fpModel,80dea841d023ea7ebc15065709eb0cf6b2636b5c,16
-50.9593353,-15.6638279,display_cabinet,fpModel,86275a65ca62f6e046ed9ce1080dd150d3bbc76a,16
-1.11669981,-47.441433,display_cabinet,fpModel,9d6618cb72507fc3e2e656836a32c9960393f522,16
-46.2075233,27.8610153,display_cabinet,fpModel,bd29ebd8934cde447c1c219e180cbf3c26831c7a,16
-20.8804665,10.0515862,display_cabinet,fpModel,be0ea104f86eedb2424627de3e52a32af8d19c02,16
9.05426979,18.6547756,display_cabinet,fpModel,d898715b817ee6c34958abada9ca65d8a40439e5,16
-27.7531376,23.239418,display_cabinet,fpModel,f1f57d97c401d914c14d0f3d1e9e322971908b7c,16
2.88016772,18.4112797,divider,3dc200,48_001,16
27.6387367,-19.4821835,divider,3dc200,48_002,16
4.02994299,16.451107,divider,3dc200,48_004,16
2.36223388,17.5762062,divider,3dc200,48_006,16
2.43676829,17.5373764,divider,3dc200,48_008,16
3.281708,17.4550629,divider,3dc200,48_009,16
2.94258928,18.6471462,divider,3dc200,48_00b,16
2.52984977,17.7866192,divider,3dc200,48_00c,16
2.82277679,17.605238,divider,3dc200,48_010,16
-7.53638983,2.69342113,divider,3dc200,48_012,16
-14.3004169,25.4552269,divider,3dc200,48_016,16
-11.7730474,27.192009,door,3dw,12c21bcb15c323ecac335ea44608605a,16
5.47606754,32.0246887,door,3dw,1398476e9bcf89c19923f29a73f1a8cf,16
-8.44857311,16.0109177,door,3dw,2bac8aa350b7817a450a305670f50016,16
-3.21108174,32.9949989,door,3dw,322d51ba912154606a44fdd49dec8069,16
-12.1434793,31.1847286,door,3dw,381c4e4464bac9ccdfd1d17b67edb09,16
-14.4205236,31.0563755,door,3dw,3bb6fef20cbfcbaa3e350b5043f1742,16
-13.1769447,30.8394566,door,3dw,3de2edf492a1ec723ac25a59e42ee54e,16
-13.4858465,26.0809422,door,3dw,663533e1ba65816423a0043bb9ea7f10,16
8.50743008,17.7031116,door,3dw,68b6701563fba62b84006e2f6b451ae2,16
1.00073373,29.9835987,door,3dw,6de121721159eb6421a08935eb37d792,16
5.61755991,32.220562,door,3dw,78cf08412b751eca9923f29a73f1a8cf,16
6.18426991,31.5210972,door,3dw,7b104937be8475c0cb79366be6a95730,16
7.10702848,29.3929157,door,3dw,7bab89bf893fd435de650492e45fb14f,16
5.89243317,31.8075409,door,3dw,82c6b7da8081050e9ff218a0e4a95181,16
-13.149641,30.8552742,door,3dw,925643c47a7423fca97f91414ead4a32,16
-9.09686375,26.1584911,door,3dw,9bef525c49272db567f499300bd67b90,16
-1.37756467,24.1391869,door,3dw,a45f4bcc4b138edba35a7666f0cfa5bb,16
0.58322829,29.9344234,door,3dw,a9db4685fccf94cbacd0ab0e2d10cb9b,16
-11.7861376,28.4187679,door,3dw,b75b4c9ad3d02d05d7ffe06e3f59dccf,16
-14.8275261,31.1809406,door,3dw,b9686534f1bb635c7499f911648d1cac,16
-5.80116081,31.0068035,door,3dw,bb58ae645113fc6a8b82f597570a7a6,16
-25.8131409,28.2321701,door,3dw,d01578b2624462c7b63a61619818b168,16
4.94565678,32.1354904,door,3dw,e62dc8100104c139720fafea2a58c17c,16
0.899406374,33.9643784,door,fpModel,200-18,16
-2.70943809,33.5316162,door,fpModel,200-19,16
2.9921329,32.6434898,door,fpModel,200-2,16
2.39960837,32.4007378,door,fpModel,200-20,16
2.62122297,32.9790726,door,fpModel,200-21,16
3.14799547,32.8161812,door,fpModel,200-22,16
2.45372725,30.8894558,door,fpModel,200-23,16
2.59092712,32.6673012,door,fpModel,200-27,16
2.93634152,32.5182533,door,fpModel,200-28,16
3.26615191,28.0561085,door,fpModel,201-24,16
-5.77414179,30.5689316,door,fpModel,201-25,16
3.19042397,27.964529,door,fpModel,201-26,16
-1.36099696,32.8218079,door,fpModel,201-27,16
-8.60933399,32.3556595,door,fpModel,201-32,16
0.260066956,32.3562889,door,fpModel,201-33,16
5.90572309,26.3670769,door,fpModel,201-41,16
-6.72810507,30.1096935,door,fpModel,201-47,16
0.257073253,32.4309654,door,fpModel,201-50,16
0.07351432,32.3613968,door,fpModel,201-51,16
4.93293858,25.2402592,door,fpModel,201-52,16
4.96484661,25.1946068,door,fpModel,201-53,16
5.00922203,25.23102,door,fpModel,201-54,16
-7.91661549,30.3482838,door,fpModel,201-55,16
-8.29671955,32.8655968,door,fpModel,201-63,16
-8.31916618,32.8556023,door,fpModel,201-64,16
-2.5916388,32.4565697,door,fpModel,201-69,16
-0.562125504,32.5880585,door,fpModel,201-70,16
-6.70263195,30.1894646,door,fpModel,201-71,16
0.227034181,32.6587524,door,fpModel,201-74,16
0.245654956,32.5488892,door,fpModel,201-75,16
6.42633677,26.5232105,door,fpModel,202-1,16
6.57407808,26.518528,door,fpModel,202-5,16
6.48147631,26.514925,door,fpModel,202-6,16
6.50259447,26.3944569,door,fpModel,202-7,16
-0.165804192,31.5177078,door,fpModel,203-5,16
-7.25100279,29.7811069,door,fpModel,203-6,16
3.34798884,27.9329166,door,fpModel,203-8,16
2.56908274,32.557373,door,fpModel,205-1,16
2.41614151,32.6181641,door,fpModel,205-3,16
-7.50255632,29.4000702,door,fpModel,205-4,16
2.22479105,33.2113037,door,fpModel,205-5,16
1.97992826,33.5201111,door,fpModel,205-6,16
-7.1277833,29.3720684,door,fpModel,206-2,16
-1.22609544,29.5326118,door,fpModel,210-0,16
-2.77407408,32.2855797,door,fpModel,216-49,16
-6.75148487,28.917757,door,fpModel,3262-0,16
-0.385885179,30.5073299,door,fpModel,3262-1,16
-0.46300891,30.4488068,door,fpModel,3262-3,16
-0.349679053,30.4501553,door,fpModel,3262-4,16
3.22003913,27.4765759,door,fpModel,3262-6,16
-7.84233856,33.1319885,door,fpModel,3262-7,16
-6.97070456,28.822979,door,fpModel,3263-2,16
-0.978533208,30.465292,door,fpModel,3263-3,16
3.17790747,27.6723728,door,fpModel,3263-4,16
-1.78538656,31.274416,door,fpModel,3263-5,16
-5.57743549,30.4653397,door,fpModel,3263-6,16
-0.944790065,30.4810543,door,fpModel,3263-8,16
-1.27438998,28.2003078,door,fpModel,4076-0,16
-7.38774872,28.3422222,door,fpModel,4076-3,16
-1.26510143,28.1734505,door,fpModel,4076-4,16
3.84939885,34.9906082,door,fpModel,4141-0,16
3.96430135,34.9497337,door,fpModel,4141-1,16
3.98792863,34.7555618,door,fpModel,4141-10,16
3.97415495,34.7661133,door,fpModel,4141-13,16
4.02708387,35.000145,door,fpModel,4141-8,16
4.56067276,34.8281326,door,fpModel,4141-9,16
1.06383002,33.75597,door,fpModel,4372-0,16
4.25726366,24.467308,door,fpModel,4823-0,16
2.36768103,23.689415,door,fpModel,4823-1,16
-1.18206549,26.6758499,door,fpModel,4823-2,16
-1.45936811,27.0548306,door,fpModel,4823-3,16
-7.09181499,27.7113056,door,fpModel,4823-4,16
2.36872053,23.6782341,door,fpModel,4823-5,16
-1.52779794,27.2583294,door,fpModel,4823-6,16
-1.48189306,27.0489902,door,fpModel,4823-7,16
2.2751503,33.3682861,door,fpModel,5776-4,16
3.53486967,32.0260124,door,fpModel,5776-5,16
3.13481927,33.5153503,door,fpModel,5776-9,16
0.568193972,28.4034157,door,fpModel,732069dfadee69978fa6db9d3ac9c2c8ce5e7b56,16
10.6776285,16.1334248,door,fpModel,9a754d099529da9132d06d30eedf8109925f975a,16
-11.7198639,31.0282478,door,fpModel,c6673dc3736f0a04ee53fe2021aabed1a4b826d4,16
4.9487648,29.8871498,door,objaverse,18b995d775bc4e0eb17ef42aea2bf9b5,16
4.48540449,30.2844982,door,objaverse,2b8ca11b4b4647b8848cd4920c8384c5,16
4.62718725,30.0088768,door,objaverse,39704aa9a9bb4ee9b31b405895db67aa,16
4.63625383,30.2004013,door,objaverse,533f8af315ab4f59a0f07f03d650b5b9,16
-0.29622972,33.8536682,door,objaverse,6efd95dba8ec4046bb655418d349a60f,16
4.70503616,30.0676117,door,objaverse,8239215dfd6543c8adb25356f89f04c1,16
-6.17399645,28.8909416,door,objaverse,9dcddb245fc54c3a93176bbd151e2488,16
-12.9709492,30.8450851,door,objaverse,ad40077ab16a4afe982287706481d86d,16
3.88689256,30.0502014,door,objaverse,e64dd061b85e4e1cbbeadee1494a348d,16
-4.49885654,33.012207,door,objaverse,eaff096d6e9a4e099e21d685bd23987f,16
3.99128985,30.0321369,door,objaverse,f11f685342c447ec8fa86025ea4f706b,16
5.3057909,31.5970097,door,objaverse_xl,205fccd6ebfeee0941e314c5bf1ac8a3c0861b8bd9f95df7caf831f03b33f07e,16
-9.64452934,29.5272236,door,objaverse_xl,2e75b71931be24874dac759ca9db8a38a8caa9aa26c01ee4ba6fd99475b7a043,16
-9.01896286,26.0958462,door,objaverse_xl,3a35fa6924bf5c1a2a9e3ba14ab7f4b90d7e046a7eaedea51bbf413c30b8d7bd,16
6.29307604,30.6548061,door,objaverse_xl,5e03e52911f357a7751e469caa1c19ad1faccaece1bff88124e8dfef77d5169d,16
0.965157866,28.3185921,door,objaverse_xl,64632c715876b302d0a307ae38ab33ce5c5da41143fee36f564b6978269e3762,16
4.61325836,32.0632629,door,objaverse_xl,9f48f5c137f31ed8b98397bda84cbdeb8a9d19e99c8b4fcd707793705b1c80d7,16
-5.73734426,26.3526878,door,objaverse_xl,aaca56473909494bdbcbf684af21eb35da72ba34f6e8a2d93a94fdd0e4f0f8a4,16
5.16704607,28.9319954,door,objaverse_xl,bae4f40defabbe517bb01fa18fed2ff6b37c9b46f62909502047538d7bece466,16
4.5184226,30.7269249,door,objaverse_xl,c04986349f1c7b1e1652bc7c7d190a938869af639723c7826babba4d393cb719,16
-8.40175343,29.1860657,door,objaverse_xl,c25c5599bd6e63313f8b777a31ef7128d6698d470d445d3dcc89f9ef389648a3,16
5.50984478,29.5676861,door,objaverse_xl,c4100cff6be43c111e5d3e1ea91434e27afadd6f42726bdbe9c7d64e19e40543,16
-6.03530884,29.6504192,door,objaverse_xl,d2006e57bb691770dda81033d2db77a499c6964fffee4ce516e361582e842c17,16
-4.05797958,32.8654099,door,objaverse_xl,dba6d8932ce5ede8f11adc11b7df39933c33cdff31742c2697780fa0a97f52b6,16
-7.77793694,30.3032951,door,objaverse_xl,e805389c76f5d9813cb472fd5841b50938bb4382cfd90738f97b92ab5e1e721c,16
-8.76508427,29.6388874,door,objaverse_xl,e99cdf4dadecf91e30f95b233d88a3d6241e3311e3873aacfc8243212ece9720,16
-1.04996789,33.5894699,door,objaverse_xl,f0d8a731ada59cb5fa026017b4f0d58e41afa3f8ca6174e743e455445671020e,16
-9.32231045,29.8826656,door,objaverse_xl,f7736b3687e7cdeed68c949f131b12a295ed94d58da9a0926cbfb44943d61c72,16
-8.40163326,29.1861954,door,objaverse_xl,fa695da03f7176d8a7e34c1335ad82c22b943993ce6cf3c94feb372d027e04ef,16
-12.0179644,30.9623623,door,objaverse_xl,fc4574365b975a77fc6c61c304ce17bd7439f703e40adf12b9afb877e4377c85,16
-13.0274363,26.4189014,door,texverse,1e45c4560ecf4d2694ecd579077b657f_1024,16
-0.91395092,33.9704514,door,texverse,50ada9f251764bcdabd2a239c8c203f8_1024,16
-0.529302418,-65.3109207,dumpster,3dw,aa547280eb99fd3fc8a06b09a9a18b3d,16
-3.8908906,-62.7974968,dumpster,objaverse,1decb6575857439094f8790a4c2f2054,16
-1.85260153,-63.716507,dumpster,objaverse,5d9073f042274800a5e36129c98c1951,16
-1.71975994,-64.0464172,dumpster,objaverse,80304a526c854908ad086d56a30535dc,16
-3.39812326,-63.6708069,dumpster,objaverse,f80a2a0af6924562be10be7354b7a72f,16
1.20358706,-60.6018295,dumpster,objaverse_xl,2e250206f44a07d2ff25eaf67af7f2e865bdcf5490e3d8e17a9d7bbd4d273cde,16
0.558807433,-61.6127701,dumpster,objaverse_xl,3cf79299e2f73fed8f71aa893fbe047931808cc521357fef831a91d945f6ae1d,16
0.784958005,-61.3765831,dumpster,objaverse_xl,51815e64a7cc2a3a1a29007c7ae1d7ab9cd3da6391f601be63df365a3b7f1177,16
-0.245173126,-61.6088905,dumpster,objaverse_xl,68c757d1e89e541a92cdda134d19613a05ec9ef8b6f4ab80d7666f6e72bb6b41,16
0.763365328,-61.3676033,dumpster,objaverse_xl,7af96abed5db154303b95369a3de5b7c4afa51ef96fe3f45d880c9eace3d5171,16
-0.669360161,-61.7710533,dumpster,objaverse_xl,7ea633e65af9b46050806f4461d0b1a55689f8e66dfc3a9b72a13d97d6fc99a0,16
-0.770811558,-61.7933807,dumpster,objaverse_xl,cba5e10d9dbdc18268de6797d52c578823d0e766233c183c609cb83058e579fd,16
0.721259117,-61.331974,dumpster,objaverse_xl,d6ed905155614237b418319633bdef44a9d626d384d435942ee41ad46b52d4d9,16
0.366172969,-61.7714958,dumpster,objaverse_xl,d87772462dee092f0ae132179d6f7b7a76af131e7f9e138c166dc010c51f33de,16
-3.40942979,-61.9989738,dumpster,objaverse_xl,dcac65c3bfc0c30c1a735c904d4123e666fee4143f68b6e0f1c7911f6bde52fb,16
-4.32358885,-63.0963898,dumpster,texverse,135d33df60304481830d6ddd8c43cc47_1024,16
-2.59107161,-61.9023132,dumpster,texverse,2001da965c74469c8e5f682387ca1f3a_1024,16
-3.41461778,-61.9885635,dumpster,texverse,23f0a1c5875b435fa2933e7ea8157fdf_1024,16
-3.00424099,-62.4387817,dumpster,texverse,91ee96c085a7480b859cf3b2b6943878_1024,16
-3.27734685,-62.5029716,dumpster,texverse,a4aae2a650474683aaad3fff059b70c9_1024,16
-1.52478814,-62.1873474,dumpster,texverse,da7a730cfbe14d9ab911bc34852bea72_1024,16
-4.36559582,-63.283493,dumpster,texverse,f77c43a407244009ba49d16540a03515_1024,16
-4.34607744,-63.2812042,dumpster,texverse,faabee47a9d74188b40bdb89250596c8_1024,16
11.445118,-33.694355,electric_clock,3dw,151964e6795a6841bd38b2fec63ec87b,16
34.0970345,5.83037758,electric_clock,3dw,1b2d7e22bd20ccf66efc3422324cb77,16
35.1329079,4.30526352,electric_clock,3dw,262eb65e0a4de779831e392dc75a14aa,16
11.5589199,-33.7144051,electric_clock,3dw,3b98994e780fe991dd195661813efe58,16
35.3621101,5.15928411,electric_clock,fpModel,2503515e4e92100f8d9c1e8fc661c4ff7ba9496a,16
28.2340908,0.763391495,electric_clock,fpModel,3b21020881a85d6316b9473259c0d77514c12876,16
33.7975922,10.0013285,electric_clock,fpModel,568a7d49f3f327c9c8ce5f4b47291a44edbb7aa5,16
34.3369598,5.730968,electric_clock,fpModel,d0d608870026a708eb52b2599117a5f260424d22,16
28.7710361,34.5694466,electric_fan,3dw,9664b84d9f19eebfd756bb3534c86c49,16
33.8320312,34.2403488,electric_fan,fpModel,77ac2c866e0ed8b7aac1e79c31502a787aff1ae9,16
34.0992775,35.1643982,electric_fan,objaverse,1e2cac5238dc4168a6a2eb333451d27d,16
33.9891014,34.2473221,electric_fan,objaverse,45bccd8afa834e84b690fb91e34f9262,16
34.3829269,33.8060188,electric_fan,objaverse,5479adf1797b4ab693b899e8f77d1423,16
33.9735947,37.0385437,electric_fan,objaverse,5e38bcaa4c7b4d3da21a726bb7d0ad3b,16
34.7005997,34.8975067,electric_fan,objaverse,641e8a73066041339d82539860fd5c29,16
34.5195427,36.540226,electric_fan,objaverse,7115685c28d141ffa65fecc3ee1838b1,16
33.5439301,36.6980972,electric_fan,objaverse,879a32a914cf4f848477819965871d87,16
34.5440254,35.4810791,electric_fan,objaverse,8f9f88c340ec47798fa5cf07e92312be,16
33.9516792,36.1573029,electric_fan,objaverse,b1a2e6023574419690b60e9616572564,16
35.8977585,34.134697,electric_fan,objaverse,d9a33fb3804f4c338a41811327a6a6e2,16
36.2526283,34.0206833,electric_fan,objaverse,e82a2d9de75646d185fb5b22f4fc37bc,16
35.6155357,36.3509026,electric_fan,objaverse,feabb8d50d304af082461b9289289c92,16
33.4692764,36.5359497,electric_fan,objaverse_xl,074926db01b044bf318be633aace253ed0118c6dd4d8debacb8fd4f19502f00c,16
36.9025459,36.5551872,electric_fan,objaverse_xl,0e0b75737a04cd5f04ffb37c650be64318d937d662064699e0d378c9a8e78b53,16
31.0311089,1.39424634,electric_fan,objaverse_xl,295d86f7aa19fdaf83ef490e5d2867af67c794c7993803a76cdf136e736f4055,16
35.3685493,36.0467567,electric_fan,objaverse_xl,33ef6b2bb472b2c050dacf3a3e4ab407ff17b3f776d573143a1b99079c6aac19,16
34.4126663,36.2595444,electric_fan,objaverse_xl,5942ffdd55afb8fa08a33303081b40567aae46a98768a44f4b21bc20d78a72cc,16
34.3052101,33.7497292,electric_fan,texverse,291cdc7070d54d4d89e9b6cd86767d23_1024,16
35.1222916,35.6089668,electric_fan,texverse,4ae13757afb04da889d98f75c58d0045_1024,16
33.7290039,36.1344795,electric_fan,texverse,742c4c8c9a66401f9fc295dd72c2c451_1024,16
33.4191437,34.8309975,electric_fan,texverse,76aa30acf9704f2ea56813c9ce2a9e8b_1024,16
36.0051918,34.0454865,electric_fan,texverse,9b3155f5c8e044cc868e209c029fb101_1024,16
34.1319122,33.7629051,electric_fan,texverse,cdf8e79247664c82b3d38e48f7c503d9_1024,16
34.047657,34.5274696,electric_fan,texverse,d9d8d63645994c828331fc504797768a_1024,16
35.205658,35.7017441,electric_fan,texverse,e831a2a8e3674b248a04f53d93ff885d_1024,16
34.5795174,34.1898804,electric_fan,texverse,ef2e767b20b142d087cde66164d86107_1024,16
29.2565994,34.8540497,electric_fan,texverse,f74b4a4d8cd141ab8ff1422d7ffa3fd3_1024,16
50.4756546,6.92068672,electric_kettle,fpModel,689686140b7ab8fd656ce588f10f8c40568da3bf,16
34.027523,-3.83349919,electric_kettle,objaverse,5e4f6e312dd94725ae7d4c37854374b8,16
49.6826782,4.28529024,electric_kettle,objaverse_xl,272fb0cb1429b3321bf0ccb164daa17ed08e60c4e62baa3960ff2a33eafe2133,16
10.3967743,68.5596161,eyeglasses,3dw,068f0024-6ea5-49a4-b34b-648b0117a0f8,16
10.6046343,68.0146255,eyeglasses,3dw,18118fc1-1596-4b68-9cee-adb92e81f274,16
4.82388449,70.2261353,eyeglasses,3dw,73ddba51-c831-434b-8e51-d2354523257f,16
2.51688981,67.9971619,eyeglasses,3dw,9128882c-4b1c-44f8-8181-a2ea511be2b2,16
0.191047877,69.0240097,eyeglasses,objaverse,0cccfa31993d4397856cc17a0f734405,16
-0.170355469,66.6746979,eyeglasses,objaverse,1145d066f66442b9a4af629c039d83c2,16
1.9596467,69.9763336,eyeglasses,objaverse,1bb41621fac1403e9c11aa45b349ec72,16
1.55162048,63.784481,eyeglasses,objaverse,27abdf67827e4811bcb959942fd1cced,16
1.28058469,69.4488373,eyeglasses,objaverse,4291f381ce0e46f7b2d4c48ace84e73a,16
4.9229331,67.298912,eyeglasses,objaverse,4330849036a744b5a9c0876c049c62b8,16
9.43082237,68.6817627,eyeglasses,objaverse,44598cea973f495daf38d2bc627d2716,16
9.38090611,66.3667679,eyeglasses,objaverse,4add2d48a927438390734379946ddc9f,16
-0.18760483,69.7777557,eyeglasses,objaverse,550db344f7674d81be9d49e550f668ba,16
2.06687832,68.5599976,eyeglasses,objaverse,5a15a88a9dda46ea8728fbb1a5e38f7e,16
2.98801017,65.8230515,eyeglasses,objaverse,727fcd6989e7473a9df1f23af9d21cbd,16
0.68725872,64.1185074,eyeglasses,objaverse,7877d497ddcb45a5ba501b91e5e15700,16
1.08932447,70.0697632,eyeglasses,objaverse,7ad11dd84c4342fda5466e2424ac0e5b,16
10.5209455,66.4541779,eyeglasses,objaverse,80382232802446e09d91b452b5198a05,16
2.40421104,71.3219376,eyeglasses,objaverse,8487383dec1c4807af59609a6fed415f,16
1.03577769,63.5659943,eyeglasses,objaverse,85acf3d110314662b2f502d868913538,16
4.63556623,66.4130402,eyeglasses,objaverse,867ab04528614d6581599e0e27684c52,16
5.96579981,65.7067032,eyeglasses,objaverse,8ec54755399a4eca8a1356812e68fe02,16
8.54567623,68.846962,eyeglasses,objaverse,a00f60192d1740f49902009c3d0aac05,16
0.699111581,66.8187714,eyeglasses,objaverse,a1258dfd672a40a6b16118506f970cfe,16
9.06876183,70.3912888,eyeglasses,objaverse,a27b5a127ae54ee7a9900cf63bfa4b6f,16
6.26450777,67.3506699,eyeglasses,objaverse,a7b80bbbb6894160bc364bdf3822d3ba,16
11.4270372,67.4831696,eyeglasses,objaverse,a7f1ae67f2484b9fbe351b6a758832ed,16
0.328560323,65.2011566,eyeglasses,objaverse,a9e9aef9d630407f9956eca64d54719e,16
11.3624926,69.6140747,eyeglasses,objaverse,adcbb744ee964bf8a2119a2f96c2835d,16
11.4433508,69.9834824,eyeglasses,objaverse,b74c7b814fc646de8ec874abfc72d722,16
6.47744894,70.3330765,eyeglasses,objaverse,ba33bd49e6324da9829317357ef1e04c,16
2.07893276,70.1873703,eyeglasses,objaverse,bab93acb3990415783b9b6d9b2e178ba,16
8.97551823,71.3363342,eyeglasses,objaverse,bed4643c801b4a0581333489a5e0b3ea,16
1.99399126,68.814476,eyeglasses,objaverse,c14ee13622324a4795408802342a17db,16
10.0131044,69.5135117,eyeglasses,objaverse,c26b857dd476422184234da84a56c5b1,16
1.61318433,65.0605011,eyeglasses,objaverse,cdc00cceaf2f4ab09e9800e913226011,16
11.486949,69.072403,eyeglasses,objaverse,d16cf9c4149c45029f2a84c821491dff,16
2.59534264,70.4487534,eyeglasses,objaverse,d27ffa45966949ec96c11b46235dc326,16
8.97727203,68.559906,eyeglasses,objaverse,d9346daf70784ce18ba70fdce678890b,16
2.24839282,68.5114899,eyeglasses,objaverse,efe88d155ccd44c09eac15cfb76d0b6e,16
11.9374714,69.0877991,eyeglasses,objaverse,f01c33a244f843549cae405bbb84d465,16
10.1033831,70.5394211,eyeglasses,objaverse,f21f576988d64101813dec5bdebda1fb,16
9.59270287,67.9883118,eyeglasses,objaverse_xl,028f2f1260b1c7fc826428c6098fd92d979df2fd372042dccfccaa96127b3694,16
6.49702454,70.25177,eyeglasses,objaverse_xl,029ee74ee2579cdc10c19f1be277e36d2da1b6adc6932b6e1e0973d24dfe3cea,16
0.310188651,66.8676453,eyeglasses,objaverse_xl,0adf7cb4d6f723dc64a507bf99e5bb6a1904ebcdc324fa71a5a73207d9cb0cf6,16
6.01902676,69.1128235,eyeglasses,objaverse_xl,194ca9851fcae0525b51a71676162a8d11abad7cf8e055e61b38f14c5d607ec2,16
0.464272827,66.4175568,eyeglasses,objaverse_xl,1cc9865f85bb847e02790502196abc9be78d01bd537e26bac46afe596f3b268e,16
0.591567159,66.4764633,eyeglasses,objaverse_xl,1e9411fe606f48ddbbca525293e71213ac1f333c3e88212ca61b3a4f924649e5,16
3.20473647,66.2560043,eyeglasses,objaverse_xl,1f92fb0eef911f2ac5fcb24be3fa98d857c596dda6b0fb688e00bc5cd4662037,16
4.65515041,66.5801315,eyeglasses,objaverse_xl,29c5cf9d209c30483de5986b2912602ffd4fbfc010ed6207f2e745932ada73f6,16
3.02658749,68.6027679,eyeglasses,objaverse_xl,312807341bbfb3f7f05facfa5e1d0dde6a536280a0ed1f7f007653e56b9b3612,16
0.970213473,64.1334,eyeglasses,objaverse_xl,329d026595dc7cac1ee2836c9f242a63eba6bd042e18dea604665dcc1f76b0ba,16
4.04623079,64.8274384,eyeglasses,objaverse_xl,3c12793c13b15b6f8d2d1c6a556387b828bed20fe1430c8f2526541f6d4e8b19,16
7.3181715,69.9660339,eyeglasses,objaverse_xl,3dd0d2e515e57ea29e414ebbc41c4f5e0f4699ae986b004f9089061aed92b078,16
10.2325659,69.462738,eyeglasses,objaverse_xl,4f7f03a016f461b18d29541839fe387c0d48f6a66bb5ba141adee215f1ab08bf,16
4.83182955,66.4788361,eyeglasses,objaverse_xl,536f42df26f399a96a4a289c1e68b8762d99712d47bd472f02c8f87d9e796ce2,16
4.59181213,68.8390961,eyeglasses,objaverse_xl,54c0f397ea6cf62ad81071f8f542d196da868ccfd482866397cbcd9c48e8dbfa,16
9.9413166,66.6964264,eyeglasses,objaverse_xl,5d3408f138388f527b1a1724279a3de7a3e96d9787773a46bf62f5e449f50207,16
8.8521328,64.0550079,eyeglasses,objaverse_xl,5f31fcd80bb10bb4f2c4a41155fb486695bad4f8fed72960d279a5c3ce0421e6,16
3.83207321,63.5900307,eyeglasses,objaverse_xl,66ee2fcfa46144723877210b12fee0d6e24d1baa182254d6a9365c6a31936505,16
5.52704287,63.3493195,eyeglasses,objaverse_xl,67251a5816f0237bbd14646c22494915ab95b02e573d7db455b4a1ade163b57f,16
7.74033976,65.9038849,eyeglasses,objaverse_xl,821ae40852445a7ff65c8d48735fe824b7d9696f3e7ee47544785d632e64c373,16
5.81912899,63.7535324,eyeglasses,objaverse_xl,8372d4b194dcc016f1ec362cfe87e4215084c4103b4826eef270c4bc6f69d009,16
6.26159859,64.057312,eyeglasses,objaverse_xl,91e65035efd464edc0ba4e51a5523721022cdf226626e0212af604ddf754f51d,16
0.719773829,68.9681168,eyeglasses,objaverse_xl,95668013b90d4b9ac6be698fe2398f03f2b741679322c70ce98cc2f4c60d2c56,16
7.71846008,66.1736221,eyeglasses,objaverse_xl,974ff0310052d512dba55b209c6fcdf12bde4016202e01f6f19f3c638e839911,16
5.9375968,64.230896,eyeglasses,objaverse_xl,9ed6e758f9917b83fc45cca9134138884081d0d3c47d9576173e340a88c2dbbd,16
10.4567862,65.8273926,eyeglasses,objaverse_xl,aebe76f58a52d5c05c71f44102e698f21c952de6b8087b2cada3a6c560c5ee38,16
0.0661148876,66.0019913,eyeglasses,objaverse_xl,b389fc82e09805294efd185549b9eea7042387744875fd0cc8531757c3face30,16
4.15980148,70.591507,eyeglasses,objaverse_xl,b4c7904a27ad6be6d02a4f3cb64b4d03601fba2fb95d90330650615d6d18cbec,16
1.19827747,70.6664658,eyeglasses,objaverse_xl,b532138431b4f26d3bb3064806f1dcbdeae4510212a8b74af68bd37f97292d00,16
8.70961285,67.1324005,eyeglasses,objaverse_xl,bbeaee99980d226d531a7cdb674cfb346a6c0f98447f8468449088c26ac77f92,16
10.8013115,66.432579,eyeglasses,objaverse_xl,bffa8a91c5f7b068e30d947c8a31aa9c9a2d7e14a66a19de8ca30150a0b54396,16
7.11048126,63.9687996,eyeglasses,objaverse_xl,c492fa709259af9158a77823f04cdf75247ea6f279de5b987c10dbde0231947e,16
0.716198683,64.5797806,eyeglasses,objaverse_xl,d0b31f5c76ce3e63de9b5571ce1b544d35cd24a8a277f1eef4a1eabf457dfd1d,16
1.6635499,65.1697769,eyeglasses,objaverse_xl,d5e48fcb475ec5cb6d2c1566aa1a8054b96301f6dd542842b8abd7af8b7474e4,16
5.39998579,71.3318558,eyeglasses,objaverse_xl,d7c0b0480cf6fd72afc4e54055282a0f40f67693de6f2eb513de29263007d64d,16
1.85272133,70.9474106,eyeglasses,objaverse_xl,d9719b7185d34a302016016ebc6c4736c7eb98699be6b3217389b69e19aaef1b,16
9.88483334,68.3396454,eyeglasses,objaverse_xl,e998b37c9f5527110c8d102ba5642780eaca8af7ec652e0eb501e2ae723a9875,16
3.33303571,66.324501,eyeglasses,objaverse_xl,ebff95f5c83d4d400f59f99aa07f8e2667331ef0b2af3426716e6c60dd5a5e98,16
8.76902294,64.0785141,eyeglasses,objaverse_xl,ece86186fd12c5f19203525558b02136fafcf6db4564491a53dc1481979f7ec5,16
4.41385651,70.8984528,eyeglasses,objaverse_xl,ed512c308bc64bc179f11554107e0a380899377ef7373ca14037b73d56878ef9,16
4.54204321,68.488205,eyeglasses,texverse,05497943410d4a7388695190a5a68eac_1024,16
10.6945162,69.648407,eyeglasses,texverse,07c114707de144c58a4808841ce203ba_1024,16
7.37906313,67.768364,eyeglasses,texverse,092d998579834a32acc69cfe59cb4139_1024,16
5.34824038,71.3666992,eyeglasses,texverse,151118e6ef674301af6aa04435cb9097_1024,16
9.5952549,70.7810135,eyeglasses,texverse,154e3f7fdd8544fd88d560b9cb73063f_1024,16
-0.477395147,65.7679443,eyeglasses,texverse,1e9cf376e032420997ae15fc47eb54a4_1024,16
11.6043615,68.3110123,eyeglasses,texverse,2a2210171ad24d8f97ffbb9bc0c58aa7_1024,16
5.60914183,73.368309,eyeglasses,texverse,33ea5427ce4045a8a9cecdbfafc3aa33_1024,16
5.28233004,71.141983,eyeglasses,texverse,3b31fcf2f9e54b9ca86e0e29ca86d3fb_1024,16
8.92776966,71.2914963,eyeglasses,texverse,4461d3ed732e4912945d479c7e7c3611_1024,16
0.195123062,69.8643875,eyeglasses,texverse,47765d466d4743ee995dab0f21122114_1024,16
8.29893589,65.3426361,eyeglasses,texverse,53d14acdc57a4f049bbb16f8d03baff5_1024,16
0.244113937,70.0085602,eyeglasses,texverse,55a639c9574446fca32e8c1d2a94377e_1024,16
6.9631958,67.6010284,eyeglasses,texverse,56be93698ca34d77ae24fd58856328ee_1024,16
-0.0209368598,69.2890549,eyeglasses,texverse,5c78f100eea749c895d69fe2ed728197_1024,16
6.4157238,66.245575,eyeglasses,texverse,5f85c88063a1426289a837dde2bb41f6_1024,16
3.4695735,66.3676224,eyeglasses,texverse,74c1d202ac0249e39823e379e2b065e9_1024,16
0.571942031,68.1872711,eyeglasses,texverse,7ad6ba3ac55b4eb5a5b6c3be287ed312_1024,16
1.83261752,69.0131912,eyeglasses,texverse,805c71bb3ffb4e42afab20b40f45b39b_1024,16
2.58150673,69.7147827,eyeglasses,texverse,81880a4aa9494d628318e4ae65e4563b_1024,16
0.141018569,68.608696,eyeglasses,texverse,860a92a2881347a18f6cebe94f2ddead_1024,16
6.28698874,70.8695068,eyeglasses,texverse,89a7d11d48bf46e2a8668144c5c6093e_1024,16
2.19914365,67.679451,eyeglasses,texverse,8de69eaf870c4021812238958df15cbd_1024,16
1.70895135,68.4437637,eyeglasses,texverse,914a89485f0d4f3190f0535ac93cb8dd_1024,16
10.6224165,69.6026688,eyeglasses,texverse,93bf1d2239af427d8241d24728a321b8_1024,16
3.81676173,63.6597023,eyeglasses,texverse,9c0f0d00863b4522b6ec5cc7b5615fa4_1024,16
3.29264641,71.1119156,eyeglasses,texverse,9c74e3dea6f04ca4a53439b616c45d7e_1024,16
8.96117496,67.3356171,eyeglasses,texverse,a1c1fa25658442f78281fdcb673f4602_1024,16
0.0768281147,67.3538971,eyeglasses,texverse,a83ea2430f8e4d44be050f7d62da12ca_1024,16
10.1220226,69.9668884,eyeglasses,texverse,bb3a3736110a41bdacc9f92e11831a41_1024,16
7.19929171,70.6338348,eyeglasses,texverse,be4c55427d31421687eb4fbbec126eb1_1024,16
1.9575901,71.4938965,eyeglasses,texverse,cb90b345c471434b94ce6e2eae0f1283_1024,16
3.50419402,68.3230972,eyeglasses,texverse,d0492f06831c400baa64940764fdcfac_1024,16
8.66849518,66.3890457,eyeglasses,texverse,d112b4606a764121821da083ddb15476_1024,16
9.57444191,70.0845261,eyeglasses,texverse,deeb41e3f5f1480bb6f79f474c9f7ef5_1024,16
5.69521236,73.2729187,eyeglasses,texverse,df4946e732f64f0e8f5549b9d9d80674_1024,16
1.20892608,68.3334579,eyeglasses,texverse,e76b6019130f43db8109844b86cfa079_1024,16
3.75062275,65.5065842,eyeglasses,texverse,f9128bd394214539af2ac80e4204bd35_1024,16
12.4487791,23.0370369,faucet,3dc200,13_03e,16
42.1468773,16.2360382,faucet,fpModel,00a3d5c105208365240029f50413fe059423b6e6,16
43.4410057,18.542366,faucet,fpModel,561974b161ebcd6d02f64be285dfa2a2236bbc77,16
39.8416367,25.3854599,faucet,fpModel,66f9cd9d406e6997c93b737dae81191389dbf640,16
42.0611992,16.710535,faucet,fpModel,7095ecb50b522b8bc72ff8157495c0bdac2d3d94,16
39.3651199,18.1137352,faucet,fpModel,7216165ffb87202befd80f154a6ac2f7ce521888,16
43.4098396,18.1692657,faucet,fpModel,7732b28bdef9a8a73923e867c7928dac3d15e34d,16
41.9540558,17.9001255,faucet,fpModel,7737aeabe0a277694657ab002af8a1b83bf02062,16
39.8648453,25.1821003,faucet,fpModel,8c3dd1d7ba7a3fd4b6864febab9cc409969a4ce3,16
41.2548485,19.3343105,faucet,fpModel,a99053b5ac310305bc5205d96afcb5759638dc5b,16
42.4933395,19.7080078,faucet,fpModel,c277ad9364e53b3c1bac1a74a7f5f770362f5634,16
43.37677,26.1206017,faucet,fpModel,da12ddee162bc245d492d39ac6e675f03789ed07,16
40.2907219,24.6436024,faucet,fpModel,e6205aee53710a30ac6ebeb362838abadf847909,16
42.2256317,18.1767464,faucet,fpModel,f6f7e30695d43aa670599bde04df94e20d4a7e53,16
44.6102257,16.087698,faucet,objaverse,03c409c40d7b4a90903764296d0dd707,16
39.7250595,26.3753986,faucet,objaverse,04b89268d6534b329d4abcfdf6e40730,16
43.6774178,25.108984,faucet,objaverse,0eabcd88d310476c96eb4cfeb3c7958c,16
44.8949203,24.4121456,faucet,objaverse,100d45cebe2d434691d5e69f80878d60,16
44.2564583,26.2840614,faucet,objaverse,10367ce0fcbc45279f59648e80e26139,16
44.3731155,25.0615692,faucet,objaverse,1b61bb39e22c4af998487e00b8a14297,16
40.6184006,20.5564194,faucet,objaverse,1e12e5f82b2a48679d07c638a78455ec,16
46.4603882,25.3009109,faucet,objaverse,204e1c6f6c2144489e510a16ff2fe8c0,16
45.4791031,25.9691544,faucet,objaverse,224b2e1336b641d4b8f3414260dc5522,16
44.954361,27.284174,faucet,objaverse,2492d46d50af43bf83b8040cb719ba39,16
42.6158638,20.2431736,faucet,objaverse,29403c9ff55147098e5d82ebc446d51c,16
43.6181488,18.8132553,faucet,objaverse,29822806506149acaba60edc3d8304be,16
44.4583931,24.7323341,faucet,objaverse,2abb0a3a313a484b887925752d13059a,16
42.8854141,24.4448128,faucet,objaverse,3212b8b1fb254371888daa55f5a5724d,16
41.3852844,18.35359,faucet,objaverse,328a6f5dab4449c3ad10dd8e5e9932ff,16
45.0394478,27.2749424,faucet,objaverse,37bc19f5da104ae29d9833300a252468,16
43.4425011,19.9481831,faucet,objaverse,38705a59c3564443915b634e6b1bffe6,16
40.3767853,21.4633808,faucet,objaverse,4625db20e00e48d5b02a59da30b081c2,16
45.4630775,26.2463913,faucet,objaverse,59d409193a994ed9b3369a04b7f3ad14,16
41.2224693,18.1767044,faucet,objaverse,5d426c82a8a440c48dedb5c0beea2c99,16
44.6628571,25.5957699,faucet,objaverse,60e44e54860745278875d5c331e2d735,16
44.9352188,25.6972313,faucet,objaverse,68b5d9f2f2cf4958ad1fda7898bdf442,16
40.5306473,20.4691238,faucet,objaverse,6f0d0406c5b44b7bbb50d57d8c27a39b,16
42.8849487,24.3344135,faucet,objaverse,720ae68b1c93428aa9bca52f88623e19,16
44.3487587,23.9164047,faucet,objaverse,72a6a812be504c4dae0d2574b7163f2b,16
41.8286018,23.4557133,faucet,objaverse,72e0a59c1db545e899cfbb433337717b,16
42.0743675,20.4638481,faucet,objaverse,80cde6e9bac04ea7a74facae1a764dd1,16
41.9513283,20.1902637,faucet,objaverse,88baa52cc0954962ab063ee7b2a9b6a2,16
45.3197212,25.8757801,faucet,objaverse,8988104ff8a846cbb0e68cd37a26452d,16
40.1249809,17.9750061,faucet,objaverse,8e6600f5eb8b43dab6932a56d1ed7095,16
46.6833611,26.5074234,faucet,objaverse,9792adac98ec4cec8d30c1093ebdd20e,16
42.078701,20.601757,faucet,objaverse,aee68f47100a465db98837d6c15d2f47,16
39.7387009,19.7051201,faucet,objaverse,b6d7c7372a6d440396e503fb7d5257c1,16
43.0495911,16.8203049,faucet,objaverse,b85a0ca166db4abe971fa229a52eb88a,16
45.9012604,25.2812195,faucet,objaverse,b97e6b20be564f1e85c104c2e9e50766,16
51.1613693,15.3613977,faucet,objaverse,b9cf6eaa374e40949568d9774e4f55db,16
44.5119324,26.5178146,faucet,objaverse,c1cadb0b6f3e495f8a9f061e3613785a,16
44.7151833,26.4965286,faucet,objaverse,c3cc24dad9be405d8044dcb2c7d67598,16
44.075016,24.970623,faucet,objaverse,c9f78b912d0c485fab552465b8da447e,16
40.261673,20.8667526,faucet,objaverse,ccebc76ca970421a954f6953c66dbf33,16
40.5576782,18.0205173,faucet,objaverse,d265074377ae48f0bbe1b97e206ec80f,16
39.3889351,18.6629639,faucet,objaverse,d4ca4774cf9247d9bedcafcd202169ce,16
42.0800705,17.2430115,faucet,objaverse,d8892c2ecf5346878dcf2ffb0ecfad68,16
44.9507942,26.255764,faucet,objaverse,dd6c06710eb143ce8c0d3a0d5b6ff5c5,16
45.1943321,26.1060886,faucet,objaverse,deca7a14b8a54124a7b545ef7557b07f,16
45.3413048,24.8670921,faucet,objaverse,e89c698db9cd401fbc7df91866b2afc2,16
45.8511314,24.2979507,faucet,objaverse,f19ee359dc52473b8327258e32cae8b5,16
39.4497948,18.7685127,faucet,objaverse,f4b521f601fd47ed9a2b31924a655fbe,16
45.2818718,26.767149,faucet,objaverse_xl,3542398ea4526fd72a19b408deea6d82d73deb58e14b83bc38de90d14928bb96,16
46.806881,26.0037289,faucet,objaverse_xl,882ff53a2b5437f1e808928ee3c24cea7af4511f75bdc0a5a811d9c42b7807d7,16
50.8687592,14.9703817,faucet,objaverse_xl,e47dce76659c0175393ed8aa92daae7ca06c79014b51211e8ec103afecb1d639,16
39.7535057,26.2770653,faucet,texverse,2123b80554be451eb9c015cce6b6f267_1024,16
41.435154,18.6246853,faucet,texverse,2202c978ffed42d690ec88398021d87b_1024,16
45.9713402,26.1040039,faucet,texverse,2f40404706cc4c25aecd66e50871d800_1024,16
43.2079239,19.6992798,faucet,texverse,4794ea71edce43fda7d0d44faa07fe9e_1024,16
42.714119,18.3877563,faucet,texverse,4a92220849664711a280a011590c9878_1024,16
45.9313927,23.9175568,faucet,texverse,5458afa4a1a744f4a20152ae582bf5db_1024,16
38.9756813,27.4803638,faucet,texverse,70558a4b8c834fe28c4c8db5b7a0273e_1024,16
44.6567955,26.127039,faucet,texverse,74dc9a4f3b09435cb077a9b511816057_1024,16
42.6078415,21.8719521,faucet,texverse,77a3c76645d5420d91be7fdc77ad9ec8_1024,16
41.9074478,18.9769363,faucet,texverse,845c506346b6477b9a02c0402340693c_1024,16
42.5119629,25.611166,faucet,texverse,8fc06288ddbd49f2b499040c7c0d27f1_1024,16
39.023632,27.4001904,faucet,texverse,9c3da9c402ee47e7ad1e762d5610fa7d_1024,16
44.293808,17.6659527,faucet,texverse,c62db58411d44e22a9c34086f8be2d21_1024,16
42.6206284,21.9126797,faucet,texverse,c7964b9969f24fee946fdf38a4780156_1024,16
38.9646912,27.5107689,faucet,texverse,d3242ca97f494342a27faaa01fa9b139_1024,16
42.8797798,17.6997528,faucet,texverse,ecb894ba90ed495992874726c613b907_1024,16
43.019928,16.7899685,faucet,texverse,f0c17a61a946476ab8254093f7d209d6_1024,16
40.7268753,24.0689182,faucet,texverse,f61f0e0bba004228afd31d3ed3f71818_1024,16
57.4260178,8.71342087,flashlight,3dw,290c375ebfd4304d540f7dc51aa27342,16
53.1537132,14.861022,flashlight,3dw,3b4bde6e61bc34f9aebcb4f8f99f5b8a,16
55.6829758,13.5018539,flashlight,3dw,3bbc66491dc1b6272eb0505088d40b01,16
53.2266388,13.9197168,flashlight,3dw,3d597bac838dbec55672266b722495b,16
54.1888466,13.2028189,flashlight,3dw,57fc262fd4c2d8d96436afb5d0edca8b,16
60.8763466,14.583128,flashlight,3dw,5e759be44b4ab2c2fc88f15aa2f9c9d3,16
54.9436684,13.4483099,flashlight,3dw,95ef38a34e451bb7f7a3639637cc3e61,16
52.7741852,13.5989494,flashlight,3dw,961509152f567bcf601942405395f8c8,16
53.3471603,15.5470657,flashlight,3dw,b6acff0e8e10f758540d263632d5fce3,16
57.3524399,12.9642544,flashlight,3dw,c70d7defac034bbd4e277d775c5c5a5,16
54.0043831,15.1186857,flashlight,3dw,ce289500e3135ab62c6678aa52932aa1,16
56.8521118,15.2132568,flashlight,3dw,daf674b0fa54aca19cbc26fe3298656b,16
53.6364365,14.879446,flashlight,3dw,eaa9a6c52b062cc5cb7e9ee2bb5c85bb,16
53.0385742,15.3224974,flashlight,partnext,031c2276bfc24ea29bad03779ecf764f,16
52.4895172,15.8076372,flashlight,partnext,0a963cd017564cd1a4f6652d5188e223,16
52.1730576,14.434845,flashlight,partnext,123a79642c2646d8b315576828fea84a,16
51.9076233,15.6541157,flashlight,wss,5c7bf45b0f847489181be2d6e974dccd,16
54.245472,14.844203,flashlight,wss,6182be9b916ade25dd25a522583661aa,16
60.9199257,14.6063032,flashlight,wss,70cfc22ffe0e9835fc3223d52c1f21a9,16
53.6808739,3.30381465,flashlight,wss,9b8eef439813d9945322b45f6e8d738b,16
53.5990295,14.1098299,flashlight,wss,ec168629d03637bbbda5c22972fd72db,16
13.8048391,14.947896,floor_clock,3dw,6cd9f0f548979d5160ddc468fe733ed1,16
-12.9537954,19.9140663,floor_clock,3dw,e01c3bb5470030aca34cf9b3e7cc7dc3,16
24.6239262,35.1885185,floor_lamp,3dfModel,09fdda8c-7df0-4af6-ac68-aee7cbead3fb,16
23.4272404,30.7332191,floor_lamp,3dfModel,34f1e822-be2d-4e80-b9ca-7e841dc5438b,16
25.2733059,32.1826668,floor_lamp,3dfModel,835fd00a-3a2b-4fb1-a8fc-8e68df742cd5,16
22.7514191,31.6849861,floor_lamp,3dfModel,9e17d130-682e-4292-997d-bf59c76aaf7b,16
22.7515125,31.6849384,floor_lamp,3dfModel,e3cf90ae-d6b4-42a4-8db7-7034db37774b,16
24.7172852,32.2009163,floor_lamp,3dfModel,eb7561b1-cc10-478f-85a3-9ac66919a246,16
23.9848843,33.9739265,floor_lamp,abo,B073P39KQ8,16
24.3505688,34.721386,floor_lamp,abo,B07DBCG1QY,16
24.4456997,34.7731552,floor_lamp,abo,B07DBHB6D4,16
21.3509064,32.9705276,floor_lamp,abo,B07DBK7NFM,16
21.141943,32.4737358,floor_lamp,abo,B07HKGKSMM,16
22.7525692,26.1945171,floor_lamp,fpModel,01f1f0ea47cb3046a99ba5d7652f05107fb1f22a,16
23.0870457,34.3257599,floor_lamp,fpModel,0950e2145e15b08eb9734376ed8b7b6f3d4b702c,16
21.7370281,33.1455917,floor_lamp,fpModel,1cb6834bf8bd189824829214189baf3f44efaaed,16
22.6371403,28.9431515,floor_lamp,fpModel,20e20fd238c7e5563a0611b6e0cca39a6f48333b,16
21.3759441,31.9875813,floor_lamp,fpModel,2b868ad66501c720e2fd22c9a109f02e4e063f7b,16
22.8159943,28.4656658,floor_lamp,fpModel,5987e6fd4cb15f901db7b01e38935c3f2ef2839e,16
20.9839478,31.6967392,floor_lamp,fpModel,5eee84dd3c04e5e44a3afe88c34a535c10c5aa32,16
22.529171,34.6977959,floor_lamp,fpModel,921bd83d9f8512671944dc77d933c4bf50177c44,16
23.0745411,34.3397903,floor_lamp,fpModel,c85e30cd15dabe1633d60b06196767164c244c9e,16
22.4915676,29.0928307,floor_lamp,fpModel,e38c1c169a5e121bb4ba2acecdfa506640732cd1,16
25.6617298,31.4807072,floor_lamp,objaverse,273e3232aabc43188b0cc30f384ecd4c,16
21.791256,34.4415627,floor_lamp,objaverse,58823caf1d9f4235a0872ae3e886fd20,16
26.1578503,31.8682022,floor_lamp,objaverse,df242ae2058a4217b3cc461c2e363694,16
22.3383408,32.1466103,floor_lamp,objaverse_xl,600c5c88560b4e9a508e433f3a818ef37885144e8df41bda429cf3bf4bc5da35,16
20.7249165,31.2967796,floor_lamp,objaverse_xl,74645e4bcc97f0f16e3489ec23f356364401b3d75cdc3a527412248d8f6b1858,16
23.2233677,31.3069763,floor_lamp,objaverse_xl,b46cb9fa2cf427a493c897c49fb7ab6ef5150023a74412d4f45bbc0642944f87,16
25.9885578,31.2011986,floor_lamp,wss,300a2c57c5c0a31c35836c728d324152,16
24.7157135,31.368412,floor_lamp,wss,8c0380a0d385c98145d451096984140d,16
27.5109558,11.9303999,game_controller,partnext,d60802ee3f9042859cc09bfe9c8f4f82,16
7.02796268,8.09169292,grill,3dw,1dea3c57806e5c7e385cc93c89fda0d8,16
43.0806808,5.47792435,grill,3dw,ua5b19e7c-d9eb-4df1-8278-d343048c9912,16
43.3021317,5.28372145,grill,fpModel,0516be93fa8832ae85f42da29177aaf7f3500dcb,16
-31.7613506,32.3826141,jewelry_box,3dw,319fc93f1e53ed78868e056477e8db87,16
-38.2605019,23.0457649,jewelry_box,3dw,34841c789208cb46587d0dbfbd9ca24c,16
-33.23629,46.1763954,jewelry_box,3dw,381dddebc9d1f5a8d4a147733422d301,16
-4.02349567,-33.7150688,jewelry_box,3dw,3a242543fb2c0867df253edc1fde0322,16
28.0193729,-1.05851769,jewelry_box,3dw,57fe3f25c9a07e347fd32cfd49d07a81,16
28.0825481,-0.922893763,jewelry_box,3dw,7ca9ee40fa2648d55bbc2c24e78c0124,16
-35.253849,3.3728478,jewelry_box,3dw,e2e531b4ec663f1ab724bccd568c5fc1,16
-38.2601204,23.0518913,jewelry_box,wss,6db3229c0f25280f5b041a060e851dfc,16
44.102993,4.04476118,kitchen_pot,abo,B07BLB6644,16
44.8721161,3.59759831,kitchen_pot,fpModel,089c89c9d166731f737c77be2e9f6d7345324da8,16
45.5130768,4.59083176,kitchen_pot,fpModel,0d07adc252041dce26f422e37b146f9bd6ec2881,16
44.9666786,3.95066094,kitchen_pot,fpModel,214a993418b4aee37d1b3797e2b6ed2bd2fd73bc,16
42.9024925,1.56923008,kitchen_pot,fpModel,214f1f476b131b11636fd17e6f8e8d8ec86e2c59,16
42.3906097,2.13495398,kitchen_pot,fpModel,2e220a72339bd2be92f210affc6adb599e7a297a,16
41.5822334,1.88474524,kitchen_pot,fpModel,3024a2ac938ec92f5f6e5e62714c5dfd4a73d10c,16
43.0148239,1.5073055,kitchen_pot,fpModel,37baf0a14c64605c3c68d56dad6e725f1f0eff47,16
45.027462,3.75161862,kitchen_pot,fpModel,4af1300e811470c87b3440240ca8c61451fecf21,16
45.4158897,1.9174155,kitchen_pot,fpModel,4daafc22eac40dad081c7b888072672affa8d8ac,16
42.9747124,1.53197694,kitchen_pot,fpModel,696d6ec35f255e7649f731fc937dde61b9fb0439,16
44.7146988,3.67724061,kitchen_pot,fpModel,87924de6df55046e6099383f62efa22653c626a7,16
43.5016289,0.729630947,kitchen_pot,fpModel,8e2cdcd475c5b8676779bf6a24605861517818bd,16
42.7689018,1.32175231,kitchen_pot,fpModel,98bda20462843fb446a678c0cfca18f2736f7060,16
44.2546539,1.0362612,kitchen_pot,fpModel,b1722de81151d2e1b1f51e779414e9259473ed1f,16
42.069313,1.70023406,kitchen_pot,fpModel,e1c1bad84e5f13ad43ee5c702656ac412df0d088,16
41.921875,1.2361325,kitchen_pot,fpModel,e6eed5cd7d1357bd2e5957e8b05590643543f8c2,16
44.9012413,4.23958158,kitchen_pot,fpModel,ef65c930c62e036c22ecbdfd26e4c9e5f052c8f9,16
59.642971,-20.0434952,laptop,3dw,3bdc4f99715e357261cbd416a9b98b4b,16
59.3363419,-19.9337406,laptop,3dw,f25e33ba95c86ec4ea1049888037504d,16
58.895256,-23.2197189,laptop,objaverse_xl,2ba8cda1d2f3844785f5226f71819bcdfe76faf3fc74b8f5d5e7ff39c77c8acb,16
59.9420128,-22.9110756,laptop,objaverse_xl,2d4fb3a0b0616dae13feb8869895297a68f981e5604c11c8195aa92be7969a49,16
61.1907158,-22.8625259,laptop,objaverse_xl,3760c7ad56ba5c40173b6ba461f26f2d93620c6435f6e1af5fd29f8a6adcaec2,16
58.9881973,-21.609169,laptop,objaverse_xl,3bccdcf82e67d538046a819d7a8173fec8ff9674582190f3593f89dc35e51621,16
59.4017105,-22.7247868,laptop,objaverse_xl,3ec5d1e494fdba8a6366be8c33a6f204244689fa2b2395f31cedba142d25e0cd,16
58.6387901,-22.087513,laptop,objaverse_xl,4001151adc76a5aacc11dab7bdda462cf35e0b400fc75dea2a9f729df3b056d5,16
58.0462761,-22.7277946,laptop,objaverse_xl,485453823f2a93f544c16c03b17f8e698be60b9138fa41af137cc6ad057fa0cc,16
58.2741508,-22.0512924,laptop,objaverse_xl,69ab3a0f6009ba02ec15feeb0e81b041e23d94f2a35599d53f5cc6527e8e27b6,16
57.75951,-21.7196655,laptop,objaverse_xl,7a4dad873602d1c5587325528c4740ededef9fd468d74e7456fb132ee6a583e6,16
59.8530388,-22.229372,laptop,objaverse_xl,7b8d3b248bfd5ef11e468eebf5dc917333c16a83544f746bb64286e245845be8,16
58.955719,-23.0946732,laptop,objaverse_xl,82caa046c7392e91894998e34b4f2931d0c2913435f23d0f2e27eb464a9a3d9d,16
58.7417564,-22.6546841,laptop,objaverse_xl,9b63c98b6f60ae08dbd39024d01c8e3ae9d8c2292dc2ed3ebfd558403cc99b53,16
58.026638,-21.9975014,laptop,objaverse_xl,9e3199da699e42ec4cac130fa7eed5deadf3f976abd2777fc0d99c06cea6e706,16
58.3547325,-21.8270607,laptop,texverse,345a7ec44d9c42afb388384b342858e6_1024,16
58.6543655,-22.1865883,laptop,texverse,4de0585489c347da8aae4c4202169df8_1024,16
59.9738884,-22.7373123,laptop,texverse,57b77f1bdac44a8693ea5d337bbb1101_1024,16
60.82621,-23.5254402,laptop,texverse,70b963af167343cd9194ba77d3765e39_1024,16
58.6917648,-23.3935452,laptop,texverse,8099b08fa9f848dab4cb7e64f12f62b1_1024,16
60.7414627,-22.2393608,laptop,texverse,98889e0d945e4cf49024420f1589a68f_1024,16
59.8609276,-23.8309116,laptop,texverse,c27812e526734c089ee9af6a693dda4b_1024,16
61.3272858,-23.0760727,laptop,texverse,d444fd7f96844acba8511cca564d7268_1024,16
60.8905754,-21.0257645,laptop,texverse,d85d1e3914fd49e9aeb439ce4664d42a_1024,16
59.0928268,-22.9412155,laptop,texverse,dadf809ad19146618ff1800078fae5a4_1024,16
61.250412,-23.6042309,laptop,texverse,edd1c11a511742c1903e273f50b0c83e_1024,16
60.5534019,-22.3775387,laptop,texverse,f9ac8175b6ec4ed28013250a85b10dd5_1024,16
59.6385918,-24.6386185,laptop,wss,151fccb37c2d51b0b82fa571a1cdbf24,16
60.4932556,-21.5484619,laptop,wss,1f507b26c31ae69be42930af58a36dce,16
59.388916,-19.7245789,laptop,wss,495e5abfb57f04ba6bb5dc693bf723b4,16
58.1189537,-19.1264095,laptop,wss,64690e8eb7567389f8a97f238a8ceb14,16
58.0954475,-18.9819756,laptop,wss,7df09674bc991904c78df40cf2e9097a,16
60.3447418,-20.928299,laptop,wss,86fffd7992bcf081eb4d90d878fc8d02,16
58.9640198,-18.5031338,laptop,wss,caed57aed39be7f21c9c158082d8e4b7,16
59.1860924,-21.9740257,laptop,wss,d4a1b5ef035650a51021cd55d164c0ed,16
58.9286308,-18.5554485,laptop,wss,dd67a2225e7b61c162682d6b7b4ec83,16
60.201107,-19.8577385,laptop,wss,e755e5704beaa9dda50b88953d263a42,16
60.1847992,-21.394619,laptop,wss,ed35ed3a7c8824e5996bace9c8deb982,16
49.2189484,3.92569852,lidded_bin,fpModel,a1cb00c89a44aca868e5ab139a6697cc1050d1d2,16
57.5274582,10.8760185,lighter,3dw,31aedb25d150f5bc7ff1725b349a9075,16
57.6035461,9.76549625,lighter,3dw,509215ae3e8c694250d2ca661321bc9,16
56.2508659,15.2250948,lighter,3dw,7003a87b7c8242f9e8058cf23f6382c1,16
57.2308006,2.53884053,lighter,3dw,90b990ebb9967ab45e36b7a13073ba1a,16
58.1670837,9.62476158,lighter,3dw,fa8f158df1b4059a949ee851f2cd7e2b,16
34.4553108,-26.1370335,locker,3dw,87dffb4ac0bb1f93e37da89d6aa52b44,16
34.1102371,-20.2113094,locker,3dw,a06f22822347e9c857191348c74f6bb8,16
29.8636665,-38.7915001,locker,3dw,be128836cecabd659b39484b1f61a294,16
25.5989285,-21.6813068,locker,3dw,ce9f1e0c38688c69cd59123bcb6534c3,16
15.620636,-42.5362206,locker,3dw,f488cf93feddd2fb91a2a5174703986b,16
39.0558929,-20.2550926,locker,fpModel,1d0eace356e1cdddd761a9aca1d6cfcc9685de42,16
39.0135727,-20.22365,locker,fpModel,341094b867eb9d6b86f227a6cc65022a840099e5,16
34.2504463,-18.2469254,locker,fpModel,4e74ef0956614341bd226da209f0fd9798c2bc68,16
39.0653839,-20.5726471,locker,fpModel,8ef198585e210a09ad76c8d8ba1d0b2a9d7cd005,16
-14.2285357,-23.7404175,locker,fpModel,ac49fcf122c3a29fdce60f17e669ae23605561c5,16
41.3945694,-20.7999001,locker,fpModel,b23e528013a3892d372731a5dd2f13da2e44bc97,16
14.1557951,13.7141361,locker,fpModel,cd196cef130b539fc5f2596f6acf43384a63a515,16
27.3865185,14.6524382,makeup_mirror,3dw,30c577bb496d90654a200f5f1797d729,16
27.6999722,14.0312052,makeup_mirror,3dw,de444f5117dde4fa20bf9756ac49fafa,16
16.3869705,17.0273247,makeup_mirror,fpModel,03b9da6158d9f400ab8842ead21e2644f596ddee,16
23.7770348,24.0783348,makeup_mirror,fpModel,2fc2e7cbb6059bc61b4ca0d706ea10649cdabf53,16
23.6663818,23.9983273,makeup_mirror,fpModel,322937108d19988849e2bb6c09268d1920aa0504,16
24.7421551,24.1880379,makeup_mirror,fpModel,3f4f000ead3ecadaa3aad35d8489182509552154,16
23.321825,24.4802475,makeup_mirror,fpModel,6c1ba9752bd62342932d7d80b49773968f03deae,16
24.9854736,23.9286308,makeup_mirror,fpModel,8583032839f5dee78fc19a4d1775eeb7aa380bab,16
24.455265,24.3241367,makeup_mirror,fpModel,88a3efad0856410f9cd133f785599ec56abb8a6f,16
38.8197212,17.6431923,makeup_mirror,fpModel,acd4be0d167ad8bd8ee4cede8264950870fc7337,16
23.3303776,23.4332809,makeup_mirror,fpModel,bd6868f7b7f9b7f671998a1d27d0555b0946e855,16
58.437809,20.2600403,mechanical_pen,3dw,2c567890888f7b40aca737c0176f3832,16
62.0368919,20.5678062,mechanical_pen,3dw,35d8012a02cac7f6677290abad454484,16
60.2657585,19.476553,mechanical_pen,3dw,7dba8ab37d468bb651417dd4e2cbd36,16
18.5390415,-2.85772276,mechanical_pen,3dw,b154e4bd54c02a0bdd14ae8eebde9395,16
58.7558365,20.0571041,mechanical_pen,wss,5580924f960463d5aa26b0b13ca3661,16
61.5466156,19.8720398,mechanical_pen,wss,5aafa1ad93de547b84f57a9f1a358c0d,16
60.2777061,18.9914722,mechanical_pen,wss,8ed1668d846d7fa76dbbb4a01db03953,16
60.2678223,19.4926815,mechanical_pen,wss,c0479deba016f81ee8ce293298cb8c1f,16
61.6906013,19.9643917,mechanical_pen,wss,e0b97bb35c2bd2ee67f419f49cbdddec,16
58.974411,20.1403484,mechanical_pen,wss,e69776ab0e8ceb328b398b2ca89fce81,16
31.7837543,10.2494926,memory_stick,3dw,94c4ed8f3074aea1398968fd209b2972,16
27.4132595,7.0604043,memory_stick,3dw,bd248c65ffb1da9a5b9a45f9870882b3,16
7.8172121,-29.0410461,microwave,3dc200,7e_000,16
6.79329967,-30.8773594,microwave,3dc200,7e_008,16
-11.8137989,12.4063749,microwave,3dc200,7e_00d,16
-2.11632419,-23.8264332,microwave,3dc200,7e_010,16
7.23285151,-28.5504265,microwave,3dc200,7e_013,16
-12.2181196,11.911931,microwave,3dc200,7e_016,16
-12.5560837,11.6915741,microwave,3dc200,7e_018,16
-5.40990734,-24.7901115,microwave,3dc200,7e_01d,16
1.6384939,-17.2021255,microwave,3dc200,7e_020,16
-2.08988333,-22.0624161,microwave,3dc200,7e_02a,16
-11.9482622,11.5205116,microwave,3dc200,7e_02d,16
-1.6968739,-25.0520668,microwave,3dc200,7e_02f,16
18.2058601,-40.8598289,microwave,3dw,20289deb-408c-4468-bcb1-648ede7551a5,16
16.9870682,-26.0852852,microwave,3dw,22636ce5-f0f8-480b-b297-e6b93c4dfb9b,16
23.7809372,-39.8556938,microwave,3dw,32cd9cac8bb1595d270a95b9e64402ee,16
17.2697105,-32.7949219,microwave,3dw,382062cb92d0f90283247f812f2eaa97,16
15.7827911,-25.3323975,microwave,3dw,4057186d18c1f805535ab615e8b7f112,16
20.2335968,-18.8367882,microwave,3dw,4f0cc91077ee8cac64c0c614e0cb58aa,16
15.3472481,-34.9730873,microwave,3dw,5bfca4e7-d5ac-4005-a95d-a30c1810a5ea,16
10.5235386,-27.4661713,microwave,3dw,6cf4a2fed74c1cfeb5d116369fec4197,16
22.2281303,-39.0830193,microwave,3dw,7bf3ab546a7c626563eee14940c555b6,16
17.7320175,-29.1829586,microwave,3dw,7f7389f0-89c0-4981-a3c7-de2c49fef429,16
17.0743179,-26.3061752,microwave,3dw,9033b3ee-d3a7-4b64-a010-843d4c82d759,16
2.37092805,-30.9881783,microwave,3dw,9507b6f3-de0d-4300-84d5-d0c91b99893e,16
16.4410458,-26.9804668,microwave,3dw,9a7e399a-07e4-4da5-9d22-d2389585a182,16
8.26226616,-30.1096344,microwave,3dw,9fa6beb0eef3baf9ffc6e457221b9271,16
5.44025993,-6.35144615,microwave,3dw,a0d24234c60bab2b9941e769880462e7,16
13.8285093,-25.7902012,microwave,3dw,be22179849419e0d4fb42087918269e,16
13.5915422,-39.1209297,microwave,3dw,c8baf954-f240-487e-906f-c2cc7689e749,16
13.6350803,-39.3478622,microwave,3dw,ca2332d6-b0c1-4435-bab0-3f46e36e6792,16
13.826334,-39.973774,microwave,3dw,cbbe4c9f-1a7b-47d0-9fd4-16aa17998f69,16
20.4765358,-32.5902748,microwave,3dw,d6196176af304f8ae1f9b37d2883a2ab,16
9.58820629,-29.3687172,microwave,3dw,d882a22f3ba89c3bd1b2557b80a0d3f0,16
23.7487392,-40.551548,microwave,3dw,e4351dffd3ab7841af9a5a7008cc3ec,16
17.433876,-26.3546638,microwave,3dw,fb093a88a702f571709c8fc944e59e0f,16
24.5671368,-42.9626198,microwave,3dw,fd93647b660ec61d1001e28660fe24d7,16
16.622488,-26.7860813,microwave,3dw,ff9f8e457421a0c769a264ec7f2b5b6c,16
14.0415812,-40.0640259,microwave,3dw,u742ca329-dd7d-474b-964c-b146becccbab,16
14.4032812,-35.5541916,microwave,3dw,ue7254598-3ce6-42b6-9c29-a0212ff1ba94,16
15.517354,-34.7032433,microwave,fpModel,09b7f888a08a35d64d05e5f94cde9b75715c9a6d,16
6.73552895,-29.4308186,microwave,fpModel,1cc51b96a5050214f2955649971fe990da9a449d,16
16.1387329,-35.4406013,microwave,fpModel,7a06b033beac2d46a538e141792ccc507a0ec6b7,16
15.3850603,-34.3809013,microwave,fpModel,844be43b1c34647e153e9b1c4054bd59a8bb64ed,16
7.05371761,-29.2264729,microwave,fpModel,93951e48e6f29a5592dd6e8e2c426427707d6496,16
19.9163132,-22.9737015,microwave,fpModel,a630fbac79cdc164c9344a588f72d207b6d25e33,16
7.14654636,-29.8786297,microwave,fpModel,bf840db863fc9c2646b2f8f372e4847b2fd42e34,16
6.68542719,-29.5090885,microwave,fpModel,c3b2adbd3b89bdcd01f1e813bc4d2e06975ec727,16
18.1717777,-30.6025085,microwave,wss,30e4d5f28706a95abf37a318b55c6a3c,16
13.7010937,-38.9349594,microwave,wss,4b896032652578d8b5d95a89c22ce403,16
25.7864208,-12.7667904,microwave,wss,67e4d0cf70b87600ddf024f7de40d58f,16
50.4218407,7.53107214,moka_pot,fpModel,9d027ac8635b202c4ba4d2e39708d98a918677af,16
50.3097305,8.08709526,moka_pot,fpModel,xxxxf45a8691xe75bx4c1cx8a2fx5489a1a6f470,16
42.2864532,29.0610657,monitor_arm,3dw,42f04270165f4fb3b4ccc26873bfd14c,16
11.4175215,-2.99558067,monitor_arm,3dw,5fd9e3276a8e1f37c0c1fc02caade959,16
42.2203522,29.075798,monitor_arm,3dw,8eed2027a2100f76b4ccc26873bfd14c,16
5.92408419,-2.6912806,monitor_arm,3dw,e63dc22f88ee0538de8a4c4635fd3ff2,16
11.1356993,-3.22865486,monitor_arm,3dw,e7ee3b8119874c0b40ff33d80c1d7d1e,16
-5.05146551,-32.2473946,nightstand,3dfModel,022895dd-19c5-46ee-8de6-f2ba11b68c57,16
-21.8542461,-37.1478195,nightstand,3dfModel,029d0231-a5c8-403f-93d4-790cd153d2f9,16
-57.6833115,-11.0461864,nightstand,3dfModel,0312fba3-cf31-4e4d-b6b2-3d9967750577,16
-19.8949585,-33.4070129,nightstand,3dfModel,0327502e-993e-42f4-a9d3-85593c561ae7,16
-18.5136585,-26.0057602,nightstand,3dfModel,04c289ae-17fc-4c4a-a3b4-c5ecae294da8,16
-51.825695,-12.9952316,nightstand,3dfModel,05667d56-f53a-4d86-a7ab-382140d2eeaa,16
-50.9103737,8.24420929,nightstand,3dfModel,056d9c19-ddb8-45d0-bc22-f9c4f0b41962,16
-16.6027565,-46.6437149,nightstand,3dfModel,05740eed-3ed1-472e-81b6-f651395c4ada,16
-54.7353134,-7.45407295,nightstand,3dfModel,06d0beb2-9724-4e98-929d-80b23a31775a,16
-20.1617546,-49.542881,nightstand,3dfModel,0883d358-904d-4e6b-9bac-66ad28c5621e,16
-37.2789726,29.1539421,nightstand,3dfModel,0b50f3c4-f43e-4371-9960-7cf471542640,16
8.75796509,-26.434761,nightstand,3dfModel,0d521015-9097-4339-8960-ae1a366d1a65,16
-40.8345146,-11.9888763,nightstand,3dfModel,103429c6-24bb-4f9f-9d4a-897d97a6bab1,16
-38.9858932,-19.7931709,nightstand,3dfModel,10be3edd-3cd5-4183-bd60-622b4fe379ef,16
-41.7639503,-9.54429436,nightstand,3dfModel,115678d8-847c-46c8-9fd4-f8801c65082a,16
-52.6093063,-5.5131793,nightstand,3dfModel,1261c3e5-9d31-4474-abe5-da2c1668ef63,16
-6.76329136,-40.9287529,nightstand,3dfModel,155ab62e-4ea5-4539-a5bb-a0833c93bc82,16
-17.92803,-30.6342793,nightstand,3dfModel,172d257d-5eab-4f7e-8671-ae3752a02b45,16
-17.2821159,-32.8394737,nightstand,3dfModel,18971be9-a137-40f9-89ac-69b7330da081,16
-12.2007818,4.33062458,nightstand,3dfModel,193b4097-7917-40a0-99d1-ff43c94d92c2,16
-35.0381241,-15.8508301,nightstand,3dfModel,1ba78b12-1c33-4f8a-97f6-9a4ea84dc3f9,16
39.8947105,-3.6215179,nightstand,3dfModel,1c9f791a-a92f-4727-91c9-4474946e63d8,16
-1.3871609,-40.1437416,nightstand,3dfModel,1ce16338-ac1a-469b-b257-2891488e9fa4,16
-1.60348761,-42.0245399,nightstand,3dfModel,1e8ecf09-4a2f-49dd-b472-e9f4b5569d32,16
17.6026917,-19.493782,nightstand,3dfModel,1eaf6625-0487-4378-8532-79b77a856b50,16
11.5311031,-22.8348103,nightstand,3dfModel,23000814-7305-4ce2-bcdf-1be89f68fb57,16
-19.2116585,-27.6118984,nightstand,3dfModel,2397df9e-1c62-413d-ac85-4279dec34f88,16
-7.92875004,-48.2785835,nightstand,3dfModel,24adeee8-399e-46e9-8d8c-aa641084c1e1,16
-40.5026169,-9.64860535,nightstand,3dfModel,24b4b76a-65b5-4774-8797-726bd6abe893,16
19.2013149,-19.592577,nightstand,3dfModel,24d58179-b687-4920-8652-a66745d787d7,16
-19.816925,-33.5075226,nightstand,3dfModel,24de449c-a06b-4561-8641-f9cb6407b62c,16
-17.184761,-36.6797333,nightstand,3dfModel,2584ac59-b93c-47c3-92b2-e517b42c1c51,16
-3.43703938,-33.7195091,nightstand,3dfModel,26df8f51-1552-438d-8da7-a1213f6640b2,16
-23.9983196,-49.9151573,nightstand,3dfModel,278bc115-a727-4ff8-abfb-647e45bdab46,16
-49.1057587,-13.8164682,nightstand,3dfModel,28a8fde0-22ef-4175-9370-12ba922348aa,16
-39.975975,-10.6569128,nightstand,3dfModel,2924a537-18e9-428d-9922-ab1460e1f58b,16
19.3648663,-24.5581493,nightstand,3dfModel,29d5bbf7-f577-4f5c-baa7-1ed3f9817a67,16
-57.2749748,-10.0497236,nightstand,3dfModel,2aee7bfa-1696-44be-bf4f-36b2872e95b8,16
19.0720787,-27.5335159,nightstand,3dfModel,2b24e3e5-846d-47a4-b16e-4cb85f28e690,16
-55.7349319,-4.63467503,nightstand,3dfModel,2c8e4321-b9ca-4d71-9168-15c85f860667,16
-20.4271049,-47.787468,nightstand,3dfModel,2f77e6db-9e31-4b42-9813-850a9d5ef7a0,16
10.4598455,-26.025919,nightstand,3dfModel,2fb67033-71a0-464a-86d3-6faf75d73b93,16
-19.4985638,-25.1415863,nightstand,3dfModel,2fd5c449-667b-418e-b53d-3596f954eab7,16
-16.5365429,-35.2877312,nightstand,3dfModel,3241f1fe-5d13-4283-a443-b6ecee0bb225,16
-22.2175579,-30.6512604,nightstand,3dfModel,33061136-bad0-4ffa-b303-dd8543405dd4,16
-36.4555511,30.1841373,nightstand,3dfModel,3324e2d3-feb5-424c-aa82-196984a45a89,16
-24.6371727,-46.6574059,nightstand,3dfModel,339c818d-30d1-4f42-9f68-e88ff89906e8,16
-16.2930679,-25.4422703,nightstand,3dfModel,34e5b695-1212-4cf3-9d9e-50314061a036,16
-38.2642097,31.6029835,nightstand,3dfModel,35638b4f-913d-4f26-bc09-acd6c5049e69,16
-24.4769707,-29.9566669,nightstand,3dfModel,3664dd1d-7fd1-49b2-b5d4-8b9c613c1fcd,16
-35.8924141,30.8360291,nightstand,3dfModel,36a4de8e-bdc1-410d-99d3-5acb5dacc5eb,16
-17.3643513,-37.04179,nightstand,3dfModel,36df9d95-c1a4-47e7-8e68-7d1e4b9ea4ca,16
-19.3940105,-47.5187569,nightstand,3dfModel,3826da77-490e-47dd-ab86-eff80e251f15,16
10.0790358,-22.6104546,nightstand,3dfModel,3ce3cc7d-fadd-45e5-8312-0915a357103c,16
-25.8083076,-47.7211227,nightstand,3dfModel,3d1978d2-e10b-4989-af91-8fafb5931f04,16
-4.76809931,-40.5390129,nightstand,3dfModel,3e44eae9-3e3c-49af-86e8-dc21bfc8725c,16
-15.8935938,-46.5513573,nightstand,3dfModel,4198a69c-3720-475b-87fa-0fa4a1d0052e,16
18.037077,-22.2794552,nightstand,3dfModel,4219c88c-a6be-4c0d-813c-dbaf934dab46,16
-4.23048735,-43.3349762,nightstand,3dfModel,43733ff6-1f45-4c56-89bf-619e8d9f7853,16
-38.6141548,-12.160018,nightstand,3dfModel,43adc992-e772-4763-a7ad-36eecfde3e5b,16
-56.5027618,-11.502018,nightstand,3dfModel,43f83fe9-ab65-4d67-816a-1e6e3c1161c2,16
-1.31959879,-16.5918331,nightstand,3dfModel,4490d4ed-ff54-48a6-99b1-e6051fa1eb9e,16
-17.377615,-38.5854568,nightstand,3dfModel,44a785fa-1afe-465c-90ea-5847592b334b,16
-21.4917221,-30.0979443,nightstand,3dfModel,452793a7-feab-4004-b144-fa7e7a6b8705,16
-6.00436449,-43.5484695,nightstand,3dfModel,46c68d2d-c1cb-4bc2-8028-38d5b29f07d8,16
-29.0080814,-13.3913507,nightstand,3dfModel,496b7e7d-2798-41ca-ab19-1ac9c5701ad2,16
17.6637688,-22.1335068,nightstand,3dfModel,4bdf5de9-6e8f-46cb-bf46-7ccb85855c85,16
-7.6881175,-36.625679,nightstand,3dfModel,4df73dcd-8406-4c85-951f-3f6b9c41deb9,16
12.2648487,-18.8517532,nightstand,3dfModel,4e151a11-bc80-4383-acdc-668bb129b836,16
-40.4477577,-12.7868958,nightstand,3dfModel,4f96b0ad-88df-4180-8068-1909732d1dbd,16
-18.0282478,-48.5223122,nightstand,3dfModel,52a7986a-d2a3-4492-8d4c-ac7a06fcd3b6,16
-19.4027462,-45.5950737,nightstand,3dfModel,53eaf7fe-a4f0-47b8-8e8d-8892794398bf,16
-18.6585407,-28.8251667,nightstand,3dfModel,5407c841-c45c-46d3-9442-be979f5eb0ba,16
-30.5166187,-23.793766,nightstand,3dfModel,55e14772-c606-4a9a-8b08-e07189804e8f,16
-53.6011009,-0.647900224,nightstand,3dfModel,56c41341-bb30-4ad5-bf99-c156222d8ec1,16
-40.4259415,-21.3221684,nightstand,3dfModel,5b3cde66-3804-4b0f-8b78-b2e35c554d11,16
-28.339716,8.4900856,nightstand,3dfModel,5cf20093-e8c1-405f-aaf7-ede2c1ce2819,16
-21.4918766,-48.2990417,nightstand,3dfModel,5d73771e-7a4c-438b-8241-b933ee5dd937,16
-26.6367168,-47.4448166,nightstand,3dfModel,5e15b4b1-3160-4c80-bde3-e53322a72fa0,16
-24.0227509,-49.9308167,nightstand,3dfModel,5e4c8a81-79dd-43c2-a117-f3b9bda9e560,16
7.31756639,-30.2043705,nightstand,3dfModel,5e6ab4d2-68c4-4adf-9254-0774692b5683,16
-56.7602196,-6.93399477,nightstand,3dfModel,5f647e91-185e-4daa-819b-4de676e55627,16
-17.1830025,-35.9442902,nightstand,3dfModel,5f6ef37d-5525-497b-87f3-b6cce3d5f676,16
-22.7183285,-47.1812363,nightstand,3dfModel,610e35a5-595b-4919-91bb-de99ef9de8b8,16
-1.29538786,-16.3464661,nightstand,3dfModel,6170b3c0-e6ca-45e0-a539-11c6dd063672,16
-21.9845524,-51.5417824,nightstand,3dfModel,62319141-32fa-4353-b2ff-ec31ca232e3e,16
-31.7619171,-3.34626794,nightstand,3dfModel,65303fc7-e257-44ea-a715-b8de195ed0d3,16
-23.9905434,-23.455162,nightstand,3dfModel,66e53d0b-9f97-46b9-873e-df25496281c9,16
-24.0832348,-30.9704247,nightstand,3dfModel,68450a89-8e99-44c0-a16a-003800f2876d,16
-13.552268,-17.5057907,nightstand,3dfModel,69acc8df-eaac-4453-9729-12f25673b9fe,16
-53.2592278,7.87882423,nightstand,3dfModel,69cd87bf-5d95-45ca-97a4-5f538d72bd68,16
-0.740673482,-39.278904,nightstand,3dfModel,6a0b1a22-b45e-4dd0-869c-8ccea4fa6950,16
12.9945059,-27.9920521,nightstand,3dfModel,6ae84081-8907-4796-b732-c23949add087,16
-1.48433161,-39.6525574,nightstand,3dfModel,6beaa9e4-8fe9-41e2-9687-f555c93f7103,16
40.3922234,-3.19282651,nightstand,3dfModel,6c097118-c8cf-475c-b918-189316a7fa3b,16
-19.9426861,-29.6286278,nightstand,3dfModel,6e0990a5-99fa-4007-8791-ef311fde55ce,16
-59.2239532,-8.50052166,nightstand,3dfModel,6e63d677-66c4-4c0a-9ecc-60d69c4c3a36,16
-43.5076942,-9.80372524,nightstand,3dfModel,6f706a39-670c-4f39-920f-337be30a9a3e,16
-18.4647331,-30.1948986,nightstand,3dfModel,7066099b-eb99-4e14-8b54-4df7c159e599,16
-12.0151939,-17.4171352,nightstand,3dfModel,709bb15d-00a9-4da6-9f92-e18e9391a525,16
-48.9765968,17.542448,nightstand,3dfModel,719d16f2-dfb6-450a-94b7-258a63109d7f,16
-43.3207359,-10.322546,nightstand,3dfModel,71cab17f-bef2-45d9-834c-f83ded9a78ba,16
-3.58223367,-31.6147671,nightstand,3dfModel,7322fdc9-34f6-40f6-972e-aad5b09e61dd,16
-51.0502357,-10.9637775,nightstand,3dfModel,75aca66b-7852-4d21-938b-d6cb9ea77002,16
17.9355392,-22.4969234,nightstand,3dfModel,761dea3b-2580-4828-b3b7-51636b1d1c4a,16
-21.1871567,1.013538,nightstand,3dfModel,789c9d21-22a1-4612-8fd3-90a56644d4aa,16
-40.3323212,-10.2668028,nightstand,3dfModel,78c603ae-d755-41a0-bb7e-759220303454,16
-6.90965891,-45.4032173,nightstand,3dfModel,7ade5547-a4e4-4220-b1f8-ca8ac48f12f5,16
-34.8840294,-16.0467911,nightstand,3dfModel,7c2916f5-3c12-437f-ac90-371206e5d1a1,16
-7.66248083,7.64642048,nightstand,3dfModel,7c410fee-3ed9-49fa-9293-da601eb29ae3,16
-38.4926643,-20.4251766,nightstand,3dfModel,7c418d2e-974e-4a2e-b286-ad5043eb7d95,16
-11.502882,-48.0901985,nightstand,3dfModel,7c7585e8-ac27-4762-b06c-516e44e6526a,16
-4.87926245,-43.5135231,nightstand,3dfModel,7dfbf4e3-237f-470a-82e9-d47bb278c40b,16
-40.3046265,30.2313042,nightstand,3dfModel,808d18b1-8d1b-401a-9304-22239bfed4a4,16
-35.7351265,-14.7892399,nightstand,3dfModel,841a57e7-68a6-42bb-b414-77c32424874f,16
-22.2050133,-25.1054535,nightstand,3dfModel,8540ec2c-f5e6-40da-af37-6c0098ce200e,16
-35.4904251,-28.2966137,nightstand,3dfModel,877ea345-1520-4ee8-8ca1-69ce2488ec91,16
-11.92241,-17.7522469,nightstand,3dfModel,879812cc-973d-4c7c-ad38-76262208230a,16
-38.2718201,-11.7012863,nightstand,3dfModel,87bf20d6-68b8-46c7-84ea-884880c10d8d,16
-44.1674881,-15.5266953,nightstand,3dfModel,8b8cdbde-57e3-432a-a46a-89a77f8e6294,16
-34.1719208,31.5298309,nightstand,3dfModel,8bcfbbc3-fb54-46d6-b9f6-8029c2fbb3b1,16
39.4421272,-4.08002186,nightstand,3dfModel,8e604449-9d9f-44ad-baf5-a9fabe9350b0,16
-0.490212113,-42.2740974,nightstand,3dfModel,8ef74600-39f7-43b4-9950-4766a8ec2abf,16
-41.1081886,-10.7348108,nightstand,3dfModel,8fe26c63-f744-4dbf-9149-ed8147275bed,16
-7.64054298,7.64293814,nightstand,3dfModel,904bbde8-4912-464b-a58a-6e8dc8dc280b,16
-18.3073578,-31.2611599,nightstand,3dfModel,91abd8fe-2686-4c18-ba2e-50579bdc2b3a,16
-18.5295486,1.44112742,nightstand,3dfModel,93e536ca-4533-4b67-8f78-112b1faa4332,16
-21.74263,-34.8123932,nightstand,3dfModel,940f50a6-b09d-41eb-9b38-073a64530373,16
-16.6009598,-46.6427765,nightstand,3dfModel,94d07fac-1f98-45a8-8433-a4ee5a71881d,16
-16.4883423,-23.0500546,nightstand,3dfModel,95f44043-569b-41fe-8d0d-933f09a63c61,16
-23.1103058,-49.4891739,nightstand,3dfModel,9600708e-c589-4924-9dc8-c2fe3286497b,16
-38.314846,-11.5347643,nightstand,3dfModel,9603344b-99b8-43db-abf0-73c7eaf0ea5f,16
-38.618103,-29.8187065,nightstand,3dfModel,966714a3-b8ac-4551-917a-e3af7a4c4b02,16
-20.9223309,-27.9939404,nightstand,3dfModel,96f2f1f6-8dfd-402e-af95-4f6e6af203c8,16
-57.9224129,-11.3582926,nightstand,3dfModel,98105891-1421-4f66-a513-0ac57aa3bf54,16
0.633753777,-38.9886703,nightstand,3dfModel,989e0d90-dc20-44e7-b745-f5cc39149268,16
15.1250143,-24.2231464,nightstand,3dfModel,99bb0a0a-8d3c-4887-9014-d3ba91aacd5f,16
12.8013058,-29.6656876,nightstand,3dfModel,9a3fb696-7a73-4371-8b44-9fffba986a29,16
-1.47907388,-39.0510254,nightstand,3dfModel,9b2c3161-c6d7-4090-bcbc-6389e6c44177,16
-6.65833473,-46.4543457,nightstand,3dfModel,9baf0264-9494-4a9c-ae4f-e83612896426,16
-1.35096884,-16.644783,nightstand,3dfModel,9bb6bc0f-1a6f-4a44-91cc-86099a886530,16
-26.3783646,-47.5299187,nightstand,3dfModel,9c2424f6-5c02-44dc-a129-d43ca083ffe3,16
39.4854012,-4.00007582,nightstand,3dfModel,9c33e622-62df-48b9-ae48-8f5245074435,16
-17.3173771,-35.9371567,nightstand,3dfModel,9c4424b3-ed58-4cf8-b1b5-7c75dcf54286,16
-22.6014118,-48.0395927,nightstand,3dfModel,9edc708d-be83-41c4-9f8d-8f80ade68a4e,16
-8.06721878,-47.5911865,nightstand,3dfModel,9f6f8c41-b485-4201-96dd-5c44368d6bf5,16
-17.0365067,-49.7708931,nightstand,3dfModel,a0f4720c-c9ea-48f0-a4c3-8e9786d01589,16
-16.824152,2.68233776,nightstand,3dfModel,a20adaf3-e98a-4d47-a8e2-4a3d32fa56aa,16
12.0581093,-19.0555935,nightstand,3dfModel,a2e48bd4-ce55-4cd2-b3d1-5fc18fc0e7a2,16
-19.8129139,-32.9267883,nightstand,3dfModel,a4906939-5cb0-4d38-9bff-2c3d68da34c8,16
-19.8968658,-28.5807152,nightstand,3dfModel,a6bb7b34-43ec-489a-9a92-e9eff5c4eca2,16
-2.58287334,-21.9719276,nightstand,3dfModel,aa4714b2-e1f4-40b9-b680-5ee2d82c920b,16
-43.2269058,-9.09106636,nightstand,3dfModel,aba876cd-aed8-4bdb-956d-ca3e3946c3f8,16
-27.5079308,-21.3143692,nightstand,3dfModel,ac7d2819-cae6-4551-b03b-21e973a5e166,16
-51.2926636,-8.21007156,nightstand,3dfModel,ad37faea-9ed2-412f-a856-e4a4584c5e24,16
-13.219986,5.02017736,nightstand,3dfModel,af69165c-eead-4290-821e-e532868d695a,16
-14.1408224,5.73209906,nightstand,3dfModel,af899b3f-5bd2-4470-84eb-564fb87d56e2,16
-29.4899826,-22.1943169,nightstand,3dfModel,af8f84de-bb38-49e0-9e39-ffd0511dd65b,16
-28.0536041,13.2036839,nightstand,3dfModel,afcf6dfd-730f-4ba1-b8c2-158804fb6886,16
9.48180103,-22.8541298,nightstand,3dfModel,b07444ff-5d5d-4493-8616-c1eabe6a840b,16
2.68500447,-9.38035393,nightstand,3dfModel,b0cf3221-d5b3-48be-a80f-127e3b727f50,16
-1.46037233,-39.4472389,nightstand,3dfModel,b1c00df7-462c-48ef-8506-8f7a3da9e90a,16
-19.9120846,-1.92301822,nightstand,3dfModel,b1cbab5c-316a-4fab-91ea-f75519686f75,16
-22.35429,-47.5252991,nightstand,3dfModel,b41f5051-57aa-491e-8a33-2ac9e201173d,16
-5.20815611,-45.2666588,nightstand,3dfModel,b532ba4b-ccd6-481f-a097-69247e5f196f,16
-31.1207237,-12.6203327,nightstand,3dfModel,b56e73a9-f2f3-4316-be1e-01ebcded12a8,16
-3.49524069,-42.5043678,nightstand,3dfModel,b63299fd-c11b-4a1d-8511-31cbfe11bcea,16
-19.2237034,-47.4835739,nightstand,3dfModel,b669c249-8016-499f-b389-d9f3f42a3a63,16
-51.0481377,-10.9665623,nightstand,3dfModel,b6ec33de-c372-407c-b5b7-141436b02e7b,16
2.37773418,-15.2100439,nightstand,3dfModel,b734950d-92f3-4955-8d06-232dfc9c56c6,16
-59.2223701,-8.50044537,nightstand,3dfModel,b74de7fc-c3c2-4a58-849b-76f542ee332a,16
-54.8636246,-10.4888248,nightstand,3dfModel,b8691383-7782-4e7e-9198-2475e987f082,16
-18.515934,1.51523864,nightstand,3dfModel,b8e5dcb5-a141-4f35-a41f-034a702bf56c,16
-1.90570998,-17.3826504,nightstand,3dfModel,b9a31abf-f88f-4c5f-9f39-21b4039283de,16
-45.4537086,-12.2582054,nightstand,3dfModel,b9db14f3-27a1-4325-b212-9bf82352d66c,16
-52.9766312,9.06643391,nightstand,3dfModel,bb9598e5-69bc-46e9-90c6-c6fb93f96ed1,16
-20.9032001,2.47910833,nightstand,3dfModel,bbf6a85c-16e6-42ac-8754-f74d51bc17ce,16
-20.5504379,-49.3536682,nightstand,3dfModel,bc6f3ed7-808f-4d18-b001-fe0642df679a,16
-20.0806217,-46.8450699,nightstand,3dfModel,bcd6a9a4-acfd-4bf0-8344-ad4cbfe0b189,16
-23.6336536,-42.3072968,nightstand,3dfModel,bcf190c8-288a-46c6-a178-c08dae003eed,16
-40.2934685,30.2318974,nightstand,3dfModel,bcfa634c-2693-494c-9b20-c3eeb42f6a8e,16
12.6970835,-28.1575909,nightstand,3dfModel,bd68e830-18a3-4b11-bab5-0065a5531d83,16
-36.6354561,25.327076,nightstand,3dfModel,bd809296-245a-4b50-b872-5e91b76ba738,16
-41.1888237,-13.6896334,nightstand,3dfModel,be19ca05-cffc-4619-b950-33bebb7b403d,16
-14.6273537,7.28545094,nightstand,3dfModel,bf9b9bc2-b4d2-40ac-9089-f05055664ab3,16
-53.4066963,-9.28574562,nightstand,3dfModel,c02d4213-31f1-4bf5-8290-6d4d5783a624,16
-23.5214005,-25.3513145,nightstand,3dfModel,c10d2f7e-246e-45ec-9561-345288c91349,16
-15.006073,-16.1212311,nightstand,3dfModel,c18f1967-f371-43c0-a83e-5de113507553,16
-18.6582012,-28.8227482,nightstand,3dfModel,c2aa13c4-04be-4bb3-bdbc-b118feeef460,16
-42.6658554,-13.4181576,nightstand,3dfModel,c4a6b030-7fd9-4fe6-811f-3d7cb2bfd408,16
-25.6897488,-47.7795334,nightstand,3dfModel,c525c09a-a3d2-4589-8c96-32c842cfc1e7,16
-19.8437767,-47.6215057,nightstand,3dfModel,c6293606-b642-455e-890d-525a4744f8f3,16
-20.9080868,-27.5505581,nightstand,3dfModel,cad2275a-a927-45fc-82f4-8041f9fe421d,16
-37.6044579,-20.9362583,nightstand,3dfModel,ccb862af-0731-4ec7-bda5-9b11506190f6,16
-25.4256535,-14.848381,nightstand,3dfModel,cd5dfd5c-f75a-4f11-aab8-882d848c7f7d,16
-23.1982136,-48.6072197,nightstand,3dfModel,cd813c3a-95a6-49cc-8450-c0d2e007a941,16
16.2012043,-8.20376587,nightstand,3dfModel,cf3811e5-6b86-47ee-a495-451388f676fb,16
39.3525047,-4.18822622,nightstand,3dfModel,d028ddfa-e149-4ed5-87c4-cd9e31d1265c,16
-52.127903,8.36715794,nightstand,3dfModel,d47b027b-cf6b-409b-be35-aa7ab0203534,16
0.353142977,-42.2673874,nightstand,3dfModel,d90a1757-89b7-4bb5-a281-8e643b4735fe,16
10.8725414,-21.4827061,nightstand,3dfModel,dc9b4e10-7df3-4a25-bd55-8dab4d0ddeac,16
17.8381443,-19.5986919,nightstand,3dfModel,ddef48db-000d-4614-94c4-67ce114bb0e9,16
-17.2082253,-48.2011032,nightstand,3dfModel,e0755599-37cc-4c96-945a-34cdabb8252a,16
13.5808735,-32.1489563,nightstand,3dfModel,e2ef0d6c-4942-4abe-b178-a435c0c23bec,16
-17.8806553,-24.6534061,nightstand,3dfModel,e4eac65b-d96e-455e-b717-972b0adf1793,16
-2.34018707,-40.1721649,nightstand,3dfModel,e50ccf7a-da1c-4aa9-901e-bf1fbdabf036,16
-18.8119698,-27.100338,nightstand,3dfModel,e6dc4006-93e9-4229-bc00-5236d3e8b4e6,16
-36.5529556,8.80588436,nightstand,3dfModel,e70b3ce0-fa9d-40b5-a95b-69320649225b,16
-1.12669802,-42.5593262,nightstand,3dfModel,e7509d44-ff5a-4033-9ed0-6d4f73a43282,16
23.3391857,-13.2001734,nightstand,3dfModel,e7defba1-6d30-415d-a374-a61af4e0b132,16
-3.43140936,-39.0926743,nightstand,3dfModel,ea0be776-bedd-48cc-b929-e1f79e4e847e,16
-31.9950218,12.1303406,nightstand,3dfModel,ea33993c-e458-452e-8193-1afcac00d836,16
-22.2599945,-25.0894833,nightstand,3dfModel,ebdd83c6-283b-4ff8-b2ba-0e83edd3ba9a,16
-24.196291,-30.9434166,nightstand,3dfModel,edae754d-949e-416e-92cb-2e36acddecfe,16
-37.6370201,30.4501953,nightstand,3dfModel,edeedd5f-bbe8-4087-ad6f-fc168e369265,16
-14.57335,6.57107878,nightstand,3dfModel,ee361f53-ddb7-43fa-b854-fbf79dcd7a4d,16
-20.8305855,-32.5371857,nightstand,3dfModel,ee626565-5f28-4422-97b8-ab18ccaabe22,16
-35.5256882,-28.4359779,nightstand,3dfModel,ee70905c-37a8-4661-93cc-92f23e9453a5,16
-51.7717133,-12.6696558,nightstand,3dfModel,ee7ce223-8224-451a-96d5-ddbeeda0687b,16
11.5846949,-22.9192066,nightstand,3dfModel,eea883d3-9d0a-48d3-beb9-1732cd3ebf4f,16
-2.41389012,-43.9261551,nightstand,3dfModel,f12a2b26-d37a-4f1c-86a0-ed54a95d1294,16
-39.9967613,-25.4597569,nightstand,3dfModel,f366b9ef-9127-405e-b263-58db5a986fcd,16
-40.4630699,-10.3100958,nightstand,3dfModel,f6e9071f-09fd-4603-ad76-028356d07024,16
-28.4070854,8.33467388,nightstand,3dfModel,f72cfd0b-5219-49cc-a9a2-9f90421efb6e,16
-40.5813065,-10.2982063,nightstand,3dfModel,f7e667ee-f042-4428-b29b-6a89d81a48d9,16
1.1689961,-18.1307869,nightstand,3dfModel,f97613b1-582b-45b9-9b97-5d7d38a9c267,16
-18.6574612,-28.8255711,nightstand,3dfModel,fa3f26ed-dc84-4819-b5fa-9b4e6c664e6b,16
-42.824688,-17.592659,nightstand,3dfModel,fb6685eb-c59c-4eb6-ac2c-e18075d272b0,16
-5.29289913,-45.2134247,nightstand,3dfModel,fb84f58c-6029-4f37-bd73-6705c29617a1,16
-40.8478432,28.2158928,nightstand,3dw,2327f7b16935f6837afee304cce81d6f,16
-49.9143829,12.5980558,nightstand,3dw,2a5c3e5f-5f2f-4ea7-ba32-6c513a28cd6b,16
-25.5676765,4.72750568,nightstand,3dw,49f943e1b14fe8d687693c0a016606d4,16
-26.707819,-43.2611275,nightstand,3dw,4bbb5356db171b03647d5ae83641434b,16
18.9047432,-18.6657677,nightstand,3dw,56f7a5809e53be881255bc546ed0fe3,16
15.9669533,-24.4456539,nightstand,3dw,973cd69d0a07ef85d42b9650f19dd425,16
-47.6363945,21.2087917,nightstand,3dw,9ee47e0f2e4e760348e14a208f675ce,16
-56.0693665,-2.21096373,nightstand,3dw,add8f62590fe383bab7b7c9ab079b208,16
-3.93122363,-23.6183357,nightstand,3dw,d6122e63eec4b28e1aec2282dd8bc87a,16
-17.0585136,-49.1441002,nightstand,3dw,dcc9a4987a93736a4784492a70265d7b,16
-9.79780293,-0.389539599,nightstand,fpModel,01362ea241206b5668fb03f345c4637fd9386c8a,16
0.323922753,-21.6207047,nightstand,fpModel,03639dab61b6903ff319e047b008cb6abec971c6,16
-32.3360977,-3.79598188,nightstand,fpModel,037f34132f162235d80ce46f67c4fa2238d94da0,16
-41.7756615,-14.2621202,nightstand,fpModel,038f37d5b8351b29fdc8173d219ca5a503715ccc,16
-52.9596558,-7.73937082,nightstand,fpModel,04c99a0e259fa98fbbc7171112d0a285c1648718,16
20.2751446,-19.0545902,nightstand,fpModel,084ff2a0e018cec0a68d318cc0f37f0b7624c8b8,16
-43.0371361,-7.35719538,nightstand,fpModel,0a9cbe043deabb9971a124ea7bdd0f1d242152c9,16
-18.801033,-36.8776627,nightstand,fpModel,0b458bbd4f94efdade07afeb152a5b6cd7f95cd8,16
-24.2954273,3.28362393,nightstand,fpModel,0dfabed4818c34cbaa5ef41a3bcaf89177744b2c,16
-20.5592155,-24.3832645,nightstand,fpModel,109c5d58f006865af44b50749d94040f2396f754,16
1.07248461,-44.7623024,nightstand,fpModel,155c182834f40ebb1d5666d3a72ee828e097097a,16
0.140799597,-45.114399,nightstand,fpModel,15c0bd474aa43ea3156a6d33a23dc58384ac68ba,16
-23.2444363,4.20039701,nightstand,fpModel,16a4e41e6085b65ee5f86acabc8c7185d84c4749,16
20.8035336,-20.1421108,nightstand,fpModel,183616ff4a41ac27ce0b8456acb0837c5135ca76,16
-32.2801514,8.73133755,nightstand,fpModel,1a8882095aa1aa7e9d4ab68d4b36533f833f6d7b,16
17.1481552,-20.1758575,nightstand,fpModel,1b3a5dd7d2a94add4a978d2516e7158980da0cb2,16
-43.6938477,21.8645592,nightstand,fpModel,1d15c6172a86bc8729d2523ec7fed0fa0c991fb3,16
-52.0150566,-13.6455231,nightstand,fpModel,1e1c18c687ffc14eb4267863fc389ef74c2e26e3,16
-2.02359915,-43.1936111,nightstand,fpModel,21fbcf749f7820bee1b2d045d30a0513c717cf46,16
-24.5274982,-30.2146873,nightstand,fpModel,22f744409072e3a0b1d169995c7ae665b4d505ee,16
-21.0309715,-44.2381401,nightstand,fpModel,2366c86ee9ee1ec1d3254b392a3a61a249389b12,16
-11.523468,-17.2963696,nightstand,fpModel,24e1d8dfd689b3c978df67dbf5e1596fc512f4ca,16
-54.3164101,-8.60776043,nightstand,fpModel,268fba8564a56219ec24229203fa260753720b5e,16
-8.26746464,-47.8616219,nightstand,fpModel,2af8f7c0fc1c416b2c24affc510fb8eacef76e23,16
-44.7788048,15.1954193,nightstand,fpModel,2be038119f4ebc2eb08e4a2ec46607ed9b0c1796,16
-22.5984459,-51.630085,nightstand,fpModel,2be70cb7fe451eabbf070838667e5ae4b8c43974,16
-23.1266842,-22.5808353,nightstand,fpModel,3108de6e54bef335ffd071a9016f6b8826497282,16
20.4922028,-20.6384697,nightstand,fpModel,31637d2699390a9c52ee1cf50bb814d9043b50cb,16
-14.0761957,-19.8357029,nightstand,fpModel,31653c084558e1ecb286adf63a305d914aa3c98b,16
-18.7563839,-23.4051456,nightstand,fpModel,35356739cd0ed57bce029e485ee137fb3061b600,16
-16.7806854,8.13846874,nightstand,fpModel,364fd12b7f9dae1470615fb8f459b93c70a94894,16
-43.8724937,-15.7836485,nightstand,fpModel,374d659950e5914d44aeca18fb2265b7a22b69f8,16
-27.2600727,-21.066967,nightstand,fpModel,3a5612aee60217931565e5003121a9c98fdbc515,16
-23.2829094,4.69720984,nightstand,fpModel,3bbc952ca877b13b41254bc345b1416eb557d4b3,16
-8.09231091,-46.5807953,nightstand,fpModel,3d71cae6d28e2b2358f25de31ac1b03977654acc,16
-39.8546715,-20.9113274,nightstand,fpModel,3e4790548c158671fec162757053201da04b6259,16
-54.0912285,-2.99420357,nightstand,fpModel,3fc77979a4622ac665589e79822641ba6b7aa66f,16
-16.0343838,-34.6721039,nightstand,fpModel,42cf6dce36f1ec0dd707f974a10bb95415daa17e,16
19.3307457,-21.1240978,nightstand,fpModel,45c662af829bb97af7d5a4068ff83702f072cff6,16
-23.8695259,-44.1642456,nightstand,fpModel,47afe6c6fd5e0aebbc942a625f8af8533db131a7,16
-6.41545534,-44.028595,nightstand,fpModel,47c7faa8f3f007eb9f2ddcadda655ba017949eb9,16
-20.3502522,-44.6363373,nightstand,fpModel,48500af9bd528f8379165b2d2f16a24316e7f1cc,16
-20.2467499,-33.9810829,nightstand,fpModel,4ac5e435efc97b7e2ae23e51e6b043de2276c1df,16
-31.490675,-0.887255251,nightstand,fpModel,4bd1e4ec215403d3239f09517e44568f78da3b40,16
-20.1368732,-24.7509804,nightstand,fpModel,4cf74bc7112b601fe700469637710b150f539a5b,16
-9.61418629,-43.6190529,nightstand,fpModel,533480caf51888cd4bbdaee89a65c1aeeb8d804d,16
-18.2989864,-33.739994,nightstand,fpModel,53e9a710ba3a592ddf55b3cd2b055003614c4b1c,16
-24.5920849,6.08169699,nightstand,fpModel,556f46d2f7a68af885c2d065e503be422f9a0514,16
8.70526791,-23.4075222,nightstand,fpModel,56f36105d7bf84f7f796bd6272391e16a2e11c5c,16
-41.4351768,-18.0380611,nightstand,fpModel,598e90ea5cc487435ec97888b91d239be0abb91f,16
-38.0967064,34.2026367,nightstand,fpModel,5f7fe56c41db43b1673d70acd0079e9a7ad9c3eb,16
-52.6914291,-7.58353806,nightstand,fpModel,61f1a1e2f7bb45edc46968d3d555a2060c33da84,16
-41.7038574,-10.4680424,nightstand,fpModel,620fe798324b52569ea8cc0101a35a7b2464a405,16
-47.3432159,-14.5367956,nightstand,fpModel,63c2ea5b388948f5c2625defb37dfd03f9dcecf5,16
18.7303219,-22.14221,nightstand,fpModel,64baca090d527addb7cfa63a881612509fddb178,16
-15.4927053,-35.5475616,nightstand,fpModel,65f7bee43fcb222850db45ae67e997889c559edb,16
-31.9715672,-1.86071038,nightstand,fpModel,6646f46744931673631d1680de5fa0a334f174c9,16
-25.8548393,-44.1036491,nightstand,fpModel,66842cbebd452355f633c318116aeb4ab0258c8e,16
-27.8032551,-15.3944387,nightstand,fpModel,675b6f2c9df66234ba50b68814ba0513da4fd0d7,16
-39.8196793,-21.3624458,nightstand,fpModel,678fb510b3c435ee023930904083278c3c67670f,16
-22.0644779,-22.5139561,nightstand,fpModel,67e11a52b2e73c099d55405f65f05f7b5141f6da,16
-43.0517616,-14.4337425,nightstand,fpModel,6806bec5437b9907f85780174ad6b8db96650ab1,16
-19.9252243,4.56901217,nightstand,fpModel,68caf241969b03395f50ef353b191336a1e72fb9,16
-16.5455685,8.41226006,nightstand,fpModel,6a93e49c0231ccbdd29d3050e5e1e8053081b7d0,16
-22.9348297,-22.6206207,nightstand,fpModel,6c80f089f60961936c04cbc4ef61d2563eb40062,16
-42.1424141,-18.0125446,nightstand,fpModel,6d14e5d8e9e4a77f19b7743a5ad16d44f53e673c,16
-42.6440849,-17.2155628,nightstand,fpModel,6eff75ec23c4c9c1f83c636bf6d6ea6993d7adde,16
-22.1433773,4.41222143,nightstand,fpModel,6f259794d01a14a54e2eb65e30a661f053abe729,16
-7.95021582,-46.5183067,nightstand,fpModel,725c5e0c013448a939b748491fe3262b0fb3185e,16
-18.2457962,-31.5400734,nightstand,fpModel,74c48e1d686c342798a9277975731d178194b288,16
-31.4153709,10.255929,nightstand,fpModel,757c3b2e6018679a04ef04fc6f21b6434c379ebd,16
-18.8993359,-23.5983372,nightstand,fpModel,761f0c299a2f5a134f78ba175a0fd1e372a86dc8,16
-35.5965385,-10.1253614,nightstand,fpModel,79782167a95f8c45fe73ebe98f4e43264cc4e887,16
-46.0569115,-21.940464,nightstand,fpModel,7a3152d4a996cb228993a71cc0ef6931582011fe,16
-20.4631786,-27.7253799,nightstand,fpModel,7cc4261ecb65b58c7dd1e2bc2fed9dd3653ac0f3,16
-17.8586559,6.11638069,nightstand,fpModel,7dd55651012d3cec11a14ef934ef669c71413d3d,16
-26.1029778,-44.1509056,nightstand,fpModel,7f52743a06cba973a973a13dae47a572dfa0aadf,16
8.51683331,-23.0922813,nightstand,fpModel,80cc694002271fe18b4cb2726af4bab6eaf4ad14,16
-25.3088913,-43.8198853,nightstand,fpModel,826f161322f99bac553b0d73843917c7fe677df2,16
-50.0607224,-12.8725882,nightstand,fpModel,83fdaf0b2aea065f371498612b61f12679f1d82b,16
-24.7833862,-43.8703766,nightstand,fpModel,84815c44d0b7569cd2c023b75d6f11d21bdb7505,16
-22.92519,5.47763634,nightstand,fpModel,8ad3eae836fed059c1b6979c96903573bf37e1e2,16
-49.3717079,-13.6565409,nightstand,fpModel,8ae8c09d6a2293f578abe129f16114d6b877fc11,16
-41.4659462,-18.4562588,nightstand,fpModel,8be12bde64c1540adeb4237219dff8a004c442ff,16
-29.3788223,-6.68138695,nightstand,fpModel,8f20e048ed6d9a806ecea50c716a4a8847eb302d,16
-23.9008751,4.63159037,nightstand,fpModel,9316ccc1c31fea6507c2ccabb484bf999c576daa,16
-31.9709892,-2.2736578,nightstand,fpModel,93e258bf137542e809e461c612dc358bcfc7df76,16
-19.9433117,-3.09772682,nightstand,fpModel,965366f3b0f54c504b434fa829ceaec397a6f553,16
-23.8942089,-43.7992287,nightstand,fpModel,96f84bdd96caa3cb6dcc17cc384aa2b1e64b3a85,16
-48.1180649,13.4045019,nightstand,fpModel,997fbea849da8787d3831c83d614ca2570479c04,16
-20.9345913,-22.118082,nightstand,fpModel,9f89ceca7ee5515295eeb0974b7ea7ba853c350b,16
0.287448406,-44.9973564,nightstand,fpModel,a46ed979bc467c63532515b763cb72495931c8a3,16
-31.5881062,-13.2040253,nightstand,fpModel,a4990cf91bd66fe1fda09a1d5df0d6131180939c,16
-49.4539833,-15.9944506,nightstand,fpModel,a4fe17ac1cceb3d8c6cf020b14522c345f526d8a,16
-36.4493713,-21.5300789,nightstand,fpModel,a632498169966d7fb799ac049da4ac322248012e,16
-22.543148,-22.7186375,nightstand,fpModel,a76b8acbfe647143f0666526ae649fb8099c5c7a,16
-22.9132137,4.85845852,nightstand,fpModel,a7d193c74421cdb99350f3714bfc708bcadffd07,16
-16.6848927,-46.2953262,nightstand,fpModel,a99726b1fb773a189df763d7588d4c5a34726f35,16
-42.8548698,-15.770175,nightstand,fpModel,ae09ba6c03141b495edc4ad1d07ba5fc00b78c4d,16
-47.2411423,-14.3925934,nightstand,fpModel,af3a929bc505b1f6592c4f0dad73cdab191fb20c,16
-22.27351,-44.9406319,nightstand,fpModel,b5b29465833cd37f1b2c33b6853787e0cb72ff3c,16
-20.7687931,-45.5175018,nightstand,fpModel,b759f0cf80e62d9701b18edb6791d2172cf11c36,16
-55.3018494,-13.0371733,nightstand,fpModel,b8bdd9cbc1ca695a206583afdc26f1a4c3987303,16
20.4710178,-19.2493401,nightstand,fpModel,b9acee2dff54f19f51dd086dffb1db280cbc6b25,16
-49.7045975,14.6211033,nightstand,fpModel,be354ca7f1b4e4ff79b3bf0097152a73605881b2,16
-43.903038,-8.73559761,nightstand,fpModel,bfd8c5a51d30f073bfa7daa2e4c5c10914103ed6,16
-31.3646374,-12.6373129,nightstand,fpModel,c20a0e84afd93a3008f0df44bb00a7fc65913557,16
21.1010742,-19.310997,nightstand,fpModel,c3c743ba30c2c5488903064178e52a7b61297dc0,16
-44.2903862,-16.9449444,nightstand,fpModel,ca2e3f978e57f15629649965fe52e0ea962998cf,16
-19.6961727,-22.8919353,nightstand,fpModel,cacca75ff25d59f01deba6bac2d55bb28b9651ea,16
-53.0694122,-5.20863342,nightstand,fpModel,cb73b8d7a7eba06c5070a71263b39705724e9f7b,16
-41.7144051,-15.1829004,nightstand,fpModel,ced8302d0499c4e88074123d385c00cb7074f2a0,16
-1.75995791,-42.3649521,nightstand,fpModel,d06c4e7cdfc08578e0d7f16725f4453c93a401ce,16
-1.20006275,-41.2921333,nightstand,fpModel,d15217ebbc7c951edfdc9da15dfa5fb5d9ebc12a,16
-49.2445946,-9.23684216,nightstand,fpModel,d161f89dbda03dc3ff807fd144e448fa6bbc32ca,16
-50.9321823,-12.9548769,nightstand,fpModel,d19eba5ce4f2e7ca6c3166312c236f1297fa2590,16
-2.71712947,-21.9362965,nightstand,fpModel,d2d6e99d58f28f41b8c1208013009ae3c02f8a3f,16
-43.8926125,20.3037052,nightstand,fpModel,d46c006fe0b98a335dd2097088af74817824cf3c,16
-50.51651,-14.7707539,nightstand,fpModel,d46fe2e22344617cbd13f93c50a30a761a27779a,16
-38.0724449,-2.6009686,nightstand,fpModel,d61b10008e1a0fa9af639836eaf9b6e63be86609,16
-20.6367359,-28.0556278,nightstand,fpModel,d7b8594541014144aca68b4bf28d747263b549e4,16
-24.8536835,-44.6851845,nightstand,fpModel,d97c7ae5ab600872266f89c8a5b375ce72ecf3f9,16
-30.3079491,7.18713856,nightstand,fpModel,dab955e709dda5c446bfba2e7a8e4b2107185fd9,16
-52.9324074,-6.6585207,nightstand,fpModel,defe405f45ef55bfc876b2d25b30762478d9a819,16
-43.4394073,-16.5697842,nightstand,fpModel,df43875279fa8ba60adf1cfec4e5fbc7f353525e,16
-2.84602308,-22.163393,nightstand,fpModel,df7b1008225b105b1cf4e67004b5a00e23cc35b8,16
-21.9544888,4.10962296,nightstand,fpModel,df913b62fdd7ff50ba22210b3dd697861dd91a89,16
-12.1096621,-22.9231281,nightstand,fpModel,e0d5b8aea675e79541af41ec6cbd4e132d82cd37,16
-35.7103004,-26.2039566,nightstand,fpModel,e2fc4ce7367b1e8b5a36f3b4fe67b76eef514b82,16
-18.9765739,-49.2273064,nightstand,fpModel,e38e343fc8704345c2994f67cfbd587f26160367,16
16.1739063,-24.5058994,nightstand,fpModel,e5a69ee43da8cb7812bb642595695b98f8165e87,16
-20.0490971,-36.3546143,nightstand,fpModel,e7f247969ee88cc3aba4d0534849ff00749701a0,16
-9.65693283,-43.839653,nightstand,fpModel,e81684f7e86116a81839f19a68c4b7e7b50d18ac,16
-8.49351025,-33.6294098,nightstand,fpModel,eaf49472219845b70e3354e80d499319ae5cdd0e,16
-13.4079142,-21.9378033,nightstand,fpModel,eb72d804784efd835c405bd700246f9e4a35b3eb,16
-35.433403,-2.9217546,nightstand,fpModel,ecbd9f5366385b14a468ae59696a516013286808,16
-28.1384697,-15.6477947,nightstand,fpModel,f0c1f2fc880187d25f9c334ebd100bb63400b140,16
-35.1164055,-11.1606054,nightstand,fpModel,f1472cfab8e5e70a0112813a8379743200bf5347,16
-19.6023731,-36.3156433,nightstand,fpModel,f379c11757a750c4d77389c528bedbe9b2a6b542,16
-29.8455276,-21.1167507,nightstand,fpModel,f4ed43c5629af451d478a0b5e12b99f56a4915f7,16
-49.6626396,14.6562433,nightstand,fpModel,f8c3bcfb71e73f96ad040bd10b75e3e03d2045dd,16
-19.5051231,-24.8287697,nightstand,fpModel,f992228eecd4fcee74d0ca66130701538ef6cc51,16
-8.34020805,-47.8681183,nightstand,fpModel,fbd0daa5fe42f6d882143f8d4010ea59c6b822f6,16
-19.8936749,-2.79826784,nightstand,fpModel,fc0ff877237969033d32f3ce1012b4221011e2c2,16
-5.45818233,-43.2951164,nightstand,fpModel,fc3183e8a0e448595f89cfd19f59205c6d22cb3c,16
-34.9027672,-11.9933462,nightstand,fpModel,xxxx30d28b68x4d7ex4815xa804x4c6279d5f156,16
-53.3523521,11.0157824,nightstand,fpModel,xxxx54c93c4fxabe2x463exafd8xcae01106dc7d,16
-4.64958668,-45.0632248,nightstand,fpModel,xxxx562932e4x443cx47f7xaf2dxe60cabe20c9e,16
-53.8787842,7.0991478,nightstand,objaverse,112f2566932d43a689457c3e5e52b1ed,16
-52.1142998,-5.87945223,nightstand,objaverse,147801240ff74f2fb7025be8a8e002d7,16
-55.7472229,-2.79693222,nightstand,objaverse,2daea83695b84240ad62ca80f83ce3f1,16
-52.2786369,10.0064983,nightstand,objaverse,3553dea24fe44ac5a7f056842ca78d0f,16
-18.626873,5.18575335,nightstand,objaverse,49b3dc9637694c46af9d11942b12d82d,16
-38.5480347,30.2401161,nightstand,objaverse,5f2556c873944bc6a529d3ec5a4463ce,16
-52.890625,9.47634602,nightstand,objaverse,65bf302726be4dbdb31fc9394cd83746,16
-37.0430298,28.9382191,nightstand,objaverse,6f828844eea04f418f3a66e889b935c6,16
-57.0860977,-8.38091087,nightstand,objaverse,74a74fc56dd04fc5b6a6f573b29a044e,16
-32.6213455,10.5057344,nightstand,objaverse,77937c5a12a54ab7b8dc85b9e14f8822,16
-16.3220215,2.81306791,nightstand,objaverse,889d490a0fcb49ad9e9200ef8e370ab5,16
-47.7587967,18.1094913,nightstand,objaverse,8b2bf1982c3044d484724104ec5c1cb8,16
-56.2344093,-11.0352669,nightstand,objaverse,915fffa0a7d943d0980c835784340c77,16
-31.1816635,9.31876278,nightstand,objaverse,99179a129bb64290a33e2109ffe81fd5,16
-50.848835,-11.6954432,nightstand,objaverse,a63d5b273ed74801830522f4b4c9fb81,16
-18.8579159,-32.4433594,nightstand,objaverse,aa116a00aee844cfb02f3f9e8c9fab43,16
-52.4549446,10.4522409,nightstand,objaverse,af1bba8826494a18a38f36605cb54089,16
-42.8666725,19.7598858,nightstand,objaverse,cf3e112a4441414db938f3020ec8514f,16
-33.1374741,7.41080666,nightstand,objaverse,d665fdf3bb10430f941852d1d5100ea4,16
15.5090246,-20.9446659,nightstand,objaverse,daebd78563c74b5ab969b22cdb272ab9,16
-40.2822914,-27.2580891,nightstand,objaverse,dd0c39a2f48e464bb2a64d3063b7a5b0,16
-24.548275,-46.7494926,nightstand,objaverse,e2e67f820b644e1b86363af4629444e5,16
-22.4393578,-46.513607,nightstand,objaverse,f0907ae12be04ae0935ce3be64faf62f,16
-51.1435394,14.6873474,nightstand,objaverse,f8698f7031a14327a63b245326deecfe,16
-56.6636581,-9.72796059,nightstand,objaverse,f9047560c89e4228ab579cb3f22a6849,16
-23.7641563,-47.5101395,nightstand,objaverse_xl,033ae325f35e6332508536a7b4f2546cc37a2280b95ca65c858fe865fca8503b,16
-5.07835674,-41.5891991,nightstand,objaverse_xl,19721c23f9b01bd7262057b6b31be212e2f83512e8787dda3ad12de257d78531,16
-36.6282005,29.8479233,nightstand,objaverse_xl,1b2a76aa02f158fe2f750747bff5a3384118967388f70133455e3c106f15fb8c,16
-38.4003944,39.2529182,nightstand,objaverse_xl,1e9e437c6aaeb38ff800973a2aabc75b4e4d616d6e25d33795f8746793dd9704,16
10.4463511,-28.8420525,nightstand,objaverse_xl,1f88e0f8fb4b0e9be89fc3307798ce452bdc0490d87b672e6c1efabf17e3a7dc,16
-52.4676704,-16.3020554,nightstand,objaverse_xl,304bd322250ca5d53139eae3f4fd8cf544217ae3373a6e01fc1e4b7a800f6df3,16
-52.4040871,-6.14796972,nightstand,objaverse_xl,393a5056278a372fdf7ae648a903ee9c0136ab4af545eafb62397dfdefd8f290,16
-24.0452843,-47.0435982,nightstand,objaverse_xl,3ac474cedac613744841735ff7ff57d79bc2732efd086442d22eb6e262a7a99f,16
-47.6862373,18.2331467,nightstand,objaverse_xl,42c59ada46845ea8d80122c81d91fce87abfb1efc59f0a0cca04b2b4bc2632fb,16
-55.86129,-5.39453411,nightstand,objaverse_xl,4595a533ae00e31f45e30c13e467cc9d0d565f07b15f8c0f58ab7fcda313c612,16
-18.5950947,5.24234056,nightstand,objaverse_xl,5d1279e20d8f65d7bbf7bb4b6a94361951a320d329bf319feb42be7bd7c3ab74,16
0.456711113,-40.6365433,nightstand,objaverse_xl,71fa4401d4d4fc5e21f4299eac453cbd7285a14c7937569a907822191114dbf8,16
-29.6230354,-37.4483147,nightstand,objaverse_xl,87707d29b01fe1dc92caaa4c920a1b77db179576d9b47cc6589d01320b0b5312,16
-16.2847519,-45.3586121,nightstand,objaverse_xl,97ff66f129956abf2f5f4677d0b0a61ec42c53616131f3b3ce3041d4a3a50adc,16
-35.2259789,29.3563633,nightstand,objaverse_xl,9d31823b35a695f6493f220c27784992b94cb3f51207e408b0b580dc9a47f92f,16
-34.5920258,-16.4380741,nightstand,objaverse_xl,a607069c30b0783cbee297582e55265cac398e8a19c9e0ed638535508908ddd6,16
-25.915823,-48.0451431,nightstand,objaverse_xl,ac80945d0dbbd057b60dd77fe24a684d73bfb0ae58b39f2cd13959be36960d56,16
-34.0327263,-17.1893673,nightstand,objaverse_xl,ad825db103d545dd53cd82ebcd903294be551dc1810ed6a1629cc0ab8231206f,16
-49.8197556,-15.8488941,nightstand,objaverse_xl,af809f0b9b1863dc6727baf1d09494c98e22d8d25d343b9f455ac0d05ad0e0a7,16
16.302845,-21.2212944,nightstand,objaverse_xl,b108011b145d74505d8b2912791d63d3fb584779aa83b7e05760545495a29dca,16
-25.8038025,-43.1031914,nightstand,objaverse_xl,c167fc3bbe003fe0517314091740b4d3d96624981ce57d075ef49065e4c6bc28,16
22.164669,-16.1949253,nightstand,objaverse_xl,c4c24e934b01f2634b935b3aad02d304c9dcb9fa8670f3cf282977e30f035577,16
-12.858202,-0.74507606,nightstand,objaverse_xl,ccf54fa5da3bd93205ba607a2537aadc8bfaeab22e351c9344bd02da7dac42fa,16
-22.8620071,-47.9163742,nightstand,objaverse_xl,cd06ca79fea1c84f957901315812645f167fbab7c6c90c89e2f94cd005dbb74c,16
-35.771244,10.8072004,nightstand,objaverse_xl,d31caaebb18e7a0581f794996069afce2251a0da91a474262c7907ae2ec68c57,16
-38.1270599,31.4803123,nightstand,objaverse_xl,e2c6875dceee75d1c3151bf350d480ad36d61f09d1369fe8e970a774e76ef2c8,16
-42.883316,-10.3445768,nightstand,objaverse_xl,fc7b92e101e8c8d32ea1b01f7f1590b94a8840306ce5c9feabca64a4dbffb135,16
-35.2613335,-11.177865,nightstand,texverse,003b0a9ebaf348b6b67b3ed514e38f31_1024,16
-33.7666435,31.6230488,nightstand,texverse,0ed64ef053334119b47e9e765480233d_1024,16
-24.0389767,-49.1083717,nightstand,texverse,1d431bb533a9453384b89d43016958f0_1024,16
-18.4143772,-0.143335968,nightstand,texverse,1eb8db34fe9548a5bfec8de1046ee80a_1024,16
-35.6513214,30.6713715,nightstand,texverse,25aa67bff55d4e38a03062a955fe86aa_1024,16
-49.6259193,15.4886541,nightstand,texverse,295953517b3d41b7b2ffe1ea5dcbf6d6_1024,16
-43.4731827,21.0870094,nightstand,texverse,362cd528b14f45a4a9b914003ac56035_1024,16
-37.7379456,27.9493446,nightstand,texverse,368d0cabb5ef4b5dad572505395260ab_1024,16
-55.3148918,-7.80044365,nightstand,texverse,3ad7072f4d31482bb5fc0cf712ece3b9_1024,16
-34.5522537,-16.4875126,nightstand,texverse,40b904ad8ca54f0a8b0e4ecdd6d2c784_1024,16
-44.0550194,20.1876698,nightstand,texverse,415990b9b8d7434099682efbc9993132_1024,16
-49.6712151,15.6354589,nightstand,texverse,44f1987d76fc4c2992ef8697258d2445_1024,16
-30.7642899,9.1193018,nightstand,texverse,525b88ce9da64edaa91248b5bff2e611_1024,16
-23.5989761,-42.2464523,nightstand,texverse,5aaba166d50544bb8ad111cdd7c0fa33_1024,16
-52.5194168,9.64809418,nightstand,texverse,6ca1a8ca66c34b77a4bc8602115d0004_1024,16
-40.3573112,-19.3000774,nightstand,texverse,73d00e14bef6443c8bb9b4de7f3f9614_1024,16
-36.645771,-12.560813,nightstand,texverse,845816d6493147fab7a884d74c22c69b_1024,16
-36.5810242,-12.3896093,nightstand,texverse,8537f76e9cf2483094bc0b004c8a4462_1024,16
-18.0567017,-24.0778637,nightstand,texverse,881b1de8060c4cb581222b67406d31e7_1024,16
-49.4577255,16.5932541,nightstand,texverse,8cfafaafdb804569be24b4e8eb54721b_1024,16
-37.8787537,34.6697922,nightstand,texverse,8dccfc480ac64a13b53976a43bc4893a_1024,16
-49.2239342,17.2885418,nightstand,texverse,93179ed3bd2542168306d8a5a5e2caa9_1024,16
-43.0073509,21.5865574,nightstand,texverse,a0cd37a98ff74f1eb1b12bce0b7da868_1024,16
-56.0606041,-5.68469954,nightstand,texverse,a6c0cd6498964031a27bceb4b85731df_1024,16
-31.4684372,8.94052124,nightstand,texverse,a9bf649698e3445f8e1b66dfcc20da4d_1024,16
-18.5927029,4.7208004,nightstand,texverse,b25de0eb97c64a00a538f09fc7072f67_1024,16
-18.0410938,-48.4877625,nightstand,texverse,b508e70e93ee45518f34f247bc422f53_1024,16
-30.8575687,8.74206161,nightstand,texverse,c55ad9d105a84cc49e5a496190cef311_1024,16
-19.5074654,4.3850131,nightstand,texverse,c9e245d0c5cb4b45b03de8868b6f90c4_1024,16
-15.2742767,8.18837452,nightstand,texverse,cb5896d029a740e99746308071a5c593_1024,16
-56.5897865,-6.73505497,nightstand,texverse,d27e20298b4842299c35c215d97df82f_1024,16
-32.3626862,-19.4183617,nightstand,texverse,d2899c19ef704d4f80d73bf11485b91b_1024,16
-40.2808762,-27.2460938,nightstand,texverse,d2f477bff10e437f803d4c8258cf0c74_1024,16
-56.3589706,-9.52521896,nightstand,texverse,dda2ffa5f5c54eb68f6adfdb59832b54_1024,16
-24.5588665,-46.7847633,nightstand,texverse,dee2476069404a79a059ebf9d7fb5a72_1024,16
-41.5694046,-9.74926472,nightstand,texverse,dfb54ae170e04a55b09c66e37ce382eb_1024,16
-51.6106453,-8.01238537,nightstand,texverse,e0ed2e23e00848c589994ffa2c5ebe7d_1024,16
-17.8645039,7.72148895,nightstand,texverse,e72a40a1adde489b9e0149f94eb7d967_1024,16
-55.1857185,-10.6627207,nightstand,texverse,e93ac78171c342f7b2424c6181ba4605_1024,16
-56.4191246,-9.66614056,nightstand,texverse,e9e608611f18424dba8c0d2bfc236f94_1024,16
-30.8960018,8.31658936,nightstand,texverse,f5c36a541dd34179851e99685440662a_1024,16
-15.2743816,-34.9742012,nightstand,texverse,f9be876841b14d15ab9e6de684e6016b_1024,16
-30.4232674,8.66740417,nightstand,texverse,fce69ef692fa45d88a45d30ce523989f_1024,16
-14.5002213,11.2837219,nightstand,wss,1ed01a4f2f9c65fe2cd653bc7e537294,16
-56.1481552,-2.08307076,nightstand,wss,24757c70e0d17ff7c84401851c241507,16
-56.2305679,-2.19182396,nightstand,wss,2cf483d86f70b4aaf1783a44a88d6274,16
-17.1667004,-48.9440002,nightstand,wss,3a6015cf4f37e64de3f7a74e12a274ef,16
-6.9857831,-46.4685555,nightstand,wss,608eced0e1e598a05f8258dc9a924d03,16
-20.5562134,-24.9903011,nightstand,wss,86905b35aca5a3f11f8d8332ee17945a,16
-45.7713737,22.3845348,nightstand,wss,c7e89ae2db15c0f71360172b4b6205b1,16
-26.5973854,-44.2430382,nightstand,wss,ce0fbba2103410b558da7c6c46faaca7,16
20.3433247,-32.0574684,oven,3dw,00d72d58-9a7e-4ba9-8b2e-a50a1dcc5b9d,16
16.852499,-24.9043083,oven,3dw,1070a423f9e537febae776dfcaddabd0,16
4.8969183,-29.0332851,oven,3dw,10a765d116a715e114b35a7d7cea7130,16
30.7154293,-31.9708633,oven,3dw,114816c329008acd575f4e5007488531,16
18.6827679,-40.0318756,oven,3dw,15e020e34e3d2bba60ddc468fe733ed1,16
18.423027,-32.3746872,oven,3dw,18b6737c4eb0dbf7df3a1b0d597ce76e,16
21.6025467,-29.785984,oven,3dw,1d30230d7e16649d8fd26db49105bfae,16
8.44554234,-31.8605328,oven,3dw,1db104eb9d59a10fb3fdb1a7c9a60207,16
20.1352787,-31.1365719,oven,3dw,21a7ecf58f3847734a44340bf227e40,16
14.8368807,-42.4970169,oven,3dw,231fa9b52f677789941e769880462e7,16
18.1010323,-32.3422852,oven,3dw,28560f99bac6d07e8fd26db49105bfae,16
17.4470921,-26.6984329,oven,3dw,2c97ae1bd703b476c7c8ce3bef5c2aa9,16
18.4026775,-30.9861889,oven,3dw,2fc2b60ec3c41b75387f1b534c2a912c,16
18.1457462,-31.0616322,oven,3dw,3335625de3a993526f893b5bc716a3fa,16
13.1298962,-38.1654892,oven,3dw,35d0629d-e0d1-4a63-93b0-4225775fb8a6,16
4.07168722,-30.3505173,oven,3dw,3cd43ad15d4e8fa914b35a7d7cea7130,16
19.8658028,-31.2790165,oven,3dw,4015b30c669c927c4a44340bf227e40,16
9.25578308,-29.6851158,oven,3dw,426f7c4c260eabeaffc6e457221b9271,16
7.18131447,-31.4643497,oven,3dw,43bdf661c2e2cbcd14b35a7d7cea7130,16
24.0402775,-42.8617249,oven,3dw,452e4158f5043e0c55d3b112eda1800,16
17.1830616,-31.2392979,oven,3dw,48a8b1ebff3ea0cd9941e769880462e7,16
7.2440834,-31.4508171,oven,3dw,495fc53ef2e3562d14b35a7d7cea7130,16
-6.70084524,-38.9993668,oven,3dw,4c8e10a319b2e7115e585de41f56d4fd,16
20.019474,-28.3989658,oven,3dw,4d7270b974a2576138fa77ae96ecdba8,16
23.9285393,-40.7735825,oven,3dw,5343c8fdac65f73185bc874ac6d659a9,16
8.16691685,-31.902092,oven,3dw,57a62a952f6988d6d9cf548f5e22819b,16
16.720026,-31.6657467,oven,3dw,60814df897e72707575f4e5007488531,16
19.8304062,-31.2913456,oven,3dw,609064ad4156b5534a44340bf227e40,16
27.6558666,-29.9084244,oven,3dw,63ddaa0a844eefc6df3a1b0d597ce76e,16
2.71704936,-30.85882,oven,3dw,641b33a45bc0dd26508bf11d62629cbb,16
20.3155708,-37.1488991,oven,3dw,6a825c4bdb3348fae5bf1ab8e7d0b,16
14.6031637,-42.4798698,oven,3dw,6b00a525cd4383379941e769880462e7,16
17.9575462,-31.7519341,oven,3dw,6d89f2a3f784320e798af4a97e722735,16
22.427454,-35.4943771,oven,3dw,6f86bff990b3fb84df3a1b0d597ce76e,16
18.761692,-32.1062546,oven,3dw,702bd0ebf17f3a40df3a1b0d597ce76e,16
24.3632736,-42.3716202,oven,3dw,733e32678188103dc55d3b112eda1800,16
23.5562592,-35.2709808,oven,3dw,770de6970f705c824a44340bf227e40,16
27.8422813,-29.646452,oven,3dw,7c5a81851d95b51b6f893b5bc716a3fa,16
9.58599091,-30.4341335,oven,3dw,8ba603ec1afc45b4ffc6e457221b9271,16
24.3880043,-42.347393,oven,3dw,8c482218c11cac2256660d16b97f15cc,16
23.9637051,-42.5682449,oven,3dw,8f7df335eafa4d8bedfe2b53f63d7a7c,16
19.3491669,-39.6939697,oven,3dw,954aa9d0cdf8c320be92f74d81ff60bf,16
20.2597523,-37.17976,oven,3dw,97ee66e2ccf45fb8e5bf1ab8e7d0b,16
28.1800995,-29.8735447,oven,3dw,980fde0b3af0ada14a44340bf227e40,16
7.55785036,-31.2639236,oven,3dw,9f0e9bdde66bd81114b35a7d7cea7130,16
11.1927538,-36.0513687,oven,3dw,9fde0df9146d61f119bea36737d5c9cb,16
19.921833,-31.2888355,oven,3dw,b3c3ed626ca500154a44340bf227e40,16
28.0486889,-29.5619431,oven,3dw,b4e5b289f0bccfd4a44340bf227e40,16
11.4214172,-31.0184135,oven,3dw,b93fb6a2d1ae0c45df3a1b0d597ce76e,16
8.18847942,-30.7930241,oven,3dw,bd657898e586cfd6ffc6e457221b9271,16
11.2125959,-36.1344376,oven,3dw,c35d52ff-dc2f-414b-9580-bca205c51962,16
20.1683445,-37.1880951,oven,3dw,c861406578cbdaf4178e7d331e641179,16
-1.36320126,-46.378006,oven,3dw,ca4cfa63206f8fbbf2594233c5545918,16
6.96797514,-31.4374714,oven,3dw,cc5e6d075f69cfa614b35a7d7cea7130,16
23.4084015,-35.631012,oven,3dw,cc9f02f1beffcc514a44340bf227e40,16
18.1016617,-31.6166782,oven,3dw,cd53cd60ed00a170b7dc65d7950bd55b,16
20.5161495,-18.7952099,oven,3dw,ce614ab974832981b46ca8753a54a1b,16
8.24808884,-30.0582581,oven,3dw,d2d0a2e47dc3ba1dffc6e457221b9271,16
18.4622421,-39.2780952,oven,3dw,d5682a30-6847-4541-b3c0-ab8c8cbff842,16
4.07782888,-30.0387287,oven,3dw,d6caebfbfa0add4114b35a7d7cea7130,16
4.08573389,-29.7695541,oven,3dw,d81fb961e8d3ee6e14b35a7d7cea7130,16
24.2210655,-43.0415459,oven,3dw,dc7cdb5356a83a07e7ec4274d0a48ec,16
22.6364059,-35.4796753,oven,3dw,dddd113b7641b4c21d25a6a55757584,16
-1.37959111,-46.4306717,oven,3dw,e50c123b80c6d1a5387f1b534c2a912c,16
20.9320698,-28.859621,oven,3dw,e75831a6e575d7bb14520b2785148c54,16
24.0757065,-42.0308685,oven,3dw,eaa72fdd259ca7d0843f813f752a5e35,16
19.1201382,-31.9807987,oven,3dw,f2c3dbbdf22db27fdf3a1b0d597ce76e,16
17.4715843,-30.8102932,oven,3dw,fd1bab756156a13f7eaeab1f0c9120b7,16
18.7744045,-33.9294319,oven,3dw,u008c4636-60c7-44b7-b97d-26508b9d1d18,16
13.1361361,-37.5930138,oven,3dw,u3a711d8a-526d-4179-bd7d-140bbeeffb22,16
12.7527266,-37.2274094,oven,3dw,u47f6c525-2a86-4961-b4e2-4a4f2a1e6899,16
22.7235222,-40.8742294,oven,3dw,u6df700a1-ad39-4e7d-80f3-702884d7fb9a,16
18.1104736,-38.6563339,oven,fpModel,00b0d5e167ae6b42666de010025efad4506563f1,16
10.0533924,-35.7121506,oven,fpModel,197a447eb68ba32ab44c50948b3af1e63048e174,16
-16.1009922,4.61248159,oven,fpModel,2155fdf43148aabbd9beb63943df5606fe0c5945,16
18.1304398,-38.7289009,oven,fpModel,31ce9e9df83a6deb8d40ab8bba2df1dfd874e36c,16
18.1269588,-38.7110939,oven,fpModel,3ae355dbebacf0ccf273b4af46e0e640eeb4a87e,16
0.846271515,-35.3801422,oven,fpModel,4375bb2914be29819938e8d7c6d5e5661b296bc3,16
0.786301374,-35.4686661,oven,fpModel,51ed863b0c679695f7ce6f6843b5ce528ddc52d3,16
0.240500674,-45.9554253,oven,fpModel,638ae5af59935b1bdda9d5543f56505b5f09660c,16
8.44053841,-37.9967728,oven,fpModel,678f2105923530a1c11ca1b55b9984a329fb8547,16
11.1958847,-35.7596779,oven,fpModel,702d3ab650d34ee1dd236b0df5882573ec70c504,16
4.46732473,-31.7790108,oven,fpModel,7e0cb6031bb9e6ce31d41f165ec89a6e71b87e74,16
0.835947394,-35.3338013,oven,fpModel,881b4930f7df83a2fe6d7278a67c81d4f1f727c3,16
5.25803947,-30.8046322,oven,fpModel,94c453a4e763bfec7077df9f80e78909244955f8,16
-16.2543259,4.72808123,oven,fpModel,983e239785b276c0a88add59742371176f441392,16
4.84038448,-31.4735069,oven,fpModel,a87ae8e3bd9b8c3c45d3330cbac583baa957c3bb,16
4.21963215,-33.6522331,oven,fpModel,c1ef6d7dc8b53ca1b3e96457ec62a5144074300f,16
10.1082153,-35.7397881,oven,fpModel,c294ee4dd27985e94399a647c6431420ad3749d9,16
4.21299791,-32.0157547,oven,fpModel,d89842d5adcefd6d5118e33dab7647fa98b310d0,16
-16.2249622,4.70445395,oven,fpModel,db064ef059f7bb0af9f1036e7649e4835a9ff4f5,16
4.20749044,-33.2108536,oven,fpModel,e0892a62c8264f4617eca2d914ef2ce6666a2408,16
5.32381201,-30.7186604,oven,fpModel,f493df0a3c6a78965d4a87cd38a4e5c5edccdd9c,16
5.45909309,-31.0642471,oven,fpModel,f8bff67d469223c8e8bf44553834bd5482a96ecc,16
45.3019981,15.9292288,oven,wss,1ed7ce06af99b35e89374beb80161657,16
27.9180241,-29.0817184,oven,wss,3a78c8e5c361ff554a44340bf227e40,16
-1.04733193,-46.5640717,oven,wss,3c7cb5ba87684ffaf5f4f288fb912362,16
18.1518269,-31.3929253,oven,wss,5bff970bb47e6e53bf37a318b55c6a3c,16
50.5713654,5.70403957,pedal_bin,fpModel,011089758bc34f947c4862a8e800c51ec221a2b6,16
58.4094276,-0.287918627,pedal_bin,fpModel,0f91e09e7aaa94072daa3be9f4f09b9d60f600b8,16
51.7408981,2.85664368,pedal_bin,fpModel,125a7161be9a40cf05fd48fca31bd42eba652fb4,16
49.5975456,4.1248374,pedal_bin,fpModel,187e3f5029cc299eb960c47a38493fed66b3d127,16
4.94045115,-22.0320435,pedal_bin,fpModel,26f2000adb4ef26cbed1971ef90777253e223aa2,16
51.3096809,4.63778019,pedal_bin,fpModel,3a9c2d2f765a2399442f845b7da0ddaa61e82071,16
50.0287781,5.46073532,pedal_bin,fpModel,3e9507c615c5aae1d450502350bac94997f77913,16
51.0871735,4.44657087,pedal_bin,fpModel,409d1ffd1573b148df0ff084d888927bf36a7392,16
6.62559509,-22.2990093,pedal_bin,fpModel,4552d971acc237a0c1f568d7093740bef1592fd1,16
49.9190483,3.3335433,pedal_bin,fpModel,4c76a3fc94e54d7b42035411b3648ebfc0a85756,16
51.0234528,6.21494007,pedal_bin,fpModel,4efb32a00a08f03b8c7ef314332cdb6b6a1cbc8c,16
49.1692619,2.6800704,pedal_bin,fpModel,68744e05acc15c9127eeb0dad854289babb1a809,16
47.5773201,3.44433975,pedal_bin,fpModel,69102ca2e755ff09f60e4148246b7acdfd19cd74,16
49.0606155,2.99646258,pedal_bin,fpModel,746f07339289c4ee5b15851ba30ad914c55983ff,16
50.7840881,4.07420874,pedal_bin,fpModel,809a0686f3e27db6b40bd48d504d3753c8988759,16
51.3019638,2.83927655,pedal_bin,fpModel,8afdf38fba5cf0157a1ed6d4b977829aabfc0777,16
51.2728996,4.48761463,pedal_bin,fpModel,a8eaa27dc44ec7346c9a32f1ad6773d7a80abc83,16
50.6595421,3.74123359,pedal_bin,fpModel,bbbcd0ef30d81ac59e5998dd28e1904504caa7be,16
48.835453,4.0772624,pedal_bin,fpModel,caf1a5e788a8914448778e7af00410128af46a84,16
50.325985,5.52473497,pedal_bin,fpModel,d010092a5e88353c1467adc8c9123d23485290b9,16
50.5134811,5.51132727,pedal_bin,fpModel,d392ddc9ff79100b8b64cc3d577db758a5e83b03,16
50.936348,3.74166417,pedal_bin,fpModel,d753dfd9c564b83ca2f2d1e9206629997c6b0405,16
49.0188141,4.61978817,pedal_bin,fpModel,e52cdde15b765abe471b24f2c4077bae64797397,16
49.1586494,2.55014729,pedal_bin,objaverse,d4bed4900def46e7b2f098b0a9ec6209,16
52.6142807,2.93729019,pedal_bin,objaverse_xl,5d953105b6a65d94b3f875f0a65351582f2d4f38211775dcb3752c8b67e5aa39,16
51.4267159,2.88957834,pedal_bin,objaverse_xl,ff1b9ec1b8d2469f774aa46a194950cc2f90516157c67244ec54dc08140a6d89,16
-13.142251,-8.83069992,piano,3dfModel,aea7eb00-4ca4-4544-94a6-9bcf3f94e6ac,16
-23.8748493,17.2397976,piano,3dw,bba9c90254fb970b8dfaa3491bc0f718,16
-7.93436909,-20.5970097,piano,fpModel,97e2497662dccaa2d8bb3445ea20cd9ebd8368a3,16
-24.5604954,-3.26305437,piano,fpModel,b37b0eb5d85c2b2639233e5ddf9f544a1079234c,16
-8.01538372,-19.3437157,piano,fpModel,cb143444f831ecf796490c5c9572cdfec841d7dd,16
-7.10591555,-8.16071033,piano,fpModel,cd5dbde963194db5714c6389bb045cbd9fc980cb,16
-24.8444386,-20.7361965,piano,fpModel,f51e066d210a34e439921cec1d7b52a339fc298c,16
6.56047773,2.11442184,picture_frame,3dc200,88_005,16
26.4829979,19.5581913,picture_frame,3dc200,88_00a,16
44.1722946,-19.5944939,picture_frame,3dc200,88_013,16
25.0308399,4.25540352,picture_frame,3dc200,88_018,16
62.1483727,29.7032585,pliers,3dw,c1c44c7c-d036-496f-a0a5-fbb288cfa6d1,16
67.0244446,26.9635353,pliers,3dw,ee3229daab48b2f3bfa59e044d401be9,16
3.98154998,8.85062122,recliner_chair,fpModel,0a454a1d76e2218de55f472be0fa49c09c58b631,16
-5.11715651,-31.9015312,recliner_chair,fpModel,309c6821d9181eaeb6b28071cfeaead05d732e0f,16
2.18797326,5.2439065,recliner_chair,wss,3789c5b85f49b21ef7628281ecb18112,16
3.92526579,6.78927326,recliner_chair,wss,3fa2fccd96f3e5b5347185e772ead5bd,16
5.83646584,8.18411255,recliner_chair,wss,465cb28961d2680bbda72093f9b5aa73,16
-55.9143181,-0.780452609,recliner_chair,wss,48e9dedf26baaad4ebeb8f91be624923,16
3.85041475,6.77794456,recliner_chair,wss,4937b123afd4186f347185e772ead5bd,16
-37.7780991,6.93195677,recliner_chair,wss,67d9afec46e20fd279c4b4a860b67e81,16
3.58834195,6.74412012,recliner_chair,wss,6f04104e178fb858f7628281ecb18112,16
0.902853787,3.79138017,recliner_chair,wss,79be636f7f6b66724fde46457697d80,16
2.11380577,5.15723658,recliner_chair,wss,c88eb06478809180f7628281ecb18112,16
-37.7515717,6.96102047,recliner_chair,wss,f2ada2e9c18ce61da1ed8510e8cd55e0,16
34.180069,-28.9652538,refrigerator,3dfModel,0f426053-91be-40e1-aa54-5cc68057fb71,16
29.1824493,-32.6051903,refrigerator,3dfModel,20f05042-7c4f-4f9f-a70a-3df33420fbe7,16
28.9168396,-32.7889977,refrigerator,3dfModel,3a7ffded-19bf-4da3-bbb4-29f52a728942,16
33.5596123,-27.5369854,refrigerator,3dfModel,3ba66adb-cae8-491a-a5d0-d4a419022c8e,16
32.7046318,-32.8554611,refrigerator,3dfModel,6096dd40-a1e7-4477-ae30-a23c06f9defd,16
32.6979904,-32.4850388,refrigerator,3dfModel,6eb7e186-1e46-42a9-bff7-adb16b671c84,16
34.0806313,-27.7312489,refrigerator,3dfModel,7ea93005-ff4f-49a9-b43f-db9326913f77,16
28.6824951,-33.2817116,refrigerator,3dfModel,82c253d0-ff44-4e8f-b077-41813ef8a896,16
32.8199348,-33.5714836,refrigerator,3dfModel,8b7ca9ed-fd8a-497f-a4af-9267c4739544,16
30.2388973,-22.8161201,refrigerator,3dfModel,908e38ac-35ca-4aa2-ad9f-8402fc7ae8ed,16
32.8067932,-28.3992996,refrigerator,3dfModel,93f48076-1801-4c47-bd0a-316556bcfab1,16
32.8797226,-25.6320934,refrigerator,3dfModel,9f1020e0-b35b-402d-93ef-392ecfc2b022,16
33.0222816,-23.3040142,refrigerator,3dfModel,9f738d3b-679c-409c-8f8b-d10528414e4a,16
36.219265,-27.6722832,refrigerator,3dfModel,a7988c13-dd3f-437a-a8c4-b514c6338ec2,16
32.3675842,-22.9275131,refrigerator,3dfModel,b92089e7-0a34-44b7-9095-2c5ce6f77172,16
33.5566597,-27.570673,refrigerator,3dfModel,eae12fdf-e880-459f-b438-f3e2740aeffc,16
33.07687,-24.5952187,refrigerator,3dfModel,eda429d5-f2ad-4a16-a24b-473541d0fd73,16
3.03902078,-27.6439934,refrigerator,3dfModel,f0c9468b-4184-408a-bf62-615dd03ad6aa,16
28.3738708,-33.8239365,refrigerator,3dfModel,f4bdfa33-2e30-4fa7-aee0-fd031870b514,16
32.517437,-34.9611092,refrigerator,3dw,013f7de4-0dff-4ac3-9b4e-06e4349b7ef9,16
22.668644,-31.1203938,refrigerator,3dw,22757dab0773e11958fa5fc72464f404,16
31.2715797,-31.8199711,refrigerator,3dw,2537e62a6495a46bc47fc2b7741fa,16
34.0476303,-23.6234035,refrigerator,3dw,26c2b2991b9e8d9e178e7d331e641179,16
33.8710365,-23.2499981,refrigerator,3dw,2bf32839f547ad7b178e7d331e641179,16
14.0343523,-37.1550751,refrigerator,3dw,2d6ebc26c2443498f81b345222a93213,16
29.7326927,-37.169487,refrigerator,3dw,2e327d5a-f193-4903-810f-d4c97e9aabac,16
27.0716686,-32.0252457,refrigerator,3dw,3a183f08-94ed-4811-85b9-622cb50dc773,16
33.0363235,-28.0018272,refrigerator,3dw,407a2863f370172cfc350be62d126bad,16
28.8700199,-29.7057915,refrigerator,3dw,51cdf1d74464016d178e7d331e641179,16
30.2744675,-33.0876465,refrigerator,3dw,520559d520278e75df3a1b0d597ce76e,16
31.3116837,-32.8762512,refrigerator,3dw,52bf6219c93cf9c892a07ea54dff4a2f,16
32.1018982,-33.6282997,refrigerator,3dw,5d2787f2-6224-4d8a-8c43-75d17669f3ea,16
29.5316601,-34.5586967,refrigerator,3dw,65876faea98dde239f5bb5d06e0168c4,16
42.8803673,-20.6567535,refrigerator,3dw,6d5d0a65-277d-43f7-a450-90a5e99788c7,16
15.8951931,-9.80330372,refrigerator,3dw,73e4ecf2f29c46b8f8a51dbffe0021e4,16
27.2465286,-32.0431709,refrigerator,3dw,75a514866d9c84183e5ef7b1ee25a81b,16
24.0088291,-35.251049,refrigerator,3dw,7cb72610b34fb7a64a44340bf227e40,16
26.8931408,-30.3577023,refrigerator,3dw,7e46ed6478b5c092a480742f4529182b,16
29.5998363,-38.4019966,refrigerator,3dw,8134d1380a0ab8eb9d9e0e4b5e60000a,16
22.7941017,-31.3779144,refrigerator,3dw,8219783a6ceb3528ffc6e457221b9271,16
23.3418865,-29.7344856,refrigerator,3dw,83a197511bbdcb574a44340bf227e40,16
31.5513248,-30.6623726,refrigerator,3dw,8819f95c811bfe4fdf3a1b0d597ce76e,16
-28.3059464,30.4961624,refrigerator,3dw,90df8b83e5911a1a5a1bada754e9e91,16
29.370327,-37.5564957,refrigerator,3dw,93fbad933d12daea191c3762b497eca9,16
24.1446533,-35.2000275,refrigerator,3dw,973cf1906c9772d64a44340bf227e40,16
30.6633415,-29.4896259,refrigerator,3dw,a104656a1b5c3c40e76893938dcc7ce9,16
29.3071251,-36.9040527,refrigerator,3dw,a548648bd720f620843f813f752a5e35,16
23.0629673,-30.7924595,refrigerator,3dw,aa2a3fdf1df4778b18c6f74ea0d202aa,16
23.7497215,-29.9606533,refrigerator,3dw,abcfe26264567157dfbfd295cbbe5ff2,16
32.0446091,-34.068779,refrigerator,3dw,b0bca0fe-0861-4cd6-a198-74aff23ae2f7,16
28.3858624,-34.1283112,refrigerator,3dw,b375d1e72082068bffc6e457221b9271,16
30.8233318,-32.6236954,refrigerator,3dw,b4a5b9bfb9dc3276387f1b534c2a912c,16
32.6682243,-35.3666573,refrigerator,3dw,b6b302a5d6a17ac47223d6cbd6200e8f,16
2.97177529,-28.1025543,refrigerator,3dw,b9bd89b93f6dbb6ce8bd5d29a87c397c,16
31.6183643,-30.2996979,refrigerator,3dw,bb074761f59427a99d52e90008905f3d,16
33.6168709,-20.2706013,refrigerator,3dw,bca7b19b578b53692b5631520b7d94fe,16
24.8950844,-35.0302315,refrigerator,3dw,c6fe4e6da02fd04e5ae5d1ab7b98beb9,16
30.7065125,-29.772068,refrigerator,3dw,c813d5256ff83e1d2bac1bcdfc2402d2,16
30.6708126,-31.3678722,refrigerator,3dw,d4205f4a3ec87edbabd5e84b6ad9e49f,16
20.7982941,-31.6337109,refrigerator,3dw,e53a87d486aed0644fc9d44d6fa66ef,16
23.2692928,-29.6577682,refrigerator,3dw,e6ce58bcd090de394a44340bf227e40,16
31.2430305,-34.2755928,refrigerator,3dw,ea6bcbc9ec4d0738dcddd0cba5e9fbec,16
25.4826889,-39.994339,refrigerator,3dw,f00bf2170c958bc2506c648223cdabe9,16
34.4862709,-24.0914536,refrigerator,3dw,ff50eda13af0297c4a44340bf227e40,16
26.4854622,-26.4793396,refrigerator,fpModel,0bb1cdb98fbdfda5b41abaa39aa7f82321e58b72,16
2.86952519,-24.2294674,refrigerator,fpModel,0c9ff2144462d68fcab6a79e7737b7307e1a32d5,16
39.4402962,-24.6697521,refrigerator,fpModel,19b181ef136dd9cbbea4505899f9015c58dca260,16
38.1882553,-26.7798386,refrigerator,fpModel,1c33bd447d70d4d22116c434d912f1fae78e02b7,16
40.8496323,-24.082634,refrigerator,fpModel,257b108daedcb3537c6066ed191f8550658a70c2,16
4.64512014,-23.1745033,refrigerator,fpModel,35230dedd6b3f035a602f7226fae2dcb61bf1e4a,16
29.8125477,-22.7598934,refrigerator,fpModel,35880f4a551d6b1790f8ded9b23498f1da88575b,16
2.85140228,-24.1422195,refrigerator,fpModel,384f050b237868bfeb2fc3bc36075c252bb53e1c,16
4.28239393,-22.2917843,refrigerator,fpModel,3a9f78af8ca7d45294c89244ce9fb37a386b6468,16
39.4760857,-24.4779453,refrigerator,fpModel,404146070e071454f055cfe3be7811fcdcb7ddbd,16
31.6571369,-28.5036964,refrigerator,fpModel,416c68a89eda39033eb729fa72f7058802555a9e,16
41.7988701,-22.3108196,refrigerator,fpModel,45260b2b621ba5473292bcfe8995535b336b4244,16
2.85162807,-24.1419754,refrigerator,fpModel,5339c416ac907c7cb049eb153855816a9fa57ccf,16
26.3326645,-26.4378166,refrigerator,fpModel,551e75fdb2fce34b3f52933e44fb22d24168a63a,16
39.4699745,-24.488308,refrigerator,fpModel,5954c670b64d2ac9a6dcb73295bcb88a212a64f5,16
31.6493454,-28.4308643,refrigerator,fpModel,5f83bf65164f100a15060c534561322571dcbf6e,16
38.1869125,-26.7785454,refrigerator,fpModel,6da53db5c9730fefc2507f1f76b85f7b4c037985,16
3.24814796,-24.8261528,refrigerator,fpModel,7899d0c5296a70e4f4b8b9c5f3e96ea2491a0ac8,16
33.9608154,-26.2297783,refrigerator,fpModel,796933d96e20ed5dac6491d424084900fd72d301,16
30.3713913,-28.5269051,refrigerator,fpModel,7a5b05275dec9acba52fba417a806a20309cda8f,16
41.7991676,-22.3107014,refrigerator,fpModel,846aba736b25b51bf2036986d36451a37cd7431e,16
40.7252922,-24.0743752,refrigerator,fpModel,8b63648f4bdf1484b373ee705ebb0e22af222383,16
5.89508533,-22.4216213,refrigerator,fpModel,9449ef7831c43bc0db23aac79ea442aa71d0db11,16
39.4760628,-24.4778385,refrigerator,fpModel,9660ea4405f304d30c4610f676185305d0e03c8b,16
5.83912325,-22.4662533,refrigerator,fpModel,9fbbbfc58e5cafbc27a31069808cf168cf2d7a78,16
42.1380386,-20.9412212,refrigerator,fpModel,9ff0e2c2b2d7081e92f2ee4fb21a48a483b5f1d9,16
41.798645,-22.2910767,refrigerator,fpModel,a11ca43c77d2df1282d72fa1831298c544d6f82b,16
35.3053589,-27.8093758,refrigerator,fpModel,a35f943f68faf2b032307f6b336be2d948b400a6,16
2.60694838,-25.4086132,refrigerator,fpModel,a9be04a84ab7ec9e041c9eb767281ec87b7096a4,16
39.3384285,-23.8554192,refrigerator,fpModel,c41e7d7d088f1794f6e78781f6698faf445f5c83,16
33.201992,-28.9367428,refrigerator,fpModel,d1bb1e76ecd549767fd650aa211e3ce29be75ad6,16
2.01738834,-27.7836418,refrigerator,fpModel,d844cf11bdaa1246053d5e83170fdea4dd750f0d,16
4.99624634,-24.1416626,refrigerator,fpModel,e8a59b3cd7bfd22edb9dc6072984e19fb913855b,16
4.41068077,-22.9587021,refrigerator,fpModel,ec6d929832a895b456fd6cca745a18c192c41f4b,16
31.1515541,-22.8204117,refrigerator,objaverse,5d567fc4f6924a9c8c56074f8def72f6,16
4.97794294,-23.4645977,refrigerator,objaverse,631410c477594ba391f44512befc28d0,16
35.5108871,-26.3983631,refrigerator,objaverse,7f521d2003734810acad0d26a49c22ea,16
3.24692917,-29.2813244,refrigerator,objaverse,9052b06fbaf148db910b9e4a0fb8d891,16
28.0912952,-32.0761108,refrigerator,objaverse,9568e482d1d043cfbebb05499c25acdb,16
35.6371803,-22.415205,refrigerator,objaverse,fe686076735042bebef264f3b9484b20,16
33.2234573,-20.4901829,refrigerator,objaverse_xl,0a7ecf65f5a1d0329c33b492f2339621e1cf225583b3df7ea63297f0053e690d,16
32.4413261,-23.3184834,refrigerator,objaverse_xl,2579e83e079ca5448a56e2406823852902a9d05fb80a3dcbd13915de622afbfc,16
30.5705738,-20.6309757,refrigerator,objaverse_xl,35d67cd832ca78e5740908cb8f6a320502efc97a961296f0b993e2ae9514e7ed,16
30.189455,-29.5837364,refrigerator,objaverse_xl,3bf86e133b15c8e0e3d8ae6da55e72b4dffbcc52c8a3ee97e214d8b00e435459,16
3.64456582,-28.3924961,refrigerator,objaverse_xl,41e0d3f0ed1899a4c17058ba92f03f1b0253931a0da2266105a9a37d67108e18,16
32.8425598,-21.8738785,refrigerator,objaverse_xl,4445fb20381f794165da79b04f5d867fb9c7c6b5137a8302430a6a5b93ed8bbb,16
33.6560669,-25.8850899,refrigerator,objaverse_xl,459d4cdc1edeaf87236ad8c334e6676583a4ce0d6a777c20cad73fe614777002,16
33.856926,-34.0677185,refrigerator,objaverse_xl,4fe7781f23d40640e45da9642e8d5e74854a811d915d0938a54030064a1b0950,16
32.5719643,-26.9016972,refrigerator,objaverse_xl,50806790fdcc0bda4edcd031c91a0f0bd45eb4eb7ea3b68a910f4119448d94d7,16
29.5077267,-26.625679,refrigerator,objaverse_xl,55f671486f63b803e55ee95f0b68e28996ca69cb264acd3dc28c5261802cbe7a,16
31.7630234,-22.9782143,refrigerator,objaverse_xl,6a6009c1dd73501f5f8b0803b19b06acf651febf555b80db19a5fa37377ff1d8,16
33.2231789,-34.1242523,refrigerator,objaverse_xl,7190b442fd3533c1da44bf3e7703ea818c609580c50bd550665536e9273704b4,16
33.6419487,-31.6940536,refrigerator,objaverse_xl,71ce958e640212a1eea9efcdfa3f7fdf2bbdcccdd93708996924b1235e218e39,16
29.4092541,-23.0947666,refrigerator,objaverse_xl,71f536df75c093072f9c8555426b923c2d9142d86a93db104cb47aeadc8463b3,16
4.98214006,-24.5346642,refrigerator,objaverse_xl,7999a12051baebabbf2f324f9dbbef69d7dad9b3f80ed00f9d4e6eb6c689f9b2,16
32.6972771,-22.3924026,refrigerator,objaverse_xl,8c435e80198fe2f1cc8799ca6d220598dacebcc98b28945adc9b5bd9a2125ada,16
30.169838,-26.4189358,refrigerator,objaverse_xl,93131cf39b3b8c10441fdac55b04aad044594209a80580070f194369ee2829e3,16
30.2738876,-26.1753635,refrigerator,objaverse_xl,944632a6dfc509ed7d11c2870a445d83f0dd8ff2b978be4e3547d44909af63ab,16
30.8141537,-24.3566151,refrigerator,objaverse_xl,9561121900a8926503840a8f48a5aa82764b209af59290c01d99e5185d954b2d,16
30.2289848,-24.918541,refrigerator,objaverse_xl,a27a978165816f4c2da1c9218529aa0693c6fe803934104aece8cc6db413fc68,16
34.0950661,-27.2649593,refrigerator,objaverse_xl,b033f55a5762d2d0d0c3cc2745d8abf89d222f72f1abefd12b5a4da2da93fb2b,16
30.8006535,-20.5959053,refrigerator,objaverse_xl,bba8df4e5052062c90d65d470ea00e83c38541953372e42a74200c4f3ff9e32a,16
30.2782097,-24.9287586,refrigerator,objaverse_xl,c09c6ce21f82d2ccd560143d62687ea99f9f303fca18cdd9b2a30694ea83130b,16
3.46973753,-28.8930073,refrigerator,objaverse_xl,cd2e2ea3db7acf8c4d18463ed8c8f468eddcd058936f4d99a9164fcc16c618ea,16
31.0565701,-32.6971893,refrigerator,objaverse_xl,d65fcd1e4eb72728e882fd1356cb38c9316d487b1d38eb4da1473c9b6b28492a,16
32.5501518,-27.0572853,refrigerator,objaverse_xl,db6f5c2d34d0663dbff575de99fbcdb470fb63abdc210297b463378b2e9b25c3,16
32.3469772,-30.4047451,refrigerator,objaverse_xl,dbcafd942a7c36d9e6f2760bfe82e8e0b72844985daa9e7b9a6e90eac51b0175,16
29.1946945,-27.2645664,refrigerator,objaverse_xl,de9d956f7a826c232a2ad9334fd74a78747a7ffed096587633112b0f73268bd4,16
31.0735683,-27.4388733,refrigerator,objaverse_xl,e4be5889212b19e895dbd65e87cca350236682d4a394cf1258ef84f025266b80,16
33.2417679,-26.1902103,refrigerator,objaverse_xl,e8d1c6be30f4af69064ff8cb152ada336f3d8e38f71383dea463087ec20f046e,16
33.44347,-22.7814541,refrigerator,objaverse_xl,e951ed878a7862d8e98f759464a46b18a3e885d2a0966c10b84db905c3942920,16
33.1980591,-23.6851578,refrigerator,objaverse_xl,f18d2c343ea4e982ad82435be6a10c8a1d42d1e5d4e919c5b8ac1d3fadc39dd0,16
29.5084629,-30.4844723,refrigerator,objaverse_xl,febe6ba53334e8bb5e0852f0f5e3079dd3006ac725abfbd43f592af024dae5a1,16
26.8759365,-32.8285675,refrigerator,texverse,3758db188cf044ceb9e2d992c6958e84_1024,16
29.0599918,-34.3322716,refrigerator,texverse,77e19e91f00e40a983d4d41ccb524ec7_1024,16
26.8607197,-33.3174706,refrigerator,texverse,8205a1e3be6644bca6a6357507b31d8c_1024,16
34.0208931,-28.1830997,refrigerator,texverse,f9991eca9ff548c8b618e5f620b72676_1024,16
42.710434,-20.7918377,refrigerator,wss,1452b2edf9ad18b48d481397d30db1b6,16
33.6130028,-24.446949,refrigerator,wss,17c4dd8191c2c898bf37a318b55c6a3c,16
16.8209267,-30.8706551,refrigerator,wss,266aba6a1b941c3a2bf3161ae4fda942,16
22.7265625,-28.7580242,refrigerator,wss,392f9b7a08c8ba8718c6f74ea0d202aa,16
5.57244015,-23.3784943,refrigerator,wss,4d28c99f3bddc0fbafe1d4530f4c6e24,16
34.4288063,-23.8816566,refrigerator,wss,7778d492232d8e54a44340bf227e40,16
30.7772446,-26.6885014,refrigerator,wss,7ea4c3a2e779ce3274a9a428079a0374,16
33.2970581,-29.6352158,refrigerator,wss,97fcb32701826c8f7f8f1c5e1910ef62,16
31.8483829,10.840251,remote,3dw,c48d2edc20dcd2127f29c61065b4dc5a,16
32.1766891,9.98844051,remote,partnext,212d33f6b5904bed965a87b018325b26,16
30.6813068,8.56696224,remote,partnext,5546d0ad45a042c680a4e745af851cd2,16
32.8109207,9.79262352,remote,partnext,79bff744c1b74462af7d3c0b9b19267b,16
32.0758362,9.96694946,remote,partnext,b9675435c74940a4926a1ffc0f6cd5c1,16
-1.85120642,-24.6238861,safe,fpModel,30b659612c0a6358b5d81da95a6c7599d085e981,16
-1.37737119,-25.8429604,safe,fpModel,3700414065315caa30b22080b93bd4adf355ada3,16
7.12546492,-33.9254761,safe,fpModel,7f99b0422e4d6967cb20ea2b6ab3441d7c1ee774,16
-1.28357255,-25.907095,safe,fpModel,fedbb1f00ae06425db033fcccd9d3655717083a8,16
-3.3774178,-44.6914902,safe,objaverse_xl,0e5a6386402c13fddcca2730fab2859c35cface4794b6cee0046eebc1e3ae38d,16
8.59456921,-28.4048862,safe,objaverse_xl,ac8965d43bb689d670a6cd3de87e036a6359c04939e3b6dea39616acffdce2de,16
-1.35956097,-25.7402706,safe,objaverse_xl,ad84ec01504a62cd5f82c81e6d814c0b9bb2ab7f3edad89f5f97da542b69c097,16
21.7885017,-32.7433205,safe,texverse,636f955215ce4901a8496882607716bd_1024,16
6.66350985,-35.4614906,safe,texverse,eba4260a4d0348fbbbcbbdae980c45ac_1024,16
63.6202888,26.5997429,scissors,objaverse,05a12bc9a23c4c7bb5a84601b61221ce,16
64.0197601,28.6445732,scissors,objaverse,14023ed7bc1344319c5fd906b840b03d,16
66.0018768,24.2029762,scissors,objaverse,1d41b94ffb8f4e33a70349545c9cbdc6,16
64.5758057,27.8041401,scissors,objaverse,2231de62f3694a39a75950c163683e52,16
63.058075,26.8354397,scissors,objaverse,256589b487d14ada8874184870e2d773,16
62.7569351,28.8869724,scissors,objaverse,2b1120c4b517409184413ed709c57a66,16
63.4009705,24.1602077,scissors,objaverse,71d5630972ce48ce839017303938238b,16
65.8619614,27.0333786,scissors,objaverse,b8a0f0a51d384f2ca9dec06809ad6662,16
65.7843628,23.8233662,scissors,objaverse,b8b60a3a9f2e48d9880a2bd29027d8a8,16
64.7254257,23.6699867,scissors,objaverse,d624e60760574698982856f7fe98a471,16
65.8852692,25.416729,scissors,objaverse,f2ef78fd6a5d41beaca80843fd9717de,16
65.1904373,25.7016621,scissors,objaverse_xl,1b98357787f2581b465ce709b52094b1c7ab9c7cb5545a94ae0016f7a02e7d00,16
63.9646339,27.1714993,scissors,objaverse_xl,221eccbb0e716c0e26a7968cdec4bcc8156eac1f7a63552a3b2e9e6e4c9e1c25,16
64.019783,23.5786591,scissors,objaverse_xl,2292d259835809359ad38351869f633d3bfa83d6108a080291ddb6474f29e50d,16
62.3703384,27.2447071,scissors,objaverse_xl,26c156f10c67f22f445e3e2b94b039c534ab1b0c9aae02b91885aeda659d03a7,16
62.7960625,27.4386425,scissors,objaverse_xl,314c6bab14ba356721ff8f809840a9eb65e1d701e345f46c6b8165b3bde9ef98,16
66.8122711,26.9592571,scissors,objaverse_xl,32d385faac12af18f0e98eaf23f9f8c220071183af95f8a9c62b99a4f832d361,16
62.632061,25.2811222,scissors,objaverse_xl,364f6f2a7d34634707f50fc00f47d6ae23bc194972e0a1752455bd3c836f895f,16
64.1726685,26.7940826,scissors,objaverse_xl,3b268c426905c9e87fbdfc5dae8c502eac078be1a32c49a41b04a70eaacc73cc,16
62.6217232,26.8925877,scissors,objaverse_xl,43b12864d935de06fbda238d3d9d86c2630aa744d69dd4e5481631e18e754614,16
64.2076569,27.2728195,scissors,objaverse_xl,451a1de694941e6ce00ec79a39ace271bc64a187697e69a297b66d3bffe810ed,16
64.757431,23.1989384,scissors,objaverse_xl,4d23c9f5be0dbf53654984534c2492742a44ac4b1b76255d887ba822c7c7ea0c,16
65.0750046,25.9535084,scissors,objaverse_xl,513d9d2c547557b44d760b40aee54e7d9a30d7737bf644771e2c015f5d80ae73,16
63.5661697,24.2157173,scissors,objaverse_xl,65b0c856aa860d5b2ed1b33e43710dfe41c8e8128fee3e83b16e16c4df19701b,16
63.5637512,26.602272,scissors,objaverse_xl,694dc98638738f7ae39eb1446db3b883b4a7e4e2e2d51cc242243fbae7612aaa,16
64.0133209,24.2805538,scissors,objaverse_xl,9ed4ec656acd6972f8b30f8c5dbe8c136c4782ddc2037c26eec70327eeddde67,16
65.1845093,25.6999207,scissors,objaverse_xl,a04af36ad3f617282b13cb7c017b7d24c9ae278aa56d8887c55aefbe44b69199,16
63.9450607,27.2089577,scissors,objaverse_xl,a1d43617ecb28c37f27363b6bfed5cc66f0afb9ebb949157bf5a84bd1adf0321,16
63.1604843,28.2576447,scissors,objaverse_xl,a97b7e4eff684a3da556cfc67cf1f404870999780c3b8409f43e5a1591109a2c,16
62.0092545,25.1290398,scissors,objaverse_xl,b3df5734e9f33924374c374bccfb51abb752cc9197cb45c475310a5d60279d3b,16
64.5722733,28.1605549,scissors,objaverse_xl,b9ca1b20204bf9981f533668e536e1463576c7c7b70f7862be732dd5411aaf42,16
64.1087418,28.1033916,scissors,objaverse_xl,d3ea8b68d19ff0c3fe44cfae69e9dc732af50d77463feffbdd3470ec8c373d49,16
64.6473465,28.0133076,scissors,objaverse_xl,df80017005ff3e6f30ab7b106b5fac4cf15cfb234d82beebcf62e65ef5ae3fcf,16
64.3623581,24.1029377,scissors,objaverse_xl,effc79c18a8e231f820fbdf460f9f11bc39a37a15f993fc056cab5990b3d5ab6,16
65.283371,25.6884155,scissors,objaverse_xl,f067192a12915523e6403e35f146c788cd8e3fa23e87e31201f728a226afa7f9,16
62.049736,25.4610806,scissors,objaverse_xl,f9ae2d631131384296375b032bfa49d9ca1a0b6efe02a6dbb7373b42fc7e63a9,16
65.6882019,25.682354,scissors,texverse,26f267db96bc43009e71331ebe69b064_1024,16
62.2875443,26.3408451,scissors,texverse,2787b36afda5408fbbc9520e9562b768_1024,16
66.0843506,26.8348064,scissors,texverse,311ce0c7867b47ff9dc0d7e8fada78ad_1024,16
65.2031631,23.9372044,scissors,texverse,330c1eb735f64807a9b6d8a05a11d5d9_1024,16
65.7846527,23.8235512,scissors,texverse,4425427185974ed793173a6b31aa7247_1024,16
63.6775398,28.2714653,scissors,texverse,5ae7b23dd62b4971a61ee9e96284ab02_1024,16
64.6757355,23.2345104,scissors,texverse,b0fdda96fcb94002b8be3077f5b95299_1024,16
63.7876701,24.3745041,scissors,texverse,b1c876947b0c41e197596c7ccc8fa015_1024,16
66.1980896,25.8230209,scissors,texverse,d38a8453bd36461fb8a96b48eb71028b_1024,16
62.6624451,27.6343784,scissors,texverse,eacb143364f8405395df78e229aa7f12_1024,16
66.0774765,26.8977394,scissors,texverse,f1b0c6ffa28d4dcc8df653627dfc2b27_1024,16
0.527597904,10.9953613,shopping_cart,3dw,a49d436b1477310f7e51366b0cf7747,16
0.173731416,11.1703043,shopping_cart,objaverse_xl,a79556e42d941eb6625fa531436d1f8604b2b199d0df6479ad57cc9537c18b88,16
0.208451733,11.1568995,shopping_cart,objaverse_xl,f8d5b5259618dcc89bf40d476d9c2d06ce6df7399b0e547e420946fac31c41cc,16
0.440903723,11.0348377,shopping_cart,wss,e3ac2c55a54713e07f5f437395597a36,16
-31.4875507,-8.98915005,sideboard,3dfModel,06ed337c-0db5-40be-8114-884082e0edb4,16
-25.9097099,-4.46141768,sideboard,3dfModel,075506a7-2ab4-4905-b156-fb1d93069fcc,16
-23.9293327,-1.31126416,sideboard,3dfModel,09e9dd4c-e512-3477-8d7b-0729f4efb5f5,16
-7.28399611,-10.8205786,sideboard,3dfModel,117d070e-fdcc-4a11-9f30-3734a8cc5455,16
-26.7329044,-4.93710184,sideboard,3dfModel,18cc4717-f0a3-4e35-a7d5-a8d687d3402a,16
-43.5944633,-0.0687361956,sideboard,3dfModel,235e3d20-ce4f-4820-9871-81466da72d8a,16
-8.31733036,-10.0284214,sideboard,3dfModel,2d60ca8e-19c3-4a11-a397-53609c3eed67,16
-14.3048859,-39.5486336,sideboard,3dfModel,364d3ede-eec4-4f65-8038-bba3558c8231,16
-4.67958403,-17.5418663,sideboard,3dfModel,368ec9b4-3ee9-4ffe-b789-e56921e74656,16
-46.9843178,9.59348297,sideboard,3dfModel,3b608f3a-6b8a-4f51-af1d-fd6db66cf4a3,16
-13.2207355,-8.90912437,sideboard,3dfModel,3ea4c4a7-1aa7-4348-8ceb-1fd1ebe4495f,16
-0.141180128,-9.26132298,sideboard,3dfModel,42e0b61a-ccf0-412a-8f41-7fb9afc98b8e,16
-15.489975,-24.7446651,sideboard,3dfModel,43385e49-d8a5-4f49-b856-b668cda9bb04,16
-11.3303728,-37.2936974,sideboard,3dfModel,446a01a9-d91a-4846-9d9d-d5263403e9c0,16
-12.1088114,-44.3856583,sideboard,3dfModel,46ff8f18-6ccd-4712-acd5-58d00ddb0807,16
-12.9347601,-46.2134361,sideboard,3dfModel,470dba8a-9f91-4f6e-bf27-6aaed43846db,16
-11.4816332,-32.9920197,sideboard,3dfModel,47cdb25c-b39c-4f73-a132-6bc7deb39c07,16
-14.3852015,-32.0677681,sideboard,3dfModel,47d7e740-92fd-4687-8977-c1baa6cea843,16
-47.4818726,9.11723232,sideboard,3dfModel,4be6873a-f3e6-4c34-b56e-5fbd5b73cb80,16
-24.186451,-8.5280838,sideboard,3dfModel,4cb0cff6-41e7-487c-8476-9253a21f88f4,16
5.9511137,-17.8101254,sideboard,3dfModel,523d0df7-e1a7-3d3e-afad-7ebae91903b7,16
-45.4821701,-2.89274716,sideboard,3dfModel,5ec4a22d-b147-41e1-9bb5-7f71a341d6bc,16
-43.1648712,-2.6118207,sideboard,3dfModel,603e3626-6286-4103-b439-2db685b924dc,16
-41.2586708,-5.11830902,sideboard,3dfModel,62d597da-8a71-4e23-a30b-2b229b55d970,16
-51.6686096,-6.23776054,sideboard,3dfModel,63fb829b-fe84-44c5-8449-ddabff483630,16
-43.2879257,-1.92864478,sideboard,3dfModel,680c14a6-119d-478d-99fe-b0ad33220727,16
-47.2899132,5.07378101,sideboard,3dfModel,69cafc94-8036-4e4f-b1cf-eeef93ad002f,16
-28.0572872,-3.21888185,sideboard,3dfModel,73bd5cf2-aafd-4cd8-87cd-585024e40df6,16
-3.79433393,-11.1197767,sideboard,3dfModel,75d8aa6c-9965-41b2-976d-6c4b0ca99c9b,16
-8.71058846,-38.6438942,sideboard,3dfModel,7b277dfe-08d8-45aa-b6f7-85fb8e825207,16
-58.1369476,-12.4051886,sideboard,3dfModel,7b523483-9417-42aa-bcc5-fd8cfd4eb9ed,16
-42.8133507,-1.19160175,sideboard,3dfModel,805dbdc9-0f7d-4224-be07-8dd7b3446331,16
-14.7963905,-41.2718849,sideboard,3dfModel,8225d304-2d16-419c-b9e7-9634a68e2f42,16
-42.2913208,-1.90656531,sideboard,3dfModel,8b051068-f999-410a-a3af-d24357ac4a90,16
-24.2517147,-8.47772312,sideboard,3dfModel,943dc565-915f-4f6c-80e7-7eb7b84137af,16
-45.3042831,8.39355755,sideboard,3dfModel,972f278d-f277-4b92-a6ec-6fc99ed7e92e,16
-12.3313246,-33.5328407,sideboard,3dfModel,9e1467f6-149a-4ba7-9c00-f728aaf0a562,16
-15.407937,-27.1147079,sideboard,3dfModel,9e2d7726-d6ea-4ce4-b0dd-b5ad5d5dda51,16
-48.1513214,9.28446198,sideboard,3dfModel,a5c3bb2a-b632-4fa6-af1b-bf03eefb12de,16
3.08835793,-15.3748713,sideboard,3dfModel,a9a57f6a-6e9b-4142-a762-b5342816f5c2,16
-42.7746658,-4.25106668,sideboard,3dfModel,b11df2a7-0f4e-481e-8a6a-3b67cf21c9af,16
-46.300766,-1.55833864,sideboard,3dfModel,c15020e3-9e39-4da3-9a97-00679203579c,16
-3.95422459,-7.33960199,sideboard,3dfModel,c40d9eb6-2a60-4738-9d5b-3ffa4410ab54,16
-24.4681549,-9.8976469,sideboard,3dfModel,ca4119e2-1788-4f22-9f7e-7c11972519c9,16
-43.37257,-4.97843456,sideboard,3dfModel,ccc359b9-be61-4af7-a2e2-0596636a3d38,16
-4.82156849,-17.4702282,sideboard,3dfModel,cf24f58a-04eb-4e36-8d6c-a42688541c0e,16
-30.2563858,19.0129871,sideboard,3dfModel,d77fdba8-263e-4bcf-b4c4-4c92a72a91cd,16
-39.4932442,-17.525095,sideboard,3dfModel,d9da9766-187e-4fde-941c-fafe1c7c1e32,16
-21.6044788,-10.8534956,sideboard,3dfModel,de5d892b-107c-4525-885e-53585305b655,16
-46.1257706,9.13772964,sideboard,3dfModel,e287c8cc-ba68-4787-972a-008f36f39000,16
-4.17114162,-19.8234482,sideboard,3dfModel,e50831e6-e8fe-4741-b6b8-6e25e5ccba6a,16
-15.6107292,-11.1837416,sideboard,3dfModel,e5ff9bac-5666-4305-bf41-d45fd656d4a7,16
-9.39868069,-15.8883743,sideboard,3dfModel,e84f64ad-7e2b-45aa-a9b1-1cbe624d745e,16
-25.8777542,-12.1365147,sideboard,3dfModel,e90d0cd7-80d8-4849-8869-6c4517edf193,16
-14.4036083,-10.4021692,sideboard,3dfModel,eaa64ebd-f248-43ea-9b8a-d168055b38bc,16
-9.18213081,-15.8812819,sideboard,3dfModel,ef26933a-9694-4460-8960-69d14ea3fa2b,16
-17.8183498,-18.8372021,sideboard,3dfModel,ef3867e2-995e-4490-b3c3-260c75d8f80b,16
10.1607323,-26.9643002,sideboard,3dfModel,f066bff4-b33c-4af9-ae6b-0f854e90a36b,16
-43.5649147,-4.25105476,sideboard,3dfModel,f89de7aa-bcd0-44d6-8893-a1d09b9834f2,16
-24.9126778,-38.5533485,sideboard,3dw,10d44613a2d6c313484776fb236aef2e,16
-29.6375084,23.6019936,sideboard,3dw,10f9cc175f226b87597e1f94410131a,16
10.0975256,2.06442618,sideboard,3dw,1a74fe1f425ea985ca25b2e822a430b0,16
-51.8589783,-1.70310974,sideboard,3dw,219c34943b4c596520768660cf080d12,16
-12.8508253,-15.1480875,sideboard,3dw,260fdd12a3bc1fb0f51fa0238791f5dc,16
-34.5106392,-10.8681793,sideboard,3dw,28f28de93fdccec8cbde89e0c48a01bf,16
-51.7456207,-1.83906889,sideboard,3dw,2f97948a4b0ca4b720768660cf080d12,16
-34.1301689,-10.8698359,sideboard,3dw,325114d7e5ef837ecbde89e0c48a01bf,16
4.40124941,-11.2405376,sideboard,3dw,34582cb1731510a81b9998d72ad559c8,16
-3.06517553,1.98750865,sideboard,3dw,35c92701a833581acea003eff0268278,16
-5.19672394,-6.90387964,sideboard,3dw,40578bc5f005ae88a7fcedc756c68fa2,16
11.2461843,2.33217835,sideboard,3dw,45add8e0b757c7f3ca25b2e822a430b0,16
10.8400555,2.2092936,sideboard,3dw,4ed1597b88663f19ca25b2e822a430b0,16
-14.2762127,-38.2298088,sideboard,3dw,5f379911510a9a4d31de0931bd5b560c,16
23.6623688,-41.821434,sideboard,3dw,61a584ba247bfbb982eda6d967589f1,16
-0.129337296,-6.91607952,sideboard,3dw,63f87ccaa6aeaf013073af16a4b8491a,16
-22.2490959,15.5680408,sideboard,3dw,68cdcca9ba4af0674fb315ce917a9ec2,16
-30.8145161,4.32280207,sideboard,3dw,69f0beb64d3956de3918f23e2305ede2,16
-13.1356859,-49.249794,sideboard,3dw,732849bf8472d373cbf3dda885c64a76,16
-34.6384468,3.6309495,sideboard,3dw,7d420d9582be93cd955824885d6e7dc0,16
-50.2373085,-2.57472301,sideboard,3dw,8269c3e87e1a8a8e20768660cf080d12,16
4.45084715,-11.2287445,sideboard,3dw,855eb0ab7373888beaa4600f9b815c3b,16
-15.2200518,-6.38317156,sideboard,3dw,85bb8fca9b6647b607de55573b6b50,16
-21.4896355,-44.1064262,sideboard,3dw,89a432c14dc9c9dc8e9a0e51a554788d,16
-44.14048,24.2514896,sideboard,3dw,8c8195aab253c66e6e71174964d90e49,16
-40.3099823,21.5608616,sideboard,3dw,9bea3f883f948c3ca09e5a1a20aee2ca,16
-46.2168007,-0.0205030683,sideboard,3dw,9ce3f0ca509c16eb6caa77823e8485bc,16
-30.4121189,19.9995213,sideboard,3dw,bfeecd9596695968601238df7e6e02b8,16
-30.9418068,26.0550823,sideboard,3dw,c33214f600d2a3d4ad6a4bedbef3175d,16
-47.601387,21.8632011,sideboard,3dw,c3b5cc8fccb3b8e7e6529103b5f56916,16
-29.3203812,34.4023552,sideboard,3dw,c6b8f862ae663e778c2611a5a36e83b4,16
-15.8919325,-6.73682404,sideboard,3dw,cda03bac92928ab0b607de55573b6b50,16
-18.6529121,-27.9509563,sideboard,3dw,ced5e484e26f45beffc1bd8400d62cdf,16
11.2481804,2.33089256,sideboard,3dw,d16b38a48766e16fca25b2e822a430b0,16
-30.7182045,22.9526577,sideboard,3dw,dd2375d9d0e667f4fb315ce917a9ec2,16
-43.9989204,2.04753566,sideboard,3dw,ee23fe63c1fc71d1a54f33c1755abbee,16
-48.3092155,6.03915358,sideboard,3dw,ef2c6e9f10609fc3821c096f8ff2909d,16
-50.265728,-10.9072542,sideboard,3dw,f525791d340155b2512d71be7dbf2d60,16
-46.361763,5.01216507,sideboard,3dw,f7b1fc02aa264d1534fe4d05f619492,16
-29.1388283,21.1549931,sideboard,3dw,fdca211ca8db3c41b53dd5b9f129ec4d,16
-26.2061958,10.377944,sideboard,fpModel,0074b6bf5758fd7186157fd3a8d53afe3e200cba,16
-21.7845726,-0.633456945,sideboard,fpModel,02d0251f683a3fcd7d5ec09c5a6910ccdb363786,16
-32.5319176,-8.71184921,sideboard,fpModel,03c6a0317265df8eeccc9245675fc50af95072d5,16
-25.0548534,-23.5049458,sideboard,fpModel,05f80a1f59e03f798ba3941f1a6f2712a0e93583,16
-14.4493647,-35.0044556,sideboard,fpModel,099e627f0eb0c0f1ae672c25b7df89204dd85521,16
-12.1526575,-31.7141724,sideboard,fpModel,0ab4c29164cb03cc33de6ac67677765eaee85cc2,16
-47.2823982,5.36025524,sideboard,fpModel,0adf429add0b1ddd95ec48d9f3e644b558e5f355,16
-13.2421875,-32.1521606,sideboard,fpModel,0b5c33dc9b1ff7ac340fd431b272c63926560037,16
-10.1155043,-38.509903,sideboard,fpModel,0e4964ef31001f71a18b6c08cf173d0f636fae6b,16
27.8297062,-21.8482342,sideboard,fpModel,0eff341a995f04ce4b18c56ec30f12d0e9398957,16
-42.9881439,-1.43121874,sideboard,fpModel,12289ea8fde534bbaf785b1c800b86a40437717c,16
-5.70865536,-20.2729855,sideboard,fpModel,15a81c5727eba4e4a4161e1cf2c76fe2c601ae15,16
-44.8468781,-1.1133604,sideboard,fpModel,1bccaa8c2a6c0b6f918392ab2adce3c4cc57b2c4,16
29.3494053,-13.705327,sideboard,fpModel,1f0e602ca3b6f39575b8448db5d7e2c27101e7ae,16
-12.0745802,-31.7506924,sideboard,fpModel,2126cc35dc48ccdce854f39acf33a5966046f383,16
-16.7721157,-22.169302,sideboard,fpModel,2612061a57b747118a3d04290d89cd1b398fb2fe,16
-17.3573704,-22.3561516,sideboard,fpModel,27b8cec51a8c3b99c079c268d0a184b1f91183c7,16
-38.1019669,-30.8334179,sideboard,fpModel,2b66fdae818f040c80188e978e266d9a93fed57b,16
-29.0817966,15.5332203,sideboard,fpModel,2e3ef297e42fa497a75d5ded416224d80c7d7264,16
-8.81615639,-14.7611847,sideboard,fpModel,2f0a62015cb709fe7f07cee6205d33cc054f6eab,16
-26.4686203,9.38191223,sideboard,fpModel,2fe9c822c423f699138ade0883af91154ce00094,16
-35.3083763,0.551137984,sideboard,fpModel,31b5ec475d6fdcbb9461561c0a3bbe22dee18e99,16
-33.1566467,0.740561187,sideboard,fpModel,3798a3b8f886f27b7f2d8ebc0c84c6427e0a1ae8,16
-45.0667305,-0.595201552,sideboard,fpModel,3aef5476fb1c9b2f3cae1b2ca8b33c1bae7ec1d2,16
-0.724375427,-9.46849251,sideboard,fpModel,3b88f9fe4c836c164705beafa8d5df338c8dc455,16
-33.3049164,0.997127533,sideboard,fpModel,3e436779733ba0d9aca4a7c86d2ea08f99c2eb98,16
-44.7028847,14.7655907,sideboard,fpModel,3f28e55e96c9f14cd017e13cffa16b02e5db452e,16
-28.2148914,-2.15229034,sideboard,fpModel,3fb0ef74ad5000c19e088c6ec09725faf75298cb,16
0.517794967,-9.59080887,sideboard,fpModel,440aa75617a2db12da11307ccfa049f48f76e554,16
-7.27110672,-14.8483868,sideboard,fpModel,45a35bb581b8132eb57cc8ed646a68f14da6f82d,16
-14.1909466,-14.5846272,sideboard,fpModel,46dd28dc74535f9a2b692ecae0253c9b0e3b40cc,16
-45.736496,12.6002045,sideboard,fpModel,47626eed0d8a571dc80f7bb472d7661a4dc6a030,16
-17.5817966,-20.4282379,sideboard,fpModel,47b122b717e177c30cf7bc9e5fde5c6280a5c854,16
-23.9810219,-33.9656944,sideboard,fpModel,4850297ad1adc65d23c944e90edd076db12afbce,16
2.19149899,-5.92478895,sideboard,fpModel,49b7ece681efd7ebe1cfc2bdfb80173663358adc,16
-44.3837318,-3.92804241,sideboard,fpModel,4b7cdfe287647431cc6e6ffc2cb59aee0f19bdd0,16
-6.0158267,-18.8780918,sideboard,fpModel,4e6dea40f6b6ee089d73536859c167cac7dadb3c,16
-26.5602551,-23.7530384,sideboard,fpModel,51c3494e896f54f12169c9a6a054960048899cdf,16
-14.1271791,-40.4725151,sideboard,fpModel,5999d188452e209cacb712029af3f3b5b0e30313,16
-24.0922813,0.223656848,sideboard,fpModel,5a5c19684737ded0da7c2811f6303e154a305323,16
-33.836956,-0.545470357,sideboard,fpModel,5e4ec54ebe33776ef7fe4f8f8a1529a0b0395ac6,16
-40.4687004,-14.2169104,sideboard,fpModel,6241c65ea47da414d009f1bb77921dbbad78ca84,16
-33.0488434,0.774631202,sideboard,fpModel,628d0c20a57798970b7e965946a7bd28267eb3bb,16
-20.5580101,-6.94604778,sideboard,fpModel,63b7d75b724e079aab99030084f0eae1b43b7498,16
-40.6422729,-0.263726234,sideboard,fpModel,67e6eb3d22b09bd2bce2a23fd150ebf234cea76c,16
-30.7992611,-8.49407196,sideboard,fpModel,6c4db0f4e4980dced9e0e5eb12614bf284a6fb51,16
-22.8438129,-13.9599724,sideboard,fpModel,6d40e74eb0c4a0ee6aa532e66ee080b9506f24e6,16
-15.5979834,-11.0055218,sideboard,fpModel,6f57e5076e491f54896631bfe4e9cfcaa08899e2,16
-38.1285858,-30.7602673,sideboard,fpModel,72c7de25ab188d59bd9cd4a3f774e19e97acc95a,16
-32.5467186,3.79182649,sideboard,fpModel,73b7a391b1d42c707c01739d3591310d04f3ea12,16
29.7886581,-13.1588898,sideboard,fpModel,74838e97471c7afeef362d0f94963cc54865ae66,16
5.92194176,-17.7431698,sideboard,fpModel,78cfa81acee912f151e756369600f7ad48956809,16
-21.174427,-19.6321983,sideboard,fpModel,823e68a00d4aa37069b991bdf75f2d2cced124a3,16
-6.48453379,-17.8564053,sideboard,fpModel,848db8687535b11171facb505fad4383385a4ebb,16
-20.7222347,-8.03168392,sideboard,fpModel,87001939e6cf1938ad83249e697db73ae66a96e9,16
4.69621468,-13.888216,sideboard,fpModel,9468fd5397281258bd0f87c9a646f74181b96131,16
-4.50377274,-20.0328407,sideboard,fpModel,96aebf7384972662ad6b7e614a7573a122e953ac,16
29.8238297,-13.1465292,sideboard,fpModel,a4b8d2170a65622aec4cc922103990b1c7783a46,16
-44.0730476,14.9872141,sideboard,fpModel,a655b5bd1b38850ccbda730b900e9ce041419f98,16
-49.6009178,-8.4775219,sideboard,fpModel,a7a07ce28b9dd3276bc1b4a8a03e1beabf993cfd,16
-15.063983,-36.9794731,sideboard,fpModel,a9c23e2a70d19ca93aefc0b7530ed62d23d5df4a,16
-19.7679062,-18.8363152,sideboard,fpModel,acfe3955254d50d2134fa4ff31493b7d3f83cb0e,16
3.30860114,-5.83015347,sideboard,fpModel,ad5d977baca487584cd1e79e6289039bfb019fb2,16
-22.5764561,-18.1330776,sideboard,fpModel,adbfdd15598bbeb5e426dac204cef0b4ffc68afe,16
-49.8083382,-2.82555532,sideboard,fpModel,aec9ab12b9fed5f9d8fe18ae46e543a849a4b05d,16
-11.1026821,-35.187973,sideboard,fpModel,b6b31d28bf3a2d2246c08b31c7943507babdfb8f,16
-8.52659798,-14.57022,sideboard,fpModel,b993094e6a2356a77f29a6a74e88874463264ae8,16
-26.8531284,-1.53055108,sideboard,fpModel,c016370102275e55cb6ecabfe4b20dd1ed4a230e,16
-48.834446,-10.1700335,sideboard,fpModel,c1230b54c3b732617601d2413eeb180c5d29f2e2,16
-25.3645191,15.2630672,sideboard,fpModel,c547e4f30bb766fbc780ad43e058efcb183f53ff,16
-24.9398994,2.48046732,sideboard,fpModel,c677a8bc97aee16aac025979f5c14a953859b9bb,16
-44.6700249,11.0926723,sideboard,fpModel,c6e2268863e1ad826feed40bfee065582fd5f0b2,16
-11.2744598,-39.505249,sideboard,fpModel,c71ff97be911ee5e2438bf3ddcf15350942dbad7,16
-29.4954681,16.2722912,sideboard,fpModel,c73f8b5dd9353b05bdc81872432e0851cc2d6ab5,16
-28.2030525,-2.15173197,sideboard,fpModel,ca241f59f18a484bb401df1ee05f2b1ff2fdf24c,16
-1.80513215,-1.85022092,sideboard,fpModel,ca48b12c9b33f1c72d3af87e064f61b7cd197c31,16
0.237719312,-10.8322802,sideboard,fpModel,cf7c885e0df1ee2f9480956522ed5c0ce1be1cf5,16
-27.6402035,-3.7379837,sideboard,fpModel,d2ae5957360187e875bf79838dfeb31f2d736128,16
-43.1180611,14.6697617,sideboard,fpModel,d3d9a98182829d6501e0ee32e51505763063a80c,16
-24.7294655,-23.4310532,sideboard,fpModel,d9d337b83d72bfea7f8ca950b1bed4a77fd872ec,16
-35.3000832,-26.2907791,sideboard,fpModel,db592834ff9c6f21b06f6285319b5c5b1596afd1,16
0.127270505,-9.48358536,sideboard,fpModel,df4db6abfa9250164ee856f137ebae9f34cff325,16
-43.0311432,11.8783579,sideboard,fpModel,e0ec49fa0d7054afb2f6e2533a72b02f58544eae,16
-35.0824814,0.0890932754,sideboard,fpModel,e4bf06896b67fc56bbded3bbd2086ad6dcdb7746,16
-34.4836731,-0.239837348,sideboard,fpModel,ec44b99d2e75b597a7a8ccfcee8871dad740fa28,16
-2.06518126,-10.8412828,sideboard,fpModel,ef109fb2b790aff1ef35dbd0cfa485af31d53c9a,16
4.80128622,-13.9820499,sideboard,fpModel,f8d72138c882ef3acb88d865d39aec766e54f82d,16
-11.9734764,-33.3534088,sideboard,fpModel,f9b8d96daa969944c9cb86404e0092dd7cbec4c8,16
15.5323057,-11.7984362,sideboard,wss,2bb2708bff12ba6b1f8d8332ee17945a,16
-34.4368286,22.8032265,sideboard,wss,3179ac396ea5b2b355f46d55537192b6,16
-0.307517141,-8.02501011,sideboard,wss,410684f543d90f55f67e78e30a2445a0,16
-46.533989,26.0571098,sideboard,wss,4d278df3d7686469a09e5a1a20aee2ca,16
-24.2492886,-40.0353813,sideboard,wss,5974a83a744d638ec3eba3d51ee30285,16
-24.0775642,24.3217735,sideboard,wss,67775df4b93eeb1db6378af21f637882,16
-18.1090736,12.8338976,sideboard,wss,8a7e3e4cce2a9f79116162acefe23592,16
-27.0300102,-42.2649574,sideboard,wss,8ed7ab9b5569c0556d469bed7949dee,16
3.84076929,-15.4763393,sideboard,wss,aaeb3bda295fb6a12846fa729d90e125,16
-9.62756634,-5.18922138,sideboard,wss,bc8f372804e17aef851a116903680096,16
-24.8640633,-39.4834328,sideboard,wss,e6858b21bf2931eeb97ad864945165a1,16
-24.3912678,23.0744667,sideboard,wss,e89ca9392862a7fca53cd01ae99b50bd,16
-35.8394661,1.60718942,sideboard,wss,f0cd932066b08ba5961b70a6f96df2a4,16
-3.28713584,-9.80059624,sideboard,wss,fd77d891d762fa99bbca1ad96622b322,16
20.2924175,-34.571434,sink_cabinet,3dw,42777b0d8edd12de14b35a7d7cea7130,16
10.9326181,-28.8167706,sink_cabinet,3dw,c6618eb19509a0b143a20833008e56b9,16
20.3361263,-34.4772682,sink_cabinet,3dw,df983bd7bcd9bc114b35a7d7cea7130,16
-38.3366776,-6.20425129,sink_cabinet,3dw,ef282eda82375dcf680888d67e947065,16
15.263938,-17.087719,sink_cabinet,fpModel,0a516d39b100499cfde1b2f7071930bbe6c61cea,16
14.4367352,-17.294014,sink_cabinet,fpModel,0c13523cbbf431a463e07fef9290ba30998557ff,16
14.3661766,-13.4928274,sink_cabinet,fpModel,0c5021dbf2a828505a3c8230ab3f55572b00513a,16
14.1260633,-10.775672,sink_cabinet,fpModel,112dc87e26450400941c6eaff60866bc19badc64,16
14.3211851,-17.3258896,sink_cabinet,fpModel,3362008b68ae3e3f0be50057fa895cdacbfad401,16
-14.3179007,8.17783928,sink_cabinet,fpModel,3ab3c52f671a0d7079eb20c05538265054549064,16
-27.6177921,-27.1186142,sink_cabinet,fpModel,43fa24cb165eb3bfde976d070bfd615f41c78028,16
-8.02442265,-40.8027115,sink_cabinet,fpModel,497d4179f9a84aa6b80a99d14be1e606d3ffe2e5,16
-30.3964691,35.9382439,sink_cabinet,fpModel,4d4709a41a152773f55c745958f1af7670dc59b7,16
-8.03061485,-40.3838501,sink_cabinet,fpModel,56dc6fc7669736b5fd6a85d1b14a01d029beff59,16
14.9943619,-15.2766705,sink_cabinet,fpModel,5d35a548860afd3162719b65fce1d139e25879a2,16
-6.38370275,-33.2072868,sink_cabinet,fpModel,6219ef05f4a7b56419749e45a45143df8af44495,16
13.8382711,-14.8974829,sink_cabinet,fpModel,6a5c779b2deee1af83e7d2f85605fe0a1d39f665,16
-0.52646035,-38.2460175,sink_cabinet,fpModel,70da418e165e78eb5933d808fe6a2092162058ea,16
-37.9987946,-5.8040204,sink_cabinet,fpModel,829bf87b541238bb7579a05d18d4f7f1d1f98af1,16
-8.94004154,-39.0397377,sink_cabinet,fpModel,9184b61f915b5f985b67251ebbf0a155e87bd48c,16
13.3360519,-14.8137255,sink_cabinet,fpModel,993d78f3ab7c7cc8de5f2491d5d04d6720535749,16
15.6692371,-17.1301403,sink_cabinet,fpModel,9b64cef587a9b4069ee8e6504715e3ce1a9b1d67,16
14.4014702,-15.3403578,sink_cabinet,fpModel,a42fa5c6860d9d8e43df42fda817479ab0b31951,16
-23.2593746,-12.0094681,sink_cabinet,fpModel,b672c86af96ff069503760f15485f4f6f7174eb2,16
-30.7904911,24.5893517,sink_cabinet,fpModel,d2d44412052fb3c3548694ef5ddbc1433704ceb4,16
13.7180853,-14.8714628,sink_cabinet,fpModel,d34aca2483aff11d473b2d8f23a3e6a9fbc1ddf9,16
15.1877394,-17.1656513,sink_cabinet,fpModel,e9c94b4ebe33b33bd4dcb8877169c1333542ca89,16
15.1770773,-15.3500261,sink_cabinet,fpModel,eb6a73a8cbd7df887187a2b9fad7fae1e5753d93,16
13.7882166,-14.9080734,sink_cabinet,fpModel,edd29c09710bf64c66065b6d884f573bc48682f5,16
-27.6019421,-27.1006546,sink_cabinet,fpModel,f1de6498f43789e1c27150b3ae1f9b5bfc051775,16
34.5893898,15.6078587,skateboard,partnext,2d55919c08174a0baac27fb85d65606e,16
34.6427574,15.6055069,skateboard,partnext,801dfed0f3b04d619fa8cfdad756aeff,16
34.5952301,15.6156502,skateboard,partnext,a8654f95c4204dd48ce606b8d612c7fb,16
34.5745201,15.6006908,skateboard,partnext,ef9a705d9fb644d5aecee2563e7f91b5,16
34.6008072,15.6057138,skateboard,partnext,f2f238695efe43efbb3ce06b0d616dd5,16
58.6324692,3.5953083,soap_dispenser,fpModel,59c5d91b9af0574bae73b744130a4a45149828e8,16
44.0461731,-2.79176855,soap_dispenser,fpModel,d9eaaf3aafe844aa8494db180d22a53ad2a01f8a,16
59.5435944,4.58268452,soap_dispenser,objaverse,b8eb2bb31045479686793a8509ddd550,16
58.5141411,4.46499538,soap_dispenser,objaverse_xl,5ac587ad33cbf2ac44aff21e9f94c2d632dbaa0425472a3c02caab8b1bf00937,16
60.1371078,2.42622089,soap_dispenser,objaverse_xl,79ad2d3b72b5ae564fd79e5146e325e7301e4b910f4010cd5513c950b5f24564,16
59.1771774,4.83410597,soap_dispenser,objaverse_xl,d57c003528e46b98a94e0a86f717d4aaa50da1553d6e0ad1087755359b821070,16
63.0678177,7.82407284,soap_dispenser,texverse,2be81dcbd5824aa6a5c6f596ca7c9a63_1024,16
62.8876457,7.6683054,soap_dispenser,texverse,544df22f823244fcb64fbbb4436a1d51_1024,16
62.7006989,3.02479935,soap_dispenser,texverse,5731e60ae48840e8a6c171ba655eec22_1024,16
63.2990341,4.37153244,soap_dispenser,texverse,9b26941e364f451b9ebc2c6c513f0157_1024,16
65.5773087,8.71398735,soap_dispenser,texverse,9d01054b70264c06af443fd60de27cd5_1024,16
61.9933205,8.14320087,soap_dispenser,texverse,f17aa50bab9742c88f955fe886e8d9f4_1024,16
18.5470829,-2.78489518,spray_bottle,3dw,591bdc81c267624bc21c5d9d91c5c9b5,16
59.5053558,3.76018095,spray_bottle,objaverse,1611833f3eaa41bbba2b6944269429ab,16
64.3661957,3.03401971,spray_bottle,objaverse_xl,4048bcd328d6964a02b928070f0678d46b8227134723a9146a4a609d40f80577,16
60.3619537,2.63630152,spray_bottle,objaverse_xl,492f7cd8c7cf5f27e18d1556d1433d6b717e1f62b32558fb76d816caf1bdb570,16
58.9100952,-0.124800079,spray_bottle,objaverse_xl,5c11038e07a6f603628f0be1a3f9efc64683fdb6fc4a1170cc1fd356fcf03d2c,16
61.088356,2.72852373,spray_bottle,objaverse_xl,722793ffc233d1b9e5fb58e10c47a27313a62d050f639a837723e607ce1641ed,16
61.1932144,3.51383162,spray_bottle,objaverse_xl,864731f3ba0cae16000f1b4a62bbc2a705b24dd91aeab9631f731e173fec3b80,16
61.1282768,1.83657265,spray_bottle,objaverse_xl,ef1740a1ceedbb8e0e87c8d48787d965543a64e70c3f26299132582141909253,16
9.90010929,20.2715511,standing_mirror,3dfModel,0461b04b-4750-4935-b6ea-e4a32f1cf01c,16
11.637599,17.2058296,standing_mirror,3dfModel,4115684f-7caf-4aef-9877-5546556045ed,16
12.6874666,17.5104198,standing_mirror,3dfModel,635590bf-1438-4294-81fe-ea1f9f0f4888,16
9.20838642,19.6987076,standing_mirror,3dfModel,7eeff33c-7f92-4733-bc85-161f71da0675,16
15.1335917,21.3343868,standing_mirror,3dfModel,d3b32d5a-5058-4fd9-ab62-896ed40f1461,16
24.7673645,22.0931416,standing_mirror,3dfModel,ea4f887d-97a4-4523-af2e-581e114747f5,16
13.1533432,20.3261185,standing_mirror,3dw,4fe518e6ecc7b6944733824eae5cd9ae,16
7.95150375,26.8442936,standing_mirror,3dw,80bb390ff723cfcb4c7384dbb75cab0d,16
12.9504986,21.5174274,standing_mirror,3dw,abf42651bcde036dd79b19c7c4f0e293,16
22.0077019,2.70203185,standing_mirror,3dw,c60b233a3f968254dffd9a568a626d77,16
13.094017,21.5140152,standing_mirror,3dw,dfa0358c3ef297cc98d5fc0473d00a1c,16
11.2863436,19.5740852,standing_mirror,fpModel,0ed0c762ec81d3af3069af781aa04abdfca7b914,16
9.41039753,18.5815563,standing_mirror,fpModel,1fa0bbe96047aa9c2d923254bf638613dfaa5540,16
11.211154,19.5891876,standing_mirror,fpModel,222364e8fb6c086b9b08c15bcd8bbfa561665e9f,16
10.7437916,17.9895229,standing_mirror,fpModel,46718a0ccdb3b49c1586550961d8869f7975492f,16
15.5007772,17.1801453,standing_mirror,fpModel,4f2cd6a16d00a4499398dd347c535984a61afe99,16
12.4735117,17.3427811,standing_mirror,fpModel,62f5c8f7ca165121fdf43d1de976052d537ae78b,16
11.0609484,16.747961,standing_mirror,fpModel,78eb0851a42ad1e7c674eba790810964378c68bc,16
11.684432,17.9230709,standing_mirror,fpModel,8cc4c52e3a2f013cddc4a620f41a7cef0f0cea84,16
12.5954409,17.3302879,standing_mirror,fpModel,95b8150d24f5b594a700fa80fa7ced0c21dadc51,16
13.2789564,19.7160378,standing_mirror,fpModel,c9c976bb79564ee9ff40f05649d7140c000927f0,16
12.9836664,18.2457428,standing_mirror,fpModel,d575a3572a1e16cb6d618b314d5479638dbbb8aa,16
11.2801456,17.5285683,standing_mirror,fpModel,d8a65a864e42dd091cc08f25992f51a11533fd6c,16
10.0779591,20.2417488,standing_mirror,fpModel,e5b72fc46cfc8c4544cc2b8344d9253051818dd7,16
12.8967695,17.6841488,standing_mirror,fpModel,f4595ae56f30a01b1761fe82d4702eaf197a159a,16
28.2581844,6.44035673,stapler,3dw,3ea85c1c8977484c8def06fff01a9692,16
28.9876842,6.63807297,stapler,3dw,ce166c3e9b531363b4c1cf08f6822c7e,16
29.8186474,8.37381268,stapler,3dw,fa61da31d03e8f52391ce5f4018991ce,16
29.5140915,7.71370029,stapler,wss,1874f7fc154c7c35c66e88e7ffc39f1a,16
35.3729019,5.30888653,stapler,wss,58a427e5201aa43be00ace8e7c1a5eeb,16
25.9833183,-7.23993826,stapler,wss,a5cafa3a913187dd8f9dd7647048a0c,16
29.8287334,8.92440987,stapler,wss,bb5cbbd9bbfdeb1e3da4864947d731aa,16
-51.6995659,-0.989390135,storage_bench,3dw,12725f43fbb166719b9862e1dccf0733,16
-18.6959915,-7.60678673,storage_bench,3dw,3816cebe24d668b16632ccdc60905aea,16
-5.42790031,-33.2233772,storage_bench,3dw,4f27bae834780e63661c1907a76e0a8,16
15.3132868,-12.4417877,storage_bench,3dw,54b189e58df994137a3bc7b2417286c9,16
-9.42364788,-40.0168343,storage_bench,3dw,5d83f4a555f826dac48d90eef8384210,16
-47.2332306,1.36034131,storage_bench,3dw,769f607f748898c737ac8d648045f9c5,16
-51.7361183,-0.778089583,storage_bench,3dw,78f36e7c5186dcc9797b1c67d57d4713,16
-33.1053467,42.2502861,storage_bench,3dw,bd1d30ec53ef18bfa570c6c691c987a8,16
-40.1520767,17.2431297,storage_bench,3dw,f59162cdf8d94bbe8430b7446f9e1252,16
22.3968277,-18.2062874,storage_bench,fpModel,0191de75f5a06878ffa4251bb8f1dc7be8ec0384,16
-48.7186241,-1.81687605,storage_bench,fpModel,0ba2ffcba10f0e803712cb84f583c060efd8daf7,16
-21.8576126,14.1412029,storage_bench,fpModel,1545dff46c628df670d35950119834dbb0d7cdf3,16
27.1359081,-13.3367577,storage_bench,fpModel,3cc5cebee40bf8d2bfe4042b1f693e4eeccc54a8,16
-45.7556305,2.19147158,storage_bench,fpModel,66b84f2b11792f135e4f0bc746caf3a6feb4ed27,16
-24.5754967,-39.6408501,storage_bench,fpModel,6ef98b7750ff80c5225b0f7c733f23d196998038,16
-5.24765921,-11.6714745,storage_bench,fpModel,8b5ae9acc15bc4d159f983229078ba432c2159f4,16
-26.6135521,11.6655836,storage_bench,fpModel,94f8cc0fc0894bf830f343f98419e5fa2b6fc25d,16
26.9688206,-13.6499691,storage_bench,fpModel,973fedfacd435e90909e96d0877b1013a0a02710,16
-24.7390385,-10.3507071,storage_bench,fpModel,9caeb820d7c3db1172a820e63dbd3896b4913099,16
-24.6848011,-10.4687672,storage_bench,fpModel,a5faa788a66067bdb536364b705735ba7c5547af,16
-19.2910671,-8.51803684,storage_bench,fpModel,b3d4752bce3f27d455d3744e87d3df6b192bbba0,16
-12.5490227,-15.9110088,storage_bench,fpModel,d3a926adf018e827f70d37a5d2997c825d9bb5cf,16
-5.50849485,-11.7695894,storage_bench,fpModel,d5ba22e5c7328d0791fffe08a5db43203a490ebd,16
2.31544304,15.858407,storage_bench,fpModel,dcd2233f52efa5c8186ca4a748b17a28256ac703,16
28.055975,-14.040657,storage_bench,fpModel,fe7989e989af5efa49a9217c4d35c6b8752f4337,16
-27.4449005,23.5004272,storage_bench,fpModel,xxxx9980f374x4ef9x49c2xb14fx1fd1554b3bd1,16
-32.0140648,0.169686049,storage_bench,objaverse,503f23c30e6d4f7a8dc915420cc5f630,16
-2.98633242,-18.7371559,storage_bench,objaverse,769391d27a47453ca2118a361824a82d,16
-41.9566498,9.60609627,storage_bench,objaverse_xl,069b24a9284acc9c7f49a84f40ed095a42a72365e7dc5d227465287bef2e8557,16
-4.60596514,-16.6994133,storage_bench,objaverse_xl,95527760dc689569a042dc016e82cb7874905339f2d937abafea9a2f9a484439,16
-34.1343536,10.6724901,storage_bench,texverse,23452c8ccd0c426cb1b0b8593d35d3b6_1024,16
-34.1888008,10.6588707,storage_bench,texverse,3945cad7e7a74e798092ccbb536dcb6d_1024,16
-12.4045801,-17.2290401,storage_bench,texverse,7f199ac5e2334cd3bc944a06cd2e172d_1024,16
-34.0945778,10.6662998,storage_bench,texverse,abee7cf2d44144b491f0dc277aacaf0e_1024,16
-12.3380108,-17.1113396,storage_bench,texverse,b62c572ed2514fa0859595df2c4a172a_1024,16
-12.2936325,-17.0588741,storage_bench,texverse,bf3dfc05ee1e49dbb933cf00e55ccf89_1024,16
-19.9050293,-7.98420525,storage_bench,texverse,c001f32e063b4af382b4ed0f58a1937f_1024,16
-34.340641,10.6915617,storage_bench,texverse,c794e2a66ddf445d882a10cdd7d990e4_1024,16
-16.4356155,-9.80808258,storage_box,fpModel,40cb227e26c9274895a33bea0fe7ed2aa4414711,16
-24.0940723,24.6676178,storage_box,fpModel,7f8a0cd7af3f9752389a3615b62da6d803ef7d67,16
-14.6703939,11.7452059,storage_chest,3dw,331568becc7596285257428a7d0621fc,16
-29.2672844,3.00940156,storage_chest,3dw,44c51d3aa574d74ce5243deefb5f99eb,16
-6.13680124,-41.0561256,storage_chest,3dw,7c7e532b102618b8faeff8fe66375a92,16
-44.0970497,23.9682007,storage_chest,3dw,8a3995e713324261a09112055ca4f224,16
-42.2190933,21.6531887,storage_chest,3dw,906741cfe670bf93fe700e5acd5281c0,16
-29.8712578,1.1276027,storage_chest,objaverse,1d26bb676f044b6f81488ff7b43fd408,16
-29.3272285,1.83473146,storage_chest,texverse,1a0d7fde846e411d8497b1819e982301_1024,16
-29.691658,1.32975376,storage_chest,texverse,d87cb2b5fa484c71b53d7fb1085afce0_1024,16
-30.4752846,0.304400921,storage_chest,texverse,f769fe9dcf3744ccbed289115ed7b9d3_1024,16
-30.1390381,0.730813146,storage_chest,texverse,fa807eea4f154481bf729483eb545d8f_1024,16
1.23131537,10.7486172,stroller,objaverse,2d5a44bcd0f64721a1aee3f1ab4f278f,16
1.31530046,10.7408934,stroller,objaverse,5509c07994af4699b318b90d7b4e5f49,16
28.840786,-36.6562195,suitcase,3dfModel,4377695f-3c78-481f-abce-3d769fba0505,16
35.8567772,10.2265882,suitcase,3dfModel,4fa2d85e-7cbf-4a3f-a642-043d3f037921,16
35.5945549,10.6652393,suitcase,3dfModel,8fd7e9dd-458d-4c34-8ee4-69db7ae7d7f4,16
-0.0968299508,-30.8949432,suitcase,3dw,dd8c4fc3-fc42-4a73-9edc-8d870ab712f5,16
-9.77051449,-27.1524429,suitcase,fpModel,5ef09f29b1735417f0cc07d8ec573a6102e583cf,16
17.2680206,2.39965796,switch,3dw,108289cda3d77a067ce2739c15b933e3,16
25.9031124,-3.12857795,switch,3dw,1d58aa58bd4985f18b121da17f244db2,16
43.5518913,-20.2141895,switch,3dw,1d5a9065d5b5a2dbd3dad974dc098fa1,16
5.24113083,-44.1089478,switch,3dw,21cc8f0141ab8b5815857104a260dcac,16
17.2838573,0.324792176,switch,3dw,3cc2145775caf47cefaf604fa2300241,16
-1.59354973,22.9961205,switch,3dw,4ce9e02c918747b9f5df79ceaa5e01de,16
4.42529297,-43.7800751,switch,3dw,4dedf6908bbbb986b249ce9318fa571,16
17.4517136,0.584489048,switch,3dw,577b2611f97ec03f985620cba44cf716,16
16.8367138,2.14999318,switch,3dw,58856a96544f3ea85230ba3c88b645e3,16
17.748888,0.437691569,switch,3dw,5bb6acf770b377b87bf4c1fd8798f6b5,16
17.4832039,2.73666096,switch,3dw,5cf5b590b26b2230a26e3d8de97aed3f,16
29.6806087,5.52129555,switch,3dw,67dc7ae113a8251bdab3afa4aaf57a15,16
16.5012894,1.94950068,switch,3dw,6d180c4a3aad49f8b8388738701de3db,16
6.56160736,33.9322205,switch,3dw,6f23fdbf7c82c87fd724bc1c913f75d,16
28.1617413,0.123480044,switch,3dw,8d87e5d825562ad41dc5f68d8d7e8ab0,16
16.8026752,-1.18739593,switch,3dw,8f2abf5b18f50825c628e4002bcfced3,16
27.8577061,6.05285549,switch,3dw,9934b6b834469339b821dc7106eeeca5,16
27.3769188,-3.31520414,switch,3dw,9a2f05d7ec317cfc2063f99c33f5c49e,16
6.65533257,34.0840263,switch,3dw,a263fd661314485dc9577b3af4e92414,16
34.0997734,0.890523016,switch,3dw,a2c059db150a9b159a6e43b878d5b335,16
12.6098795,22.6561546,switch,3dw,a34d66a99817b368978efdfd2ccd8bdb,16
17.2372227,2.59651923,switch,3dw,a447b2e4b3140b3253c2e868361dae5f,16
25.5362778,-2.98675275,switch,3dw,ad556a0df14aad7fa46d925749dac18d,16
23.2278004,-24.1833572,switch,3dw,ba542f7e9bc0ddf638fd0c717440517a,16
12.6046143,22.6865234,switch,3dw,bf2ddfb5e29c9cc2978efdfd2ccd8bdb,16
24.570612,-14.1875782,switch,3dw,c1c44f9e0a20fa4aeba36c406fb6df1a,16
-22.4924068,22.7976532,switch,3dw,c555373c1f08c57586f6eb6e4538a214,16
5.65312052,-2.23181319,switch,3dw,d22d6f45bbbe0984af5bcd114f094692,16
22.2034779,4.53283596,switch,3dw,eb3e9c50e764d75bf54e1b6f41fdd78a,16
4.81621265,-43.875248,switch,3dw,ef2d73a3e4478f2f129f8293f7a4e2e7,16
15.6472549,2.43931341,switch,3dw,f3d7fef240ca329125975e984b0e050b,16
14.8382559,-24.3554649,switch,3dw,f913f3808ca9ebaa25f7c1d1bb7d2357,16
33.6391754,0.280776858,switch,3dw,fc0fc6c1ff362370125800ccf4d6625e,16
16.5215683,2.13596368,switch,3dw,fedca2936aaf1fe9f1d1e8e56e90b53b,16
16.6663589,3.62219548,switch,3dw,ucfe9e936-2179-4bac-9a7d-26b590a6a4ee,16
17.5408688,12.9870281,switch,fpModel,10fe98d6dff038606af0875ee5b18f90f5aa9d04,16
26.6153526,8.45262623,switch,fpModel,33b3cf8ec87adf9fae567fdf0d6c88df3e0b88d1,16
4.80358696,8.71967697,swivel_chair,3dfModel,0e13d9b7-7f11-3b4c-b59e-00b3de772847,16
5.36466265,9.24632549,swivel_chair,3dfModel,1555ff47-5b66-4808-af99-232f3dad61c7,16
4.66453552,7.16894913,swivel_chair,fpModel,09a82cbac5a2f83d40bfcab2f69db7f1d22b3466,16
5.41157103,9.49647427,swivel_chair,fpModel,0b2e5dda4ef3386ec6b001496b952db45e614c0d,16
4.92130804,8.52842522,swivel_chair,fpModel,43f2c3e0b0c3ea2158d95b19620acbed1ea9a3a9,16
6.99567556,6.67406225,swivel_chair,fpModel,a5f9a4e0b89f85a3f8e117c3662541608f938b38,16
4.7874341,8.77535725,swivel_chair,fpModel,d743452f4095e000452c64ba89f0b3fd0c9fbbaa,16
25.4295578,33.1252975,table_lamp,3dw,173cb1d579c4a6a23e57e49d8269b367,16
24.3849468,32.8674278,table_lamp,3dw,5596c3615bdbbbdacdce89632859463,16
42.6284981,27.7373486,table_lamp,3dw,938f64c1c237ef5da9bdc22a1e02e82,16
25.3719082,31.2420101,table_lamp,3dw,93d23b0a0cc7be732d2df855023462eb,16
25.81497,33.3497429,table_lamp,3dw,b232e518b4390ad169b53a6b85de874c,16
40.8409805,29.0668697,table_lamp,3dw,b742a715b9401df1b1cdc74a397cc60,16
21.8179016,30.1613636,table_lamp,fpModel,09767180ab818e62ceb205ee02ecee112dceeb5b,16
21.1167126,29.0432091,table_lamp,fpModel,44336e9a5c62e9302dc74f91f15d3bb68d8bd42c,16
21.2334328,30.2405682,table_lamp,fpModel,52faa6f3c0cb359484f1a540494d2c4fb8b8b805,16
23.5305805,33.2444763,table_lamp,fpModel,538f11be1a17f9f645ca8e83fd5555baa3abdf66,16
21.3627377,34.5315933,table_lamp,fpModel,553acf8611f4b5a3e378e913816641d4a2b7ecbd,16
23.3399601,33.635067,table_lamp,fpModel,63bc13a96205b3ab7bfb0840ffedb3e6115c8df6,16
25.8279419,33.819519,table_lamp,fpModel,99714c9a305551cf4493ab7087c60fd6e7cba4ea,16
22.2960281,31.4833183,table_lamp,fpModel,9d84c5ecd745ca16ad1dc509b643d6309924bda8,16
21.5404835,28.4864559,table_lamp,fpModel,a980ba02a55b4f8bd67d9e1c6dc2231679bc82c9,16
21.4315319,23.9953232,table_lamp,fpModel,f31dab1a7497cf3cdac6084a566aade5836423ba,16
21.8857594,35.385479,table_lamp,objaverse,12d8121145094f2e813ec134d789eedd,16
28.7323647,32.9840088,table_lamp,objaverse,5697e9cccdca4aa791000a3e2dffe784,16
19.7534428,30.9221191,table_lamp,objaverse,7377ec591df04445a1aae370017aaa13,16
21.1938496,30.7626476,table_lamp,objaverse,73d3bea77f3e48e7b82f0fd30545fe17,16
19.1512985,30.0110531,table_lamp,objaverse,7937f43ef6d34f12ad96463ea1db594c,16
25.7943573,34.13797,table_lamp,objaverse,a42d9551cead4f1a88ea65ac740721ac,16
27.9145432,34.1269341,table_lamp,objaverse,c6fd5942368a4f2bb142c9d99ff8ab3e,16
22.4578896,30.5768147,table_lamp,objaverse_xl,084b80dc0949114c9e105b7a9bc0a8def93ef864021471d14f7eec00237c3ade,16
20.5812607,30.2177696,table_lamp,objaverse_xl,35504d1fea109e4a2bd4cac20751e450939033e8a12820e34dc58290b0cd5fc9,16
21.8075123,29.6555939,table_lamp,objaverse_xl,3dd646c3e11a3ade980287705212989862ba8d66a4e731737746b812c14980d2,16
21.8416348,28.2823296,table_lamp,objaverse_xl,56ce10df71b12c83075273a5ecf5431b68843f1c5fb93236bf65a792d4830cf0,16
20.6360664,29.63904,table_lamp,objaverse_xl,66c37f94dca7af273718ff23a8d744f2a388534c1edea8ee9868524d56078a61,16
21.5650826,31.1885777,table_lamp,objaverse_xl,739b44c61c5db652670ec03fa2a85717764497edacf3f018d1879940aecc42fd,16
20.6388931,31.9724197,table_lamp,objaverse_xl,7edea5ca42f2dd988e0bb3c03a658fae7678177f06c69bad0583964eb6d7c187,16
19.6544704,30.7857819,table_lamp,objaverse_xl,ad519ae500f24bf17749e96e50fb995d800671833cd420566ec9141d626b10a6,16
25.8712692,34.4893074,table_lamp,objaverse_xl,b6401cb21cd31cf6da1662bc1e9a04ab9aad5e7f244b94f9aec99a47b06f0366,16
20.8480453,29.6297569,table_lamp,objaverse_xl,bce56c1e43d01d72c045d9caa590952ccc7a00acd17edab693d1b436e9b0dd13,16
21.8666077,30.826992,table_lamp,objaverse_xl,d4e28913c4ade8bfdf1b3d3472baafe18f806412eb98ff4ba56bd7a54077971b,16
22.3788204,28.4051456,table_lamp,objaverse_xl,ef3f770caa94e153a2dbdd4cc978186b7da3cf2828942d7f13ce4ff0148e4d08,16
19.7244892,32.119957,table_lamp,texverse,042f35783bd44f489396dfde71ee067c_1024,16
19.9974728,31.0045891,table_lamp,texverse,6200a392c7c14755ade38228aec7e01b_1024,16
26.1644611,32.9971771,table_lamp,wss,17b083510f14982b7eaeab1f0c9120b7,16
26.2854652,32.719223,table_lamp,wss,20ae63b10b3407b57eaeab1f0c9120b7,16
42.241703,28.9363136,table_lamp,wss,375c6cce56f3967ed323d15bd4f8b2d,16
27.0614109,30.5850449,table_lamp,wss,3c5db21345130f0290f1eb8f29abcea8,16
26.5053368,33.309124,table_lamp,wss,cf50c3fafc7b94e87eaeab1f0c9120b7,16
-3.04088998,2.00172615,tabletop_clock,3dw,184436dee49f36ff71a8204535061389,16
10.1812019,-25.6689606,tabletop_clock,3dw,5232b8eb845971a08d916bd833e92ece,16
20.89711,23.0662022,tabletop_clock,3dw,5f74b6b0bea3b292469d10b8ac646ae9,16
-36.1591377,25.5396652,tabletop_clock,3dw,9c504e9b2c9cc09644fd0745b0dd3344,16
24.0247192,-44.2637825,tabletop_clock,3dw,c847dd7592c867e46a10eb60523df1e9,16
-28.826746,0.406402707,tabletop_clock,3dw,ed34c26b1ab3804c48d22c298c611495,16
32.7384338,0.647595286,tabletop_clock,3dw,f6a00d43294b94fd9981610ad0ab5522,16
-4.91322613,15.4920597,tabletop_clock,3dw,u06815d21-8c6b-47d2-9e75-7abc57dcc55b,16
38.1211662,7.56874943,tabletop_clock,fpModel,21319f090727d9b7ec25222d2e2faa9582fea076_part_11,16
23.1195393,20.863081,tabletop_clock,fpModel,2667ff4f698140233c3a3ab06686f2bc973d842b,16
36.9641037,6.30824947,tabletop_clock,fpModel,2b2f31fee32cb0d073d69fb9bfe373684bbdd465,16
38.1209221,7.56840944,tabletop_clock,fpModel,2dc78f6467719dc4ae5392ede5f7e3635a2924f0_part_7,16
30.9452305,17.2873154,tabletop_clock,fpModel,6c1af528c8424b3c09a8284f27f4dfd96c4a8a56,16
14.3994665,20.6788731,tabletop_clock,fpModel,988c8f3bedac15261ab3007ec6ffacb65573aa5a,16
21.7043056,9.35225677,tabletop_clock,fpModel,a50665eb9bf6c57860330bc8f492760001163607,16
38.1203003,7.56943798,tabletop_clock,fpModel,c038b4f74c5841247cc2f3b196a55789e5055ccb_part_19,16
28.3125401,15.5897398,tabletop_clock,fpModel,c4d2556b341f612e226156792dff2eb13d752ca0,16
31.0084057,17.2734089,tabletop_clock,fpModel,c4ea785cbf5c58bd600131838c3cedb2fec57761,16
25.8083515,24.0193424,tabletop_clock,fpModel,d1a70d769420b582d349243fabf32b18844ebf0e,16
21.7460842,9.27828503,tabletop_clock,fpModel,da06e4266205dbcaaa469ae0b03e6cc49222a256,16
25.1892262,17.6302299,tabletop_clock,fpModel,dddd1984dc7d6d3214e3a00c4d16953ee4ef1338,16
29.9451561,5.12700605,tabletop_clock,fpModel,e651abc9be26e612f3e974fc4a21ed88b0666a42,16
21.728159,9.29641342,tabletop_clock,fpModel,f03a9160a43f06d49d579eb58f6ed63740afa2e4,16
-5.74232626,16.2716846,tabletop_clock,fpModel,ffef466940c5dbf1af90815ce2f506f68ecd25d1,16
38.8359871,-23.1954041,tabletop_clock,wss,1d693a6c9c67857f86d9ac00cacf663a,16
-13.4496746,19.2012005,tabletop_clock,wss,4e979d296586eeb880aaaa0b0a5c59dc,16
7.16123104,21.4290733,telescoping_ladder,3dw,674497ca0864fd9725ca190f5c84416f,16
7.18830204,21.4001331,telescoping_ladder,objaverse,661640e69756489497639560ca0393b0,16
7.74442959,20.8279762,telescoping_ladder,objaverse,c2d8bcbaddd548eda03feadaea6e9d3e,16
-8.36036587,-33.6260643,toaster,3dw,3d7e8cdd81a7368f467ca2ad6571afff,16
30.2362461,4.6686306,toaster,3dw,64ebfc4958062296a5fa96e3ff3c87b0,16
35.4534988,10.8610926,toaster,fpModel,490b6bd4057fd4405479ff57ebcdb4ebcaa27d49,16
37.1482468,5.19254446,toaster,objaverse,37e9755326084ef294581d17acdeb4c4,16
9.58281898,-39.1833191,toaster,objaverse,9662f5cc6cf6456292613d8c5075fcfb,16
10.2215309,-39.4951668,toaster,objaverse,bc62dbead31f4a3293f4e17df6f342f7,16
37.0681419,5.16498995,toaster,objaverse_xl,43faf0fd4338f62b7245aa11cbc42d0179b062491c27574314b0b020b89cdcaa,16
23.2289658,-24.168539,toaster,objaverse_xl,ce4b5e1b2bd93f50248bac5cc04e7a3f480c2e8a7fb06c5a31614d0fd8bd3970,16
8.7731638,-38.4188957,toaster,texverse,111272ba69aa47d78da18a259d78da1b_1024,16
8.67763615,-38.3843346,toaster,texverse,1a19f19a9e074d7da574551d54051789_1024,16
9.04728317,-38.992485,toaster,texverse,68a31a8eb07d4b84aeb3b13484d4c9e8_1024,16
9.46632099,-38.6796417,toaster,texverse,f3b321d7d3a24f92827dd6a0c2ed267f_1024,16
32.6350899,-0.95031786,toilet,3dw,31087344771e1a148356c7b0827e2e54,16
31.9957447,-1.29581642,toilet,3dw,33ae65cd1f2e40fa17aab5238858f08e,16
31.2385063,-1.2006526,toilet,3dw,69c6f4956898ed853d1186ce59aba25a,16
31.9376316,-1.14343488,toilet,3dw,ee10e7b9ac209cd98356c7b0827e2e54,16
32.166153,-0.853886068,toilet,objaverse,66e1858569154704bd9f218308526aba,16
32.3622017,-0.616520286,toilet,objaverse,b30b33ab24484b249deb41c54aebb56a,16
31.4313736,-2.75425959,toilet,objaverse,c01834a98ec34a4085911f0a44a76910,16
31.5820255,-1.9828943,toilet,objaverse,d8fd1398b914467d8ff48b2839c2cc6c,16
34.0032997,-1.818735,toilet,objaverse_xl,176e3151f8052b31f804134df7c8fbbc27e72a45e785eb6a10d256fd0b0aa230,16
33.1191711,-2.55393457,toilet,objaverse_xl,233f3af40b07050d610fd80e4c06736338a0da67683672eeea53a424c91869de,16
34.2642593,-1.25533962,toilet,objaverse_xl,6523561f3dfc9990ceba157225d470dd9597a2477ca5e139d89e3dbb85d95a18,16
33.0373878,-2.72353911,toilet,objaverse_xl,77bc1a341fc47c81f6263d5455a995e85451dfbcc437730a3d12249d4927bae3,16
34.3218689,-1.20193815,toilet,objaverse_xl,83dcd6d9c42774aa7836f3f0fc0cc9ef8f1584eaf75d850ea1a00b4f558cd396,16
33.3305969,-1.53896677,toilet,objaverse_xl,b96b926994061607eee6077e0b45871203a9a83cecc18b7e09603d751254682c,16
32.7096672,-1.88681519,toilet,objaverse_xl,bd04380c361eb3eaf86b8dd491352afdea0fc426590240315240958c3bea9981,16
32.3083916,-1.87303925,toilet,objaverse_xl,d0c53be91b2240eed2ebfd827e15de5fdeee883f3c063fcec5b247a3aba84290,16
33.3499031,-2.16618419,toilet,objaverse_xl,d74fd128a993b75fa2b7ef4f8576003cfe1377624eff36a4d2c16ab6100334e7,16
33.8025055,-1.17791426,toilet,objaverse_xl,deb2d9259c1f8ede2129f7b54595ebb53910dfd15827a6c71c1ae24cf0fd7be7,16
33.9506035,-1.17338908,toilet,objaverse_xl,f4d48cd23d2429c5b7561e7d6c6f1214b63263e0559b0459ba29c51fad4d842c,16
32.6044579,-2.50485587,toilet,objaverse_xl,fe75c66b569485f0dfe5c94f62302fba9837699e1138f4d5ca4ee2d48868334a,16
33.2964363,-0.766150951,toilet,partnext,5331e942217b44e981b57e7db7dcd9f9,16
34.4534912,-1.07326663,toilet,partnext,61a7ef73099e4c7ba20e2ec6f62a74e3,16
51.834713,-4.95022869,toilet,partnext,66c0499d7d3d47c4be8f3ad9ca2f1e3d,16
16.8171806,-18.2236156,tool_box,3dw,4c557675305361baae7ee705d0c511c8,16
16.779995,-18.4892712,tool_box,3dw,6764cd44c7e17228601bea3dca268229,16
5.32493114,-44.01194,tool_box,3dw,8eac1b0723b693de403f5970c72db41b,16
13.3637218,-42.8565636,tool_box,3dw,a963a10683ba799ba59ff8378a27445f,16
13.3396053,-42.8579521,tool_box,3dw,b57ee0c2a53e53c0a59ff8378a27445f,16
13.2688522,-42.8618317,tool_box,3dw,c57bfaa8724170aba59ff8378a27445f,16
-24.1360569,17.2303638,tool_box,3dw,ca1c9d1c6cd0aa50807a60f6771a1dd2,16
42.1210136,-19.8790703,tool_cabinet,3dw,d33c7a9c19dec5d17eee615e75bc3b77,16
13.8879957,22.3386745,towel_ring,3dw,154dcb1f2322513ba27eb82f2ca1a947,16
35.0714874,47.5807152,towel_ring,3dw,240b8ad3e5ed3d9350da8b99982a3057,16
35.0694313,49.6953011,towel_ring,3dw,26183a1ff0f681bd50da8b99982a3057,16
34.1612625,45.357296,towel_ring,3dw,2afd267812e81c9350da8b99982a3057,16
36.2975807,48.4273224,towel_ring,3dw,2fa8ac2fcb13103250da8b99982a3057,16
32.6168709,49.8453522,towel_ring,3dw,30b721e1fcf9f98450da8b99982a3057,16
33.7599297,48.7776566,towel_ring,3dw,3687fbd9f1319a1a50da8b99982a3057,16
34.7104263,44.9979706,towel_ring,3dw,392d4753c991ef2850da8b99982a3057,16
32.9659767,49.9485664,towel_ring,3dw,3d522a9732d780e550da8b99982a3057,16
34.9242897,50.8701706,towel_ring,3dw,3db6a56cc5b016d63321831d2245cf06,16
33.4358673,49.1832047,towel_ring,3dw,3fde35830c20a71750da8b99982a3057,16
34.4266052,46.0274773,towel_ring,3dw,40c50ad3934b97123321831d2245cf06,16
35.3166275,49.3479767,towel_ring,3dw,4708ccf8c7b449c750da8b99982a3057,16
28.4705849,33.370636,towel_ring,3dw,48913a35b47d83108fc10ef0eaf91cf5,16
34.7509842,44.9738464,towel_ring,3dw,48f8387130feaeb750da8b99982a3057,16
33.3302689,48.7163048,towel_ring,3dw,51b47aa55601550f50da8b99982a3057,16
35.1831322,48.3205452,towel_ring,3dw,5624fd1beeff323050da8b99982a3057,16
34.2792015,45.1638908,towel_ring,3dw,5ded38a56e9ec25450da8b99982a3057,16
34.7171516,49.7490654,towel_ring,3dw,79406b2abd7fd81d50da8b99982a3057,16
34.4628792,50.0601006,towel_ring,3dw,7e9c9d414d7e6b0a50da8b99982a3057,16
33.6569328,46.050148,towel_ring,3dw,84f1e9ee6af8227850da8b99982a3057,16
33.9659119,48.1000519,towel_ring,3dw,8bc279542bfc7aea50da8b99982a3057,16
32.9676132,47.9929619,towel_ring,3dw,8e14c2a3762227aa50da8b99982a3057,16
33.6846542,46.9345665,towel_ring,3dw,92cf0038d86ac80750da8b99982a3057,16
15.1872969,23.4202061,towel_ring,3dw,a7cbc7c6e3b398af72a57e125498186,16
34.4048195,50.0987511,towel_ring,3dw,ad02246b3762acfe50da8b99982a3057,16
33.720211,45.9237862,towel_ring,3dw,b49f1bba75abccbf3321831d2245cf06,16
32.9629669,50.2432823,towel_ring,3dw,b4ea5ff2a4ae832350da8b99982a3057,16
33.6011963,48.8140945,towel_ring,3dw,b51f48d94db733750da8b99982a3057,16
33.7440796,49.7401466,towel_ring,3dw,ba208770b863cd4450da8b99982a3057,16
35.777317,46.7142067,towel_ring,3dw,bb501c4bef54e54d3321831d2245cf06,16
35.9781609,49.7712135,towel_ring,3dw,c8fda1674ce9d5e50da8b99982a3057,16
34.6729774,45.1136055,towel_ring,3dw,c9c39b528a7f0af050da8b99982a3057,16
33.0423164,48.8970108,towel_ring,3dw,ca8752111a2383d50da8b99982a3057,16
36.1662216,49.6684036,towel_ring,3dw,cb07f177ee40674650da8b99982a3057,16
35.5050049,49.9371796,towel_ring,3dw,d36440189614456850da8b99982a3057,16
35.4121094,50.9188194,towel_ring,3dw,e1d99ddcbb96791250da8b99982a3057,16
34.9990807,48.1024017,towel_ring,3dw,e75cca0ce4eab50c50da8b99982a3057,16
34.2514648,47.9460678,towel_ring,3dw,f25712612bde409050da8b99982a3057,16
33.3933945,49.9227066,towel_ring,3dw,faf88049369503cb50da8b99982a3057,16
33.4767952,49.9328079,towel_ring,3dw,fb19bacaeb867ece50da8b99982a3057,16
33.2077484,50.8306313,towel_ring,3dw,fc9530f2826ad37350da8b99982a3057,16
33.1082916,50.3063164,towel_ring,3dw,fce32db398d1781450da8b99982a3057,16
33.291317,51.5794945,towel_ring,3dw,fd5b76c3b451c18b625ac64d4da8b7e4,16
31.5691166,50.1335564,towel_ring,fpModel,42ba54225bc6cfcca8618a5dde7cbd5bb4a954da,16
33.572361,21.5293827,towel_ring,fpModel,9df21e4c08680b11af0501f324499f493365b61e,16
33.6040421,21.5868492,towel_ring,fpModel,ab3ddbf2938d1217677ce647de4f58c906d4993e_part_12,16
34.2256203,50.9054565,towel_ring,wss,1f8f11818515ad253321831d2245cf06,16
36.0324059,47.8511162,towel_ring,wss,2a5cbd3158d861c33321831d2245cf06,16
32.6245117,47.3716431,towel_ring,wss,563bf1920928b4b83321831d2245cf06,16
36.115696,47.4284935,towel_ring,wss,612502d1b88031d38223339ec998b50b,16
27.4878216,33.2695045,towel_ring,wss,6a8aaa5add70d68c3321831d2245cf06,16
34.4288559,51.3342705,towel_ring,wss,7da673f045d580003321831d2245cf06,16
33.9371223,50.9225311,towel_ring,wss,f31ee42fce03a85d3321831d2245cf06,16
-8.78915024,-6.20155191,tv_stand,3dfModel,067ffb4f-f8d2-4030-a51f-e93f3e6aebb6,16
-6.75746584,-14.6384125,tv_stand,3dfModel,0ce53f9c-0199-477e-9c85-bfaa0c53d0f9,16
-6.78012514,-16.8026791,tv_stand,3dfModel,24f95734-9101-3602-a3e2-3143123e9601,16
-9.75670815,-13.0320435,tv_stand,3dfModel,3b0f16c1-2e0f-4c52-ba9c-3c69c50e3ec4,16
-9.36742687,-7.56586552,tv_stand,3dfModel,4715ca99-094f-4b4b-b99a-8c7202e53eba,16
-3.70753741,-10.7462139,tv_stand,3dfModel,6f2d5042-57cf-4114-a847-0139b8503816,16
-5.04012823,-14.8366594,tv_stand,3dfModel,7d7b40e7-740f-4b1e-904c-fb62fe18d0d8,16
-5.42830992,-15.5871964,tv_stand,3dfModel,8694bb01-1c9d-4485-929f-8c272371c5cf,16
-39.852993,11.6056662,tv_stand,3dfModel,93488703-4eb8-4c88-bfd0-ae3c1be9516f,16
-5.96759129,-8.2052536,tv_stand,3dfModel,d607185d-ff97-479f-ae0b-587c46fc0f7c,16
-39.4939079,5.41768646,tv_stand,3dw,1556bd96b4641e418313081482bf7cb,16
-25.9437885,16.8182659,tv_stand,3dw,29922772cd50e5cf67c142b1a79983d6,16
-22.7418861,13.9484129,tv_stand,3dw,30b42a3beae0335189114e4bbf2b319e,16
4.54481077,-16.223217,tv_stand,3dw,3aa2a97c42f6f55de074517a246f1e65,16
11.3928614,-27.4614735,tv_stand,3dw,5a56cf6d82fb8a2b18aa89d22ea3e7a3,16
-21.7264614,18.1345329,tv_stand,3dw,5aa83386d2624e169f79c7f165b75cb7,16
-25.4209156,16.1881981,tv_stand,3dw,5dd9b9ee9a0891c4b946148cb007475c,16
-3.16371417,6.19486094,tv_stand,3dw,612404bd6c020d0d5c08f0c0017d5557,16
20.8649597,-41.5710335,tv_stand,3dw,691cd514d64525b915e11f7780914108,16
-41.7045631,12.8227062,tv_stand,3dw,717bcf298f1f97623ca777729de0dbae,16
0.603074372,-6.5825696,tv_stand,3dw,7190b4ae788b076c13126a55806465cd,16
-4.27410889,-9.39219284,tv_stand,3dw,739bb8ebe44c50249bb7016c8f367e7b,16
-18.7430782,16.9993744,tv_stand,3dw,7eeb753f0896a46f9f79c7f165b75cb7,16
-47.7393112,21.0730553,tv_stand,3dw,842f5bf0cf02ea848f752640bf97da00,16
-21.5528183,-10.1552439,tv_stand,3dw,88d941a4831e1f3a5a3075d93a0a3a93,16
-25.8651028,21.465416,tv_stand,3dw,9a77578f09c411b32ebeb1e6a8111f53,16
-2.70736909,-1.63613546,tv_stand,3dw,9fb298ad3c48b47c70df41308529b905,16
-21.4015427,16.5241604,tv_stand,3dw,bbd79c0df598c3d7659dda512294c744,16
-16.4696598,-6.87919378,tv_stand,3dw,be1d0c806f02be31b4928b26c3aa6183,16
-19.7039146,-18.4725418,tv_stand,3dw,c32766e87bd69ec24719088c8e42c6ab,16
-31.7334633,32.0903358,tv_stand,3dw,e336fa4041db450fdf44d20a516c07b3,16
1.08371186,-5.58425045,tv_stand,3dw,f424c56fa5361612b1058bd634f67e11,16
-25.300169,19.1717262,tv_stand,3dw,f9e547ab0b9551867273331b27bd20e9,16
-24.7283401,-5.97972965,tv_stand,fpModel,08931f704e2f2f9aae4d02134dc2f6894631688c,16
-43.0325928,0.637769759,tv_stand,fpModel,185df6a6978441ac0370961942d1922af1d234f6,16
-29.0884495,19.5477505,tv_stand,fpModel,1aebe7d2500bfbcb0c6ec787a98a2b3701099ed7,16
-45.1110039,-2.47113776,tv_stand,fpModel,20c2307590ca5c2b4f75ab905fc11279d4e8b226,16
-7.78847075,-19.3858891,tv_stand,fpModel,212778c0c265e0db358ad7c8c1fa9a4bcfe41bd7,16
-19.1507168,13.8341112,tv_stand,fpModel,3d3643adc7e0934142ba5482adbe691056196e3b,16
-1.43106067,-10.5778599,tv_stand,fpModel,40effc5a3d4e42ac5778667f5ec82f8019b31833,16
-27.8642693,16.5981121,tv_stand,fpModel,5dd163c10ad18f02392935bac6fb31738507f9a7,16
-8.94228172,-8.85974693,tv_stand,fpModel,679df106227c9c72b36ac24b71f678024893ebfe,16
-0.1632891,-10.1290569,tv_stand,fpModel,6d0a8700e168806df1234300f20a8969b23d0528,16
-29.5588226,16.0132542,tv_stand,fpModel,711ca0050f3f9b5f88d68e5b09d4e176090e64ad,16
-44.0340347,8.13929367,tv_stand,fpModel,72bea8a7114d39dffad90d7e97a05f7d5fefd3f3,16
-29.6594372,19.5965195,tv_stand,fpModel,7aad199df0520c5e3626621ed9a45403ca92fd59,16
-15.3644485,-10.4922934,tv_stand,fpModel,7ec8e9feb1d56ad9e0f6a7647d249c652b987031,16
-20.2471275,-18.1589832,tv_stand,fpModel,82853146797ce9b1ec5fa02d085f6cf816c243f5,16
-5.75061846,-8.09588337,tv_stand,fpModel,84365ae4e8622f10d9688a63cb9c083154015e40,16
-18.7967167,17.5926971,tv_stand,fpModel,8abac94c4a656d0de2cbef4e3289fc264534338f,16
-41.8332901,12.2905245,tv_stand,fpModel,a0c0682b2b668d3784b1fbefcbce33d902c095e5,16
-20.5855389,-9.98911095,tv_stand,fpModel,a396dd2cc5c9597ede9ff2f6c6310cb65e9f53d0,16
5.25386906,-16.5438118,tv_stand,fpModel,a77e6006efcacc637e1c2a49e72232ee0f435e35,16
-42.9594002,1.00585639,tv_stand,fpModel,a7a9b8d2ae756986014a94885ed86da2ba797214,16
1.53989661,-5.67382336,tv_stand,fpModel,a8779dcb4d51627b49efb7b58c281e0ea42f9a00,16
-6.34048271,-17.3413868,tv_stand,fpModel,abfe6b503ca50f702989ec29e758d6c92b65bb5e,16
-29.1434669,-2.43170452,tv_stand,fpModel,adf1a6430989bad369414f30e27f74084f3d2cae,16
-7.724967,-0.137181818,tv_stand,fpModel,b397f2eaef6293142be8b6c8abca16ec4dd51bd9,16
-0.00532839634,-11.212635,tv_stand,fpModel,b52a045d6d0dc10cdc872ffc4a932a3d16f4e6e2,16
0.827397227,-11.1993141,tv_stand,fpModel,b90ec083667e82b541010a09146637f9f7da3698,16
-3.99599266,-7.5234127,tv_stand,fpModel,ba231dd136e3bc77fb04ade17235b923aa7b2f07,16
-22.6661777,-9.47582054,tv_stand,fpModel,bb3d4d2bb300b0ac4a99aa0b377123de497bea3f,16
-9.33688736,-8.61193848,tv_stand,fpModel,bb3fe90bafdd46b77abcc1bfb5773d1cd110b8dc,16
0.684857845,-8.71036816,tv_stand,fpModel,c35b7327609100ad9504c9f4a73c745fd1185c0e,16
0.822221577,-7.98098421,tv_stand,fpModel,c493273348e661dce9c1690dc54fc625ab9cf834,16
-19.8015995,14.2128887,tv_stand,fpModel,c61e8e4d12958dd3489d22fa51c47f14622034e2,16
-0.486254364,-10.1596003,tv_stand,fpModel,c70ef2f552fd561ae25806cfe63d5d7e07ac6f76,16
-5.61097956,-17.1811523,tv_stand,fpModel,d52301544c422bcf636ba41e4b108d50998d7d6f,16
0.106352054,-10.1152077,tv_stand,fpModel,d599a7a59c32fa7cbba3ffa320de452a331c131e,16
-22.7888527,-9.63830185,tv_stand,fpModel,d5c83369505d1bad9bcf54734a507870124103fc,16
-40.6949997,0.407936692,tv_stand,fpModel,d71e6b935fc49a8cdc391283eea037016956b6b8,16
-22.4904652,1.03104413,tv_stand,fpModel,dc4b6a1b56faf0b0ac679141c9c53f1449bf984a,16
-25.1377258,15.2761822,tv_stand,fpModel,dd4f6d12515c8ef7623dbadef1e91e37a82f6cba,16
-41.2808075,10.8611679,tv_stand,fpModel,dd743e1b5d46f59890eb5d0bed057b295bbb5f16,16
-7.91448021,-14.5250063,tv_stand,fpModel,e0486f8e03441481436254ea00d35fed866c68d3,16
-24.7205849,-5.89349937,tv_stand,fpModel,e826943dcb439733c53a13097b3e2b57c96ee382,16
29.4400806,9.81872082,tv_stand,fpModel,e82f98b6090a3af3fcfc9519172f51f6b0af58eb,16
-18.2296658,-18.4931469,tv_stand,fpModel,e9bf0aab8dafe8c727b4eed113d6c7405048f14e,16
-5.52371454,-8.06597424,tv_stand,fpModel,ea5ec37b381d5b1151ac375cd882c99af858e937,16
-21.2431488,20.666172,tv_stand,fpModel,ea816e83b8b6895186b9b486eea931f9f70dcc29,16
1.19227612,-7.37513638,tv_stand,fpModel,eae23b6121e974982ec521d9118e0034134c37f8,16
-41.108696,0.321422189,tv_stand,fpModel,f7701ca4696f7d1696a11a489706cecc21ca763b,16
-24.6855526,-1.34362781,tv_stand,fpModel,xxxxf3d34cd3x0738x4466xb38fxabf4cacc51f8,16
-23.2445984,21.3380299,tv_stand,objaverse,030b2815665a43ae851dc66b60bb1f17,16
-22.1576347,20.2054691,tv_stand,objaverse,06cbc4d9ca7e4e6cbdb936a464fd2060,16
-22.6468525,20.0198898,tv_stand,objaverse,16cf4423817b410e995727c6fe6183a1,16
-21.8044968,20.0596066,tv_stand,objaverse,385b6f38cc0840f4b453486370eaf53e,16
-43.0351753,-0.749262989,tv_stand,objaverse,3f23b8844c0649afb2f81b2bc8f6f096,16
-22.1891975,20.2092552,tv_stand,objaverse,553c5202460845c3af87c031d3a52337,16
-23.0125732,21.0841255,tv_stand,objaverse,57eca8d132ef4e0797d5f590009ca46e,16
-22.5962524,21.1840992,tv_stand,objaverse,5d93b24ea62f48a0884edcd01e5815b0,16
-23.3273239,20.3763161,tv_stand,objaverse,64fda3e5bdc1420b94aa5d4a361ca8a7,16
-22.1408215,19.8789082,tv_stand,objaverse,67e0380e0bdc4d53abe35f2dfcea2fed,16
-22.294796,19.8748436,tv_stand,objaverse,7298a7185ee44c9a9b0ecfbf5bef8cf7,16
-30.4433613,16.6321697,tv_stand,objaverse,bb63eb3f61c14594980968eba4a2ba4a,16
-21.828207,20.0569592,tv_stand,objaverse,c327442a45734b2ba618f5fa8f7aaf3b,16
-22.8916874,21.1163692,tv_stand,objaverse,dbcbcbcad18f4551bd703d40a2e638f0,16
-29.3070564,16.8573017,tv_stand,objaverse,f6442dc463984edda621114010ed5c93,16
-4.05084515,-13.4559336,tv_stand,objaverse_xl,07ee8335274b9f3a179d4e6d77cd20ff1a03cac16232528fd9be500d08559b42,16
-18.6695309,17.4307175,tv_stand,objaverse_xl,084810ecdf453633706ca6a01b7b5afd4c359642c35e996332ac5ae3a8cd626c,16
-43.7440681,8.21144199,tv_stand,objaverse_xl,1fba57c13a48d9e63ba644154515ebaeaf61593558d8c9d0634153dc34da80da,16
-6.68842316,-9.61990833,tv_stand,objaverse_xl,34ed65cc414c7f8c4bbb17af01cc1653270cc6118fa90284b29262b034dee29e,16
-3.06741405,-11.4058771,tv_stand,objaverse_xl,5c58944285ed815470ff3e46cbad5a1e55e0980c1ac96c63c1f96f0b33df08b3,16
-21.6811295,-10.1930428,tv_stand,objaverse_xl,7ecf8f6d46891733a3e38a8e8818dec4e359a32f3acf57b5d138ba092471fd2e,16
0.522771478,-11.6200285,tv_stand,objaverse_xl,7f5e4570cd5a669becdf719ac2734d7290c09709705c28c2e0e9a6d17ca87e41,16
-18.0211506,13.9733906,tv_stand,objaverse_xl,823d424d966b437ea2e9b7e4784e5d2b984247d3270acb8913387558500f1d8d,16
0.235241234,-8.25236225,tv_stand,objaverse_xl,91364a99dae100a88bfd7405c731c085a8a8a72a90f8ba21375b945334b76b60,16
-12.0774345,-35.7883186,tv_stand,objaverse_xl,a3ae61bb4fd96c878a6f3020dadc3daa5de93f4bf60585041323816ab2897bf8,16
0.428312153,-9.75146961,tv_stand,objaverse_xl,bb79c5fa6778bc72949efa34d978043d9a1a49e23dafa72925f4e9265846665f,16
-43.7434196,8.2122097,tv_stand,objaverse_xl,c4d9323f6a7ac775a756c86550d2d32608c721c6efa3f4aa2ef81dd0d45ad478,16
-0.0682238787,-12.0949612,tv_stand,objaverse_xl,c6d00fa67bfac2ea65e0c46bf21dd43ceeae95a8a59f5c6398c614fb3bbcc4dd,16
-29.6119041,21.1317062,tv_stand,objaverse_xl,c9db92025ab0f90cdbed9fb097ddd56912952b32219e19563d69f56d1ed63677,16
-9.74529839,-13.32969,tv_stand,objaverse_xl,cf6a059bd227b60808fd29a06bbd9e541a25fc57703cbd9deccb31a88f47673e,16
-8.99773502,-6.3110013,tv_stand,objaverse_xl,d63eb9df9f3918fbc1836eb91ce6de02b941900910bcc359b555b33bf21aa53b,16
-22.454216,13.8590546,tv_stand,texverse,0098d04b1cfe413f816bf1ac5ec6d2a2_1024,16
-45.3254356,7.85987663,tv_stand,texverse,01024800ef3c45dcb616af2b30b273f5_1024,16
-23.2609501,14.6540413,tv_stand,texverse,10a44181bd4a42ab9daf7e86d4db9498_1024,16
-27.0782986,18.0518932,tv_stand,texverse,1173dd965443419eba9b5c2093f86161_1024,16
-9.56635952,-7.60995388,tv_stand,texverse,147217d757e74a35b6ac1e69b1902d7b_1024,16
-19.8855247,14.5529213,tv_stand,texverse,1781c87b986b4629b1d6b9c82d419412_1024,16
-24.2014217,19.3011589,tv_stand,texverse,290cbf357b3045e591ce58e64e66b41c_1024,16
-21.3330231,15.0672188,tv_stand,texverse,2be641dd7f784e93a9a787f1d8cc2b1f_1024,16
-24.5962467,20.4386692,tv_stand,texverse,2c9ed7a1f8f94e6295b5861f395499c7_1024,16
-26.7825737,17.8356056,tv_stand,texverse,488564430c2945338b32466550062324_1024,16
-42.5198402,-3.47426128,tv_stand,texverse,64dcbaf34b704ba9b41a7101392d8be7_1024,16
-46.036602,10.1071434,tv_stand,texverse,afecc251cf07462e892f405ca5f7f118_1024,16
-24.7777405,-1.71934533,tv_stand,texverse,b6e51280c01a4ae492e5fd7515ec60a9_1024,16
-29.0813313,17.2992458,tv_stand,texverse,c01c1f205b2f40d5a58cd3ff38a634bc_1024,16
-38.4173737,-6.62697935,tv_stand,texverse,ccc0eb53f9da490a8f4e7aac5111b7c1_1024,16
-21.3899784,19.195755,tv_stand,texverse,d5406c453c7b4fd58c7f9b32bc5d6c66_1024,16
-40.7814369,-5.44524336,tv_stand,wss,3d6b55fe2deb2aa3a1c746794f191dc8,16
-30.1364765,43.2687149,wall_cabinet,3dw,1316893f333a0fb24da5feafe6f1c8fc,16
-16.8447304,24.3474693,wall_cabinet,3dw,13253cfa93286eafcb76d5d7c68717f,16
-35.4742966,45.2824287,wall_cabinet,3dw,1586cba3f8cd51544da5feafe6f1c8fc,16
-9.68863201,20.7902699,wall_cabinet,3dw,16d4177524ad115929a50a2b3c5e5b6,16
16.6534081,-8.83690834,wall_cabinet,3dw,16d459afb243216ded774b396acb4ad0,16
-36.0318947,40.1873512,wall_cabinet,3dw,17f82b5a32615127c59350d819542ec7,16
18.7852573,-10.8748217,wall_cabinet,3dw,19df9d0beaaa13697d7e34ead9464e9a,16
-29.7614403,39.3400764,wall_cabinet,3dw,1afbdb7016cae07bc59350d819542ec7,16
-30.7663574,41.6751823,wall_cabinet,3dw,205fd74a89613b0f4da5feafe6f1c8fc,16
-36.8434372,44.8354416,wall_cabinet,3dw,223f8805540bc82dc59350d819542ec7,16
19,-10.6434698,wall_cabinet,3dw,24b10a8658204aed445d331cfaf98aa,16
18.4976215,-11.0949221,wall_cabinet,3dw,26026d9fd8870d0a44221bef0fa3c36b,16
18.4544258,-10.7730227,wall_cabinet,3dw,262b55c76abb6413da37c1b3a20a247e,16
-28.3261108,29.2259884,wall_cabinet,3dw,27300d70be0d54904da5feafe6f1c8fc,16
-29.1890049,40.5034218,wall_cabinet,3dw,282c3b145064ec14c59350d819542ec7,16
17.646389,-13.1256723,wall_cabinet,3dw,28c6f5ab2fd3c67344221bef0fa3c36b,16
-33.2087097,39.5781288,wall_cabinet,3dw,28ea230c8147efafc59350d819542ec7,16
18.0523567,-12.5677652,wall_cabinet,3dw,2c1bd27c5e6f175f5914dcffc6513243,16
-36.1172104,45.2876701,wall_cabinet,3dw,2d3eb667f288e5544da5feafe6f1c8fc,16
16.4632149,-10.450964,wall_cabinet,3dw,2e3af3401bf4065644221bef0fa3c36b,16
-34.9797134,38.9948769,wall_cabinet,3dw,2f916d9eef94ae2dc59350d819542ec7,16
-26.0273228,40.2213516,wall_cabinet,3dw,2fa5895c1be18c37c59350d819542ec7,16
18.4826317,-10.9040985,wall_cabinet,3dw,30b1b3d44872b324458dc22d32ba85d2,16
-22.8307781,33.0125389,wall_cabinet,3dw,3235b76d37feac9812de5317fe5b354f,16
-29.4027309,35.5497818,wall_cabinet,3dw,33527f36c821ac19c0b2397831029b54,16
-31.4531555,44.1605721,wall_cabinet,3dw,354aeb1b64a7b4364da5feafe6f1c8fc,16
-32.1281128,39.8235512,wall_cabinet,3dw,369edc2e03c46bbdc59350d819542ec7,16
-29.7041798,39.4083786,wall_cabinet,3dw,36ad440da3644ecc59350d819542ec7,16
-34.7739868,45.3771248,wall_cabinet,3dw,37c81e7b0064c4164da5feafe6f1c8fc,16
-33.7719116,39.4999199,wall_cabinet,3dw,39e1ed2c19e8ba7ac59350d819542ec7,16
-34.2085762,46.8232613,wall_cabinet,3dw,3a4f3b5b213a932612de5317fe5b354f,16
-35.7773361,43.1194954,wall_cabinet,3dw,3baea1efb595dabec59350d819542ec7,16
-35.604126,42.8298988,wall_cabinet,3dw,3e0912a8c8490ce7c59350d819542ec7,16
-32.0069962,39.1207695,wall_cabinet,3dw,4000f9e68eec322bc59350d819542ec7,16
-27.7242432,28.7800312,wall_cabinet,3dw,41b5c238904cb0f5fcb76d5d7c68717f,16
17.7237568,-11.1600437,wall_cabinet,3dw,425f31c2e234ce3344221bef0fa3c36b,16
-30.6287231,42.3789635,wall_cabinet,3dw,47196ebc6dc2e0104da5feafe6f1c8fc,16
-33.16679,40.7657547,wall_cabinet,3dw,4b78b88b5bde5751c59350d819542ec7,16
-30.6700745,47.1222076,wall_cabinet,3dw,4ff7bc1ce7ced112824662341ce2b233,16
-34.7223015,39.7963943,wall_cabinet,3dw,50ee282a330321824662341ce2b233,16
-31.1259136,41.2006416,wall_cabinet,3dw,51db647162c3b0f5c59350d819542ec7,16
-32.7249184,44.2800827,wall_cabinet,3dw,52c8b2ea603378f14da5feafe6f1c8fc,16
-32.8853912,38.6560173,wall_cabinet,3dw,52e7609065515532c59350d819542ec7,16
-27.3347645,40.088501,wall_cabinet,3dw,530ae0c227f29435824662341ce2b233,16
-32.5093002,38.570694,wall_cabinet,3dw,5351d944caa004e1c59350d819542ec7,16
-37.5753098,42.2295036,wall_cabinet,3dw,5720d28bbf5e3decc59350d819542ec7,16
-29.2725182,35.700264,wall_cabinet,3dw,58b2203077455250c0b2397831029b54,16
17.5783291,-10.6076508,wall_cabinet,3dw,5923eedbf819e78fee561cf75dee3f02,16
17.6955547,-13.103034,wall_cabinet,3dw,596703ed87abae5e44221bef0fa3c36b,16
-29.0699749,41.1755524,wall_cabinet,3dw,59e571db0d0e42c7c59350d819542ec7,16
-30.6965561,43.4053841,wall_cabinet,3dw,5a85a724c7f5f1bd4da5feafe6f1c8fc,16
-31.6585236,39.8190079,wall_cabinet,3dw,5e672045e34af18d4da5feafe6f1c8fc,16
16.3764534,-10.0617571,wall_cabinet,3dw,5fa9892a557ab00344221bef0fa3c36b,16
-33.4283333,44.4735794,wall_cabinet,3dw,6408e2a6fe1115db4da5feafe6f1c8fc,16
-35.4713402,41.5775223,wall_cabinet,3dw,64790ddc3df14e8c59350d819542ec7,16
-9.67998219,20.7782059,wall_cabinet,3dw,671656c9aba4038e86d53ab0fe94e911,16
-25.494976,34.644474,wall_cabinet,3dw,688e64c979a374c7824662341ce2b233,16
-30.3999004,36.4664459,wall_cabinet,3dw,6b0f0f01c7281702c0b2397831029b54,16
-28.9409275,41.4634705,wall_cabinet,3dw,6b5a6f532c0cd9074692707833167ca3,16
-33.5520477,38.2028465,wall_cabinet,3dw,70cb11942de32009c59350d819542ec7,16
17.8457432,-8.4293766,wall_cabinet,3dw,746ec80056af479fcd0da6f674b192c9,16
-35.281723,46.725708,wall_cabinet,3dw,75c73a8f1079915e12de5317fe5b354f,16
-43.5656357,24.6203575,wall_cabinet,3dw,788d7a6671bba2b266d632953224800,16
17.4424324,-10.7732315,wall_cabinet,3dw,7c81770fd73eacce44221bef0fa3c36b,16
-26.5756493,29.9754314,wall_cabinet,3dw,7d1af950bfd464c0c59350d819542ec7,16
-25.918642,40.7777214,wall_cabinet,3dw,7e6532929b4f22b34da5feafe6f1c8fc,16
-37.3214073,40.2111778,wall_cabinet,3dw,7feb586909320fb0c59350d819542ec7,16
-35.1731873,41.9162521,wall_cabinet,3dw,802e939e56981c5ec59350d819542ec7,16
-34.4337921,41.7805061,wall_cabinet,3dw,832b33e5a3e77bdbc59350d819542ec7,16
-30.0172825,42.6520538,wall_cabinet,3dw,843378466f0ea6ef4da5feafe6f1c8fc,16
16.3267727,-10.3140078,wall_cabinet,3dw,850adb1304ee2094552cb8746194359c,16
-26.2335529,40.2577972,wall_cabinet,3dw,88075c5f42ea0ea0c59350d819542ec7,16
-27.6095219,36.6075821,wall_cabinet,3dw,88087c4cba397a72c59350d819542ec7,16
-30.274622,42.550148,wall_cabinet,3dw,89f9efdae5f5dcd84692707833167ca3,16
-34.3863335,40.3611107,wall_cabinet,3dw,8a93cbc5dbebd2b94da5feafe6f1c8fc,16
-33.6756554,42.9910889,wall_cabinet,3dw,8fca89f073116c794da5feafe6f1c8fc,16
-33.0444832,37.8876534,wall_cabinet,3dw,901a875f5795c35ac59350d819542ec7,16
-34.4059258,40.7714272,wall_cabinet,3dw,923fa58a26f78a95c59350d819542ec7,16
-36.6313171,40.9694099,wall_cabinet,3dw,92ab67e3dfbbfb6fc59350d819542ec7,16
-32.678936,44.2737961,wall_cabinet,3dw,930d8dc6ce25419ac59350d819542ec7,16
-34.1628227,39.9730721,wall_cabinet,3dw,96009b47d99ec64ec59350d819542ec7,16
-35.6955719,46.6849442,wall_cabinet,3dw,96584c4c79b32f4486d53ab0fe94e911,16
-36.7798119,42.0245399,wall_cabinet,3dw,9695181e7ff1d28b4da5feafe6f1c8fc,16
-28.3749352,30.6017418,wall_cabinet,3dw,97d2d6336df8a7fbfcb76d5d7c68717f,16
16.6212845,-8.7962904,wall_cabinet,3dw,9a258f6e0d729e1f44221bef0fa3c36b,16
-27.581068,36.5031738,wall_cabinet,3dw,9b263b4e7e6c9555c59350d819542ec7,16
-35.5453491,42.5515785,wall_cabinet,3dw,9b403f5e2d73176d4da5feafe6f1c8fc,16
-34.4397507,46.9214745,wall_cabinet,3dw,a18c26b5df3bbab212de5317fe5b354f,16
-35.9434776,41.4297867,wall_cabinet,3dw,a29513579e2bec97c59350d819542ec7,16
17.857954,-11.1049242,wall_cabinet,3dw,a30bc101ece4f0fcb5c229198df43cf,16
-36.4560547,41.4365425,wall_cabinet,3dw,a479d54558ce7036c59350d819542ec7,16
-34.338089,46.8448524,wall_cabinet,3dw,a4acb9099c40c3ca12de5317fe5b354f,16
-32.8651733,37.9161034,wall_cabinet,3dw,aa65afd1fcafa9cec59350d819542ec7,16
-33.9556847,39.1731453,wall_cabinet,3dw,abb5ea7da37112dac59350d819542ec7,16
16.4169559,-10.4770555,wall_cabinet,3dw,ac960ad12d93793d598e7461038ebc4e,16
-29.1680832,40.7083244,wall_cabinet,3dw,acb41ec035d2220d4da5feafe6f1c8fc,16
-35.9817314,45.3747406,wall_cabinet,3dw,ad793f241d3142d7c59350d819542ec7,16
-28.8311367,42.0906944,wall_cabinet,3dw,ae287e915081afb04da5feafe6f1c8fc,16
-26.2818432,39.4618874,wall_cabinet,3dw,afbcacc72ca9e21cc59350d819542ec7,16
-34.4586639,42.6209831,wall_cabinet,3dw,b40e964df0db40f4c59350d819542ec7,16
-34.1315079,45.1903763,wall_cabinet,3dw,b68c61ab6c8ba9de4da5feafe6f1c8fc,16
16.563633,-10.5264492,wall_cabinet,3dw,b8115652b9d7eb4144221bef0fa3c36b,16
-35.1604385,38.833744,wall_cabinet,3dw,b98aff0dc993e92fc59350d819542ec7,16
-33.5672836,43.0246086,wall_cabinet,3dw,b9fde0715977cd1d4da5feafe6f1c8fc,16
-31.8803177,40.493679,wall_cabinet,3dw,bef36c0c9c312e86c59350d819542ec7,16
-24.2678699,23.7572346,wall_cabinet,3dw,c0b055d5060f7f6b4470f9a1ecf7bbc,16
-35.504879,41.7000237,wall_cabinet,3dw,c2097eb530e46134da5feafe6f1c8fc,16
-35.4356232,38.3792,wall_cabinet,3dw,c22aad4fd8bf4112c59350d819542ec7,16
-30.6725311,47.1175842,wall_cabinet,3dw,c309652aa61e6669824662341ce2b233,16
-25.9287987,40.9736977,wall_cabinet,3dw,c38c8fe7634e901fc59350d819542ec7,16
-31.0109215,43.8347893,wall_cabinet,3dw,c93196809212c7e94da5feafe6f1c8fc,16
-33.6781006,42.45084,wall_cabinet,3dw,cc98d80c89aa25b54da5feafe6f1c8fc,16
-30.1293907,30.4412766,wall_cabinet,3dw,d0b08c70d04f80e0c59350d819542ec7,16
-35.1935234,39.0951424,wall_cabinet,3dw,da66bc96e92fd2904da5feafe6f1c8fc,16
-34.3354797,39.7802086,wall_cabinet,3dw,dab85fc0f7a1dfe6c59350d819542ec7,16
-32.6005173,43.5659447,wall_cabinet,3dw,dcfa2ce4dffe89474da5feafe6f1c8fc,16
-26.5725861,36.3682175,wall_cabinet,3dw,deedfa27d26bfa304da5feafe6f1c8fc,16
-32.0874672,40.0752335,wall_cabinet,3dw,dfb033785b10cc4b4da5feafe6f1c8fc,16
-36.4639053,42.908989,wall_cabinet,3dw,e023e1f7268984c4824662341ce2b233,16
-32.6522217,39.4956169,wall_cabinet,3dw,e2c19d58a836debbc59350d819542ec7,16
-25.9338284,40.3642197,wall_cabinet,3dw,e6115ed26d315238c59350d819542ec7,16
-30.6307697,43.0477829,wall_cabinet,3dw,e6fc47d2ca6249c34da5feafe6f1c8fc,16
-37.146904,41.2773895,wall_cabinet,3dw,e98fa30bdf1e4cfcc59350d819542ec7,16
-28.2245502,36.7881508,wall_cabinet,3dw,e9f6b6abdd45da3986d53ab0fe94e911,16
-26.3299828,40.0260124,wall_cabinet,3dw,eb2b39b7ce6a55024da5feafe6f1c8fc,16
-34.8772888,43.3699532,wall_cabinet,3dw,eb4632b755e8350ec59350d819542ec7,16
-36.3383598,41.9559174,wall_cabinet,3dw,ec3023d0481352b1c59350d819542ec7,16
18.7514,-12.8919086,wall_cabinet,3dw,ec5ceea5a77b2499de650492e45fb14f,16
-32.0993042,43.0085182,wall_cabinet,3dw,f35a5243a17494bf4da5feafe6f1c8fc,16
-35.5140228,40.3859253,wall_cabinet,3dw,f50571b11658b16ac59350d819542ec7,16
-28.47859,41.4445534,wall_cabinet,3dw,f537b69162cddea64da5feafe6f1c8fc,16
-32.4628029,39.3237495,wall_cabinet,3dw,f5ebd1bc0b423461c59350d819542ec7,16
-37.2027931,40.3093872,wall_cabinet,3dw,f7399d2fda26d523c59350d819542ec7,16
-30.2034035,42.7459488,wall_cabinet,3dw,f8fd4d30702bf8654da5feafe6f1c8fc,16
-27.3840809,28.8104801,wall_cabinet,3dw,fc3b0dddbae1cf7a29a50a2b3c5e5b6,16
-16.551403,8.7975111,wall_cabinet,fpModel,038ccdca4c91d34febe3f4efc596225a66a11d79,16
27.9624386,-40.825264,wall_cabinet,fpModel,05ddc6731f34bdbe1aa5cff98cd8fcd1db254a84,16
23.8831654,-39.044693,wall_cabinet,fpModel,080af6e022a943b0d3e3aeef330776da6136f17b,16
-16.4056473,10.0890779,wall_cabinet,fpModel,08d3332bdb327aa2b5ca2b252063795d72345b86,16
32.4123268,-20.2399406,wall_cabinet,fpModel,186d2c3104f4cc0110c686e2b216c3f20112c63c,16
23.4074535,-15.1225033,wall_cabinet,fpModel,20b40eba263eb20165f26bfc5793feeee9159482,16
-15.4482889,0.0943377316,wall_cabinet,fpModel,250feb7dc44aa978a6d7bfda1b0fbb61c80e78a0,16
11.579093,-25.4378414,wall_cabinet,fpModel,26e2d9294ce1311bf117498e745addc47c703bdb,16
-16.6249619,9.92484379,wall_cabinet,fpModel,27a8c993557a0484ff384bb0483d112285f8791d,16
29.0782719,-16.9179707,wall_cabinet,fpModel,2b888cc70c8193c8fcb04f4b9cdc1eeb2d82087a,16
-15.9620028,9.27894688,wall_cabinet,fpModel,2ef6a4ea1c424e07e9c839e1a1bb3b33fc5d3e0e,16
27.9331322,-40.8110657,wall_cabinet,fpModel,2fcbcfe7e87c076203820c7d02cfcfc73bf13966,16
-13.0222607,5.12176704,wall_cabinet,fpModel,2fd56ec375511778b87d73040f3b55ba6311aea0,16
26.9474678,-17.6679173,wall_cabinet,fpModel,3afc8b6d8935dc7a3cf7003c4ed073ce13a9bce8,16
11.9231968,-25.2360115,wall_cabinet,fpModel,3efb80a75720ef1848a6ddf5011959653e53b172,16
-16.8738976,8.91478825,wall_cabinet,fpModel,426b82af6d87005e0f2fa17217cd45b4826189aa,16
-34.706707,33.250248,wall_cabinet,fpModel,4468c13bc98184bcc403027164ede52b178e5d20,16
22.8596363,-15.8614635,wall_cabinet,fpModel,45dd1f636ce3ced4c4bf685bed2e89492dedb268,16
-35.3290558,32.6455231,wall_cabinet,fpModel,47ec13733729d7f45b4847f49b76831f092671c3,16
13.2935848,-7.81853437,wall_cabinet,fpModel,4a856d0d050c8748773309117d425a3f6690d07d,16
-16.1653633,9.14693451,wall_cabinet,fpModel,4c911c25364d1cbb37493ecfaa6b889d931c78ac,16
29.0576916,-15.9923229,wall_cabinet,fpModel,4f167cad5def9f7fdb4ba74e90d21ba0943445a0,16
-35.3512802,30.0387287,wall_cabinet,fpModel,4f33248af82833970062489cad354a22887d0a78,16
-35.1887131,29.942543,wall_cabinet,fpModel,578e50f145119f121df79f73f5efd64019d94e17,16
0.657033265,-5.28602552,wall_cabinet,fpModel,644c2d1505103189b6ae49f5a58b97ed41202149,16
13.3981237,-8.76206493,wall_cabinet,fpModel,64b9b1d3c8e1484f496fe8b0a566bb1a2d098e19,16
25.2682037,-41.1708069,wall_cabinet,fpModel,682a761a9e4192d3f6fac31dcc4975d4928a5d0c,16
23.3870392,-15.0011301,wall_cabinet,fpModel,6e74c32e636a3f784d5a1e21f4bd323a56064d3a,16
28.9216843,-16.4023323,wall_cabinet,fpModel,70b446e54a1868313eae5bf4003c9e53306ee039,16
13.3092813,-8.78452682,wall_cabinet,fpModel,720ecb7a8eecd42e4eb0905ceb9d8253f12e170d,16
-15.973156,10.1629553,wall_cabinet,fpModel,75837d57167448213b092af97562cf08a590a417,16
-16.8441906,9.8534708,wall_cabinet,fpModel,77205ffb7a84841bf263b9293c99654f816a52cf,16
28.5672092,-23.3284397,wall_cabinet,fpModel,7c135687fb97d18307339aed175e8f3c46d6a378,16
4.23659515,-25.8318233,wall_cabinet,fpModel,7cba44fcae20074ad3f9c1ad77a7c16060e8949a,16
38.0909691,-17.2152863,wall_cabinet,fpModel,7db8a0477da1bf4b1e10e64353201a000f1bfe47,16
38.0901337,-17.1987476,wall_cabinet,fpModel,7ed48ee48050b080a2e214f06eeb79d6ee9c17be,16
-15.0843859,-0.0416452773,wall_cabinet,fpModel,8749a9bc494dbd22f77e8b848bce656f8eec2947,16
-34.748085,28.8787937,wall_cabinet,fpModel,89934a7354b8a59b3fe2bbe22ffe7964a0b8db4b,16
-34.6215477,28.1205235,wall_cabinet,fpModel,975e49af1aa9c80f301a02493fc6643f6897154f,16
11.9591808,-25.3118,wall_cabinet,fpModel,9c7abc8f1dd55d90d9369189c74c058636bd05fc,16
28.714571,-15.9714451,wall_cabinet,fpModel,a0ab0f0d7974fcdc0eafd46ab094a5ed9351d26c,16
13.2719831,-7.67557096,wall_cabinet,fpModel,a154cfba5371d13db69006e7206d5aef663f85e1,16
-16.2337093,9.97743225,wall_cabinet,fpModel,a263af6c0b172782f05372c2d5a613cee759a100,16
-35.130619,32.5258331,wall_cabinet,fpModel,a2b84191ba83ccf6ba269ce696d89d84211b9971,16
11.9903736,-25.2715912,wall_cabinet,fpModel,a325d8b913b7df4a34c1068286532923be31295e,16
23.4426479,-15.2686892,wall_cabinet,fpModel,a8b7d5b8711b510f744ea07a9fcc3063e98b11a2,16
-14.9090509,-0.0917633697,wall_cabinet,fpModel,ae2c7bce156a488d4868a8f494f6050fad5582c1,16
-35.487545,26.5659561,wall_cabinet,fpModel,b4d2dc4541ca7302ab8356fcd7a623e022df7888,16
29.0382652,-27.0372543,wall_cabinet,fpModel,bb966a4f853df29b8b37b89e157aed4eb3936aec,16
-22.4494915,16.0986862,wall_cabinet,fpModel,be1b0ef31886b4b2b42cf0bf1b7df548917c9943,16
20.3885422,-12.1254597,wall_cabinet,fpModel,be4b4e66accf200a921df7e0277e184e0d9727b9,16
12.0450726,-25.3523312,wall_cabinet,fpModel,be76e60c5b196c712dc958ae97874f28f4817fff,16
-16.2508183,9.11425304,wall_cabinet,fpModel,c23e159071acb3f9bd03ed01576d9077cc30f1cf,16
4.65483618,-22.6828918,wall_cabinet,fpModel,c3ccb52aabc1a2543dee20239c88cd307340c134,16
23.3180771,-15.2280245,wall_cabinet,fpModel,c40df2998fcea3687deebb651759eb24a23e5922,16
9.3578949,-6.06253147,wall_cabinet,fpModel,c6f1458e0bcabb5ed4ff8ad1086d192bd04997e1,16
-5.76826191,-20.6212826,wall_cabinet,fpModel,d45e6fea873ce5afed4d0f3f4b40399451499343,16
-34.9067574,29.8538132,wall_cabinet,fpModel,dd6582ab19f006bd12a8acc846461662735fbc00,16
38.0910568,-17.1828251,wall_cabinet,fpModel,e27168a25a7f6c85b3d9b1b59f8d947c12230801,16
25.3370132,-41.1468086,wall_cabinet,fpModel,e8547e73e4873b76eff0eb2b6488e815d7dbf41c,16
28.0019741,-16.4762688,wall_cabinet,fpModel,f018166600fafb4377f477b7fcdd41db9a87f6ce,16
-15.1501789,-6.35617924,wall_cabinet,fpModel,fca90fe43f5e272a58e8d20c5e205447250fb231,16
24.0192814,-17.2717915,wall_cabinet,fpModel,fddd230b40d4c0cba89985b2a5a60f33c0cd756e,16
29.3870068,-16.4048347,wall_cabinet,fpModel,fdf7479cc9da8f4486359f66965869b5c58c74ed,16
-25.4930344,34.457695,wall_cabinet,wss,21fb701c200d18894da5feafe6f1c8fc,16
-28.8950024,29.4317169,wall_cabinet,wss,391f46c327510d8d4da5feafe6f1c8fc,16
-22.9073334,33.0138664,wall_cabinet,wss,4e15898f5e84edce4da5feafe6f1c8fc,16
-30.3057728,30.1587162,wall_cabinet,wss,79e8f6734ff0c984da5feafe6f1c8fc,16
-30.126133,29.9962902,wall_cabinet,wss,b51451ecb365ddb24da5feafe6f1c8fc,16
-8.19735146,-4.91747618,wall_clock,3dfModel,fd925c66-0c4e-41dc-8c42-4acf2030c407,16
14.1049013,14.147089,wall_clock,3dw,217dcd973e826d1f32376c436da91cf5,16
27.4759464,14.7861261,wall_clock,3dw,530700dbbda23c73a78f8ff720824afb,16
20.9559574,17.9394436,wall_clock,fpModel,14a5d16e99eb93da52f1b528b272d15ac2e81fd7,16
27.4441223,16.1382732,wall_clock,fpModel,15aa163768548190935cc87fe5b0eea2a228cb23,16
23.2881737,16.1892223,wall_clock,fpModel,20c32bc8e148545c59afd79fdfe8ea3155073179,16
21.9754047,19.3105907,wall_clock,fpModel,24f2527053a41faa8c9873b5e443539d8cf0585d,16
23.4731312,15.0472746,wall_clock,fpModel,274367e6e49572dc64062b5ea8bb5fd90c324ab9,16
25.4467907,14.3822432,wall_clock,fpModel,2b51a2430ac691e24d97a7c39a6386ecca27f434,16
21.9140892,19.7227421,wall_clock,fpModel,2be219c80f1038f9a68075f8bc42dc87c3855a62,16
19.0835667,19.4563007,wall_clock,fpModel,3292f88d808f0de9389b6866a1535d71b0ff8851,16
22.8810406,17.1734409,wall_clock,fpModel,34f427f048c0ac8a4c5d5fe12d9afd7f95f8cec2,16
20.5445862,17.5541344,wall_clock,fpModel,37b2b3b5f46d2d3f6a53ac07358efc4082adf56c,16
23.31147,17.085722,wall_clock,fpModel,3cd35ef3fcab6f291510a0afcfb76f8e38ba6853,16
20.9623146,2.66524959,wall_clock,fpModel,44684c200433dc4842bf0a6317d735e98e9fb903,16
24.4134884,22.4874916,wall_clock,fpModel,47126eb0c9db11644c9be4b13a978a8ffed4cda4,16
21.7688427,19.3279457,wall_clock,fpModel,4a2889029248c287434644199e6af99fd7017484,16
25.9082108,16.483305,wall_clock,fpModel,4c5bc843ec5845f24a0c5d5fa572189a4de797f9,16
27.5895996,17.3114185,wall_clock,fpModel,5656274741e1d77c18ad0c3fde61cfbb5144d796,16
21.6529102,17.7617111,wall_clock,fpModel,573c6477f0f3067edcd1e9fb52c558a4291f0c5c,16
27.9638958,17.6529541,wall_clock,fpModel,58628e28273d80b364691f0c630ff61c32582140,16
25.836483,17.0562439,wall_clock,fpModel,60bcf1aa12f18e75c9d2c021a7299e99c11baa17,16
23.5014877,16.1454277,wall_clock,fpModel,6134146c932085fc58a0896938860cb09fd8722a,16
19.3677082,19.3154774,wall_clock,fpModel,6469055868512058c78f745e5a37fd57d7ad3484,16
26.675108,16.1534214,wall_clock,fpModel,65626013f583e84fbc528f4fd9760d34e25ce1d3,16
24.7887154,18.7146339,wall_clock,fpModel,676393804c822df089c32bbd36c24d5660a82379,16
7.16080046,24.7243519,wall_clock,fpModel,6ab885950a641b70addf55b2cfc9e18e27acb5a2,16
-26.8496799,12.2692022,wall_clock,fpModel,739934e1838a630706d354d75a73355c93e07f69,16
22.6854267,19.2915077,wall_clock,fpModel,770311f153df8ccc86d08f4f24749227a91e153f,16
26.5345364,19.2956715,wall_clock,fpModel,7ed53b441a08176c88286ccfffac81f66ec7bfed,16
22.5790157,14.6418867,wall_clock,fpModel,829fcda8d1d112598ecb6bbf89e75d19d9331ccc,16
-7.27210855,16.0792465,wall_clock,fpModel,86bc3cf9f2c51c0a392733a15abf97ac0321d55f,16
25.8634529,16.3388672,wall_clock,fpModel,8b85ea233d898502894d435a7c9eedb4513a7736,16
26.0646057,17.8894463,wall_clock,fpModel,8bb3d39af67f313abaa79d58300eccb5ab119578,16
23.2939568,16.6897831,wall_clock,fpModel,9127e0f95c95802be0e0ca3f15e733331ddb39ca,16
27.3341351,15.1844263,wall_clock,fpModel,a110fe07e23ef68fdac3763765c7909edae75759,16
27.3386936,17.3042393,wall_clock,fpModel,a7f27777d1632bc247b7d52e5d811663f4d87a2a,16
28.1581573,18.1121101,wall_clock,fpModel,aa2b2a2a6f377ff82c551d21f177eef2ff7a48af,16
23.0107174,13.9073639,wall_clock,fpModel,ae76a7493b769bd7cae75043bbcc25afdb2de437,16
24.1609364,15.9381599,wall_clock,fpModel,b19a38b2b4b21abff5e0c41d247c79779bf02333,16
19.5404148,20.07271,wall_clock,fpModel,b4564eba61b2f62cd803d50c06b62f1bd3692e8d,16
19.7714348,19.6344681,wall_clock,fpModel,bd36014ac46d2054a4e97c147f2ddc59e08fa840,16
21.1274033,17.9618416,wall_clock,fpModel,bfedb2c63e6852488accb790eb4a03943b411688,16
28.2243137,18.5287418,wall_clock,fpModel,c57ead736b5283dd715db70a50b140b2fea1e296,16
23.754303,14.8495502,wall_clock,fpModel,ca5f5dfd4564353aee167464dae2c409c42634b6,16
20.3771706,19.4084339,wall_clock,fpModel,cd9c9e176d44a237b4d2848c257784bed65ff659,16
20.2314396,17.8610973,wall_clock,fpModel,cebd08a46fe07e84fb32f9985f824aa280a08b0d,16
25.9819031,15.2423019,wall_clock,fpModel,d2434e91b15302c672f0c9866e9f229c232e92e9,16
-5.52884865,16.4616776,wall_clock,fpModel,d57e3132eb49a7e0a3e6971f304a6d52951a4f74,16
25.9415817,15.6776209,wall_clock,fpModel,d8a9ab0770f17ef8709b94ef138472901652067f,16
27.5508995,16.3091164,wall_clock,fpModel,dab1618febb08ddf95ad9edc4e547646a4d01a0c,16
-5.31568289,16.8146172,wall_clock,fpModel,de3ae9e329fe17dc7916f1ed32bb6a021423796a,16
26.9427872,16.01227,wall_clock,fpModel,e0350efb3c6ee8c12f0dfb25769deb6637c6236c,16
25.9409142,16.4569817,wall_clock,fpModel,e1725f63ab8658c1a31edbf0be78375fa93770ee,16
23.5018959,21.0608616,wall_clock,fpModel,e6f556728f4209db41e6226e13a1b571b3e58032,16
20.990984,18.12253,wall_clock,fpModel,e8875adb72e4e1c8e83b36ccefd47da2c7ab2e86,16
23.2644558,18.5589809,wall_clock,fpModel,ef301ca7e1638883dfcbe35bf451d4f05b727371,16
22.8856144,15.613265,wall_clock,fpModel,f3611bdf5295f762467c98607dc33485c45b9d31,16
24.0099106,15.1153994,wall_clock,fpModel,f619d4aebe06e15ef0e68fad7f84e8765639e6f6,16
13.7268887,-25.7750301,washing_machine,3dw,1a9492ed26b8407df8a51dbffe0021e4,16
12.0223446,-39.2085152,washing_machine,fpModel,6cd2dc2611c27f758c972b4874efad8c8cbd5d29,16
20.4252739,-23.1901684,washing_machine,fpModel,856317b238f6a70ae6f0afffed1f6d5e3ab7b80c,16
21.0786839,-24.1861725,washing_machine,fpModel,eccf8ba37c804b9067e675f09eec2c13e951f61c,16
-0.0127857458,-67.1268692,wheelie_bin,3dw,6a79fcbbe8eb1ec0162da3dc7be329d5,16
1.36370063,-66.6175232,wheelie_bin,3dw,8e09a584fe5fa78deb69804478f9c547,16
1.39478946,-66.6753845,wheelie_bin,objaverse,2c6af8b437da44bca406de33510beeb5,16
0.945610225,-65.5650177,wheelie_bin,objaverse,34ad27aee1d046669760011256903c7c,16
-0.235353619,-67.0976868,wheelie_bin,objaverse,7cce16ad3deb472086c9997e01884115,16
0.894251704,-64.9557495,wheelie_bin,objaverse,81e273d7b3fe438a89a7a25dd0903b07,16
-0.489452273,-67.114212,wheelie_bin,objaverse,8cece03f6bd84bf89c7bb5ebac6144aa,16
-0.0480397753,-65.9769897,wheelie_bin,objaverse,8f933c82cacb4079bf699f9fe8c3c0d7,16
1.3570981,-40.4587708,wheelie_bin,objaverse,a506ffa30168492dab775818c1302bc9,16
0.737506449,-66.9635468,wheelie_bin,objaverse_xl,149bf04bc235d1d960d426bf9b062f4d3432adf2ca6fe9b5c61b068b36b503a2,16
1.6305238,-66.4634323,wheelie_bin,objaverse_xl,2f5fbb5860ba2fe4554971f1586cf9b0af2bbb684335f4671b45b02f7a2e4346,16
1.28834784,-66.4204712,wheelie_bin,objaverse_xl,3f6ffcb25404b6b029689d661e33f74acb7d11241bc2ff5d520f5b41c98ccb54,16
0.762177169,-65.7842865,wheelie_bin,objaverse_xl,42cb98b05e9160807cb4273fb641321fae7d5d24fc19822c3373dffa4e36f13b,16
-0.81446594,-66.5703812,wheelie_bin,objaverse_xl,71475da4ed2930316864ce9e74a1c968ebe0db8e3f34662229e75b5698293c1d,16
0.0826569945,-66.3670731,wheelie_bin,objaverse_xl,7ccdca3a2552d18138e7f82063931fcc8bb329616875a19b57cc56477f400265,16
0.809958816,-66.0069351,wheelie_bin,objaverse_xl,9949d972e44e3aa8243d13e8eda182d2e520628d3e147f4c42a4eb33a2b10adc,16
-0.160669088,-66.6588364,wheelie_bin,objaverse_xl,a7598e9d9fa7f9ea82939be2f54956e777b185a4c88a9529f2980eb33566ef81,16
0.00790768582,-65.1458969,wheelie_bin,texverse,298f1053b62c422999660d0e7e49dca7_1024,16
0.403285265,-66.5628586,wheelie_bin,texverse,4c6343af9d444e79b08503eed3385181_1024,16
-0.74538058,-66.2857285,wheelie_bin,texverse,c4dd0922a63b4181bd1e642ebc802400_1024,16
0.402583212,-66.5623093,wheelie_bin,texverse,dc93abf5f12647328234636f1286dc03_1024,16
-0.255401552,26.1215534,window,3dw,1139db48dd6643f85e629de0175bb6f,16
4.83457565,1.34310973,window,3dw,1498ec8db496319d256b6845aa50731,16
-3.1837604,24.5458755,window,3dw,19147e335d6ece48403d27d9479beba,16
-0.0891555771,25.5314102,window,3dw,2b12aa641b84ac8686a0e7208530ce22,16
-3.23857355,24.4365883,window,3dw,473ef92487fb7f02df8fce61d01de43d,16
-11.9813442,27.180439,window,3dw,4c88a47637bc614e85bc264270ae0601,16
-2.90698457,26.955471,window,3dw,516c0a7201cd00d342b89b1b6ff066bb,16
1.52911019,-2.44063377,window,3dw,62fc93c460bd8ba649e9cf096ba9e7dd,16
-11.1243916,28.701458,window,3dw,64c2548b3027abdd88c942a503e372bc,16
1.41852474,-2.07675266,window,3dw,667338a9ed917426bca0a8028deae142,16
-1.08528554,25.9436703,window,3dw,68a2f4f39048805446d277569064976e,16
5.56649256,1.78946626,window,3dw,8203e7a1fec9a7d84d9afd194e3135f0,16
-12.2970028,26.9932175,window,3dw,9de68c374c7492b25cfcbde69bddb552,16
1.13841391,-1.4000231,window,3dw,a8b57f540bb23d086ae2ac309aeb01eb,16
-14.795352,30.4741383,window,3dw,b321ad99c232f0061cec93449f0f44dc,16
-11.9279032,27.8347702,window,3dw,bd433ae06235e79ed3bad52d94243df8,16
1.52291548,-2.37373161,window,3dw,c012a33e36b1188863f9d181b0789633,16
-1.67603612,23.4555416,window,3dw,c4060921f8ae663869683a3212c0c08f,16
5.33284998,1.70486212,window,3dw,e9665985327e79d313323fc4d5700bec,16
-0.173996329,25.8904743,window,3dw,f8ac36d6d5b961007d470783363e60ea,16
64.6098175,22.3062992,wrench,3dw,375e541960d19b90b6e259a0b666e79d,16
