ordinal,render_key,generator_index,generator_name,sample_index,source_type,asset_id,output_path,png_bytes,png_sha256,source_ordinal,source,manifest_root,identity_sha256,glb_path,glb_bytes,glb_sha256
1,C001__S01__aerosol_can__objaverse_xl__c686040727519dde172ba46d69ee7ce4df4607d3e72625bcc0a7082273b4e1b9,C001,aerosol_can,1,objaverse_xl,c686040727519dde172ba46d69ee7ce4df4607d3e72625bcc0a7082273b4e1b9,/mnt/zsn/lyb/arti-skill/exp/artiverse_n5_uniform_studio_256_v1/aerosol_can/objaverse_xl/c686040727519dde172ba46d69ee7ce4df4607d3e72625bcc0a7082273b4e1b9/imgs/000.png,71527,b4398e820ab661437a393180682fc4b2ca344d35ea04cbcdc2d1e15902cda595,13,objaverse_xl,data/aerosol_can/objaverse_xl/c686040727519dde172ba46d69ee7ce4df4607d3e72625bcc0a7082273b4e1b9,0a4c0796a6ddf0eec02e91629e713a98b8ad13c91acf3bb87448b0fd699cd5d8,/mnt/zsn/lyb/arti-skill/exp/artiverse/data/aerosol_can/objaverse_xl/c686040727519dde172ba46d69ee7ce4df4607d3e72625bcc0a7082273b4e1b9/c686040727519dde172ba46d69ee7ce4df4607d3e72625bcc0a7082273b4e1b9.segmented.glb,110544,bd1f722314b9f5f369d8b217a079d6fa3032a9126c35f49cb84b03493b62ade1
2,C001__S02__aerosol_can__objaverse_xl__60687f522812f0ee18e8b77045420eb096eff8aaafc9a7c4f04d1fca5634d987,C001,aerosol_can,2,objaverse_xl,60687f522812f0ee18e8b77045420eb096eff8aaafc9a7c4f04d1fca5634d987,/mnt/zsn/lyb/arti-skill/exp/artiverse_n5_uniform_studio_256_v1/aerosol_can/objaverse_xl/60687f522812f0ee18e8b77045420eb096eff8aaafc9a7c4f04d1fca5634d987/imgs/000.png,66388,5cac791a9675429f9a5d31e0cc498365d6b5df947cdb643aab59a752e1780cb4,11,objaverse_xl,data/aerosol_can/objaverse_xl/60687f522812f0ee18e8b77045420eb096eff8aaafc9a7c4f04d1fca5634d987,17e2710f19d01ad54a60e0f16546fab6957c556712086e0ee76f99dcdd34f25d,/mnt/zsn/lyb/arti-skill/exp/artiverse/data/aerosol_can/objaverse_xl/60687f522812f0ee18e8b77045420eb096eff8aaafc9a7c4f04d1fca5634d987/60687f522812f0ee18e8b77045420eb096eff8aaafc9a7c4f04d1fca5634d987.segmented.glb,3542548,d1333f20e5a2248b45e3456ec8a25dc7c0f8d972f000d6a747bef33ec9f8cfb3
3,C001__S03__aerosol_can__objaverse_xl__ed0f2de2e0ab86665e80a974f15dce23ee69723d0a43cfe305fcde281790f49e,C001,aerosol_can,3,objaverse_xl,ed0f2de2e0ab86665e80a974f15dce23ee69723d0a43cfe305fcde281790f49e,/mnt/zsn/lyb/arti-skill/exp/artiverse_n5_uniform_studio_256_v1/aerosol_can/objaverse_xl/ed0f2de2e0ab86665e80a974f15dce23ee69723d0a43cfe305fcde281790f49e/imgs/000.png,71437,fb33792ed60c4b5413dc831ac3304c0649d2f942d8572d96dd0740a02c2b03f4,15,objaverse_xl,data/aerosol_can/objaverse_xl/ed0f2de2e0ab86665e80a974f15dce23ee69723d0a43cfe305fcde281790f49e,2b4c9d7ec5d0dcf9cfffa861308f5fc6290ce380899a56a14efcfacb2e5208ca,/mnt/zsn/lyb/arti-skill/exp/artiverse/data/aerosol_can/objaverse_xl/ed0f2de2e0ab86665e80a974f15dce23ee69723d0a43cfe305fcde281790f49e/ed0f2de2e0ab86665e80a974f15dce23ee69723d0a43cfe305fcde281790f49e.segmented.glb,35004,24c89a8993c91f207ee41a260acbf0544f4519ffb22ec5ab821b836812d27924
4,C001__S04__aerosol_can__objaverse__4c8af55af44c4e888fa9e3ca037f65e3,C001,aerosol_can,4,objaverse,4c8af55af44c4e888fa9e3ca037f65e3,/mnt/zsn/lyb/arti-skill/exp/artiverse_n5_uniform_studio_256_v1/aerosol_can/objaverse/4c8af55af44c4e888fa9e3ca037f65e3/imgs/000.png,79274,a01907925f280125412ef837a20cc117f9a227ba511b630d310d4a6a8c58b69d,4,objaverse,data/aerosol_can/objaverse/4c8af55af44c4e888fa9e3ca037f65e3,5418d0090efdf7e481056c7fe6bbf894168529f14f0731cd386ccad05b3ff959,/mnt/zsn/lyb/arti-skill/exp/artiverse/data/aerosol_can/objaverse/4c8af55af44c4e888fa9e3ca037f65e3/4c8af55af44c4e888fa9e3ca037f65e3.segmented.glb,2665020,e75d7d20d7b859a28a41a8eb44f72596024cffc7ddc3c6d49c2a7fc296784077
5,C001__S05__aerosol_can__objaverse_xl__f0c1582a186fe47d067940d1c6a82e9f91591d26e81ca514b3734b1c56a03d16,C001,aerosol_can,5,objaverse_xl,f0c1582a186fe47d067940d1c6a82e9f91591d26e81ca514b3734b1c56a03d16,/mnt/zsn/lyb/arti-skill/exp/artiverse_n5_uniform_studio_256_v1/aerosol_can/objaverse_xl/f0c1582a186fe47d067940d1c6a82e9f91591d26e81ca514b3734b1c56a03d16/imgs/000.png,83464,343ab2e6a2542523ccfcc9b31ef807b9a515bdec85ef78b67db6c6dba4104616,16,objaverse_xl,data/aerosol_can/objaverse_xl/f0c1582a186fe47d067940d1c6a82e9f91591d26e81ca514b3734b1c56a03d16,5d93ca34dc4cbcb17030da0d4b10a9eec045cfb67830cfb941efb38a901ade27,/mnt/zsn/lyb/arti-skill/exp/artiverse/data/aerosol_can/objaverse_xl/f0c1582a186fe47d067940d1c6a82e9f91591d26e81ca514b3734b1c56a03d16/f0c1582a186fe47d067940d1c6a82e9f91591d26e81ca514b3734b1c56a03d16.segmented.glb,296408,6c160d363c20e3cc2e4d0b9f21621db94c2713d23483947c6b0bb3a3b0e10503
6,C002__S01__armoire__fpModel__36cb9151e8746f132b466046b29dc649edff0683,C002,armoire,1,fpModel,36cb9151e8746f132b466046b29dc649edff0683,/mnt/zsn/lyb/arti-skill/exp/artiverse_n5_uniform_studio_256_v1/armoire/fpModel/36cb9151e8746f132b466046b29dc649edff0683/imgs/000.png,100888,4c1135db97f9fc4412e3e60b399f9ff64b2543a5b0ae9fe15d885d775d99fa46,61,fpModel,data/armoire/fpModel/36cb9151e8746f132b466046b29dc649edff0683,076529bdb22cbdf7ee64e2a5e26ea640a7f5d5be895deabbda24c56cee118e53,/mnt/zsn/lyb/arti-skill/exp/artiverse/data/armoire/fpModel/36cb9151e8746f132b466046b29dc649edff0683/36cb9151e8746f132b466046b29dc649edff0683.segmented.glb,675892,8e3343293cc074bffb873db114dcd296fc81f3d634e860cffc1404f3f14e5a7a
7,C002__S02__armoire__3dfModel__f7efeaa4-5b51-416f-9f0b-33d9714b4fae,C002,armoire,2,3dfModel,f7efeaa4-5b51-416f-9f0b-33d9714b4fae,/mnt/zsn/lyb/arti-skill/exp/artiverse_n5_uniform_studio_256_v1/armoire/3dfModel/f7efeaa4-5b51-416f-9f0b-33d9714b4fae/imgs/000.png,76365,e07b806fd01887ca2084f5a9767b3d3e10b4e36817c2083f1039888a68457bf2,22,3dfModel,data/armoire/3dfModel/f7efeaa4-5b51-416f-9f0b-33d9714b4fae,081892cc32bdbc28ff379244a61a18e1e31de75bba413a4ce43984694b3d2d8f,/mnt/zsn/lyb/arti-skill/exp/artiverse/data/armoire/3dfModel/f7efeaa4-5b51-416f-9f0b-33d9714b4fae/f7efeaa4-5b51-416f-9f0b-33d9714b4fae.segmented.glb,790680,c32b128b6d3a7f35a33436ad9be511e35e2e986984305e74522109a026dbc17a
8,C002__S03__armoire__fpModel__c7c5a1b22bc45672ee746040a0113a80f8e85531,C002,armoire,3,fpModel,c7c5a1b22bc45672ee746040a0113a80f8e85531,/mnt/zsn/lyb/arti-skill/exp/artiverse_n5_uniform_studio_256_v1/armoire/fpModel/c7c5a1b22bc45672ee746040a0113a80f8e85531/imgs/000.png,69281,03809a1d3028fa8b7c31381d6f6dd170be50bc45dd71d300804885d3a0c76178,104,fpModel,data/armoire/fpModel/c7c5a1b22bc45672ee746040a0113a80f8e85531,0b11773dde7c3b4a833b68f99ee6e5c5df1cc4885440108b09f531452c8b048f,/mnt/zsn/lyb/arti-skill/exp/artiverse/data/armoire/fpModel/c7c5a1b22bc45672ee746040a0113a80f8e85531/c7c5a1b22bc45672ee746040a0113a80f8e85531.segmented.glb,196124,5edc5a573c6e5a962b3e7dc8089422f0e6b5c37663cd9fcce96eb7256ebce041
9,C002__S04__armoire__fpModel__f19f4eb60204eef42a4dc3b073ef9006916a2c0b,C002,armoire,4,fpModel,f19f4eb60204eef42a4dc3b073ef9006916a2c0b,/mnt/zsn/lyb/arti-skill/exp/artiverse_n5_uniform_studio_256_v1/armoire/fpModel/f19f4eb60204eef42a4dc3b073ef9006916a2c0b/imgs/000.png,77015,23c0998ca016f5fd3bf464e85169f32509ba668198cafc4bc84766d309751d41,119,fpModel,data/armoire/fpModel/f19f4eb60204eef42a4dc3b073ef9006916a2c0b,0ba8d9d6b102a8ade9e63d1af1c9e21e073a32655497862be9f7b526a802b9fc,/mnt/zsn/lyb/arti-skill/exp/artiverse/data/armoire/fpModel/f19f4eb60204eef42a4dc3b073ef9006916a2c0b/f19f4eb60204eef42a4dc3b073ef9006916a2c0b.segmented.glb,4441988,55bd2febdabf6b2ca32d7f08ecc3fcd7337a27abb9455af591eeaf1e5b5232bc
10,C002__S05__armoire__wss__7f416248bb57f1c0598f1102685df4cd,C002,armoire,5,wss,7f416248bb57f1c0598f1102685df4cd,/mnt/zsn/lyb/arti-skill/exp/artiverse_n5_uniform_studio_256_v1/armoire/wss/7f416248bb57f1c0598f1102685df4cd/imgs/000.png,80040,a11118cd829f1728d534832f1eb7403629c0f594e2572173403a04937106621a,129,wss,data/armoire/wss/7f416248bb57f1c0598f1102685df4cd,1131e0fa1d46e634622d08f621af6066d11eed4cc0a4aff08332fed84e2724eb,/mnt/zsn/lyb/arti-skill/exp/artiverse/data/armoire/wss/7f416248bb57f1c0598f1102685df4cd/7f416248bb57f1c0598f1102685df4cd.segmented.glb,169496,c3aba996ee03090430a3cefb91a8fc9caafd338dbe3e10690f66c9a0aaa812e2
11,C003__S01__bar_stool__3dw__ae5b18b3515c84ee39683a06407f7f3,C003,bar_stool,1,3dw,ae5b18b3515c84ee39683a06407f7f3,/mnt/zsn/lyb/arti-skill/exp/artiverse_n5_uniform_studio_256_v1/bar_stool/3dw/ae5b18b3515c84ee39683a06407f7f3/imgs/000.png,76464,04292f6ae36f2de738bf436f8898e807017b5110e6ce939ad070b8005788454f,138,3dw,data/bar_stool/3dw/ae5b18b3515c84ee39683a06407f7f3,064a3a181ded5514f8a863493111eeaeb52650b5180ae911a00174a9e978c76e,/mnt/zsn/lyb/arti-skill/exp/artiverse/data/bar_stool/3dw/ae5b18b3515c84ee39683a06407f7f3/ae5b18b3515c84ee39683a06407f7f3.segmented.glb,1091160,84dddc993405d75add2a6498e0b2b9253c273331117a7c4f77fd400603cbbdcf
12,C003__S02__bar_stool__3dfModel__447e7b39-e2a9-3857-b889-1088270d771a,C003,bar_stool,2,3dfModel,447e7b39-e2a9-3857-b889-1088270d771a,/mnt/zsn/lyb/arti-skill/exp/artiverse_n5_uniform_studio_256_v1/bar_stool/3dfModel/447e7b39-e2a9-3857-b889-1088270d771a/imgs/000.png,80358,374f5b6f8f864e6a04e6b12e7dad2c6f17054d5c56f7541cd6f93659aea1f27e,135,3dfModel,data/bar_stool/3dfModel/447e7b39-e2a9-3857-b889-1088270d771a,39dc3bbbd626bf2be92ab7b2a500b61e1fabe9db1d1e99d4dc5db24970993e8a,/mnt/zsn/lyb/arti-skill/exp/artiverse/data/bar_stool/3dfModel/447e7b39-e2a9-3857-b889-1088270d771a/447e7b39-e2a9-3857-b889-1088270d771a.segmented.glb,1406112,12397b130bfd3eb47b228860aed5507ca1b07e5cd700f5891a7226d34d64fda7
13,C003__S03__bar_stool__abo__B07R3X38R8,C003,bar_stool,3,abo,B07R3X38R8,/mnt/zsn/lyb/arti-skill/exp/artiverse_n5_uniform_studio_256_v1/bar_stool/abo/B07R3X38R8/imgs/000.png,73923,071851a55d552bd00e7ad8a3d496c7bc4b748199be6cb7c423cba463de7e1f5e,141,abo,data/bar_stool/abo/B07R3X38R8,481c6fef9e126c2371bc7f06cc74469b13500022b00dc6c95826d38ed3116414,/mnt/zsn/lyb/arti-skill/exp/artiverse/data/bar_stool/abo/B07R3X38R8/B07R3X38R8.segmented.glb,24807116,8608fb8495b7ac2ace7911038ff05e48c125ef81496269db87921d7bef952b44
14,C003__S04__bar_stool__fpModel__70bd930f4beef594c96e8f228535b7f188a161ef,C003,bar_stool,4,fpModel,70bd930f4beef594c96e8f228535b7f188a161ef,/mnt/zsn/lyb/arti-skill/exp/artiverse_n5_uniform_studio_256_v1/bar_stool/fpModel/70bd930f4beef594c96e8f228535b7f188a161ef/imgs/000.png,72285,0d25123e59241646ee2dfcea806ffddfbf314b6c736f3adcf048a5519ca3ac7d,143,fpModel,data/bar_stool/fpModel/70bd930f4beef594c96e8f228535b7f188a161ef,58de290d9af9dde7d98f6f11310619596d5e2cddef9ad52897297c2e0b04b7c7,/mnt/zsn/lyb/arti-skill/exp/artiverse/data/bar_stool/fpModel/70bd930f4beef594c96e8f228535b7f188a161ef/70bd930f4beef594c96e8f228535b7f188a161ef.segmented.glb,312988,ef15e06fdda62bcd59f3902d699e14b226abf6962e666ff00ca1710f2a9f9c70
15,C003__S05__bar_stool__3dfModel__65577db9-83b0-4693-90c8-24c4522d071d,C003,bar_stool,5,3dfModel,65577db9-83b0-4693-90c8-24c4522d071d,/mnt/zsn/lyb/arti-skill/exp/artiverse_n5_uniform_studio_256_v1/bar_stool/3dfModel/65577db9-83b0-4693-90c8-24c4522d071d/imgs/000.png,74769,b1770a22a9f6b3dc7166deefb09989e624cec6711e85bd74e59e887940713366,136,3dfModel,data/bar_stool/3dfModel/65577db9-83b0-4693-90c8-24c4522d071d,5fff81d1b463a1b2a75d0932c1e1c5cc29751c51d8e7973c451782ce68d4a1ed,/mnt/zsn/lyb/arti-skill/exp/artiverse/data/bar_stool/3dfModel/65577db9-83b0-4693-90c8-24c4522d071d/65577db9-83b0-4693-90c8-24c4522d071d.segmented.glb,1975468,b594c45ab93dab69f03b91288c521f8f72b8101b864e0116477af62f9c501156
16,C004__S01__blender__3dw__dac56f9b33a03b63eed4b2bb88c072a8,C004,blender,1,3dw,dac56f9b33a03b63eed4b2bb88c072a8,/mnt/zsn/lyb/arti-skill/exp/artiverse_n5_uniform_studio_256_v1/blender/3dw/dac56f9b33a03b63eed4b2bb88c072a8/imgs/000.png,82202,356918f3309185561bb6b38d62f112bcdbdca13daa9e013a8aff30a7a79cdd9d,145,3dw,data/blender/3dw/dac56f9b33a03b63eed4b2bb88c072a8,06fb069156b988194bce6b0bbc19067f42e81756077a5ab3fa7f3787a68c8de3,/mnt/zsn/lyb/arti-skill/exp/artiverse/data/blender/3dw/dac56f9b33a03b63eed4b2bb88c072a8/dac56f9b33a03b63eed4b2bb88c072a8.segmented.glb,1025384,d3a878855695f586ccd374559b1b222d6aa6b56e07feb358beaf2bb678bf3f04
17,C004__S02__blender__objaverse__6bb71a461929468caf5ba9a60e4529ff,C004,blender,2,objaverse,6bb71a461929468caf5ba9a60e4529ff,/mnt/zsn/lyb/arti-skill/exp/artiverse_n5_uniform_studio_256_v1/blender/objaverse/6bb71a461929468caf5ba9a60e4529ff/imgs/000.png,74732,397564d370e628d98cc812de07aa21fdfc08a89381595726519db8e9c8278135,147,objaverse,data/blender/objaverse/6bb71a461929468caf5ba9a60e4529ff,45e6a5ce5fbe5dcc633586b558031519f4590cd6dfd6bb6b6b50600d387eef37,/mnt/zsn/lyb/arti-skill/exp/artiverse/data/blender/objaverse/6bb71a461929468caf5ba9a60e4529ff/6bb71a461929468caf5ba9a60e4529ff.segmented.glb,851508,dba2105e6276bda07a1327d5ab3ad16d0306ec94daa4853a36abddbd0dea8e20
18,C004__S03__blender__objaverse_xl__b94ab4e53d3423d44993c0c258c8f4ede7d5d7a5dfd767c4850a9a54419b070d,C004,blender,3,objaverse_xl,b94ab4e53d3423d44993c0c258c8f4ede7d5d7a5dfd767c4850a9a54419b070d,/mnt/zsn/lyb/arti-skill/exp/artiverse_n5_uniform_studio_256_v1/blender/objaverse_xl/b94ab4e53d3423d44993c0c258c8f4ede7d5d7a5dfd767c4850a9a54419b070d/imgs/000.png,75651,9ec924ccb19efa582488fe76b8946eb69b580820f64be6d1edb7d43f26239168,151,objaverse_xl,data/blender/objaverse_xl/b94ab4e53d3423d44993c0c258c8f4ede7d5d7a5dfd767c4850a9a54419b070d,59d7f4758eaebcc1d509f7aa802455bdbc4168876af924214868ecad9e0291d3,/mnt/zsn/lyb/arti-skill/exp/artiverse/data/blender/objaverse_xl/b94ab4e53d3423d44993c0c258c8f4ede7d5d7a5dfd767c4850a9a54419b070d/b94ab4e53d3423d44993c0c258c8f4ede7d5d7a5dfd767c4850a9a54419b070d.segmented.glb,262816,fb4f7712c38089c89db8f2a9dab5aae7f95db754db79af5474de6f584d311aeb
19,C004__S04__blender__texverse__d5fc197375a94513a5303b00099be555_1024,C004,blender,4,texverse,d5fc197375a94513a5303b00099be555_1024,/mnt/zsn/lyb/arti-skill/exp/artiverse_n5_uniform_studio_256_v1/blender/texverse/d5fc197375a94513a5303b00099be555_1024/imgs/000.png,77830,b4832aabe36aeb12beb2c749181ce2ac1d0d4b32155789732b279381fd1a257f,155,texverse,data/blender/texverse/d5fc197375a94513a5303b00099be555_1024,68b85f6655df8c43b7725ec1d0aa6506e388d23d06e212f6b2e4f402ea805ee0,/mnt/zsn/lyb/arti-skill/exp/artiverse/data/blender/texverse/d5fc197375a94513a5303b00099be555_1024/d5fc197375a94513a5303b00099be555_1024.segmented.glb,904592,b1afc649e90f7ebbec9182632d371abf2e23143e01977a1828088de47ec90f2e
20,C004__S05__blender__objaverse__995ec373d380457e990057e6fdadcfab,C004,blender,5,objaverse,995ec373d380457e990057e6fdadcfab,/mnt/zsn/lyb/arti-skill/exp/artiverse_n5_uniform_studio_256_v1/blender/objaverse/995ec373d380457e990057e6fdadcfab/imgs/000.png,72797,1dbff61f59ea7e8cb29597f9411dbadb46ccc82c609df9e77fc77344aee30c95,148,objaverse,data/blender/objaverse/995ec373d380457e990057e6fdadcfab,7cc3571719bdb635134ea122df407e58ccfa7e46836e89e0672efb26608e5b95,/mnt/zsn/lyb/arti-skill/exp/artiverse/data/blender/objaverse/995ec373d380457e990057e6fdadcfab/995ec373d380457e990057e6fdadcfab.segmented.glb,851512,c2f115b2d22ebe7bcdbd35679cbe16a9aab99ce193f91718112a83f12ac87962
21,C005__S01__bookcase__fpModel__b136d105af1f63f9caaae98c3942a9415123fd0c,C005,bookcase,1,fpModel,b136d105af1f63f9caaae98c3942a9415123fd0c,/mnt/zsn/lyb/arti-skill/exp/artiverse_n5_uniform_studio_256_v1/bookcase/fpModel/b136d105af1f63f9caaae98c3942a9415123fd0c/imgs/000.png,90643,b9806e239a960ce9f330325c81d631c76f25144293cf352f717fd9970007273a,174,fpModel,data/bookcase/fpModel/b136d105af1f63f9caaae98c3942a9415123fd0c,03461ed4e7af058b2c5e5463fad7deef21f17db18066b31c21017f97253c01b2,/mnt/zsn/lyb/arti-skill/exp/artiverse/data/bookcase/fpModel/b136d105af1f63f9caaae98c3942a9415123fd0c/b136d105af1f63f9caaae98c3942a9415123fd0c.segmented.glb,6658652,b247719812f8d2c4a8e5ee80c778d30b7be34f126061fe339cf2475f3c8448e4
22,C005__S02__bookcase__fpModel__0de5288928717b30ef111c44a6af982247c279b6,C005,bookcase,2,fpModel,0de5288928717b30ef111c44a6af982247c279b6,/mnt/zsn/lyb/arti-skill/exp/artiverse_n5_uniform_studio_256_v1/bookcase/fpModel/0de5288928717b30ef111c44a6af982247c279b6/imgs/000.png,96814,4bb6d9c4abb7f1c9c32ed1ba12e893d3b251f24411a6f7720250203e6895d814,160,fpModel,data/bookcase/fpModel/0de5288928717b30ef111c44a6af982247c279b6,09490e913dde28397f0019feaf37e2f20ed932983cab36dc26938861e4d25552,/mnt/zsn/lyb/arti-skill/exp/artiverse/data/bookcase/fpModel/0de5288928717b30ef111c44a6af982247c279b6/0de5288928717b30ef111c44a6af982247c279b6.segmented.glb,707180,e1a61edddd337e79980eb3758facaad9aa43f9e67576d3d7e4e156b7bdb601f9
23,C005__S03__bookcase__fpModel__979ae06f639a0a37dd07202282f5d65c3cba8425,C005,bookcase,3,fpModel,979ae06f639a0a37dd07202282f5d65c3cba8425,/mnt/zsn/lyb/arti-skill/exp/artiverse_n5_uniform_studio_256_v1/bookcase/fpModel/979ae06f639a0a37dd07202282f5d65c3cba8425/imgs/000.png,84906,6fe9d479f29692c7de6b7ccbfb4f1ed5d7f8aa5e160bf997c9f6c4051162a423,171,fpModel,data/bookcase/fpModel/979ae06f639a0a37dd07202282f5d65c3cba8425,17fa4601d5a4752bd0bb2fece3740677ef14d3586a822c8d85afc0123ed52bb3,/mnt/zsn/lyb/arti-skill/exp/artiverse/data/bookcase/fpModel/979ae06f639a0a37dd07202282f5d65c3cba8425/979ae06f639a0a37dd07202282f5d65c3cba8425.segmented.glb,2428520,9f25bfe35e44941197ce11ea5bd145e774aaf94cc2cd0bbec84e8433d5c6f058
24,C005__S04__bookcase__fpModel__4f89b3cd70cb8d85fa7e9f050ea71aed1c3d80cb,C005,bookcase,4,fpModel,4f89b3cd70cb8d85fa7e9f050ea71aed1c3d80cb,/mnt/zsn/lyb/arti-skill/exp/artiverse_n5_uniform_studio_256_v1/bookcase/fpModel/4f89b3cd70cb8d85fa7e9f050ea71aed1c3d80cb/imgs/000.png,84725,ddbeecc1434e57d3fb5a8a12fa16bc9445d2eb33bb6ca30f8f05aefb785f85a3,166,fpModel,data/bookcase/fpModel/4f89b3cd70cb8d85fa7e9f050ea71aed1c3d80cb,20c21aa1f42af886e368b6fd060b0d8dd85b99be2862612e08952f4557e5e0c9,/mnt/zsn/lyb/arti-skill/exp/artiverse/data/bookcase/fpModel/4f89b3cd70cb8d85fa7e9f050ea71aed1c3d80cb/4f89b3cd70cb8d85fa7e9f050ea71aed1c3d80cb.segmented.glb,5656136,03a15c7ffc488449d74f8f686200a7fa10a0d78aafe8c207b7b63e7f3d47c718
25,C005__S05__bookcase__fpModel__3a8afefa6b4a735293520f5bd14f3ec9d456a004_part_45,C005,bookcase,5,fpModel,3a8afefa6b4a735293520f5bd14f3ec9d456a004_part_45,/mnt/zsn/lyb/arti-skill/exp/artiverse_n5_uniform_studio_256_v1/bookcase/fpModel/3a8afefa6b4a735293520f5bd14f3ec9d456a004_part_45/imgs/000.png,88384,3d562d9972078689decb578270536d0a65ae36a82098aa86120a0d2ad89fabf8,163,fpModel,data/bookcase/fpModel/3a8afefa6b4a735293520f5bd14f3ec9d456a004_part_45,321436cb8bf3e922ff54574a2565fa1c82cda38fedca67ab8324650870b0cd1c,/mnt/zsn/lyb/arti-skill/exp/artiverse/data/bookcase/fpModel/3a8afefa6b4a735293520f5bd14f3ec9d456a004_part_45/3a8afefa6b4a735293520f5bd14f3ec9d456a004_part_45.segmented.glb,4692764,71cdcfbedb39d17c5d180759cf27b5279f2685417f4d75e65e6bba082e34ef92
26,C006__S01__bottle__3dw__9c3d1a76d01c37ec9921431405933fd2,C006,bottle,1,3dw,9c3d1a76d01c37ec9921431405933fd2,/mnt/zsn/lyb/arti-skill/exp/artiverse_n5_uniform_studio_256_v1/bottle/3dw/9c3d1a76d01c37ec9921431405933fd2/imgs/000.png,79516,04011e50eac4fe98a8e90d036e4918a69333404f6f2cffc59ccd6fdbbaf56294,188,3dw,data/bottle/3dw/9c3d1a76d01c37ec9921431405933fd2,060e642cc0f4da3b6a4d774476259d44f6614674cbca0541a502e64f78c5887f,/mnt/zsn/lyb/arti-skill/exp/artiverse/data/bottle/3dw/9c3d1a76d01c37ec9921431405933fd2/9c3d1a76d01c37ec9921431405933fd2.segmented.glb,1337480,99b394274c26ac595969d4335f0af62812f2eb02d7ea34d8758254537ef7b2c6
27,C006__S02__bottle__wss__7446fa250adf49c5e7ef9fff09638f8e,C006,bottle,2,wss,7446fa250adf49c5e7ef9fff09638f8e,/mnt/zsn/lyb/arti-skill/exp/artiverse_n5_uniform_studio_256_v1/bottle/wss/7446fa250adf49c5e7ef9fff09638f8e/imgs/000.png,71877,3518f3fae8e4e210463dca4a168802c7d07ad672fff6950b266adf9e8c0a6fcb,218,wss,data/bottle/wss/7446fa250adf49c5e7ef9fff09638f8e,06d90adb872ee38f9a87ced6b4cf1697249f52975a0b04233ce2c217318a1190,/mnt/zsn/lyb/arti-skill/exp/artiverse/data/bottle/wss/7446fa250adf49c5e7ef9fff09638f8e/7446fa250adf49c5e7ef9fff09638f8e.segmented.glb,221980,6e7eb18a2bdb010b57f9b05b311721e03b3a9ccf6cbd1d52b3f659a43b16cc45
28,C006__S03__bottle__wss__11a0f60b9baaaf59968608843530f3d7,C006,bottle,3,wss,11a0f60b9baaaf59968608843530f3d7,/mnt/zsn/lyb/arti-skill/exp/artiverse_n5_uniform_studio_256_v1/bottle/wss/11a0f60b9baaaf59968608843530f3d7/imgs/000.png,70119,c66cc9d46b3a7b8b8033aa25c1134688a009624b2c07daadb97fe6a62eb99e83,207,wss,data/bottle/wss/11a0f60b9baaaf59968608843530f3d7,1709c6b5b5986583fd75b1a5f89f72b7f04b989d104d594e7d23a85c4a9efae4,/mnt/zsn/lyb/arti-skill/exp/artiverse/data/bottle/wss/11a0f60b9baaaf59968608843530f3d7/11a0f60b9baaaf59968608843530f3d7.segmented.glb,29204,a44cd9385ed90a7688bf4b73efe3050f3ab51edc08b79d29ddf064d6c2a0963f
29,C006__S04__bottle__3dw__a2abc4f235aaad92c99a7c5a2898f1fc,C006,bottle,4,3dw,a2abc4f235aaad92c99a7c5a2898f1fc,/mnt/zsn/lyb/arti-skill/exp/artiverse_n5_uniform_studio_256_v1/bottle/3dw/a2abc4f235aaad92c99a7c5a2898f1fc/imgs/000.png,80892,ad01ce8eae6cb1729f6d97a3846ea9627cc5fec6b3c497712c9830e89bb7f7b8,189,3dw,data/bottle/3dw/a2abc4f235aaad92c99a7c5a2898f1fc,1f739dc42d4a87f53062b111464317c6efcabcff9cf225867750e666d8f6f324,/mnt/zsn/lyb/arti-skill/exp/artiverse/data/bottle/3dw/a2abc4f235aaad92c99a7c5a2898f1fc/a2abc4f235aaad92c99a7c5a2898f1fc.segmented.glb,759700,f4b43d3d8bc6bd882770fde6c802d22514de80c20b8cf6de0c0ff63d040d1d54
30,C006__S05__bottle__fpModel__2af49526b00696ff2449c5e19f44d6b8e653a1b4_part_13,C006,bottle,5,fpModel,2af49526b00696ff2449c5e19f44d6b8e653a1b4_part_13,/mnt/zsn/lyb/arti-skill/exp/artiverse_n5_uniform_studio_256_v1/bottle/fpModel/2af49526b00696ff2449c5e19f44d6b8e653a1b4_part_13/imgs/000.png,76702,3ed67c140ddcc9340ed4dc323fff250ad0ffdb5f554eea0ee31d4b4d1db18a0c,196,fpModel,data/bottle/fpModel/2af49526b00696ff2449c5e19f44d6b8e653a1b4_part_13,205b4e12dfa7251c7f894bd4aef5b1d7a702e356615b5fd1f29b2a44456c3170,/mnt/zsn/lyb/arti-skill/exp/artiverse/data/bottle/fpModel/2af49526b00696ff2449c5e19f44d6b8e653a1b4_part_13/2af49526b00696ff2449c5e19f44d6b8e653a1b4_part_13.segmented.glb,1072468,e371a06964b32d60b22c0adb6fc0cb60bb5a890d3f94fc90ccc6cce4753d6e14
31,C007__S01__bucket__3dc200__35_017,C007,bucket,1,3dc200,35_017,/mnt/zsn/lyb/arti-skill/exp/artiverse_n5_uniform_studio_256_v1/bucket/3dc200/35_017/imgs/000.png,75696,22a637db3ff79d87682329c74cb59f7f201973e79ce139a3b1f68b434f83a240,249,3dc200,data/bucket/3dc200/35_017,036b02f84b3ebdbf3c72f82a9e0d27eb2a1592428ef3ba7b8c3c1e25d2cbeb0f,/mnt/zsn/lyb/arti-skill/exp/artiverse/data/bucket/3dc200/35_017/35_017.segmented.glb,7880244,8fcc835093c8c960b0578add846bf9d9d4babc295eee5205cd03871c3a8b56fb
32,C007__S02__bucket__3dc200__35_015,C007,bucket,2,3dc200,35_015,/mnt/zsn/lyb/arti-skill/exp/artiverse_n5_uniform_studio_256_v1/bucket/3dc200/35_015/imgs/000.png,78505,1c920d429cf88e4479d2d49340ebf0ecd2e91f6f8b17bd14d88dffa5e067b297,248,3dc200,data/bucket/3dc200/35_015,04ffd9aad28ec777f9c9ad97f7de9f6541da19c73004aa57c57facbc1b842af7,/mnt/zsn/lyb/arti-skill/exp/artiverse/data/bucket/3dc200/35_015/35_015.segmented.glb,5127740,fc796485e447e08b94f611ab23195740e936ebe4a3c01f4b39980631f0fce6cd
33,C007__S03__bucket__3dc200__35_045,C007,bucket,3,3dc200,35_045,/mnt/zsn/lyb/arti-skill/exp/artiverse_n5_uniform_studio_256_v1/bucket/3dc200/35_045/imgs/000.png,97755,c0741417d768618ccd675035666013c76c9aa483619966583b93608001473706,267,3dc200,data/bucket/3dc200/35_045,0ab219d9c92e562b997e05c7851b0385ae22cd7e13f8971f7a11af7a1d91e7de,/mnt/zsn/lyb/arti-skill/exp/artiverse/data/bucket/3dc200/35_045/35_045.segmented.glb,8654356,6ab62fbcd2f1620bec5d1473051d10a102a262ee3d963304201ce225620dfb7b
34,C007__S04__bucket__3dc200__35_035,C007,bucket,4,3dc200,35_035,/mnt/zsn/lyb/arti-skill/exp/artiverse_n5_uniform_studio_256_v1/bucket/3dc200/35_035/imgs/000.png,77412,14b31af3b9fb2fc9bdbe579f2c3ef8363fff46243684069ee9a67dd250b7fe80,266,3dc200,data/bucket/3dc200/35_035,0d2f2da0f5cfe34d74d0b2c5f0dff4721bbede4c3ce2e01a5e5d4ca71de35bc7,/mnt/zsn/lyb/arti-skill/exp/artiverse/data/bucket/3dc200/35_035/35_035.segmented.glb,14719920,8ce74455d41d56cbf7a1a48058a10d20c375b7c69d53e505779b736faa32ac18
35,C007__S05__bucket__3dc200__35_002,C007,bucket,5,3dc200,35_002,/mnt/zsn/lyb/arti-skill/exp/artiverse_n5_uniform_studio_256_v1/bucket/3dc200/35_002/imgs/000.png,81155,c437cbf1a58cded1d35b719550dcfabd5e103c1f462da255b572053b60a165d4,235,3dc200,data/bucket/3dc200/35_002,147b8a32f6594e557559f9606ddfc904e9bcffd42d1e5fd406d62d599645f2e5,/mnt/zsn/lyb/arti-skill/exp/artiverse/data/bucket/3dc200/35_002/35_002.segmented.glb,1826316,7c07e3fe8633b3a2b329e647143859f2c1ea2052531ae8adfb5f89c582fb7962
36,C008__S01__camera__wss__f7ee121bcda734f9e25865f244b5a66,C008,camera,1,wss,f7ee121bcda734f9e25865f244b5a66,/mnt/zsn/lyb/arti-skill/exp/artiverse_n5_uniform_studio_256_v1/camera/wss/f7ee121bcda734f9e25865f244b5a66/imgs/000.png,76362,e2e094d116028fbd8e1342d8dbff281c47ce398677cb08e7f7b1babcfbf639f2,285,wss,data/camera/wss/f7ee121bcda734f9e25865f244b5a66,8a6517606bacd2af971a82a136f7d3d36111f3d20c74a530b0336e5b02712c97,/mnt/zsn/lyb/arti-skill/exp/artiverse/data/camera/wss/f7ee121bcda734f9e25865f244b5a66/f7ee121bcda734f9e25865f244b5a66.segmented.glb,707892,3669acb63be6ccb2be1bbd3b9cfdd196fb483d0df6bf66b08d1bb369ac8d0361
37,C008__S02__camera__wss__f486c2f051c05ea5e352b5685b8d43e7,C008,camera,2,wss,f486c2f051c05ea5e352b5685b8d43e7,/mnt/zsn/lyb/arti-skill/exp/artiverse_n5_uniform_studio_256_v1/camera/wss/f486c2f051c05ea5e352b5685b8d43e7/imgs/000.png,80666,7d0e50dc2898976c17a650a55c606be5e255509a7b03c539b7ed762448fb818f,284,wss,data/camera/wss/f486c2f051c05ea5e352b5685b8d43e7,ad1272df311569d8ef4f8ee0c2149db81eeea80cbef647c679d6cd08141b4764,/mnt/zsn/lyb/arti-skill/exp/artiverse/data/camera/wss/f486c2f051c05ea5e352b5685b8d43e7/f486c2f051c05ea5e352b5685b8d43e7.segmented.glb,5694320,446688307af6d36e5d7a6cff0cfdd5e4f745493a5f20ac3a94393a564cc0dbca
38,C008__S03__camera__wss__ef8069fb0c4fa45454ea70ce1ed3957e,C008,camera,3,wss,ef8069fb0c4fa45454ea70ce1ed3957e,/mnt/zsn/lyb/arti-skill/exp/artiverse_n5_uniform_studio_256_v1/camera/wss/ef8069fb0c4fa45454ea70ce1ed3957e/imgs/000.png,76895,a5941e0dfef4d76ae098552f8685d4ce76edc27fdd1aa511fe86f88306eae961,283,wss,data/camera/wss/ef8069fb0c4fa45454ea70ce1ed3957e,fe8a89dfe20473e7bc93d7ca1bc84faa4bffb466dc37e29a63eb7db938ec9115,/mnt/zsn/lyb/arti-skill/exp/artiverse/data/camera/wss/ef8069fb0c4fa45454ea70ce1ed3957e/ef8069fb0c4fa45454ea70ce1ed3957e.segmented.glb,496904,f762cd56c011dd158080de0ac0351a16d812c98d8812122b1754d64a5a39ac23
39,C009__S01__cap_pen__3dw__3003c646791b45e1357344bbe34f53f5,C009,cap_pen,1,3dw,3003c646791b45e1357344bbe34f53f5,/mnt/zsn/lyb/arti-skill/exp/artiverse_n5_uniform_studio_256_v1/cap_pen/3dw/3003c646791b45e1357344bbe34f53f5/imgs/000.png,69517,569474896e184d79896ec9f4ec2657d856cce5b9aadd799fec636a1baf414212,286,3dw,data/cap_pen/3dw/3003c646791b45e1357344bbe34f53f5,0177d6d8f9e29b9127b96cda8ecc1b82b641c9cbd79478f0fc21f1bd3fb25767,/mnt/zsn/lyb/arti-skill/exp/artiverse/data/cap_pen/3dw/3003c646791b45e1357344bbe34f53f5/3003c646791b45e1357344bbe34f53f5.segmented.glb,36488,c51e4c7c15b718a6b3c7a1f47c2d6b7e08e7b391d9f0e5a1c36ef8f68699e8b8
40,C009__S02__cap_pen__wss__6db9d631ff966a5b6e839cadad6117f7,C009,cap_pen,2,wss,6db9d631ff966a5b6e839cadad6117f7,/mnt/zsn/lyb/arti-skill/exp/artiverse_n5_uniform_studio_256_v1/cap_pen/wss/6db9d631ff966a5b6e839cadad6117f7/imgs/000.png,70314,78ffda30b18cd834caf9075bcdbe4a6e9b8668e750e7f9b73d263e8d0c615c5a,294,wss,data/cap_pen/wss/6db9d631ff966a5b6e839cadad6117f7,11bda466ff55f86c988c06417424260afb8fc5a5bfe260e156793abf35facccb,/mnt/zsn/lyb/arti-skill/exp/artiverse/data/cap_pen/wss/6db9d631ff966a5b6e839cadad6117f7/6db9d631ff966a5b6e839cadad6117f7.segmented.glb,1574312,b8c84a6b6f0061f8d8e4f6305cd8b1e3679e265bf465da68cdd864767159c340
41,C009__S03__cap_pen__3dw__d3d8462d897197aa77034bcf2b943e87,C009,cap_pen,3,3dw,d3d8462d897197aa77034bcf2b943e87,/mnt/zsn/lyb/arti-skill/exp/artiverse_n5_uniform_studio_256_v1/cap_pen/3dw/d3d8462d897197aa77034bcf2b943e87/imgs/000.png,67266,0a69fe582dee326994f6868118eb453261df7824142cb96e7dca078e3dab098a,292,3dw,data/cap_pen/3dw/d3d8462d897197aa77034bcf2b943e87,14eac66e0edc41b406b29d6dc1056384bd4413a74afc5ff9c56fc83d56962a31,/mnt/zsn/lyb/arti-skill/exp/artiverse/data/cap_pen/3dw/d3d8462d897197aa77034bcf2b943e87/d3d8462d897197aa77034bcf2b943e87.segmented.glb,145440,aae5a4fd3ca37b0db50ba0b82e6b4f8a1b57fb2610a0275877358e0f287477ce
42,C009__S04__cap_pen__wss__50f37a61069bd804663d13fe53a3b750,C009,cap_pen,4,wss,50f37a61069bd804663d13fe53a3b750,/mnt/zsn/lyb/arti-skill/exp/artiverse_n5_uniform_studio_256_v1/cap_pen/wss/50f37a61069bd804663d13fe53a3b750/imgs/000.png,69372,e21cb7cd19ccf250f5e1555755cabf76ec48742612d35863eaacdae545c492d8,293,wss,data/cap_pen/wss/50f37a61069bd804663d13fe53a3b750,44363eca8b365683b1bcd96ef6014085313e99ca1816e6ea0bef6f379726045c,/mnt/zsn/lyb/arti-skill/exp/artiverse/data/cap_pen/wss/50f37a61069bd804663d13fe53a3b750/50f37a61069bd804663d13fe53a3b750.segmented.glb,1727588,842d28ce67b1858f2751a8223615fde59d7e3efe991977a7fe52bc8a5300e38e
43,C009__S05__cap_pen__3dw__a1e8db4ff9194437920de219c00d1c3b,C009,cap_pen,5,3dw,a1e8db4ff9194437920de219c00d1c3b,/mnt/zsn/lyb/arti-skill/exp/artiverse_n5_uniform_studio_256_v1/cap_pen/3dw/a1e8db4ff9194437920de219c00d1c3b/imgs/000.png,67198,c54763898cbe41c9a5913a1b19482c37647768855b2a04bd0b757fc95da8d9c5,290,3dw,data/cap_pen/3dw/a1e8db4ff9194437920de219c00d1c3b,4461618464e60610a8263c3a6c9e44086aeacf0fec767600f6f3f69c0a642214,/mnt/zsn/lyb/arti-skill/exp/artiverse/data/cap_pen/3dw/a1e8db4ff9194437920de219c00d1c3b/a1e8db4ff9194437920de219c00d1c3b.segmented.glb,499716,b7d8a75b423d2e7713cffbd5f1d80a75f36b85fc2c6f0517aa7d3e457d26e153
44,C010__S01__ceiling_fan__fpModel__14eec36e26211ebb7a14a24a85800ff206c9f4ca,C010,ceiling_fan,1,fpModel,14eec36e26211ebb7a14a24a85800ff206c9f4ca,/mnt/zsn/lyb/arti-skill/exp/artiverse_n5_uniform_studio_256_v1/ceiling_fan/fpModel/14eec36e26211ebb7a14a24a85800ff206c9f4ca/imgs/000.png,69673,ac417507f9f6c2f9ecd5e65ca20d5ff643bf43a2e1a9890db8fab19f54279623,297,fpModel,data/ceiling_fan/fpModel/14eec36e26211ebb7a14a24a85800ff206c9f4ca,4280bd8636199d3893342f5a88c8d65f93edb11384edd97d6b2f7469f683bf6b,/mnt/zsn/lyb/arti-skill/exp/artiverse/data/ceiling_fan/fpModel/14eec36e26211ebb7a14a24a85800ff206c9f4ca/14eec36e26211ebb7a14a24a85800ff206c9f4ca.segmented.glb,257388,d158772669bc208828f76bd72a64e1181a51cc2158e15bba022c8260e8ece027
45,C010__S02__ceiling_fan__fpModel__d5e647fdb3fe99a18906a67e83344081f1852446,C010,ceiling_fan,2,fpModel,d5e647fdb3fe99a18906a67e83344081f1852446,/mnt/zsn/lyb/arti-skill/exp/artiverse_n5_uniform_studio_256_v1/ceiling_fan/fpModel/d5e647fdb3fe99a18906a67e83344081f1852446/imgs/000.png,72486,0055dbba9c64bc34457670ec2441eab8b39dc41a86352079d27876b1fe318ac8,300,fpModel,data/ceiling_fan/fpModel/d5e647fdb3fe99a18906a67e83344081f1852446,6844d2fab1e7941073c20b0e9b634af3d8ab4258a7a508e844e3ab76b610e6d6,/mnt/zsn/lyb/arti-skill/exp/artiverse/data/ceiling_fan/fpModel/d5e647fdb3fe99a18906a67e83344081f1852446/d5e647fdb3fe99a18906a67e83344081f1852446.segmented.glb,130596,84c5600c78125e9e5cea349495c9bc5edfca6f3789f32c524b4d28e796f7fdc7
46,C010__S03__ceiling_fan__fpModel__55e1de5b5ab8291c9c29ecac4395e64dca748f30,C010,ceiling_fan,3,fpModel,55e1de5b5ab8291c9c29ecac4395e64dca748f30,/mnt/zsn/lyb/arti-skill/exp/artiverse_n5_uniform_studio_256_v1/ceiling_fan/fpModel/55e1de5b5ab8291c9c29ecac4395e64dca748f30/imgs/000.png,71898,447e5f0586be6f512194f1505b4532308512799ede7edf2f7f68ead7782b1472,298,fpModel,data/ceiling_fan/fpModel/55e1de5b5ab8291c9c29ecac4395e64dca748f30,6abc1f5f364839c50806b880caa3afd81aaa9990735c3e9f9e04ee93b35ff682,/mnt/zsn/lyb/arti-skill/exp/artiverse/data/ceiling_fan/fpModel/55e1de5b5ab8291c9c29ecac4395e64dca748f30/55e1de5b5ab8291c9c29ecac4395e64dca748f30.segmented.glb,750876,4230e78a1d02735fbbf08029ec1796bfec90b11f907dd775d9cef9d01b5c9a26
47,C010__S04__ceiling_fan__fpModel__1178f3e77d2ca208971092a4346ba3b3d70df7d8,C010,ceiling_fan,4,fpModel,1178f3e77d2ca208971092a4346ba3b3d70df7d8,/mnt/zsn/lyb/arti-skill/exp/artiverse_n5_uniform_studio_256_v1/ceiling_fan/fpModel/1178f3e77d2ca208971092a4346ba3b3d70df7d8/imgs/000.png,72176,b7abe3a0c84f0e16cfe3cab8827c99fd8531dad4e25e53ebdcf2db6cb88909d4,296,fpModel,data/ceiling_fan/fpModel/1178f3e77d2ca208971092a4346ba3b3d70df7d8,a44c355b82046ec1e6238cbf2cde2619dfa8af68940330367d6953b0ad4e30eb,/mnt/zsn/lyb/arti-skill/exp/artiverse/data/ceiling_fan/fpModel/1178f3e77d2ca208971092a4346ba3b3d70df7d8/1178f3e77d2ca208971092a4346ba3b3d70df7d8.segmented.glb,257044,97ffb313cf457390a1abde5a65f30f86fdafe8e81d1a7f1be8862425c7f5f94a
48,C010__S05__ceiling_fan__fpModel__8b6b51a58869080e3cbadbb2b9dad90c5f2369ae,C010,ceiling_fan,5,fpModel,8b6b51a58869080e3cbadbb2b9dad90c5f2369ae,/mnt/zsn/lyb/arti-skill/exp/artiverse_n5_uniform_studio_256_v1/ceiling_fan/fpModel/8b6b51a58869080e3cbadbb2b9dad90c5f2369ae/imgs/000.png,77187,88d3458169796ade1cde5b5376c6bb33dc413ec3f7c67ae8ae61d2c2d6cdd80e,299,fpModel,data/ceiling_fan/fpModel/8b6b51a58869080e3cbadbb2b9dad90c5f2369ae,f213d346e386eaf76386c112b6219454d3f575a4ee2b9a7f93022bbbfbb2f892,/mnt/zsn/lyb/arti-skill/exp/artiverse/data/ceiling_fan/fpModel/8b6b51a58869080e3cbadbb2b9dad90c5f2369ae/8b6b51a58869080e3cbadbb2b9dad90c5f2369ae.segmented.glb,15483300,941e895f2a5c1777cde0c92c516810966146e8c5c882ee1d5f57c04a6583a5ae
49,C011__S01__chest_of_drawers__3dfModel__abc7523e-b680-4e84-9106-eed9f6f0fdbe,C011,chest_of_drawers,1,3dfModel,abc7523e-b680-4e84-9106-eed9f6f0fdbe,/mnt/zsn/lyb/arti-skill/exp/artiverse_n5_uniform_studio_256_v1/chest_of_drawers/3dfModel/abc7523e-b680-4e84-9106-eed9f6f0fdbe/imgs/000.png,85233,f7a60f064b6c849586ef9d3529ee6fc607a8a2382bf82b17dafebd0371b53fee,429,3dfModel,data/chest_of_drawers/3dfModel/abc7523e-b680-4e84-9106-eed9f6f0fdbe,0033316249c913f8c71107562fe9c1f4beb65ed6cae7249915b0bf30980a914a,/mnt/zsn/lyb/arti-skill/exp/artiverse/data/chest_of_drawers/3dfModel/abc7523e-b680-4e84-9106-eed9f6f0fdbe/abc7523e-b680-4e84-9106-eed9f6f0fdbe.segmented.glb,1866348,c02a52b0a960b9ee38f08335019fea67f4dfe576e719cf378d8a71e44489b5a6
50,C011__S02__chest_of_drawers__3dfModel__15560c80-c144-49be-82f8-85bb07ffec5c,C011,chest_of_drawers,2,3dfModel,15560c80-c144-49be-82f8-85bb07ffec5c,/mnt/zsn/lyb/arti-skill/exp/artiverse_n5_uniform_studio_256_v1/chest_of_drawers/3dfModel/15560c80-c144-49be-82f8-85bb07ffec5c/imgs/000.png,87795,7f059789acd050db5f4a2b840d4e4534570167a3ccd5293703193ca72b9783b4,319,3dfModel,data/chest_of_drawers/3dfModel/15560c80-c144-49be-82f8-85bb07ffec5c,006e7c03829bd5df4035e2a2e94ee0f3c06e8ef91637ce7fe67be652ea3de854,/mnt/zsn/lyb/arti-skill/exp/artiverse/data/chest_of_drawers/3dfModel/15560c80-c144-49be-82f8-85bb07ffec5c/15560c80-c144-49be-82f8-85bb07ffec5c.segmented.glb,1746004,1c797daf07e6670fdef8c1c84c467471410b71c1bd3c1c9c75deaae4e8226432
51,C011__S03__chest_of_drawers__fpModel__065ec382b612213e49941b205a074141469eba31,C011,chest_of_drawers,3,fpModel,065ec382b612213e49941b205a074141469eba31,/mnt/zsn/lyb/arti-skill/exp/artiverse_n5_uniform_studio_256_v1/chest_of_drawers/fpModel/065ec382b612213e49941b205a074141469eba31/imgs/000.png,73686,a5c039043e00f8f0c9902b42d2694a3c466a722d41316afbd6bc5557d77f1373,536,fpModel,data/chest_of_drawers/fpModel/065ec382b612213e49941b205a074141469eba31,00b2d2c8495c8d36a499a5f6e6a6cb5353c47bba436dbb85d54bec7c7205e199,/mnt/zsn/lyb/arti-skill/exp/artiverse/data/chest_of_drawers/fpModel/065ec382b612213e49941b205a074141469eba31/065ec382b612213e49941b205a074141469eba31.segmented.glb,683272,b88f28c6c7bde126c6d70c0154acd5d0faa18fa2ba9c512b03bdcf20b514cf32
52,C011__S04__chest_of_drawers__fpModel__fb757ae376be045ec538f416544191b47e05bbb8,C011,chest_of_drawers,4,fpModel,fb757ae376be045ec538f416544191b47e05bbb8,/mnt/zsn/lyb/arti-skill/exp/artiverse_n5_uniform_studio_256_v1/chest_of_drawers/fpModel/fb757ae376be045ec538f416544191b47e05bbb8/imgs/000.png,73360,997dcb21fa10ba8c2566803f6754684c3bc8ed5f85f81448669b71f1d6141dd1,701,fpModel,data/chest_of_drawers/fpModel/fb757ae376be045ec538f416544191b47e05bbb8,01970128f9aaa2e302edcb2f053def60a68a430d8ad29de663660d324ba7e80e,/mnt/zsn/lyb/arti-skill/exp/artiverse/data/chest_of_drawers/fpModel/fb757ae376be045ec538f416544191b47e05bbb8/fb757ae376be045ec538f416544191b47e05bbb8.segmented.glb,193756,8639f5f494b9bcc7659dd38c40bf4fea704d05a0105251e93aeb1fbd64bc2829
53,C011__S05__chest_of_drawers__fpModel__671a738c995751adca603a8aef3781db5df82e84,C011,chest_of_drawers,5,fpModel,671a738c995751adca603a8aef3781db5df82e84,/mnt/zsn/lyb/arti-skill/exp/artiverse_n5_uniform_studio_256_v1/chest_of_drawers/fpModel/671a738c995751adca603a8aef3781db5df82e84/imgs/000.png,107128,63c8e39abc5e881530ba58af103af7a2dc37a96470a08e4b27b0366234378c47,595,fpModel,data/chest_of_drawers/fpModel/671a738c995751adca603a8aef3781db5df82e84,025ee1460bdea379a6894502e97db6336be2e20f7dc39f64a89024079c42e465,/mnt/zsn/lyb/arti-skill/exp/artiverse/data/chest_of_drawers/fpModel/671a738c995751adca603a8aef3781db5df82e84/671a738c995751adca603a8aef3781db5df82e84.segmented.glb,2716688,2beec72935d8b613d1debb7c9f099ff3e9182bd1cad0a9ae5a17e53420a2c2b4
54,C012__S01__clasp_knife__3dc200__74_029,C012,clasp_knife,1,3dc200,74_029,/mnt/zsn/lyb/arti-skill/exp/artiverse_n5_uniform_studio_256_v1/clasp_knife/3dc200/74_029/imgs/000.png,73874,d2164dddfc62cd89907a7f2a72e8d76828aa67b4993ff9e2df087bb814b6dcb8,721,3dc200,data/clasp_knife/3dc200/74_029,d59b8ed019e905925cc079c9ae087fab5254c26b5c7db40656342b2b512004d9,/mnt/zsn/lyb/arti-skill/exp/artiverse/data/clasp_knife/3dc200/74_029/74_029.segmented.glb,7672928,25d624afd3ef39bf56ee01f2de55f09b93454b816c1c4a27903aa18039dad914
55,C013__S01__coffee_table__texverse__b72107f5ceed42c59789ea4638ab3814_1024,C013,coffee_table,1,texverse,b72107f5ceed42c59789ea4638ab3814_1024,/mnt/zsn/lyb/arti-skill/exp/artiverse_n5_uniform_studio_256_v1/coffee_table/texverse/b72107f5ceed42c59789ea4638ab3814_1024/imgs/000.png,89033,5f1ceba0eb27b221ed4cdec4c28545abb71e51575f9e9a198e30744f76c64923,755,texverse,data/coffee_table/texverse/b72107f5ceed42c59789ea4638ab3814_1024,1c6609d664c263ff86f70849862f844d3bfa530cdabefd11a45c5b07b3d4608b,/mnt/zsn/lyb/arti-skill/exp/artiverse/data/coffee_table/texverse/b72107f5ceed42c59789ea4638ab3814_1024/b72107f5ceed42c59789ea4638ab3814_1024.segmented.glb,2218484,e0da7a9008eeed5d3a7d2d423874b33ee77ad1f0794193007790976e462a1d8a
56,C013__S02__coffee_table__3dfModel__60f31d5f-5196-4237-88b5-de02deecdbad,C013,coffee_table,2,3dfModel,60f31d5f-5196-4237-88b5-de02deecdbad,/mnt/zsn/lyb/arti-skill/exp/artiverse_n5_uniform_studio_256_v1/coffee_table/3dfModel/60f31d5f-5196-4237-88b5-de02deecdbad/imgs/000.png,90462,7acffdc5ac01ba9c6e012d63d9b65caffc32e96698afc086538338914dceb74c,724,3dfModel,data/coffee_table/3dfModel/60f31d5f-5196-4237-88b5-de02deecdbad,242069b9392138e48cedaef015295590f3c21b93cefa3bcbc2e472c69a63b47d,/mnt/zsn/lyb/arti-skill/exp/artiverse/data/coffee_table/3dfModel/60f31d5f-5196-4237-88b5-de02deecdbad/60f31d5f-5196-4237-88b5-de02deecdbad.segmented.glb,6018628,8053e389575226bffe227b9609c668b6c7882c632d19f9ccc9bab3465799c330
57,C013__S03__coffee_table__texverse__47e3b472cbdf4bf09f5a9485d3487ae9_1024,C013,coffee_table,3,texverse,47e3b472cbdf4bf09f5a9485d3487ae9_1024,/mnt/zsn/lyb/arti-skill/exp/artiverse_n5_uniform_studio_256_v1/coffee_table/texverse/47e3b472cbdf4bf09f5a9485d3487ae9_1024/imgs/000.png,82021,59bb5a8a0b77189b470b4877d45c580a90297f49b57e4b933c6a323e2fa6515b,751,texverse,data/coffee_table/texverse/47e3b472cbdf4bf09f5a9485d3487ae9_1024,2a2a054e19c1bed1603ea3fe2a5bb960d8ded647bb346a59a95a78818497c221,/mnt/zsn/lyb/arti-skill/exp/artiverse/data/coffee_table/texverse/47e3b472cbdf4bf09f5a9485d3487ae9_1024/47e3b472cbdf4bf09f5a9485d3487ae9_1024.segmented.glb,547864,c348864220aee3a60710cf110a24ff72cf314416009aebe707116cb4884c9955
58,C013__S04__coffee_table__objaverse_xl__3d4b203db889624a42c31c96285c88fd399fe25e375ba6f1e9af4e3e5414440c,C013,coffee_table,4,objaverse_xl,3d4b203db889624a42c31c96285c88fd399fe25e375ba6f1e9af4e3e5414440c,/mnt/zsn/lyb/arti-skill/exp/artiverse_n5_uniform_studio_256_v1/coffee_table/objaverse_xl/3d4b203db889624a42c31c96285c88fd399fe25e375ba6f1e9af4e3e5414440c/imgs/000.png,77030,6004513e54cff7e1ba7e550115776eadc71d4ebdb4a5831ec823f21c26bbf2fe,747,objaverse_xl,data/coffee_table/objaverse_xl/3d4b203db889624a42c31c96285c88fd399fe25e375ba6f1e9af4e3e5414440c,526285b126f18f683365aa466018efbcf40d76aef29fce774a1df0253bdae19a,/mnt/zsn/lyb/arti-skill/exp/artiverse/data/coffee_table/objaverse_xl/3d4b203db889624a42c31c96285c88fd399fe25e375ba6f1e9af4e3e5414440c/3d4b203db889624a42c31c96285c88fd399fe25e375ba6f1e9af4e3e5414440c.segmented.glb,221496,7c607d7ec16b304e5648024621ef80dcf20063da473187ffdfdce85c51d90e63
59,C013__S05__coffee_table__texverse__f7b39cad83bb43fe88c302e6dc895798_1024,C013,coffee_table,5,texverse,f7b39cad83bb43fe88c302e6dc895798_1024,/mnt/zsn/lyb/arti-skill/exp/artiverse_n5_uniform_studio_256_v1/coffee_table/texverse/f7b39cad83bb43fe88c302e6dc895798_1024/imgs/000.png,91726,04669385a33e7fdbbc85547b1eeccfa7ae200b8fe9bb1d63a4adec8b54ac2f01,756,texverse,data/coffee_table/texverse/f7b39cad83bb43fe88c302e6dc895798_1024,5815099ebfdbddb20f2e5d72eeb6266d192b22719795a2b40169109a6f8e935b,/mnt/zsn/lyb/arti-skill/exp/artiverse/data/coffee_table/texverse/f7b39cad83bb43fe88c302e6dc895798_1024/f7b39cad83bb43fe88c302e6dc895798_1024.segmented.glb,7670284,1de292779c26650fe5f1ab7f4244ad1dc8466327ab15a440f83e332c746f8974
60,C014__S01__desk__fpModel__fccbc696de991f8a9547b04138db49c8ae596bf0,C014,desk,1,fpModel,fccbc696de991f8a9547b04138db49c8ae596bf0,/mnt/zsn/lyb/arti-skill/exp/artiverse_n5_uniform_studio_256_v1/desk/fpModel/fccbc696de991f8a9547b04138db49c8ae596bf0/imgs/000.png,74718,aafdb71df2ea4de81dc835e5cee3e590a7712a388a62a52ae2a0df2f97b6f6b8,876,fpModel,data/desk/fpModel/fccbc696de991f8a9547b04138db49c8ae596bf0,00cfdc5ae6df87b186d02b5cf9d425549c1fb14c9a00376950a597a0003c5fe0,/mnt/zsn/lyb/arti-skill/exp/artiverse/data/desk/fpModel/fccbc696de991f8a9547b04138db49c8ae596bf0/fccbc696de991f8a9547b04138db49c8ae596bf0.segmented.glb,1666024,c0844b5782e9bb0fabd265f5cd2df413d5baa11d9c5c2c36c281b6d20bb66d58
61,C014__S02__desk__texverse__aa6e630c19c14b7d9f57776da494a950_1024,C014,desk,2,texverse,aa6e630c19c14b7d9f57776da494a950_1024,/mnt/zsn/lyb/arti-skill/exp/artiverse_n5_uniform_studio_256_v1/desk/texverse/aa6e630c19c14b7d9f57776da494a950_1024/imgs/000.png,84684,018ecd2cdd302978a1940fcd53336d23cc39f545d644b3da47670ae73e1eb6a7,967,texverse,data/desk/texverse/aa6e630c19c14b7d9f57776da494a950_1024,01262183cb4bdd861d89b97855d01a8d32822a8dc17b7512ce96eb3c3cabe28a,/mnt/zsn/lyb/arti-skill/exp/artiverse/data/desk/texverse/aa6e630c19c14b7d9f57776da494a950_1024/aa6e630c19c14b7d9f57776da494a950_1024.segmented.glb,3613496,f74be553488d117ee3194524b9cf74d899766a00291300743f456e65ad561701
62,C014__S03__desk__objaverse_xl__50fa4039a97acaf1ae97ac3d590bec9d8b5f2387be1c1c1ac227c38caed72b58,C014,desk,3,objaverse_xl,50fa4039a97acaf1ae97ac3d590bec9d8b5f2387be1c1c1ac227c38caed72b58,/mnt/zsn/lyb/arti-skill/exp/artiverse_n5_uniform_studio_256_v1/desk/objaverse_xl/50fa4039a97acaf1ae97ac3d590bec9d8b5f2387be1c1c1ac227c38caed72b58/imgs/000.png,82638,bb29c76950dc98d1756762665bd6f908575205e1421fc3a2565f413084b178d5,894,objaverse_xl,data/desk/objaverse_xl/50fa4039a97acaf1ae97ac3d590bec9d8b5f2387be1c1c1ac227c38caed72b58,02544355ea424b1b78404aefda7ced8db49d78c8d34ac83bb2f1f23a33b49f8f,/mnt/zsn/lyb/arti-skill/exp/artiverse/data/desk/objaverse_xl/50fa4039a97acaf1ae97ac3d590bec9d8b5f2387be1c1c1ac227c38caed72b58/50fa4039a97acaf1ae97ac3d590bec9d8b5f2387be1c1c1ac227c38caed72b58.segmented.glb,48605500,34fba952bd304817f29b70927bcfd075830c5c8ab7db4df06dc9ca52580b8431
63,C014__S04__desk__3dfModel__0a6ce4c3-1fbd-4135-b441-40a07c634660,C014,desk,4,3dfModel,0a6ce4c3-1fbd-4135-b441-40a07c634660,/mnt/zsn/lyb/arti-skill/exp/artiverse_n5_uniform_studio_256_v1/desk/3dfModel/0a6ce4c3-1fbd-4135-b441-40a07c634660/imgs/000.png,80774,e6360be47ce75f74a688229252ab6856563954044f9b08dcdb0aab13f352001f,757,3dfModel,data/desk/3dfModel/0a6ce4c3-1fbd-4135-b441-40a07c634660,05a6c63548d2f3833cc8abac810339d4cb7d78815667ef44cd07fcd599defac2,/mnt/zsn/lyb/arti-skill/exp/artiverse/data/desk/3dfModel/0a6ce4c3-1fbd-4135-b441-40a07c634660/0a6ce4c3-1fbd-4135-b441-40a07c634660.segmented.glb,1855200,5839989fd3ca62dc5bd7259fadfbfa15ffc58c27715efccbb9818ec153f21d51
64,C014__S05__desk__fpModel__24430dbe765dd54d727d0ba3d234601142805e4b,C014,desk,5,fpModel,24430dbe765dd54d727d0ba3d234601142805e4b,/mnt/zsn/lyb/arti-skill/exp/artiverse_n5_uniform_studio_256_v1/desk/fpModel/24430dbe765dd54d727d0ba3d234601142805e4b/imgs/000.png,80498,4b7b28b53eeebd0604ec7a9030d008f8b5191e71d3526ea30238861c178bfc73,822,fpModel,data/desk/fpModel/24430dbe765dd54d727d0ba3d234601142805e4b,097e4093aa26879c682d91a5873795b2d8bd2ea2581cf4b4c5f0992a4fce8a6c,/mnt/zsn/lyb/arti-skill/exp/artiverse/data/desk/fpModel/24430dbe765dd54d727d0ba3d234601142805e4b/24430dbe765dd54d727d0ba3d234601142805e4b.segmented.glb,3150920,ab868972f6875bbc89d5eb9c84517386689d0d492c3a8663908d0abd102c976c
65,C015__S01__digital_piano__3dw__cae13ed2422461d7dfe7aeb56fc00bf,C015,digital_piano,1,3dw,cae13ed2422461d7dfe7aeb56fc00bf,/mnt/zsn/lyb/arti-skill/exp/artiverse_n5_uniform_studio_256_v1/digital_piano/3dw/cae13ed2422461d7dfe7aeb56fc00bf/imgs/000.png,80006,b29642c75f825b07f76e4fce0d6903e441614cb6cfa6beb349bf00f9ef226c6e,987,3dw,data/digital_piano/3dw/cae13ed2422461d7dfe7aeb56fc00bf,74622b8c2eb2458aa7544e23306db516594429346b7b81382b2cfb7bb3a7e380,/mnt/zsn/lyb/arti-skill/exp/artiverse/data/digital_piano/3dw/cae13ed2422461d7dfe7aeb56fc00bf/cae13ed2422461d7dfe7aeb56fc00bf.segmented.glb,3655288,414472b27deaedafce3d8c567f5b9d97ded20d6cfc8e44916e0137fc26a55d54
66,C015__S02__digital_piano__3dw__a8cd050cd15899e1111b6746634830eb,C015,digital_piano,2,3dw,a8cd050cd15899e1111b6746634830eb,/mnt/zsn/lyb/arti-skill/exp/artiverse_n5_uniform_studio_256_v1/digital_piano/3dw/a8cd050cd15899e1111b6746634830eb/imgs/000.png,72462,92e3b301b90fd18cc6132a1600a93437acc3961a73d04d98dee41a3c777ca487,986,3dw,data/digital_piano/3dw/a8cd050cd15899e1111b6746634830eb,b9aa746321f0ecee235ff94cfaa108030b474b22a13feeafc8d1d3db3675b5ee,/mnt/zsn/lyb/arti-skill/exp/artiverse/data/digital_piano/3dw/a8cd050cd15899e1111b6746634830eb/a8cd050cd15899e1111b6746634830eb.segmented.glb,527512,c86cf73a974a5e3689c88e14995f7875724865dbf70d1be91639f7225eea4aa9
67,C016__S01__dishwasher__3dc200__10_023,C016,dishwasher,1,3dc200,10_023,/mnt/zsn/lyb/arti-skill/exp/artiverse_n5_uniform_studio_256_v1/dishwasher/3dc200/10_023/imgs/000.png,79600,eb45147b4261f37c714cb4ee1024d1409cb97412aa28d85684f33556bc4a81a0,996,3dc200,data/dishwasher/3dc200/10_023,011e1e23c364226622f82d1952404c68569c2f180e548d67224711aaa4d5409e,/mnt/zsn/lyb/arti-skill/exp/artiverse/data/dishwasher/3dc200/10_023/10_023.segmented.glb,16602548,6ccb70ace71a442731b982bf35cf8195f4cf3e252c42ab8c40135a81875d79f1
68,C016__S02__dishwasher__3dw__49ca6b66fbd6ca0bb7dc65d7950bd55b,C016,dishwasher,2,3dw,49ca6b66fbd6ca0bb7dc65d7950bd55b,/mnt/zsn/lyb/arti-skill/exp/artiverse_n5_uniform_studio_256_v1/dishwasher/3dw/49ca6b66fbd6ca0bb7dc65d7950bd55b/imgs/000.png,72193,aaf397e916cfe45b3570d06d0a8d4399651f8b95dd84602daa36d1401dffc1ff,1000,3dw,data/dishwasher/3dw/49ca6b66fbd6ca0bb7dc65d7950bd55b,0efb70849b8cecd552d83ea201ce60b9dbf8d6ae3ca5f53dba5eb4b7cfdfa219,/mnt/zsn/lyb/arti-skill/exp/artiverse/data/dishwasher/3dw/49ca6b66fbd6ca0bb7dc65d7950bd55b/49ca6b66fbd6ca0bb7dc65d7950bd55b.segmented.glb,14316408,4a38b73c48c21de45f0ed5b6099280b3a37ca219bd521e9dc92f5c215953375b
69,C016__S03__dishwasher__3dc200__10_00e,C016,dishwasher,3,3dc200,10_00e,/mnt/zsn/lyb/arti-skill/exp/artiverse_n5_uniform_studio_256_v1/dishwasher/3dc200/10_00e/imgs/000.png,93269,4e7f32df7d52532325347823e0e1844f86ed5ac8dce5a28fba4e87e99c81651e,992,3dc200,data/dishwasher/3dc200/10_00e,11ef32d120dc7f4542879821baa8e7701a99f2c4bc25ebaf3c7f454cdf983069,/mnt/zsn/lyb/arti-skill/exp/artiverse/data/dishwasher/3dc200/10_00e/10_00e.segmented.glb,14804640,3b900f76da2d249a1cf6043b740495b910093eaef5edf45d745066daa979d031
70,C016__S04__dishwasher__3dc200__10_00d,C016,dishwasher,4,3dc200,10_00d,/mnt/zsn/lyb/arti-skill/exp/artiverse_n5_uniform_studio_256_v1/dishwasher/3dc200/10_00d/imgs/000.png,81296,ecdfb12bc5a7b0a355a088ab23b124a60b9cf969d7bda44157bec3dcb9f21cd7,991,3dc200,data/dishwasher/3dc200/10_00d,1223bf4eb4c52ab64fd8b1be66f2276c697d415a76c7c7835332a3e7eb369fcb,/mnt/zsn/lyb/arti-skill/exp/artiverse/data/dishwasher/3dc200/10_00d/10_00d.segmented.glb,12880328,2e835ffaa2cb8267d3f430fd9c17ff90b290cf2f1921640fd6293abd2193ad51
71,C016__S05__dishwasher__3dw__2671f872cd730cdc9941e769880462e7,C016,dishwasher,5,3dw,2671f872cd730cdc9941e769880462e7,/mnt/zsn/lyb/arti-skill/exp/artiverse_n5_uniform_studio_256_v1/dishwasher/3dw/2671f872cd730cdc9941e769880462e7/imgs/000.png,71432,e1f199f63eac0ffa9f727538cac7f1016d43c392f5afb0e1c14b4c0aa91d4468,998,3dw,data/dishwasher/3dw/2671f872cd730cdc9941e769880462e7,1f565c2a3b51efb4bf31413a5cc0bba5c36c8ea88d6da9819bf219fc0124f71f,/mnt/zsn/lyb/arti-skill/exp/artiverse/data/dishwasher/3dw/2671f872cd730cdc9941e769880462e7/2671f872cd730cdc9941e769880462e7.segmented.glb,4537356,82a899fa3195153bd4d6649033740f768b67157e5e60d5fa787080ddb5382a93
72,C017__S01__display__3dw__556ee24af3368766d582842dfd31e6a2,C017,display,1,3dw,556ee24af3368766d582842dfd31e6a2,/mnt/zsn/lyb/arti-skill/exp/artiverse_n5_uniform_studio_256_v1/display/3dw/556ee24af3368766d582842dfd31e6a2/imgs/000.png,70329,8e60035bca2eb677dce17d2504952080c86efd966b3c24acf047976117ac29c1,1028,3dw,data/display/3dw/556ee24af3368766d582842dfd31e6a2,1a52c641dad1189fc0972557091570e46f03b6a1a5436d73a7c3c7f9ba68eb1c,/mnt/zsn/lyb/arti-skill/exp/artiverse/data/display/3dw/556ee24af3368766d582842dfd31e6a2/556ee24af3368766d582842dfd31e6a2.segmented.glb,50104,7cdbc36702e6742545e9c685dd3c23d8e165497ee6d4ebe4227ec210b05c57ad
73,C017__S02__display__3dw__9929130d8526403941e79a812b534768,C017,display,2,3dw,9929130d8526403941e79a812b534768,/mnt/zsn/lyb/arti-skill/exp/artiverse_n5_uniform_studio_256_v1/display/3dw/9929130d8526403941e79a812b534768/imgs/000.png,74697,4ff573888958a4906e8ae527597adb86216669656d867ba9d122b3d3554c147c,1032,3dw,data/display/3dw/9929130d8526403941e79a812b534768,1b36b46309245d50c3fb34eb561feff48aef915d9d3c693e53b6d84babf8e27d,/mnt/zsn/lyb/arti-skill/exp/artiverse/data/display/3dw/9929130d8526403941e79a812b534768/9929130d8526403941e79a812b534768.segmented.glb,769788,1e53971d2c3ff2c6af1026ccd9b65a115ce3ba19698ad772c8e7f383d75d58c2
74,C017__S03__display__3dw__d09dce205a4cdb552b0816234b7cd03,C017,display,3,3dw,d09dce205a4cdb552b0816234b7cd03,/mnt/zsn/lyb/arti-skill/exp/artiverse_n5_uniform_studio_256_v1/display/3dw/d09dce205a4cdb552b0816234b7cd03/imgs/000.png,73938,65f87e966651dd4fc0c3328e89c7954c7caceb49f2e781984b22a1068def0efb,1038,3dw,data/display/3dw/d09dce205a4cdb552b0816234b7cd03,1f6d444dc249d85de2ea70bc85014ca52b826955b050a6f8d8d9c71cfc6942f5,/mnt/zsn/lyb/arti-skill/exp/artiverse/data/display/3dw/d09dce205a4cdb552b0816234b7cd03/d09dce205a4cdb552b0816234b7cd03.segmented.glb,83724,fd45646bc60fa659bd6c8446a4255dee2eb07e1b5ac287a645e2b0f05ce5039e
75,C017__S04__display__fpModel__ad9fc592f9942a7e3feaa19a697329bd65bb7ed3,C017,display,4,fpModel,ad9fc592f9942a7e3feaa19a697329bd65bb7ed3,/mnt/zsn/lyb/arti-skill/exp/artiverse_n5_uniform_studio_256_v1/display/fpModel/ad9fc592f9942a7e3feaa19a697329bd65bb7ed3/imgs/000.png,88350,d2f956aeb489a5697763ac396c2d6fcf101a623397db58cf541decf785127dc0,1049,fpModel,data/display/fpModel/ad9fc592f9942a7e3feaa19a697329bd65bb7ed3,1ffd9c7afeb8c893192ab7a5f1e903c2559f6b6e712bb3f01e3994ba2f57b516,/mnt/zsn/lyb/arti-skill/exp/artiverse/data/display/fpModel/ad9fc592f9942a7e3feaa19a697329bd65bb7ed3/ad9fc592f9942a7e3feaa19a697329bd65bb7ed3.segmented.glb,2724224,0ef7e11edce3311de6c69f569c03a67a846f604ce2ff41fa291b3f59e47118cb
76,C017__S05__display__3dw__a2a41ee7b40793d64b673bcb347ff283,C017,display,5,3dw,a2a41ee7b40793d64b673bcb347ff283,/mnt/zsn/lyb/arti-skill/exp/artiverse_n5_uniform_studio_256_v1/display/3dw/a2a41ee7b40793d64b673bcb347ff283/imgs/000.png,71349,e659b196593aaae758a8c17a77d382be1211b7a65e85b618945bfb7ad897ab8f,1034,3dw,data/display/3dw/a2a41ee7b40793d64b673bcb347ff283,2462b2e1318750b86b36137c8a34bdce62daf25ea75225f1ef53d40e81a28602,/mnt/zsn/lyb/arti-skill/exp/artiverse/data/display/3dw/a2a41ee7b40793d64b673bcb347ff283/a2a41ee7b40793d64b673bcb347ff283.segmented.glb,1391060,3f03b4c8ce6a6679de991bcf221a63f0953defb740cb583b8d846f082a5f0d68
77,C018__S01__display_cabinet__fpModel__bd29ebd8934cde447c1c219e180cbf3c26831c7a,C018,display_cabinet,1,fpModel,bd29ebd8934cde447c1c219e180cbf3c26831c7a,/mnt/zsn/lyb/arti-skill/exp/artiverse_n5_uniform_studio_256_v1/display_cabinet/fpModel/bd29ebd8934cde447c1c219e180cbf3c26831c7a/imgs/000.png,84252,3805bd34970fda933360c947a2aec869a7b180f35b78411d9c0d941c344e655f,1060,fpModel,data/display_cabinet/fpModel/bd29ebd8934cde447c1c219e180cbf3c26831c7a,06391057bf22a9f30f8809c0e9de7b7bf3e34075249248c3b822e24f24923575,/mnt/zsn/lyb/arti-skill/exp/artiverse/data/display_cabinet/fpModel/bd29ebd8934cde447c1c219e180cbf3c26831c7a/bd29ebd8934cde447c1c219e180cbf3c26831c7a.segmented.glb,9488892,bd5f8e144528ce914a23a3db0fe8eaa1c51457da5b2dbbe842cf7c8b0052c9ee
78,C018__S02__display_cabinet__fpModel__d898715b817ee6c34958abada9ca65d8a40439e5,C018,display_cabinet,2,fpModel,d898715b817ee6c34958abada9ca65d8a40439e5,/mnt/zsn/lyb/arti-skill/exp/artiverse_n5_uniform_studio_256_v1/display_cabinet/fpModel/d898715b817ee6c34958abada9ca65d8a40439e5/imgs/000.png,71495,e38ba72388c5b1db4f33ea36c579f0c40b04342bc6d7ad9e01889867367235d7,1062,fpModel,data/display_cabinet/fpModel/d898715b817ee6c34958abada9ca65d8a40439e5,15964748ccc43f653acc13bb70d18dc4b57d0d8e0f3bb6f7ec7a917001ef744e,/mnt/zsn/lyb/arti-skill/exp/artiverse/data/display_cabinet/fpModel/d898715b817ee6c34958abada9ca65d8a40439e5/d898715b817ee6c34958abada9ca65d8a40439e5.segmented.glb,1858280,4c2804a6f52c41d6192d9a0935e8ad4bbc1d5643bc9c0540a1061e88c595b334
79,C018__S03__display_cabinet__fpModel__32a302104ec8f94faa2950f0167945ed4895e9b9,C018,display_cabinet,3,fpModel,32a302104ec8f94faa2950f0167945ed4895e9b9,/mnt/zsn/lyb/arti-skill/exp/artiverse_n5_uniform_studio_256_v1/display_cabinet/fpModel/32a302104ec8f94faa2950f0167945ed4895e9b9/imgs/000.png,72092,8b9969fcd8be330b6fdd6cb1f4875df9b8a0d4281264942a17b81df2a64ec495,1054,fpModel,data/display_cabinet/fpModel/32a302104ec8f94faa2950f0167945ed4895e9b9,3a2c0ae7b1317d9d1f61f42233181e922fa5df3e33a4de2353a485bb14c6f8e3,/mnt/zsn/lyb/arti-skill/exp/artiverse/data/display_cabinet/fpModel/32a302104ec8f94faa2950f0167945ed4895e9b9/32a302104ec8f94faa2950f0167945ed4895e9b9.segmented.glb,165796,1113ca9622303f8dd4ef671b405ef79c2afd46d00c4b749edad615114690f58a
80,C018__S04__display_cabinet__fpModel__6bc64333d6108aae201e5c0bf1ce9be86b7f7fcd,C018,display_cabinet,4,fpModel,6bc64333d6108aae201e5c0bf1ce9be86b7f7fcd,/mnt/zsn/lyb/arti-skill/exp/artiverse_n5_uniform_studio_256_v1/display_cabinet/fpModel/6bc64333d6108aae201e5c0bf1ce9be86b7f7fcd/imgs/000.png,78964,58ac14eccb3e2a4dab68fd49f106faf9dcf386487f20f35beae3fa0aa357311e,1056,fpModel,data/display_cabinet/fpModel/6bc64333d6108aae201e5c0bf1ce9be86b7f7fcd,4fdfc43b92c3f4938eb778450701a56ed10e35ca8f26e4745702236a78f485ce,/mnt/zsn/lyb/arti-skill/exp/artiverse/data/display_cabinet/fpModel/6bc64333d6108aae201e5c0bf1ce9be86b7f7fcd/6bc64333d6108aae201e5c0bf1ce9be86b7f7fcd.segmented.glb,2546368,bd25d859db47d99840fb2a06229d4f6a9a65c5fe100ff264856e203f37b0dbc1
81,C018__S05__display_cabinet__fpModel__9d6618cb72507fc3e2e656836a32c9960393f522,C018,display_cabinet,5,fpModel,9d6618cb72507fc3e2e656836a32c9960393f522,/mnt/zsn/lyb/arti-skill/exp/artiverse_n5_uniform_studio_256_v1/display_cabinet/fpModel/9d6618cb72507fc3e2e656836a32c9960393f522/imgs/000.png,78899,5d5eb6af1d6c1f8c5797381c3be4c7ce997a2197be8912ebf557aacae7968bff,1059,fpModel,data/display_cabinet/fpModel/9d6618cb72507fc3e2e656836a32c9960393f522,7355cda1242b6d81abd0af92463df52b28370a4cc7ac8ee07fcbc077bb550486,/mnt/zsn/lyb/arti-skill/exp/artiverse/data/display_cabinet/fpModel/9d6618cb72507fc3e2e656836a32c9960393f522/9d6618cb72507fc3e2e656836a32c9960393f522.segmented.glb,3536820,9b14fecbf4c57819c84e3b43c5875318c58912f0f98b53d2f3b014b8ab945bf2
82,C019__S01__divider__3dc200__48_00b,C019,divider,1,3dc200,48_00b,/mnt/zsn/lyb/arti-skill/exp/artiverse_n5_uniform_studio_256_v1/divider/3dc200/48_00b/imgs/000.png,80485,6df32eece6da2997284bb28503fa3523aebe4eae95175d6f42612ac7453e8881,1070,3dc200,data/divider/3dc200/48_00b,17dedc3dabf8d8015c14bf2d9c9f485eed565d7d41301f36f68e38b917fdf8a3,/mnt/zsn/lyb/arti-skill/exp/artiverse/data/divider/3dc200/48_00b/48_00b.segmented.glb,1913628,4efbea2f9124577f5f727fa2a9414d998cfda3043447454c92bd40867b1a29fb
83,C019__S02__divider__3dc200__48_004,C019,divider,2,3dc200,48_004,/mnt/zsn/lyb/arti-skill/exp/artiverse_n5_uniform_studio_256_v1/divider/3dc200/48_004/imgs/000.png,85562,5914dfbf149ffc7d3b547542248b72de062d3542bf76c0f2fee845c6462ec283,1066,3dc200,data/divider/3dc200/48_004,5c7cea402ac33a2b1200173252ef12d60819ebf9c5acbab31ff1014249808e58,/mnt/zsn/lyb/arti-skill/exp/artiverse/data/divider/3dc200/48_004/48_004.segmented.glb,6196392,fac7e6e0d1bd8c7e5d635d1560a0062430705db77558c697f6be421765e25fd2
84,C019__S03__divider__3dc200__48_008,C019,divider,3,3dc200,48_008,/mnt/zsn/lyb/arti-skill/exp/artiverse_n5_uniform_studio_256_v1/divider/3dc200/48_008/imgs/000.png,93703,76b71f152ee1351826ad82b2d9395e330b109a5d58e038f4800381e8eac0b62c,1068,3dc200,data/divider/3dc200/48_008,80cb3d4ae6b3347128e31f8db9869bae3b0aca9a3785af9f44d44b3ced2e3788,/mnt/zsn/lyb/arti-skill/exp/artiverse/data/divider/3dc200/48_008/48_008.segmented.glb,6020392,664287de10191114610780a594083f28bb4d0e0c25a989a1dbbd859d33ae1598
85,C019__S04__divider__3dc200__48_00c,C019,divider,4,3dc200,48_00c,/mnt/zsn/lyb/arti-skill/exp/artiverse_n5_uniform_studio_256_v1/divider/3dc200/48_00c/imgs/000.png,87096,e7761e73950979a0779534b2a1da3333f7d83181facdb9e6e2d1b259b531b284,1071,3dc200,data/divider/3dc200/48_00c,8e83b05d7e4b0f7d3d76365297385a5e8d416b62345b0d1cff145a488cedcba7,/mnt/zsn/lyb/arti-skill/exp/artiverse/data/divider/3dc200/48_00c/48_00c.segmented.glb,1373776,df04a3ea4394eeedd217bd7799ba843f2ebb391e26678aa4dc467092e9664354
86,C019__S05__divider__3dc200__48_001,C019,divider,5,3dc200,48_001,/mnt/zsn/lyb/arti-skill/exp/artiverse_n5_uniform_studio_256_v1/divider/3dc200/48_001/imgs/000.png,79417,420f443c620ea32b9a4954052ca355b68c3e7d96613243924a2c1b77193d8558,1064,3dc200,data/divider/3dc200/48_001,99290893f48977e5fff0e1b15a8cc6b2d92b39da2ad368e021bd2a54a1f9cdec,/mnt/zsn/lyb/arti-skill/exp/artiverse/data/divider/3dc200/48_001/48_001.segmented.glb,3099660,a7c3025a134b22be8e92d07679a1c0da2cf09e1cb5257d1d1029822f266bcc07
87,C020__S01__door__3dw__a9db4685fccf94cbacd0ab0e2d10cb9b,C020,door,1,3dw,a9db4685fccf94cbacd0ab0e2d10cb9b,/mnt/zsn/lyb/arti-skill/exp/artiverse_n5_uniform_studio_256_v1/door/3dw/a9db4685fccf94cbacd0ab0e2d10cb9b/imgs/000.png,72449,c4e667c951166aa4df07fa8ea7d197a8d6b3ee68f23c49b5056adac6b2aa9666,1092,3dw,data/door/3dw/a9db4685fccf94cbacd0ab0e2d10cb9b,00a4d5f1df6bb1ac00808a68009b9d03a7d27651ae73b0f1604df284fcafb522,/mnt/zsn/lyb/arti-skill/exp/artiverse/data/door/3dw/a9db4685fccf94cbacd0ab0e2d10cb9b/a9db4685fccf94cbacd0ab0e2d10cb9b.segmented.glb,441360,c6b89d21d272739774d58cfabbe062bb011adde33cac95f057f2413b757ae1d3
88,C020__S02__door__fpModel__201-55,C020,door,2,fpModel,201-55,/mnt/zsn/lyb/arti-skill/exp/artiverse_n5_uniform_studio_256_v1/door/fpModel/201-55/imgs/000.png,75589,00054fe0fca229eedab82bcbd9665abce2ae36cfca92060c105558ac2ce327d4,1120,fpModel,data/door/fpModel/201-55,00bf01953bce51e2f7266df444a5e22122b1e28baea904fae2bcd0b1ead659ea,/mnt/zsn/lyb/arti-skill/exp/artiverse/data/door/fpModel/201-55/201-55.segmented.glb,49800,203def277fba0d2e1c9376e0e66c88edd231b6a2b69cf101cb91e4b086c374dd
89,C020__S03__door__3dw__a45f4bcc4b138edba35a7666f0cfa5bb,C020,door,3,3dw,a45f4bcc4b138edba35a7666f0cfa5bb,/mnt/zsn/lyb/arti-skill/exp/artiverse_n5_uniform_studio_256_v1/door/3dw/a45f4bcc4b138edba35a7666f0cfa5bb/imgs/000.png,70557,7ed2f5a8ce5d7e8d002a0381be594ca1cabcdcc3fd9c498c2af7770bbefab2b9,1091,3dw,data/door/3dw/a45f4bcc4b138edba35a7666f0cfa5bb,02158da1ea39b6697880ddbd9c75a51f4c5e1aadbfa5d7bd439b20579a826bef,/mnt/zsn/lyb/arti-skill/exp/artiverse/data/door/3dw/a45f4bcc4b138edba35a7666f0cfa5bb/a45f4bcc4b138edba35a7666f0cfa5bb.segmented.glb,448692,1292fc5124e83c56b8ab0716e30f93f4664be4881d80751069a86f63da9772f5
90,C020__S04__door__objaverse__18b995d775bc4e0eb17ef42aea2bf9b5,C020,door,4,objaverse,18b995d775bc4e0eb17ef42aea2bf9b5,/mnt/zsn/lyb/arti-skill/exp/artiverse_n5_uniform_studio_256_v1/door/objaverse/18b995d775bc4e0eb17ef42aea2bf9b5/imgs/000.png,68576,f84dd330f89c24f72c03b0b6c437e52c5fbde9d672da0d2026ed72a1e6db6520,1179,objaverse,data/door/objaverse/18b995d775bc4e0eb17ef42aea2bf9b5,04799300d545828314054b92f653163044510c01fe3282983a16889e0b3186d0,/mnt/zsn/lyb/arti-skill/exp/artiverse/data/door/objaverse/18b995d775bc4e0eb17ef42aea2bf9b5/18b995d775bc4e0eb17ef42aea2bf9b5.segmented.glb,172816,256590031bf1a22444c186bc45cab42c1ba3a99926037370e16eb236c441a10e
91,C020__S05__door__fpModel__200-19,C020,door,5,fpModel,200-19,/mnt/zsn/lyb/arti-skill/exp/artiverse_n5_uniform_studio_256_v1/door/fpModel/200-19/imgs/000.png,70486,608052d6d423e39c40df8013c4ab4c6671977bbff9101ac4b0d4c9d718aabbe7,1099,fpModel,data/door/fpModel/200-19,0b316c7c27769f111d74ed059335dc073efbbd9f1c1b23f94e3b6e59c9ea4d24,/mnt/zsn/lyb/arti-skill/exp/artiverse/data/door/fpModel/200-19/200-19.segmented.glb,44816,b19d4d95e43de02aa6dec6719367f97f4a29204e77c3862d7e9f29ea16c8d8d1
92,C021__S01__dumpster__objaverse__80304a526c854908ad086d56a30535dc,C021,dumpster,1,objaverse,80304a526c854908ad086d56a30535dc,/mnt/zsn/lyb/arti-skill/exp/artiverse_n5_uniform_studio_256_v1/dumpster/objaverse/80304a526c854908ad086d56a30535dc/imgs/000.png,88584,eb56e6e9239371d7a666f23b92d59b6c2c720292a783063eb8c6cd3e3a238f6e,1214,objaverse,data/dumpster/objaverse/80304a526c854908ad086d56a30535dc,1188a49c1602a528a297361f40784f34bf8af875f588bb73fb6b9c31ebba20ce,/mnt/zsn/lyb/arti-skill/exp/artiverse/data/dumpster/objaverse/80304a526c854908ad086d56a30535dc/80304a526c854908ad086d56a30535dc.segmented.glb,6223772,dda848b2cac7ac05e020d9807c5af806e19eae2d03f93ddec432a3c6fc2bb12f
93,C021__S02__dumpster__objaverse_xl__cba5e10d9dbdc18268de6797d52c578823d0e766233c183c609cb83058e579fd,C021,dumpster,2,objaverse_xl,cba5e10d9dbdc18268de6797d52c578823d0e766233c183c609cb83058e579fd,/mnt/zsn/lyb/arti-skill/exp/artiverse_n5_uniform_studio_256_v1/dumpster/objaverse_xl/cba5e10d9dbdc18268de6797d52c578823d0e766233c183c609cb83058e579fd/imgs/000.png,86231,f6995d2811b03d2694b68c6af9423912b1065f39ac2a5e465d52e4f8accf30b1,1222,objaverse_xl,data/dumpster/objaverse_xl/cba5e10d9dbdc18268de6797d52c578823d0e766233c183c609cb83058e579fd,1667cfa7b50ddeab866f8a5593870137d101616f36410f717239e1b030b76f44,/mnt/zsn/lyb/arti-skill/exp/artiverse/data/dumpster/objaverse_xl/cba5e10d9dbdc18268de6797d52c578823d0e766233c183c609cb83058e579fd/cba5e10d9dbdc18268de6797d52c578823d0e766233c183c609cb83058e579fd.segmented.glb,105376,16962b17c028ebc92de971472044c45abf83c000767f5d5c2388b37ab9633b5b
94,C021__S03__dumpster__objaverse_xl__68c757d1e89e541a92cdda134d19613a05ec9ef8b6f4ab80d7666f6e72bb6b41,C021,dumpster,3,objaverse_xl,68c757d1e89e541a92cdda134d19613a05ec9ef8b6f4ab80d7666f6e72bb6b41,/mnt/zsn/lyb/arti-skill/exp/artiverse_n5_uniform_studio_256_v1/dumpster/objaverse_xl/68c757d1e89e541a92cdda134d19613a05ec9ef8b6f4ab80d7666f6e72bb6b41/imgs/000.png,85582,e199eb2ffe319350d424238f646fa300589cc341ff0d10117031671780dceeb6,1219,objaverse_xl,data/dumpster/objaverse_xl/68c757d1e89e541a92cdda134d19613a05ec9ef8b6f4ab80d7666f6e72bb6b41,1a3e07d9a20126d90a8c37850b841ec662edb0a6081a789b65324a42d824b57a,/mnt/zsn/lyb/arti-skill/exp/artiverse/data/dumpster/objaverse_xl/68c757d1e89e541a92cdda134d19613a05ec9ef8b6f4ab80d7666f6e72bb6b41/68c757d1e89e541a92cdda134d19613a05ec9ef8b6f4ab80d7666f6e72bb6b41.segmented.glb,87600,8640ac3ca6d6eb6d41f86073cd446de386f1a728b45365c94ac3bd4338599f88
95,C021__S04__dumpster__objaverse__1decb6575857439094f8790a4c2f2054,C021,dumpster,4,objaverse,1decb6575857439094f8790a4c2f2054,/mnt/zsn/lyb/arti-skill/exp/artiverse_n5_uniform_studio_256_v1/dumpster/objaverse/1decb6575857439094f8790a4c2f2054/imgs/000.png,96673,e83956a01d81c67cb9111285670a726ec789912b4d72ef76e2165a1b3d714a92,1212,objaverse,data/dumpster/objaverse/1decb6575857439094f8790a4c2f2054,2132e97cc6dc60f9111b5f770e56abbbad18d80cd6f4d49d45b302596bf96eeb,/mnt/zsn/lyb/arti-skill/exp/artiverse/data/dumpster/objaverse/1decb6575857439094f8790a4c2f2054/1decb6575857439094f8790a4c2f2054.segmented.glb,1104724,62f8328fac635087c3a17223c24b7d349cac000135e7965ce6e408622954226f
96,C021__S05__dumpster__texverse__23f0a1c5875b435fa2933e7ea8157fdf_1024,C021,dumpster,5,texverse,23f0a1c5875b435fa2933e7ea8157fdf_1024,/mnt/zsn/lyb/arti-skill/exp/artiverse_n5_uniform_studio_256_v1/dumpster/texverse/23f0a1c5875b435fa2933e7ea8157fdf_1024/imgs/000.png,94738,57ee55f86261e5f7baa8b2b1ce714481d02662a804df76ed61233a3ddb2ea91a,1228,texverse,data/dumpster/texverse/23f0a1c5875b435fa2933e7ea8157fdf_1024,2675e5a8565f35174d9c1de54c4afcccb88a4b5a1a76854be2847365a48559c4,/mnt/zsn/lyb/arti-skill/exp/artiverse/data/dumpster/texverse/23f0a1c5875b435fa2933e7ea8157fdf_1024/23f0a1c5875b435fa2933e7ea8157fdf_1024.segmented.glb,1672476,d33cf9438c0a1b79cda2019b8853e177fddb056aa3c8d3b29fba1b5f58c50428
97,C022__S01__electric_clock__3dw__3b98994e780fe991dd195661813efe58,C022,electric_clock,1,3dw,3b98994e780fe991dd195661813efe58,/mnt/zsn/lyb/arti-skill/exp/artiverse_n5_uniform_studio_256_v1/electric_clock/3dw/3b98994e780fe991dd195661813efe58/imgs/000.png,83039,f7ba3140ad85237b863da3550dcd7d123fa1eb0656df3de08bee1e535a8a2d06,1237,3dw,data/electric_clock/3dw/3b98994e780fe991dd195661813efe58,0b773c36f6f77c7c36369e83de56f438b899533f095a1c6ee031f374922ef748,/mnt/zsn/lyb/arti-skill/exp/artiverse/data/electric_clock/3dw/3b98994e780fe991dd195661813efe58/3b98994e780fe991dd195661813efe58.segmented.glb,488056,adfbcb60946463483191c4add53749c38c0a5e32a4ad0619ca4e7f51a8089940
98,C022__S02__electric_clock__3dw__262eb65e0a4de779831e392dc75a14aa,C022,electric_clock,2,3dw,262eb65e0a4de779831e392dc75a14aa,/mnt/zsn/lyb/arti-skill/exp/artiverse_n5_uniform_studio_256_v1/electric_clock/3dw/262eb65e0a4de779831e392dc75a14aa/imgs/000.png,90039,319286bf0b0f261f32a30ccccaa41d73289fe936126ce69aff79efd00d4809c0,1236,3dw,data/electric_clock/3dw/262eb65e0a4de779831e392dc75a14aa,1dc02b6b8259fadef01265f820af724d261d2f4a262862ddf80f191d5940af7c,/mnt/zsn/lyb/arti-skill/exp/artiverse/data/electric_clock/3dw/262eb65e0a4de779831e392dc75a14aa/262eb65e0a4de779831e392dc75a14aa.segmented.glb,1068580,ce9c65377cd9d661a0a68151c6a621f7ca52802f645065a9cbce7417ef478af5
99,C022__S03__electric_clock__fpModel__3b21020881a85d6316b9473259c0d77514c12876,C022,electric_clock,3,fpModel,3b21020881a85d6316b9473259c0d77514c12876,/mnt/zsn/lyb/arti-skill/exp/artiverse_n5_uniform_studio_256_v1/electric_clock/fpModel/3b21020881a85d6316b9473259c0d77514c12876/imgs/000.png,75656,7e7647b57e8941b6536edd545c4e86a73638a982dfdd69fbe1b1fd44da556097,1239,fpModel,data/electric_clock/fpModel/3b21020881a85d6316b9473259c0d77514c12876,20b84cc1abe2afe1dfd47497156df8098c125200ce4b0bb063f5e1bf8ba1b74e,/mnt/zsn/lyb/arti-skill/exp/artiverse/data/electric_clock/fpModel/3b21020881a85d6316b9473259c0d77514c12876/3b21020881a85d6316b9473259c0d77514c12876.segmented.glb,1743164,4767a0f6d387761c429afc514e3e44898e98e9464ff37b765d5fc91b699eb043
100,C022__S04__electric_clock__fpModel__568a7d49f3f327c9c8ce5f4b47291a44edbb7aa5,C022,electric_clock,4,fpModel,568a7d49f3f327c9c8ce5f4b47291a44edbb7aa5,/mnt/zsn/lyb/arti-skill/exp/artiverse_n5_uniform_studio_256_v1/electric_clock/fpModel/568a7d49f3f327c9c8ce5f4b47291a44edbb7aa5/imgs/000.png,79581,0887245525d04186676e9e7e9171c1e46a9c21713756f7b6850c3b5d4ff0c65a,1240,fpModel,data/electric_clock/fpModel/568a7d49f3f327c9c8ce5f4b47291a44edbb7aa5,2e1389eb8bcbc8fdce4c30bc845fcfbe0579ae8f04306bf952b23dbada1439e6,/mnt/zsn/lyb/arti-skill/exp/artiverse/data/electric_clock/fpModel/568a7d49f3f327c9c8ce5f4b47291a44edbb7aa5/568a7d49f3f327c9c8ce5f4b47291a44edbb7aa5.segmented.glb,2293940,86ad89a48822a046ad7866d7cf6fca54f0dccec969b26cb2868923a7ad674a50
101,C022__S05__electric_clock__fpModel__d0d608870026a708eb52b2599117a5f260424d22,C022,electric_clock,5,fpModel,d0d608870026a708eb52b2599117a5f260424d22,/mnt/zsn/lyb/arti-skill/exp/artiverse_n5_uniform_studio_256_v1/electric_clock/fpModel/d0d608870026a708eb52b2599117a5f260424d22/imgs/000.png,79699,9c232fade8f9ba6a0c7db4eb3671b7693520c9c97658c8a3b675864d9b6fc2ef,1241,fpModel,data/electric_clock/fpModel/d0d608870026a708eb52b2599117a5f260424d22,430029ad39eaa0d54a26d6097c76351bb68dadfddf9d7154a9018764756039df,/mnt/zsn/lyb/arti-skill/exp/artiverse/data/electric_clock/fpModel/d0d608870026a708eb52b2599117a5f260424d22/d0d608870026a708eb52b2599117a5f260424d22.segmented.glb,1743168,873b97398630571ade36bea8cd044e268f30e636a96149355e015dd6b7dda04a
102,C023__S01__electric_fan__objaverse_xl__295d86f7aa19fdaf83ef490e5d2867af67c794c7993803a76cdf136e736f4055,C023,electric_fan,1,objaverse_xl,295d86f7aa19fdaf83ef490e5d2867af67c794c7993803a76cdf136e736f4055,/mnt/zsn/lyb/arti-skill/exp/artiverse_n5_uniform_studio_256_v1/electric_fan/objaverse_xl/295d86f7aa19fdaf83ef490e5d2867af67c794c7993803a76cdf136e736f4055/imgs/000.png,79694,3cfe33251ddcb9da379e7fb1c67e2d161f411eab8e1e93f11d01b1ef4445ecc0,1258,objaverse_xl,data/electric_fan/objaverse_xl/295d86f7aa19fdaf83ef490e5d2867af67c794c7993803a76cdf136e736f4055,0c5c3f5141f2ad27678714235827bc80df67a928d0e2be5cee18c1ca8b2477d3,/mnt/zsn/lyb/arti-skill/exp/artiverse/data/electric_fan/objaverse_xl/295d86f7aa19fdaf83ef490e5d2867af67c794c7993803a76cdf136e736f4055/295d86f7aa19fdaf83ef490e5d2867af67c794c7993803a76cdf136e736f4055.segmented.glb,242252,2a405aa4733d7efe57fa0c4d0e651c6967b7d332477a3f21a72ccb0c4bef9da2
103,C023__S02__electric_fan__texverse__4ae13757afb04da889d98f75c58d0045_1024,C023,electric_fan,2,texverse,4ae13757afb04da889d98f75c58d0045_1024,/mnt/zsn/lyb/arti-skill/exp/artiverse_n5_uniform_studio_256_v1/electric_fan/texverse/4ae13757afb04da889d98f75c58d0045_1024/imgs/000.png,94342,e190baf65aa45f472c117347115b4ef7f377fa66c06bff40c20570640bcef559,1262,texverse,data/electric_fan/texverse/4ae13757afb04da889d98f75c58d0045_1024,1ac0164693d2bd4c5a1f754fd09129c9588ba3d0e380d229bb8106bda94cdb80,/mnt/zsn/lyb/arti-skill/exp/artiverse/data/electric_fan/texverse/4ae13757afb04da889d98f75c58d0045_1024/4ae13757afb04da889d98f75c58d0045_1024.segmented.glb,5238644,3a86377990a13c766fe7c2f57df55dbed18bfe889667c32ae966f4df8dd41cac
104,C023__S03__electric_fan__texverse__e831a2a8e3674b248a04f53d93ff885d_1024,C023,electric_fan,3,texverse,e831a2a8e3674b248a04f53d93ff885d_1024,/mnt/zsn/lyb/arti-skill/exp/artiverse_n5_uniform_studio_256_v1/electric_fan/texverse/e831a2a8e3674b248a04f53d93ff885d_1024/imgs/000.png,92272,c7eaf54970c29beca29c4c06f832ed33456967f08a7f7164a8b32006f059689f,1268,texverse,data/electric_fan/texverse/e831a2a8e3674b248a04f53d93ff885d_1024,1d510c1bc1fa51e9e041e005d2b6e07986a8a66dbd4d86cf315207d677486c63,/mnt/zsn/lyb/arti-skill/exp/artiverse/data/electric_fan/texverse/e831a2a8e3674b248a04f53d93ff885d_1024/e831a2a8e3674b248a04f53d93ff885d_1024.segmented.glb,8679532,1510a10820e8cf91439f8db005b28208269dd8b7b7b7cf0756a51a1d073a051a
105,C023__S04__electric_fan__objaverse__e82a2d9de75646d185fb5b22f4fc37bc,C023,electric_fan,4,objaverse,e82a2d9de75646d185fb5b22f4fc37bc,/mnt/zsn/lyb/arti-skill/exp/artiverse_n5_uniform_studio_256_v1/electric_fan/objaverse/e82a2d9de75646d185fb5b22f4fc37bc/imgs/000.png,83343,1fe56b04784de57965e3d99e99b63fdb70f185ea23d13f9aa6c5413b9a257cf9,1254,objaverse,data/electric_fan/objaverse/e82a2d9de75646d185fb5b22f4fc37bc,1ddd1a439b67f45e3b0e0a3cfbec9e5fb71c9c4f2e9857344c00ce928d9ffd5e,/mnt/zsn/lyb/arti-skill/exp/artiverse/data/electric_fan/objaverse/e82a2d9de75646d185fb5b22f4fc37bc/e82a2d9de75646d185fb5b22f4fc37bc.segmented.glb,411112,bca20e06e40cc50d0f2a6795ab705f479c6b4868a73c5cfe174ccd8515a275a0
106,C023__S05__electric_fan__texverse__291cdc7070d54d4d89e9b6cd86767d23_1024,C023,electric_fan,5,texverse,291cdc7070d54d4d89e9b6cd86767d23_1024,/mnt/zsn/lyb/arti-skill/exp/artiverse_n5_uniform_studio_256_v1/electric_fan/texverse/291cdc7070d54d4d89e9b6cd86767d23_1024/imgs/000.png,92792,42aac51dcc09cd534a4890bc1e90c2b11204d6265ccdd70a386de2e58ae0c15a,1261,texverse,data/electric_fan/texverse/291cdc7070d54d4d89e9b6cd86767d23_1024,2bb4ba62e2986ab3899e9cfde8d3d514955fa7ef2f9ab7523d512756b4209e3d,/mnt/zsn/lyb/arti-skill/exp/artiverse/data/electric_fan/texverse/291cdc7070d54d4d89e9b6cd86767d23_1024/291cdc7070d54d4d89e9b6cd86767d23_1024.segmented.glb,24255040,9960c590cf7cb48d139a4347efa45c6f44620edbbee471f66e40621b43fe9dbf
107,C024__S01__electric_kettle__objaverse__5e4f6e312dd94725ae7d4c37854374b8,C024,electric_kettle,1,objaverse,5e4f6e312dd94725ae7d4c37854374b8,/mnt/zsn/lyb/arti-skill/exp/artiverse_n5_uniform_studio_256_v1/electric_kettle/objaverse/5e4f6e312dd94725ae7d4c37854374b8/imgs/000.png,69962,70f291738cde7c22328de27bd47d1adc3e90849f69e0acf45d7f36aad1b6e3dc,1272,objaverse,data/electric_kettle/objaverse/5e4f6e312dd94725ae7d4c37854374b8,3cf6e91e72ca5d133c5baf180ed8e912483b1080842a83b5d8296da66a8378d4,/mnt/zsn/lyb/arti-skill/exp/artiverse/data/electric_kettle/objaverse/5e4f6e312dd94725ae7d4c37854374b8/5e4f6e312dd94725ae7d4c37854374b8.segmented.glb,64892,56cfa9b74e1dc3fdb7702cf6095f2708d57bf7656657481603d959ffee515e7e
108,C024__S02__electric_kettle__objaverse_xl__272fb0cb1429b3321bf0ccb164daa17ed08e60c4e62baa3960ff2a33eafe2133,C024,electric_kettle,2,objaverse_xl,272fb0cb1429b3321bf0ccb164daa17ed08e60c4e62baa3960ff2a33eafe2133,/mnt/zsn/lyb/arti-skill/exp/artiverse_n5_uniform_studio_256_v1/electric_kettle/objaverse_xl/272fb0cb1429b3321bf0ccb164daa17ed08e60c4e62baa3960ff2a33eafe2133/imgs/000.png,74858,b6e92769bdc65b71e545016aa049540f1e8fc7c9614ed4ccc91d614f6f2ccaa6,1273,objaverse_xl,data/electric_kettle/objaverse_xl/272fb0cb1429b3321bf0ccb164daa17ed08e60c4e62baa3960ff2a33eafe2133,8e809c274ba656308f7b3d64fe1024ad3805d16e8236e13f15576284233b139d,/mnt/zsn/lyb/arti-skill/exp/artiverse/data/electric_kettle/objaverse_xl/272fb0cb1429b3321bf0ccb164daa17ed08e60c4e62baa3960ff2a33eafe2133/272fb0cb1429b3321bf0ccb164daa17ed08e60c4e62baa3960ff2a33eafe2133.segmented.glb,194068,46eed758cfe531094c7a815a4b4a309d005ebf4eaeb187180f06e18222252244
109,C024__S03__electric_kettle__fpModel__689686140b7ab8fd656ce588f10f8c40568da3bf,C024,electric_kettle,3,fpModel,689686140b7ab8fd656ce588f10f8c40568da3bf,/mnt/zsn/lyb/arti-skill/exp/artiverse_n5_uniform_studio_256_v1/electric_kettle/fpModel/689686140b7ab8fd656ce588f10f8c40568da3bf/imgs/000.png,75957,c62d19b5f2a39d8632958dd2ca40be3cf878f96ed2ef9fc659749fea74a8147e,1271,fpModel,data/electric_kettle/fpModel/689686140b7ab8fd656ce588f10f8c40568da3bf,a3255349af107343c2904caed86236cc85d406f56cefef718a7c45e8d97a9d31,/mnt/zsn/lyb/arti-skill/exp/artiverse/data/electric_kettle/fpModel/689686140b7ab8fd656ce588f10f8c40568da3bf/689686140b7ab8fd656ce588f10f8c40568da3bf.segmented.glb,705500,897755b5e4c1275320bf88a7f4a02ef9efecb2d97b5543ddfb27de730ffc9333
110,C025__S01__eyeglasses__texverse__1e9cf376e032420997ae15fc47eb54a4_1024,C025,eyeglasses,1,texverse,1e9cf376e032420997ae15fc47eb54a4_1024,/mnt/zsn/lyb/arti-skill/exp/artiverse_n5_uniform_studio_256_v1/eyeglasses/texverse/1e9cf376e032420997ae15fc47eb54a4_1024/imgs/000.png,74527,97b46341ea770a556bae26cff2e1d668bd2eeae639dbc1f788fb1fe6f6d40ccb,1361,texverse,data/eyeglasses/texverse/1e9cf376e032420997ae15fc47eb54a4_1024,01aecc953d64d898f2c5da1a9c28a80e66c58f7d8d2e5b58b5362915c2915cc0,/mnt/zsn/lyb/arti-skill/exp/artiverse/data/eyeglasses/texverse/1e9cf376e032420997ae15fc47eb54a4_1024/1e9cf376e032420997ae15fc47eb54a4_1024.segmented.glb,3900604,fa1aa39ccecaee6869be99b4ef5b2d1b975b6ca0d6b6f3949d5f2dbd2d3eed46
111,C025__S02__eyeglasses__texverse__3b31fcf2f9e54b9ca86e0e29ca86d3fb_1024,C025,eyeglasses,2,texverse,3b31fcf2f9e54b9ca86e0e29ca86d3fb_1024,/mnt/zsn/lyb/arti-skill/exp/artiverse_n5_uniform_studio_256_v1/eyeglasses/texverse/3b31fcf2f9e54b9ca86e0e29ca86d3fb_1024/imgs/000.png,77209,566717d3f7b525d0e5dae52ab7750e94ae3e729b6636f926211feb46dcc3de45,1364,texverse,data/eyeglasses/texverse/3b31fcf2f9e54b9ca86e0e29ca86d3fb_1024,022127a8ff9c7e940fa7d909683196c0763d2e5680dca4e71df1651bc7876db9,/mnt/zsn/lyb/arti-skill/exp/artiverse/data/eyeglasses/texverse/3b31fcf2f9e54b9ca86e0e29ca86d3fb_1024/3b31fcf2f9e54b9ca86e0e29ca86d3fb_1024.segmented.glb,3663196,bb6e30545ffedb778e5b136014347e2b884e2b1edb93d48cd25b7f537390f97f
112,C025__S03__eyeglasses__objaverse_xl__aebe76f58a52d5c05c71f44102e698f21c952de6b8087b2cada3a6c560c5ee38,C025,eyeglasses,3,objaverse_xl,aebe76f58a52d5c05c71f44102e698f21c952de6b8087b2cada3a6c560c5ee38,/mnt/zsn/lyb/arti-skill/exp/artiverse_n5_uniform_studio_256_v1/eyeglasses/objaverse_xl/aebe76f58a52d5c05c71f44102e698f21c952de6b8087b2cada3a6c560c5ee38/imgs/000.png,74538,18f8c0789ed46a1e1d4666ca589b3f6f6ece0ed4a1ae3e07aaeb45348361e00b,1341,objaverse_xl,data/eyeglasses/objaverse_xl/aebe76f58a52d5c05c71f44102e698f21c952de6b8087b2cada3a6c560c5ee38,07183bd72bda938a59be01ee1fb62073bb8e086844c275034880cac6f536839a,/mnt/zsn/lyb/arti-skill/exp/artiverse/data/eyeglasses/objaverse_xl/aebe76f58a52d5c05c71f44102e698f21c952de6b8087b2cada3a6c560c5ee38/aebe76f58a52d5c05c71f44102e698f21c952de6b8087b2cada3a6c560c5ee38.segmented.glb,32604,c7c2c5ee419660650a2e65568233b5b01f36772577f498d9367fb0485427590a
113,C025__S04__eyeglasses__texverse__deeb41e3f5f1480bb6f79f474c9f7ef5_1024,C025,eyeglasses,4,texverse,deeb41e3f5f1480bb6f79f474c9f7ef5_1024,/mnt/zsn/lyb/arti-skill/exp/artiverse_n5_uniform_studio_256_v1/eyeglasses/texverse/deeb41e3f5f1480bb6f79f474c9f7ef5_1024/imgs/000.png,73741,3e7388c8924ddd349c6156c84d4bce76a86f113a6ef6afe0744123bb71cd4310,1390,texverse,data/eyeglasses/texverse/deeb41e3f5f1480bb6f79f474c9f7ef5_1024,0943ec93c95e9c3596f8016adc52ce534bef1e9f0abac8b55c703790fba1a358,/mnt/zsn/lyb/arti-skill/exp/artiverse/data/eyeglasses/texverse/deeb41e3f5f1480bb6f79f474c9f7ef5_1024/deeb41e3f5f1480bb6f79f474c9f7ef5_1024.segmented.glb,2376256,3c8c2fe4eab3d770cad8daa2d28584f4e7680237a37fffa4ba1a252a32b1040f
114,C025__S05__eyeglasses__texverse__5f85c88063a1426289a837dde2bb41f6_1024,C025,eyeglasses,5,texverse,5f85c88063a1426289a837dde2bb41f6_1024,/mnt/zsn/lyb/arti-skill/exp/artiverse_n5_uniform_studio_256_v1/eyeglasses/texverse/5f85c88063a1426289a837dde2bb41f6_1024/imgs/000.png,73272,7600049d867f6b28044456cef33ceeb91cfc4afea96638c53a08d8768f156686,1371,texverse,data/eyeglasses/texverse/5f85c88063a1426289a837dde2bb41f6_1024,12c4d789d80cc0b03def536abf7fb1866f13af4bd79fe11b1fc0c125f8bdfeb9,/mnt/zsn/lyb/arti-skill/exp/artiverse/data/eyeglasses/texverse/5f85c88063a1426289a837dde2bb41f6_1024/5f85c88063a1426289a837dde2bb41f6_1024.segmented.glb,306664,0d51e37ed1b4d94f498c6d587e583006357556c2b4feeebf5d5848eb6dbef24e
115,C026__S01__faucet__fpModel__e6205aee53710a30ac6ebeb362838abadf847909,C026,faucet,1,fpModel,e6205aee53710a30ac6ebeb362838abadf847909,/mnt/zsn/lyb/arti-skill/exp/artiverse_n5_uniform_studio_256_v1/faucet/fpModel/e6205aee53710a30ac6ebeb362838abadf847909/imgs/000.png,74971,c980d66e03162bdf4e7d25ba18932564cd14e691609d2a51e01802605640241a,1406,fpModel,data/faucet/fpModel/e6205aee53710a30ac6ebeb362838abadf847909,02c2169a9d6aea2a12cafe449163846f521f073cf5a54ac4d65c8a6350024fe1,/mnt/zsn/lyb/arti-skill/exp/artiverse/data/faucet/fpModel/e6205aee53710a30ac6ebeb362838abadf847909/e6205aee53710a30ac6ebeb362838abadf847909.segmented.glb,723236,f83ecfe3c8da3558c0dea7cbb3ad50bb5d109ad9c72edb86e9ff2cf23a6c0326
116,C026__S02__faucet__texverse__8fc06288ddbd49f2b499040c7c0d27f1_1024,C026,faucet,2,texverse,8fc06288ddbd49f2b499040c7c0d27f1_1024,/mnt/zsn/lyb/arti-skill/exp/artiverse_n5_uniform_studio_256_v1/faucet/texverse/8fc06288ddbd49f2b499040c7c0d27f1_1024/imgs/000.png,75539,4b2ebdf264c25ee71bf7ae198d1cf827c5515f763d13a586d0f648d2a3d5e05d,1469,texverse,data/faucet/texverse/8fc06288ddbd49f2b499040c7c0d27f1_1024,0303456a0032fa0ac08a8261fba68ea404fb1a6208de98b71d647d77ff40235e,/mnt/zsn/lyb/arti-skill/exp/artiverse/data/faucet/texverse/8fc06288ddbd49f2b499040c7c0d27f1_1024/8fc06288ddbd49f2b499040c7c0d27f1_1024.segmented.glb,916552,f43a5871e21864c5bb71fa2698f2d9c03c06fc73b489c919c52e307a5061fe30
117,C026__S03__faucet__fpModel__da12ddee162bc245d492d39ac6e675f03789ed07,C026,faucet,3,fpModel,da12ddee162bc245d492d39ac6e675f03789ed07,/mnt/zsn/lyb/arti-skill/exp/artiverse_n5_uniform_studio_256_v1/faucet/fpModel/da12ddee162bc245d492d39ac6e675f03789ed07/imgs/000.png,72063,fa7cd5b249dd722c8a8bc5cd8fe847519174ffc48df749d8807616d932439dff,1405,fpModel,data/faucet/fpModel/da12ddee162bc245d492d39ac6e675f03789ed07,036b1b39e0d12cd1156d29e6a251d91448c704bfba03e617c34d97cf09320b4b,/mnt/zsn/lyb/arti-skill/exp/artiverse/data/faucet/fpModel/da12ddee162bc245d492d39ac6e675f03789ed07/da12ddee162bc245d492d39ac6e675f03789ed07.segmented.glb,36260,52aff10685deeff1f5583ccc3e146879e18d8a1060d948a211e5a8f05b7c8976
118,C026__S04__faucet__objaverse__f19ee359dc52473b8327258e32cae8b5,C026,faucet,4,objaverse,f19ee359dc52473b8327258e32cae8b5,/mnt/zsn/lyb/arti-skill/exp/artiverse_n5_uniform_studio_256_v1/faucet/objaverse/f19ee359dc52473b8327258e32cae8b5/imgs/000.png,73267,dc550cff7666958d04aadf2af5bcd80f83ec5f7acdd6ead8d60b90747d8f81e9,1454,objaverse,data/faucet/objaverse/f19ee359dc52473b8327258e32cae8b5,10c00074f425a48a9bfc874edd6d859643eaca12a11016b8008417f57e40646b,/mnt/zsn/lyb/arti-skill/exp/artiverse/data/faucet/objaverse/f19ee359dc52473b8327258e32cae8b5/f19ee359dc52473b8327258e32cae8b5.segmented.glb,1325068,a25805631f5ad3f49798e2d16155069bd9edbe9f3e21ce5f5f2fbc4b26ae5c08
119,C026__S05__faucet__objaverse__b6d7c7372a6d440396e503fb7d5257c1,C026,faucet,5,objaverse,b6d7c7372a6d440396e503fb7d5257c1,/mnt/zsn/lyb/arti-skill/exp/artiverse_n5_uniform_studio_256_v1/faucet/objaverse/b6d7c7372a6d440396e503fb7d5257c1/imgs/000.png,73668,fd7d3110f017e37beb68ac49bc9623030868e77cfd590d70625b23368089836c,1440,objaverse,data/faucet/objaverse/b6d7c7372a6d440396e503fb7d5257c1,15004dbd4da37b73bad9268a1266f201b331285fdc52cf8985efdc492bf32588,/mnt/zsn/lyb/arti-skill/exp/artiverse/data/faucet/objaverse/b6d7c7372a6d440396e503fb7d5257c1/b6d7c7372a6d440396e503fb7d5257c1.segmented.glb,386364,ae7e82ba9c91f10ed03568090d7759aad09ccc5efc6e6297912a06a10095d2c0
120,C027__S01__flashlight__3dw__961509152f567bcf601942405395f8c8,C027,flashlight,1,3dw,961509152f567bcf601942405395f8c8,/mnt/zsn/lyb/arti-skill/exp/artiverse_n5_uniform_studio_256_v1/flashlight/3dw/961509152f567bcf601942405395f8c8/imgs/000.png,73025,3b15787ac3d3ad40bab5970a74beb91b483b93761964caf1e7fedee8e01609a1,1484,3dw,data/flashlight/3dw/961509152f567bcf601942405395f8c8,07b2f8d00ee13efa5917e4b050ea555655844b8579fec55c8472383fa3a66525,/mnt/zsn/lyb/arti-skill/exp/artiverse/data/flashlight/3dw/961509152f567bcf601942405395f8c8/961509152f567bcf601942405395f8c8.segmented.glb,79444,2d38357d6611a379dcaacd08452225084017eb509c5a92aa11be7e6c9702acbe
121,C027__S02__flashlight__3dw__3b4bde6e61bc34f9aebcb4f8f99f5b8a,C027,flashlight,2,3dw,3b4bde6e61bc34f9aebcb4f8f99f5b8a,/mnt/zsn/lyb/arti-skill/exp/artiverse_n5_uniform_studio_256_v1/flashlight/3dw/3b4bde6e61bc34f9aebcb4f8f99f5b8a/imgs/000.png,69490,bb459d823b82bd6e85e7e794648444f836e1e1cafe094afdc600373054f045b2,1478,3dw,data/flashlight/3dw/3b4bde6e61bc34f9aebcb4f8f99f5b8a,13f1d7396e4a763036eac9dbfe548ff51d9da3b5e31c13d6a17dc79768a9be39,/mnt/zsn/lyb/arti-skill/exp/artiverse/data/flashlight/3dw/3b4bde6e61bc34f9aebcb4f8f99f5b8a/3b4bde6e61bc34f9aebcb4f8f99f5b8a.segmented.glb,919848,db37b82793d9aaa0b40004b00cde6df9d0b6a9f9677bc70bb803cd9e6a30f2a3
122,C027__S03__flashlight__partnext__031c2276bfc24ea29bad03779ecf764f,C027,flashlight,3,partnext,031c2276bfc24ea29bad03779ecf764f,/mnt/zsn/lyb/arti-skill/exp/artiverse_n5_uniform_studio_256_v1/flashlight/partnext/031c2276bfc24ea29bad03779ecf764f/imgs/000.png,77366,884574508a30b5f59fb1acbe8d1903d474c8bf88891b9cb67eac8a0f3919f1e1,1490,partnext,data/flashlight/partnext/031c2276bfc24ea29bad03779ecf764f,2da5b16c8397c3e5419df30292af495e57aead1a1d21ff8a1d534fbbb0e84009,/mnt/zsn/lyb/arti-skill/exp/artiverse/data/flashlight/partnext/031c2276bfc24ea29bad03779ecf764f/031c2276bfc24ea29bad03779ecf764f.segmented.glb,38372,1f7670d804901763f5f65c8e613f9ba5710f6ac2cfafb67c59f7c95d054dec58
123,C027__S04__flashlight__3dw__95ef38a34e451bb7f7a3639637cc3e61,C027,flashlight,4,3dw,95ef38a34e451bb7f7a3639637cc3e61,/mnt/zsn/lyb/arti-skill/exp/artiverse_n5_uniform_studio_256_v1/flashlight/3dw/95ef38a34e451bb7f7a3639637cc3e61/imgs/000.png,74431,e009012b0051f2ec94a2e20820f7f4b88febf66c65c79b177a10ad140c3ccc07,1483,3dw,data/flashlight/3dw/95ef38a34e451bb7f7a3639637cc3e61,35f0f574f45f4148557864ac8f37f830d26b7bf08fadc62df92c0273de1bf8bd,/mnt/zsn/lyb/arti-skill/exp/artiverse/data/flashlight/3dw/95ef38a34e451bb7f7a3639637cc3e61/95ef38a34e451bb7f7a3639637cc3e61.segmented.glb,493448,a983c929ea16c512a2a51729fc4fc7cb2db2eb8abdf4a8aab62e5526ada36625
124,C027__S05__flashlight__wss__ec168629d03637bbbda5c22972fd72db,C027,flashlight,5,wss,ec168629d03637bbbda5c22972fd72db,/mnt/zsn/lyb/arti-skill/exp/artiverse_n5_uniform_studio_256_v1/flashlight/wss/ec168629d03637bbbda5c22972fd72db/imgs/000.png,74267,30e92ff700a64875d025da0832b3d9653d4de13b9153cfc08d2124b8cdad2702,1497,wss,data/flashlight/wss/ec168629d03637bbbda5c22972fd72db,4355c2dd72e1cafd4cd7ad85b538505b9a3c797058b5fa6901285ece7461190c,/mnt/zsn/lyb/arti-skill/exp/artiverse/data/flashlight/wss/ec168629d03637bbbda5c22972fd72db/ec168629d03637bbbda5c22972fd72db.segmented.glb,66464,270186a9726287e58f28eca26f321a5569df3791feab3aa0bb4e890b7d074c9b
125,C028__S01__floor_clock__3dw__6cd9f0f548979d5160ddc468fe733ed1,C028,floor_clock,1,3dw,6cd9f0f548979d5160ddc468fe733ed1,/mnt/zsn/lyb/arti-skill/exp/artiverse_n5_uniform_studio_256_v1/floor_clock/3dw/6cd9f0f548979d5160ddc468fe733ed1/imgs/000.png,78564,e5afea615dc9d8d586261a68e014b7055821d1aa83f5f9791a66b49a711a9653,1498,3dw,data/floor_clock/3dw/6cd9f0f548979d5160ddc468fe733ed1,1f25cda9612b6fa337219211d8c9e10b268a13ebdc6167f8b6afd8ffbf32fcf7,/mnt/zsn/lyb/arti-skill/exp/artiverse/data/floor_clock/3dw/6cd9f0f548979d5160ddc468fe733ed1/6cd9f0f548979d5160ddc468fe733ed1.segmented.glb,4100516,6d60c045414a7859551dd562a9a556e8cfa63c15143d629f75cc3306299ae01f
126,C028__S02__floor_clock__3dw__e01c3bb5470030aca34cf9b3e7cc7dc3,C028,floor_clock,2,3dw,e01c3bb5470030aca34cf9b3e7cc7dc3,/mnt/zsn/lyb/arti-skill/exp/artiverse_n5_uniform_studio_256_v1/floor_clock/3dw/e01c3bb5470030aca34cf9b3e7cc7dc3/imgs/000.png,76419,c4bd70c6c73a15650b4c28ca7c4080fd42bc3b0b092242bad758593a19bc6971,1499,3dw,data/floor_clock/3dw/e01c3bb5470030aca34cf9b3e7cc7dc3,e6bcff68c6c67c7156346653cc3951020f6389b772a80a2d84680a2c82b90504,/mnt/zsn/lyb/arti-skill/exp/artiverse/data/floor_clock/3dw/e01c3bb5470030aca34cf9b3e7cc7dc3/e01c3bb5470030aca34cf9b3e7cc7dc3.segmented.glb,375128,f8a274652ba9195a6fc7cc7690460191ff29bd331b9a252ff99f98c30c1e2b2a
127,C029__S01__floor_lamp__abo__B07DBHB6D4,C029,floor_lamp,1,abo,B07DBHB6D4,/mnt/zsn/lyb/arti-skill/exp/artiverse_n5_uniform_studio_256_v1/floor_lamp/abo/B07DBHB6D4/imgs/000.png,70499,5f6bf4b6898435d7d3a8e5b8f66ec9db92cb6870cd0bb52711340f962b1fdb46,1508,abo,data/floor_lamp/abo/B07DBHB6D4,01c1b5779546a4411ed534e5bc1e999e3b41e27af573149c0b0ce0a3c71f59ad,/mnt/zsn/lyb/arti-skill/exp/artiverse/data/floor_lamp/abo/B07DBHB6D4/B07DBHB6D4.segmented.glb,1009776,3689d262994d27cfd170d0b961edb2b9b50eb82f2e0f00bda99e8afe6b4a3664
128,C029__S02__floor_lamp__abo__B07HKGKSMM,C029,floor_lamp,2,abo,B07HKGKSMM,/mnt/zsn/lyb/arti-skill/exp/artiverse_n5_uniform_studio_256_v1/floor_lamp/abo/B07HKGKSMM/imgs/000.png,70659,b293667b73320759fd5523e9a95524994f3cade0824a0d5145a4f91a85e444ae,1510,abo,data/floor_lamp/abo/B07HKGKSMM,07750bcb5952ee1b9ba77b71d966d280b770bc6e4a5407610858eab94ca41b82,/mnt/zsn/lyb/arti-skill/exp/artiverse/data/floor_lamp/abo/B07HKGKSMM/B07HKGKSMM.segmented.glb,7822636,a26cdec136b833f4f79436954e13740477dd57b113e4b16eb6d11aefaf67abee
129,C029__S03__floor_lamp__objaverse__df242ae2058a4217b3cc461c2e363694,C029,floor_lamp,3,objaverse,df242ae2058a4217b3cc461c2e363694,/mnt/zsn/lyb/arti-skill/exp/artiverse_n5_uniform_studio_256_v1/floor_lamp/objaverse/df242ae2058a4217b3cc461c2e363694/imgs/000.png,69476,b62d2eed43754755a73a7a62b275a617d7a6df9367e4e31adc9cc54a5dbf8fcb,1523,objaverse,data/floor_lamp/objaverse/df242ae2058a4217b3cc461c2e363694,0802960f846b8d44eec48854cd5f113e1e5f00a44308d79e794c0d7a7b2495ef,/mnt/zsn/lyb/arti-skill/exp/artiverse/data/floor_lamp/objaverse/df242ae2058a4217b3cc461c2e363694/df242ae2058a4217b3cc461c2e363694.segmented.glb,331268,66690b9be5cc92bb5bce1a9d559ecea162c2c4a2ba3d55b936ee8a5cd15e35b9
130,C029__S04__floor_lamp__abo__B07DBCG1QY,C029,floor_lamp,4,abo,B07DBCG1QY,/mnt/zsn/lyb/arti-skill/exp/artiverse_n5_uniform_studio_256_v1/floor_lamp/abo/B07DBCG1QY/imgs/000.png,69458,e05ddcc389aa468df5bab8aff5a4cf9abf5b2c76913e3ec43bc22cd91320cc6a,1507,abo,data/floor_lamp/abo/B07DBCG1QY,0bf274a127e4cddc19454736fd56c8a1daabc7e96ebb66a8d7684c7aaf077a0e,/mnt/zsn/lyb/arti-skill/exp/artiverse/data/floor_lamp/abo/B07DBCG1QY/B07DBCG1QY.segmented.glb,694000,f08d13230629605154faaf1b18865d0becde4b85ed6505d7160fd847d73189c6
131,C029__S05__floor_lamp__3dfModel__9e17d130-682e-4292-997d-bf59c76aaf7b,C029,floor_lamp,5,3dfModel,9e17d130-682e-4292-997d-bf59c76aaf7b,/mnt/zsn/lyb/arti-skill/exp/artiverse_n5_uniform_studio_256_v1/floor_lamp/3dfModel/9e17d130-682e-4292-997d-bf59c76aaf7b/imgs/000.png,70684,e881ccc79be453dbb596e74d9d5e7d2ae6d40c66d255eaea5c0584b0939652a1,1503,3dfModel,data/floor_lamp/3dfModel/9e17d130-682e-4292-997d-bf59c76aaf7b,0fe3903f2d7ac370f248388a965f9b676e6e7884eef7197bbe2218e73e860b7b,/mnt/zsn/lyb/arti-skill/exp/artiverse/data/floor_lamp/3dfModel/9e17d130-682e-4292-997d-bf59c76aaf7b/9e17d130-682e-4292-997d-bf59c76aaf7b.segmented.glb,1050304,ff6b37dda90e34daa58a903b3a261e0755c11e4ce63e5752e8b903e1d8a6b727
132,C030__S01__game_controller__partnext__d60802ee3f9042859cc09bfe9c8f4f82,C030,game_controller,1,partnext,d60802ee3f9042859cc09bfe9c8f4f82,/mnt/zsn/lyb/arti-skill/exp/artiverse_n5_uniform_studio_256_v1/game_controller/partnext/d60802ee3f9042859cc09bfe9c8f4f82/imgs/000.png,70767,5d62b80e7e955b3f3bd695f3e3df135cd246e4308e6b916f503dd5830868a39d,1529,partnext,data/game_controller/partnext/d60802ee3f9042859cc09bfe9c8f4f82,dd61e887df4acf6872930ae734f809113c72d09ffd63dee7e1615e055d2e3d6a,/mnt/zsn/lyb/arti-skill/exp/artiverse/data/game_controller/partnext/d60802ee3f9042859cc09bfe9c8f4f82/d60802ee3f9042859cc09bfe9c8f4f82.segmented.glb,179932,36def636e2549690acba4b576b0d41b03b80a530c8ea8591901e9b4d82a9fddd
133,C031__S01__grill__3dw__ua5b19e7c-d9eb-4df1-8278-d343048c9912,C031,grill,1,3dw,ua5b19e7c-d9eb-4df1-8278-d343048c9912,/mnt/zsn/lyb/arti-skill/exp/artiverse_n5_uniform_studio_256_v1/grill/3dw/ua5b19e7c-d9eb-4df1-8278-d343048c9912/imgs/000.png,78369,0b96db2b8a1f82ab275f30f28c13bc71f634fa7ed94a43d6f48fae1978a5cb52,1531,3dw,data/grill/3dw/ua5b19e7c-d9eb-4df1-8278-d343048c9912,4e7e40a88430e29b33916c77bd7ececa6bafe1ad4996e078265739d16fe3f8cb,/mnt/zsn/lyb/arti-skill/exp/artiverse/data/grill/3dw/ua5b19e7c-d9eb-4df1-8278-d343048c9912/ua5b19e7c-d9eb-4df1-8278-d343048c9912.segmented.glb,3066788,dd68e0f9d25e6f302e8515985f6ca9ed7142770ded46af3842922b630b5ab9ed
134,C031__S02__grill__fpModel__0516be93fa8832ae85f42da29177aaf7f3500dcb,C031,grill,2,fpModel,0516be93fa8832ae85f42da29177aaf7f3500dcb,/mnt/zsn/lyb/arti-skill/exp/artiverse_n5_uniform_studio_256_v1/grill/fpModel/0516be93fa8832ae85f42da29177aaf7f3500dcb/imgs/000.png,79354,55fefd3f72ee4398b141565077966067c0baf76a4cc397b09447e828483421f7,1532,fpModel,data/grill/fpModel/0516be93fa8832ae85f42da29177aaf7f3500dcb,67540edf3f01bc30eaa766ac35c67f0f523847eb074913274b7d57418dcf47d8,/mnt/zsn/lyb/arti-skill/exp/artiverse/data/grill/fpModel/0516be93fa8832ae85f42da29177aaf7f3500dcb/0516be93fa8832ae85f42da29177aaf7f3500dcb.segmented.glb,204448,7a61961fbb76cdfdcc0c9a6191c8e33e8208f822cd7888e8dbb6281431534dcd
135,C031__S03__grill__3dw__1dea3c57806e5c7e385cc93c89fda0d8,C031,grill,3,3dw,1dea3c57806e5c7e385cc93c89fda0d8,/mnt/zsn/lyb/arti-skill/exp/artiverse_n5_uniform_studio_256_v1/grill/3dw/1dea3c57806e5c7e385cc93c89fda0d8/imgs/000.png,89922,da5199f871e9fd9e5fcb009875e2228bf1efc894a9c0e53d4998853f05e9dcb4,1530,3dw,data/grill/3dw/1dea3c57806e5c7e385cc93c89fda0d8,eb898a77ad112e9f718b447d285a95014cc25502a9af87c23f1b037547a7a3d6,/mnt/zsn/lyb/arti-skill/exp/artiverse/data/grill/3dw/1dea3c57806e5c7e385cc93c89fda0d8/1dea3c57806e5c7e385cc93c89fda0d8.segmented.glb,446488,7c3a37c34b39ab4188e350d36789939242058f1ad4329b7947706df9f7985619
136,C032__S01__jewelry_box__3dw__57fe3f25c9a07e347fd32cfd49d07a81,C032,jewelry_box,1,3dw,57fe3f25c9a07e347fd32cfd49d07a81,/mnt/zsn/lyb/arti-skill/exp/artiverse_n5_uniform_studio_256_v1/jewelry_box/3dw/57fe3f25c9a07e347fd32cfd49d07a81/imgs/000.png,75201,5f6f4e7bf909a4d448526715233e28c1d47a1c7961a3c9b23ceec80f7f4ee8dc,1537,3dw,data/jewelry_box/3dw/57fe3f25c9a07e347fd32cfd49d07a81,30bef1d6ff510431b743dafd6c7d44d3a84d9a4107eba6c3bdeb5a7371559cb7,/mnt/zsn/lyb/arti-skill/exp/artiverse/data/jewelry_box/3dw/57fe3f25c9a07e347fd32cfd49d07a81/57fe3f25c9a07e347fd32cfd49d07a81.segmented.glb,107600,83d04a348e77fa010777a23de87b7aff5d2376f2b1e194dcb37158f0fb06f884
137,C032__S02__jewelry_box__3dw__e2e531b4ec663f1ab724bccd568c5fc1,C032,jewelry_box,2,3dw,e2e531b4ec663f1ab724bccd568c5fc1,/mnt/zsn/lyb/arti-skill/exp/artiverse_n5_uniform_studio_256_v1/jewelry_box/3dw/e2e531b4ec663f1ab724bccd568c5fc1/imgs/000.png,90297,5d6d1a306a77fc9a3cd88ac18300a9c6c2649113d293b418587189052e8dd0fe,1539,3dw,data/jewelry_box/3dw/e2e531b4ec663f1ab724bccd568c5fc1,35a3a11df94e4c2bee801fc6696b10068b7ab5553ff9ef2d6bf968a99d1d9c16,/mnt/zsn/lyb/arti-skill/exp/artiverse/data/jewelry_box/3dw/e2e531b4ec663f1ab724bccd568c5fc1/e2e531b4ec663f1ab724bccd568c5fc1.segmented.glb,1767888,c68f0a3b3be91fefb3670e1afbfb18f0be4e73886463ecb5dea6ac36b6f08782
138,C032__S03__jewelry_box__3dw__7ca9ee40fa2648d55bbc2c24e78c0124,C032,jewelry_box,3,3dw,7ca9ee40fa2648d55bbc2c24e78c0124,/mnt/zsn/lyb/arti-skill/exp/artiverse_n5_uniform_studio_256_v1/jewelry_box/3dw/7ca9ee40fa2648d55bbc2c24e78c0124/imgs/000.png,79247,4a717f164279eb4b2f0a801d5edc5387a6036286612c2e85b1789fd066d42634,1538,3dw,data/jewelry_box/3dw/7ca9ee40fa2648d55bbc2c24e78c0124,3c29c9728ff76bdfaff2f96c079dab090eb44f45a6d257a3484b3b4afba72cef,/mnt/zsn/lyb/arti-skill/exp/artiverse/data/jewelry_box/3dw/7ca9ee40fa2648d55bbc2c24e78c0124/7ca9ee40fa2648d55bbc2c24e78c0124.segmented.glb,164044,3b73634236447fd9c02d950342db89e6b59549199356184ca6eac7fdafc1b14a
139,C032__S04__jewelry_box__3dw__381dddebc9d1f5a8d4a147733422d301,C032,jewelry_box,4,3dw,381dddebc9d1f5a8d4a147733422d301,/mnt/zsn/lyb/arti-skill/exp/artiverse_n5_uniform_studio_256_v1/jewelry_box/3dw/381dddebc9d1f5a8d4a147733422d301/imgs/000.png,89496,b7491de91fa4b9e2fa634dc456930860634aa4676ff64775d089405cd48dcae8,1535,3dw,data/jewelry_box/3dw/381dddebc9d1f5a8d4a147733422d301,4846dcc09f18f5a87e97ee6f24b97ec0be7b922474cf10b467d18e4c00c2d37f,/mnt/zsn/lyb/arti-skill/exp/artiverse/data/jewelry_box/3dw/381dddebc9d1f5a8d4a147733422d301/381dddebc9d1f5a8d4a147733422d301.segmented.glb,11698000,66eb6b5717ee836b25d4e6bf987b0f68323295be053e2bd33d7321134ef603ac
140,C032__S05__jewelry_box__3dw__34841c789208cb46587d0dbfbd9ca24c,C032,jewelry_box,5,3dw,34841c789208cb46587d0dbfbd9ca24c,/mnt/zsn/lyb/arti-skill/exp/artiverse_n5_uniform_studio_256_v1/jewelry_box/3dw/34841c789208cb46587d0dbfbd9ca24c/imgs/000.png,91969,42815541c634294fcb4a0fc9f79a8c40a55eb90fa37a15ebe533102252bcc045,1534,3dw,data/jewelry_box/3dw/34841c789208cb46587d0dbfbd9ca24c,5298eb8e775a93a126ddd909370f2e251c1320a2da0db9daac4d3610ef69320e,/mnt/zsn/lyb/arti-skill/exp/artiverse/data/jewelry_box/3dw/34841c789208cb46587d0dbfbd9ca24c/34841c789208cb46587d0dbfbd9ca24c.segmented.glb,802940,41f2b57314dfe082072a08f0f90fc157587e5b817cabc164469f4d4ed19da969
141,C033__S01__kitchen_pot__fpModel__8e2cdcd475c5b8676779bf6a24605861517818bd,C033,kitchen_pot,1,fpModel,8e2cdcd475c5b8676779bf6a24605861517818bd,/mnt/zsn/lyb/arti-skill/exp/artiverse_n5_uniform_studio_256_v1/kitchen_pot/fpModel/8e2cdcd475c5b8676779bf6a24605861517818bd/imgs/000.png,73189,a1f215e86ae0b5b43b4512abe330e7f4bb4c6ca374d00defbff6843e2d66faba,1553,fpModel,data/kitchen_pot/fpModel/8e2cdcd475c5b8676779bf6a24605861517818bd,04a30d0d79b72e60d104975def7c234b6f4b0d33d339912b8021a2be3a109064,/mnt/zsn/lyb/arti-skill/exp/artiverse/data/kitchen_pot/fpModel/8e2cdcd475c5b8676779bf6a24605861517818bd/8e2cdcd475c5b8676779bf6a24605861517818bd.segmented.glb,1324048,824781ece8bad131d9912984425cffefe07fa4fbbc118955a8b37f7ad86809a9
142,C033__S02__kitchen_pot__fpModel__2e220a72339bd2be92f210affc6adb599e7a297a,C033,kitchen_pot,2,fpModel,2e220a72339bd2be92f210affc6adb599e7a297a,/mnt/zsn/lyb/arti-skill/exp/artiverse_n5_uniform_studio_256_v1/kitchen_pot/fpModel/2e220a72339bd2be92f210affc6adb599e7a297a/imgs/000.png,74813,b897e84ad357ff41fb69617415b1b4fdf4cfdb76a2f42a8db988a746379391e9,1546,fpModel,data/kitchen_pot/fpModel/2e220a72339bd2be92f210affc6adb599e7a297a,121b50d5955a2a2f6a38949c1d9a683ab5b378c5935ce881b671c46925fedef8,/mnt/zsn/lyb/arti-skill/exp/artiverse/data/kitchen_pot/fpModel/2e220a72339bd2be92f210affc6adb599e7a297a/2e220a72339bd2be92f210affc6adb599e7a297a.segmented.glb,125116,0274c2e5508d8588ca1458b797e5f11aff6e46970fa8b271e86e9711d3eb7303
143,C033__S03__kitchen_pot__fpModel__b1722de81151d2e1b1f51e779414e9259473ed1f,C033,kitchen_pot,3,fpModel,b1722de81151d2e1b1f51e779414e9259473ed1f,/mnt/zsn/lyb/arti-skill/exp/artiverse_n5_uniform_studio_256_v1/kitchen_pot/fpModel/b1722de81151d2e1b1f51e779414e9259473ed1f/imgs/000.png,71537,c5a615a86e79d810cb3c6286db41dac63d91c59629d24a0b96c67670ee4aa098,1555,fpModel,data/kitchen_pot/fpModel/b1722de81151d2e1b1f51e779414e9259473ed1f,3f30ef66831ce75c3e3b7ec93001aac490d4421a2935532812e6bde484f5549c,/mnt/zsn/lyb/arti-skill/exp/artiverse/data/kitchen_pot/fpModel/b1722de81151d2e1b1f51e779414e9259473ed1f/b1722de81151d2e1b1f51e779414e9259473ed1f.segmented.glb,86508,b20905ec7fb6ddbcc67e8e51f00ce1ce726814a0ee95de193948c8a98e304ec9
144,C033__S04__kitchen_pot__fpModel__e6eed5cd7d1357bd2e5957e8b05590643543f8c2,C033,kitchen_pot,4,fpModel,e6eed5cd7d1357bd2e5957e8b05590643543f8c2,/mnt/zsn/lyb/arti-skill/exp/artiverse_n5_uniform_studio_256_v1/kitchen_pot/fpModel/e6eed5cd7d1357bd2e5957e8b05590643543f8c2/imgs/000.png,74093,1cc8045f7e4f67caeede5481891c5041329b7604ccfdb689fb8f81a5e6cf9cd6,1557,fpModel,data/kitchen_pot/fpModel/e6eed5cd7d1357bd2e5957e8b05590643543f8c2,41a699fa1b50e71021610a99c339c67d9e0c1fee0decc2e3692ba1ceb4689ab3,/mnt/zsn/lyb/arti-skill/exp/artiverse/data/kitchen_pot/fpModel/e6eed5cd7d1357bd2e5957e8b05590643543f8c2/e6eed5cd7d1357bd2e5957e8b05590643543f8c2.segmented.glb,500380,5b88415f2209292fcb67ee363a6d41d667e11709998452894af2798f0d111456
145,C033__S05__kitchen_pot__fpModel__3024a2ac938ec92f5f6e5e62714c5dfd4a73d10c,C033,kitchen_pot,5,fpModel,3024a2ac938ec92f5f6e5e62714c5dfd4a73d10c,/mnt/zsn/lyb/arti-skill/exp/artiverse_n5_uniform_studio_256_v1/kitchen_pot/fpModel/3024a2ac938ec92f5f6e5e62714c5dfd4a73d10c/imgs/000.png,70360,b571f2586dc5d978100faf05f23e11a49dcdf3c2862c98430961c0efba96c6b6,1547,fpModel,data/kitchen_pot/fpModel/3024a2ac938ec92f5f6e5e62714c5dfd4a73d10c,4bd81adf04a5e3164f3b800ee9c2bd5417a98c91b6544c7b62c2f117d1c98e0f,/mnt/zsn/lyb/arti-skill/exp/artiverse/data/kitchen_pot/fpModel/3024a2ac938ec92f5f6e5e62714c5dfd4a73d10c/3024a2ac938ec92f5f6e5e62714c5dfd4a73d10c.segmented.glb,230360,26517ced2ae9dd956362dbf014040d051e1298ef174c1500c8e38ae677de1a13
146,C034__S01__laptop__wss__64690e8eb7567389f8a97f238a8ceb14,C034,laptop,1,wss,64690e8eb7567389f8a97f238a8ceb14,/mnt/zsn/lyb/arti-skill/exp/artiverse_n5_uniform_studio_256_v1/laptop/wss/64690e8eb7567389f8a97f238a8ceb14/imgs/000.png,78874,9e22e7a1830af7e5a46817c921dc786a928acea5e2d5e4b3faf8d165d72e0d4c,1589,wss,data/laptop/wss/64690e8eb7567389f8a97f238a8ceb14,04014c19d7b1de5c621539a10d8337a879a59912d692b8735e68d3370510368b,/mnt/zsn/lyb/arti-skill/exp/artiverse/data/laptop/wss/64690e8eb7567389f8a97f238a8ceb14/64690e8eb7567389f8a97f238a8ceb14.segmented.glb,2675692,41ea7caa06352d791364c4dd9fe18fa2e968dde7779fcd3024294d7a992e4c0b
147,C034__S02__laptop__wss__d4a1b5ef035650a51021cd55d164c0ed,C034,laptop,2,wss,d4a1b5ef035650a51021cd55d164c0ed,/mnt/zsn/lyb/arti-skill/exp/artiverse_n5_uniform_studio_256_v1/laptop/wss/d4a1b5ef035650a51021cd55d164c0ed/imgs/000.png,81210,7e3345da3ecb1b04e30f11e41ac1e7b44563c6379542ae346543652ef425b8aa,1593,wss,data/laptop/wss/d4a1b5ef035650a51021cd55d164c0ed,17f1dc1e63ac3e3c86c3ce79e9102520f275b03c7cc2800a7454cd4e0250e847,/mnt/zsn/lyb/arti-skill/exp/artiverse/data/laptop/wss/d4a1b5ef035650a51021cd55d164c0ed/d4a1b5ef035650a51021cd55d164c0ed.segmented.glb,10035820,487b7c3ee991e915d6bce67f932d8094a2520aa5f62e3870a9852d87ed5de516
148,C034__S03__laptop__objaverse_xl__485453823f2a93f544c16c03b17f8e698be60b9138fa41af137cc6ad057fa0cc,C034,laptop,3,objaverse_xl,485453823f2a93f544c16c03b17f8e698be60b9138fa41af137cc6ad057fa0cc,/mnt/zsn/lyb/arti-skill/exp/artiverse_n5_uniform_studio_256_v1/laptop/objaverse_xl/485453823f2a93f544c16c03b17f8e698be60b9138fa41af137cc6ad057fa0cc/imgs/000.png,84184,b3fc3f1748a25acb1cd3b39dfa594eff0e70c47311eca096e3d729c651d3e9b3,1567,objaverse_xl,data/laptop/objaverse_xl/485453823f2a93f544c16c03b17f8e698be60b9138fa41af137cc6ad057fa0cc,2b8d29cc8e99241f16cee98b7f57624d05b575aec59d7bed042e2839623c090c,/mnt/zsn/lyb/arti-skill/exp/artiverse/data/laptop/objaverse_xl/485453823f2a93f544c16c03b17f8e698be60b9138fa41af137cc6ad057fa0cc/485453823f2a93f544c16c03b17f8e698be60b9138fa41af137cc6ad057fa0cc.segmented.glb,327160,e4e5ec947ddd9ab4e2d7c90b5940c64bf0dfff7f6af86892b440c1e449b6c363
149,C034__S04__laptop__objaverse_xl__3bccdcf82e67d538046a819d7a8173fec8ff9674582190f3593f89dc35e51621,C034,laptop,4,objaverse_xl,3bccdcf82e67d538046a819d7a8173fec8ff9674582190f3593f89dc35e51621,/mnt/zsn/lyb/arti-skill/exp/artiverse_n5_uniform_studio_256_v1/laptop/objaverse_xl/3bccdcf82e67d538046a819d7a8173fec8ff9674582190f3593f89dc35e51621/imgs/000.png,82812,20915a92821ea98bcb27575b33ab0c506c50fcd99c5cf512196f25c168384fb5,1564,objaverse_xl,data/laptop/objaverse_xl/3bccdcf82e67d538046a819d7a8173fec8ff9674582190f3593f89dc35e51621,38d00eef4454f1e66c0592f6e477bc164a7b5d37a01a99f84970181bf0c101bf,/mnt/zsn/lyb/arti-skill/exp/artiverse/data/laptop/objaverse_xl/3bccdcf82e67d538046a819d7a8173fec8ff9674582190f3593f89dc35e51621/3bccdcf82e67d538046a819d7a8173fec8ff9674582190f3593f89dc35e51621.segmented.glb,1881656,36f2bef9e14697b08dbd5f17b5ed86e2c82f9fb9375003f9a6286c45caf416e9
150,C034__S05__laptop__wss__495e5abfb57f04ba6bb5dc693bf723b4,C034,laptop,5,wss,495e5abfb57f04ba6bb5dc693bf723b4,/mnt/zsn/lyb/arti-skill/exp/artiverse_n5_uniform_studio_256_v1/laptop/wss/495e5abfb57f04ba6bb5dc693bf723b4/imgs/000.png,74505,88e34f6e61718a359aa8c2b434bfef793f060121907866a706c61e44d05ee610,1588,wss,data/laptop/wss/495e5abfb57f04ba6bb5dc693bf723b4,471e71c03b205db5a91741eaa2ab4d7ffe051b4f71f15d10ca68d3d4dcd331f3,/mnt/zsn/lyb/arti-skill/exp/artiverse/data/laptop/wss/495e5abfb57f04ba6bb5dc693bf723b4/495e5abfb57f04ba6bb5dc693bf723b4.segmented.glb,5840348,c11f60ff0ed45b4ec91d91d278e955ff9e2efc877f202a28b79273954a950cf8
151,C035__S01__lidded_bin__fpModel__a1cb00c89a44aca868e5ab139a6697cc1050d1d2,C035,lidded_bin,1,fpModel,a1cb00c89a44aca868e5ab139a6697cc1050d1d2,/mnt/zsn/lyb/arti-skill/exp/artiverse_n5_uniform_studio_256_v1/lidded_bin/fpModel/a1cb00c89a44aca868e5ab139a6697cc1050d1d2/imgs/000.png,73233,f467eee7a80212bcbe10b62045df379b65be0ea7fecf9d7c16490808d36eb3e3,1597,fpModel,data/lidded_bin/fpModel/a1cb00c89a44aca868e5ab139a6697cc1050d1d2,329ec9d8d7ea74a9d2cb2f38f1561ed39ce7f3d6ef7080d1af0c00945827b2a6,/mnt/zsn/lyb/arti-skill/exp/artiverse/data/lidded_bin/fpModel/a1cb00c89a44aca868e5ab139a6697cc1050d1d2/a1cb00c89a44aca868e5ab139a6697cc1050d1d2.segmented.glb,324336,6319f0e818fb430f819e2f58ffcb9ae2ad1f485bbf1ce13924d5a81ed0357888
152,C036__S01__lighter__3dw__31aedb25d150f5bc7ff1725b349a9075,C036,lighter,1,3dw,31aedb25d150f5bc7ff1725b349a9075,/mnt/zsn/lyb/arti-skill/exp/artiverse_n5_uniform_studio_256_v1/lighter/3dw/31aedb25d150f5bc7ff1725b349a9075/imgs/000.png,72820,44824ba290d1b520a1db55983a14c43e7f9e1c6b63f2e8d4bce821e39aab6ad2,1598,3dw,data/lighter/3dw/31aedb25d150f5bc7ff1725b349a9075,70a7caf2a497d665b86245be85a971f0480d262d32f7378113bd897068d50505,/mnt/zsn/lyb/arti-skill/exp/artiverse/data/lighter/3dw/31aedb25d150f5bc7ff1725b349a9075/31aedb25d150f5bc7ff1725b349a9075.segmented.glb,346844,1d1039ec0c7afab93a70e9300b9769deb2553f672c93c4970b14b7c355cf2693
153,C036__S02__lighter__3dw__90b990ebb9967ab45e36b7a13073ba1a,C036,lighter,2,3dw,90b990ebb9967ab45e36b7a13073ba1a,/mnt/zsn/lyb/arti-skill/exp/artiverse_n5_uniform_studio_256_v1/lighter/3dw/90b990ebb9967ab45e36b7a13073ba1a/imgs/000.png,68649,172d7825e1bce2553846d93ab292826c1035842e717c2b83934d5b717334688d,1601,3dw,data/lighter/3dw/90b990ebb9967ab45e36b7a13073ba1a,ca2b10c7ff36f43d87b836f55712ae8a2ea25c296bcfda532ff61e0ab6926c1d,/mnt/zsn/lyb/arti-skill/exp/artiverse/data/lighter/3dw/90b990ebb9967ab45e36b7a13073ba1a/90b990ebb9967ab45e36b7a13073ba1a.segmented.glb,242868,7298947083117ddb1150aa63ace77f2671dead3d34a2cddb2ae9c462cc2d1c79
154,C036__S03__lighter__3dw__7003a87b7c8242f9e8058cf23f6382c1,C036,lighter,3,3dw,7003a87b7c8242f9e8058cf23f6382c1,/mnt/zsn/lyb/arti-skill/exp/artiverse_n5_uniform_studio_256_v1/lighter/3dw/7003a87b7c8242f9e8058cf23f6382c1/imgs/000.png,79029,b8c02a682a7e1f96e7f740f38e491aba10c90b14ab3eeaad16ee6f5be4c2616a,1600,3dw,data/lighter/3dw/7003a87b7c8242f9e8058cf23f6382c1,d3f7275cfcb194470c986a9233f31215abd4f486febcf9aa6cd522930f6e48c7,/mnt/zsn/lyb/arti-skill/exp/artiverse/data/lighter/3dw/7003a87b7c8242f9e8058cf23f6382c1/7003a87b7c8242f9e8058cf23f6382c1.segmented.glb,154808,3a6ae557141e40bcc496909b01ca907b1ae821baa05ba1ff6389578bc928304c
155,C036__S04__lighter__3dw__509215ae3e8c694250d2ca661321bc9,C036,lighter,4,3dw,509215ae3e8c694250d2ca661321bc9,/mnt/zsn/lyb/arti-skill/exp/artiverse_n5_uniform_studio_256_v1/lighter/3dw/509215ae3e8c694250d2ca661321bc9/imgs/000.png,77933,4211050a7de8bc19e764f74fe16cfb4bcec1bb297e066d5750839d7adc7712b1,1599,3dw,data/lighter/3dw/509215ae3e8c694250d2ca661321bc9,e7b9ecaedbf1ead777b668eacafcccdb09d89e0223ca25ef6f0af505c6006d55,/mnt/zsn/lyb/arti-skill/exp/artiverse/data/lighter/3dw/509215ae3e8c694250d2ca661321bc9/509215ae3e8c694250d2ca661321bc9.segmented.glb,717728,76da7c6fcc5b39a41f0f07ba25e9e67c1ca23a371881f22c57201fb5321ebf20
156,C036__S05__lighter__3dw__fa8f158df1b4059a949ee851f2cd7e2b,C036,lighter,5,3dw,fa8f158df1b4059a949ee851f2cd7e2b,/mnt/zsn/lyb/arti-skill/exp/artiverse_n5_uniform_studio_256_v1/lighter/3dw/fa8f158df1b4059a949ee851f2cd7e2b/imgs/000.png,69556,dd26d4e4263a5361f261e041a21da7b1468e09e2037bb154a1bfb69c4cb4fa55,1602,3dw,data/lighter/3dw/fa8f158df1b4059a949ee851f2cd7e2b,f6843019cfcd34b2b66ab56b8d535287e81ea1ba663f02eda226881d60a7b552,/mnt/zsn/lyb/arti-skill/exp/artiverse/data/lighter/3dw/fa8f158df1b4059a949ee851f2cd7e2b/fa8f158df1b4059a949ee851f2cd7e2b.segmented.glb,1622236,1c5d0a834dd2d6bb45ae5b9959210abe6cb640991565c5f3bb70bf75ca2e3bb7
157,C037__S01__locker__fpModel__ac49fcf122c3a29fdce60f17e669ae23605561c5,C037,locker,1,fpModel,ac49fcf122c3a29fdce60f17e669ae23605561c5,/mnt/zsn/lyb/arti-skill/exp/artiverse_n5_uniform_studio_256_v1/locker/fpModel/ac49fcf122c3a29fdce60f17e669ae23605561c5/imgs/000.png,73872,3ef4f0ff36f8d507919a0df2d1cef822b18aae7e981742c7fdefedb42cf48d32,1612,fpModel,data/locker/fpModel/ac49fcf122c3a29fdce60f17e669ae23605561c5,0315be35693d19c0e1121347559d7898e01d432be61b5c4a366eb3cd5359024d,/mnt/zsn/lyb/arti-skill/exp/artiverse/data/locker/fpModel/ac49fcf122c3a29fdce60f17e669ae23605561c5/ac49fcf122c3a29fdce60f17e669ae23605561c5.segmented.glb,621364,a4b64bd0ddee8431688802f664d803ed5305e617ae88b96cb145f9f4ef808bc1
158,C037__S02__locker__fpModel__4e74ef0956614341bd226da209f0fd9798c2bc68,C037,locker,2,fpModel,4e74ef0956614341bd226da209f0fd9798c2bc68,/mnt/zsn/lyb/arti-skill/exp/artiverse_n5_uniform_studio_256_v1/locker/fpModel/4e74ef0956614341bd226da209f0fd9798c2bc68/imgs/000.png,68810,54cd44ae7caf5d20ab866879251458f625869d9e88418c0a997c24638466265a,1610,fpModel,data/locker/fpModel/4e74ef0956614341bd226da209f0fd9798c2bc68,3921089c620cf75ea6569f2b3cffbee62eaad5ca7f2f64e27b70c9b9ba8c0fd4,/mnt/zsn/lyb/arti-skill/exp/artiverse/data/locker/fpModel/4e74ef0956614341bd226da209f0fd9798c2bc68/4e74ef0956614341bd226da209f0fd9798c2bc68.segmented.glb,450912,eec8462ac11165ae1165ec337c4cd5046443c5f191a64faaf90205b795f9c8aa
159,C037__S03__locker__fpModel__341094b867eb9d6b86f227a6cc65022a840099e5,C037,locker,3,fpModel,341094b867eb9d6b86f227a6cc65022a840099e5,/mnt/zsn/lyb/arti-skill/exp/artiverse_n5_uniform_studio_256_v1/locker/fpModel/341094b867eb9d6b86f227a6cc65022a840099e5/imgs/000.png,71218,c6fe43140c1f06fdbbe95c594076be307a7442b6efea6c4440067e84e407a599,1609,fpModel,data/locker/fpModel/341094b867eb9d6b86f227a6cc65022a840099e5,53d40825633c44bfe3ef553a3a6b80beb0c93e5f486735c9306ac8a12ca9eca6,/mnt/zsn/lyb/arti-skill/exp/artiverse/data/locker/fpModel/341094b867eb9d6b86f227a6cc65022a840099e5/341094b867eb9d6b86f227a6cc65022a840099e5.segmented.glb,530604,93751365d5d8fbec0277583a1a1c8c9c56f9b42f99f9fcad88c8dc7f726686bd
160,C037__S04__locker__fpModel__8ef198585e210a09ad76c8d8ba1d0b2a9d7cd005,C037,locker,4,fpModel,8ef198585e210a09ad76c8d8ba1d0b2a9d7cd005,/mnt/zsn/lyb/arti-skill/exp/artiverse_n5_uniform_studio_256_v1/locker/fpModel/8ef198585e210a09ad76c8d8ba1d0b2a9d7cd005/imgs/000.png,75713,0aead55edff68ac663b9ce1ac59b5aba05cc7590842d4f5aec6d40008aeb451c,1611,fpModel,data/locker/fpModel/8ef198585e210a09ad76c8d8ba1d0b2a9d7cd005,72ad310a65d3f8fc4b72ef31f3af06fb5c935a295872c0ea0cc13803b8d637c6,/mnt/zsn/lyb/arti-skill/exp/artiverse/data/locker/fpModel/8ef198585e210a09ad76c8d8ba1d0b2a9d7cd005/8ef198585e210a09ad76c8d8ba1d0b2a9d7cd005.segmented.glb,653940,016f1ed682c4646f17ef4f1d1c11a7178d19c64df49fbbe1f149858b08266545
161,C037__S05__locker__3dw__be128836cecabd659b39484b1f61a294,C037,locker,5,3dw,be128836cecabd659b39484b1f61a294,/mnt/zsn/lyb/arti-skill/exp/artiverse_n5_uniform_studio_256_v1/locker/3dw/be128836cecabd659b39484b1f61a294/imgs/000.png,77278,1e8afb44578de701a38ac8c99b98b84f451b4dd2c5c9dae543f9d48d1f1cb0ec,1605,3dw,data/locker/3dw/be128836cecabd659b39484b1f61a294,8226e00fe138cb472c7d509a0afa06534ddc9ed4593d8ea8dd51c154c1d42817,/mnt/zsn/lyb/arti-skill/exp/artiverse/data/locker/3dw/be128836cecabd659b39484b1f61a294/be128836cecabd659b39484b1f61a294.segmented.glb,3476448,830ddd27d2fecb65ecebe031e7f9402a568e7312ac5a2ce07d1325195d4de525
162,C038__S01__makeup_mirror__fpModel__03b9da6158d9f400ab8842ead21e2644f596ddee,C038,makeup_mirror,1,fpModel,03b9da6158d9f400ab8842ead21e2644f596ddee,/mnt/zsn/lyb/arti-skill/exp/artiverse_n5_uniform_studio_256_v1/makeup_mirror/fpModel/03b9da6158d9f400ab8842ead21e2644f596ddee/imgs/000.png,73337,1390b070d5425fea98cb3429601972c775962ff1453a7c2b1674b9c05059446a,1617,fpModel,data/makeup_mirror/fpModel/03b9da6158d9f400ab8842ead21e2644f596ddee,02b19a9b6c06fb2ecf420af6ec291fa0dc2db1950a9f71f1bc6dfbbd33c55094,/mnt/zsn/lyb/arti-skill/exp/artiverse/data/makeup_mirror/fpModel/03b9da6158d9f400ab8842ead21e2644f596ddee/03b9da6158d9f400ab8842ead21e2644f596ddee.segmented.glb,87292,5d6098c0cc37bef00893023c056e82a579772344bb425edc16db515e54bcfdf4
163,C038__S02__makeup_mirror__fpModel__2fc2e7cbb6059bc61b4ca0d706ea10649cdabf53,C038,makeup_mirror,2,fpModel,2fc2e7cbb6059bc61b4ca0d706ea10649cdabf53,/mnt/zsn/lyb/arti-skill/exp/artiverse_n5_uniform_studio_256_v1/makeup_mirror/fpModel/2fc2e7cbb6059bc61b4ca0d706ea10649cdabf53/imgs/000.png,75464,673cbfd6c648a48e7ee5b99c1ae86794ee82adcfa94db854a7f8d33f2d3b77f5,1618,fpModel,data/makeup_mirror/fpModel/2fc2e7cbb6059bc61b4ca0d706ea10649cdabf53,16101191aeb7b3afbcf75433071eed26a956af9ffe586bf2fbfde85d4624d84d,/mnt/zsn/lyb/arti-skill/exp/artiverse/data/makeup_mirror/fpModel/2fc2e7cbb6059bc61b4ca0d706ea10649cdabf53/2fc2e7cbb6059bc61b4ca0d706ea10649cdabf53.segmented.glb,314320,9d6d359f1b7ac36998ada7d9f73d6b76322d30561846709921b9e3c780efad7f
164,C038__S03__makeup_mirror__fpModel__8583032839f5dee78fc19a4d1775eeb7aa380bab,C038,makeup_mirror,3,fpModel,8583032839f5dee78fc19a4d1775eeb7aa380bab,/mnt/zsn/lyb/arti-skill/exp/artiverse_n5_uniform_studio_256_v1/makeup_mirror/fpModel/8583032839f5dee78fc19a4d1775eeb7aa380bab/imgs/000.png,75020,03bf107d7e197804451098722c2e338899d60bd1640fa2f5c4fbe2b283633ab7,1622,fpModel,data/makeup_mirror/fpModel/8583032839f5dee78fc19a4d1775eeb7aa380bab,566d75bb9b9288a4eeaaff946ab852fcac22c517f0afe80b194e4c80ea0c0d2d,/mnt/zsn/lyb/arti-skill/exp/artiverse/data/makeup_mirror/fpModel/8583032839f5dee78fc19a4d1775eeb7aa380bab/8583032839f5dee78fc19a4d1775eeb7aa380bab.segmented.glb,78540,1aacc711161b6960d410151c525453101f52e12abf027652a2b311a8efcf8ee8
165,C038__S04__makeup_mirror__fpModel__bd6868f7b7f9b7f671998a1d27d0555b0946e855,C038,makeup_mirror,4,fpModel,bd6868f7b7f9b7f671998a1d27d0555b0946e855,/mnt/zsn/lyb/arti-skill/exp/artiverse_n5_uniform_studio_256_v1/makeup_mirror/fpModel/bd6868f7b7f9b7f671998a1d27d0555b0946e855/imgs/000.png,77649,240f279074c52763a8d37355ce85f341b34b26f924ccedb286910799b2c007ea,1625,fpModel,data/makeup_mirror/fpModel/bd6868f7b7f9b7f671998a1d27d0555b0946e855,64bff73f5b28d0de54f4f9d52fc2ff476e9f3b25ceab45282776de67c4eb014f,/mnt/zsn/lyb/arti-skill/exp/artiverse/data/makeup_mirror/fpModel/bd6868f7b7f9b7f671998a1d27d0555b0946e855/bd6868f7b7f9b7f671998a1d27d0555b0946e855.segmented.glb,5601640,00038d231ddbf34f8be53191ac5c5e74852a33fcfa17f6b5242ce8b0a216cdc7
166,C038__S05__makeup_mirror__fpModel__88a3efad0856410f9cd133f785599ec56abb8a6f,C038,makeup_mirror,5,fpModel,88a3efad0856410f9cd133f785599ec56abb8a6f,/mnt/zsn/lyb/arti-skill/exp/artiverse_n5_uniform_studio_256_v1/makeup_mirror/fpModel/88a3efad0856410f9cd133f785599ec56abb8a6f/imgs/000.png,74136,2a75c8c1842e2ce2e73122f1a479228a7b1e81a9128b320775c9b21a8514dc78,1623,fpModel,data/makeup_mirror/fpModel/88a3efad0856410f9cd133f785599ec56abb8a6f,cadc1773a12ff0a360b2ed558ad74aa29fae9d74622989091dd05f1c1ea3f012,/mnt/zsn/lyb/arti-skill/exp/artiverse/data/makeup_mirror/fpModel/88a3efad0856410f9cd133f785599ec56abb8a6f/88a3efad0856410f9cd133f785599ec56abb8a6f.segmented.glb,106004,4a7929c5a6ec192653f71ad1cc191e10828ad7038806db08a943af59517a964e
167,C039__S01__mechanical_pen__3dw__b154e4bd54c02a0bdd14ae8eebde9395,C039,mechanical_pen,1,3dw,b154e4bd54c02a0bdd14ae8eebde9395,/mnt/zsn/lyb/arti-skill/exp/artiverse_n5_uniform_studio_256_v1/mechanical_pen/3dw/b154e4bd54c02a0bdd14ae8eebde9395/imgs/000.png,71379,5d0815b9667c8c4d91f4301597a78e1eb3603d5af818ddc036bcfe34f936ee10,1629,3dw,data/mechanical_pen/3dw/b154e4bd54c02a0bdd14ae8eebde9395,0942d23068ba396d8f781ae12a677b91bead8311077714a2339c0211b31b7fec,/mnt/zsn/lyb/arti-skill/exp/artiverse/data/mechanical_pen/3dw/b154e4bd54c02a0bdd14ae8eebde9395/b154e4bd54c02a0bdd14ae8eebde9395.segmented.glb,2752400,003d0f22abc4ac6a267d8a333cd557b204a25139d4b0010220096306f945e886
168,C039__S02__mechanical_pen__3dw__35d8012a02cac7f6677290abad454484,C039,mechanical_pen,2,3dw,35d8012a02cac7f6677290abad454484,/mnt/zsn/lyb/arti-skill/exp/artiverse_n5_uniform_studio_256_v1/mechanical_pen/3dw/35d8012a02cac7f6677290abad454484/imgs/000.png,70146,f6f2b105d7b2a8248194733cc428cc4f249736c372439b39ff36654adc9a67af,1627,3dw,data/mechanical_pen/3dw/35d8012a02cac7f6677290abad454484,0d504fc10626051f0d5e793109f89e15b9a128bc8c5babf5b52822f88a6aa98b,/mnt/zsn/lyb/arti-skill/exp/artiverse/data/mechanical_pen/3dw/35d8012a02cac7f6677290abad454484/35d8012a02cac7f6677290abad454484.segmented.glb,971340,98e56dd9d29584405135963ea8621bd6d7534b67fc8affbe574e67de35f6db58
169,C039__S03__mechanical_pen__3dw__2c567890888f7b40aca737c0176f3832,C039,mechanical_pen,3,3dw,2c567890888f7b40aca737c0176f3832,/mnt/zsn/lyb/arti-skill/exp/artiverse_n5_uniform_studio_256_v1/mechanical_pen/3dw/2c567890888f7b40aca737c0176f3832/imgs/000.png,69208,b3c786798fbf375e0466c721c22325cb220b9302f7c4218cfb2e51bbd24b576c,1626,3dw,data/mechanical_pen/3dw/2c567890888f7b40aca737c0176f3832,1d237b18ad930a7a5ca02c499e681ad6b6718eb7cfac55da993564198a09de9e,/mnt/zsn/lyb/arti-skill/exp/artiverse/data/mechanical_pen/3dw/2c567890888f7b40aca737c0176f3832/2c567890888f7b40aca737c0176f3832.segmented.glb,193012,f2a2872a1cdadab25673b532d2ab0e2b65f15b41759ad04b1322d8eb260f6f98
170,C039__S04__mechanical_pen__3dw__7dba8ab37d468bb651417dd4e2cbd36,C039,mechanical_pen,4,3dw,7dba8ab37d468bb651417dd4e2cbd36,/mnt/zsn/lyb/arti-skill/exp/artiverse_n5_uniform_studio_256_v1/mechanical_pen/3dw/7dba8ab37d468bb651417dd4e2cbd36/imgs/000.png,69676,420d9b88e9888c1361e3f41cf35dea23710816b4cd84adcd75904b54220ffa02,1628,3dw,data/mechanical_pen/3dw/7dba8ab37d468bb651417dd4e2cbd36,5f977220d79280005a41b0f566b42dfe9f96d064dfbaa0ad36056f7b169b1ca2,/mnt/zsn/lyb/arti-skill/exp/artiverse/data/mechanical_pen/3dw/7dba8ab37d468bb651417dd4e2cbd36/7dba8ab37d468bb651417dd4e2cbd36.segmented.glb,337740,e43ae0a1edc4cc2918b13d92131c8a2ace4e623fde2b1f5f42cc5daa0fc35f29
171,C039__S05__mechanical_pen__wss__8ed1668d846d7fa76dbbb4a01db03953,C039,mechanical_pen,5,wss,8ed1668d846d7fa76dbbb4a01db03953,/mnt/zsn/lyb/arti-skill/exp/artiverse_n5_uniform_studio_256_v1/mechanical_pen/wss/8ed1668d846d7fa76dbbb4a01db03953/imgs/000.png,70765,9556186348c33ccbe4ff4d87dc60bdf82bb591a9f5484752964700ad19783a7c,1632,wss,data/mechanical_pen/wss/8ed1668d846d7fa76dbbb4a01db03953,98cccf6e6717503bf0dd03deed157dafcd435a34d3d5219a1c8e00719a65e8bf,/mnt/zsn/lyb/arti-skill/exp/artiverse/data/mechanical_pen/wss/8ed1668d846d7fa76dbbb4a01db03953/8ed1668d846d7fa76dbbb4a01db03953.segmented.glb,486340,f1224eee996c82662f21761c6183b9c40bfacde8d759cc16b191db21e3c6daea
172,C040__S01__memory_stick__3dw__94c4ed8f3074aea1398968fd209b2972,C040,memory_stick,1,3dw,94c4ed8f3074aea1398968fd209b2972,/mnt/zsn/lyb/arti-skill/exp/artiverse_n5_uniform_studio_256_v1/memory_stick/3dw/94c4ed8f3074aea1398968fd209b2972/imgs/000.png,72264,c41048f7df8558b062ecc2bb602d585e6902126ed092c93926ec4991c9886a8c,1636,3dw,data/memory_stick/3dw/94c4ed8f3074aea1398968fd209b2972,496cd7c6491344ffe39c9de91594b876d6d4c9107cfce855d4f8a7120686a206,/mnt/zsn/lyb/arti-skill/exp/artiverse/data/memory_stick/3dw/94c4ed8f3074aea1398968fd209b2972/94c4ed8f3074aea1398968fd209b2972.segmented.glb,2487016,7ddf3c4738a1ae2124fac7492a84a442c4d1938d198b3e5cdc827268ddad8fc6
173,C040__S02__memory_stick__3dw__bd248c65ffb1da9a5b9a45f9870882b3,C040,memory_stick,2,3dw,bd248c65ffb1da9a5b9a45f9870882b3,/mnt/zsn/lyb/arti-skill/exp/artiverse_n5_uniform_studio_256_v1/memory_stick/3dw/bd248c65ffb1da9a5b9a45f9870882b3/imgs/000.png,72250,2e236b4485723c7fac338b50ee37d530f89f02e95bf275e11bd03c4b15b5553d,1637,3dw,data/memory_stick/3dw/bd248c65ffb1da9a5b9a45f9870882b3,ed8c4122b099100f7de802a2a60289fba176f7b863a2ddb76954456803468df7,/mnt/zsn/lyb/arti-skill/exp/artiverse/data/memory_stick/3dw/bd248c65ffb1da9a5b9a45f9870882b3/bd248c65ffb1da9a5b9a45f9870882b3.segmented.glb,36968,2903625ce8081bbb71372735ab3355c9acbc96ffa5cdc68eac3e7be7661ac089
174,C041__S01__microwave__3dc200__7e_020,C041,microwave,1,3dc200,7e_020,/mnt/zsn/lyb/arti-skill/exp/artiverse_n5_uniform_studio_256_v1/microwave/3dc200/7e_020/imgs/000.png,87278,1dc7f3bc20c9efa142a5063dacbacecbf8b6705617bd5eee50d19f8c5d7845c4,1646,3dc200,data/microwave/3dc200/7e_020,004ba997bd84bb953356078fcf15b65f7b79fcf6af3563b555a33522963945fc,/mnt/zsn/lyb/arti-skill/exp/artiverse/data/microwave/3dc200/7e_020/7e_020.segmented.glb,4452124,f4a70ee18efedb840dd6e2925c11f52e3019ecf65f64027ff0c16224136eddae
175,C041__S02__microwave__fpModel__09b7f888a08a35d64d05e5f94cde9b75715c9a6d,C041,microwave,2,fpModel,09b7f888a08a35d64d05e5f94cde9b75715c9a6d,/mnt/zsn/lyb/arti-skill/exp/artiverse_n5_uniform_studio_256_v1/microwave/fpModel/09b7f888a08a35d64d05e5f94cde9b75715c9a6d/imgs/000.png,78116,c58b0e015e023f6332546f843803b2cda6e4caca22032ec7d4ddacab90f1d662,1677,fpModel,data/microwave/fpModel/09b7f888a08a35d64d05e5f94cde9b75715c9a6d,01f36b5d977db1f35265f1eb92003b2ce56bbd4104b1e9e59f8bc4e1be12eb7d,/mnt/zsn/lyb/arti-skill/exp/artiverse/data/microwave/fpModel/09b7f888a08a35d64d05e5f94cde9b75715c9a6d/09b7f888a08a35d64d05e5f94cde9b75715c9a6d.segmented.glb,3133916,b737bcad3b3da9c531fd351ae77563b34be2c374a08c26c60de383bbe2de8f0a
176,C041__S03__microwave__3dw__d6196176af304f8ae1f9b37d2883a2ab,C041,microwave,3,3dw,d6196176af304f8ae1f9b37d2883a2ab,/mnt/zsn/lyb/arti-skill/exp/artiverse_n5_uniform_studio_256_v1/microwave/3dw/d6196176af304f8ae1f9b37d2883a2ab/imgs/000.png,79637,4df32d6e9e27fa9d784d96c85b23f8fe7152a06236312536b1b996a9c2f697b1,1669,3dw,data/microwave/3dw/d6196176af304f8ae1f9b37d2883a2ab,02cc6dc9f69ce30632c0913a3a8ae055db23a79b51b9647ecf1482b2fe2b574d,/mnt/zsn/lyb/arti-skill/exp/artiverse/data/microwave/3dw/d6196176af304f8ae1f9b37d2883a2ab/d6196176af304f8ae1f9b37d2883a2ab.segmented.glb,626688,4c77be391cde61ac0b98a1d6307601db75a7ebd74bfe1f154a8b266dde6e8ef5
177,C041__S04__microwave__3dw__u742ca329-dd7d-474b-964c-b146becccbab,C041,microwave,4,3dw,u742ca329-dd7d-474b-964c-b146becccbab,/mnt/zsn/lyb/arti-skill/exp/artiverse_n5_uniform_studio_256_v1/microwave/3dw/u742ca329-dd7d-474b-964c-b146becccbab/imgs/000.png,81640,6092fb4e4e132805b92e57ba3c9e4d221276939b8eeee853d1cea6eae0ab73c0,1675,3dw,data/microwave/3dw/u742ca329-dd7d-474b-964c-b146becccbab,06a4486660c1f309e75a0f874c551c05b52157ee18332a8af04ba59d195e979a,/mnt/zsn/lyb/arti-skill/exp/artiverse/data/microwave/3dw/u742ca329-dd7d-474b-964c-b146becccbab/u742ca329-dd7d-474b-964c-b146becccbab.segmented.glb,717488,c7ff365fdd9931262b1c07f605c1645ac4dbd088eb05cc336901e663308164a8
178,C041__S05__microwave__3dw__fd93647b660ec61d1001e28660fe24d7,C041,microwave,5,3dw,fd93647b660ec61d1001e28660fe24d7,/mnt/zsn/lyb/arti-skill/exp/artiverse_n5_uniform_studio_256_v1/microwave/3dw/fd93647b660ec61d1001e28660fe24d7/imgs/000.png,74933,7f8678b7265791a222a5b7c96665ce30937f9691b917570b51c552244d85f938,1673,3dw,data/microwave/3dw/fd93647b660ec61d1001e28660fe24d7,08472f0cee7cf3cbfd452f8a37d06478dd1694155d3af50333aad7dd486204fb,/mnt/zsn/lyb/arti-skill/exp/artiverse/data/microwave/3dw/fd93647b660ec61d1001e28660fe24d7/fd93647b660ec61d1001e28660fe24d7.segmented.glb,209552,726fa12dff9b573ee846a47b6b35705fc57c966e6975172ccc05850ca1f9974b
179,C042__S01__moka_pot__fpModel__xxxxf45a8691xe75bx4c1cx8a2fx5489a1a6f470,C042,moka_pot,1,fpModel,xxxxf45a8691xe75bx4c1cx8a2fx5489a1a6f470,/mnt/zsn/lyb/arti-skill/exp/artiverse_n5_uniform_studio_256_v1/moka_pot/fpModel/xxxxf45a8691xe75bx4c1cx8a2fx5489a1a6f470/imgs/000.png,75323,1cd2d59998b60d24db6caecb2464d496673b3328e736e730ee45522c7955abaa,1689,fpModel,data/moka_pot/fpModel/xxxxf45a8691xe75bx4c1cx8a2fx5489a1a6f470,3887013a167d238b7bbe291b1ec3bf9c6696db77360ea219eb4a48d1b78c3f92,/mnt/zsn/lyb/arti-skill/exp/artiverse/data/moka_pot/fpModel/xxxxf45a8691xe75bx4c1cx8a2fx5489a1a6f470/xxxxf45a8691xe75bx4c1cx8a2fx5489a1a6f470.segmented.glb,1385504,baf5bd8b09bdb634c0e4e362755cd93acadfba0656192dd83057c6eb3692820c
180,C042__S02__moka_pot__fpModel__9d027ac8635b202c4ba4d2e39708d98a918677af,C042,moka_pot,2,fpModel,9d027ac8635b202c4ba4d2e39708d98a918677af,/mnt/zsn/lyb/arti-skill/exp/artiverse_n5_uniform_studio_256_v1/moka_pot/fpModel/9d027ac8635b202c4ba4d2e39708d98a918677af/imgs/000.png,73127,f0b5df0df8f8cf6f4246e94cc19dfae9f4a0d5153a972abcee09d4202d6b93f3,1688,fpModel,data/moka_pot/fpModel/9d027ac8635b202c4ba4d2e39708d98a918677af,615b77430f858efcf0a589d728741de64c4267b2b7de762a283c1c63ad536285,/mnt/zsn/lyb/arti-skill/exp/artiverse/data/moka_pot/fpModel/9d027ac8635b202c4ba4d2e39708d98a918677af/9d027ac8635b202c4ba4d2e39708d98a918677af.segmented.glb,1325996,fd831d793de0add337ad17bfde5b97dccd9b74455ef5c01dedd7be0905609642
181,C043__S01__monitor_arm__3dw__8eed2027a2100f76b4ccc26873bfd14c,C043,monitor_arm,1,3dw,8eed2027a2100f76b4ccc26873bfd14c,/mnt/zsn/lyb/arti-skill/exp/artiverse_n5_uniform_studio_256_v1/monitor_arm/3dw/8eed2027a2100f76b4ccc26873bfd14c/imgs/000.png,71336,66dc25cc6ddc99060d1e448bbcae2153344e31a85edb44752d94c9277bee4083,1692,3dw,data/monitor_arm/3dw/8eed2027a2100f76b4ccc26873bfd14c,92a7574051572ba85f365f5c26445a47c7783075949291a771539221424e286d,/mnt/zsn/lyb/arti-skill/exp/artiverse/data/monitor_arm/3dw/8eed2027a2100f76b4ccc26873bfd14c/8eed2027a2100f76b4ccc26873bfd14c.segmented.glb,1717420,35f3046760675f2875fd9f864b768dcd846eb1602380c89bcbde88375c124054
182,C043__S02__monitor_arm__3dw__e7ee3b8119874c0b40ff33d80c1d7d1e,C043,monitor_arm,2,3dw,e7ee3b8119874c0b40ff33d80c1d7d1e,/mnt/zsn/lyb/arti-skill/exp/artiverse_n5_uniform_studio_256_v1/monitor_arm/3dw/e7ee3b8119874c0b40ff33d80c1d7d1e/imgs/000.png,72111,12edf8499557f616f07c805c72a794606b2b255a5cdc5fc4741c2e094c91435b,1694,3dw,data/monitor_arm/3dw/e7ee3b8119874c0b40ff33d80c1d7d1e,aa03b47cfbe9ecd31ed723e04b17a8f5e09b9df2f1003ee53adb691b2cc13fb3,/mnt/zsn/lyb/arti-skill/exp/artiverse/data/monitor_arm/3dw/e7ee3b8119874c0b40ff33d80c1d7d1e/e7ee3b8119874c0b40ff33d80c1d7d1e.segmented.glb,455992,855a90cb94a7463d1cd0d3b881239878337628ac44ccd4df462377d23aeb508f
183,C043__S03__monitor_arm__3dw__42f04270165f4fb3b4ccc26873bfd14c,C043,monitor_arm,3,3dw,42f04270165f4fb3b4ccc26873bfd14c,/mnt/zsn/lyb/arti-skill/exp/artiverse_n5_uniform_studio_256_v1/monitor_arm/3dw/42f04270165f4fb3b4ccc26873bfd14c/imgs/000.png,72157,4b328ce12efca5b09dfc92714ae4260c3e4a31cf1cfce1ad8a9b88f3c4f36948,1690,3dw,data/monitor_arm/3dw/42f04270165f4fb3b4ccc26873bfd14c,ae1f631961d4093c7ac50d88cdcae49b83a8ac967169f56bb722debb9a7236c1,/mnt/zsn/lyb/arti-skill/exp/artiverse/data/monitor_arm/3dw/42f04270165f4fb3b4ccc26873bfd14c/42f04270165f4fb3b4ccc26873bfd14c.segmented.glb,9679684,d5efe994bf6e1ca408cfd0a075b0c3215ee2ae8affc341e5bd74f2871f807515
184,C043__S04__monitor_arm__3dw__e63dc22f88ee0538de8a4c4635fd3ff2,C043,monitor_arm,4,3dw,e63dc22f88ee0538de8a4c4635fd3ff2,/mnt/zsn/lyb/arti-skill/exp/artiverse_n5_uniform_studio_256_v1/monitor_arm/3dw/e63dc22f88ee0538de8a4c4635fd3ff2/imgs/000.png,71609,3d941a3f80395abb7c2f451639ebb70c896650dea8988fc421cb49b1d95d8a39,1693,3dw,data/monitor_arm/3dw/e63dc22f88ee0538de8a4c4635fd3ff2,c4a3db44e42ac90bc9b9244c013082f68d8bb8ce00c048a6f4562f909d13cd0d,/mnt/zsn/lyb/arti-skill/exp/artiverse/data/monitor_arm/3dw/e63dc22f88ee0538de8a4c4635fd3ff2/e63dc22f88ee0538de8a4c4635fd3ff2.segmented.glb,435812,18f38280e0257d776e8f2b79d5bb34029a2a8348fa5afad5b49edaf4bfc661f7
185,C043__S05__monitor_arm__3dw__5fd9e3276a8e1f37c0c1fc02caade959,C043,monitor_arm,5,3dw,5fd9e3276a8e1f37c0c1fc02caade959,/mnt/zsn/lyb/arti-skill/exp/artiverse_n5_uniform_studio_256_v1/monitor_arm/3dw/5fd9e3276a8e1f37c0c1fc02caade959/imgs/000.png,77033,c3c834ef3b676f87ee79545b09f90137f3eeca05e6ea993b9c94715d2b29bd41,1691,3dw,data/monitor_arm/3dw/5fd9e3276a8e1f37c0c1fc02caade959,c82c63506df0cbc46886bad6e3e90119551ca9c4b940808601de691a1f44a19c,/mnt/zsn/lyb/arti-skill/exp/artiverse/data/monitor_arm/3dw/5fd9e3276a8e1f37c0c1fc02caade959/5fd9e3276a8e1f37c0c1fc02caade959.segmented.glb,1563740,e31593fcaf8055a6a4db321194131f957c5a1d838863161d9c8659795b2dbe93
186,C044__S01__nightstand__3dfModel__8b8cdbde-57e3-432a-a46a-89a77f8e6294,C044,nightstand,1,3dfModel,8b8cdbde-57e3-432a-a46a-89a77f8e6294,/mnt/zsn/lyb/arti-skill/exp/artiverse_n5_uniform_studio_256_v1/nightstand/3dfModel/8b8cdbde-57e3-432a-a46a-89a77f8e6294/imgs/000.png,94119,742925cfca60edadcd8d084e01dffee933abfd5475335924a49d845279c9fa9a,1814,3dfModel,data/nightstand/3dfModel/8b8cdbde-57e3-432a-a46a-89a77f8e6294,000bec79c52b3dc0fd9c761874595ea928642b50b3ff6f42ecf33989f65f9e8e,/mnt/zsn/lyb/arti-skill/exp/artiverse/data/nightstand/3dfModel/8b8cdbde-57e3-432a-a46a-89a77f8e6294/8b8cdbde-57e3-432a-a46a-89a77f8e6294.segmented.glb,3025964,a77324e1e59b898f21a10ede84aac82da64cc9ab371fee3dd8e7f4bf7ed11bb6
187,C044__S02__nightstand__3dw__9ee47e0f2e4e760348e14a208f675ce,C044,nightstand,2,3dw,9ee47e0f2e4e760348e14a208f675ce,/mnt/zsn/lyb/arti-skill/exp/artiverse_n5_uniform_studio_256_v1/nightstand/3dw/9ee47e0f2e4e760348e14a208f675ce/imgs/000.png,89227,9ee0b72a5e25ed68ad2f95b2c2bf8ada8808d6477827ab854f77627e17a8fb9d,1930,3dw,data/nightstand/3dw/9ee47e0f2e4e760348e14a208f675ce,0053aa87ecd5c15525957c0f6201ec94613ae5f2aecbcb22764a733aa32477cd,/mnt/zsn/lyb/arti-skill/exp/artiverse/data/nightstand/3dw/9ee47e0f2e4e760348e14a208f675ce/9ee47e0f2e4e760348e14a208f675ce.segmented.glb,613888,36f7880251cf8a4124559c33c998071199ca117e27bc471f6958e4e46ae7789e
188,C044__S03__nightstand__fpModel__e5a69ee43da8cb7812bb642595695b98f8165e87,C044,nightstand,3,fpModel,e5a69ee43da8cb7812bb642595695b98f8165e87,/mnt/zsn/lyb/arti-skill/exp/artiverse_n5_uniform_studio_256_v1/nightstand/fpModel/e5a69ee43da8cb7812bb642595695b98f8165e87/imgs/000.png,71765,5e2709443cd34876b0b07ce8cb07a3cd0f17002b07bca2e29e687ced374411ac,2064,fpModel,data/nightstand/fpModel/e5a69ee43da8cb7812bb642595695b98f8165e87,01130ef9e69611d8a337cfa8cafe6e18a3cd67aeaaada4e2d060572a607fd5f1,/mnt/zsn/lyb/arti-skill/exp/artiverse/data/nightstand/fpModel/e5a69ee43da8cb7812bb642595695b98f8165e87/e5a69ee43da8cb7812bb642595695b98f8165e87.segmented.glb,29608,bca8c7bab4c4753ba74fa1e70fb6af51e0579a2e3a1a99720fb7dc93e5ec527a
189,C044__S04__nightstand__3dfModel__cd813c3a-95a6-49cc-8450-c0d2e007a941,C044,nightstand,4,3dfModel,cd813c3a-95a6-49cc-8450-c0d2e007a941,/mnt/zsn/lyb/arti-skill/exp/artiverse_n5_uniform_studio_256_v1/nightstand/3dfModel/cd813c3a-95a6-49cc-8450-c0d2e007a941/imgs/000.png,82518,b4d6258acda358621c3dd2509b0e3af9edc39565c07c61d1ae0fa69917bdba9d,1890,3dfModel,data/nightstand/3dfModel/cd813c3a-95a6-49cc-8450-c0d2e007a941,01418ebfe9fe4fed002a3d1b787aab9b951579271406315a76b4edffa8ecfa84,/mnt/zsn/lyb/arti-skill/exp/artiverse/data/nightstand/3dfModel/cd813c3a-95a6-49cc-8450-c0d2e007a941/cd813c3a-95a6-49cc-8450-c0d2e007a941.segmented.glb,1932164,05318f18811cc28df8fd23cba3ced1d62e8a8ed6dea028b8a565cd01acd6ff33
190,C044__S05__nightstand__3dfModel__fb6685eb-c59c-4eb6-ac2c-e18075d272b0,C044,nightstand,5,3dfModel,fb6685eb-c59c-4eb6-ac2c-e18075d272b0,/mnt/zsn/lyb/arti-skill/exp/artiverse_n5_uniform_studio_256_v1/nightstand/3dfModel/fb6685eb-c59c-4eb6-ac2c-e18075d272b0/imgs/000.png,88603,4aeabf56c0c19fa311313c86a0a222ecd9ebc25d1d2c46a89b195aeef775d5ff,1922,3dfModel,data/nightstand/3dfModel/fb6685eb-c59c-4eb6-ac2c-e18075d272b0,019f97290a59d166bce51e00bb142849ed9ba54b89df36590dea8244ceb4ad08,/mnt/zsn/lyb/arti-skill/exp/artiverse/data/nightstand/3dfModel/fb6685eb-c59c-4eb6-ac2c-e18075d272b0/fb6685eb-c59c-4eb6-ac2c-e18075d272b0.segmented.glb,1934240,e284827da3d95fd16bafe1aada0d3b155bb5c433f9dca8d3e440b5e99a8cc359
191,C045__S01__oven__fpModel__e0892a62c8264f4617eca2d914ef2ce6666a2408,C045,oven,1,fpModel,e0892a62c8264f4617eca2d914ef2ce6666a2408,/mnt/zsn/lyb/arti-skill/exp/artiverse_n5_uniform_studio_256_v1/oven/fpModel/e0892a62c8264f4617eca2d914ef2ce6666a2408/imgs/000.png,84910,4ccdd20a6a64b0f8cb358e34f51616ca326295cbdefae8d2e8da8f19d65057e0,2276,fpModel,data/oven/fpModel/e0892a62c8264f4617eca2d914ef2ce6666a2408,037580d48e5529c51e36af4a58ab7ca7f7f06041972a633cd66076711e5e11a4,/mnt/zsn/lyb/arti-skill/exp/artiverse/data/oven/fpModel/e0892a62c8264f4617eca2d914ef2ce6666a2408/e0892a62c8264f4617eca2d914ef2ce6666a2408.segmented.glb,1891616,b35427be47a6dacb266ee414f387f250be1ec1e64b4cfe4d709e120cf6f7b7b8
192,C045__S02__oven__fpModel__f8bff67d469223c8e8bf44553834bd5482a96ecc,C045,oven,2,fpModel,f8bff67d469223c8e8bf44553834bd5482a96ecc,/mnt/zsn/lyb/arti-skill/exp/artiverse_n5_uniform_studio_256_v1/oven/fpModel/f8bff67d469223c8e8bf44553834bd5482a96ecc/imgs/000.png,91152,a0c29287f737d2692c72ce34ef374ad28933d94a383e89a998bcd140ac949a8b,2278,fpModel,data/oven/fpModel/f8bff67d469223c8e8bf44553834bd5482a96ecc,05d23468d06b8b6eb2ece3234913623d03c247b7b8a5ac3f2755bd8f62916edb,/mnt/zsn/lyb/arti-skill/exp/artiverse/data/oven/fpModel/f8bff67d469223c8e8bf44553834bd5482a96ecc/f8bff67d469223c8e8bf44553834bd5482a96ecc.segmented.glb,3039200,43e6cb2f8708c5a212102ff78488086aac71f1d840dda28135e06d8333081533
193,C045__S03__oven__3dw__57a62a952f6988d6d9cf548f5e22819b,C045,oven,3,3dw,57a62a952f6988d6d9cf548f5e22819b,/mnt/zsn/lyb/arti-skill/exp/artiverse_n5_uniform_studio_256_v1/oven/3dw/57a62a952f6988d6d9cf548f5e22819b/imgs/000.png,84135,ff1dcbadf66cb4d51504f2b34426681e0145cdc7ad5181efe6861d7099c89bd1,2210,3dw,data/oven/3dw/57a62a952f6988d6d9cf548f5e22819b,0886f6ccd221aeb44742c731f5ae41967b63b954e68885324eeb6f7f8bd8b0f3,/mnt/zsn/lyb/arti-skill/exp/artiverse/data/oven/3dw/57a62a952f6988d6d9cf548f5e22819b/57a62a952f6988d6d9cf548f5e22819b.segmented.glb,867752,3ac2a183b2bed2a92b3f484a389de19dd985f92df2251ed15643505a72f84c12
194,C045__S04__oven__3dw__4d7270b974a2576138fa77ae96ecdba8,C045,oven,4,3dw,4d7270b974a2576138fa77ae96ecdba8,/mnt/zsn/lyb/arti-skill/exp/artiverse_n5_uniform_studio_256_v1/oven/3dw/4d7270b974a2576138fa77ae96ecdba8/imgs/000.png,76254,8c456b6e74819950e5a4adbfccd06df445d8635a116f3c73246ec2af6d3f2a82,2208,3dw,data/oven/3dw/4d7270b974a2576138fa77ae96ecdba8,0a47bcc1b6870cf4a15ac2809bf001a10dd1288d1721644b0e28daa569b3b531,/mnt/zsn/lyb/arti-skill/exp/artiverse/data/oven/3dw/4d7270b974a2576138fa77ae96ecdba8/4d7270b974a2576138fa77ae96ecdba8.segmented.glb,511944,3d66fafe8ffa7adbac44e47e936cc71342c8a939e3f36ac945f29cc9ed0fe83b
195,C045__S05__oven__fpModel__678f2105923530a1c11ca1b55b9984a329fb8547,C045,oven,5,fpModel,678f2105923530a1c11ca1b55b9984a329fb8547,/mnt/zsn/lyb/arti-skill/exp/artiverse_n5_uniform_studio_256_v1/oven/fpModel/678f2105923530a1c11ca1b55b9984a329fb8547/imgs/000.png,89832,7324c9e938cd003eadbdf126ca97d7d84d1be49f706577dc410792ffcdda0b28,2265,fpModel,data/oven/fpModel/678f2105923530a1c11ca1b55b9984a329fb8547,0e267a47a7ea6d284169d6bfd990a78e014c4064dd7850dcd6b4f47a373d08e7,/mnt/zsn/lyb/arti-skill/exp/artiverse/data/oven/fpModel/678f2105923530a1c11ca1b55b9984a329fb8547/678f2105923530a1c11ca1b55b9984a329fb8547.segmented.glb,1703872,0b061595cebb69ee3a95a7cc4e39883402b17a1b40e4c34d6fc1e5b09bc5efa8
196,C046__S01__pedal_bin__fpModel__caf1a5e788a8914448778e7af00410128af46a84,C046,pedal_bin,1,fpModel,caf1a5e788a8914448778e7af00410128af46a84,/mnt/zsn/lyb/arti-skill/exp/artiverse_n5_uniform_studio_256_v1/pedal_bin/fpModel/caf1a5e788a8914448778e7af00410128af46a84/imgs/000.png,73827,74c0a07dfc70bb84192e227d7c366d105ce623ac7ec3d0f6cc88813e2aa83fd8,2301,fpModel,data/pedal_bin/fpModel/caf1a5e788a8914448778e7af00410128af46a84,0057449d159bb965c3e6d7266f0d88fe85f6336a4d5595eb173b414eec5126bf,/mnt/zsn/lyb/arti-skill/exp/artiverse/data/pedal_bin/fpModel/caf1a5e788a8914448778e7af00410128af46a84/caf1a5e788a8914448778e7af00410128af46a84.segmented.glb,133680,a9194dba532efdb0910e612dc5b2f73ed60377b0e8af7e1dd2b32f337b5a0859
197,C046__S02__pedal_bin__fpModel__d753dfd9c564b83ca2f2d1e9206629997c6b0405,C046,pedal_bin,2,fpModel,d753dfd9c564b83ca2f2d1e9206629997c6b0405,/mnt/zsn/lyb/arti-skill/exp/artiverse_n5_uniform_studio_256_v1/pedal_bin/fpModel/d753dfd9c564b83ca2f2d1e9206629997c6b0405/imgs/000.png,75574,5dc010cc8988e6ad30744d285cbdcae6fe1e405d6a27e0af2c09ec6fc239c98d,2304,fpModel,data/pedal_bin/fpModel/d753dfd9c564b83ca2f2d1e9206629997c6b0405,048508495ceeb5b1e25ecb1ceb616a6d7398a48e1168db39948ffbe30868b17d,/mnt/zsn/lyb/arti-skill/exp/artiverse/data/pedal_bin/fpModel/d753dfd9c564b83ca2f2d1e9206629997c6b0405/d753dfd9c564b83ca2f2d1e9206629997c6b0405.segmented.glb,815108,4d1076ec8e125e253e64691df477e8f808c943512b1ac94482316d0bed504329
198,C046__S03__pedal_bin__fpModel__a8eaa27dc44ec7346c9a32f1ad6773d7a80abc83,C046,pedal_bin,3,fpModel,a8eaa27dc44ec7346c9a32f1ad6773d7a80abc83,/mnt/zsn/lyb/arti-skill/exp/artiverse_n5_uniform_studio_256_v1/pedal_bin/fpModel/a8eaa27dc44ec7346c9a32f1ad6773d7a80abc83/imgs/000.png,72443,1a31a50769679844dab228bb15481617976ef38688cd930ded6102f9b7c59f76,2299,fpModel,data/pedal_bin/fpModel/a8eaa27dc44ec7346c9a32f1ad6773d7a80abc83,1782898a8b2defce4dca069d21ec7fbb262d47f4c506137accf8d1eafc43ab86,/mnt/zsn/lyb/arti-skill/exp/artiverse/data/pedal_bin/fpModel/a8eaa27dc44ec7346c9a32f1ad6773d7a80abc83/a8eaa27dc44ec7346c9a32f1ad6773d7a80abc83.segmented.glb,108084,6cddd5caee9df6bd5e1738fc82106e6d7cce2e939c4e160457e6b3f1a9507c9d
199,C046__S04__pedal_bin__fpModel__26f2000adb4ef26cbed1971ef90777253e223aa2,C046,pedal_bin,4,fpModel,26f2000adb4ef26cbed1971ef90777253e223aa2,/mnt/zsn/lyb/arti-skill/exp/artiverse_n5_uniform_studio_256_v1/pedal_bin/fpModel/26f2000adb4ef26cbed1971ef90777253e223aa2/imgs/000.png,70391,396beab31c575c392c722facdc3a0eac39ee3d7b1ca1c3f2ebe6919b85e67ef2,2287,fpModel,data/pedal_bin/fpModel/26f2000adb4ef26cbed1971ef90777253e223aa2,1abb84c6c151fda1dd468d146347d425c061cf01a997ceea5bb32ac517d8041d,/mnt/zsn/lyb/arti-skill/exp/artiverse/data/pedal_bin/fpModel/26f2000adb4ef26cbed1971ef90777253e223aa2/26f2000adb4ef26cbed1971ef90777253e223aa2.segmented.glb,18092,ab0e8b12a96009809cdb1a54925ff43c44582dd50eab50e5c1ac5367b2b6590a
200,C046__S05__pedal_bin__fpModel__d392ddc9ff79100b8b64cc3d577db758a5e83b03,C046,pedal_bin,5,fpModel,d392ddc9ff79100b8b64cc3d577db758a5e83b03,/mnt/zsn/lyb/arti-skill/exp/artiverse_n5_uniform_studio_256_v1/pedal_bin/fpModel/d392ddc9ff79100b8b64cc3d577db758a5e83b03/imgs/000.png,74335,1957e7bfb2b9577a7fdcd128ad0a94f3013dfcc7fbe61f224cd2fe2e1586efec,2303,fpModel,data/pedal_bin/fpModel/d392ddc9ff79100b8b64cc3d577db758a5e83b03,246b81a29cb3710fefdd619ec9905a70b46cb488b2af269f21fceab86948d7f1,/mnt/zsn/lyb/arti-skill/exp/artiverse/data/pedal_bin/fpModel/d392ddc9ff79100b8b64cc3d577db758a5e83b03/d392ddc9ff79100b8b64cc3d577db758a5e83b03.segmented.glb,1360264,8901897ad5a828071636635ae9e04542556ddea36879038abc0786476bbd4159
201,C047__S01__piano__fpModel__f51e066d210a34e439921cec1d7b52a339fc298c,C047,piano,1,fpModel,f51e066d210a34e439921cec1d7b52a339fc298c,/mnt/zsn/lyb/arti-skill/exp/artiverse_n5_uniform_studio_256_v1/piano/fpModel/f51e066d210a34e439921cec1d7b52a339fc298c/imgs/000.png,81317,f10c8cb732a1e3b70c6bfa9d3a4e06a2a55496e3b17032b4266f2ffb9bc54c1e,2315,fpModel,data/piano/fpModel/f51e066d210a34e439921cec1d7b52a339fc298c,1caa91d18aa70378ccb450b1a3ebc6d9616da41306087850c476294398dc5126,/mnt/zsn/lyb/arti-skill/exp/artiverse/data/piano/fpModel/f51e066d210a34e439921cec1d7b52a339fc298c/f51e066d210a34e439921cec1d7b52a339fc298c.segmented.glb,670820,4590b463da821e3012373bdf2c0c7fb4ff4563cd33f14ebb84474f2af29fdc92
202,C047__S02__piano__fpModel__cb143444f831ecf796490c5c9572cdfec841d7dd,C047,piano,2,fpModel,cb143444f831ecf796490c5c9572cdfec841d7dd,/mnt/zsn/lyb/arti-skill/exp/artiverse_n5_uniform_studio_256_v1/piano/fpModel/cb143444f831ecf796490c5c9572cdfec841d7dd/imgs/000.png,85889,ed9da03cb1d7ae8b6746ec2604ac7c3dc1f9f7c16fc409dea4065766f7962e49,2313,fpModel,data/piano/fpModel/cb143444f831ecf796490c5c9572cdfec841d7dd,352619c797274210258659134b274c245f569986f4f224aa62a3a51b013d1849,/mnt/zsn/lyb/arti-skill/exp/artiverse/data/piano/fpModel/cb143444f831ecf796490c5c9572cdfec841d7dd/cb143444f831ecf796490c5c9572cdfec841d7dd.segmented.glb,2258840,71b63039e7bcc3cd39e1cf9c35e94139c1ec96f20698df1930dffdb625e62a55
203,C047__S03__piano__fpModel__97e2497662dccaa2d8bb3445ea20cd9ebd8368a3,C047,piano,3,fpModel,97e2497662dccaa2d8bb3445ea20cd9ebd8368a3,/mnt/zsn/lyb/arti-skill/exp/artiverse_n5_uniform_studio_256_v1/piano/fpModel/97e2497662dccaa2d8bb3445ea20cd9ebd8368a3/imgs/000.png,87630,3e9777e386137bd36716a7c9a5f67e70dfdc0cdacec888fd5579e2236cd6610a,2311,fpModel,data/piano/fpModel/97e2497662dccaa2d8bb3445ea20cd9ebd8368a3,74e0a95df75da64b78d2f5fae730007750fd3bd8bab32b0b81627cf98a756ad0,/mnt/zsn/lyb/arti-skill/exp/artiverse/data/piano/fpModel/97e2497662dccaa2d8bb3445ea20cd9ebd8368a3/97e2497662dccaa2d8bb3445ea20cd9ebd8368a3.segmented.glb,444652,a9f43132eaf54d57ea96e00530647640982d800bef3c5caa41ff716aeae0097d
204,C047__S04__piano__fpModel__b37b0eb5d85c2b2639233e5ddf9f544a1079234c,C047,piano,4,fpModel,b37b0eb5d85c2b2639233e5ddf9f544a1079234c,/mnt/zsn/lyb/arti-skill/exp/artiverse_n5_uniform_studio_256_v1/piano/fpModel/b37b0eb5d85c2b2639233e5ddf9f544a1079234c/imgs/000.png,86921,1d7fb9c4ebe4f50fda4b599853c4c6696c1b99f451588666f381ea19c1e71146,2312,fpModel,data/piano/fpModel/b37b0eb5d85c2b2639233e5ddf9f544a1079234c,7cf0af43687e352d0741279b527530baaa57533f35d3c019b0d9baa1182d10a5,/mnt/zsn/lyb/arti-skill/exp/artiverse/data/piano/fpModel/b37b0eb5d85c2b2639233e5ddf9f544a1079234c/b37b0eb5d85c2b2639233e5ddf9f544a1079234c.segmented.glb,2721488,097a359046f62bb93b240afb0ce861a1915fff213f356842027fe658a229813d
205,C047__S05__piano__fpModel__cd5dbde963194db5714c6389bb045cbd9fc980cb,C047,piano,5,fpModel,cd5dbde963194db5714c6389bb045cbd9fc980cb,/mnt/zsn/lyb/arti-skill/exp/artiverse_n5_uniform_studio_256_v1/piano/fpModel/cd5dbde963194db5714c6389bb045cbd9fc980cb/imgs/000.png,78509,685fbc31d604c067130814ce339be0720ead8b6d220d9bda5aa72165d4651455,2314,fpModel,data/piano/fpModel/cd5dbde963194db5714c6389bb045cbd9fc980cb,923d0707153b1b95a95136d623c5ab5be82b424300f589a0d181656216dbcd6e,/mnt/zsn/lyb/arti-skill/exp/artiverse/data/piano/fpModel/cd5dbde963194db5714c6389bb045cbd9fc980cb/cd5dbde963194db5714c6389bb045cbd9fc980cb.segmented.glb,1594940,b575d03520e6cba41e4ca74b4dbab129f8b6929f19a09e30c4ea48649489d05f
206,C048__S01__picture_frame__3dc200__88_018,C048,picture_frame,1,3dc200,88_018,/mnt/zsn/lyb/arti-skill/exp/artiverse_n5_uniform_studio_256_v1/picture_frame/3dc200/88_018/imgs/000.png,76886,0c9fde13e33302f8b259a5509d627779c38dff3f4101a9dc5d59295cbc0ba2b2,2319,3dc200,data/picture_frame/3dc200/88_018,338d0007d8bbeef95f18a4aebd86363185589e4f533ebe62c3be56935c74c60e,/mnt/zsn/lyb/arti-skill/exp/artiverse/data/picture_frame/3dc200/88_018/88_018.segmented.glb,20055492,23c63e77fab6c076ea814a2f9d6034ebdd60a3d4b5f7a8c2f285685ce9715054
207,C048__S02__picture_frame__3dc200__88_013,C048,picture_frame,2,3dc200,88_013,/mnt/zsn/lyb/arti-skill/exp/artiverse_n5_uniform_studio_256_v1/picture_frame/3dc200/88_013/imgs/000.png,78639,edc8c1eb003c368ce33bb3463d78281202c0ba7934c4fb9e381e0de9d8683893,2318,3dc200,data/picture_frame/3dc200/88_013,a99761f26acd36b3a83546afdfc76e404e22109eb70f02703a64e86f16efe13a,/mnt/zsn/lyb/arti-skill/exp/artiverse/data/picture_frame/3dc200/88_013/88_013.segmented.glb,5528236,ec0d568c0ac8a7e77b457faddf01edba8c7a387f50a002248ed4cd92394e37c1
208,C048__S03__picture_frame__3dc200__88_005,C048,picture_frame,3,3dc200,88_005,/mnt/zsn/lyb/arti-skill/exp/artiverse_n5_uniform_studio_256_v1/picture_frame/3dc200/88_005/imgs/000.png,82245,a5181d44bcb368a40dbfbe4b664c5c4ee5165e859f587ee6a3cc9f446fb0abd3,2316,3dc200,data/picture_frame/3dc200/88_005,d76b53d52058c3693eb733d0ef468670bb422e7de27f68e429e6f1520fb9cf12,/mnt/zsn/lyb/arti-skill/exp/artiverse/data/picture_frame/3dc200/88_005/88_005.segmented.glb,5957744,6e7308397aade5fa955ae7cf22086236e67496348d3e44706fc2f8be00f036c8
209,C048__S04__picture_frame__3dc200__88_00a,C048,picture_frame,4,3dc200,88_00a,/mnt/zsn/lyb/arti-skill/exp/artiverse_n5_uniform_studio_256_v1/picture_frame/3dc200/88_00a/imgs/000.png,81973,83bd2e9bcf392ce37720cc2480b7305d064da1382f3aeed44b192f7c31241f2b,2317,3dc200,data/picture_frame/3dc200/88_00a,d9b0bb2fff65bf0faa4b226dc41802b1f489e37829593e6c5ab3d97f9cc9f4bb,/mnt/zsn/lyb/arti-skill/exp/artiverse/data/picture_frame/3dc200/88_00a/88_00a.segmented.glb,10753448,6e766fa895b1b794150c30a7d8c38875473e21c44515e398743fb2e51f61a2bf
210,C049__S01__pliers__3dw__c1c44c7c-d036-496f-a0a5-fbb288cfa6d1,C049,pliers,1,3dw,c1c44c7c-d036-496f-a0a5-fbb288cfa6d1,/mnt/zsn/lyb/arti-skill/exp/artiverse_n5_uniform_studio_256_v1/pliers/3dw/c1c44c7c-d036-496f-a0a5-fbb288cfa6d1/imgs/000.png,73488,ac4ee25e37be62734702bc8ec4e960f0408a39bf300df79368ff07a623229366,2320,3dw,data/pliers/3dw/c1c44c7c-d036-496f-a0a5-fbb288cfa6d1,2c25fe86e9c04c2b3f83a90df6683a228c372b04aee1a68fa0ff09600842fc4b,/mnt/zsn/lyb/arti-skill/exp/artiverse/data/pliers/3dw/c1c44c7c-d036-496f-a0a5-fbb288cfa6d1/c1c44c7c-d036-496f-a0a5-fbb288cfa6d1.segmented.glb,2788744,cd3073c7d04b1e7a81b058f0caeb87023a58163b4f0456192b8ccc1560fc8904
211,C049__S02__pliers__3dw__ee3229daab48b2f3bfa59e044d401be9,C049,pliers,2,3dw,ee3229daab48b2f3bfa59e044d401be9,/mnt/zsn/lyb/arti-skill/exp/artiverse_n5_uniform_studio_256_v1/pliers/3dw/ee3229daab48b2f3bfa59e044d401be9/imgs/000.png,72091,1e927b91a96f7158c6cea1427697da088fee32c8cfb8f852a07afbf31d693f96,2321,3dw,data/pliers/3dw/ee3229daab48b2f3bfa59e044d401be9,d61f84b944959f8d445a1294c5a7a5e2293c2485dd094759cc34840a1136f8dc,/mnt/zsn/lyb/arti-skill/exp/artiverse/data/pliers/3dw/ee3229daab48b2f3bfa59e044d401be9/ee3229daab48b2f3bfa59e044d401be9.segmented.glb,704708,016977e443fb54f86261806c0ace8306c6c9c26d8d94df61b84527f8b29259b1
212,C050__S01__recliner_chair__fpModel__0a454a1d76e2218de55f472be0fa49c09c58b631,C050,recliner_chair,1,fpModel,0a454a1d76e2218de55f472be0fa49c09c58b631,/mnt/zsn/lyb/arti-skill/exp/artiverse_n5_uniform_studio_256_v1/recliner_chair/fpModel/0a454a1d76e2218de55f472be0fa49c09c58b631/imgs/000.png,85236,f52703fe7f7b2a799338f7ae2fe3054c2849236d2db7c24bb842914f79060a54,2322,fpModel,data/recliner_chair/fpModel/0a454a1d76e2218de55f472be0fa49c09c58b631,1dbbeaab6d3808106a1cbfa2f2c0e046a560c853592eaf8a12d6f0d461274410,/mnt/zsn/lyb/arti-skill/exp/artiverse/data/recliner_chair/fpModel/0a454a1d76e2218de55f472be0fa49c09c58b631/0a454a1d76e2218de55f472be0fa49c09c58b631.segmented.glb,8081940,9e097e3faa074e6f2c25f6ac689077c6c057d66adc8afbfd2c8f3909abb09aa8
213,C050__S02__recliner_chair__wss__79be636f7f6b66724fde46457697d80,C050,recliner_chair,2,wss,79be636f7f6b66724fde46457697d80,/mnt/zsn/lyb/arti-skill/exp/artiverse_n5_uniform_studio_256_v1/recliner_chair/wss/79be636f7f6b66724fde46457697d80/imgs/000.png,83548,94f1e01a53288580c75ae321450138b93bc1b1c9d68a87596a750cd3e1cbb119,2331,wss,data/recliner_chair/wss/79be636f7f6b66724fde46457697d80,1fc7fe95834bf33b94fa862414e20cc30ec6527cb63adc569cfb3470d68d96df,/mnt/zsn/lyb/arti-skill/exp/artiverse/data/recliner_chair/wss/79be636f7f6b66724fde46457697d80/79be636f7f6b66724fde46457697d80.segmented.glb,4270484,df12a161a5709ac9c92755730d41185bf2295e332e0d50ae5f116c0a82cc2438
214,C050__S03__recliner_chair__wss__3fa2fccd96f3e5b5347185e772ead5bd,C050,recliner_chair,3,wss,3fa2fccd96f3e5b5347185e772ead5bd,/mnt/zsn/lyb/arti-skill/exp/artiverse_n5_uniform_studio_256_v1/recliner_chair/wss/3fa2fccd96f3e5b5347185e772ead5bd/imgs/000.png,82108,8aaf31935cccb6e9e26b5cd0bdac2096b799747ea068d41150887dd155b1a69b,2325,wss,data/recliner_chair/wss/3fa2fccd96f3e5b5347185e772ead5bd,361eba5398cb6b6e278e09f0839065a7013036b58b8d47606a21ff04f9cbb87d,/mnt/zsn/lyb/arti-skill/exp/artiverse/data/recliner_chair/wss/3fa2fccd96f3e5b5347185e772ead5bd/3fa2fccd96f3e5b5347185e772ead5bd.segmented.glb,506236,11368eea90e90c8403316159d16b6be603dc79fc30646daa28d28e42c95ad2fd
215,C050__S04__recliner_chair__wss__6f04104e178fb858f7628281ecb18112,C050,recliner_chair,4,wss,6f04104e178fb858f7628281ecb18112,/mnt/zsn/lyb/arti-skill/exp/artiverse_n5_uniform_studio_256_v1/recliner_chair/wss/6f04104e178fb858f7628281ecb18112/imgs/000.png,81124,e9cd6dd13d914c688030c5788061a624986cdc1d562414ab993bf8c4162916fe,2330,wss,data/recliner_chair/wss/6f04104e178fb858f7628281ecb18112,3f947662c63562dc12b1c5dd9bcbc8f9736df5d3a19fb5b36635cdd5019296a0,/mnt/zsn/lyb/arti-skill/exp/artiverse/data/recliner_chair/wss/6f04104e178fb858f7628281ecb18112/6f04104e178fb858f7628281ecb18112.segmented.glb,1881612,407e2531f01c5e27c14c9c78eb55e39aabc3ea9c29c91c822c44f09026b925f1
216,C050__S05__recliner_chair__wss__67d9afec46e20fd279c4b4a860b67e81,C050,recliner_chair,5,wss,67d9afec46e20fd279c4b4a860b67e81,/mnt/zsn/lyb/arti-skill/exp/artiverse_n5_uniform_studio_256_v1/recliner_chair/wss/67d9afec46e20fd279c4b4a860b67e81/imgs/000.png,92081,c56556e8d6044746ad782ce49094269664f0febc1d9af11221e35d0c3260f018,2329,wss,data/recliner_chair/wss/67d9afec46e20fd279c4b4a860b67e81,45e36ff33d9ffb930737780496e46639c67675338cc2f2b916b455675be810e8,/mnt/zsn/lyb/arti-skill/exp/artiverse/data/recliner_chair/wss/67d9afec46e20fd279c4b4a860b67e81/67d9afec46e20fd279c4b4a860b67e81.segmented.glb,456940,60d9187b7b6252661ce176c115c43f2490f12fe87f024a9e38b1134c6b5c921d
217,C051__S01__refrigerator__wss__1452b2edf9ad18b48d481397d30db1b6,C051,refrigerator,1,wss,1452b2edf9ad18b48d481397d30db1b6,/mnt/zsn/lyb/arti-skill/exp/artiverse_n5_uniform_studio_256_v1/refrigerator/wss/1452b2edf9ad18b48d481397d30db1b6/imgs/000.png,88887,57410f5e6aa6459a13116e262bb42fe03b11f1bffba28dcf494167af599b4c82,2475,wss,data/refrigerator/wss/1452b2edf9ad18b48d481397d30db1b6,05b097c6fc95b83abd8dea61d4bfb2da6e969229291275091ce997cd3026d7fb,/mnt/zsn/lyb/arti-skill/exp/artiverse/data/refrigerator/wss/1452b2edf9ad18b48d481397d30db1b6/1452b2edf9ad18b48d481397d30db1b6.segmented.glb,1075416,698660ea020a6659638b63da454ff4f7337c4484097b3d0ef170e9f1f1cca2fe
218,C051__S02__refrigerator__objaverse_xl__71f536df75c093072f9c8555426b923c2d9142d86a93db104cb47aeadc8463b3,C051,refrigerator,2,objaverse_xl,71f536df75c093072f9c8555426b923c2d9142d86a93db104cb47aeadc8463b3,/mnt/zsn/lyb/arti-skill/exp/artiverse_n5_uniform_studio_256_v1/refrigerator/objaverse_xl/71f536df75c093072f9c8555426b923c2d9142d86a93db104cb47aeadc8463b3/imgs/000.png,72753,e83c1c3aaaeb3041fb334989ede933ee8a4f9ad1daafadec42739fc87386bae4,2451,objaverse_xl,data/refrigerator/objaverse_xl/71f536df75c093072f9c8555426b923c2d9142d86a93db104cb47aeadc8463b3,068bd0abd842650e540eba9dd7881e4107b92f26755add914f8c16b3adf25cc6,/mnt/zsn/lyb/arti-skill/exp/artiverse/data/refrigerator/objaverse_xl/71f536df75c093072f9c8555426b923c2d9142d86a93db104cb47aeadc8463b3/71f536df75c093072f9c8555426b923c2d9142d86a93db104cb47aeadc8463b3.segmented.glb,2993588,a86983f331e2679b874d8973fa2ebe537be399d2d3fa76ded4c96edc54ebf689
219,C051__S03__refrigerator__fpModel__9660ea4405f304d30c4610f676185305d0e03c8b,C051,refrigerator,3,fpModel,9660ea4405f304d30c4610f676185305d0e03c8b,/mnt/zsn/lyb/arti-skill/exp/artiverse_n5_uniform_studio_256_v1/refrigerator/fpModel/9660ea4405f304d30c4610f676185305d0e03c8b/imgs/000.png,69534,8b8ba614894dd3012ce668960c82f646ea5062e9bbb4ddd3241a23e0d237cfe7,2421,fpModel,data/refrigerator/fpModel/9660ea4405f304d30c4610f676185305d0e03c8b,07afc500f1637e191b413f60668338ec89641e2a711f2a78dd9dab62de03a2ab,/mnt/zsn/lyb/arti-skill/exp/artiverse/data/refrigerator/fpModel/9660ea4405f304d30c4610f676185305d0e03c8b/9660ea4405f304d30c4610f676185305d0e03c8b.segmented.glb,747012,1bc096d1b8601219e630e6acb38c42d0f8f92783e0d3dd3eb8dbc5e41d0c30ec
220,C051__S04__refrigerator__fpModel__551e75fdb2fce34b3f52933e44fb22d24168a63a,C051,refrigerator,4,fpModel,551e75fdb2fce34b3f52933e44fb22d24168a63a,/mnt/zsn/lyb/arti-skill/exp/artiverse_n5_uniform_studio_256_v1/refrigerator/fpModel/551e75fdb2fce34b3f52933e44fb22d24168a63a/imgs/000.png,71254,3868533f0e91d7a185ef0194ba13e388d84cee259da670930d53b3d14fdf88e8,2411,fpModel,data/refrigerator/fpModel/551e75fdb2fce34b3f52933e44fb22d24168a63a,07c74568f96065f86b0e7ee010d7c213a05794101611e5076d6a7c4c8e35026a,/mnt/zsn/lyb/arti-skill/exp/artiverse/data/refrigerator/fpModel/551e75fdb2fce34b3f52933e44fb22d24168a63a/551e75fdb2fce34b3f52933e44fb22d24168a63a.segmented.glb,1149020,45b0e2f43e676ef74b31b39b33b8d787d4f55121f8e5b47c3038fccfd76a5bac
221,C051__S05__refrigerator__3dfModel__3ba66adb-cae8-491a-a5d0-d4a419022c8e,C051,refrigerator,5,3dfModel,3ba66adb-cae8-491a-a5d0-d4a419022c8e,/mnt/zsn/lyb/arti-skill/exp/artiverse_n5_uniform_studio_256_v1/refrigerator/3dfModel/3ba66adb-cae8-491a-a5d0-d4a419022c8e/imgs/000.png,70407,5807038fa3523c7b76003a8a20fbf177fdad590dce92a3d06fbca90d486440c6,2337,3dfModel,data/refrigerator/3dfModel/3ba66adb-cae8-491a-a5d0-d4a419022c8e,08b065d1e692f167c7438efae4204166035d7df882e86baeb31ed36581862490,/mnt/zsn/lyb/arti-skill/exp/artiverse/data/refrigerator/3dfModel/3ba66adb-cae8-491a-a5d0-d4a419022c8e/3ba66adb-cae8-491a-a5d0-d4a419022c8e.segmented.glb,1043720,87ea03db6b2f9fb6ba4db38b322214f1ef2e3363ad46d0ba13bca25a5a216f27
222,C052__S01__remote__partnext__212d33f6b5904bed965a87b018325b26,C052,remote,1,partnext,212d33f6b5904bed965a87b018325b26,/mnt/zsn/lyb/arti-skill/exp/artiverse_n5_uniform_studio_256_v1/remote/partnext/212d33f6b5904bed965a87b018325b26/imgs/000.png,79094,b994b6f96e925d7a8cd63cf363388771ac8fccf25cf655adec356506f4109b5a,2484,partnext,data/remote/partnext/212d33f6b5904bed965a87b018325b26,05abec03e60629590c55f1bbfd5d0492715c2f43a0fd24b462cd099922bee51f,/mnt/zsn/lyb/arti-skill/exp/artiverse/data/remote/partnext/212d33f6b5904bed965a87b018325b26/212d33f6b5904bed965a87b018325b26.segmented.glb,2792616,cf0533e7bcc0613c5c1d0330c32fde473ddc45361624d4ff23e8282c3f382ca1
223,C052__S02__remote__partnext__b9675435c74940a4926a1ffc0f6cd5c1,C052,remote,2,partnext,b9675435c74940a4926a1ffc0f6cd5c1,/mnt/zsn/lyb/arti-skill/exp/artiverse_n5_uniform_studio_256_v1/remote/partnext/b9675435c74940a4926a1ffc0f6cd5c1/imgs/000.png,75900,f4b87adde469664b76be678c9fd8bf5b8a6838e34103a88d81b0c95b12168abb,2487,partnext,data/remote/partnext/b9675435c74940a4926a1ffc0f6cd5c1,3644570011b83c4974326a0c1a87499dce5a6b384de463eed45fa660d3080911,/mnt/zsn/lyb/arti-skill/exp/artiverse/data/remote/partnext/b9675435c74940a4926a1ffc0f6cd5c1/b9675435c74940a4926a1ffc0f6cd5c1.segmented.glb,555216,e70683407dda3ec4bfb21310af40f28963d886c9885fa252123772b0de054c14
224,C052__S03__remote__partnext__79bff744c1b74462af7d3c0b9b19267b,C052,remote,3,partnext,79bff744c1b74462af7d3c0b9b19267b,/mnt/zsn/lyb/arti-skill/exp/artiverse_n5_uniform_studio_256_v1/remote/partnext/79bff744c1b74462af7d3c0b9b19267b/imgs/000.png,79005,1dd6518bf729dd99f5a37c0c141c845729782d1297c3707226eba270ee71b2d9,2486,partnext,data/remote/partnext/79bff744c1b74462af7d3c0b9b19267b,e6fff923c59317faa71815d16ed98620da8b45c8e50a21464520fb5882a2c34c,/mnt/zsn/lyb/arti-skill/exp/artiverse/data/remote/partnext/79bff744c1b74462af7d3c0b9b19267b/79bff744c1b74462af7d3c0b9b19267b.segmented.glb,8163856,0ebf230d00e26aa5b7fdc786570db1ef75c423e27d7f867963a7e334da4fe695
225,C052__S04__remote__partnext__5546d0ad45a042c680a4e745af851cd2,C052,remote,4,partnext,5546d0ad45a042c680a4e745af851cd2,/mnt/zsn/lyb/arti-skill/exp/artiverse_n5_uniform_studio_256_v1/remote/partnext/5546d0ad45a042c680a4e745af851cd2/imgs/000.png,73513,917df9af7a9e8e8d7fa570f31b315ebfc82cfbd6e4a94060f392b07eb2848f54,2485,partnext,data/remote/partnext/5546d0ad45a042c680a4e745af851cd2,eceb77015ce0c04c0d0e635f8806a66f5af4f1b072090cc6eb3dfb845b6f6c30,/mnt/zsn/lyb/arti-skill/exp/artiverse/data/remote/partnext/5546d0ad45a042c680a4e745af851cd2/5546d0ad45a042c680a4e745af851cd2.segmented.glb,5322972,61d06f1076cb3cd17170ab0bfe996e30adce3dbaf3df8576dbf47c28626bd568
226,C052__S05__remote__3dw__c48d2edc20dcd2127f29c61065b4dc5a,C052,remote,5,3dw,c48d2edc20dcd2127f29c61065b4dc5a,/mnt/zsn/lyb/arti-skill/exp/artiverse_n5_uniform_studio_256_v1/remote/3dw/c48d2edc20dcd2127f29c61065b4dc5a/imgs/000.png,77882,ad31454df5428171cdf6da1930ad3b59adc07ac4252344b21aaa8260c6fde0b5,2483,3dw,data/remote/3dw/c48d2edc20dcd2127f29c61065b4dc5a,ed812f083671b5e7986959abefa6beed8fe05263ae31df29681bf0059790199a,/mnt/zsn/lyb/arti-skill/exp/artiverse/data/remote/3dw/c48d2edc20dcd2127f29c61065b4dc5a/c48d2edc20dcd2127f29c61065b4dc5a.segmented.glb,997380,ed7067f7b099e7ddb681936d77b325810352a2fa307958ae7f0eb2049f00e97b
227,C053__S01__safe__fpModel__3700414065315caa30b22080b93bd4adf355ada3,C053,safe,1,fpModel,3700414065315caa30b22080b93bd4adf355ada3,/mnt/zsn/lyb/arti-skill/exp/artiverse_n5_uniform_studio_256_v1/safe/fpModel/3700414065315caa30b22080b93bd4adf355ada3/imgs/000.png,85443,9c2da58392ecf67fe368d8b28af7f9026b8910cf029dff24c6891b962465d3a1,2489,fpModel,data/safe/fpModel/3700414065315caa30b22080b93bd4adf355ada3,076eb9f2fe701e215740536ed0a8a2a01b57f3d99112332d3717c328e0bf2152,/mnt/zsn/lyb/arti-skill/exp/artiverse/data/safe/fpModel/3700414065315caa30b22080b93bd4adf355ada3/3700414065315caa30b22080b93bd4adf355ada3.segmented.glb,5602584,bac2789af0cd06c65bcd2018d172571b338d52b11ef47e4b9852aa48964efb6c
228,C053__S02__safe__objaverse_xl__ac8965d43bb689d670a6cd3de87e036a6359c04939e3b6dea39616acffdce2de,C053,safe,2,objaverse_xl,ac8965d43bb689d670a6cd3de87e036a6359c04939e3b6dea39616acffdce2de,/mnt/zsn/lyb/arti-skill/exp/artiverse_n5_uniform_studio_256_v1/safe/objaverse_xl/ac8965d43bb689d670a6cd3de87e036a6359c04939e3b6dea39616acffdce2de/imgs/000.png,81928,ad20bdd77dbe18e186772e450ff58c995892b146b9eb897dd72d53e268527b0e,2493,objaverse_xl,data/safe/objaverse_xl/ac8965d43bb689d670a6cd3de87e036a6359c04939e3b6dea39616acffdce2de,13d1254db02e6aa191845b89920f215e189cc47313978a5d24ce3394a4b29b33,/mnt/zsn/lyb/arti-skill/exp/artiverse/data/safe/objaverse_xl/ac8965d43bb689d670a6cd3de87e036a6359c04939e3b6dea39616acffdce2de/ac8965d43bb689d670a6cd3de87e036a6359c04939e3b6dea39616acffdce2de.segmented.glb,9140156,ae579804be8a69d4e35b57244ff5a7a897b510598acfaac882105c7029c32417
229,C053__S03__safe__fpModel__30b659612c0a6358b5d81da95a6c7599d085e981,C053,safe,3,fpModel,30b659612c0a6358b5d81da95a6c7599d085e981,/mnt/zsn/lyb/arti-skill/exp/artiverse_n5_uniform_studio_256_v1/safe/fpModel/30b659612c0a6358b5d81da95a6c7599d085e981/imgs/000.png,84451,716c5ba65492f3ce618228e3e1550742d3b7dbc54de707133404d39d7929dc21,2488,fpModel,data/safe/fpModel/30b659612c0a6358b5d81da95a6c7599d085e981,1ee827461f40b70c9479f0868e401591a629c651d232b2db853bbfcc04de4113,/mnt/zsn/lyb/arti-skill/exp/artiverse/data/safe/fpModel/30b659612c0a6358b5d81da95a6c7599d085e981/30b659612c0a6358b5d81da95a6c7599d085e981.segmented.glb,8411348,4038183a72e8247aedc0d764c17e426cc457e7604d5ef423626b1d37cc08750b
230,C053__S04__safe__texverse__636f955215ce4901a8496882607716bd_1024,C053,safe,4,texverse,636f955215ce4901a8496882607716bd_1024,/mnt/zsn/lyb/arti-skill/exp/artiverse_n5_uniform_studio_256_v1/safe/texverse/636f955215ce4901a8496882607716bd_1024/imgs/000.png,72433,f135ced257f09c628cc28abc78b54b4a7b211762e0f3f9ba7892290c81916562,2495,texverse,data/safe/texverse/636f955215ce4901a8496882607716bd_1024,4e7ce0a75d498267371b9c1836a2986abf259725cb3ed4e30c4ac0f16f864849,/mnt/zsn/lyb/arti-skill/exp/artiverse/data/safe/texverse/636f955215ce4901a8496882607716bd_1024/636f955215ce4901a8496882607716bd_1024.segmented.glb,954804,0c75690bfb52506d9997132f3d7ad3e84112e885fc54d3c4d234088f8d403168
231,C053__S05__safe__objaverse_xl__ad84ec01504a62cd5f82c81e6d814c0b9bb2ab7f3edad89f5f97da542b69c097,C053,safe,5,objaverse_xl,ad84ec01504a62cd5f82c81e6d814c0b9bb2ab7f3edad89f5f97da542b69c097,/mnt/zsn/lyb/arti-skill/exp/artiverse_n5_uniform_studio_256_v1/safe/objaverse_xl/ad84ec01504a62cd5f82c81e6d814c0b9bb2ab7f3edad89f5f97da542b69c097/imgs/000.png,86937,9cf735711b4bc903a144393d5f9f3e70421d3846a73e88847602b91e1800738e,2494,objaverse_xl,data/safe/objaverse_xl/ad84ec01504a62cd5f82c81e6d814c0b9bb2ab7f3edad89f5f97da542b69c097,59b67151ef74905264019a89dabb5358333b2e5e4b0cb6f37659b4adfb049547,/mnt/zsn/lyb/arti-skill/exp/artiverse/data/safe/objaverse_xl/ad84ec01504a62cd5f82c81e6d814c0b9bb2ab7f3edad89f5f97da542b69c097/ad84ec01504a62cd5f82c81e6d814c0b9bb2ab7f3edad89f5f97da542b69c097.segmented.glb,66072956,f026b39931487606ac709aecc9f5d083b30184284b63d0f5561523f41fe8fc1f
232,C054__S01__scissors__texverse__5ae7b23dd62b4971a61ee9e96284ab02_1024,C054,scissors,1,texverse,5ae7b23dd62b4971a61ee9e96284ab02_1024,/mnt/zsn/lyb/arti-skill/exp/artiverse_n5_uniform_studio_256_v1/scissors/texverse/5ae7b23dd62b4971a61ee9e96284ab02_1024/imgs/000.png,71404,8766d853e2e592fb7f30a61e9ff0dd65e151493309f026ae34e52ea5b6cdb87f,2538,texverse,data/scissors/texverse/5ae7b23dd62b4971a61ee9e96284ab02_1024,02da5f168bb3a4cec241cf1f4c29a1783eeed63aca54ec9c71342a844328d4dd,/mnt/zsn/lyb/arti-skill/exp/artiverse/data/scissors/texverse/5ae7b23dd62b4971a61ee9e96284ab02_1024/5ae7b23dd62b4971a61ee9e96284ab02_1024.segmented.glb,5651444,2cfc8c46dc962b37b9b531c333e5d8f6560a2675d51c909938fe38b46e99a613
233,C054__S02__scissors__objaverse_xl__effc79c18a8e231f820fbdf460f9f11bc39a37a15f993fc056cab5990b3d5ab6,C054,scissors,2,objaverse_xl,effc79c18a8e231f820fbdf460f9f11bc39a37a15f993fc056cab5990b3d5ab6,/mnt/zsn/lyb/arti-skill/exp/artiverse_n5_uniform_studio_256_v1/scissors/objaverse_xl/effc79c18a8e231f820fbdf460f9f11bc39a37a15f993fc056cab5990b3d5ab6/imgs/000.png,69591,193a5314bde8b325ba7a8a6691932d786b0acc2acf4e847cee8a86eb6d50d9f6,2530,objaverse_xl,data/scissors/objaverse_xl/effc79c18a8e231f820fbdf460f9f11bc39a37a15f993fc056cab5990b3d5ab6,03e7f7f823768c2a05580a8e797153f73a49687835d5f1b7132e29697702e388,/mnt/zsn/lyb/arti-skill/exp/artiverse/data/scissors/objaverse_xl/effc79c18a8e231f820fbdf460f9f11bc39a37a15f993fc056cab5990b3d5ab6/effc79c18a8e231f820fbdf460f9f11bc39a37a15f993fc056cab5990b3d5ab6.segmented.glb,36976,b30e4381a134acc0ecf25d582f235bef93d1b514619e5587c6ec406cdb510d78
234,C054__S03__scissors__objaverse_xl__694dc98638738f7ae39eb1446db3b883b4a7e4e2e2d51cc242243fbae7612aaa,C054,scissors,3,objaverse_xl,694dc98638738f7ae39eb1446db3b883b4a7e4e2e2d51cc242243fbae7612aaa,/mnt/zsn/lyb/arti-skill/exp/artiverse_n5_uniform_studio_256_v1/scissors/objaverse_xl/694dc98638738f7ae39eb1446db3b883b4a7e4e2e2d51cc242243fbae7612aaa/imgs/000.png,69324,50e2e60facc7d51c624259f9344a719ee1a3a386efbd6c729b5b3c294dad82fe,2521,objaverse_xl,data/scissors/objaverse_xl/694dc98638738f7ae39eb1446db3b883b4a7e4e2e2d51cc242243fbae7612aaa,08586695771ad57b2f4f355322fefc6ce5c7d30ed65dc1933d62ef21be9bbdcb,/mnt/zsn/lyb/arti-skill/exp/artiverse/data/scissors/objaverse_xl/694dc98638738f7ae39eb1446db3b883b4a7e4e2e2d51cc242243fbae7612aaa/694dc98638738f7ae39eb1446db3b883b4a7e4e2e2d51cc242243fbae7612aaa.segmented.glb,24496,2a5d766f37f67113b2ab8280a9410eae086143745a7721f739e20e6df584b918
235,C054__S04__scissors__objaverse__14023ed7bc1344319c5fd906b840b03d,C054,scissors,4,objaverse,14023ed7bc1344319c5fd906b840b03d,/mnt/zsn/lyb/arti-skill/exp/artiverse_n5_uniform_studio_256_v1/scissors/objaverse/14023ed7bc1344319c5fd906b840b03d/imgs/000.png,72844,d9c8c44f874ae3b09fb7d469d320ef06f17c8f6c6e43b7fb2f68bb9f8b8ef838,2498,objaverse,data/scissors/objaverse/14023ed7bc1344319c5fd906b840b03d,09b07916dc792378200b055dba10ebcdb3b844448a1040c5b7c1a8a2a6e5f93f,/mnt/zsn/lyb/arti-skill/exp/artiverse/data/scissors/objaverse/14023ed7bc1344319c5fd906b840b03d/14023ed7bc1344319c5fd906b840b03d.segmented.glb,2552092,dfbed68e7adc10969f5719f6537169b9d3830b57b54231aa8752d23f5e95c4d5
236,C054__S05__scissors__objaverse_xl__451a1de694941e6ce00ec79a39ace271bc64a187697e69a297b66d3bffe810ed,C054,scissors,5,objaverse_xl,451a1de694941e6ce00ec79a39ace271bc64a187697e69a297b66d3bffe810ed,/mnt/zsn/lyb/arti-skill/exp/artiverse_n5_uniform_studio_256_v1/scissors/objaverse_xl/451a1de694941e6ce00ec79a39ace271bc64a187697e69a297b66d3bffe810ed/imgs/000.png,70215,6b4fa711d7004d63486ef81a8e91d06ea519e618717995620ac85c157c512c2b,2517,objaverse_xl,data/scissors/objaverse_xl/451a1de694941e6ce00ec79a39ace271bc64a187697e69a297b66d3bffe810ed,09e090d1e9fddc9d582196e1f1613b1ab04dc2985eb27cfbd742eb6b0b0eef5e,/mnt/zsn/lyb/arti-skill/exp/artiverse/data/scissors/objaverse_xl/451a1de694941e6ce00ec79a39ace271bc64a187697e69a297b66d3bffe810ed/451a1de694941e6ce00ec79a39ace271bc64a187697e69a297b66d3bffe810ed.segmented.glb,16252,054af2927c9a536915cda7e19d8697794f7a06a626be913d2ed90c4a9b8e1e70
237,C055__S01__shopping_cart__objaverse_xl__f8d5b5259618dcc89bf40d476d9c2d06ce6df7399b0e547e420946fac31c41cc,C055,shopping_cart,1,objaverse_xl,f8d5b5259618dcc89bf40d476d9c2d06ce6df7399b0e547e420946fac31c41cc,/mnt/zsn/lyb/arti-skill/exp/artiverse_n5_uniform_studio_256_v1/shopping_cart/objaverse_xl/f8d5b5259618dcc89bf40d476d9c2d06ce6df7399b0e547e420946fac31c41cc/imgs/000.png,87149,e8e11712db8db13f0d0fde7e0636204170d1b9894e1d13b862ee721a00ceee30,2546,objaverse_xl,data/shopping_cart/objaverse_xl/f8d5b5259618dcc89bf40d476d9c2d06ce6df7399b0e547e420946fac31c41cc,27ed644a2ba00ae08ccaefabff9fd477f429beb13c23e2ec5e6d455684a47925,/mnt/zsn/lyb/arti-skill/exp/artiverse/data/shopping_cart/objaverse_xl/f8d5b5259618dcc89bf40d476d9c2d06ce6df7399b0e547e420946fac31c41cc/f8d5b5259618dcc89bf40d476d9c2d06ce6df7399b0e547e420946fac31c41cc.segmented.glb,196492,fb67028f621eeee46818c1b73ed34358de6b8d5e940594a0ea1570a771a81e15
238,C055__S02__shopping_cart__3dw__a49d436b1477310f7e51366b0cf7747,C055,shopping_cart,2,3dw,a49d436b1477310f7e51366b0cf7747,/mnt/zsn/lyb/arti-skill/exp/artiverse_n5_uniform_studio_256_v1/shopping_cart/3dw/a49d436b1477310f7e51366b0cf7747/imgs/000.png,84839,30a172d54d3aeb4b71735c09e79de0a3f1c414d892f4f2ffdd27c9419b17188d,2544,3dw,data/shopping_cart/3dw/a49d436b1477310f7e51366b0cf7747,4c2835f70b8675a9814794da383a8004cb19431e358b7836e2935ec6dc003f56,/mnt/zsn/lyb/arti-skill/exp/artiverse/data/shopping_cart/3dw/a49d436b1477310f7e51366b0cf7747/a49d436b1477310f7e51366b0cf7747.segmented.glb,195412,1fb48e30ed1e1c4cd6aabfbe8152932b31f2a29dac8f45a6af8b4369e2809a34
239,C055__S03__shopping_cart__wss__e3ac2c55a54713e07f5f437395597a36,C055,shopping_cart,3,wss,e3ac2c55a54713e07f5f437395597a36,/mnt/zsn/lyb/arti-skill/exp/artiverse_n5_uniform_studio_256_v1/shopping_cart/wss/e3ac2c55a54713e07f5f437395597a36/imgs/000.png,89396,c4c3c07ccc80ca94619cf5775b918057dbd760b4f4b52c6dc133f54074423ffe,2547,wss,data/shopping_cart/wss/e3ac2c55a54713e07f5f437395597a36,a304c62db1b010da9dacc5853fb0c061a3733d74be1220e8152a0faa0fdeb79e,/mnt/zsn/lyb/arti-skill/exp/artiverse/data/shopping_cart/wss/e3ac2c55a54713e07f5f437395597a36/e3ac2c55a54713e07f5f437395597a36.segmented.glb,180744,1b09c79ba325a8979f1b8e22fe9be9fe6311efad06ed02797253870b17b5d701
240,C055__S04__shopping_cart__objaverse_xl__a79556e42d941eb6625fa531436d1f8604b2b199d0df6479ad57cc9537c18b88,C055,shopping_cart,4,objaverse_xl,a79556e42d941eb6625fa531436d1f8604b2b199d0df6479ad57cc9537c18b88,/mnt/zsn/lyb/arti-skill/exp/artiverse_n5_uniform_studio_256_v1/shopping_cart/objaverse_xl/a79556e42d941eb6625fa531436d1f8604b2b199d0df6479ad57cc9537c18b88/imgs/000.png,92666,f299a556bd1f45d034ee4a17dc7c727ebf539d4eb8d68bbad756c1a0316a3417,2545,objaverse_xl,data/shopping_cart/objaverse_xl/a79556e42d941eb6625fa531436d1f8604b2b199d0df6479ad57cc9537c18b88,e1c8343784cfe7d5524d7e3918390821333fbb274eac1155b081ae0ebf622831,/mnt/zsn/lyb/arti-skill/exp/artiverse/data/shopping_cart/objaverse_xl/a79556e42d941eb6625fa531436d1f8604b2b199d0df6479ad57cc9537c18b88/a79556e42d941eb6625fa531436d1f8604b2b199d0df6479ad57cc9537c18b88.segmented.glb,2434664,b9c6d099499b2dca90c76ab62da9669ceb650a870fe9453433a54420fab4f32b
241,C056__S01__sideboard__fpModel__47b122b717e177c30cf7bc9e5fde5c6280a5c854,C056,sideboard,1,fpModel,47b122b717e177c30cf7bc9e5fde5c6280a5c854,/mnt/zsn/lyb/arti-skill/exp/artiverse_n5_uniform_studio_256_v1/sideboard/fpModel/47b122b717e177c30cf7bc9e5fde5c6280a5c854/imgs/000.png,83149,15419b34e76b491ea2e3748b7e95a6ca5d8ae2ffb70b30c0d35079f7e83089de,2679,fpModel,data/sideboard/fpModel/47b122b717e177c30cf7bc9e5fde5c6280a5c854,0079c7ae00c856989c863b5b0719e8889a6260f584ec6a1456758f7405773ef3,/mnt/zsn/lyb/arti-skill/exp/artiverse/data/sideboard/fpModel/47b122b717e177c30cf7bc9e5fde5c6280a5c854/47b122b717e177c30cf7bc9e5fde5c6280a5c854.segmented.glb,2935528,ee0c73b6b3f23df24086b5695f02e4405eb8be8e02f62372e6d3507ce46bece8
242,C056__S02__sideboard__fpModel__3fb0ef74ad5000c19e088c6ec09725faf75298cb,C056,sideboard,2,fpModel,3fb0ef74ad5000c19e088c6ec09725faf75298cb,/mnt/zsn/lyb/arti-skill/exp/artiverse_n5_uniform_studio_256_v1/sideboard/fpModel/3fb0ef74ad5000c19e088c6ec09725faf75298cb/imgs/000.png,90231,7c8ccca68aa84bec089016bc4947d15189f9aa42ca72706ed5397c0dc137e947,2674,fpModel,data/sideboard/fpModel/3fb0ef74ad5000c19e088c6ec09725faf75298cb,018791e52b94e9ba247d616266c3d8bc9c858607bd946b9766413bdb82fd6556,/mnt/zsn/lyb/arti-skill/exp/artiverse/data/sideboard/fpModel/3fb0ef74ad5000c19e088c6ec09725faf75298cb/3fb0ef74ad5000c19e088c6ec09725faf75298cb.segmented.glb,3458596,a2d130337812d131967e2fbc628610168ab6c43192295d8fbca1191598d0bf56
243,C056__S03__sideboard__fpModel__02d0251f683a3fcd7d5ec09c5a6910ccdb363786,C056,sideboard,3,fpModel,02d0251f683a3fcd7d5ec09c5a6910ccdb363786,/mnt/zsn/lyb/arti-skill/exp/artiverse_n5_uniform_studio_256_v1/sideboard/fpModel/02d0251f683a3fcd7d5ec09c5a6910ccdb363786/imgs/000.png,83066,a6239b10c618e4051ad3a786117d441320733038934f4ab9882dafcb7d8f0f24,2648,fpModel,data/sideboard/fpModel/02d0251f683a3fcd7d5ec09c5a6910ccdb363786,01c326361b0d4a2313cd2746e0bdc9e43700fdd53ad4e46431f900251b81c672,/mnt/zsn/lyb/arti-skill/exp/artiverse/data/sideboard/fpModel/02d0251f683a3fcd7d5ec09c5a6910ccdb363786/02d0251f683a3fcd7d5ec09c5a6910ccdb363786.segmented.glb,7363132,1dca699032b67ccfedb183517a5474869ade34e1a678503844a0a1dac18b0166
244,C056__S04__sideboard__fpModel__c73f8b5dd9353b05bdc81872432e0851cc2d6ab5,C056,sideboard,4,fpModel,c73f8b5dd9353b05bdc81872432e0851cc2d6ab5,/mnt/zsn/lyb/arti-skill/exp/artiverse_n5_uniform_studio_256_v1/sideboard/fpModel/c73f8b5dd9353b05bdc81872432e0851cc2d6ab5/imgs/000.png,76628,d59074cf3a24a458190999f343539d7e3770a9a46ca02e30f4ffeb27641ccccf,2720,fpModel,data/sideboard/fpModel/c73f8b5dd9353b05bdc81872432e0851cc2d6ab5,02eefe4e50f117f663dbfc9222d4adb40efac1d6a9e96552ee4d9843d8d871ac,/mnt/zsn/lyb/arti-skill/exp/artiverse/data/sideboard/fpModel/c73f8b5dd9353b05bdc81872432e0851cc2d6ab5/c73f8b5dd9353b05bdc81872432e0851cc2d6ab5.segmented.glb,5177092,d0ff03bfb200c997904a8b182faa21b1629436a92a5fa607678e3a2622d7be33
245,C056__S05__sideboard__fpModel__73b7a391b1d42c707c01739d3591310d04f3ea12,C056,sideboard,5,fpModel,73b7a391b1d42c707c01739d3591310d04f3ea12,/mnt/zsn/lyb/arti-skill/exp/artiverse_n5_uniform_studio_256_v1/sideboard/fpModel/73b7a391b1d42c707c01739d3591310d04f3ea12/imgs/000.png,95138,d1fd4f3ecd3dce98f9d44c08caa19734078946bcf5e1b50d8cd15ac50da35073,2696,fpModel,data/sideboard/fpModel/73b7a391b1d42c707c01739d3591310d04f3ea12,045fd5fa452bdbd1bce4333beb57d6cde84fd1395fba7fd88bff9fce55e6d5a5,/mnt/zsn/lyb/arti-skill/exp/artiverse/data/sideboard/fpModel/73b7a391b1d42c707c01739d3591310d04f3ea12/73b7a391b1d42c707c01739d3591310d04f3ea12.segmented.glb,6084836,624427dd6aa31324e222bfbac0c2ea94367d5d2c510d802ce0b0b0e0c8434fbb
246,C057__S01__sink_cabinet__fpModel__d34aca2483aff11d473b2d8f23a3e6a9fbc1ddf9,C057,sink_cabinet,1,fpModel,d34aca2483aff11d473b2d8f23a3e6a9fbc1ddf9,/mnt/zsn/lyb/arti-skill/exp/artiverse_n5_uniform_studio_256_v1/sink_cabinet/fpModel/d34aca2483aff11d473b2d8f23a3e6a9fbc1ddf9/imgs/000.png,73849,6ad7ee4cc4e73f7be036666315b756bde2be4b49ab696515caa170fa4e3c5eee,2774,fpModel,data/sink_cabinet/fpModel/d34aca2483aff11d473b2d8f23a3e6a9fbc1ddf9,0162f5482b549a97e49f700a390333ecb9c08d38caac646196e2f268e81a4548,/mnt/zsn/lyb/arti-skill/exp/artiverse/data/sink_cabinet/fpModel/d34aca2483aff11d473b2d8f23a3e6a9fbc1ddf9/d34aca2483aff11d473b2d8f23a3e6a9fbc1ddf9.segmented.glb,92988,e8f671ae0dbdab5fb32b85ec382a17c34b09595a867b15ee7d8a289269911729
247,C057__S02__sink_cabinet__fpModel__112dc87e26450400941c6eaff60866bc19badc64,C057,sink_cabinet,2,fpModel,112dc87e26450400941c6eaff60866bc19badc64,/mnt/zsn/lyb/arti-skill/exp/artiverse_n5_uniform_studio_256_v1/sink_cabinet/fpModel/112dc87e26450400941c6eaff60866bc19badc64/imgs/000.png,70433,85874abbdf4146eb47fa5f07f9bb59e1ee1bed20d75357fb6202d81d8c32e65c,2756,fpModel,data/sink_cabinet/fpModel/112dc87e26450400941c6eaff60866bc19badc64,04a7d645ea183f278df9b28eb6dff193581bd2cbb88aae74312188cb6dde643b,/mnt/zsn/lyb/arti-skill/exp/artiverse/data/sink_cabinet/fpModel/112dc87e26450400941c6eaff60866bc19badc64/112dc87e26450400941c6eaff60866bc19badc64.segmented.glb,444480,46766654ba6412b5aaac02054ccd0c0d8f1fb2dad6d5f342a51d7fbcd1b753db
248,C057__S03__sink_cabinet__fpModel__4d4709a41a152773f55c745958f1af7670dc59b7,C057,sink_cabinet,3,fpModel,4d4709a41a152773f55c745958f1af7670dc59b7,/mnt/zsn/lyb/arti-skill/exp/artiverse_n5_uniform_studio_256_v1/sink_cabinet/fpModel/4d4709a41a152773f55c745958f1af7670dc59b7/imgs/000.png,84548,a3d20d8919f73f7ba102e0c1792a587c103112f959928e83e66934e33afcdb97,2761,fpModel,data/sink_cabinet/fpModel/4d4709a41a152773f55c745958f1af7670dc59b7,0bf03ba817d65f4be52d3904ac59accf57e540b039c684ff133fd51663948f8d,/mnt/zsn/lyb/arti-skill/exp/artiverse/data/sink_cabinet/fpModel/4d4709a41a152773f55c745958f1af7670dc59b7/4d4709a41a152773f55c745958f1af7670dc59b7.segmented.glb,3071712,f5f4699f076c43b7d09856139ce166b6cfca08ae54319ff3b1ab5fad9de3b39c
249,C057__S04__sink_cabinet__fpModel__70da418e165e78eb5933d808fe6a2092162058ea,C057,sink_cabinet,4,fpModel,70da418e165e78eb5933d808fe6a2092162058ea,/mnt/zsn/lyb/arti-skill/exp/artiverse_n5_uniform_studio_256_v1/sink_cabinet/fpModel/70da418e165e78eb5933d808fe6a2092162058ea/imgs/000.png,75614,ee338bfdb72c3597cccdd4a5b9d75aa511652c63af4c2a61d6d11033c48f4640,2766,fpModel,data/sink_cabinet/fpModel/70da418e165e78eb5933d808fe6a2092162058ea,1b3d07cf2fac8a6b06e60a69014a0684937e8e67299dab51363561f40ca1f26c,/mnt/zsn/lyb/arti-skill/exp/artiverse/data/sink_cabinet/fpModel/70da418e165e78eb5933d808fe6a2092162058ea/70da418e165e78eb5933d808fe6a2092162058ea.segmented.glb,981980,202a07a9cdebee4f3ec61cf0a838b8c043ec1266fd77f8e01b6e47bdd40bef6c
250,C057__S05__sink_cabinet__fpModel__6a5c779b2deee1af83e7d2f85605fe0a1d39f665,C057,sink_cabinet,5,fpModel,6a5c779b2deee1af83e7d2f85605fe0a1d39f665,/mnt/zsn/lyb/arti-skill/exp/artiverse_n5_uniform_studio_256_v1/sink_cabinet/fpModel/6a5c779b2deee1af83e7d2f85605fe0a1d39f665/imgs/000.png,72978,40b8516db6e9888b09b5783414f02f46e5ce0c1813f0c7092a5e11d1873ce08c,2765,fpModel,data/sink_cabinet/fpModel/6a5c779b2deee1af83e7d2f85605fe0a1d39f665,25772f8e9f969927dcf36cd07ba5a108fe0c54f615cb30c04c8d694a3e3f44a5,/mnt/zsn/lyb/arti-skill/exp/artiverse/data/sink_cabinet/fpModel/6a5c779b2deee1af83e7d2f85605fe0a1d39f665/6a5c779b2deee1af83e7d2f85605fe0a1d39f665.segmented.glb,93056,fae1c8f50bcad871e8f3be9487bc969efabf62c8a18b11f2d2d92a3b2db9f0e5
251,C058__S01__skateboard__partnext__ef9a705d9fb644d5aecee2563e7f91b5,C058,skateboard,1,partnext,ef9a705d9fb644d5aecee2563e7f91b5,/mnt/zsn/lyb/arti-skill/exp/artiverse_n5_uniform_studio_256_v1/skateboard/partnext/ef9a705d9fb644d5aecee2563e7f91b5/imgs/000.png,81188,28f185183629a9d7ab6a2cba13aea2174b7d543af45841b5d07950f8a042db21,2782,partnext,data/skateboard/partnext/ef9a705d9fb644d5aecee2563e7f91b5,577107da206d85663c9307f4c4ad6c8c9bf68cda8427f68186b76809a4d5aabb,/mnt/zsn/lyb/arti-skill/exp/artiverse/data/skateboard/partnext/ef9a705d9fb644d5aecee2563e7f91b5/ef9a705d9fb644d5aecee2563e7f91b5.segmented.glb,171284,cf7396bef546ab1c34fd18cec79f57be34e0f735a0121ca13947a26716dedc26
252,C058__S02__skateboard__partnext__2d55919c08174a0baac27fb85d65606e,C058,skateboard,2,partnext,2d55919c08174a0baac27fb85d65606e,/mnt/zsn/lyb/arti-skill/exp/artiverse_n5_uniform_studio_256_v1/skateboard/partnext/2d55919c08174a0baac27fb85d65606e/imgs/000.png,75861,8e247f990464c233bf4fe805235310ef9d486215dbac9f56e2f7de0ec07d9240,2779,partnext,data/skateboard/partnext/2d55919c08174a0baac27fb85d65606e,68a4d95eb0548ec7f800cbae340ef68e1ab351de8b7b0a2947773e6efe729267,/mnt/zsn/lyb/arti-skill/exp/artiverse/data/skateboard/partnext/2d55919c08174a0baac27fb85d65606e/2d55919c08174a0baac27fb85d65606e.segmented.glb,6269552,e6c40d49c859ecd289dfa8cc55e6b689902a8175fd0692555d7e19608e9c615b
253,C058__S03__skateboard__partnext__801dfed0f3b04d619fa8cfdad756aeff,C058,skateboard,3,partnext,801dfed0f3b04d619fa8cfdad756aeff,/mnt/zsn/lyb/arti-skill/exp/artiverse_n5_uniform_studio_256_v1/skateboard/partnext/801dfed0f3b04d619fa8cfdad756aeff/imgs/000.png,77159,9b9562dd11f38c0cde1ed966083605c6dec58621e65196ecf627f0c18ee81d05,2780,partnext,data/skateboard/partnext/801dfed0f3b04d619fa8cfdad756aeff,9bdfe3c35fd3c2d255632fe57d046d39cc1e12e7fe46d9d54fc52a73aa81fbbc,/mnt/zsn/lyb/arti-skill/exp/artiverse/data/skateboard/partnext/801dfed0f3b04d619fa8cfdad756aeff/801dfed0f3b04d619fa8cfdad756aeff.segmented.glb,165752,e3a846b7446508fdb331e12789c3e4b938d0e4ef84716968187abd75f5e58b8f
254,C058__S04__skateboard__partnext__a8654f95c4204dd48ce606b8d612c7fb,C058,skateboard,4,partnext,a8654f95c4204dd48ce606b8d612c7fb,/mnt/zsn/lyb/arti-skill/exp/artiverse_n5_uniform_studio_256_v1/skateboard/partnext/a8654f95c4204dd48ce606b8d612c7fb/imgs/000.png,74685,c6bd46d1cab37b3c93f58728cdd2d50d4e1d46eeb66646faee53e6612e8bb1bf,2781,partnext,data/skateboard/partnext/a8654f95c4204dd48ce606b8d612c7fb,b378ef72bf405e2ff0a3501a3e4a77dfca06a9c94119c782303018dee0af2183,/mnt/zsn/lyb/arti-skill/exp/artiverse/data/skateboard/partnext/a8654f95c4204dd48ce606b8d612c7fb/a8654f95c4204dd48ce606b8d612c7fb.segmented.glb,6271840,1ea0f060acb7af3ad9601422fb3353e09abb71fb7162072c61390319e4524716
255,C058__S05__skateboard__partnext__f2f238695efe43efbb3ce06b0d616dd5,C058,skateboard,5,partnext,f2f238695efe43efbb3ce06b0d616dd5,/mnt/zsn/lyb/arti-skill/exp/artiverse_n5_uniform_studio_256_v1/skateboard/partnext/f2f238695efe43efbb3ce06b0d616dd5/imgs/000.png,72655,cda128e028836bb54382f2174fc003f22e3cee88a4e0e0eb99b30a6f7deed10e,2783,partnext,data/skateboard/partnext/f2f238695efe43efbb3ce06b0d616dd5,cc9ea5d9983124bce7bbf6fa1dce1391ca187972d3f1da2849cd921e46c6cde4,/mnt/zsn/lyb/arti-skill/exp/artiverse/data/skateboard/partnext/f2f238695efe43efbb3ce06b0d616dd5/f2f238695efe43efbb3ce06b0d616dd5.segmented.glb,1523820,1b4b27eda5ca58cd5556de1f52a690b966c7346109abc661a4c265e9c938f762
256,C059__S01__soap_dispenser__texverse__9d01054b70264c06af443fd60de27cd5_1024,C059,soap_dispenser,1,texverse,9d01054b70264c06af443fd60de27cd5_1024,/mnt/zsn/lyb/arti-skill/exp/artiverse_n5_uniform_studio_256_v1/soap_dispenser/texverse/9d01054b70264c06af443fd60de27cd5_1024/imgs/000.png,75289,c91aa77621313de2008c6a85878981e4650949ed3976df7a6e3c31c21e71e708,2794,texverse,data/soap_dispenser/texverse/9d01054b70264c06af443fd60de27cd5_1024,0a1ffd9ed74a5248e5a7b6020f977e556ac777e817ec4fbe95f94b7ddd6a6a80,/mnt/zsn/lyb/arti-skill/exp/artiverse/data/soap_dispenser/texverse/9d01054b70264c06af443fd60de27cd5_1024/9d01054b70264c06af443fd60de27cd5_1024.segmented.glb,304084,1d90f38277318055434ff08f9dc1ba4ba4da338d5c7232350c798afff8899201
257,C059__S02__soap_dispenser__texverse__f17aa50bab9742c88f955fe886e8d9f4_1024,C059,soap_dispenser,2,texverse,f17aa50bab9742c88f955fe886e8d9f4_1024,/mnt/zsn/lyb/arti-skill/exp/artiverse_n5_uniform_studio_256_v1/soap_dispenser/texverse/f17aa50bab9742c88f955fe886e8d9f4_1024/imgs/000.png,75234,d20369e8250a1769dfaf42dd1deeee3954d23703c6c9cfd89be16106a68c8fc2,2795,texverse,data/soap_dispenser/texverse/f17aa50bab9742c88f955fe886e8d9f4_1024,1e19b8a071ae8fda2f4cf7430d2bfda3bde09e501b47f22768f9e0122b87904d,/mnt/zsn/lyb/arti-skill/exp/artiverse/data/soap_dispenser/texverse/f17aa50bab9742c88f955fe886e8d9f4_1024/f17aa50bab9742c88f955fe886e8d9f4_1024.segmented.glb,3600220,471f6f54b998086d4727e18fe97f27c96b2ba649e024cf220f1a5800f2e3fe96
258,C059__S03__soap_dispenser__texverse__9b26941e364f451b9ebc2c6c513f0157_1024,C059,soap_dispenser,3,texverse,9b26941e364f451b9ebc2c6c513f0157_1024,/mnt/zsn/lyb/arti-skill/exp/artiverse_n5_uniform_studio_256_v1/soap_dispenser/texverse/9b26941e364f451b9ebc2c6c513f0157_1024/imgs/000.png,74333,926d018383a679a3484b816ba3a968e2bde507744ce7588cbaceb704bccef7d4,2793,texverse,data/soap_dispenser/texverse/9b26941e364f451b9ebc2c6c513f0157_1024,29b5a814d33baecadacee9f7d008c1070bde8f3987660561db4dacc8de855fcc,/mnt/zsn/lyb/arti-skill/exp/artiverse/data/soap_dispenser/texverse/9b26941e364f451b9ebc2c6c513f0157_1024/9b26941e364f451b9ebc2c6c513f0157_1024.segmented.glb,1334436,bc6a606ebeccd4825c58c9843e87d1001c18c170ce3db99caf80f2954af2b3fd
259,C059__S04__soap_dispenser__fpModel__59c5d91b9af0574bae73b744130a4a45149828e8,C059,soap_dispenser,4,fpModel,59c5d91b9af0574bae73b744130a4a45149828e8,/mnt/zsn/lyb/arti-skill/exp/artiverse_n5_uniform_studio_256_v1/soap_dispenser/fpModel/59c5d91b9af0574bae73b744130a4a45149828e8/imgs/000.png,75767,488c72855393168dc52cd879f3ee9deb9bdfcefecb239f036cb33232db75244e,2784,fpModel,data/soap_dispenser/fpModel/59c5d91b9af0574bae73b744130a4a45149828e8,4a0c56b2166d9ce7606ae465061045b0a36caffbe7e4e99bc4b73bae6459ac1e,/mnt/zsn/lyb/arti-skill/exp/artiverse/data/soap_dispenser/fpModel/59c5d91b9af0574bae73b744130a4a45149828e8/59c5d91b9af0574bae73b744130a4a45149828e8.segmented.glb,1421916,d836089eb057820033fc5afbbb8c2138d5d3c536e88de3813326ecb8379c1429
260,C059__S05__soap_dispenser__texverse__544df22f823244fcb64fbbb4436a1d51_1024,C059,soap_dispenser,5,texverse,544df22f823244fcb64fbbb4436a1d51_1024,/mnt/zsn/lyb/arti-skill/exp/artiverse_n5_uniform_studio_256_v1/soap_dispenser/texverse/544df22f823244fcb64fbbb4436a1d51_1024/imgs/000.png,74253,6ecab6ed1e64b6d835026097c38157e09d8aac65639a2a18d793d43bd05a1aae,2791,texverse,data/soap_dispenser/texverse/544df22f823244fcb64fbbb4436a1d51_1024,6bdb4f58c7fdddf84d830876de4d175726d2b374a2690e0e1a6e6d12f485fea9,/mnt/zsn/lyb/arti-skill/exp/artiverse/data/soap_dispenser/texverse/544df22f823244fcb64fbbb4436a1d51_1024/544df22f823244fcb64fbbb4436a1d51_1024.segmented.glb,1996268,398d691a280eb0114966cc8e4d766386ae700cc850d12bd1617d94307b014932
261,C060__S01__spray_bottle__3dw__591bdc81c267624bc21c5d9d91c5c9b5,C060,spray_bottle,1,3dw,591bdc81c267624bc21c5d9d91c5c9b5,/mnt/zsn/lyb/arti-skill/exp/artiverse_n5_uniform_studio_256_v1/spray_bottle/3dw/591bdc81c267624bc21c5d9d91c5c9b5/imgs/000.png,77308,5012f78052b7a419ebc93390d05c3260b806d23db62ce695d1884c9c5ffce522,2796,3dw,data/spray_bottle/3dw/591bdc81c267624bc21c5d9d91c5c9b5,0e445db9a252726e463c5bbdae8af6ac4c59d5896242c251ebccdfcb3165f3e4,/mnt/zsn/lyb/arti-skill/exp/artiverse/data/spray_bottle/3dw/591bdc81c267624bc21c5d9d91c5c9b5/591bdc81c267624bc21c5d9d91c5c9b5.segmented.glb,2319672,6950c2384ea152c095a1911ecf9c6db4890fe44b3614cb7d4f70f136a1c62c63
262,C060__S02__spray_bottle__objaverse__1611833f3eaa41bbba2b6944269429ab,C060,spray_bottle,2,objaverse,1611833f3eaa41bbba2b6944269429ab,/mnt/zsn/lyb/arti-skill/exp/artiverse_n5_uniform_studio_256_v1/spray_bottle/objaverse/1611833f3eaa41bbba2b6944269429ab/imgs/000.png,71945,3d9a60165faf213ed65290ed3cc5f4c3589ad47cb4e106027616a35e0ef756a7,2797,objaverse,data/spray_bottle/objaverse/1611833f3eaa41bbba2b6944269429ab,0ec4b4af9b99c727a47eddaf9d551c8f4e9226e1c3d63ce15c7331de9297ef02,/mnt/zsn/lyb/arti-skill/exp/artiverse/data/spray_bottle/objaverse/1611833f3eaa41bbba2b6944269429ab/1611833f3eaa41bbba2b6944269429ab.segmented.glb,216672,aa86300f3fa702e505280ace3cf90a61bb7f24808e4e497ce4a6bb5ae7a9b97b
263,C060__S03__spray_bottle__objaverse_xl__864731f3ba0cae16000f1b4a62bbc2a705b24dd91aeab9631f731e173fec3b80,C060,spray_bottle,3,objaverse_xl,864731f3ba0cae16000f1b4a62bbc2a705b24dd91aeab9631f731e173fec3b80,/mnt/zsn/lyb/arti-skill/exp/artiverse_n5_uniform_studio_256_v1/spray_bottle/objaverse_xl/864731f3ba0cae16000f1b4a62bbc2a705b24dd91aeab9631f731e173fec3b80/imgs/000.png,70044,214ea07753a850b65e22a688910f8601066f647026aa8ffa8deb8532bff2509d,2802,objaverse_xl,data/spray_bottle/objaverse_xl/864731f3ba0cae16000f1b4a62bbc2a705b24dd91aeab9631f731e173fec3b80,148f46f65c4e2b374c59820afd85ac6e5782459a68088a0622fa2cdd692d507c,/mnt/zsn/lyb/arti-skill/exp/artiverse/data/spray_bottle/objaverse_xl/864731f3ba0cae16000f1b4a62bbc2a705b24dd91aeab9631f731e173fec3b80/864731f3ba0cae16000f1b4a62bbc2a705b24dd91aeab9631f731e173fec3b80.segmented.glb,447384,74e5bb2fd1b41717fab3392a987f9b74ebc9ff82cfc5c43879bf2cc519989982
264,C060__S04__spray_bottle__objaverse_xl__722793ffc233d1b9e5fb58e10c47a27313a62d050f639a837723e607ce1641ed,C060,spray_bottle,4,objaverse_xl,722793ffc233d1b9e5fb58e10c47a27313a62d050f639a837723e607ce1641ed,/mnt/zsn/lyb/arti-skill/exp/artiverse_n5_uniform_studio_256_v1/spray_bottle/objaverse_xl/722793ffc233d1b9e5fb58e10c47a27313a62d050f639a837723e607ce1641ed/imgs/000.png,72421,0b57a5b5424ad2d456ed340f28bd6ca67966cb887c1d282c54820624a31bc6d4,2801,objaverse_xl,data/spray_bottle/objaverse_xl/722793ffc233d1b9e5fb58e10c47a27313a62d050f639a837723e607ce1641ed,1bd875bb73be0e90e4f77897909e01146b6b9e096deafac1306375f274ddbbe4,/mnt/zsn/lyb/arti-skill/exp/artiverse/data/spray_bottle/objaverse_xl/722793ffc233d1b9e5fb58e10c47a27313a62d050f639a837723e607ce1641ed/722793ffc233d1b9e5fb58e10c47a27313a62d050f639a837723e607ce1641ed.segmented.glb,216532,34066b8f79ad44ae7d699ea3b93b6d5833135e0d1701a3a725157b23530b2ff4
265,C060__S05__spray_bottle__objaverse_xl__492f7cd8c7cf5f27e18d1556d1433d6b717e1f62b32558fb76d816caf1bdb570,C060,spray_bottle,5,objaverse_xl,492f7cd8c7cf5f27e18d1556d1433d6b717e1f62b32558fb76d816caf1bdb570,/mnt/zsn/lyb/arti-skill/exp/artiverse_n5_uniform_studio_256_v1/spray_bottle/objaverse_xl/492f7cd8c7cf5f27e18d1556d1433d6b717e1f62b32558fb76d816caf1bdb570/imgs/000.png,69808,52a35240519fb6448eead6d3cfe09d5a7b23c0db3da0609ea2478592c913bde4,2799,objaverse_xl,data/spray_bottle/objaverse_xl/492f7cd8c7cf5f27e18d1556d1433d6b717e1f62b32558fb76d816caf1bdb570,5931ee58a43a9a3678012c87ec20dae5931293294f7a2ddfdbca3feaa1ab4c5b,/mnt/zsn/lyb/arti-skill/exp/artiverse/data/spray_bottle/objaverse_xl/492f7cd8c7cf5f27e18d1556d1433d6b717e1f62b32558fb76d816caf1bdb570/492f7cd8c7cf5f27e18d1556d1433d6b717e1f62b32558fb76d816caf1bdb570.segmented.glb,55052,b4e7f26fadd1899063b4b5bf20a63f5779326b37dcb74c4733a39b736907f047
266,C061__S01__standing_mirror__fpModel__e5b72fc46cfc8c4544cc2b8344d9253051818dd7,C061,standing_mirror,1,fpModel,e5b72fc46cfc8c4544cc2b8344d9253051818dd7,/mnt/zsn/lyb/arti-skill/exp/artiverse_n5_uniform_studio_256_v1/standing_mirror/fpModel/e5b72fc46cfc8c4544cc2b8344d9253051818dd7/imgs/000.png,72460,b53f9ad5b4a283ae7bf33be721f621054e37294cc1ea9b5ff76a48110095223d,2827,fpModel,data/standing_mirror/fpModel/e5b72fc46cfc8c4544cc2b8344d9253051818dd7,01b68dd36c30f39ab14921910a1455ab1d98e5f790aa7a11703ab3d616b1b140,/mnt/zsn/lyb/arti-skill/exp/artiverse/data/standing_mirror/fpModel/e5b72fc46cfc8c4544cc2b8344d9253051818dd7/e5b72fc46cfc8c4544cc2b8344d9253051818dd7.segmented.glb,316360,b207f3b8d5860a596330172e38e385fff6fe882902866bd4d1b528281b438afd
267,C061__S02__standing_mirror__3dfModel__4115684f-7caf-4aef-9877-5546556045ed,C061,standing_mirror,2,3dfModel,4115684f-7caf-4aef-9877-5546556045ed,/mnt/zsn/lyb/arti-skill/exp/artiverse_n5_uniform_studio_256_v1/standing_mirror/3dfModel/4115684f-7caf-4aef-9877-5546556045ed/imgs/000.png,77595,f81c6bb0740b33fd6580a745922145fe02a6edc0c9c8279840ca1e0626e53cdd,2805,3dfModel,data/standing_mirror/3dfModel/4115684f-7caf-4aef-9877-5546556045ed,0311e8b64564e12f620ddbd7c518c95a4af37f66e81408d6507cada0f0f2e7ae,/mnt/zsn/lyb/arti-skill/exp/artiverse/data/standing_mirror/3dfModel/4115684f-7caf-4aef-9877-5546556045ed/4115684f-7caf-4aef-9877-5546556045ed.segmented.glb,2289252,ef6c9a122fcdd2664bef429ee889d1b0b8e76835ac5f7f12871bb424fec24297
268,C061__S03__standing_mirror__3dw__c60b233a3f968254dffd9a568a626d77,C061,standing_mirror,3,3dw,c60b233a3f968254dffd9a568a626d77,/mnt/zsn/lyb/arti-skill/exp/artiverse_n5_uniform_studio_256_v1/standing_mirror/3dw/c60b233a3f968254dffd9a568a626d77/imgs/000.png,73425,fa3a729dc5f7210b1b8faead4994b22b7e47aeb36f179efb9af892f6307bbebd,2813,3dw,data/standing_mirror/3dw/c60b233a3f968254dffd9a568a626d77,0fda859f84c7dbf879b45c6ad5b63579701aa78d793a46085c0501822dc9bbd5,/mnt/zsn/lyb/arti-skill/exp/artiverse/data/standing_mirror/3dw/c60b233a3f968254dffd9a568a626d77/c60b233a3f968254dffd9a568a626d77.segmented.glb,27172,9417abae0dd39e839eeaf3e1a05fcabb362f6b89c5d3d5858f17b1861ad5ede0
269,C061__S04__standing_mirror__fpModel__1fa0bbe96047aa9c2d923254bf638613dfaa5540,C061,standing_mirror,4,fpModel,1fa0bbe96047aa9c2d923254bf638613dfaa5540,/mnt/zsn/lyb/arti-skill/exp/artiverse_n5_uniform_studio_256_v1/standing_mirror/fpModel/1fa0bbe96047aa9c2d923254bf638613dfaa5540/imgs/000.png,72418,1c231278ab98a23a27075da7fdd493fed84447ef1f93fc54f250930b628cca42,2816,fpModel,data/standing_mirror/fpModel/1fa0bbe96047aa9c2d923254bf638613dfaa5540,103fcd2672ae1e31450cd6ec0561c130f2b7d51fa338e5f6e0989b5448cfd775,/mnt/zsn/lyb/arti-skill/exp/artiverse/data/standing_mirror/fpModel/1fa0bbe96047aa9c2d923254bf638613dfaa5540/1fa0bbe96047aa9c2d923254bf638613dfaa5540.segmented.glb,690500,a39e8922ddc7edc0b7b8c1cdfe803a876f7915b653d6ceaace08b6bf155294b6
270,C061__S05__standing_mirror__fpModel__222364e8fb6c086b9b08c15bcd8bbfa561665e9f,C061,standing_mirror,5,fpModel,222364e8fb6c086b9b08c15bcd8bbfa561665e9f,/mnt/zsn/lyb/arti-skill/exp/artiverse_n5_uniform_studio_256_v1/standing_mirror/fpModel/222364e8fb6c086b9b08c15bcd8bbfa561665e9f/imgs/000.png,72755,a3397dc0ed3bcb0d686f581ae8b2855d7a601a7ee78835f37a9e53d052013668,2817,fpModel,data/standing_mirror/fpModel/222364e8fb6c086b9b08c15bcd8bbfa561665e9f,18b84451b429acac40fe53ab0d2c50bb982eafcb33b1044e059cbe41bc75cede,/mnt/zsn/lyb/arti-skill/exp/artiverse/data/standing_mirror/fpModel/222364e8fb6c086b9b08c15bcd8bbfa561665e9f/222364e8fb6c086b9b08c15bcd8bbfa561665e9f.segmented.glb,66248,84480118dff5512640396664dc6c104bbc942058a4d08e2d0a6acc932ac5b6cd
271,C062__S01__stapler__wss__1874f7fc154c7c35c66e88e7ffc39f1a,C062,stapler,1,wss,1874f7fc154c7c35c66e88e7ffc39f1a,/mnt/zsn/lyb/arti-skill/exp/artiverse_n5_uniform_studio_256_v1/stapler/wss/1874f7fc154c7c35c66e88e7ffc39f1a/imgs/000.png,77571,db17f5c1fcc4ceeb348f48294b015b346116ec758fd80ca341fb1155ca7625ec,2832,wss,data/stapler/wss/1874f7fc154c7c35c66e88e7ffc39f1a,2432d718acad9fe4403a7ab2d65d5df587ef21cac3b8e54f03bb8b3831144f89,/mnt/zsn/lyb/arti-skill/exp/artiverse/data/stapler/wss/1874f7fc154c7c35c66e88e7ffc39f1a/1874f7fc154c7c35c66e88e7ffc39f1a.segmented.glb,2071364,4c62f0e7f9a1539392e868ef5507c6f0856fa8e6962bcd310490d5a1813d0ec9
272,C062__S02__stapler__wss__a5cafa3a913187dd8f9dd7647048a0c,C062,stapler,2,wss,a5cafa3a913187dd8f9dd7647048a0c,/mnt/zsn/lyb/arti-skill/exp/artiverse_n5_uniform_studio_256_v1/stapler/wss/a5cafa3a913187dd8f9dd7647048a0c/imgs/000.png,76981,9f674b084eca20b61bbf248b3302593c17c939ad761cf8a0bf083fd7fabaa6ab,2834,wss,data/stapler/wss/a5cafa3a913187dd8f9dd7647048a0c,2d53602c8a36011dbfcecfd61dee59b2d298248e89dd68c02f8cb074c919f9b7,/mnt/zsn/lyb/arti-skill/exp/artiverse/data/stapler/wss/a5cafa3a913187dd8f9dd7647048a0c/a5cafa3a913187dd8f9dd7647048a0c.segmented.glb,15692,0f8cbedc82ba95766f417acfd8332ed53536321a5433c15dba154c71ca77617c
273,C062__S03__stapler__wss__bb5cbbd9bbfdeb1e3da4864947d731aa,C062,stapler,3,wss,bb5cbbd9bbfdeb1e3da4864947d731aa,/mnt/zsn/lyb/arti-skill/exp/artiverse_n5_uniform_studio_256_v1/stapler/wss/bb5cbbd9bbfdeb1e3da4864947d731aa/imgs/000.png,74897,b659cd9144f7617d1f623e7e72fcab277b98e0fe7adb416443cc90e7e4b0b249,2835,wss,data/stapler/wss/bb5cbbd9bbfdeb1e3da4864947d731aa,3b4553a55c53e944b845723e0baf3abcbbe112fc0f6f25ff332f8f7d64f35c6c,/mnt/zsn/lyb/arti-skill/exp/artiverse/data/stapler/wss/bb5cbbd9bbfdeb1e3da4864947d731aa/bb5cbbd9bbfdeb1e3da4864947d731aa.segmented.glb,60728,1d94acc6637ac7d0d38ffdb015aeaf23a6779c01622659c1fbe421df8cc5aca2
274,C062__S04__stapler__3dw__ce166c3e9b531363b4c1cf08f6822c7e,C062,stapler,4,3dw,ce166c3e9b531363b4c1cf08f6822c7e,/mnt/zsn/lyb/arti-skill/exp/artiverse_n5_uniform_studio_256_v1/stapler/3dw/ce166c3e9b531363b4c1cf08f6822c7e/imgs/000.png,72642,73d7a02d8434fbe0f86e3ba74d5662b17741f326d9a3aa2cf5a5ec26da3abfb7,2830,3dw,data/stapler/3dw/ce166c3e9b531363b4c1cf08f6822c7e,48a50ef0bbb02c24d757361905824a039c4101b129bd7afd86ba7cbbbf6c6414,/mnt/zsn/lyb/arti-skill/exp/artiverse/data/stapler/3dw/ce166c3e9b531363b4c1cf08f6822c7e/ce166c3e9b531363b4c1cf08f6822c7e.segmented.glb,887140,6c73b4f6d89341a55ad9b890a1d31f0a88d037db77c54faad3945f3cb93e755c
275,C062__S05__stapler__3dw__3ea85c1c8977484c8def06fff01a9692,C062,stapler,5,3dw,3ea85c1c8977484c8def06fff01a9692,/mnt/zsn/lyb/arti-skill/exp/artiverse_n5_uniform_studio_256_v1/stapler/3dw/3ea85c1c8977484c8def06fff01a9692/imgs/000.png,75942,3cd725a644cc791fc924512defda1f398591e5f963de0d9669d2cb83b53957fb,2829,3dw,data/stapler/3dw/3ea85c1c8977484c8def06fff01a9692,59590081248db2791d79a5eeb0a90ac050faba1f7005ab79941bab1dc49cdb36,/mnt/zsn/lyb/arti-skill/exp/artiverse/data/stapler/3dw/3ea85c1c8977484c8def06fff01a9692/3ea85c1c8977484c8def06fff01a9692.segmented.glb,425740,a0db4e551fb3c2cd6031983c95b43d71c9e05190853834bedf1a5115d7e8ecb0
276,C063__S01__storage_bench__objaverse__503f23c30e6d4f7a8dc915420cc5f630,C063,storage_bench,1,objaverse,503f23c30e6d4f7a8dc915420cc5f630,/mnt/zsn/lyb/arti-skill/exp/artiverse_n5_uniform_studio_256_v1/storage_bench/objaverse/503f23c30e6d4f7a8dc915420cc5f630/imgs/000.png,97563,087d34be53a0537df371d3941016441aaa4f42985265aaf1f2d61fe21c940b55,2862,objaverse,data/storage_bench/objaverse/503f23c30e6d4f7a8dc915420cc5f630,09507e013863433f57bf7f53e05d5631a524e5c69654d1bb8f76fa93627fcb17,/mnt/zsn/lyb/arti-skill/exp/artiverse/data/storage_bench/objaverse/503f23c30e6d4f7a8dc915420cc5f630/503f23c30e6d4f7a8dc915420cc5f630.segmented.glb,11971440,b8cb86e5e0442a9336515f2117045239e3dcc5d460e715f719f057848c530914
277,C063__S02__storage_bench__3dw__f59162cdf8d94bbe8430b7446f9e1252,C063,storage_bench,2,3dw,f59162cdf8d94bbe8430b7446f9e1252,/mnt/zsn/lyb/arti-skill/exp/artiverse_n5_uniform_studio_256_v1/storage_bench/3dw/f59162cdf8d94bbe8430b7446f9e1252/imgs/000.png,82359,8bd1c153d2c122941a7cb144b9de31629213ccafd281c7c456760d4d29173ba4,2844,3dw,data/storage_bench/3dw/f59162cdf8d94bbe8430b7446f9e1252,0f72e5e8c0735ad56433f95dd6a449b594c0563295c07fe3e695a208b1cc93e0,/mnt/zsn/lyb/arti-skill/exp/artiverse/data/storage_bench/3dw/f59162cdf8d94bbe8430b7446f9e1252/f59162cdf8d94bbe8430b7446f9e1252.segmented.glb,1423980,d71cb8ac15375ad3b242e0d664da7f9b6b593790b9779c7f6eb23419fb1a20ff
278,C063__S03__storage_bench__texverse__abee7cf2d44144b491f0dc277aacaf0e_1024,C063,storage_bench,3,texverse,abee7cf2d44144b491f0dc277aacaf0e_1024,/mnt/zsn/lyb/arti-skill/exp/artiverse_n5_uniform_studio_256_v1/storage_bench/texverse/abee7cf2d44144b491f0dc277aacaf0e_1024/imgs/000.png,84407,e4c61516dd69bdf3a9251a21d8b6369507b31687916dab294e7135d6c8f3357a,2869,texverse,data/storage_bench/texverse/abee7cf2d44144b491f0dc277aacaf0e_1024,13f5e4b296cfba6ac26f0d9861e43174f61f1bfc5040779a71286d153e602a43,/mnt/zsn/lyb/arti-skill/exp/artiverse/data/storage_bench/texverse/abee7cf2d44144b491f0dc277aacaf0e_1024/abee7cf2d44144b491f0dc277aacaf0e_1024.segmented.glb,1132784,41f5223ba7f1b98446d5d8563e755ea13fb51cacca1102c6836f52ddeff298a6
279,C063__S04__storage_bench__3dw__78f36e7c5186dcc9797b1c67d57d4713,C063,storage_bench,4,3dw,78f36e7c5186dcc9797b1c67d57d4713,/mnt/zsn/lyb/arti-skill/exp/artiverse_n5_uniform_studio_256_v1/storage_bench/3dw/78f36e7c5186dcc9797b1c67d57d4713/imgs/000.png,89137,27797f24174b380c7f6ad15f4ae7e63b034f1ea5ef1cc9563d516d915a962d11,2842,3dw,data/storage_bench/3dw/78f36e7c5186dcc9797b1c67d57d4713,1552e00900369382eaeae1308691db73ab9795be02ea247b6dc5560eec532175,/mnt/zsn/lyb/arti-skill/exp/artiverse/data/storage_bench/3dw/78f36e7c5186dcc9797b1c67d57d4713/78f36e7c5186dcc9797b1c67d57d4713.segmented.glb,5161092,c2b0e778953acddc383d18c8de36947220fb3ceddaac95da4c1099c7d119d428
280,C063__S05__storage_bench__fpModel__9caeb820d7c3db1172a820e63dbd3896b4913099,C063,storage_bench,5,fpModel,9caeb820d7c3db1172a820e63dbd3896b4913099,/mnt/zsn/lyb/arti-skill/exp/artiverse_n5_uniform_studio_256_v1/storage_bench/fpModel/9caeb820d7c3db1172a820e63dbd3896b4913099/imgs/000.png,76916,6ffd88eaa5d9de8e1cbc1867f97b0f46991bea6900b8ec9c73cfda238e20a931,2854,fpModel,data/storage_bench/fpModel/9caeb820d7c3db1172a820e63dbd3896b4913099,1644b2c5ba521771d30521d0990c0a5dd2d0c6a75297609d0f4c432ed0466c2e,/mnt/zsn/lyb/arti-skill/exp/artiverse/data/storage_bench/fpModel/9caeb820d7c3db1172a820e63dbd3896b4913099/9caeb820d7c3db1172a820e63dbd3896b4913099.segmented.glb,5509804,b7ad02bc6a2f61a3e35bad3a4495b9341f55831af694b26498e7a5fae97b926a
281,C064__S01__storage_box__fpModel__40cb227e26c9274895a33bea0fe7ed2aa4414711,C064,storage_box,1,fpModel,40cb227e26c9274895a33bea0fe7ed2aa4414711,/mnt/zsn/lyb/arti-skill/exp/artiverse_n5_uniform_studio_256_v1/storage_box/fpModel/40cb227e26c9274895a33bea0fe7ed2aa4414711/imgs/000.png,86372,154aed6f1d8db3970cf550abef19ff034bae2e408f671bb67ebec0273278f260,2874,fpModel,data/storage_box/fpModel/40cb227e26c9274895a33bea0fe7ed2aa4414711,55620e43f6b51902631ea900222b4b0063426bf374f38223d1853a44aa99b238,/mnt/zsn/lyb/arti-skill/exp/artiverse/data/storage_box/fpModel/40cb227e26c9274895a33bea0fe7ed2aa4414711/40cb227e26c9274895a33bea0fe7ed2aa4414711.segmented.glb,7172124,2ee2acd8bc691eb8a5f21a178056451f70dd735a788366e42de41932606cb635
282,C064__S02__storage_box__fpModel__7f8a0cd7af3f9752389a3615b62da6d803ef7d67,C064,storage_box,2,fpModel,7f8a0cd7af3f9752389a3615b62da6d803ef7d67,/mnt/zsn/lyb/arti-skill/exp/artiverse_n5_uniform_studio_256_v1/storage_box/fpModel/7f8a0cd7af3f9752389a3615b62da6d803ef7d67/imgs/000.png,90604,4ca8e4648da73bff738e2d2b51b93b7e624a9e6c734946fce2bfc7050cd09765,2875,fpModel,data/storage_box/fpModel/7f8a0cd7af3f9752389a3615b62da6d803ef7d67,6744b2611361d4acb8d556034a9ebae2d726748cdb7da36f2cd143d70e1d5b3c,/mnt/zsn/lyb/arti-skill/exp/artiverse/data/storage_box/fpModel/7f8a0cd7af3f9752389a3615b62da6d803ef7d67/7f8a0cd7af3f9752389a3615b62da6d803ef7d67.segmented.glb,2001380,09b54ee23dd4cb871afd4a215cd398e263f51f3a5a7eca9bf85efcfcaac908c1
283,C065__S01__storage_chest__3dw__44c51d3aa574d74ce5243deefb5f99eb,C065,storage_chest,1,3dw,44c51d3aa574d74ce5243deefb5f99eb,/mnt/zsn/lyb/arti-skill/exp/artiverse_n5_uniform_studio_256_v1/storage_chest/3dw/44c51d3aa574d74ce5243deefb5f99eb/imgs/000.png,91270,6253efaf0a59158928dc6075946a8ec006f6d3ebcfc898c1a8b38d05aa9f2fea,2877,3dw,data/storage_chest/3dw/44c51d3aa574d74ce5243deefb5f99eb,4a9770405ec61a8f245e60fbec1adeecd6548268e28b1ec060a6848abb6fa7e0,/mnt/zsn/lyb/arti-skill/exp/artiverse/data/storage_chest/3dw/44c51d3aa574d74ce5243deefb5f99eb/44c51d3aa574d74ce5243deefb5f99eb.segmented.glb,447432,af5ac8764dc1ff105897cffe634af2b64e3d2f235deb756ed4636672c53f20cb
284,C065__S02__storage_chest__3dw__8a3995e713324261a09112055ca4f224,C065,storage_chest,2,3dw,8a3995e713324261a09112055ca4f224,/mnt/zsn/lyb/arti-skill/exp/artiverse_n5_uniform_studio_256_v1/storage_chest/3dw/8a3995e713324261a09112055ca4f224/imgs/000.png,90838,f79a75d727115881a9bff3bf5eda3cf8449fbbba78f973c50ea398a0c8121c27,2879,3dw,data/storage_chest/3dw/8a3995e713324261a09112055ca4f224,8240183d37dc9390b8e9067bcf1b6e817f8a8ffbdf35c8d27afba7bf29e4d469,/mnt/zsn/lyb/arti-skill/exp/artiverse/data/storage_chest/3dw/8a3995e713324261a09112055ca4f224/8a3995e713324261a09112055ca4f224.segmented.glb,2630092,fc1117332a90c2eaca8a24f47e06eb8e978a5c3a119430f85a9e9f36041288d7
285,C065__S03__storage_chest__texverse__f769fe9dcf3744ccbed289115ed7b9d3_1024,C065,storage_chest,3,texverse,f769fe9dcf3744ccbed289115ed7b9d3_1024,/mnt/zsn/lyb/arti-skill/exp/artiverse_n5_uniform_studio_256_v1/storage_chest/texverse/f769fe9dcf3744ccbed289115ed7b9d3_1024/imgs/000.png,96883,7db58445fcd1dd752f784322a21683916a20b6ecaaec2611b3c56669b64d7a2f,2884,texverse,data/storage_chest/texverse/f769fe9dcf3744ccbed289115ed7b9d3_1024,990b85ad49eb5cffac40e340a07dcddbbdc8574d85e7632d389295865bea6594,/mnt/zsn/lyb/arti-skill/exp/artiverse/data/storage_chest/texverse/f769fe9dcf3744ccbed289115ed7b9d3_1024/f769fe9dcf3744ccbed289115ed7b9d3_1024.segmented.glb,5037572,a12124075084740980c2747f76510557d4550a5a51c757e126879a592913693c
286,C065__S04__storage_chest__3dw__331568becc7596285257428a7d0621fc,C065,storage_chest,4,3dw,331568becc7596285257428a7d0621fc,/mnt/zsn/lyb/arti-skill/exp/artiverse_n5_uniform_studio_256_v1/storage_chest/3dw/331568becc7596285257428a7d0621fc/imgs/000.png,85989,40bb0350d394466d5f23f049a0337de4cd20935bff895bbe5971beef7a5170ca,2876,3dw,data/storage_chest/3dw/331568becc7596285257428a7d0621fc,ace18c63eef2748e154d933b49ac53daed6e6b25a0900fde515c64896a86b5e6,/mnt/zsn/lyb/arti-skill/exp/artiverse/data/storage_chest/3dw/331568becc7596285257428a7d0621fc/331568becc7596285257428a7d0621fc.segmented.glb,731772,59749e7d599353403616c04218dd6878d975dba4340c38ad23faa715a3864db0
287,C065__S05__storage_chest__texverse__1a0d7fde846e411d8497b1819e982301_1024,C065,storage_chest,5,texverse,1a0d7fde846e411d8497b1819e982301_1024,/mnt/zsn/lyb/arti-skill/exp/artiverse_n5_uniform_studio_256_v1/storage_chest/texverse/1a0d7fde846e411d8497b1819e982301_1024/imgs/000.png,99467,c3447802c3a52e23129ce6d10a336d41e0ad929780629242d0ea31a2335e29d3,2882,texverse,data/storage_chest/texverse/1a0d7fde846e411d8497b1819e982301_1024,cb422f208584f005c3d54d54e9ce14300d8971090388145582d1d125da893ef8,/mnt/zsn/lyb/arti-skill/exp/artiverse/data/storage_chest/texverse/1a0d7fde846e411d8497b1819e982301_1024/1a0d7fde846e411d8497b1819e982301_1024.segmented.glb,2088960,a24cc74ef66f0b7f80f167d6e2d57ed7c9f1a83c7c8f4e6de2729fd7af2e6a56
288,C066__S01__stroller__objaverse__2d5a44bcd0f64721a1aee3f1ab4f278f,C066,stroller,1,objaverse,2d5a44bcd0f64721a1aee3f1ab4f278f,/mnt/zsn/lyb/arti-skill/exp/artiverse_n5_uniform_studio_256_v1/stroller/objaverse/2d5a44bcd0f64721a1aee3f1ab4f278f/imgs/000.png,88273,0a5684d0405fce4ae2b85a9208abc4f7addbaaa2d11a50528538557ea0d24051,2886,objaverse,data/stroller/objaverse/2d5a44bcd0f64721a1aee3f1ab4f278f,aad8ed4d6ee257f75a001e726cfc1a6e52f043b1bd43ff3b3bacfc3afacb7174,/mnt/zsn/lyb/arti-skill/exp/artiverse/data/stroller/objaverse/2d5a44bcd0f64721a1aee3f1ab4f278f/2d5a44bcd0f64721a1aee3f1ab4f278f.segmented.glb,6171408,2c38f5a93fdb61e28c6222fef69c66cb2f306b058793595a91a6d0cf0e414794
289,C066__S02__stroller__objaverse__5509c07994af4699b318b90d7b4e5f49,C066,stroller,2,objaverse,5509c07994af4699b318b90d7b4e5f49,/mnt/zsn/lyb/arti-skill/exp/artiverse_n5_uniform_studio_256_v1/stroller/objaverse/5509c07994af4699b318b90d7b4e5f49/imgs/000.png,82526,869dcf509be6ddb991ebd37df84c8fb0e3495eb73b9d1f9d489104e75100ed1d,2887,objaverse,data/stroller/objaverse/5509c07994af4699b318b90d7b4e5f49,dd29884bd9420ba24b869b8598227bbe9a1cb4b366340653ed9c9af3a87ce7a9,/mnt/zsn/lyb/arti-skill/exp/artiverse/data/stroller/objaverse/5509c07994af4699b318b90d7b4e5f49/5509c07994af4699b318b90d7b4e5f49.segmented.glb,6290276,c0cef7c6b96e730f6ce6dfa445363a1975056dad3f5cb596fb77f2a45f5775f8
290,C067__S01__suitcase__3dfModel__4fa2d85e-7cbf-4a3f-a642-043d3f037921,C067,suitcase,1,3dfModel,4fa2d85e-7cbf-4a3f-a642-043d3f037921,/mnt/zsn/lyb/arti-skill/exp/artiverse_n5_uniform_studio_256_v1/suitcase/3dfModel/4fa2d85e-7cbf-4a3f-a642-043d3f037921/imgs/000.png,74830,6304fcf9b48be572f9cb67a4c12d345b2d8c3be6d904887ce8e556ae0a6b10e9,2889,3dfModel,data/suitcase/3dfModel/4fa2d85e-7cbf-4a3f-a642-043d3f037921,010c17222b74820bc6f95515ad69cf0d307e0049f3b400bcf0a5a59c9b92dd51,/mnt/zsn/lyb/arti-skill/exp/artiverse/data/suitcase/3dfModel/4fa2d85e-7cbf-4a3f-a642-043d3f037921/4fa2d85e-7cbf-4a3f-a642-043d3f037921.segmented.glb,2165252,d64e2c2cb629b87d033ba4d7126d92ff41b51d1470eeb1ea9aa65d1d2b0606b0
291,C067__S02__suitcase__3dfModel__4377695f-3c78-481f-abce-3d769fba0505,C067,suitcase,2,3dfModel,4377695f-3c78-481f-abce-3d769fba0505,/mnt/zsn/lyb/arti-skill/exp/artiverse_n5_uniform_studio_256_v1/suitcase/3dfModel/4377695f-3c78-481f-abce-3d769fba0505/imgs/000.png,78359,3de09ba103085f7fd4855470c13699b9a46baf1d1aa756180dc75e2bf87de413,2888,3dfModel,data/suitcase/3dfModel/4377695f-3c78-481f-abce-3d769fba0505,159634e260277d2fd4bba7ea451d24fc96fbe16f11e40767d7d9a686f8718e97,/mnt/zsn/lyb/arti-skill/exp/artiverse/data/suitcase/3dfModel/4377695f-3c78-481f-abce-3d769fba0505/4377695f-3c78-481f-abce-3d769fba0505.segmented.glb,2771216,4d40f863cb53edf983656c4b48cb00d8c96ac8ea4233b3e4b9b408add36c3bc9
292,C067__S03__suitcase__3dfModel__8fd7e9dd-458d-4c34-8ee4-69db7ae7d7f4,C067,suitcase,3,3dfModel,8fd7e9dd-458d-4c34-8ee4-69db7ae7d7f4,/mnt/zsn/lyb/arti-skill/exp/artiverse_n5_uniform_studio_256_v1/suitcase/3dfModel/8fd7e9dd-458d-4c34-8ee4-69db7ae7d7f4/imgs/000.png,75714,8a856a904c834f05737b3d638bc74ecc9b5d25461b2653fd0945010bf2ee7998,2890,3dfModel,data/suitcase/3dfModel/8fd7e9dd-458d-4c34-8ee4-69db7ae7d7f4,9272e30a78264c56167800e5c5a2138fe6a7173f12a4f7d6d492fa353dae9dd6,/mnt/zsn/lyb/arti-skill/exp/artiverse/data/suitcase/3dfModel/8fd7e9dd-458d-4c34-8ee4-69db7ae7d7f4/8fd7e9dd-458d-4c34-8ee4-69db7ae7d7f4.segmented.glb,1742064,bf2beb0080b014fcf4b3684dbfbc70d0563a3e027992231a5f06643de52ee0c9
293,C067__S04__suitcase__fpModel__5ef09f29b1735417f0cc07d8ec573a6102e583cf,C067,suitcase,4,fpModel,5ef09f29b1735417f0cc07d8ec573a6102e583cf,/mnt/zsn/lyb/arti-skill/exp/artiverse_n5_uniform_studio_256_v1/suitcase/fpModel/5ef09f29b1735417f0cc07d8ec573a6102e583cf/imgs/000.png,73139,edae53c782c450bd17243236649f71ec713346ecf0c1f2102775aabe87ede148,2892,fpModel,data/suitcase/fpModel/5ef09f29b1735417f0cc07d8ec573a6102e583cf,d20b0f205601828e453d3425ecf71202f21d8b3ca6185cb67235ede46436ae9c,/mnt/zsn/lyb/arti-skill/exp/artiverse/data/suitcase/fpModel/5ef09f29b1735417f0cc07d8ec573a6102e583cf/5ef09f29b1735417f0cc07d8ec573a6102e583cf.segmented.glb,1235108,dacfd91ebc8d6371b02efa37cad9bae231e4bb728fced0b8e3a30f6d2bd9543f
294,C067__S05__suitcase__3dw__dd8c4fc3-fc42-4a73-9edc-8d870ab712f5,C067,suitcase,5,3dw,dd8c4fc3-fc42-4a73-9edc-8d870ab712f5,/mnt/zsn/lyb/arti-skill/exp/artiverse_n5_uniform_studio_256_v1/suitcase/3dw/dd8c4fc3-fc42-4a73-9edc-8d870ab712f5/imgs/000.png,87464,7f8e9e93a17f8ce9fae3827d879c9a79e2b5873b3592652fe81f83a024467fc1,2891,3dw,data/suitcase/3dw/dd8c4fc3-fc42-4a73-9edc-8d870ab712f5,ed0186a753d648096eff73f8fefb0c02f121188e1b988500bb771277f0a868e0,/mnt/zsn/lyb/arti-skill/exp/artiverse/data/suitcase/3dw/dd8c4fc3-fc42-4a73-9edc-8d870ab712f5/dd8c4fc3-fc42-4a73-9edc-8d870ab712f5.segmented.glb,4558252,14814c26b7952bb065b4a39674c77152a07c62d6eca04796a093843887558346
295,C068__S01__switch__3dw__577b2611f97ec03f985620cba44cf716,C068,switch,1,3dw,577b2611f97ec03f985620cba44cf716,/mnt/zsn/lyb/arti-skill/exp/artiverse_n5_uniform_studio_256_v1/switch/3dw/577b2611f97ec03f985620cba44cf716/imgs/000.png,68261,6b6295dfcc994a91b70cd8954405dae46832ca36ad3780fead5099ae7fdbb1d0,2900,3dw,data/switch/3dw/577b2611f97ec03f985620cba44cf716,05079a8c36a29b6524e3ae6fe2076cc3a9c3a8d246d387513ec8946de445e8ae,/mnt/zsn/lyb/arti-skill/exp/artiverse/data/switch/3dw/577b2611f97ec03f985620cba44cf716/577b2611f97ec03f985620cba44cf716.segmented.glb,9216,774fb903fbbe7ddad9bb7445947a20aed5be2cef85d4122c5ab2694c5d754dca
296,C068__S02__switch__3dw__108289cda3d77a067ce2739c15b933e3,C068,switch,2,3dw,108289cda3d77a067ce2739c15b933e3,/mnt/zsn/lyb/arti-skill/exp/artiverse_n5_uniform_studio_256_v1/switch/3dw/108289cda3d77a067ce2739c15b933e3/imgs/000.png,69456,2f24f06f5646b70a822d01c7a470b383fc23f279f57fd4d1e581d9fb2cc9548f,2893,3dw,data/switch/3dw/108289cda3d77a067ce2739c15b933e3,0788143fbcc56bb9ca64aca1db512e4014d9ad84a271a942affba489207982ec,/mnt/zsn/lyb/arti-skill/exp/artiverse/data/switch/3dw/108289cda3d77a067ce2739c15b933e3/108289cda3d77a067ce2739c15b933e3.segmented.glb,6184,983b046447e8635229320c47b32fdfb86540641126ec29db78d8b66ddc409f07
297,C068__S03__switch__3dw__ba542f7e9bc0ddf638fd0c717440517a,C068,switch,3,3dw,ba542f7e9bc0ddf638fd0c717440517a,/mnt/zsn/lyb/arti-skill/exp/artiverse_n5_uniform_studio_256_v1/switch/3dw/ba542f7e9bc0ddf638fd0c717440517a/imgs/000.png,77578,4cbae81a6c94bb05c34a826036ab096d72eb29f5ca1da7f7e79b0b7c82111e0e,2916,3dw,data/switch/3dw/ba542f7e9bc0ddf638fd0c717440517a,08c26adfffafadcf71de60a375c9053d1522cf338ed5443bd5eac19e5738f142,/mnt/zsn/lyb/arti-skill/exp/artiverse/data/switch/3dw/ba542f7e9bc0ddf638fd0c717440517a/ba542f7e9bc0ddf638fd0c717440517a.segmented.glb,1448532,f4b925002fbb6713c0a61eed54cbfae89c151bb3aa86b38a795a1beab7b1579f
298,C068__S04__switch__3dw__21cc8f0141ab8b5815857104a260dcac,C068,switch,4,3dw,21cc8f0141ab8b5815857104a260dcac,/mnt/zsn/lyb/arti-skill/exp/artiverse_n5_uniform_studio_256_v1/switch/3dw/21cc8f0141ab8b5815857104a260dcac/imgs/000.png,82713,f79c0e37e7519e12989917aa051f490ab1c3c8e72ad6bca14c649a3e8359eed6,2896,3dw,data/switch/3dw/21cc8f0141ab8b5815857104a260dcac,1255c9bd65bb8fd3e09e348d57c9cd994261bd7cabe01c14f76e23da37915f71,/mnt/zsn/lyb/arti-skill/exp/artiverse/data/switch/3dw/21cc8f0141ab8b5815857104a260dcac/21cc8f0141ab8b5815857104a260dcac.segmented.glb,685664,64b76e81b427dbe171bd537a9dcc47e42df7a40f2143acfb5e1ba0e6b4e36045
299,C068__S05__switch__3dw__9934b6b834469339b821dc7106eeeca5,C068,switch,5,3dw,9934b6b834469339b821dc7106eeeca5,/mnt/zsn/lyb/arti-skill/exp/artiverse_n5_uniform_studio_256_v1/switch/3dw/9934b6b834469339b821dc7106eeeca5/imgs/000.png,79025,ce4d7cdaf2ecd7a894168b5f77cde159f07c68c732f557b5019a210ac6a84384,2909,3dw,data/switch/3dw/9934b6b834469339b821dc7106eeeca5,12ba7a28d541f28be8fad42f38bb3fafa1c71237f33d396adccbabd9e44466e8,/mnt/zsn/lyb/arti-skill/exp/artiverse/data/switch/3dw/9934b6b834469339b821dc7106eeeca5/9934b6b834469339b821dc7106eeeca5.segmented.glb,255592,a994b17d5176c28a771cc789ff81d3fb8f5768a6fe3b15b75d453f89bf8f468c
300,C069__S01__swivel_chair__fpModel__09a82cbac5a2f83d40bfcab2f69db7f1d22b3466,C069,swivel_chair,1,fpModel,09a82cbac5a2f83d40bfcab2f69db7f1d22b3466,/mnt/zsn/lyb/arti-skill/exp/artiverse_n5_uniform_studio_256_v1/swivel_chair/fpModel/09a82cbac5a2f83d40bfcab2f69db7f1d22b3466/imgs/000.png,81143,0270488b922b2b0bc90f22ae40bd395bd65ae245c66ce52f404eaad1b3fcf1ce,2932,fpModel,data/swivel_chair/fpModel/09a82cbac5a2f83d40bfcab2f69db7f1d22b3466,3987f25310825570331a5e965482c8ab74201dd4c4df429b7e5a69b5de2bc404,/mnt/zsn/lyb/arti-skill/exp/artiverse/data/swivel_chair/fpModel/09a82cbac5a2f83d40bfcab2f69db7f1d22b3466/09a82cbac5a2f83d40bfcab2f69db7f1d22b3466.segmented.glb,3749420,0de3342c784efbeca9698f1442faf3b5a21e45ffd8e1d346d6411918db154047
301,C069__S02__swivel_chair__3dfModel__0e13d9b7-7f11-3b4c-b59e-00b3de772847,C069,swivel_chair,2,3dfModel,0e13d9b7-7f11-3b4c-b59e-00b3de772847,/mnt/zsn/lyb/arti-skill/exp/artiverse_n5_uniform_studio_256_v1/swivel_chair/3dfModel/0e13d9b7-7f11-3b4c-b59e-00b3de772847/imgs/000.png,87719,0393ec4f4f5592256a9ab141a21c354f1dbecdeaa527d0c57a7c829088bb4755,2930,3dfModel,data/swivel_chair/3dfModel/0e13d9b7-7f11-3b4c-b59e-00b3de772847,74e86d46d0c6cbadf2e89989592bf7c08fdef8f96baf2d1ae78879deed66eb28,/mnt/zsn/lyb/arti-skill/exp/artiverse/data/swivel_chair/3dfModel/0e13d9b7-7f11-3b4c-b59e-00b3de772847/0e13d9b7-7f11-3b4c-b59e-00b3de772847.segmented.glb,1187984,22292d11bf80e6ccedff7b24d33aebdebbbdbfc704b67b1538afd3d627616a53
302,C069__S03__swivel_chair__fpModel__0b2e5dda4ef3386ec6b001496b952db45e614c0d,C069,swivel_chair,3,fpModel,0b2e5dda4ef3386ec6b001496b952db45e614c0d,/mnt/zsn/lyb/arti-skill/exp/artiverse_n5_uniform_studio_256_v1/swivel_chair/fpModel/0b2e5dda4ef3386ec6b001496b952db45e614c0d/imgs/000.png,81615,55a2d412dd6270ba300512f05249dd2c75bd9262d65f56cd4494ad0d5ce01149,2933,fpModel,data/swivel_chair/fpModel/0b2e5dda4ef3386ec6b001496b952db45e614c0d,a32b8d997adb51a0ebbc93f17b608063257efc31ea8956a53ae31ab8a03781cd,/mnt/zsn/lyb/arti-skill/exp/artiverse/data/swivel_chair/fpModel/0b2e5dda4ef3386ec6b001496b952db45e614c0d/0b2e5dda4ef3386ec6b001496b952db45e614c0d.segmented.glb,3561836,46a39474ff62389f79f3c28a88be1b423a010f424bc15cc4a55ed1ea857a5791
303,C069__S04__swivel_chair__3dfModel__1555ff47-5b66-4808-af99-232f3dad61c7,C069,swivel_chair,4,3dfModel,1555ff47-5b66-4808-af99-232f3dad61c7,/mnt/zsn/lyb/arti-skill/exp/artiverse_n5_uniform_studio_256_v1/swivel_chair/3dfModel/1555ff47-5b66-4808-af99-232f3dad61c7/imgs/000.png,81936,0c13cf559b18d7074e226094784112d263c7a99f086ebd33164098e0dedbf99a,2931,3dfModel,data/swivel_chair/3dfModel/1555ff47-5b66-4808-af99-232f3dad61c7,b4ed9b6b69d7c32c51843de5bfeb939421b950c77915a3c825f7498070a12f95,/mnt/zsn/lyb/arti-skill/exp/artiverse/data/swivel_chair/3dfModel/1555ff47-5b66-4808-af99-232f3dad61c7/1555ff47-5b66-4808-af99-232f3dad61c7.segmented.glb,2233632,629f36ad7444663ffec6e17f821084c799bb0cc20438d832088a4c8d00313be5
304,C069__S05__swivel_chair__fpModel__d743452f4095e000452c64ba89f0b3fd0c9fbbaa,C069,swivel_chair,5,fpModel,d743452f4095e000452c64ba89f0b3fd0c9fbbaa,/mnt/zsn/lyb/arti-skill/exp/artiverse_n5_uniform_studio_256_v1/swivel_chair/fpModel/d743452f4095e000452c64ba89f0b3fd0c9fbbaa/imgs/000.png,86979,a62b33fe7a32dfb84d5d41c2c05c73c5919037e4bbbc4ffd4715eeb5bef9d278,2936,fpModel,data/swivel_chair/fpModel/d743452f4095e000452c64ba89f0b3fd0c9fbbaa,bd5452f8a156b86c8d195f4d55f502aa2124e30fa9eafb0a0581193408645535,/mnt/zsn/lyb/arti-skill/exp/artiverse/data/swivel_chair/fpModel/d743452f4095e000452c64ba89f0b3fd0c9fbbaa/d743452f4095e000452c64ba89f0b3fd0c9fbbaa.segmented.glb,4524460,0d76973a6699b6b07a6d0cd96f931aeffc3eae8611ae2db610cadc1add68fd77
305,C070__S01__table_lamp__3dw__5596c3615bdbbbdacdce89632859463,C070,table_lamp,1,3dw,5596c3615bdbbbdacdce89632859463,/mnt/zsn/lyb/arti-skill/exp/artiverse_n5_uniform_studio_256_v1/table_lamp/3dw/5596c3615bdbbbdacdce89632859463/imgs/000.png,72561,25b71d6bf6abf1d9a59c76e1728b7a70ecb752995bf33a036353e523af42f5a4,2938,3dw,data/table_lamp/3dw/5596c3615bdbbbdacdce89632859463,03ce9a1aaf2e786bdc9fb0ac9f9ef7a154462ed2b6acfd8f9f89cdadc9b88c05,/mnt/zsn/lyb/arti-skill/exp/artiverse/data/table_lamp/3dw/5596c3615bdbbbdacdce89632859463/5596c3615bdbbbdacdce89632859463.segmented.glb,1158792,8ad5ce061d3337b74b194d32930d336e6d51503930ed1b60e5aea0d14dc5ed3e
306,C070__S02__table_lamp__objaverse_xl__b6401cb21cd31cf6da1662bc1e9a04ab9aad5e7f244b94f9aec99a47b06f0366,C070,table_lamp,2,objaverse_xl,b6401cb21cd31cf6da1662bc1e9a04ab9aad5e7f244b94f9aec99a47b06f0366,/mnt/zsn/lyb/arti-skill/exp/artiverse_n5_uniform_studio_256_v1/table_lamp/objaverse_xl/b6401cb21cd31cf6da1662bc1e9a04ab9aad5e7f244b94f9aec99a47b06f0366/imgs/000.png,72237,6197d6ea8c96b9f800a7c0677d3feb713490b320e8ea37719668bca86eefcc24,2968,objaverse_xl,data/table_lamp/objaverse_xl/b6401cb21cd31cf6da1662bc1e9a04ab9aad5e7f244b94f9aec99a47b06f0366,10335a77e7de5cc36acc6ccd01a0876afc1af2323712eb6cf5fc5242aa4f0b36,/mnt/zsn/lyb/arti-skill/exp/artiverse/data/table_lamp/objaverse_xl/b6401cb21cd31cf6da1662bc1e9a04ab9aad5e7f244b94f9aec99a47b06f0366/b6401cb21cd31cf6da1662bc1e9a04ab9aad5e7f244b94f9aec99a47b06f0366.segmented.glb,3146600,381102bb5f3db971ab48bf87373be15a42e5305c8ccf354719de39cc42ada94a
307,C070__S03__table_lamp__wss__cf50c3fafc7b94e87eaeab1f0c9120b7,C070,table_lamp,3,wss,cf50c3fafc7b94e87eaeab1f0c9120b7,/mnt/zsn/lyb/arti-skill/exp/artiverse_n5_uniform_studio_256_v1/table_lamp/wss/cf50c3fafc7b94e87eaeab1f0c9120b7/imgs/000.png,70300,e6cd7c4c29dcb8f862eba3168010231d3fb22ab5efec6e12e76433c7f2e0fa41,2978,wss,data/table_lamp/wss/cf50c3fafc7b94e87eaeab1f0c9120b7,11577bd877f64d04d870d9fe0e36e391bb1ae6c24f86e59918ec079e2e0ea448,/mnt/zsn/lyb/arti-skill/exp/artiverse/data/table_lamp/wss/cf50c3fafc7b94e87eaeab1f0c9120b7/cf50c3fafc7b94e87eaeab1f0c9120b7.segmented.glb,1655612,5a93e7f649344b860ad308bcd4dcca985eec442b97f0ea37f35b549c2b4f0e70
308,C070__S04__table_lamp__objaverse_xl__739b44c61c5db652670ec03fa2a85717764497edacf3f018d1879940aecc42fd,C070,table_lamp,4,objaverse_xl,739b44c61c5db652670ec03fa2a85717764497edacf3f018d1879940aecc42fd,/mnt/zsn/lyb/arti-skill/exp/artiverse_n5_uniform_studio_256_v1/table_lamp/objaverse_xl/739b44c61c5db652670ec03fa2a85717764497edacf3f018d1879940aecc42fd/imgs/000.png,71677,348a33505e3c297be8d897815dfaa6810c3476bf9ba041ece903c43a24d86e18,2965,objaverse_xl,data/table_lamp/objaverse_xl/739b44c61c5db652670ec03fa2a85717764497edacf3f018d1879940aecc42fd,13fc1a2d019734c4bc3b1797d62b744d14f169acedd9b33343337bed55375b2c,/mnt/zsn/lyb/arti-skill/exp/artiverse/data/table_lamp/objaverse_xl/739b44c61c5db652670ec03fa2a85717764497edacf3f018d1879940aecc42fd/739b44c61c5db652670ec03fa2a85717764497edacf3f018d1879940aecc42fd.segmented.glb,76388,35c92f5e1baa5735caa958ae7e1f172b2bba1bcbf20a9a568405503c955cd30c
309,C070__S05__table_lamp__objaverse_xl__3dd646c3e11a3ade980287705212989862ba8d66a4e731737746b812c14980d2,C070,table_lamp,5,objaverse_xl,3dd646c3e11a3ade980287705212989862ba8d66a4e731737746b812c14980d2,/mnt/zsn/lyb/arti-skill/exp/artiverse_n5_uniform_studio_256_v1/table_lamp/objaverse_xl/3dd646c3e11a3ade980287705212989862ba8d66a4e731737746b812c14980d2/imgs/000.png,72160,8539bc6b8b4c44e03a04df99dace45061b2e6f133fc490b3834d56d9bed9759e,2962,objaverse_xl,data/table_lamp/objaverse_xl/3dd646c3e11a3ade980287705212989862ba8d66a4e731737746b812c14980d2,1bd361cae43b5e34e14a8e1486865167c3938f17053d55d2021a562668d52ef6,/mnt/zsn/lyb/arti-skill/exp/artiverse/data/table_lamp/objaverse_xl/3dd646c3e11a3ade980287705212989862ba8d66a4e731737746b812c14980d2/3dd646c3e11a3ade980287705212989862ba8d66a4e731737746b812c14980d2.segmented.glb,1970872,6a4bbc64dc67dbcce80195590fccee8db53681ecda747e4e8106efaa25342d0b
310,C071__S01__tabletop_clock__fpModel__d1a70d769420b582d349243fabf32b18844ebf0e,C071,tabletop_clock,1,fpModel,d1a70d769420b582d349243fabf32b18844ebf0e,/mnt/zsn/lyb/arti-skill/exp/artiverse_n5_uniform_studio_256_v1/tabletop_clock/fpModel/d1a70d769420b582d349243fabf32b18844ebf0e/imgs/000.png,74002,b29699e1d3bcb213057c2d67e7f7560ef3c4f9d204bee73914639899435f367c,2997,fpModel,data/tabletop_clock/fpModel/d1a70d769420b582d349243fabf32b18844ebf0e,2b241b3c84ce47befbe9ab7f0dc05613d2c8c26957d9e7a3d9fac5a8551ee0ef,/mnt/zsn/lyb/arti-skill/exp/artiverse/data/tabletop_clock/fpModel/d1a70d769420b582d349243fabf32b18844ebf0e/d1a70d769420b582d349243fabf32b18844ebf0e.segmented.glb,403012,b712cc9cbdb2134349f110ad2450842685bb0601fded5404ee2150643e8c68bb
311,C071__S02__tabletop_clock__3dw__5232b8eb845971a08d916bd833e92ece,C071,tabletop_clock,2,3dw,5232b8eb845971a08d916bd833e92ece,/mnt/zsn/lyb/arti-skill/exp/artiverse_n5_uniform_studio_256_v1/tabletop_clock/3dw/5232b8eb845971a08d916bd833e92ece/imgs/000.png,78645,f221306c7c6599718539584a0bda1c20b5e8224e129b994d67a71767215ae3dd,2980,3dw,data/tabletop_clock/3dw/5232b8eb845971a08d916bd833e92ece,2fc06fa02f3a5d039d5015faa84d2964a90260afe54dc18981aae091cedbce53,/mnt/zsn/lyb/arti-skill/exp/artiverse/data/tabletop_clock/3dw/5232b8eb845971a08d916bd833e92ece/5232b8eb845971a08d916bd833e92ece.segmented.glb,34880,85159caebe9167b20d49d75ee299b13ca5106af07dba4206d7a173ce56b4f5e1
312,C071__S03__tabletop_clock__3dw__5f74b6b0bea3b292469d10b8ac646ae9,C071,tabletop_clock,3,3dw,5f74b6b0bea3b292469d10b8ac646ae9,/mnt/zsn/lyb/arti-skill/exp/artiverse_n5_uniform_studio_256_v1/tabletop_clock/3dw/5f74b6b0bea3b292469d10b8ac646ae9/imgs/000.png,84423,7b343e30818f0c606eada33f90a1b01225f35f0a82b231e4396df0cd9cf5348c,2981,3dw,data/tabletop_clock/3dw/5f74b6b0bea3b292469d10b8ac646ae9,3d57346ee8a1675620d0e187bcbc84940097a861d0b16715401401a772a73cda,/mnt/zsn/lyb/arti-skill/exp/artiverse/data/tabletop_clock/3dw/5f74b6b0bea3b292469d10b8ac646ae9/5f74b6b0bea3b292469d10b8ac646ae9.segmented.glb,4697984,7315a575c7e81016f215cbde319f61885d4f8b1b647ed3c685fa5bc7c54dcea0
313,C071__S04__tabletop_clock__fpModel__c4d2556b341f612e226156792dff2eb13d752ca0,C071,tabletop_clock,4,fpModel,c4d2556b341f612e226156792dff2eb13d752ca0,/mnt/zsn/lyb/arti-skill/exp/artiverse_n5_uniform_studio_256_v1/tabletop_clock/fpModel/c4d2556b341f612e226156792dff2eb13d752ca0/imgs/000.png,75382,8f6374a2a4137b76b7e9efe57c782a1a003f248596df6bbe88074d55de81379c,2995,fpModel,data/tabletop_clock/fpModel/c4d2556b341f612e226156792dff2eb13d752ca0,3dbac9b34fc464bfc2af989d47ec47415df3c321f998f4b6e56870b3384f659e,/mnt/zsn/lyb/arti-skill/exp/artiverse/data/tabletop_clock/fpModel/c4d2556b341f612e226156792dff2eb13d752ca0/c4d2556b341f612e226156792dff2eb13d752ca0.segmented.glb,1088484,4a706403b9e863d1a7150b96f0ec78af7832f37b803d24b4a87705f977317f1f
314,C071__S05__tabletop_clock__fpModel__6c1af528c8424b3c09a8284f27f4dfd96c4a8a56,C071,tabletop_clock,5,fpModel,6c1af528c8424b3c09a8284f27f4dfd96c4a8a56,/mnt/zsn/lyb/arti-skill/exp/artiverse_n5_uniform_studio_256_v1/tabletop_clock/fpModel/6c1af528c8424b3c09a8284f27f4dfd96c4a8a56/imgs/000.png,79406,048c0eccfae86b3633ee3ea23d70f8c8f58e1cb303f1627912e9f8bf142a8990,2991,fpModel,data/tabletop_clock/fpModel/6c1af528c8424b3c09a8284f27f4dfd96c4a8a56,5b727fcbd1a212136004f9ccd00e928cfab82d8e62673188b87ad79277e45a0d,/mnt/zsn/lyb/arti-skill/exp/artiverse/data/tabletop_clock/fpModel/6c1af528c8424b3c09a8284f27f4dfd96c4a8a56/6c1af528c8424b3c09a8284f27f4dfd96c4a8a56.segmented.glb,1614372,042293083eae4772d2374ebd2fd5e17fb5bbd4022b939329d68ad5d9bc3949ba
315,C072__S01__telescoping_ladder__objaverse__661640e69756489497639560ca0393b0,C072,telescoping_ladder,1,objaverse,661640e69756489497639560ca0393b0,/mnt/zsn/lyb/arti-skill/exp/artiverse_n5_uniform_studio_256_v1/telescoping_ladder/objaverse/661640e69756489497639560ca0393b0/imgs/000.png,67334,f9996eb09c75086940956d0ac6ff4b6473c15b2aef92a74a344fcb0094e822d9,3006,objaverse,data/telescoping_ladder/objaverse/661640e69756489497639560ca0393b0,0a6cd551072528af367487b26e4e025651850d6ee49dda5bd2bbdf1fd2037e92,/mnt/zsn/lyb/arti-skill/exp/artiverse/data/telescoping_ladder/objaverse/661640e69756489497639560ca0393b0/661640e69756489497639560ca0393b0.segmented.glb,1171272,9b059b1699610e0c8570794393ca6a98a6bf1bf0c6a827a7b0ad848d922dd3ab
316,C072__S02__telescoping_ladder__objaverse__c2d8bcbaddd548eda03feadaea6e9d3e,C072,telescoping_ladder,2,objaverse,c2d8bcbaddd548eda03feadaea6e9d3e,/mnt/zsn/lyb/arti-skill/exp/artiverse_n5_uniform_studio_256_v1/telescoping_ladder/objaverse/c2d8bcbaddd548eda03feadaea6e9d3e/imgs/000.png,76017,212194a349e5e48d1c2a4d24919fa71fcbcb2a3eea8a5993aaf9663c1f8671d9,3007,objaverse,data/telescoping_ladder/objaverse/c2d8bcbaddd548eda03feadaea6e9d3e,ae2300d47fe9a86f527317cefe897a77957e019e998b332c781d600a1fa94eaf,/mnt/zsn/lyb/arti-skill/exp/artiverse/data/telescoping_ladder/objaverse/c2d8bcbaddd548eda03feadaea6e9d3e/c2d8bcbaddd548eda03feadaea6e9d3e.segmented.glb,5143304,93cde92cd9545e719eac43d1ba844761674fb765803c2c0e49e1d3789061281b
317,C072__S03__telescoping_ladder__3dw__674497ca0864fd9725ca190f5c84416f,C072,telescoping_ladder,3,3dw,674497ca0864fd9725ca190f5c84416f,/mnt/zsn/lyb/arti-skill/exp/artiverse_n5_uniform_studio_256_v1/telescoping_ladder/3dw/674497ca0864fd9725ca190f5c84416f/imgs/000.png,70196,56d20621357b7c311d48288bb29b68e1c63e20565a1e3eb98b049bf54ac7d22a,3005,3dw,data/telescoping_ladder/3dw/674497ca0864fd9725ca190f5c84416f,da6adccd97874e2dfe8a518683ad03ae7383523e8d7576c6e9116080c829249e,/mnt/zsn/lyb/arti-skill/exp/artiverse/data/telescoping_ladder/3dw/674497ca0864fd9725ca190f5c84416f/674497ca0864fd9725ca190f5c84416f.segmented.glb,82376,8c3af94363ab7435e325b7e5e21a2d395abb01e00e2770c83948fe3418a03e4d
318,C073__S01__toaster__objaverse__9662f5cc6cf6456292613d8c5075fcfb,C073,toaster,1,objaverse,9662f5cc6cf6456292613d8c5075fcfb,/mnt/zsn/lyb/arti-skill/exp/artiverse_n5_uniform_studio_256_v1/toaster/objaverse/9662f5cc6cf6456292613d8c5075fcfb/imgs/000.png,76783,a1d0296c0a2be8c0ec70dbf58416ad0af89f875f8e5a48577633dabe8df4fb86,3012,objaverse,data/toaster/objaverse/9662f5cc6cf6456292613d8c5075fcfb,1083a917cfadb5ed2ba262e06740c12b4c2d56608c7c54ae514fec4e2c69db8b,/mnt/zsn/lyb/arti-skill/exp/artiverse/data/toaster/objaverse/9662f5cc6cf6456292613d8c5075fcfb/9662f5cc6cf6456292613d8c5075fcfb.segmented.glb,42472,d0015d18e2c2b552a3e2da7851d4e11edd938ff4c51fe3ad969056f8158efe7a
319,C073__S02__toaster__objaverse__37e9755326084ef294581d17acdeb4c4,C073,toaster,2,objaverse,37e9755326084ef294581d17acdeb4c4,/mnt/zsn/lyb/arti-skill/exp/artiverse_n5_uniform_studio_256_v1/toaster/objaverse/37e9755326084ef294581d17acdeb4c4/imgs/000.png,81109,75d8c2f5f67715896fa3fd79fb48d7824de75d14ec9fac98514f3869a667f2ab,3011,objaverse,data/toaster/objaverse/37e9755326084ef294581d17acdeb4c4,263c4c1896f4e424413b9a27186014f62fc245c2c064a7f2b5e4b6a44ee79f34,/mnt/zsn/lyb/arti-skill/exp/artiverse/data/toaster/objaverse/37e9755326084ef294581d17acdeb4c4/37e9755326084ef294581d17acdeb4c4.segmented.glb,322384,077e3fff9688f09c9c9933b427ded813a8e6ef003bd3d08941885f7acae0a63a
320,C073__S03__toaster__texverse__1a19f19a9e074d7da574551d54051789_1024,C073,toaster,3,texverse,1a19f19a9e074d7da574551d54051789_1024,/mnt/zsn/lyb/arti-skill/exp/artiverse_n5_uniform_studio_256_v1/toaster/texverse/1a19f19a9e074d7da574551d54051789_1024/imgs/000.png,81785,ebaef6df20475017914879c157fcb1e6baedfdd8e655f0733c2e33275d152d3a,3017,texverse,data/toaster/texverse/1a19f19a9e074d7da574551d54051789_1024,3fdf5be7ab37266e974a878a3491273fe96638703894f73cb660b6e371ebe93f,/mnt/zsn/lyb/arti-skill/exp/artiverse/data/toaster/texverse/1a19f19a9e074d7da574551d54051789_1024/1a19f19a9e074d7da574551d54051789_1024.segmented.glb,6734732,e78833ca66a8df9b76060be312eb22d5834207d565271c5508ff7128b75ca618
321,C073__S04__toaster__3dw__3d7e8cdd81a7368f467ca2ad6571afff,C073,toaster,4,3dw,3d7e8cdd81a7368f467ca2ad6571afff,/mnt/zsn/lyb/arti-skill/exp/artiverse_n5_uniform_studio_256_v1/toaster/3dw/3d7e8cdd81a7368f467ca2ad6571afff/imgs/000.png,80846,c3c7c618894157f94cc5b5872685934ca4e18f30e7e2621d975932f9c5aee3e8,3008,3dw,data/toaster/3dw/3d7e8cdd81a7368f467ca2ad6571afff,40534f15d08fa1f5cc40fe439a4ee67f600ea5982c030fa87fbb77c324322796,/mnt/zsn/lyb/arti-skill/exp/artiverse/data/toaster/3dw/3d7e8cdd81a7368f467ca2ad6571afff/3d7e8cdd81a7368f467ca2ad6571afff.segmented.glb,2552564,9a08f5f0ccc1c84fe05d01647effd2e54cdaa6c54c440a655647189e405348e4
322,C073__S05__toaster__objaverse_xl__43faf0fd4338f62b7245aa11cbc42d0179b062491c27574314b0b020b89cdcaa,C073,toaster,5,objaverse_xl,43faf0fd4338f62b7245aa11cbc42d0179b062491c27574314b0b020b89cdcaa,/mnt/zsn/lyb/arti-skill/exp/artiverse_n5_uniform_studio_256_v1/toaster/objaverse_xl/43faf0fd4338f62b7245aa11cbc42d0179b062491c27574314b0b020b89cdcaa/imgs/000.png,79045,e84a01b70123ca4797186ca345474942b149cb2c0f96f447f42da4bae340c882,3014,objaverse_xl,data/toaster/objaverse_xl/43faf0fd4338f62b7245aa11cbc42d0179b062491c27574314b0b020b89cdcaa,6fca1f2b5867215e195463c2b94a6f07751094933f72bc814b1fa5b396ae483e,/mnt/zsn/lyb/arti-skill/exp/artiverse/data/toaster/objaverse_xl/43faf0fd4338f62b7245aa11cbc42d0179b062491c27574314b0b020b89cdcaa/43faf0fd4338f62b7245aa11cbc42d0179b062491c27574314b0b020b89cdcaa.segmented.glb,96004,b4f240960224ec68200cbc3af84ceb6b9607cf1c24059536379ef4f956476b12
323,C074__S01__toilet__objaverse__b30b33ab24484b249deb41c54aebb56a,C074,toilet,1,objaverse,b30b33ab24484b249deb41c54aebb56a,/mnt/zsn/lyb/arti-skill/exp/artiverse_n5_uniform_studio_256_v1/toilet/objaverse/b30b33ab24484b249deb41c54aebb56a/imgs/000.png,72460,cda5d9edc546f1eb72ed721fe388769f53bfa71c2a02b9a40296f5172a600a47,3025,objaverse,data/toilet/objaverse/b30b33ab24484b249deb41c54aebb56a,011495e9ea822820969fbada1f4ea879b3a747914133bbfe86c7517fe2379089,/mnt/zsn/lyb/arti-skill/exp/artiverse/data/toilet/objaverse/b30b33ab24484b249deb41c54aebb56a/b30b33ab24484b249deb41c54aebb56a.segmented.glb,248156,62743a44df815c186f4a37d3e6479b9e494794707d6e6b8ea14b5aff5b9a5885
324,C074__S02__toilet__objaverse__d8fd1398b914467d8ff48b2839c2cc6c,C074,toilet,2,objaverse,d8fd1398b914467d8ff48b2839c2cc6c,/mnt/zsn/lyb/arti-skill/exp/artiverse_n5_uniform_studio_256_v1/toilet/objaverse/d8fd1398b914467d8ff48b2839c2cc6c/imgs/000.png,72024,91c59ecbd7501cf9f62221ffc6554864d1ab15738e7eb8ae2fb307a90068cd9b,3027,objaverse,data/toilet/objaverse/d8fd1398b914467d8ff48b2839c2cc6c,0128bbd67d3476b2e97647c2b1c36f903adfd118ef263e566b47bc348e4a2484,/mnt/zsn/lyb/arti-skill/exp/artiverse/data/toilet/objaverse/d8fd1398b914467d8ff48b2839c2cc6c/d8fd1398b914467d8ff48b2839c2cc6c.segmented.glb,242716,23272b2464791b5b3756641ac1e2a1304c320310887ab85bd4e98004e9a74f02
325,C074__S03__toilet__3dw__69c6f4956898ed853d1186ce59aba25a,C074,toilet,3,3dw,69c6f4956898ed853d1186ce59aba25a,/mnt/zsn/lyb/arti-skill/exp/artiverse_n5_uniform_studio_256_v1/toilet/3dw/69c6f4956898ed853d1186ce59aba25a/imgs/000.png,73475,eba3533465e8b840c3c0edeead476ea1e769542e7d0dc4f2cf4e51f28eedc811,3022,3dw,data/toilet/3dw/69c6f4956898ed853d1186ce59aba25a,0bee9b1ee6ba7e40a2686a9424acd09b4cf902b6a0fddf8f64417b7a426281dc,/mnt/zsn/lyb/arti-skill/exp/artiverse/data/toilet/3dw/69c6f4956898ed853d1186ce59aba25a/69c6f4956898ed853d1186ce59aba25a.segmented.glb,112712,22bfb67baf7c1a46c34ba443d422eacb43b020ac05ef39067b9c48c5e03ba88d
326,C074__S04__toilet__objaverse_xl__fe75c66b569485f0dfe5c94f62302fba9837699e1138f4d5ca4ee2d48868334a,C074,toilet,4,objaverse_xl,fe75c66b569485f0dfe5c94f62302fba9837699e1138f4d5ca4ee2d48868334a,/mnt/zsn/lyb/arti-skill/exp/artiverse_n5_uniform_studio_256_v1/toilet/objaverse_xl/fe75c66b569485f0dfe5c94f62302fba9837699e1138f4d5ca4ee2d48868334a/imgs/000.png,72563,fb420e22f624c64b2585df153019a0a02b267f91daf15846a240cc2541f65427,3039,objaverse_xl,data/toilet/objaverse_xl/fe75c66b569485f0dfe5c94f62302fba9837699e1138f4d5ca4ee2d48868334a,2e01192a8801b7f32a834ea0aa2e605f83746f73f2e20b6d476702a7d0ccb2f6,/mnt/zsn/lyb/arti-skill/exp/artiverse/data/toilet/objaverse_xl/fe75c66b569485f0dfe5c94f62302fba9837699e1138f4d5ca4ee2d48868334a/fe75c66b569485f0dfe5c94f62302fba9837699e1138f4d5ca4ee2d48868334a.segmented.glb,88560,3f3e74aaf9cf95aefae5bebf8f4a7301586cf6093e4d19e351f8f6eb5903ad59
327,C074__S05__toilet__objaverse__c01834a98ec34a4085911f0a44a76910,C074,toilet,5,objaverse,c01834a98ec34a4085911f0a44a76910,/mnt/zsn/lyb/arti-skill/exp/artiverse_n5_uniform_studio_256_v1/toilet/objaverse/c01834a98ec34a4085911f0a44a76910/imgs/000.png,71817,cd61f849d46b00be84da4e3ab3f7171878be33497e7e259d4d82d5cedb707d34,3026,objaverse,data/toilet/objaverse/c01834a98ec34a4085911f0a44a76910,40fb46a19a26325d08884d23c1e824dacca95a41684c1dcebb7af2b8d784cd5f,/mnt/zsn/lyb/arti-skill/exp/artiverse/data/toilet/objaverse/c01834a98ec34a4085911f0a44a76910/c01834a98ec34a4085911f0a44a76910.segmented.glb,74056,8255c5c091dc2e3b91046b5e6fb78befcff15c56beac5ead7bd037c167e5e16f
328,C075__S01__tool_box__3dw__a963a10683ba799ba59ff8378a27445f,C075,tool_box,1,3dw,a963a10683ba799ba59ff8378a27445f,/mnt/zsn/lyb/arti-skill/exp/artiverse_n5_uniform_studio_256_v1/tool_box/3dw/a963a10683ba799ba59ff8378a27445f/imgs/000.png,76610,1e6fb6c2fca61c974a376047d3e83f40704f2a486ea080ccb7fd5a3cab1f773a,3046,3dw,data/tool_box/3dw/a963a10683ba799ba59ff8378a27445f,06362fd80395913ad33d1c7fc9bcf354027ff7b6bc615124e857057c97b6f9c9,/mnt/zsn/lyb/arti-skill/exp/artiverse/data/tool_box/3dw/a963a10683ba799ba59ff8378a27445f/a963a10683ba799ba59ff8378a27445f.segmented.glb,4084968,522c05fdeb16424a2173a199e91ea21b32d0d2df9585d040359276334db28443
329,C075__S02__tool_box__3dw__4c557675305361baae7ee705d0c511c8,C075,tool_box,2,3dw,4c557675305361baae7ee705d0c511c8,/mnt/zsn/lyb/arti-skill/exp/artiverse_n5_uniform_studio_256_v1/tool_box/3dw/4c557675305361baae7ee705d0c511c8/imgs/000.png,85951,7ddd737e17a26c2bef4e29c9457ea00dea5c9cf3ecc01ff746acbd6b3129a3f6,3043,3dw,data/tool_box/3dw/4c557675305361baae7ee705d0c511c8,1b9bfff9d349025a9d7710087841da3cd6c3a1dd52766b8af0799ae1e4c3e5df,/mnt/zsn/lyb/arti-skill/exp/artiverse/data/tool_box/3dw/4c557675305361baae7ee705d0c511c8/4c557675305361baae7ee705d0c511c8.segmented.glb,1222188,4b41030d0864ec7b2149b1324b7af08c754500c70eacd2803eb2fc8adc22d9e3
330,C075__S03__tool_box__3dw__ca1c9d1c6cd0aa50807a60f6771a1dd2,C075,tool_box,3,3dw,ca1c9d1c6cd0aa50807a60f6771a1dd2,/mnt/zsn/lyb/arti-skill/exp/artiverse_n5_uniform_studio_256_v1/tool_box/3dw/ca1c9d1c6cd0aa50807a60f6771a1dd2/imgs/000.png,90170,05ee866150cee397d3f7af62d7143bee3bc93f66d4439c9d47eede78fcab3d65,3049,3dw,data/tool_box/3dw/ca1c9d1c6cd0aa50807a60f6771a1dd2,302ca507519f12b1a07cb88fa53d18e593d6c3b7540c1eda5ed7970ce6f9a116,/mnt/zsn/lyb/arti-skill/exp/artiverse/data/tool_box/3dw/ca1c9d1c6cd0aa50807a60f6771a1dd2/ca1c9d1c6cd0aa50807a60f6771a1dd2.segmented.glb,1199892,ebf985b7ac69d9c3cf5d29efe8cc84f454e9387c24eef3fd0cec1100f709b94a
331,C075__S04__tool_box__3dw__c57bfaa8724170aba59ff8378a27445f,C075,tool_box,4,3dw,c57bfaa8724170aba59ff8378a27445f,/mnt/zsn/lyb/arti-skill/exp/artiverse_n5_uniform_studio_256_v1/tool_box/3dw/c57bfaa8724170aba59ff8378a27445f/imgs/000.png,79081,23b1cdc3e6e769a608b68ff26aff67549e1ea79b11061950192a50692f2dee5c,3048,3dw,data/tool_box/3dw/c57bfaa8724170aba59ff8378a27445f,9d6c00f6f465a76b3974c933e3facb0c3434ef6ca18ee1e9d15b076fdc415b49,/mnt/zsn/lyb/arti-skill/exp/artiverse/data/tool_box/3dw/c57bfaa8724170aba59ff8378a27445f/c57bfaa8724170aba59ff8378a27445f.segmented.glb,4087148,259533f87e2ecea53cf3d9700bf899301aaf55811e5f6f4fc661483364dfcd89
332,C075__S05__tool_box__3dw__b57ee0c2a53e53c0a59ff8378a27445f,C075,tool_box,5,3dw,b57ee0c2a53e53c0a59ff8378a27445f,/mnt/zsn/lyb/arti-skill/exp/artiverse_n5_uniform_studio_256_v1/tool_box/3dw/b57ee0c2a53e53c0a59ff8378a27445f/imgs/000.png,77559,1baa7d94dc405ea3a5162546f5012fd17b7f23fc7291cd61b6e7026f3f301800,3047,3dw,data/tool_box/3dw/b57ee0c2a53e53c0a59ff8378a27445f,dd22d9b002106e039ee78479e40da4ccd8786c465d5925f188f322d2e5cbb024,/mnt/zsn/lyb/arti-skill/exp/artiverse/data/tool_box/3dw/b57ee0c2a53e53c0a59ff8378a27445f/b57ee0c2a53e53c0a59ff8378a27445f.segmented.glb,4085800,8a03f22241be663623142497807f37593fd264b94d52af07245c36ad76e9f428
333,C076__S01__tool_cabinet__3dw__d33c7a9c19dec5d17eee615e75bc3b77,C076,tool_cabinet,1,3dw,d33c7a9c19dec5d17eee615e75bc3b77,/mnt/zsn/lyb/arti-skill/exp/artiverse_n5_uniform_studio_256_v1/tool_cabinet/3dw/d33c7a9c19dec5d17eee615e75bc3b77/imgs/000.png,84425,c8cf642a4728ae12a04f1112748ab5daedaaace5189ec82bf8a75e73dca9df32,3050,3dw,data/tool_cabinet/3dw/d33c7a9c19dec5d17eee615e75bc3b77,2598c3bafe11174935976c1f11d34db6a41811d75ab9d61a0e03079a98793d3f,/mnt/zsn/lyb/arti-skill/exp/artiverse/data/tool_cabinet/3dw/d33c7a9c19dec5d17eee615e75bc3b77/d33c7a9c19dec5d17eee615e75bc3b77.segmented.glb,207580,f4b52d1719f6333931f0dd9cbd3d21fc7cbe27e13b9c9c5182423c40aa6b7c4e
334,C077__S01__towel_ring__3dw__f25712612bde409050da8b99982a3057,C077,towel_ring,1,3dw,f25712612bde409050da8b99982a3057,/mnt/zsn/lyb/arti-skill/exp/artiverse_n5_uniform_studio_256_v1/towel_ring/3dw/f25712612bde409050da8b99982a3057/imgs/000.png,72719,d5ad29cd65ee151613ad9c19153499227a3e0f53e167a5c285eb15b3cc97d195,3089,3dw,data/towel_ring/3dw/f25712612bde409050da8b99982a3057,00641918727d797c749921ef2e06438efc712af6128585f2cfb65a85513d6a5c,/mnt/zsn/lyb/arti-skill/exp/artiverse/data/towel_ring/3dw/f25712612bde409050da8b99982a3057/f25712612bde409050da8b99982a3057.segmented.glb,921692,45f5a2f92f48628a9f1d51b5f8ecd545a0e3f56e810a9c8f0d9dc30dda720f7c
335,C077__S02__towel_ring__3dw__154dcb1f2322513ba27eb82f2ca1a947,C077,towel_ring,2,3dw,154dcb1f2322513ba27eb82f2ca1a947,/mnt/zsn/lyb/arti-skill/exp/artiverse_n5_uniform_studio_256_v1/towel_ring/3dw/154dcb1f2322513ba27eb82f2ca1a947/imgs/000.png,76953,aaa23e38d029bba4f91f2de3c68ce0195c902c1c0f436cd5a7be4e94e089c9d4,3051,3dw,data/towel_ring/3dw/154dcb1f2322513ba27eb82f2ca1a947,07073a20cc6c9eb4d94d37ae1aa819a2d9350d5cf1eecfe7962dc3134deb0582,/mnt/zsn/lyb/arti-skill/exp/artiverse/data/towel_ring/3dw/154dcb1f2322513ba27eb82f2ca1a947/154dcb1f2322513ba27eb82f2ca1a947.segmented.glb,19480,24f1eddbf39136deced9ce4c3532940b9b57f5510d0658a748eec544233e3858
336,C077__S03__towel_ring__3dw__e1d99ddcbb96791250da8b99982a3057,C077,towel_ring,3,3dw,e1d99ddcbb96791250da8b99982a3057,/mnt/zsn/lyb/arti-skill/exp/artiverse_n5_uniform_studio_256_v1/towel_ring/3dw/e1d99ddcbb96791250da8b99982a3057/imgs/000.png,73715,4842df55e1af3916191cb800c958ab57324351e19d702c03d2f0ae92844fda75,3087,3dw,data/towel_ring/3dw/e1d99ddcbb96791250da8b99982a3057,0b5ab85d6077ce4f75856ddbb8242408c2a9dd03643bfc252e9119ee9d69f678,/mnt/zsn/lyb/arti-skill/exp/artiverse/data/towel_ring/3dw/e1d99ddcbb96791250da8b99982a3057/e1d99ddcbb96791250da8b99982a3057.segmented.glb,536268,5d0b0aa042cb727dffa2370a41791c43c98a94884a89da1c6aea2d8ab8d586ea
337,C077__S04__towel_ring__3dw__a7cbc7c6e3b398af72a57e125498186,C077,towel_ring,4,3dw,a7cbc7c6e3b398af72a57e125498186,/mnt/zsn/lyb/arti-skill/exp/artiverse_n5_uniform_studio_256_v1/towel_ring/3dw/a7cbc7c6e3b398af72a57e125498186/imgs/000.png,75427,270ecfe3f88bbd8853c0d682ef6bf93d84be689672abfc69831c9490208ac03e,3075,3dw,data/towel_ring/3dw/a7cbc7c6e3b398af72a57e125498186,15d9a6fd7467d05676c4db8344685ae4ada83f32afee0941b73ab0a388861527,/mnt/zsn/lyb/arti-skill/exp/artiverse/data/towel_ring/3dw/a7cbc7c6e3b398af72a57e125498186/a7cbc7c6e3b398af72a57e125498186.segmented.glb,4469520,ff105ed3cdb23be1bb7c53bc0519b152328c37bc28b3adb18f35ffcf26aa75b5
338,C077__S05__towel_ring__3dw__48f8387130feaeb750da8b99982a3057,C077,towel_ring,5,3dw,48f8387130feaeb750da8b99982a3057,/mnt/zsn/lyb/arti-skill/exp/artiverse_n5_uniform_studio_256_v1/towel_ring/3dw/48f8387130feaeb750da8b99982a3057/imgs/000.png,72958,474a65e6f2c63b17b12a6c0aecef8d643729e8e3d4863366ae4c8f5ba1884c04,3065,3dw,data/towel_ring/3dw/48f8387130feaeb750da8b99982a3057,23f826716daa04dd7b610ed0e8d2059a02aa10c14f5e90d562e524dca41b3513,/mnt/zsn/lyb/arti-skill/exp/artiverse/data/towel_ring/3dw/48f8387130feaeb750da8b99982a3057/48f8387130feaeb750da8b99982a3057.segmented.glb,528140,ed545d85850a2ecccd88c063e869b4769688ef8e5232343c417f14b1b4e177c2
339,C078__S01__tv_stand__objaverse__7298a7185ee44c9a9b0ecfbf5bef8cf7,C078,tv_stand,1,objaverse,7298a7185ee44c9a9b0ecfbf5bef8cf7,/mnt/zsn/lyb/arti-skill/exp/artiverse_n5_uniform_studio_256_v1/tv_stand/objaverse/7298a7185ee44c9a9b0ecfbf5bef8cf7/imgs/000.png,79013,78c88eaeed94163c772fb929e07dc3891cbdce83469cc603d5dca6cf8d1a009f,3198,objaverse,data/tv_stand/objaverse/7298a7185ee44c9a9b0ecfbf5bef8cf7,00da46c927b16ec020d8472d67a90ca584b6c4780cdf96b64619d8dc58a4fabc,/mnt/zsn/lyb/arti-skill/exp/artiverse/data/tv_stand/objaverse/7298a7185ee44c9a9b0ecfbf5bef8cf7/7298a7185ee44c9a9b0ecfbf5bef8cf7.segmented.glb,10412292,03c7e01047939126638b4ccd688f304a9caf47962f13781861cd91eafa7de8d9
340,C078__S02__tv_stand__3dw__739bb8ebe44c50249bb7016c8f367e7b,C078,tv_stand,2,3dw,739bb8ebe44c50249bb7016c8f367e7b,/mnt/zsn/lyb/arti-skill/exp/artiverse_n5_uniform_studio_256_v1/tv_stand/3dw/739bb8ebe44c50249bb7016c8f367e7b/imgs/000.png,78700,559b0f47aff98e03f149b38629cb43209912b05ac098095090904e30fe9198ac,3126,3dw,data/tv_stand/3dw/739bb8ebe44c50249bb7016c8f367e7b,033924024788dadb20d01febd0612aa7d778d0908045fd64aed7a2a16a45599b,/mnt/zsn/lyb/arti-skill/exp/artiverse/data/tv_stand/3dw/739bb8ebe44c50249bb7016c8f367e7b/739bb8ebe44c50249bb7016c8f367e7b.segmented.glb,381116,77aa59000695e35434012dbda168b9d29b41aa848f0f859ddeff460003e24b27
341,C078__S03__tv_stand__fpModel__e82f98b6090a3af3fcfc9519172f51f6b0af58eb,C078,tv_stand,3,fpModel,e82f98b6090a3af3fcfc9519172f51f6b0af58eb,/mnt/zsn/lyb/arti-skill/exp/artiverse_n5_uniform_studio_256_v1/tv_stand/fpModel/e82f98b6090a3af3fcfc9519172f51f6b0af58eb/imgs/000.png,70832,a38c1ca2b142a2db71d39e609cf46bd41d6e6e59084ccbde3fda778e46d54b80,3181,fpModel,data/tv_stand/fpModel/e82f98b6090a3af3fcfc9519172f51f6b0af58eb,06ab875f7ad25731da74075a29a260125d31c58f36867c265580dff55cc823d8,/mnt/zsn/lyb/arti-skill/exp/artiverse/data/tv_stand/fpModel/e82f98b6090a3af3fcfc9519172f51f6b0af58eb/e82f98b6090a3af3fcfc9519172f51f6b0af58eb.segmented.glb,2410808,98c96ebcd101177c39268fe1bba09a48d4c71cb804f0b72ec9d69051d378becd
342,C078__S04__tv_stand__objaverse_xl__a3ae61bb4fd96c878a6f3020dadc3daa5de93f4bf60585041323816ab2897bf8,C078,tv_stand,4,objaverse_xl,a3ae61bb4fd96c878a6f3020dadc3daa5de93f4bf60585041323816ab2897bf8,/mnt/zsn/lyb/arti-skill/exp/artiverse_n5_uniform_studio_256_v1/tv_stand/objaverse_xl/a3ae61bb4fd96c878a6f3020dadc3daa5de93f4bf60585041323816ab2897bf8/imgs/000.png,81676,0271629e00fc6a48e5c09a9df50ce5d4d5a9fc6f21b50999e0f1264f6642c943,3212,objaverse_xl,data/tv_stand/objaverse_xl/a3ae61bb4fd96c878a6f3020dadc3daa5de93f4bf60585041323816ab2897bf8,0850e7dce9ef3101f35e78c7256d1fb1cec92839e70d2167d6f3950d78110c69,/mnt/zsn/lyb/arti-skill/exp/artiverse/data/tv_stand/objaverse_xl/a3ae61bb4fd96c878a6f3020dadc3daa5de93f4bf60585041323816ab2897bf8/a3ae61bb4fd96c878a6f3020dadc3daa5de93f4bf60585041323816ab2897bf8.segmented.glb,589588,c1c3ec9576a8439bed83722a4fe17095e6fe49852a8136c3c99206ee717911a7
343,C078__S05__tv_stand__fpModel__b90ec083667e82b541010a09146637f9f7da3698,C078,tv_stand,5,fpModel,b90ec083667e82b541010a09146637f9f7da3698,/mnt/zsn/lyb/arti-skill/exp/artiverse_n5_uniform_studio_256_v1/tv_stand/fpModel/b90ec083667e82b541010a09146637f9f7da3698/imgs/000.png,71665,ca7e24f4955d970066b270746b41eddfa6b09667ec35057185e94826bfa72e39,3164,fpModel,data/tv_stand/fpModel/b90ec083667e82b541010a09146637f9f7da3698,09059daff98d57e5396ab3fd6d7888f197655ae8a348570c80f8a06c4a7b6fae,/mnt/zsn/lyb/arti-skill/exp/artiverse/data/tv_stand/fpModel/b90ec083667e82b541010a09146637f9f7da3698/b90ec083667e82b541010a09146637f9f7da3698.segmented.glb,547824,a20fd6cc7069768c02733e3e2edde08082f5384a555c4b45544f16ddbdc3835c
344,C079__S01__wall_cabinet__3dw__8a93cbc5dbebd2b94da5feafe6f1c8fc,C079,wall_cabinet,1,3dw,8a93cbc5dbebd2b94da5feafe6f1c8fc,/mnt/zsn/lyb/arti-skill/exp/artiverse_n5_uniform_studio_256_v1/wall_cabinet/3dw/8a93cbc5dbebd2b94da5feafe6f1c8fc/imgs/000.png,82784,85c1f7f9dbc1bb718bcb45b0875c272dc504a46c90af56d71f5da44e3147cbf2,3310,3dw,data/wall_cabinet/3dw/8a93cbc5dbebd2b94da5feafe6f1c8fc,0019416f115cf59a9625fe5c9269041c85416a4f2ae603cfe449eac1ced70cd7,/mnt/zsn/lyb/arti-skill/exp/artiverse/data/wall_cabinet/3dw/8a93cbc5dbebd2b94da5feafe6f1c8fc/8a93cbc5dbebd2b94da5feafe6f1c8fc.segmented.glb,3117364,decc6e49934861158b0fab3040fda020889a589299a481abd040149894d7a9fb
345,C079__S02__wall_cabinet__3dw__2c1bd27c5e6f175f5914dcffc6513243,C079,wall_cabinet,2,3dw,2c1bd27c5e6f175f5914dcffc6513243,/mnt/zsn/lyb/arti-skill/exp/artiverse_n5_uniform_studio_256_v1/wall_cabinet/3dw/2c1bd27c5e6f175f5914dcffc6513243/imgs/000.png,82385,a1c2a0429ff89d4ed174ac045a27d9cd6adcc3dbf5e5605bb7b428114803aa98,3253,3dw,data/wall_cabinet/3dw/2c1bd27c5e6f175f5914dcffc6513243,0033c749714ba0d8f8e48ace22308b1c9f50c4e3998f1db40459a48c68ecc41e,/mnt/zsn/lyb/arti-skill/exp/artiverse/data/wall_cabinet/3dw/2c1bd27c5e6f175f5914dcffc6513243/2c1bd27c5e6f175f5914dcffc6513243.segmented.glb,88156,39eba430bc4acaa3047aacd039cbeb57c514a109a44cf9158c931e2b75bc12c8
346,C079__S03__wall_cabinet__3dw__6b0f0f01c7281702c0b2397831029b54,C079,wall_cabinet,3,3dw,6b0f0f01c7281702c0b2397831029b54,/mnt/zsn/lyb/arti-skill/exp/artiverse_n5_uniform_studio_256_v1/wall_cabinet/3dw/6b0f0f01c7281702c0b2397831029b54/imgs/000.png,74426,5e6cca636c6a222796c6217444885ed077178c6893f334a2ad22c79a4f056615,3293,3dw,data/wall_cabinet/3dw/6b0f0f01c7281702c0b2397831029b54,00ded048782ce0f6a704ef61a8658de6bb9304ba8716b4c8195f054ac9416b14,/mnt/zsn/lyb/arti-skill/exp/artiverse/data/wall_cabinet/3dw/6b0f0f01c7281702c0b2397831029b54/6b0f0f01c7281702c0b2397831029b54.segmented.glb,550804,dadec3329a3bf5f7044669bc842bcf2840af14c41aa6e1f3c96f46209301fda4
347,C079__S04__wall_cabinet__3dw__13253cfa93286eafcb76d5d7c68717f,C079,wall_cabinet,4,3dw,13253cfa93286eafcb76d5d7c68717f,/mnt/zsn/lyb/arti-skill/exp/artiverse_n5_uniform_studio_256_v1/wall_cabinet/3dw/13253cfa93286eafcb76d5d7c68717f/imgs/000.png,79966,1ed5e6c10de38fce213469ce7110ea21465007cefcde37efcd7be9cc68c811af,3237,3dw,data/wall_cabinet/3dw/13253cfa93286eafcb76d5d7c68717f,016479386294f7533f18b30754bb7dabe4d9e85386f2dc67040e0a95970b7519,/mnt/zsn/lyb/arti-skill/exp/artiverse/data/wall_cabinet/3dw/13253cfa93286eafcb76d5d7c68717f/13253cfa93286eafcb76d5d7c68717f.segmented.glb,318020,9f251f4aef19e98f86cd15e73b7661f5a9ce731fc8cf213c48d081e658271a23
348,C079__S05__wall_cabinet__3dw__ec3023d0481352b1c59350d819542ec7,C079,wall_cabinet,5,3dw,ec3023d0481352b1c59350d819542ec7,/mnt/zsn/lyb/arti-skill/exp/artiverse_n5_uniform_studio_256_v1/wall_cabinet/3dw/ec3023d0481352b1c59350d819542ec7/imgs/000.png,85244,1e8b0b1a3d556f12d94df472c8cb4827406cf3376758cded7ccc6f832feb9579,3362,3dw,data/wall_cabinet/3dw/ec3023d0481352b1c59350d819542ec7,061dbbaa5c68783c45263f7478c99f58a0091c2fd75ae221b2cd8269def6bb4f,/mnt/zsn/lyb/arti-skill/exp/artiverse/data/wall_cabinet/3dw/ec3023d0481352b1c59350d819542ec7/ec3023d0481352b1c59350d819542ec7.segmented.glb,2116724,85a9d4636d0e16a8460d6d7c7b2b906279339b5e3c5596cd8dc00610bfed54c4
349,C080__S01__wall_clock__fpModel__770311f153df8ccc86d08f4f24749227a91e153f,C080,wall_clock,1,fpModel,770311f153df8ccc86d08f4f24749227a91e153f,/mnt/zsn/lyb/arti-skill/exp/artiverse_n5_uniform_studio_256_v1/wall_clock/fpModel/770311f153df8ccc86d08f4f24749227a91e153f/imgs/000.png,71867,a001f14a0bac4438e45c90f6d4eeeb138bffb16ed7bd0908524a51b27561db9c,3468,fpModel,data/wall_clock/fpModel/770311f153df8ccc86d08f4f24749227a91e153f,0658f8c7a9c9b326a0ac78c1c54a7eee26c9e1313479573600c0355bee49179a,/mnt/zsn/lyb/arti-skill/exp/artiverse/data/wall_clock/fpModel/770311f153df8ccc86d08f4f24749227a91e153f/770311f153df8ccc86d08f4f24749227a91e153f.segmented.glb,132528,98974e44f0c5a811c17757af33b80c151cedeab6c74f7f9b07e7b330c27bcbfb
350,C080__S02__wall_clock__fpModel__44684c200433dc4842bf0a6317d735e98e9fb903,C080,wall_clock,2,fpModel,44684c200433dc4842bf0a6317d735e98e9fb903,/mnt/zsn/lyb/arti-skill/exp/artiverse_n5_uniform_studio_256_v1/wall_clock/fpModel/44684c200433dc4842bf0a6317d735e98e9fb903/imgs/000.png,77762,1feccf5503fb7afc5f0f5a591ee5b04993a5d6ce3268ed8eaef503e87227fd13,3454,fpModel,data/wall_clock/fpModel/44684c200433dc4842bf0a6317d735e98e9fb903,0d663e5ae61e3d6f38e00923a589141848530d49427c01c9bbe52855e3d5435b,/mnt/zsn/lyb/arti-skill/exp/artiverse/data/wall_clock/fpModel/44684c200433dc4842bf0a6317d735e98e9fb903/44684c200433dc4842bf0a6317d735e98e9fb903.segmented.glb,1878684,7b0080b9b7ef74478d46d18c6ed9e6685962a1371cdc4c80735206f29ec8836e
351,C080__S03__wall_clock__fpModel__573c6477f0f3067edcd1e9fb52c558a4291f0c5c,C080,wall_clock,3,fpModel,573c6477f0f3067edcd1e9fb52c558a4291f0c5c,/mnt/zsn/lyb/arti-skill/exp/artiverse_n5_uniform_studio_256_v1/wall_clock/fpModel/573c6477f0f3067edcd1e9fb52c558a4291f0c5c/imgs/000.png,82395,43309a15cc2e77a5724b16f2b3b510b83288bf7c4b1f091ff033007b4b302263,3459,fpModel,data/wall_clock/fpModel/573c6477f0f3067edcd1e9fb52c558a4291f0c5c,10f59bb1f8fced7eb844c2245c5a39279704649640432427efd1b09782256adb,/mnt/zsn/lyb/arti-skill/exp/artiverse/data/wall_clock/fpModel/573c6477f0f3067edcd1e9fb52c558a4291f0c5c/573c6477f0f3067edcd1e9fb52c558a4291f0c5c.segmented.glb,648680,c05b42a9d227219fe217a7fac30718c039d8009aa6c192c915d16b208e50220b
352,C080__S04__wall_clock__fpModel__e1725f63ab8658c1a31edbf0be78375fa93770ee,C080,wall_clock,4,fpModel,e1725f63ab8658c1a31edbf0be78375fa93770ee,/mnt/zsn/lyb/arti-skill/exp/artiverse_n5_uniform_studio_256_v1/wall_clock/fpModel/e1725f63ab8658c1a31edbf0be78375fa93770ee/imgs/000.png,76483,ae8411f625b8529576ad524e8af407d467b011dc454018403fdf74ccac7691df,3493,fpModel,data/wall_clock/fpModel/e1725f63ab8658c1a31edbf0be78375fa93770ee,11c16def79a873e4c96af7c7e540da3ec4be882b9517772365f24c77f724176d,/mnt/zsn/lyb/arti-skill/exp/artiverse/data/wall_clock/fpModel/e1725f63ab8658c1a31edbf0be78375fa93770ee/e1725f63ab8658c1a31edbf0be78375fa93770ee.segmented.glb,263860,fc08b1c8058b82c1f9a3ce050c4fc6c70cabd8fa9df7106d3d2bcf8d9ee28b28
353,C080__S05__wall_clock__fpModel__3292f88d808f0de9389b6866a1535d71b0ff8851,C080,wall_clock,5,fpModel,3292f88d808f0de9389b6866a1535d71b0ff8851,/mnt/zsn/lyb/arti-skill/exp/artiverse_n5_uniform_studio_256_v1/wall_clock/fpModel/3292f88d808f0de9389b6866a1535d71b0ff8851/imgs/000.png,70811,7cc4343fa710cffa6ba7e154fd7a0b2435622f998c5ea1e7bb833f8bfadcbcba,3450,fpModel,data/wall_clock/fpModel/3292f88d808f0de9389b6866a1535d71b0ff8851,1c26b93e60218d889c40d33a3088703e8421f8d330c1356e310cc81f70cba2e1,/mnt/zsn/lyb/arti-skill/exp/artiverse/data/wall_clock/fpModel/3292f88d808f0de9389b6866a1535d71b0ff8851/3292f88d808f0de9389b6866a1535d71b0ff8851.segmented.glb,1423068,d27efc828a522a1302c1a4d6c694a57a69b1fb981fa80b976c7d2e24299ec7ce
354,C081__S01__washing_machine__fpModel__6cd2dc2611c27f758c972b4874efad8c8cbd5d29,C081,washing_machine,1,fpModel,6cd2dc2611c27f758c972b4874efad8c8cbd5d29,/mnt/zsn/lyb/arti-skill/exp/artiverse_n5_uniform_studio_256_v1/washing_machine/fpModel/6cd2dc2611c27f758c972b4874efad8c8cbd5d29/imgs/000.png,73365,2fcf83a4fbb6e661c048e681b3253c29697261a6395b48cd02de992390fdd547,3500,fpModel,data/washing_machine/fpModel/6cd2dc2611c27f758c972b4874efad8c8cbd5d29,376b8e224989de51ddf2b72eb5c919321edced5f0078392d571b21269c549d10,/mnt/zsn/lyb/arti-skill/exp/artiverse/data/washing_machine/fpModel/6cd2dc2611c27f758c972b4874efad8c8cbd5d29/6cd2dc2611c27f758c972b4874efad8c8cbd5d29.segmented.glb,292856,67a2bd5ba2eaf29d5fe413ea9953b221db0fead0afdb945f172206f6238d4222
355,C081__S02__washing_machine__3dw__1a9492ed26b8407df8a51dbffe0021e4,C081,washing_machine,2,3dw,1a9492ed26b8407df8a51dbffe0021e4,/mnt/zsn/lyb/arti-skill/exp/artiverse_n5_uniform_studio_256_v1/washing_machine/3dw/1a9492ed26b8407df8a51dbffe0021e4/imgs/000.png,77478,b50f0aaf80b7aa0c6a20f1c050e607eb7b778ce806cb076e6069793824fcd26d,3499,3dw,data/washing_machine/3dw/1a9492ed26b8407df8a51dbffe0021e4,40a11bc7cacf511fadc60792d040a5f8d9680348d6b12642ffd2378a186f8a7a,/mnt/zsn/lyb/arti-skill/exp/artiverse/data/washing_machine/3dw/1a9492ed26b8407df8a51dbffe0021e4/1a9492ed26b8407df8a51dbffe0021e4.segmented.glb,611532,740f68c12e3472b9072b0d10409db1b28826a115a88f4c3888cc4b0b4cc220da
356,C081__S03__washing_machine__fpModel__856317b238f6a70ae6f0afffed1f6d5e3ab7b80c,C081,washing_machine,3,fpModel,856317b238f6a70ae6f0afffed1f6d5e3ab7b80c,/mnt/zsn/lyb/arti-skill/exp/artiverse_n5_uniform_studio_256_v1/washing_machine/fpModel/856317b238f6a70ae6f0afffed1f6d5e3ab7b80c/imgs/000.png,74251,74ddb0c9fb95bf5275385281e9ae9457fc62de1f52d34d1e469c18ee84eaa818,3501,fpModel,data/washing_machine/fpModel/856317b238f6a70ae6f0afffed1f6d5e3ab7b80c,56bbf20c40420972324746fd6b608b728da4c5ee7f886589cf6cadb4fe3ceb1a,/mnt/zsn/lyb/arti-skill/exp/artiverse/data/washing_machine/fpModel/856317b238f6a70ae6f0afffed1f6d5e3ab7b80c/856317b238f6a70ae6f0afffed1f6d5e3ab7b80c.segmented.glb,1816432,8dfd7568b6bffd5a5fe2041b8abc466a537a5041f93c3b723f38271fd91cfead
357,C081__S04__washing_machine__fpModel__eccf8ba37c804b9067e675f09eec2c13e951f61c,C081,washing_machine,4,fpModel,eccf8ba37c804b9067e675f09eec2c13e951f61c,/mnt/zsn/lyb/arti-skill/exp/artiverse_n5_uniform_studio_256_v1/washing_machine/fpModel/eccf8ba37c804b9067e675f09eec2c13e951f61c/imgs/000.png,78056,80d6b20b0896118a43aeb972a95985b787407e800e6b0d526631a9102c0e899a,3502,fpModel,data/washing_machine/fpModel/eccf8ba37c804b9067e675f09eec2c13e951f61c,d5506522e36229a5492d3d87b334406485fdf39044fbebd0ac811b1e2c50f337,/mnt/zsn/lyb/arti-skill/exp/artiverse/data/washing_machine/fpModel/eccf8ba37c804b9067e675f09eec2c13e951f61c/eccf8ba37c804b9067e675f09eec2c13e951f61c.segmented.glb,1985916,cce812be3ed9373384bf8eefee5e72a1809162a008d7d88f1331be4d2c82d10b
358,C082__S01__wheelie_bin__objaverse__8cece03f6bd84bf89c7bb5ebac6144aa,C082,wheelie_bin,1,objaverse,8cece03f6bd84bf89c7bb5ebac6144aa,/mnt/zsn/lyb/arti-skill/exp/artiverse_n5_uniform_studio_256_v1/wheelie_bin/objaverse/8cece03f6bd84bf89c7bb5ebac6144aa/imgs/000.png,82616,5f1912b5c7bfe3c439293212220699aa2228286c962eae2aaac946072da75ff5,3509,objaverse,data/wheelie_bin/objaverse/8cece03f6bd84bf89c7bb5ebac6144aa,01c281d105ecd0ada00bc5043198e0c677a5fc937de27b1853acf7f6276b9540,/mnt/zsn/lyb/arti-skill/exp/artiverse/data/wheelie_bin/objaverse/8cece03f6bd84bf89c7bb5ebac6144aa/8cece03f6bd84bf89c7bb5ebac6144aa.segmented.glb,6815072,abcc44edbc7fedfaacebdbcc40eb9ffb497c169ece996d158a38ec35c9cd487e
359,C082__S02__wheelie_bin__objaverse__a506ffa30168492dab775818c1302bc9,C082,wheelie_bin,2,objaverse,a506ffa30168492dab775818c1302bc9,/mnt/zsn/lyb/arti-skill/exp/artiverse_n5_uniform_studio_256_v1/wheelie_bin/objaverse/a506ffa30168492dab775818c1302bc9/imgs/000.png,76356,25de2dcc3e6b6bb281c196d63207f88fcdc4c85770b7420cb822e35dd9ac7dbb,3511,objaverse,data/wheelie_bin/objaverse/a506ffa30168492dab775818c1302bc9,1e82af3dbaef97b17c0bd4b6ee45a94d2634cb13df2cdd51bdcb42121026e47e,/mnt/zsn/lyb/arti-skill/exp/artiverse/data/wheelie_bin/objaverse/a506ffa30168492dab775818c1302bc9/a506ffa30168492dab775818c1302bc9.segmented.glb,32480,1e5f0fc76660406325821117056f6ff2fceda28ab30af856222bd1b35420ec68
360,C082__S03__wheelie_bin__objaverse_xl__42cb98b05e9160807cb4273fb641321fae7d5d24fc19822c3373dffa4e36f13b,C082,wheelie_bin,3,objaverse_xl,42cb98b05e9160807cb4273fb641321fae7d5d24fc19822c3373dffa4e36f13b,/mnt/zsn/lyb/arti-skill/exp/artiverse_n5_uniform_studio_256_v1/wheelie_bin/objaverse_xl/42cb98b05e9160807cb4273fb641321fae7d5d24fc19822c3373dffa4e36f13b/imgs/000.png,74931,37447357e8ce533b8707fb85ba6932d6d24c8cdb7d5799f5450d0905bd555cb9,3515,objaverse_xl,data/wheelie_bin/objaverse_xl/42cb98b05e9160807cb4273fb641321fae7d5d24fc19822c3373dffa4e36f13b,36598659230a4d175f95cb0c532c6fe2db0594c5ee39bfaeb5ac089946841300,/mnt/zsn/lyb/arti-skill/exp/artiverse/data/wheelie_bin/objaverse_xl/42cb98b05e9160807cb4273fb641321fae7d5d24fc19822c3373dffa4e36f13b/42cb98b05e9160807cb4273fb641321fae7d5d24fc19822c3373dffa4e36f13b.segmented.glb,35480,1cc21d12743ce3ae8be07edadffa281125da891ee6b85e0a85266efa817774bc
361,C082__S04__wheelie_bin__3dw__8e09a584fe5fa78deb69804478f9c547,C082,wheelie_bin,4,3dw,8e09a584fe5fa78deb69804478f9c547,/mnt/zsn/lyb/arti-skill/exp/artiverse_n5_uniform_studio_256_v1/wheelie_bin/3dw/8e09a584fe5fa78deb69804478f9c547/imgs/000.png,81898,755c96b5d68455ddc7f5e6e8fb48bd078ba2919cb3f2eb5240ae7fa6f02ba3b0,3504,3dw,data/wheelie_bin/3dw/8e09a584fe5fa78deb69804478f9c547,38674eadd251683b02cf92514476186be536aee52358bba67dd0e7e10e1ac8d0,/mnt/zsn/lyb/arti-skill/exp/artiverse/data/wheelie_bin/3dw/8e09a584fe5fa78deb69804478f9c547/8e09a584fe5fa78deb69804478f9c547.segmented.glb,135856,a9cb10b312d6a7f7a85d7447cec396d4ab0d9645627a4fb057c91fcbf0a55396
362,C082__S05__wheelie_bin__objaverse_xl__71475da4ed2930316864ce9e74a1c968ebe0db8e3f34662229e75b5698293c1d,C082,wheelie_bin,5,objaverse_xl,71475da4ed2930316864ce9e74a1c968ebe0db8e3f34662229e75b5698293c1d,/mnt/zsn/lyb/arti-skill/exp/artiverse_n5_uniform_studio_256_v1/wheelie_bin/objaverse_xl/71475da4ed2930316864ce9e74a1c968ebe0db8e3f34662229e75b5698293c1d/imgs/000.png,90514,b8550c0f3e927e30083cf636c3435cc43e9009a1bfaef54e15f5c269a15c7651,3516,objaverse_xl,data/wheelie_bin/objaverse_xl/71475da4ed2930316864ce9e74a1c968ebe0db8e3f34662229e75b5698293c1d,40f14327079dc9823ffb1660460b51cc4b99debb586df367cb86fd979d01690e,/mnt/zsn/lyb/arti-skill/exp/artiverse/data/wheelie_bin/objaverse_xl/71475da4ed2930316864ce9e74a1c968ebe0db8e3f34662229e75b5698293c1d/71475da4ed2930316864ce9e74a1c968ebe0db8e3f34662229e75b5698293c1d.segmented.glb,33748,71729de6da3089f01e01e53899bb9607522fcb3fd7529290976c71e742bf5117
363,C083__S01__window__3dw__667338a9ed917426bca0a8028deae142,C083,window,1,3dw,667338a9ed917426bca0a8028deae142,/mnt/zsn/lyb/arti-skill/exp/artiverse_n5_uniform_studio_256_v1/window/3dw/667338a9ed917426bca0a8028deae142/imgs/000.png,75539,6eb981bf4a5c3237d79238863eecffaeecb7973e0f8365c224949979a093faba,3533,3dw,data/window/3dw/667338a9ed917426bca0a8028deae142,021a7e03c7c8582c29be0cb883d1ab529470786af8007e0703b2e06c70a74feb,/mnt/zsn/lyb/arti-skill/exp/artiverse/data/window/3dw/667338a9ed917426bca0a8028deae142/667338a9ed917426bca0a8028deae142.segmented.glb,73448,34b47f4086d8b6cb04fdaac7bcabb3efd3060dfff5c4228fe79f2563c55efcde
364,C083__S02__window__3dw__64c2548b3027abdd88c942a503e372bc,C083,window,2,3dw,64c2548b3027abdd88c942a503e372bc,/mnt/zsn/lyb/arti-skill/exp/artiverse_n5_uniform_studio_256_v1/window/3dw/64c2548b3027abdd88c942a503e372bc/imgs/000.png,78270,73aa1cee5ae9e0c0cd0e5a03c4bc06b622f46aa8aff035276b30a33a10fa9bc6,3532,3dw,data/window/3dw/64c2548b3027abdd88c942a503e372bc,15fc8c38e6b23c3cbb48ee910e319598c725273a7968495bc7a79016c42f9063,/mnt/zsn/lyb/arti-skill/exp/artiverse/data/window/3dw/64c2548b3027abdd88c942a503e372bc/64c2548b3027abdd88c942a503e372bc.segmented.glb,1147064,f41adc33312f6b8ca8e62331542c666d29fce77756fcfd3c1eb797b3e57cb7ae
365,C083__S03__window__3dw__62fc93c460bd8ba649e9cf096ba9e7dd,C083,window,3,3dw,62fc93c460bd8ba649e9cf096ba9e7dd,/mnt/zsn/lyb/arti-skill/exp/artiverse_n5_uniform_studio_256_v1/window/3dw/62fc93c460bd8ba649e9cf096ba9e7dd/imgs/000.png,72213,3b87259536a00939651e6575abd6a6ccb0fac2d631ab4116ebd5edda1e579dd8,3531,3dw,data/window/3dw/62fc93c460bd8ba649e9cf096ba9e7dd,2fc974724efa008a43d542f256496e58e8bedf51d260131f74b6c9d34f2d9776,/mnt/zsn/lyb/arti-skill/exp/artiverse/data/window/3dw/62fc93c460bd8ba649e9cf096ba9e7dd/62fc93c460bd8ba649e9cf096ba9e7dd.segmented.glb,51828,38ad2a99f6cb0d64c7cb56aeb55626bb2ba17104d9ea3a80356df612b5cf7e34
366,C083__S04__window__3dw__19147e335d6ece48403d27d9479beba,C083,window,4,3dw,19147e335d6ece48403d27d9479beba,/mnt/zsn/lyb/arti-skill/exp/artiverse_n5_uniform_studio_256_v1/window/3dw/19147e335d6ece48403d27d9479beba/imgs/000.png,76788,b7d475eda8cabce7a77f3a96a9f3b2001e68ea66f1fec2773ff9a09d319dbda0,3526,3dw,data/window/3dw/19147e335d6ece48403d27d9479beba,3dee7e57d3cf3fa8d671d5f31ad0ba34f5ef4a1db04a1f517532aa8171c06ff3,/mnt/zsn/lyb/arti-skill/exp/artiverse/data/window/3dw/19147e335d6ece48403d27d9479beba/19147e335d6ece48403d27d9479beba.segmented.glb,555172,1557100b4b19c3b6a8756e91bdcb043a7802c4acf5024818c83739356190c569
367,C083__S05__window__3dw__1139db48dd6643f85e629de0175bb6f,C083,window,5,3dw,1139db48dd6643f85e629de0175bb6f,/mnt/zsn/lyb/arti-skill/exp/artiverse_n5_uniform_studio_256_v1/window/3dw/1139db48dd6643f85e629de0175bb6f/imgs/000.png,73485,439dad9a8f3a7a65142e4c8382f073f07655292973d566ec82fd557c4aebc182,3524,3dw,data/window/3dw/1139db48dd6643f85e629de0175bb6f,44af88bbf0c1c989e5b502a20d43115010e5d29a5b843f3eea66daa9798959b4,/mnt/zsn/lyb/arti-skill/exp/artiverse/data/window/3dw/1139db48dd6643f85e629de0175bb6f/1139db48dd6643f85e629de0175bb6f.segmented.glb,53820,04ba28aebae4ab7ef5da1f137a2d763e74e1471d87a5421e9b9efd41b718d243
368,C084__S01__wrench__3dw__375e541960d19b90b6e259a0b666e79d,C084,wrench,1,3dw,375e541960d19b90b6e259a0b666e79d,/mnt/zsn/lyb/arti-skill/exp/artiverse_n5_uniform_studio_256_v1/wrench/3dw/375e541960d19b90b6e259a0b666e79d/imgs/000.png,71579,6972bb97ad3513cff59c840c0bcb5b8ec40be129fd5549a989363dfb061dec27,3544,3dw,data/wrench/3dw/375e541960d19b90b6e259a0b666e79d,43a531d6c17568c6e7ea42ede8f0e17fdcf735e07d3c095045919d652392a533,/mnt/zsn/lyb/arti-skill/exp/artiverse/data/wrench/3dw/375e541960d19b90b6e259a0b666e79d/375e541960d19b90b6e259a0b666e79d.segmented.glb,452832,476e94592c87f219102eeddcf87d4ebdc11bd30df61f3770949257dd56f5ae59
