ordinal,category,asset_id,source_path,source_relative_path,urdf_path,urdf_relative_path,urdf_bytes,urdf_sha256,package_file_count,package_total_bytes,package_content_manifest_sha256,package_binding_sha256,identity_sha256,category_one_shot,output_path,source_ordinal,render_key,generator_index,class_id,generator_name,source_type,sample_index,sample_key,selection_rank,png_bytes,png_sha256,status,elapsed_seconds,started_at,finished_at,error,renderer_result
1,Bottle,4064,/mnt/zsn/lyb/arti-skill/exp/PartNet-Mobility/data/dataset/4064,4064,/mnt/zsn/lyb/arti-skill/exp/PartNet-Mobility/data/dataset/4064/mobility.urdf,4064/mobility.urdf,2793,036065367b5dc2ab65ae7e6b55ff8ceebb4f7b0e65501db542d91b1dfffe338d,53,12832823,1cb7f9e8abad1f74e8cd52fa7013ee9963e288ffc3ec02610524ba0965d2cc3f,29fb7d539a78a85279ef2e7ed49989df59eca58f7ca678ea8f02215b0829ac51,045784691835debe9fb834873a41b59b7c5a3764f899852d8f92cbce3035522b,True,/mnt/zsn/lyb/arti-skill/exp/partnet_mobility_uniform_n5_studio_256_v1/Bottle/4064/imgs/000.png,1798,partnet_mobility:Bottle:4064:1,0,0,Bottle,partnet_mobility,1,Bottle:1,045784691835debe9fb834873a41b59b7c5a3764f899852d8f92cbce3035522b:4064,75965,c425f6810aadeaf78747649d9187f9b591e8a5f865edcc87f2aa316102f0bfb5,reused_valid,0.0,2026-08-31T10:58:57.736238Z,2026-08-31T10:58:57.760260Z,,"{""asset_dir"": ""/mnt/zsn/lyb/arti-skill/exp/PartNet-Mobility/data/dataset/4064"", ""base_renderer"": {""path"": ""/mnt/zsn/lyb/arti-skill/exp/scripts/render_articraft10k_asset_blender.py"", ""sha256"": ""24669921702ddf11c9668e16692f3a4cb7e5b40e040e215a878b92cdd294fe22""}, ""camera_distance"": 3.2591087162952284, ""device"": ""OPTIX"", ""geometry"": {""mesh_visual_count"": 7, ""primitive_counts"": {""box"": 0, ""cylinder"": 0, ""sphere"": 0}}, ""material_policy"": ""native OBJ/MTL diffuse materials, forced opaque; neutral fallback"", ""materials"": 8, ""objects"": 7, ""output"": ""/mnt/zsn/lyb/arti-skill/exp/partnet_mobility_uniform_n5_studio_256_v1/Bottle/4064/imgs/000.png"", ""radius"": 0.9897967279972966, ""root_link"": ""base"", ""shared_renderer"": {""path"": ""/mnt/zsn/lyb/arti-skill/arti-template/scripts/render_exported_asset_blender.py"", ""sha256"": ""f418515a9817218b08d577d95983ec934c34ddf19f17bb89c73bf52aa60bb3a7""}, ""visuals"": 7}"
2,Bottle,8848,/mnt/zsn/lyb/arti-skill/exp/PartNet-Mobility/data/dataset/8848,8848,/mnt/zsn/lyb/arti-skill/exp/PartNet-Mobility/data/dataset/8848/mobility.urdf,8848/mobility.urdf,2718,55653a25b016b41117597f986dc039c8bfac6028efa661af6af873f330556e4d,45,5982089,cade80121016fec31787a0d5092516f33ee654825f951f3dac77076ee6cee18e,3590c28323081774ee74a319646456fc4806f56c409f8db2acb62a0aee4de4e8,0572f0f48c9d4da7f59ccfff270df8a46297128f367248c5319ffe5b16e2f3ad,False,/mnt/zsn/lyb/arti-skill/exp/partnet_mobility_uniform_n5_studio_256_v1/Bottle/8848/imgs/000.png,2294,partnet_mobility:Bottle:8848:2,0,0,Bottle,partnet_mobility,2,Bottle:2,0572f0f48c9d4da7f59ccfff270df8a46297128f367248c5319ffe5b16e2f3ad:8848,74248,50d602620495b090ca32f7d645fc73d9a3af3cc351bdfa505187cb50ec4a70cc,reused_valid,0.0,2026-08-31T10:58:57.736526Z,2026-08-31T10:58:57.759917Z,,"{""asset_dir"": ""/mnt/zsn/lyb/arti-skill/exp/PartNet-Mobility/data/dataset/8848"", ""base_renderer"": {""path"": ""/mnt/zsn/lyb/arti-skill/exp/scripts/render_articraft10k_asset_blender.py"", ""sha256"": ""24669921702ddf11c9668e16692f3a4cb7e5b40e040e215a878b92cdd294fe22""}, ""camera_distance"": 4.0012916553045015, ""device"": ""OPTIX"", ""geometry"": {""mesh_visual_count"": 7, ""primitive_counts"": {""box"": 0, ""cylinder"": 0, ""sphere"": 0}}, ""material_policy"": ""native OBJ/MTL diffuse materials, forced opaque; neutral fallback"", ""materials"": 7, ""objects"": 7, ""output"": ""/mnt/zsn/lyb/arti-skill/exp/partnet_mobility_uniform_n5_studio_256_v1/Bottle/8848/imgs/000.png"", ""radius"": 1.2151989187661458, ""root_link"": ""base"", ""shared_renderer"": {""path"": ""/mnt/zsn/lyb/arti-skill/arti-template/scripts/render_exported_asset_blender.py"", ""sha256"": ""f418515a9817218b08d577d95983ec934c34ddf19f17bb89c73bf52aa60bb3a7""}, ""visuals"": 7}"
3,Bottle,4118,/mnt/zsn/lyb/arti-skill/exp/PartNet-Mobility/data/dataset/4118,4118,/mnt/zsn/lyb/arti-skill/exp/PartNet-Mobility/data/dataset/4118/mobility.urdf,4118/mobility.urdf,1690,572053ab27a275735ca7e35822f64fa82686e34ba9db68dbc21a2980b2d212ed,41,3757132,689b78682a33ecd39ec05200303cbaf3087a54c7b28bdae187b4a4fefd81e332,71891b952802fccf7f0aa95b470c93bd5ab3453b9bedb327ba1c8d0d00cd6139,0ba896169af5b24dcc877d78f0c3feaf9c9c7f0ca2ef6248f19de437dfc2b003,False,/mnt/zsn/lyb/arti-skill/exp/partnet_mobility_uniform_n5_studio_256_v1/Bottle/4118/imgs/000.png,1811,partnet_mobility:Bottle:4118:3,0,0,Bottle,partnet_mobility,3,Bottle:3,0ba896169af5b24dcc877d78f0c3feaf9c9c7f0ca2ef6248f19de437dfc2b003:4118,72188,8ca8947e20dae4cd598235b3f9a2f0f3f3fc77e69b5da8d5b8a767a598ca22cd,reused_valid,0.0,2026-08-31T10:58:57.736722Z,2026-08-31T10:58:57.759595Z,,"{""asset_dir"": ""/mnt/zsn/lyb/arti-skill/exp/PartNet-Mobility/data/dataset/4118"", ""base_renderer"": {""path"": ""/mnt/zsn/lyb/arti-skill/exp/scripts/render_articraft10k_asset_blender.py"", ""sha256"": ""24669921702ddf11c9668e16692f3a4cb7e5b40e040e215a878b92cdd294fe22""}, ""camera_distance"": 3.8139087810063517, ""device"": ""OPTIX"", ""geometry"": {""mesh_visual_count"": 3, ""primitive_counts"": {""box"": 0, ""cylinder"": 0, ""sphere"": 0}}, ""material_policy"": ""native OBJ/MTL diffuse materials, forced opaque; neutral fallback"", ""materials"": 8, ""objects"": 3, ""output"": ""/mnt/zsn/lyb/arti-skill/exp/partnet_mobility_uniform_n5_studio_256_v1/Bottle/4118/imgs/000.png"", ""radius"": 1.1582904287437967, ""root_link"": ""base"", ""shared_renderer"": {""path"": ""/mnt/zsn/lyb/arti-skill/arti-template/scripts/render_exported_asset_blender.py"", ""sha256"": ""f418515a9817218b08d577d95983ec934c34ddf19f17bb89c73bf52aa60bb3a7""}, ""visuals"": 3}"
4,Bottle,3616,/mnt/zsn/lyb/arti-skill/exp/PartNet-Mobility/data/dataset/3616,3616,/mnt/zsn/lyb/arti-skill/exp/PartNet-Mobility/data/dataset/3616/mobility.urdf,3616/mobility.urdf,1943,2949708df94aa8e3c5d81a2ceb74369e74de268839d6d1e7654b60457188bcf4,46,3463674,d4b6b1f1f026da5dfb3a16039b1c92c81d73b13ed6c49bc0a730cc7110989eab,d98102f5862b49d92cf552a37f790a242023da4f5190e57ce7b8e407674542d4,10acb87b3040f4e177781ce677d7b30554cb20e93e2bbb1470b0e944fb63faf2,False,/mnt/zsn/lyb/arti-skill/exp/partnet_mobility_uniform_n5_studio_256_v1/Bottle/3616/imgs/000.png,1740,partnet_mobility:Bottle:3616:4,0,0,Bottle,partnet_mobility,4,Bottle:4,10acb87b3040f4e177781ce677d7b30554cb20e93e2bbb1470b0e944fb63faf2:3616,71341,c8ef9efe670b60123ebb1b55afca02c0b80ab38527f7ae221f026ae1c6989145,reused_valid,0.0,2026-08-31T10:58:57.736973Z,2026-08-31T10:58:57.760100Z,,"{""asset_dir"": ""/mnt/zsn/lyb/arti-skill/exp/PartNet-Mobility/data/dataset/3616"", ""base_renderer"": {""path"": ""/mnt/zsn/lyb/arti-skill/exp/scripts/render_articraft10k_asset_blender.py"", ""sha256"": ""24669921702ddf11c9668e16692f3a4cb7e5b40e040e215a878b92cdd294fe22""}, ""camera_distance"": 3.2231935933355005, ""device"": ""OPTIX"", ""geometry"": {""mesh_visual_count"": 4, ""primitive_counts"": {""box"": 0, ""cylinder"": 0, ""sphere"": 0}}, ""material_policy"": ""native OBJ/MTL diffuse materials, forced opaque; neutral fallback"", ""materials"": 5, ""objects"": 4, ""output"": ""/mnt/zsn/lyb/arti-skill/exp/partnet_mobility_uniform_n5_studio_256_v1/Bottle/3616/imgs/000.png"", ""radius"": 0.9788892455271908, ""root_link"": ""base"", ""shared_renderer"": {""path"": ""/mnt/zsn/lyb/arti-skill/arti-template/scripts/render_exported_asset_blender.py"", ""sha256"": ""f418515a9817218b08d577d95983ec934c34ddf19f17bb89c73bf52aa60bb3a7""}, ""visuals"": 4}"
5,Bottle,6037,/mnt/zsn/lyb/arti-skill/exp/PartNet-Mobility/data/dataset/6037,6037,/mnt/zsn/lyb/arti-skill/exp/PartNet-Mobility/data/dataset/6037/mobility.urdf,6037/mobility.urdf,1424,e2196ed7fac66acf3f5e879193b97bef23f3c7da241fec2b57f023411376b537,38,3405262,e69054e29e5539b3073df1bb077b34e1669db3e3b51ff2eff0d9c523527db988,74a097d7c9b96b0a8430062313d038437127fe6f40b7eaf1323a76167bc936fc,11d59efd19009d5ab1bf9f79b3b7097af6ad1bd8bf0a83a1da92aca269300c31,False,/mnt/zsn/lyb/arti-skill/exp/partnet_mobility_uniform_n5_studio_256_v1/Bottle/6037/imgs/000.png,2219,partnet_mobility:Bottle:6037:5,0,0,Bottle,partnet_mobility,5,Bottle:5,11d59efd19009d5ab1bf9f79b3b7097af6ad1bd8bf0a83a1da92aca269300c31:6037,72206,f8e330df677831585492d6650b8bf5813e273f6386b494c9b7703ded7ef8ad0a,reused_valid,0.0,2026-08-31T10:58:57.759678Z,2026-08-31T10:58:57.765131Z,,"{""asset_dir"": ""/mnt/zsn/lyb/arti-skill/exp/PartNet-Mobility/data/dataset/6037"", ""base_renderer"": {""path"": ""/mnt/zsn/lyb/arti-skill/exp/scripts/render_articraft10k_asset_blender.py"", ""sha256"": ""24669921702ddf11c9668e16692f3a4cb7e5b40e040e215a878b92cdd294fe22""}, ""camera_distance"": 4.066460401415617, ""device"": ""OPTIX"", ""geometry"": {""mesh_visual_count"": 2, ""primitive_counts"": {""box"": 0, ""cylinder"": 0, ""sphere"": 0}}, ""material_policy"": ""native OBJ/MTL diffuse materials, forced opaque; neutral fallback"", ""materials"": 3, ""objects"": 2, ""output"": ""/mnt/zsn/lyb/arti-skill/exp/partnet_mobility_uniform_n5_studio_256_v1/Bottle/6037/imgs/000.png"", ""radius"": 1.2349907751549665, ""root_link"": ""base"", ""shared_renderer"": {""path"": ""/mnt/zsn/lyb/arti-skill/arti-template/scripts/render_exported_asset_blender.py"", ""sha256"": ""f418515a9817218b08d577d95983ec934c34ddf19f17bb89c73bf52aa60bb3a7""}, ""visuals"": 2}"
6,Box,100685,/mnt/zsn/lyb/arti-skill/exp/PartNet-Mobility/data/dataset/100685,100685,/mnt/zsn/lyb/arti-skill/exp/PartNet-Mobility/data/dataset/100685/mobility.urdf,100685/mobility.urdf,31259,1c5f7e546daba06155b39cc9c48a697bb35b1063bf01f96fa87426e25e7da4ea,211,1165081,f8679b7d11a2c3fb5c06d71850ced5f710f1af492e78cef4c80e805c8a0ccb59,d7329ac08d17eb3b628d7471c1be5dbb9f77f7b7dd6340e264138d615ce3ebfc,069becc0901985ce8ec7e41a243d6b3ce11c18a5ff591c98dde9cd977cad22cc,True,/mnt/zsn/lyb/arti-skill/exp/partnet_mobility_uniform_n5_studio_256_v1/Box/100685/imgs/000.png,192,partnet_mobility:Box:100685:1,1,1,Box,partnet_mobility,1,Box:1,069becc0901985ce8ec7e41a243d6b3ce11c18a5ff591c98dde9cd977cad22cc:100685,81280,f8b376ddbebced2425971f7092d575ad6565b6596db1baf5b5c0a14dcb3338e2,reused_valid,0.0,2026-08-31T10:58:57.759955Z,2026-08-31T10:58:57.767160Z,,"{""asset_dir"": ""/mnt/zsn/lyb/arti-skill/exp/PartNet-Mobility/data/dataset/100685"", ""base_renderer"": {""path"": ""/mnt/zsn/lyb/arti-skill/exp/scripts/render_articraft10k_asset_blender.py"", ""sha256"": ""24669921702ddf11c9668e16692f3a4cb7e5b40e040e215a878b92cdd294fe22""}, ""camera_distance"": 3.2508469303346144, ""device"": ""OPTIX"", ""geometry"": {""mesh_visual_count"": 102, ""primitive_counts"": {""box"": 0, ""cylinder"": 0, ""sphere"": 0}}, ""material_policy"": ""native OBJ/MTL diffuse materials, forced opaque; neutral fallback"", ""materials"": 159, ""objects"": 102, ""output"": ""/mnt/zsn/lyb/arti-skill/exp/partnet_mobility_uniform_n5_studio_256_v1/Box/100685/imgs/000.png"", ""radius"": 0.9872876098846227, ""root_link"": ""base"", ""shared_renderer"": {""path"": ""/mnt/zsn/lyb/arti-skill/arti-template/scripts/render_exported_asset_blender.py"", ""sha256"": ""f418515a9817218b08d577d95983ec934c34ddf19f17bb89c73bf52aa60bb3a7""}, ""visuals"": 102}"
7,Box,100197,/mnt/zsn/lyb/arti-skill/exp/PartNet-Mobility/data/dataset/100197,100197,/mnt/zsn/lyb/arti-skill/exp/PartNet-Mobility/data/dataset/100197/mobility.urdf,100197/mobility.urdf,3406,8baf4dd9264e3ec0631f53bf5d78c84db815f873aba48b70423dbafba819a9c1,17,9237,f05bc681688043892b8fd9dcc294195c1a41cc0cd9192eb2174cc7a857f956c4,bf418b51b82ebd26b3cb733f4d6040c1bb2c8d87d85ccb0f4203b15f24ade7eb,092f7318c998626806b63050362d20b5d81377408b9c4f6e09e27d8f91858318,False,/mnt/zsn/lyb/arti-skill/exp/partnet_mobility_uniform_n5_studio_256_v1/Box/100197/imgs/000.png,65,partnet_mobility:Box:100197:2,1,1,Box,partnet_mobility,2,Box:2,092f7318c998626806b63050362d20b5d81377408b9c4f6e09e27d8f91858318:100197,72263,be554d3f4ae8f853f70a43dacac0acc052eaf53aca1c87714432d1667c16cfab,reused_valid,0.0,2026-08-31T10:58:57.760134Z,2026-08-31T10:58:57.765559Z,,"{""asset_dir"": ""/mnt/zsn/lyb/arti-skill/exp/PartNet-Mobility/data/dataset/100197"", ""base_renderer"": {""path"": ""/mnt/zsn/lyb/arti-skill/exp/scripts/render_articraft10k_asset_blender.py"", ""sha256"": ""24669921702ddf11c9668e16692f3a4cb7e5b40e040e215a878b92cdd294fe22""}, ""camera_distance"": 3.9947757260391628, ""device"": ""OPTIX"", ""geometry"": {""mesh_visual_count"": 5, ""primitive_counts"": {""box"": 0, ""cylinder"": 0, ""sphere"": 0}}, ""material_policy"": ""native OBJ/MTL diffuse materials, forced opaque; neutral fallback"", ""materials"": 5, ""objects"": 5, ""output"": ""/mnt/zsn/lyb/arti-skill/exp/partnet_mobility_uniform_n5_studio_256_v1/Box/100197/imgs/000.png"", ""radius"": 1.2132200202303443, ""root_link"": ""base"", ""shared_renderer"": {""path"": ""/mnt/zsn/lyb/arti-skill/arti-template/scripts/render_exported_asset_blender.py"", ""sha256"": ""f418515a9817218b08d577d95983ec934c34ddf19f17bb89c73bf52aa60bb3a7""}, ""visuals"": 5}"
8,Box,100658,/mnt/zsn/lyb/arti-skill/exp/PartNet-Mobility/data/dataset/100658,100658,/mnt/zsn/lyb/arti-skill/exp/PartNet-Mobility/data/dataset/100658/mobility.urdf,100658/mobility.urdf,4311,3e0f38838ed456f2c628c368c42d539d91317bd2409c35a156b6cdaf239339d4,23,59220,7722bbbd183704b7d49df158351398cd842a91701672fa87c23dc06997d8a9d0,3cf28b25606a688aebe4b9fbe0a0f9baafe08c09b854585df63451d6a2367e40,224c309f2389ec3f2d65015d871663ae1c38be9dcc78cbae1d831bbfe3cf3bc5,False,/mnt/zsn/lyb/arti-skill/exp/partnet_mobility_uniform_n5_studio_256_v1/Box/100658/imgs/000.png,187,partnet_mobility:Box:100658:3,1,1,Box,partnet_mobility,3,Box:3,224c309f2389ec3f2d65015d871663ae1c38be9dcc78cbae1d831bbfe3cf3bc5:100658,87055,91ff6dfee74856b08ce4f1b757aee68ac9f0680ae3f5bc6ce814ae2ccbdb599f,reused_valid,0.0,2026-08-31T10:58:57.760293Z,2026-08-31T10:58:57.766752Z,,"{""asset_dir"": ""/mnt/zsn/lyb/arti-skill/exp/PartNet-Mobility/data/dataset/100658"", ""base_renderer"": {""path"": ""/mnt/zsn/lyb/arti-skill/exp/scripts/render_articraft10k_asset_blender.py"", ""sha256"": ""24669921702ddf11c9668e16692f3a4cb7e5b40e040e215a878b92cdd294fe22""}, ""camera_distance"": 3.6819738066989074, ""device"": ""OPTIX"", ""geometry"": {""mesh_visual_count"": 8, ""primitive_counts"": {""box"": 0, ""cylinder"": 0, ""sphere"": 0}}, ""material_policy"": ""native OBJ/MTL diffuse materials, forced opaque; neutral fallback"", ""materials"": 12, ""objects"": 8, ""output"": ""/mnt/zsn/lyb/arti-skill/exp/partnet_mobility_uniform_n5_studio_256_v1/Box/100658/imgs/000.png"", ""radius"": 1.1182215580046941, ""root_link"": ""base"", ""shared_renderer"": {""path"": ""/mnt/zsn/lyb/arti-skill/arti-template/scripts/render_exported_asset_blender.py"", ""sha256"": ""f418515a9817218b08d577d95983ec934c34ddf19f17bb89c73bf52aa60bb3a7""}, ""visuals"": 8}"
9,Box,100426,/mnt/zsn/lyb/arti-skill/exp/PartNet-Mobility/data/dataset/100426,100426,/mnt/zsn/lyb/arti-skill/exp/PartNet-Mobility/data/dataset/100426/mobility.urdf,100426/mobility.urdf,2899,60a46a5b19a41ba25c5804101304d13d488ac525039c6da6c59b6643fad483b1,19,13381,50420381d69f8d7b8a4d141cab6dcf0e481894d7b05cb05945f1a8ee20781019,802f87d943359f92c7112f374b052c00be85a9495e30236df5f565a9f26c2bd2,3906ade98926ffff5d6d8ae25413e0dbf63403e868a14e98a1aaf6fecfaf1e5c,False,/mnt/zsn/lyb/arti-skill/exp/partnet_mobility_uniform_n5_studio_256_v1/Box/100426/imgs/000.png,116,partnet_mobility:Box:100426:4,1,1,Box,partnet_mobility,4,Box:4,3906ade98926ffff5d6d8ae25413e0dbf63403e868a14e98a1aaf6fecfaf1e5c:100426,84192,25b149618154c168407acbf578df43fbeb0bebd1082009a1477725ba6c0576b6,reused_valid,0.0,2026-08-31T10:58:57.765159Z,2026-08-31T10:58:57.770968Z,,"{""asset_dir"": ""/mnt/zsn/lyb/arti-skill/exp/PartNet-Mobility/data/dataset/100426"", ""base_renderer"": {""path"": ""/mnt/zsn/lyb/arti-skill/exp/scripts/render_articraft10k_asset_blender.py"", ""sha256"": ""24669921702ddf11c9668e16692f3a4cb7e5b40e040e215a878b92cdd294fe22""}, ""camera_distance"": 3.442199291030252, ""device"": ""OPTIX"", ""geometry"": {""mesh_visual_count"": 6, ""primitive_counts"": {""box"": 0, ""cylinder"": 0, ""sphere"": 0}}, ""material_policy"": ""native OBJ/MTL diffuse materials, forced opaque; neutral fallback"", ""materials"": 6, ""objects"": 6, ""output"": ""/mnt/zsn/lyb/arti-skill/exp/partnet_mobility_uniform_n5_studio_256_v1/Box/100426/imgs/000.png"", ""radius"": 1.045401639516135, ""root_link"": ""base"", ""shared_renderer"": {""path"": ""/mnt/zsn/lyb/arti-skill/arti-template/scripts/render_exported_asset_blender.py"", ""sha256"": ""f418515a9817218b08d577d95983ec934c34ddf19f17bb89c73bf52aa60bb3a7""}, ""visuals"": 6}"
10,Box,100202,/mnt/zsn/lyb/arti-skill/exp/PartNet-Mobility/data/dataset/100202,100202,/mnt/zsn/lyb/arti-skill/exp/PartNet-Mobility/data/dataset/100202/mobility.urdf,100202/mobility.urdf,3397,568caf6d8a0759cc0a5deb08d8214527fa303ab7590923a5f8929964b0d41d4d,17,9339,541bd48b4fdd185254e6e876b1b4c6d23929a0a3d78dc4494120a3599a0a1c16,98c4512276c7d4b567cfbbde135f30a4d5fcd56c3b9ee2ef8317fbbea760cb2e,3d3ac11b66f8a9e53116bfa7dfcbb4c21d8fffa4c1709df6caa5f0b20526545c,False,/mnt/zsn/lyb/arti-skill/exp/partnet_mobility_uniform_n5_studio_256_v1/Box/100202/imgs/000.png,66,partnet_mobility:Box:100202:5,1,1,Box,partnet_mobility,5,Box:5,3d3ac11b66f8a9e53116bfa7dfcbb4c21d8fffa4c1709df6caa5f0b20526545c:100202,72095,9efb21f67703f62718035f04c42b6711d2123bca3bfa0f5c0ef09687977e2a75,reused_valid,0.0,2026-08-31T10:58:57.765587Z,2026-08-31T10:58:57.770739Z,,"{""asset_dir"": ""/mnt/zsn/lyb/arti-skill/exp/PartNet-Mobility/data/dataset/100202"", ""base_renderer"": {""path"": ""/mnt/zsn/lyb/arti-skill/exp/scripts/render_articraft10k_asset_blender.py"", ""sha256"": ""24669921702ddf11c9668e16692f3a4cb7e5b40e040e215a878b92cdd294fe22""}, ""camera_distance"": 4.169997247580421, ""device"": ""OPTIX"", ""geometry"": {""mesh_visual_count"": 5, ""primitive_counts"": {""box"": 0, ""cylinder"": 0, ""sphere"": 0}}, ""material_policy"": ""native OBJ/MTL diffuse materials, forced opaque; neutral fallback"", ""materials"": 5, ""objects"": 5, ""output"": ""/mnt/zsn/lyb/arti-skill/exp/partnet_mobility_uniform_n5_studio_256_v1/Box/100202/imgs/000.png"", ""radius"": 1.2664350872298258, ""root_link"": ""base"", ""shared_renderer"": {""path"": ""/mnt/zsn/lyb/arti-skill/arti-template/scripts/render_exported_asset_blender.py"", ""sha256"": ""f418515a9817218b08d577d95983ec934c34ddf19f17bb89c73bf52aa60bb3a7""}, ""visuals"": 5}"
11,Bucket,100469,/mnt/zsn/lyb/arti-skill/exp/PartNet-Mobility/data/dataset/100469,100469,/mnt/zsn/lyb/arti-skill/exp/PartNet-Mobility/data/dataset/100469/mobility.urdf,100469/mobility.urdf,1896,241a3b204c7a55a90a59aa4ec7cf726eaa559be3e5c2efad0386609586b1f1ca,15,9525434,d6f4ad385ebff65041bb8ff67f7e4bcb736b4786159b9a6a32eb6d709dc769d2,2b1f0994a3205c292646fac69061dfdf532aa492df77d33d760024ce1ecdb0f0,07d295c156630236cc0a580ba4a7a090ab15867d3b2d3ee9412447137f881e3a,True,/mnt/zsn/lyb/arti-skill/exp/partnet_mobility_uniform_n5_studio_256_v1/Bucket/100469/imgs/000.png,137,partnet_mobility:Bucket:100469:1,2,2,Bucket,partnet_mobility,1,Bucket:1,07d295c156630236cc0a580ba4a7a090ab15867d3b2d3ee9412447137f881e3a:100469,74988,1ee0ae9515361ac83824b5655db5c0117510e10bf2eed174c40aa3714aafeae2,reused_valid,0.0,2026-08-31T10:58:57.766781Z,2026-08-31T10:58:57.772459Z,,"{""asset_dir"": ""/mnt/zsn/lyb/arti-skill/exp/PartNet-Mobility/data/dataset/100469"", ""base_renderer"": {""path"": ""/mnt/zsn/lyb/arti-skill/exp/scripts/render_articraft10k_asset_blender.py"", ""sha256"": ""24669921702ddf11c9668e16692f3a4cb7e5b40e040e215a878b92cdd294fe22""}, ""camera_distance"": 3.924242085462714, ""device"": ""OPTIX"", ""geometry"": {""mesh_visual_count"": 4, ""primitive_counts"": {""box"": 0, ""cylinder"": 0, ""sphere"": 0}}, ""material_policy"": ""native OBJ/MTL diffuse materials, forced opaque; neutral fallback"", ""materials"": 4, ""objects"": 4, ""output"": ""/mnt/zsn/lyb/arti-skill/exp/partnet_mobility_uniform_n5_studio_256_v1/Bucket/100469/imgs/000.png"", ""radius"": 1.1917988364854624, ""root_link"": ""base"", ""shared_renderer"": {""path"": ""/mnt/zsn/lyb/arti-skill/arti-template/scripts/render_exported_asset_blender.py"", ""sha256"": ""f418515a9817218b08d577d95983ec934c34ddf19f17bb89c73bf52aa60bb3a7""}, ""visuals"": 4}"
12,Bucket,100431,/mnt/zsn/lyb/arti-skill/exp/PartNet-Mobility/data/dataset/100431,100431,/mnt/zsn/lyb/arti-skill/exp/PartNet-Mobility/data/dataset/100431/mobility.urdf,100431/mobility.urdf,1790,6b286da9a3b6173594537716f8c4a9b47df106c4d4a668125c77afbb33eb94a9,17,2042442,57c9f7adeb597182aba378dca66cc8a66d80ba05d2e362b6f8e0faf8ee4f7310,1f70274a0a4802bc18b64d210acd0ad69283388a7387d8def371f3e50a76abce,0876deb7c67480687a3e343515d8d61a687a51bec598a42453728e6af0fbc3b3,False,/mnt/zsn/lyb/arti-skill/exp/partnet_mobility_uniform_n5_studio_256_v1/Bucket/100431/imgs/000.png,117,partnet_mobility:Bucket:100431:2,2,2,Bucket,partnet_mobility,2,Bucket:2,0876deb7c67480687a3e343515d8d61a687a51bec598a42453728e6af0fbc3b3:100431,76170,ffb4c41bee8f8a5861489fe82830319d1eee142a7fe717a051817c66349264ea,reused_valid,0.0,2026-08-31T10:58:57.767188Z,2026-08-31T10:58:57.772355Z,,"{""asset_dir"": ""/mnt/zsn/lyb/arti-skill/exp/PartNet-Mobility/data/dataset/100431"", ""base_renderer"": {""path"": ""/mnt/zsn/lyb/arti-skill/exp/scripts/render_articraft10k_asset_blender.py"", ""sha256"": ""24669921702ddf11c9668e16692f3a4cb7e5b40e040e215a878b92cdd294fe22""}, ""camera_distance"": 3.288832301630622, ""device"": ""OPTIX"", ""geometry"": {""mesh_visual_count"": 4, ""primitive_counts"": {""box"": 0, ""cylinder"": 0, ""sphere"": 0}}, ""material_policy"": ""native OBJ/MTL diffuse materials, forced opaque; neutral fallback"", ""materials"": 8, ""objects"": 4, ""output"": ""/mnt/zsn/lyb/arti-skill/exp/partnet_mobility_uniform_n5_studio_256_v1/Bucket/100431/imgs/000.png"", ""radius"": 0.9988238302115376, ""root_link"": ""base"", ""shared_renderer"": {""path"": ""/mnt/zsn/lyb/arti-skill/arti-template/scripts/render_exported_asset_blender.py"", ""sha256"": ""f418515a9817218b08d577d95983ec934c34ddf19f17bb89c73bf52aa60bb3a7""}, ""visuals"": 4}"
13,Bucket,100454,/mnt/zsn/lyb/arti-skill/exp/PartNet-Mobility/data/dataset/100454,100454,/mnt/zsn/lyb/arti-skill/exp/PartNet-Mobility/data/dataset/100454/mobility.urdf,100454/mobility.urdf,1226,111795cad61798802d71669577846ef59bdd90bc835c9f136dd762e41ac2fe7e,12,62576,885292a128e0e7a80aadf09bbd53a4c86c86acecf10f9fddde729dac883ba451,2b6b4b384f4ee6e198064eb05a80c48c4a7c3b1b4a3a2b6c1d045bd7b7819bc0,0d9c164898402769dd9fc2caa2b735f654ab271df4956946776e358e89b5f96b,False,/mnt/zsn/lyb/arti-skill/exp/partnet_mobility_uniform_n5_studio_256_v1/Bucket/100454/imgs/000.png,129,partnet_mobility:Bucket:100454:3,2,2,Bucket,partnet_mobility,3,Bucket:3,0d9c164898402769dd9fc2caa2b735f654ab271df4956946776e358e89b5f96b:100454,71987,28f5ab7b40aa700b593a79468b1ee09f4f96434b179410d8f5745cad4cbe3817,reused_valid,0.0,2026-08-31T10:58:57.770766Z,2026-08-31T10:58:57.776972Z,,"{""asset_dir"": ""/mnt/zsn/lyb/arti-skill/exp/PartNet-Mobility/data/dataset/100454"", ""base_renderer"": {""path"": ""/mnt/zsn/lyb/arti-skill/exp/scripts/render_articraft10k_asset_blender.py"", ""sha256"": ""24669921702ddf11c9668e16692f3a4cb7e5b40e040e215a878b92cdd294fe22""}, ""camera_distance"": 3.6646040127307296, ""device"": ""OPTIX"", ""geometry"": {""mesh_visual_count"": 2, ""primitive_counts"": {""box"": 0, ""cylinder"": 0, ""sphere"": 0}}, ""material_policy"": ""native OBJ/MTL diffuse materials, forced opaque; neutral fallback"", ""materials"": 3, ""objects"": 2, ""output"": ""/mnt/zsn/lyb/arti-skill/exp/partnet_mobility_uniform_n5_studio_256_v1/Bucket/100454/imgs/000.png"", ""radius"": 1.1129463227387675, ""root_link"": ""base"", ""shared_renderer"": {""path"": ""/mnt/zsn/lyb/arti-skill/arti-template/scripts/render_exported_asset_blender.py"", ""sha256"": ""f418515a9817218b08d577d95983ec934c34ddf19f17bb89c73bf52aa60bb3a7""}, ""visuals"": 2}"
14,Bucket,102367,/mnt/zsn/lyb/arti-skill/exp/PartNet-Mobility/data/dataset/102367,102367,/mnt/zsn/lyb/arti-skill/exp/PartNet-Mobility/data/dataset/102367/mobility.urdf,102367/mobility.urdf,3495,9b192ca001447fa3a34da1b66aaf4108d7cfb57f17c5f38c8e7e6d44216ec40d,26,1094362,f845a31237e492bea0e8438e7c58cfcc7a57e296298f2f575abcd8a1e4511250,30ef15ae36276c87f1d0d6d80fc6953913fc0e2052663a297a4092c0b606c703,24d1a28d35e935f71b14c91534b4a2acd50bc0ba81cbd7360b43c87705505622,False,/mnt/zsn/lyb/arti-skill/exp/partnet_mobility_uniform_n5_studio_256_v1/Bucket/102367/imgs/000.png,732,partnet_mobility:Bucket:102367:4,2,2,Bucket,partnet_mobility,4,Bucket:4,24d1a28d35e935f71b14c91534b4a2acd50bc0ba81cbd7360b43c87705505622:102367,80065,ecd998458cfb08ea7010be3c5d7a77bd94fcb3b535a99080acb367bf938f18ad,reused_valid,0.0,2026-08-31T10:58:57.770995Z,2026-08-31T10:58:57.776275Z,,"{""asset_dir"": ""/mnt/zsn/lyb/arti-skill/exp/PartNet-Mobility/data/dataset/102367"", ""base_renderer"": {""path"": ""/mnt/zsn/lyb/arti-skill/exp/scripts/render_articraft10k_asset_blender.py"", ""sha256"": ""24669921702ddf11c9668e16692f3a4cb7e5b40e040e215a878b92cdd294fe22""}, ""camera_distance"": 4.480009048492765, ""device"": ""OPTIX"", ""geometry"": {""mesh_visual_count"": 9, ""primitive_counts"": {""box"": 0, ""cylinder"": 0, ""sphere"": 0}}, ""material_policy"": ""native OBJ/MTL diffuse materials, forced opaque; neutral fallback"", ""materials"": 14, ""objects"": 9, ""output"": ""/mnt/zsn/lyb/arti-skill/exp/partnet_mobility_uniform_n5_studio_256_v1/Bucket/102367/imgs/000.png"", ""radius"": 1.360586185856691, ""root_link"": ""base"", ""shared_renderer"": {""path"": ""/mnt/zsn/lyb/arti-skill/arti-template/scripts/render_exported_asset_blender.py"", ""sha256"": ""f418515a9817218b08d577d95983ec934c34ddf19f17bb89c73bf52aa60bb3a7""}, ""visuals"": 9}"
15,Bucket,102369,/mnt/zsn/lyb/arti-skill/exp/PartNet-Mobility/data/dataset/102369,102369,/mnt/zsn/lyb/arti-skill/exp/PartNet-Mobility/data/dataset/102369/mobility.urdf,102369/mobility.urdf,2359,8c7203a74a522b249188907528f30a1fe0fa8799f1a91ee43bfe6faa4ad27691,20,308525,a4fd7451deeb4d80a3ce96b8ed46366d844a73573349c1fada94ac69a251ade3,41d84656bfe25fbcb8c566da788c3799e652ca4f1641b7f6e9545f2f6ed90381,261b3c604e81c68384473a18eca083d71c530d018160d61aae45fe7a5a97776f,False,/mnt/zsn/lyb/arti-skill/exp/partnet_mobility_uniform_n5_studio_256_v1/Bucket/102369/imgs/000.png,733,partnet_mobility:Bucket:102369:5,2,2,Bucket,partnet_mobility,5,Bucket:5,261b3c604e81c68384473a18eca083d71c530d018160d61aae45fe7a5a97776f:102369,83479,11c477b4be0cfc33196a31a02b58d45f7476979c132f1ba597cdec87a91bf100,reused_valid,0.0,2026-08-31T10:58:57.772381Z,2026-08-31T10:58:57.777873Z,,"{""asset_dir"": ""/mnt/zsn/lyb/arti-skill/exp/PartNet-Mobility/data/dataset/102369"", ""base_renderer"": {""path"": ""/mnt/zsn/lyb/arti-skill/exp/scripts/render_articraft10k_asset_blender.py"", ""sha256"": ""24669921702ddf11c9668e16692f3a4cb7e5b40e040e215a878b92cdd294fe22""}, ""camera_distance"": 3.4645710364890614, ""device"": ""OPTIX"", ""geometry"": {""mesh_visual_count"": 6, ""primitive_counts"": {""box"": 0, ""cylinder"": 0, ""sphere"": 0}}, ""material_policy"": ""native OBJ/MTL diffuse materials, forced opaque; neutral fallback"", ""materials"": 6, ""objects"": 6, ""output"": ""/mnt/zsn/lyb/arti-skill/exp/partnet_mobility_uniform_n5_studio_256_v1/Bucket/102369/imgs/000.png"", ""radius"": 1.0521959757541386, ""root_link"": ""base"", ""shared_renderer"": {""path"": ""/mnt/zsn/lyb/arti-skill/arti-template/scripts/render_exported_asset_blender.py"", ""sha256"": ""f418515a9817218b08d577d95983ec934c34ddf19f17bb89c73bf52aa60bb3a7""}, ""visuals"": 6}"
16,Camera,102536,/mnt/zsn/lyb/arti-skill/exp/PartNet-Mobility/data/dataset/102536,102536,/mnt/zsn/lyb/arti-skill/exp/PartNet-Mobility/data/dataset/102536/mobility.urdf,102536/mobility.urdf,11511,0e8ca82bc96d6114edb5fa109d97c162cca30eae8e81fdb4e7a188b710d84197,78,1063892,010e8eaa6732f72b2a8c70201224fbc07b7d291918d06041acf56cb6168b087e,182b14ec4d52b02e80992cf2b76daae920811c0f00b3fc4fbfcd3a3550041a05,0768474f17b8d8152eacf28a73c8c1989cb48ce1631e0aa32dd35cebee4b6c28,True,/mnt/zsn/lyb/arti-skill/exp/partnet_mobility_uniform_n5_studio_256_v1/Camera/102536/imgs/000.png,772,partnet_mobility:Camera:102536:1,3,3,Camera,partnet_mobility,1,Camera:1,0768474f17b8d8152eacf28a73c8c1989cb48ce1631e0aa32dd35cebee4b6c28:102536,89180,420a2e5f01961cc8643e4f794b9f5b59ecff0f34b3c02f9a1766d75989edf09b,reused_valid,0.0,2026-08-31T10:58:57.772486Z,2026-08-31T10:58:57.779047Z,,"{""asset_dir"": ""/mnt/zsn/lyb/arti-skill/exp/PartNet-Mobility/data/dataset/102536"", ""base_renderer"": {""path"": ""/mnt/zsn/lyb/arti-skill/exp/scripts/render_articraft10k_asset_blender.py"", ""sha256"": ""24669921702ddf11c9668e16692f3a4cb7e5b40e040e215a878b92cdd294fe22""}, ""camera_distance"": 3.969659936199867, ""device"": ""OPTIX"", ""geometry"": {""mesh_visual_count"": 35, ""primitive_counts"": {""box"": 0, ""cylinder"": 0, ""sphere"": 0}}, ""material_policy"": ""native OBJ/MTL diffuse materials, forced opaque; neutral fallback"", ""materials"": 66, ""objects"": 35, ""output"": ""/mnt/zsn/lyb/arti-skill/exp/partnet_mobility_uniform_n5_studio_256_v1/Camera/102536/imgs/000.png"", ""radius"": 1.205592313158252, ""root_link"": ""base"", ""shared_renderer"": {""path"": ""/mnt/zsn/lyb/arti-skill/arti-template/scripts/render_exported_asset_blender.py"", ""sha256"": ""f418515a9817218b08d577d95983ec934c34ddf19f17bb89c73bf52aa60bb3a7""}, ""visuals"": 35}"
17,Camera,102532,/mnt/zsn/lyb/arti-skill/exp/PartNet-Mobility/data/dataset/102532,102532,/mnt/zsn/lyb/arti-skill/exp/PartNet-Mobility/data/dataset/102532/mobility.urdf,102532/mobility.urdf,13038,a49f66f136c6868e82f8548451e37a2bccb44db8416cae65ddba1cb9258b1d7e,92,559692,952fb224d578069bac671e01cf10c50936c3666a1bffad5f19d1c912d3cdf9f2,8b0d48d3a3ddb97ae420b0f5d6e140b8be61211f22cacd5a5b7a933edf6640d2,0edce29c9093fcfd2977f21fc6c9e5a4dd6d32f3e3771e842c1752bfa1c0d7e1,False,/mnt/zsn/lyb/arti-skill/exp/partnet_mobility_uniform_n5_studio_256_v1/Camera/102532/imgs/000.png,771,partnet_mobility:Camera:102532:2,3,3,Camera,partnet_mobility,2,Camera:2,0edce29c9093fcfd2977f21fc6c9e5a4dd6d32f3e3771e842c1752bfa1c0d7e1:102532,86048,b5798459813221dd6a6997c4d78b8ee1b974eb6bd6c1981df4dd829654197490,reused_valid,0.0,2026-08-31T10:58:57.776308Z,2026-08-31T10:58:57.782718Z,,"{""asset_dir"": ""/mnt/zsn/lyb/arti-skill/exp/PartNet-Mobility/data/dataset/102532"", ""base_renderer"": {""path"": ""/mnt/zsn/lyb/arti-skill/exp/scripts/render_articraft10k_asset_blender.py"", ""sha256"": ""24669921702ddf11c9668e16692f3a4cb7e5b40e040e215a878b92cdd294fe22""}, ""camera_distance"": 3.886532547019934, ""device"": ""OPTIX"", ""geometry"": {""mesh_visual_count"": 42, ""primitive_counts"": {""box"": 0, ""cylinder"": 0, ""sphere"": 0}}, ""material_policy"": ""native OBJ/MTL diffuse materials, forced opaque; neutral fallback"", ""materials"": 61, ""objects"": 42, ""output"": ""/mnt/zsn/lyb/arti-skill/exp/partnet_mobility_uniform_n5_studio_256_v1/Camera/102532/imgs/000.png"", ""radius"": 1.1803463870540176, ""root_link"": ""base"", ""shared_renderer"": {""path"": ""/mnt/zsn/lyb/arti-skill/arti-template/scripts/render_exported_asset_blender.py"", ""sha256"": ""f418515a9817218b08d577d95983ec934c34ddf19f17bb89c73bf52aa60bb3a7""}, ""visuals"": 42}"
18,Camera,102845,/mnt/zsn/lyb/arti-skill/exp/PartNet-Mobility/data/dataset/102845,102845,/mnt/zsn/lyb/arti-skill/exp/PartNet-Mobility/data/dataset/102845/mobility.urdf,102845/mobility.urdf,12187,34c44abde234037ba9994cb6de9968459f0e3a4b5c60b40affd0779d470ff5e1,75,1336008,138c0cc6af2dce2fa5abfb1e9cb15e4e659ec043ad7c451893b5b4cf1fd053e9,c14a5a88387c1e8daacc47436391ea3803941533ee0e33ebc765590e7eebee7b,16ecbf50beeb3035e4fd0d5f522e9443c418f489c9db1d40ffd43947800fcd8f,False,/mnt/zsn/lyb/arti-skill/exp/partnet_mobility_uniform_n5_studio_256_v1/Camera/102845/imgs/000.png,906,partnet_mobility:Camera:102845:3,3,3,Camera,partnet_mobility,3,Camera:3,16ecbf50beeb3035e4fd0d5f522e9443c418f489c9db1d40ffd43947800fcd8f:102845,80617,fb3d42957317cf6e56853fce2529285609820a1bbae2534ea35dc88062e10edb,reused_valid,0.0,2026-08-31T10:58:57.776999Z,2026-08-31T10:58:57.782503Z,,"{""asset_dir"": ""/mnt/zsn/lyb/arti-skill/exp/PartNet-Mobility/data/dataset/102845"", ""base_renderer"": {""path"": ""/mnt/zsn/lyb/arti-skill/exp/scripts/render_articraft10k_asset_blender.py"", ""sha256"": ""24669921702ddf11c9668e16692f3a4cb7e5b40e040e215a878b92cdd294fe22""}, ""camera_distance"": 3.4334348037873395, ""device"": ""OPTIX"", ""geometry"": {""mesh_visual_count"": 34, ""primitive_counts"": {""box"": 0, ""cylinder"": 0, ""sphere"": 0}}, ""material_policy"": ""native OBJ/MTL diffuse materials, forced opaque; neutral fallback"", ""materials"": 58, ""objects"": 34, ""output"": ""/mnt/zsn/lyb/arti-skill/exp/partnet_mobility_uniform_n5_studio_256_v1/Camera/102845/imgs/000.png"", ""radius"": 1.042739850189429, ""root_link"": ""base"", ""shared_renderer"": {""path"": ""/mnt/zsn/lyb/arti-skill/arti-template/scripts/render_exported_asset_blender.py"", ""sha256"": ""f418515a9817218b08d577d95983ec934c34ddf19f17bb89c73bf52aa60bb3a7""}, ""visuals"": 34}"
19,Camera,102442,/mnt/zsn/lyb/arti-skill/exp/PartNet-Mobility/data/dataset/102442,102442,/mnt/zsn/lyb/arti-skill/exp/PartNet-Mobility/data/dataset/102442/mobility.urdf,102442/mobility.urdf,18338,d155855f1000f908af8bd53e2dad7be8c2e985d1ffdff76411fbc3939d359dc5,118,1061178,d323e6921a7073960b05300b2f2cc7c355ffe663678a2f24c50f8aadc2948e18,fcf837f01113efa2b5a87273032c1a583d57c8cec5147298141ff81a651970a7,1b544d21dcff43fa049f748b20bf3258e5b6da5f2a7cfd50db01c37bb188bc3e,False,/mnt/zsn/lyb/arti-skill/exp/partnet_mobility_uniform_n5_studio_256_v1/Camera/102442/imgs/000.png,761,partnet_mobility:Camera:102442:4,3,3,Camera,partnet_mobility,4,Camera:4,1b544d21dcff43fa049f748b20bf3258e5b6da5f2a7cfd50db01c37bb188bc3e:102442,91223,c7685134719c37682e566ec9b4fd20f1ded0b511acf8c0755b5c7ca5d3b9b4aa,reused_valid,0.0,2026-08-31T10:58:57.777899Z,2026-08-31T10:58:57.784816Z,,"{""asset_dir"": ""/mnt/zsn/lyb/arti-skill/exp/PartNet-Mobility/data/dataset/102442"", ""base_renderer"": {""path"": ""/mnt/zsn/lyb/arti-skill/exp/scripts/render_articraft10k_asset_blender.py"", ""sha256"": ""24669921702ddf11c9668e16692f3a4cb7e5b40e040e215a878b92cdd294fe22""}, ""camera_distance"": 3.3515583598105385, ""device"": ""OPTIX"", ""geometry"": {""mesh_visual_count"": 52, ""primitive_counts"": {""box"": 0, ""cylinder"": 0, ""sphere"": 0}}, ""material_policy"": ""native OBJ/MTL diffuse materials, forced opaque; neutral fallback"", ""materials"": 103, ""objects"": 52, ""output"": ""/mnt/zsn/lyb/arti-skill/exp/partnet_mobility_uniform_n5_studio_256_v1/Camera/102442/imgs/000.png"", ""radius"": 1.0178738382202381, ""root_link"": ""base"", ""shared_renderer"": {""path"": ""/mnt/zsn/lyb/arti-skill/arti-template/scripts/render_exported_asset_blender.py"", ""sha256"": ""f418515a9817218b08d577d95983ec934c34ddf19f17bb89c73bf52aa60bb3a7""}, ""visuals"": 52}"
20,Camera,102852,/mnt/zsn/lyb/arti-skill/exp/PartNet-Mobility/data/dataset/102852,102852,/mnt/zsn/lyb/arti-skill/exp/PartNet-Mobility/data/dataset/102852/mobility.urdf,102852/mobility.urdf,9528,2e17bbdc5e711debb73e787ecd8c94f85bc65eaf020f7442379aa9e23ed26fdf,67,167382,3f4deedad34c4ca206be69a86ac3fbcab40bb10d69dc534de2a9dfaecd39b583,1e295070339355f89ea06d1b3291c31ca7ffcf4dc3a747fbb4317637bf342371,1c453c0d0f8faf7a27104ea560f86d3f2c282115aaa4d4936fafac559a27a5a2,False,/mnt/zsn/lyb/arti-skill/exp/partnet_mobility_uniform_n5_studio_256_v1/Camera/102852/imgs/000.png,907,partnet_mobility:Camera:102852:5,3,3,Camera,partnet_mobility,5,Camera:5,1c453c0d0f8faf7a27104ea560f86d3f2c282115aaa4d4936fafac559a27a5a2:102852,82089,aa38a6fa60c81469c5c35d4c35734792fb946e9c2c10d8dc62a65ace35ce87eb,reused_valid,0.0,2026-08-31T10:58:57.779075Z,2026-08-31T10:58:57.785032Z,,"{""asset_dir"": ""/mnt/zsn/lyb/arti-skill/exp/PartNet-Mobility/data/dataset/102852"", ""base_renderer"": {""path"": ""/mnt/zsn/lyb/arti-skill/exp/scripts/render_articraft10k_asset_blender.py"", ""sha256"": ""24669921702ddf11c9668e16692f3a4cb7e5b40e040e215a878b92cdd294fe22""}, ""camera_distance"": 3.8276036083899054, ""device"": ""OPTIX"", ""geometry"": {""mesh_visual_count"": 27, ""primitive_counts"": {""box"": 0, ""cylinder"": 0, ""sphere"": 0}}, ""material_policy"": ""native OBJ/MTL diffuse materials, forced opaque; neutral fallback"", ""materials"": 27, ""objects"": 27, ""output"": ""/mnt/zsn/lyb/arti-skill/exp/partnet_mobility_uniform_n5_studio_256_v1/Camera/102852/imgs/000.png"", ""radius"": 1.1624495705566964, ""root_link"": ""base"", ""shared_renderer"": {""path"": ""/mnt/zsn/lyb/arti-skill/arti-template/scripts/render_exported_asset_blender.py"", ""sha256"": ""f418515a9817218b08d577d95983ec934c34ddf19f17bb89c73bf52aa60bb3a7""}, ""visuals"": 27}"
21,Cart,101066,/mnt/zsn/lyb/arti-skill/exp/PartNet-Mobility/data/dataset/101066,101066,/mnt/zsn/lyb/arti-skill/exp/PartNet-Mobility/data/dataset/101066/mobility.urdf,101066/mobility.urdf,59361,c47a038e9d9eee01d45deeed6d4d18e6fca44d3155e21298b168dfb4ed4549ac,414,845053,843fd422e41eb49c7176728574dd3fb1a982d56d51d6297c315f843a3dcfc803,00bf84c710f404ae2b10b8f071a958f125b4ebc4b514c063c19ff0ce790ba935,0259a65fdc819cf29762f0d687facb7378ac79d45e8e906277a610ecb7652271,True,/mnt/zsn/lyb/arti-skill/exp/partnet_mobility_uniform_n5_studio_256_v1/Cart/101066/imgs/000.png,365,partnet_mobility:Cart:101066:1,4,4,Cart,partnet_mobility,1,Cart:1,0259a65fdc819cf29762f0d687facb7378ac79d45e8e906277a610ecb7652271:101066,85074,0798c5446a567b64010caea112f24633b356c79cc89b343aeb61ef1856ea3bf2,reused_valid,0.0,2026-08-31T10:58:57.782533Z,2026-08-31T10:58:57.788818Z,,"{""asset_dir"": ""/mnt/zsn/lyb/arti-skill/exp/PartNet-Mobility/data/dataset/101066"", ""base_renderer"": {""path"": ""/mnt/zsn/lyb/arti-skill/exp/scripts/render_articraft10k_asset_blender.py"", ""sha256"": ""24669921702ddf11c9668e16692f3a4cb7e5b40e040e215a878b92cdd294fe22""}, ""camera_distance"": 3.3801487730766184, ""device"": ""OPTIX"", ""geometry"": {""mesh_visual_count"": 202, ""primitive_counts"": {""box"": 0, ""cylinder"": 0, ""sphere"": 0}}, ""material_policy"": ""native OBJ/MTL diffuse materials, forced opaque; neutral fallback"", ""materials"": 274, ""objects"": 202, ""output"": ""/mnt/zsn/lyb/arti-skill/exp/partnet_mobility_uniform_n5_studio_256_v1/Cart/101066/imgs/000.png"", ""radius"": 1.0265567941957063, ""root_link"": ""base"", ""shared_renderer"": {""path"": ""/mnt/zsn/lyb/arti-skill/arti-template/scripts/render_exported_asset_blender.py"", ""sha256"": ""f418515a9817218b08d577d95983ec934c34ddf19f17bb89c73bf52aa60bb3a7""}, ""visuals"": 202}"
22,Cart,100858,/mnt/zsn/lyb/arti-skill/exp/PartNet-Mobility/data/dataset/100858,100858,/mnt/zsn/lyb/arti-skill/exp/PartNet-Mobility/data/dataset/100858/mobility.urdf,100858/mobility.urdf,4020,063bef7896345f37d2dd164ff7dc31d39af11046745196a49d3b286c58923f09,23,274478,95ee80774b016de27cf2429043f72803f2dab7753655fab89df1e1c135e32ee3,cfb87ca8f35baecca0e0aa6170d2f94da50583261f7775f6f13d598aac5dc617,08c8e494dbd832825c0b8b01661839f5e672fc083cf8465ecd7c1b7ce4d3eec0,False,/mnt/zsn/lyb/arti-skill/exp/partnet_mobility_uniform_n5_studio_256_v1/Cart/100858/imgs/000.png,277,partnet_mobility:Cart:100858:2,4,4,Cart,partnet_mobility,2,Cart:2,08c8e494dbd832825c0b8b01661839f5e672fc083cf8465ecd7c1b7ce4d3eec0:100858,77502,c2833a52fd6756a8a34b627c84be3b0213de8d292384842fc13b2fcefa7c8556,reused_valid,0.0,2026-08-31T10:58:57.782744Z,2026-08-31T10:58:57.788572Z,,"{""asset_dir"": ""/mnt/zsn/lyb/arti-skill/exp/PartNet-Mobility/data/dataset/100858"", ""base_renderer"": {""path"": ""/mnt/zsn/lyb/arti-skill/exp/scripts/render_articraft10k_asset_blender.py"", ""sha256"": ""24669921702ddf11c9668e16692f3a4cb7e5b40e040e215a878b92cdd294fe22""}, ""camera_distance"": 3.520328639038274, ""device"": ""OPTIX"", ""geometry"": {""mesh_visual_count"": 8, ""primitive_counts"": {""box"": 0, ""cylinder"": 0, ""sphere"": 0}}, ""material_policy"": ""native OBJ/MTL diffuse materials, forced opaque; neutral fallback"", ""materials"": 8, ""objects"": 8, ""output"": ""/mnt/zsn/lyb/arti-skill/exp/partnet_mobility_uniform_n5_studio_256_v1/Cart/100858/imgs/000.png"", ""radius"": 1.0691296522185798, ""root_link"": ""base"", ""shared_renderer"": {""path"": ""/mnt/zsn/lyb/arti-skill/arti-template/scripts/render_exported_asset_blender.py"", ""sha256"": ""f418515a9817218b08d577d95983ec934c34ddf19f17bb89c73bf52aa60bb3a7""}, ""visuals"": 8}"
23,Cart,100496,/mnt/zsn/lyb/arti-skill/exp/PartNet-Mobility/data/dataset/100496,100496,/mnt/zsn/lyb/arti-skill/exp/PartNet-Mobility/data/dataset/100496/mobility.urdf,100496/mobility.urdf,4441,627b48bf9b6f7c90154791fb36d63f9537804ef716a17b286a466b77c8e4d65f,27,380951,d4e8ec6a0c9b8ec8113277e15c94cc55b219d7b1184d796e4318b7cedd58b8e0,3153aa6437b80430b5ff9ba6fff2adf77fe5525e02a723ec8ed87659c9743efe,16d74d66baf1e76f82166fbbeb6a7cef3726ff4712299a463587bc3ff567b3a5,False,/mnt/zsn/lyb/arti-skill/exp/partnet_mobility_uniform_n5_studio_256_v1/Cart/100496/imgs/000.png,151,partnet_mobility:Cart:100496:3,4,4,Cart,partnet_mobility,3,Cart:3,16d74d66baf1e76f82166fbbeb6a7cef3726ff4712299a463587bc3ff567b3a5:100496,96050,7c1a26f6440c2e99e6a85039a407054df876ec265db69cb3e6da4aefbe48b28c,reused_valid,0.0,2026-08-31T10:58:57.784842Z,2026-08-31T10:58:57.791019Z,,"{""asset_dir"": ""/mnt/zsn/lyb/arti-skill/exp/PartNet-Mobility/data/dataset/100496"", ""base_renderer"": {""path"": ""/mnt/zsn/lyb/arti-skill/exp/scripts/render_articraft10k_asset_blender.py"", ""sha256"": ""24669921702ddf11c9668e16692f3a4cb7e5b40e040e215a878b92cdd294fe22""}, ""camera_distance"": 3.3701324169783424, ""device"": ""OPTIX"", ""geometry"": {""mesh_visual_count"": 9, ""primitive_counts"": {""box"": 0, ""cylinder"": 0, ""sphere"": 0}}, ""material_policy"": ""native OBJ/MTL diffuse materials, forced opaque; neutral fallback"", ""materials"": 12, ""objects"": 9, ""output"": ""/mnt/zsn/lyb/arti-skill/exp/partnet_mobility_uniform_n5_studio_256_v1/Cart/100496/imgs/000.png"", ""radius"": 1.0235148102192408, ""root_link"": ""base"", ""shared_renderer"": {""path"": ""/mnt/zsn/lyb/arti-skill/arti-template/scripts/render_exported_asset_blender.py"", ""sha256"": ""f418515a9817218b08d577d95983ec934c34ddf19f17bb89c73bf52aa60bb3a7""}, ""visuals"": 9}"
24,Cart,100509,/mnt/zsn/lyb/arti-skill/exp/PartNet-Mobility/data/dataset/100509,100509,/mnt/zsn/lyb/arti-skill/exp/PartNet-Mobility/data/dataset/100509/mobility.urdf,100509/mobility.urdf,1169,517b0d52d8e7cbe03b71487150efd87cbd77d42385e169c7f7c48601d301b700,14,327340,d86d18c3be788ebf6f1e2dfe7112d5590833bf7b176066503aa6de7e59f04e21,ae8e28b041ee2c604570f4b7df27edbb8dce26680695ba08e2d267103fa4a247,19f30384edf1adf7873208d6624bc96a143387cd9b74b3901730dc87a8d6b738,False,/mnt/zsn/lyb/arti-skill/exp/partnet_mobility_uniform_n5_studio_256_v1/Cart/100509/imgs/000.png,159,partnet_mobility:Cart:100509:4,4,4,Cart,partnet_mobility,4,Cart:4,19f30384edf1adf7873208d6624bc96a143387cd9b74b3901730dc87a8d6b738:100509,83237,7a173e5fa57cf84a60cbea192a12e46825d87cc960df06a8b4b9034f61be4c8d,reused_valid,0.0,2026-08-31T10:58:57.785061Z,2026-08-31T10:58:57.790783Z,,"{""asset_dir"": ""/mnt/zsn/lyb/arti-skill/exp/PartNet-Mobility/data/dataset/100509"", ""base_renderer"": {""path"": ""/mnt/zsn/lyb/arti-skill/exp/scripts/render_articraft10k_asset_blender.py"", ""sha256"": ""24669921702ddf11c9668e16692f3a4cb7e5b40e040e215a878b92cdd294fe22""}, ""camera_distance"": 3.1950471807756324, ""device"": ""OPTIX"", ""geometry"": {""mesh_visual_count"": 2, ""primitive_counts"": {""box"": 0, ""cylinder"": 0, ""sphere"": 0}}, ""material_policy"": ""native OBJ/MTL diffuse materials, forced opaque; neutral fallback"", ""materials"": 6, ""objects"": 2, ""output"": ""/mnt/zsn/lyb/arti-skill/exp/partnet_mobility_uniform_n5_studio_256_v1/Cart/100509/imgs/000.png"", ""radius"": 0.9703411333033407, ""root_link"": ""base"", ""shared_renderer"": {""path"": ""/mnt/zsn/lyb/arti-skill/arti-template/scripts/render_exported_asset_blender.py"", ""sha256"": ""f418515a9817218b08d577d95983ec934c34ddf19f17bb89c73bf52aa60bb3a7""}, ""visuals"": 2}"
25,Cart,102557,/mnt/zsn/lyb/arti-skill/exp/PartNet-Mobility/data/dataset/102557,102557,/mnt/zsn/lyb/arti-skill/exp/PartNet-Mobility/data/dataset/102557/mobility.urdf,102557/mobility.urdf,10455,37aa49c6037ca1a908017428ef928dc3dbfc894839d4c335953c111ee3a4bb1e,76,797231,148e895f267aff445fc7bfb489222df27b58797953e8cf011457c231310d161a,1bf79ae2867e81a992b8eabeb36c13a084c33d181982a171e2dd76049370b91b,1ac1065b0d59ac7023458d3e5b2205222b319d63da7d496c13fe766ca0002237,False,/mnt/zsn/lyb/arti-skill/exp/partnet_mobility_uniform_n5_studio_256_v1/Cart/102557/imgs/000.png,781,partnet_mobility:Cart:102557:5,4,4,Cart,partnet_mobility,5,Cart:5,1ac1065b0d59ac7023458d3e5b2205222b319d63da7d496c13fe766ca0002237:102557,82528,82062f050b79a09b608a27bb2adc1421c45f53a7f5070c9e72fce39dfafd4f5e,reused_valid,0.0,2026-08-31T10:58:57.788599Z,2026-08-31T10:58:57.794069Z,,"{""asset_dir"": ""/mnt/zsn/lyb/arti-skill/exp/PartNet-Mobility/data/dataset/102557"", ""base_renderer"": {""path"": ""/mnt/zsn/lyb/arti-skill/exp/scripts/render_articraft10k_asset_blender.py"", ""sha256"": ""24669921702ddf11c9668e16692f3a4cb7e5b40e040e215a878b92cdd294fe22""}, ""camera_distance"": 3.779000348783584, ""device"": ""OPTIX"", ""geometry"": {""mesh_visual_count"": 32, ""primitive_counts"": {""box"": 0, ""cylinder"": 0, ""sphere"": 0}}, ""material_policy"": ""native OBJ/MTL diffuse materials, forced opaque; neutral fallback"", ""materials"": 46, ""objects"": 32, ""output"": ""/mnt/zsn/lyb/arti-skill/exp/partnet_mobility_uniform_n5_studio_256_v1/Cart/102557/imgs/000.png"", ""radius"": 1.1476886799218404, ""root_link"": ""base"", ""shared_renderer"": {""path"": ""/mnt/zsn/lyb/arti-skill/arti-template/scripts/render_exported_asset_blender.py"", ""sha256"": ""f418515a9817218b08d577d95983ec934c34ddf19f17bb89c73bf52aa60bb3a7""}, ""visuals"": 32}"
26,Chair,2440,/mnt/zsn/lyb/arti-skill/exp/PartNet-Mobility/data/dataset/2440,2440,/mnt/zsn/lyb/arti-skill/exp/PartNet-Mobility/data/dataset/2440/mobility.urdf,2440/mobility.urdf,16201,14cb76a3da2eb840331bd04d4ac097151e75aae4407f972e7db241b87f457dcf,243,11813613,7b5852eb392d7a742893982c26db66c5d4a568e073c95d70eeed59434f9891ee,6b9bc2cb8e82ef69ecfe68dcca7809a5f605380c04c1a4fe9c2e0b208de0640e,014e9fb03ec3e152833fb9e4541198dce6719bd09349b4b309118e285eb5a3f0,True,/mnt/zsn/lyb/arti-skill/exp/partnet_mobility_uniform_n5_studio_256_v1/Chair/2440/imgs/000.png,1644,partnet_mobility:Chair:2440:1,5,5,Chair,partnet_mobility,1,Chair:1,014e9fb03ec3e152833fb9e4541198dce6719bd09349b4b309118e285eb5a3f0:2440,77184,79ab959a19be9401827d309b6d833f1355a1ee09f01c4fa4bcc1f09741c3144d,reused_valid,0.0,2026-08-31T10:58:57.788845Z,2026-08-31T10:58:57.794385Z,,"{""asset_dir"": ""/mnt/zsn/lyb/arti-skill/exp/PartNet-Mobility/data/dataset/2440"", ""base_renderer"": {""path"": ""/mnt/zsn/lyb/arti-skill/exp/scripts/render_articraft10k_asset_blender.py"", ""sha256"": ""24669921702ddf11c9668e16692f3a4cb7e5b40e040e215a878b92cdd294fe22""}, ""camera_distance"": 3.445341301076856, ""device"": ""OPTIX"", ""geometry"": {""mesh_visual_count"": 32, ""primitive_counts"": {""box"": 0, ""cylinder"": 0, ""sphere"": 0}}, ""material_policy"": ""native OBJ/MTL diffuse materials, forced opaque; neutral fallback"", ""materials"": 33, ""objects"": 32, ""output"": ""/mnt/zsn/lyb/arti-skill/exp/partnet_mobility_uniform_n5_studio_256_v1/Chair/2440/imgs/000.png"", ""radius"": 1.0463558731837366, ""root_link"": ""base"", ""shared_renderer"": {""path"": ""/mnt/zsn/lyb/arti-skill/arti-template/scripts/render_exported_asset_blender.py"", ""sha256"": ""f418515a9817218b08d577d95983ec934c34ddf19f17bb89c73bf52aa60bb3a7""}, ""visuals"": 32}"
27,Chair,38510,/mnt/zsn/lyb/arti-skill/exp/PartNet-Mobility/data/dataset/38510,38510,/mnt/zsn/lyb/arti-skill/exp/PartNet-Mobility/data/dataset/38510/mobility.urdf,38510/mobility.urdf,31866,4469dd532cf437f7d05b198069fb6bb0a3e15b210aa97edd32aed65751d5bbf2,357,17678941,1ef1666afb9190c34e85e1a0084e5a2cc1d1f1f328d85217ca26667ccc905f52,ddb76d2a2451463eeb776bc8b64eadbd45135d2ddf1c965663cebc52a56c6e24,044a54e0699d0ed99e77a43ef92c4f01f05608217ec0751c81549341a8ac3d90,False,/mnt/zsn/lyb/arti-skill/exp/partnet_mobility_uniform_n5_studio_256_v1/Chair/38510/imgs/000.png,1767,partnet_mobility:Chair:38510:2,5,5,Chair,partnet_mobility,2,Chair:2,044a54e0699d0ed99e77a43ef92c4f01f05608217ec0751c81549341a8ac3d90:38510,81144,3a5b01ecac3862bdaec39cb1f26c00c216c9292ed1f516f3caaa374e4eea31ca,reused_valid,0.0,2026-08-31T10:58:57.790811Z,2026-08-31T10:58:57.796276Z,,"{""asset_dir"": ""/mnt/zsn/lyb/arti-skill/exp/PartNet-Mobility/data/dataset/38510"", ""base_renderer"": {""path"": ""/mnt/zsn/lyb/arti-skill/exp/scripts/render_articraft10k_asset_blender.py"", ""sha256"": ""24669921702ddf11c9668e16692f3a4cb7e5b40e040e215a878b92cdd294fe22""}, ""camera_distance"": 3.7865301921657615, ""device"": ""OPTIX"", ""geometry"": {""mesh_visual_count"": 79, ""primitive_counts"": {""box"": 0, ""cylinder"": 0, ""sphere"": 0}}, ""material_policy"": ""native OBJ/MTL diffuse materials, forced opaque; neutral fallback"", ""materials"": 80, ""objects"": 79, ""output"": ""/mnt/zsn/lyb/arti-skill/exp/partnet_mobility_uniform_n5_studio_256_v1/Chair/38510/imgs/000.png"", ""radius"": 1.1499755058582526, ""root_link"": ""base"", ""shared_renderer"": {""path"": ""/mnt/zsn/lyb/arti-skill/arti-template/scripts/render_exported_asset_blender.py"", ""sha256"": ""f418515a9817218b08d577d95983ec934c34ddf19f17bb89c73bf52aa60bb3a7""}, ""visuals"": 79}"
28,Chair,38994,/mnt/zsn/lyb/arti-skill/exp/PartNet-Mobility/data/dataset/38994,38994,/mnt/zsn/lyb/arti-skill/exp/PartNet-Mobility/data/dataset/38994/mobility.urdf,38994/mobility.urdf,23712,8e1334c8228d8cba06ac974d057297edff4ca31cbcce336eb2164ab960d82e9a,301,10788903,1fc55a7eb593b35ef160f442ff79f1712e0599f108a6fbdaffe2f034c47bbd5e,56c23883e4a6241ebb7d9977b1588bea6b2409a10e21ec00a9c697388ec7245c,0575c0146dc212adda1dd12de2db4f1ba6ec061936e2576e0945996e4cf9783f,False,/mnt/zsn/lyb/arti-skill/exp/partnet_mobility_uniform_n5_studio_256_v1/Chair/38994/imgs/000.png,1774,partnet_mobility:Chair:38994:3,5,5,Chair,partnet_mobility,3,Chair:3,0575c0146dc212adda1dd12de2db4f1ba6ec061936e2576e0945996e4cf9783f:38994,77805,1a87c72d6aa99d1db20dd4601dad52b1d378aa4f4a7ec371de8df7f6baeb98e8,reused_valid,0.0,2026-08-31T10:58:57.791047Z,2026-08-31T10:58:57.796692Z,,"{""asset_dir"": ""/mnt/zsn/lyb/arti-skill/exp/PartNet-Mobility/data/dataset/38994"", ""base_renderer"": {""path"": ""/mnt/zsn/lyb/arti-skill/exp/scripts/render_articraft10k_asset_blender.py"", ""sha256"": ""24669921702ddf11c9668e16692f3a4cb7e5b40e040e215a878b92cdd294fe22""}, ""camera_distance"": 3.825187343770494, ""device"": ""OPTIX"", ""geometry"": {""mesh_visual_count"": 50, ""primitive_counts"": {""box"": 0, ""cylinder"": 0, ""sphere"": 0}}, ""material_policy"": ""native OBJ/MTL diffuse materials, forced opaque; neutral fallback"", ""materials"": 64, ""objects"": 50, ""output"": ""/mnt/zsn/lyb/arti-skill/exp/partnet_mobility_uniform_n5_studio_256_v1/Chair/38994/imgs/000.png"", ""radius"": 1.1617157469802348, ""root_link"": ""base"", ""shared_renderer"": {""path"": ""/mnt/zsn/lyb/arti-skill/arti-template/scripts/render_exported_asset_blender.py"", ""sha256"": ""f418515a9817218b08d577d95983ec934c34ddf19f17bb89c73bf52aa60bb3a7""}, ""visuals"": 50}"
29,Chair,723,/mnt/zsn/lyb/arti-skill/exp/PartNet-Mobility/data/dataset/723,723,/mnt/zsn/lyb/arti-skill/exp/PartNet-Mobility/data/dataset/723/mobility.urdf,723/mobility.urdf,13746,813329b5026e3d5db3da3375746824afc43207afe022b4c66a89e947c48c98ac,239,9191565,8c3409098e96df389db6e80e56b1afb237e61c6fa91fc90a0472eb5bf542ab85,806008cbedf34c902652bf7dd56631f5ad3a55c8b8d179347d52e60d4836beda,07e46896ba89f88776fed50a1b7895129f9b9af7d3b8b33ca23af478bb818d6c,False,/mnt/zsn/lyb/arti-skill/exp/partnet_mobility_uniform_n5_studio_256_v1/Chair/723/imgs/000.png,2270,partnet_mobility:Chair:723:4,5,5,Chair,partnet_mobility,4,Chair:4,07e46896ba89f88776fed50a1b7895129f9b9af7d3b8b33ca23af478bb818d6c:723,76860,d0afca2b9336c7c89b272d2959aeda165fbb84b6a6b61f7034cd3da60905dbcb,reused_valid,0.0,2026-08-31T10:58:57.794094Z,2026-08-31T10:58:57.799852Z,,"{""asset_dir"": ""/mnt/zsn/lyb/arti-skill/exp/PartNet-Mobility/data/dataset/723"", ""base_renderer"": {""path"": ""/mnt/zsn/lyb/arti-skill/exp/scripts/render_articraft10k_asset_blender.py"", ""sha256"": ""24669921702ddf11c9668e16692f3a4cb7e5b40e040e215a878b92cdd294fe22""}, ""camera_distance"": 3.522666296879216, ""device"": ""OPTIX"", ""geometry"": {""mesh_visual_count"": 30, ""primitive_counts"": {""box"": 0, ""cylinder"": 0, ""sphere"": 0}}, ""material_policy"": ""native OBJ/MTL diffuse materials, forced opaque; neutral fallback"", ""materials"": 33, ""objects"": 30, ""output"": ""/mnt/zsn/lyb/arti-skill/exp/partnet_mobility_uniform_n5_studio_256_v1/Chair/723/imgs/000.png"", ""radius"": 1.0698396027859154, ""root_link"": ""base"", ""shared_renderer"": {""path"": ""/mnt/zsn/lyb/arti-skill/arti-template/scripts/render_exported_asset_blender.py"", ""sha256"": ""f418515a9817218b08d577d95983ec934c34ddf19f17bb89c73bf52aa60bb3a7""}, ""visuals"": 30}"
30,Chair,2490,/mnt/zsn/lyb/arti-skill/exp/PartNet-Mobility/data/dataset/2490,2490,/mnt/zsn/lyb/arti-skill/exp/PartNet-Mobility/data/dataset/2490/mobility.urdf,2490/mobility.urdf,15053,c3874285ff6b5fe3fa7e76f51de0193b0ab3e469834853f10a2b5371fb925e37,287,8445852,0836b53e6d501b4847b320866941a7bc426edbdb57a8df67bd9c6309dfc9f8fc,a7a6a4c50c02cb2e4f189202369f46058a4009b7ce35048220ea0c3585d09ab7,0927a0c81213ef0edd8c33cb3046bf366f80bfe674a15d3ecad347edd5a686ce,False,/mnt/zsn/lyb/arti-skill/exp/partnet_mobility_uniform_n5_studio_256_v1/Chair/2490/imgs/000.png,1647,partnet_mobility:Chair:2490:5,5,5,Chair,partnet_mobility,5,Chair:5,0927a0c81213ef0edd8c33cb3046bf366f80bfe674a15d3ecad347edd5a686ce:2490,80031,bb919c869249f10bbe7a02a61a70c0bf3ae4ae281b5491d8dbc8e70608fa1a9a,reused_valid,0.0,2026-08-31T10:58:57.794423Z,2026-08-31T10:58:57.800256Z,,"{""asset_dir"": ""/mnt/zsn/lyb/arti-skill/exp/PartNet-Mobility/data/dataset/2490"", ""base_renderer"": {""path"": ""/mnt/zsn/lyb/arti-skill/exp/scripts/render_articraft10k_asset_blender.py"", ""sha256"": ""24669921702ddf11c9668e16692f3a4cb7e5b40e040e215a878b92cdd294fe22""}, ""camera_distance"": 3.661088291240831, ""device"": ""OPTIX"", ""geometry"": {""mesh_visual_count"": 36, ""primitive_counts"": {""box"": 0, ""cylinder"": 0, ""sphere"": 0}}, ""material_policy"": ""native OBJ/MTL diffuse materials, forced opaque; neutral fallback"", ""materials"": 36, ""objects"": 36, ""output"": ""/mnt/zsn/lyb/arti-skill/exp/partnet_mobility_uniform_n5_studio_256_v1/Chair/2490/imgs/000.png"", ""radius"": 1.1118785922853915, ""root_link"": ""base"", ""shared_renderer"": {""path"": ""/mnt/zsn/lyb/arti-skill/arti-template/scripts/render_exported_asset_blender.py"", ""sha256"": ""f418515a9817218b08d577d95983ec934c34ddf19f17bb89c73bf52aa60bb3a7""}, ""visuals"": 36}"
31,Clock,6500,/mnt/zsn/lyb/arti-skill/exp/PartNet-Mobility/data/dataset/6500,6500,/mnt/zsn/lyb/arti-skill/exp/PartNet-Mobility/data/dataset/6500/mobility.urdf,6500/mobility.urdf,7920,d2050d19002c8d1dcb806162119007def94e6309f4ff3b741cac29af95d235d6,93,4291374,7f0ebc3ff8821d3c13519735dca887dec1bddfebf4f3387b90c4cc75888dd7b3,2884f8fdb33bd19947a2c8332fe5b203d345b0550dc6291ccea2de07ac49f5d5,01375f53651cff383d9aca5da90de6f4d859a2069e920c39f9700fe8a86e463c,True,/mnt/zsn/lyb/arti-skill/exp/partnet_mobility_uniform_n5_studio_256_v1/Clock/6500/imgs/000.png,2227,partnet_mobility:Clock:6500:1,6,6,Clock,partnet_mobility,1,Clock:1,01375f53651cff383d9aca5da90de6f4d859a2069e920c39f9700fe8a86e463c:6500,74826,3f7c101fa4579e6b32e23be5e84e353731a36f5c8ff416f753582ac2f202baeb,reused_valid,0.0,2026-08-31T10:58:57.796312Z,2026-08-31T10:58:57.802467Z,,"{""asset_dir"": ""/mnt/zsn/lyb/arti-skill/exp/PartNet-Mobility/data/dataset/6500"", ""base_renderer"": {""path"": ""/mnt/zsn/lyb/arti-skill/exp/scripts/render_articraft10k_asset_blender.py"", ""sha256"": ""24669921702ddf11c9668e16692f3a4cb7e5b40e040e215a878b92cdd294fe22""}, ""camera_distance"": 4.349829884244766, ""device"": ""OPTIX"", ""geometry"": {""mesh_visual_count"": 24, ""primitive_counts"": {""box"": 0, ""cylinder"": 0, ""sphere"": 0}}, ""material_policy"": ""native OBJ/MTL diffuse materials, forced opaque; neutral fallback"", ""materials"": 25, ""objects"": 24, ""output"": ""/mnt/zsn/lyb/arti-skill/exp/partnet_mobility_uniform_n5_studio_256_v1/Clock/6500/imgs/000.png"", ""radius"": 1.3210505575476843, ""root_link"": ""base"", ""shared_renderer"": {""path"": ""/mnt/zsn/lyb/arti-skill/arti-template/scripts/render_exported_asset_blender.py"", ""sha256"": ""f418515a9817218b08d577d95983ec934c34ddf19f17bb89c73bf52aa60bb3a7""}, ""visuals"": 24}"
32,Clock,6665,/mnt/zsn/lyb/arti-skill/exp/PartNet-Mobility/data/dataset/6665,6665,/mnt/zsn/lyb/arti-skill/exp/PartNet-Mobility/data/dataset/6665/mobility.urdf,6665/mobility.urdf,1738,2f2321cbb6c5eec30840d30756565578fc9148663b6983b2be6558422256cac1,43,3829105,942023acbaa5868d4f830b93d8d3af4f0403d55b8b88202d34114d413182a761,2cea0c3f14612995aefd77879474f27d1a3dbad659ab12465b480f96c04a3cee,0f133b8f91eb94e9471f899ff5dcf381c3104daa0f641fd54c488f59d15cad84,False,/mnt/zsn/lyb/arti-skill/exp/partnet_mobility_uniform_n5_studio_256_v1/Clock/6665/imgs/000.png,2234,partnet_mobility:Clock:6665:2,6,6,Clock,partnet_mobility,2,Clock:2,0f133b8f91eb94e9471f899ff5dcf381c3104daa0f641fd54c488f59d15cad84:6665,84126,9399c447bdeec911aa709fa2b882a3a4e38c4ce706b4a84df1d27a7b7ca78cad,reused_valid,0.0,2026-08-31T10:58:57.796719Z,2026-08-31T10:58:57.802729Z,,"{""asset_dir"": ""/mnt/zsn/lyb/arti-skill/exp/PartNet-Mobility/data/dataset/6665"", ""base_renderer"": {""path"": ""/mnt/zsn/lyb/arti-skill/exp/scripts/render_articraft10k_asset_blender.py"", ""sha256"": ""24669921702ddf11c9668e16692f3a4cb7e5b40e040e215a878b92cdd294fe22""}, ""camera_distance"": 4.5162895621666, ""device"": ""OPTIX"", ""geometry"": {""mesh_visual_count"": 3, ""primitive_counts"": {""box"": 0, ""cylinder"": 0, ""sphere"": 0}}, ""material_policy"": ""native OBJ/MTL diffuse materials, forced opaque; neutral fallback"", ""materials"": 6, ""objects"": 3, ""output"": ""/mnt/zsn/lyb/arti-skill/exp/partnet_mobility_uniform_n5_studio_256_v1/Clock/6665/imgs/000.png"", ""radius"": 1.3716046380933025, ""root_link"": ""base"", ""shared_renderer"": {""path"": ""/mnt/zsn/lyb/arti-skill/arti-template/scripts/render_exported_asset_blender.py"", ""sha256"": ""f418515a9817218b08d577d95983ec934c34ddf19f17bb89c73bf52aa60bb3a7""}, ""visuals"": 3}"
33,Clock,6843,/mnt/zsn/lyb/arti-skill/exp/PartNet-Mobility/data/dataset/6843,6843,/mnt/zsn/lyb/arti-skill/exp/PartNet-Mobility/data/dataset/6843/mobility.urdf,6843/mobility.urdf,5325,4b45d86d592eb03e7aa15108d2e6d43af71c2554b87efc6b4c52a59ea91a0895,85,3965183,86cf9afb0437cb65a9fe000e904cec57f69e0f0955dd8f422b224eebd83db6ce,100b62e79f0740df818e651dfb91c0f7619c13a6b8ebdf55e7b0ed063bc01f46,100d3edd36255808489962688b1a66f08d6d49e398cd57c7f4f44656b3ea1897,False,/mnt/zsn/lyb/arti-skill/exp/partnet_mobility_uniform_n5_studio_256_v1/Clock/6843/imgs/000.png,2241,partnet_mobility:Clock:6843:3,6,6,Clock,partnet_mobility,3,Clock:3,100d3edd36255808489962688b1a66f08d6d49e398cd57c7f4f44656b3ea1897:6843,80147,92852b09ea4ef7f945959b0eb4d2292517edfc83d9d5904e13b67551522ab2f7,reused_valid,0.0,2026-08-31T10:58:57.799877Z,2026-08-31T10:58:57.805815Z,,"{""asset_dir"": ""/mnt/zsn/lyb/arti-skill/exp/PartNet-Mobility/data/dataset/6843"", ""base_renderer"": {""path"": ""/mnt/zsn/lyb/arti-skill/exp/scripts/render_articraft10k_asset_blender.py"", ""sha256"": ""24669921702ddf11c9668e16692f3a4cb7e5b40e040e215a878b92cdd294fe22""}, ""camera_distance"": 3.7608590234257844, ""device"": ""OPTIX"", ""geometry"": {""mesh_visual_count"": 11, ""primitive_counts"": {""box"": 0, ""cylinder"": 0, ""sphere"": 0}}, ""material_policy"": ""native OBJ/MTL diffuse materials, forced opaque; neutral fallback"", ""materials"": 11, ""objects"": 11, ""output"": ""/mnt/zsn/lyb/arti-skill/exp/partnet_mobility_uniform_n5_studio_256_v1/Clock/6843/imgs/000.png"", ""radius"": 1.1421791292919687, ""root_link"": ""base"", ""shared_renderer"": {""path"": ""/mnt/zsn/lyb/arti-skill/arti-template/scripts/render_exported_asset_blender.py"", ""sha256"": ""f418515a9817218b08d577d95983ec934c34ddf19f17bb89c73bf52aa60bb3a7""}, ""visuals"": 11}"
34,Clock,7078,/mnt/zsn/lyb/arti-skill/exp/PartNet-Mobility/data/dataset/7078,7078,/mnt/zsn/lyb/arti-skill/exp/PartNet-Mobility/data/dataset/7078/mobility.urdf,7078/mobility.urdf,9273,da7c440916a949645e56c18848b6d5478db28212d976702babadfe419261f175,95,4492006,4bf4d32c6546d27789f9e64c73ec22675d7f8a8699b9cbd3ac5a772b33147ec4,521d80c31b18c1bea963184a46eddd43008998ddd40bbb889260ac2b0dadb0ff,1bf1888de5d3c99f6abbca4a7c15aa217ae1ca9a9f607f62535f63fe9f404f97,False,/mnt/zsn/lyb/arti-skill/exp/partnet_mobility_uniform_n5_studio_256_v1/Clock/7078/imgs/000.png,2256,partnet_mobility:Clock:7078:4,6,6,Clock,partnet_mobility,4,Clock:4,1bf1888de5d3c99f6abbca4a7c15aa217ae1ca9a9f607f62535f63fe9f404f97:7078,79221,81a537c59dd0bbba1e003a02fbbb9e7a57c66870f1eb20044d5d7ebd8d395f13,reused_valid,0.0,2026-08-31T10:58:57.800315Z,2026-08-31T10:58:57.806162Z,,"{""asset_dir"": ""/mnt/zsn/lyb/arti-skill/exp/PartNet-Mobility/data/dataset/7078"", ""base_renderer"": {""path"": ""/mnt/zsn/lyb/arti-skill/exp/scripts/render_articraft10k_asset_blender.py"", ""sha256"": ""24669921702ddf11c9668e16692f3a4cb7e5b40e040e215a878b92cdd294fe22""}, ""camera_distance"": 4.614554319520383, ""device"": ""OPTIX"", ""geometry"": {""mesh_visual_count"": 28, ""primitive_counts"": {""box"": 0, ""cylinder"": 0, ""sphere"": 0}}, ""material_policy"": ""native OBJ/MTL diffuse materials, forced opaque; neutral fallback"", ""materials"": 66, ""objects"": 28, ""output"": ""/mnt/zsn/lyb/arti-skill/exp/partnet_mobility_uniform_n5_studio_256_v1/Clock/7078/imgs/000.png"", ""radius"": 1.4014478080433936, ""root_link"": ""base"", ""shared_renderer"": {""path"": ""/mnt/zsn/lyb/arti-skill/arti-template/scripts/render_exported_asset_blender.py"", ""sha256"": ""f418515a9817218b08d577d95983ec934c34ddf19f17bb89c73bf52aa60bb3a7""}, ""visuals"": 28}"
35,Clock,7064,/mnt/zsn/lyb/arti-skill/exp/PartNet-Mobility/data/dataset/7064,7064,/mnt/zsn/lyb/arti-skill/exp/PartNet-Mobility/data/dataset/7064/mobility.urdf,7064/mobility.urdf,24174,622fbf1ab591de26c72b122210a65900152e5283b8c34d729462c71ca69af673,207,5215460,55ac801fbb0d4ed56d230ff63481996c8e8e2c004cbebb3a94255fb0da15bf30,b103806308efe47931a0bda6cb10f2db585aa2a8beaab8171ffb9d904700ed2c,1f6909d0ba546f3291d3a8ffa1107868d370ade6c3df0393c4b944e3437291f0,False,/mnt/zsn/lyb/arti-skill/exp/partnet_mobility_uniform_n5_studio_256_v1/Clock/7064/imgs/000.png,2253,partnet_mobility:Clock:7064:5,6,6,Clock,partnet_mobility,5,Clock:5,1f6909d0ba546f3291d3a8ffa1107868d370ade6c3df0393c4b944e3437291f0:7064,69702,b1e447945fa58d306035a315d4593c51230d1988577bfc2a4693cc65652c9b66,reused_valid,0.0,2026-08-31T10:58:57.802496Z,2026-08-31T10:58:57.807606Z,,"{""asset_dir"": ""/mnt/zsn/lyb/arti-skill/exp/PartNet-Mobility/data/dataset/7064"", ""base_renderer"": {""path"": ""/mnt/zsn/lyb/arti-skill/exp/scripts/render_articraft10k_asset_blender.py"", ""sha256"": ""24669921702ddf11c9668e16692f3a4cb7e5b40e040e215a878b92cdd294fe22""}, ""camera_distance"": 4.548076947245458, ""device"": ""OPTIX"", ""geometry"": {""mesh_visual_count"": 81, ""primitive_counts"": {""box"": 0, ""cylinder"": 0, ""sphere"": 0}}, ""material_policy"": ""native OBJ/MTL diffuse materials, forced opaque; neutral fallback"", ""materials"": 82, ""objects"": 81, ""output"": ""/mnt/zsn/lyb/arti-skill/exp/partnet_mobility_uniform_n5_studio_256_v1/Clock/7064/imgs/000.png"", ""radius"": 1.3812585197160085, ""root_link"": ""base"", ""shared_renderer"": {""path"": ""/mnt/zsn/lyb/arti-skill/arti-template/scripts/render_exported_asset_blender.py"", ""sha256"": ""f418515a9817218b08d577d95983ec934c34ddf19f17bb89c73bf52aa60bb3a7""}, ""visuals"": 81}"
36,CoffeeMachine,103016,/mnt/zsn/lyb/arti-skill/exp/PartNet-Mobility/data/dataset/103016,103016,/mnt/zsn/lyb/arti-skill/exp/PartNet-Mobility/data/dataset/103016/mobility.urdf,103016/mobility.urdf,72139,3bc832ef6fc3267af486ffdf7fa3c99b5f4fcfc961e970e0593815dbea701368,508,2153227,a674a40671b545a280a913189ca3a10a327e45282421706eef2b7471228ceaed,df2a6e094095e3e8eb36f199e5155e2eea1688595af2a6b57274f4255390e7fe,0de4a74c8eca29e3bb66ae136d4899553878d4f64da403748bcb8a06bf1f0eee,True,/mnt/zsn/lyb/arti-skill/exp/partnet_mobility_uniform_n5_studio_256_v1/CoffeeMachine/103016/imgs/000.png,972,partnet_mobility:CoffeeMachine:103016:1,7,7,CoffeeMachine,partnet_mobility,1,CoffeeMachine:1,0de4a74c8eca29e3bb66ae136d4899553878d4f64da403748bcb8a06bf1f0eee:103016,79310,3a0309f026d9d3ce2816b923ccdb8302f6db5445baf10c25ed3bf15c669159b5,reused_valid,0.0,2026-08-31T10:58:57.802754Z,2026-08-31T10:58:57.808339Z,,"{""asset_dir"": ""/mnt/zsn/lyb/arti-skill/exp/PartNet-Mobility/data/dataset/103016"", ""base_renderer"": {""path"": ""/mnt/zsn/lyb/arti-skill/exp/scripts/render_articraft10k_asset_blender.py"", ""sha256"": ""24669921702ddf11c9668e16692f3a4cb7e5b40e040e215a878b92cdd294fe22""}, ""camera_distance"": 3.3624881541595695, ""device"": ""OPTIX"", ""geometry"": {""mesh_visual_count"": 242, ""primitive_counts"": {""box"": 0, ""cylinder"": 0, ""sphere"": 0}}, ""material_policy"": ""native OBJ/MTL diffuse materials, forced opaque; neutral fallback"", ""materials"": 483, ""objects"": 242, ""output"": ""/mnt/zsn/lyb/arti-skill/exp/partnet_mobility_uniform_n5_studio_256_v1/CoffeeMachine/103016/imgs/000.png"", ""radius"": 1.0211932349099724, ""root_link"": ""base"", ""shared_renderer"": {""path"": ""/mnt/zsn/lyb/arti-skill/arti-template/scripts/render_exported_asset_blender.py"", ""sha256"": ""f418515a9817218b08d577d95983ec934c34ddf19f17bb89c73bf52aa60bb3a7""}, ""visuals"": 242}"
37,CoffeeMachine,103060,/mnt/zsn/lyb/arti-skill/exp/PartNet-Mobility/data/dataset/103060,103060,/mnt/zsn/lyb/arti-skill/exp/PartNet-Mobility/data/dataset/103060/mobility.urdf,103060/mobility.urdf,7330,6b8e436db65998646ef228420ad8b51b212ed43f6955447b9f073777a835eb59,56,1951364,45a0e8414600c07668b830c3317356fd1b36e533b7ffca58513f015cfe2cb845,576ef3e590e4dbd2ea8067f509211dedce745fa298090b4d1ed9517c8678b029,12a5aa557e2e73ef8b5391fde56b5ec8017fee09281eb192ff10cff169120d18,False,/mnt/zsn/lyb/arti-skill/exp/partnet_mobility_uniform_n5_studio_256_v1/CoffeeMachine/103060/imgs/000.png,1001,partnet_mobility:CoffeeMachine:103060:2,7,7,CoffeeMachine,partnet_mobility,2,CoffeeMachine:2,12a5aa557e2e73ef8b5391fde56b5ec8017fee09281eb192ff10cff169120d18:103060,77198,4f2aa3a96b912de23035eae97a3f5cbba596341a5ec3389cd29a4d8f534a4f57,reused_valid,0.0,2026-08-31T10:58:57.805845Z,2026-08-31T10:58:57.811499Z,,"{""asset_dir"": ""/mnt/zsn/lyb/arti-skill/exp/PartNet-Mobility/data/dataset/103060"", ""base_renderer"": {""path"": ""/mnt/zsn/lyb/arti-skill/exp/scripts/render_articraft10k_asset_blender.py"", ""sha256"": ""24669921702ddf11c9668e16692f3a4cb7e5b40e040e215a878b92cdd294fe22""}, ""camera_distance"": 3.104261299107808, ""device"": ""OPTIX"", ""geometry"": {""mesh_visual_count"": 24, ""primitive_counts"": {""box"": 0, ""cylinder"": 0, ""sphere"": 0}}, ""material_policy"": ""native OBJ/MTL diffuse materials, forced opaque; neutral fallback"", ""materials"": 30, ""objects"": 24, ""output"": ""/mnt/zsn/lyb/arti-skill/exp/partnet_mobility_uniform_n5_studio_256_v1/CoffeeMachine/103060/imgs/000.png"", ""radius"": 0.9427693103157021, ""root_link"": ""base"", ""shared_renderer"": {""path"": ""/mnt/zsn/lyb/arti-skill/arti-template/scripts/render_exported_asset_blender.py"", ""sha256"": ""f418515a9817218b08d577d95983ec934c34ddf19f17bb89c73bf52aa60bb3a7""}, ""visuals"": 24}"
38,CoffeeMachine,103067,/mnt/zsn/lyb/arti-skill/exp/PartNet-Mobility/data/dataset/103067,103067,/mnt/zsn/lyb/arti-skill/exp/PartNet-Mobility/data/dataset/103067/mobility.urdf,103067/mobility.urdf,6142,a93d466eeb26aa016783c33a89075c3c825b48a3f17a363441879e89a65ee7fe,47,639698,d63945f0ee64c12911a46a5bf7003e4d5fabe11bf2a0d9e9bdbc56c3069a2f9a,a52d8fead7cd067431459e9a84268b917c75d8592af325294c7a1e380fe77381,14233d7a5cfdb64ea64e42470e047a182c3de2a7bf1f02d19084acb8be0017db,False,/mnt/zsn/lyb/arti-skill/exp/partnet_mobility_uniform_n5_studio_256_v1/CoffeeMachine/103067/imgs/000.png,1006,partnet_mobility:CoffeeMachine:103067:3,7,7,CoffeeMachine,partnet_mobility,3,CoffeeMachine:3,14233d7a5cfdb64ea64e42470e047a182c3de2a7bf1f02d19084acb8be0017db:103067,72684,0cbc97fc904a60f6d8610db1be7e35832b73f2bf30abe3687806503df87b683b,reused_valid,0.0,2026-08-31T10:58:57.806190Z,2026-08-31T10:58:57.811405Z,,"{""asset_dir"": ""/mnt/zsn/lyb/arti-skill/exp/PartNet-Mobility/data/dataset/103067"", ""base_renderer"": {""path"": ""/mnt/zsn/lyb/arti-skill/exp/scripts/render_articraft10k_asset_blender.py"", ""sha256"": ""24669921702ddf11c9668e16692f3a4cb7e5b40e040e215a878b92cdd294fe22""}, ""camera_distance"": 3.496605277034697, ""device"": ""OPTIX"", ""geometry"": {""mesh_visual_count"": 17, ""primitive_counts"": {""box"": 0, ""cylinder"": 0, ""sphere"": 0}}, ""material_policy"": ""native OBJ/MTL diffuse materials, forced opaque; neutral fallback"", ""materials"": 17, ""objects"": 17, ""output"": ""/mnt/zsn/lyb/arti-skill/exp/partnet_mobility_uniform_n5_studio_256_v1/CoffeeMachine/103067/imgs/000.png"", ""radius"": 1.0619248277919409, ""root_link"": ""base"", ""shared_renderer"": {""path"": ""/mnt/zsn/lyb/arti-skill/arti-template/scripts/render_exported_asset_blender.py"", ""sha256"": ""f418515a9817218b08d577d95983ec934c34ddf19f17bb89c73bf52aa60bb3a7""}, ""visuals"": 17}"
39,CoffeeMachine,103071,/mnt/zsn/lyb/arti-skill/exp/PartNet-Mobility/data/dataset/103071,103071,/mnt/zsn/lyb/arti-skill/exp/PartNet-Mobility/data/dataset/103071/mobility.urdf,103071/mobility.urdf,18492,d9449086516cc7c7a8d7f51183ed8967e7e79d55f68ab8313b5b27e3150bdce9,124,9519354,c36318e23cb3ba0b665e58d38384a0ca19af6cf2f1bed2a71686e758d70daef5,56c606d4a0ca0fabff76bcf8d1daa83cd413ae80aa1eb4ee1dfa1b610090d533,151d840dad1f7854c8e9ad479d4d90cf94fa4c766b4cd829adfe3af2e616d1f4,False,/mnt/zsn/lyb/arti-skill/exp/partnet_mobility_uniform_n5_studio_256_v1/CoffeeMachine/103071/imgs/000.png,1009,partnet_mobility:CoffeeMachine:103071:4,7,7,CoffeeMachine,partnet_mobility,4,CoffeeMachine:4,151d840dad1f7854c8e9ad479d4d90cf94fa4c766b4cd829adfe3af2e616d1f4:103071,75481,5754edb8c99c832aadf9e1d49ce3c4175fc5c84992333c7a2351cf896546f5f1,reused_valid,0.0,2026-08-31T10:58:57.807641Z,2026-08-31T10:58:57.814356Z,,"{""asset_dir"": ""/mnt/zsn/lyb/arti-skill/exp/PartNet-Mobility/data/dataset/103071"", ""base_renderer"": {""path"": ""/mnt/zsn/lyb/arti-skill/exp/scripts/render_articraft10k_asset_blender.py"", ""sha256"": ""24669921702ddf11c9668e16692f3a4cb7e5b40e040e215a878b92cdd294fe22""}, ""camera_distance"": 3.4104838294011834, ""device"": ""OPTIX"", ""geometry"": {""mesh_visual_count"": 55, ""primitive_counts"": {""box"": 0, ""cylinder"": 0, ""sphere"": 0}}, ""material_policy"": ""native OBJ/MTL diffuse materials, forced opaque; neutral fallback"", ""materials"": 55, ""objects"": 55, ""output"": ""/mnt/zsn/lyb/arti-skill/exp/partnet_mobility_uniform_n5_studio_256_v1/CoffeeMachine/103071/imgs/000.png"", ""radius"": 1.0357696011645392, ""root_link"": ""base"", ""shared_renderer"": {""path"": ""/mnt/zsn/lyb/arti-skill/arti-template/scripts/render_exported_asset_blender.py"", ""sha256"": ""f418515a9817218b08d577d95983ec934c34ddf19f17bb89c73bf52aa60bb3a7""}, ""visuals"": 55}"
40,CoffeeMachine,103064,/mnt/zsn/lyb/arti-skill/exp/PartNet-Mobility/data/dataset/103064,103064,/mnt/zsn/lyb/arti-skill/exp/PartNet-Mobility/data/dataset/103064/mobility.urdf,103064/mobility.urdf,11757,59146200a36cba8d46c024183e4b0028ee94e91c5865d4caf55e1ecfd597aaaa,47,814003,026d5069de7a8627135f6588a6cabcc6e634151cabde161d320fdd16cd94b211,131f2c3605765bff75064e6c1fc641ce866ba2744849284d21047606751558a7,167b5d40e259c4121d35bf50c6f7913e1f75c01b564400ffb1b233ef9f44740e,False,/mnt/zsn/lyb/arti-skill/exp/partnet_mobility_uniform_n5_studio_256_v1/CoffeeMachine/103064/imgs/000.png,1004,partnet_mobility:CoffeeMachine:103064:5,7,7,CoffeeMachine,partnet_mobility,5,CoffeeMachine:5,167b5d40e259c4121d35bf50c6f7913e1f75c01b564400ffb1b233ef9f44740e:103064,77961,507938a06261a0af902c6b631470766b57ece0068e127dd2f879a9e99d54d608,reused_valid,0.0,2026-08-31T10:58:57.808365Z,2026-08-31T10:58:57.814029Z,,"{""asset_dir"": ""/mnt/zsn/lyb/arti-skill/exp/PartNet-Mobility/data/dataset/103064"", ""base_renderer"": {""path"": ""/mnt/zsn/lyb/arti-skill/exp/scripts/render_articraft10k_asset_blender.py"", ""sha256"": ""24669921702ddf11c9668e16692f3a4cb7e5b40e040e215a878b92cdd294fe22""}, ""camera_distance"": 3.605430565032686, ""device"": ""OPTIX"", ""geometry"": {""mesh_visual_count"": 19, ""primitive_counts"": {""box"": 0, ""cylinder"": 0, ""sphere"": 0}}, ""material_policy"": ""native OBJ/MTL diffuse materials, forced opaque; neutral fallback"", ""materials"": 23, ""objects"": 19, ""output"": ""/mnt/zsn/lyb/arti-skill/exp/partnet_mobility_uniform_n5_studio_256_v1/CoffeeMachine/103064/imgs/000.png"", ""radius"": 1.0949752484315498, ""root_link"": ""base"", ""shared_renderer"": {""path"": ""/mnt/zsn/lyb/arti-skill/arti-template/scripts/render_exported_asset_blender.py"", ""sha256"": ""f418515a9817218b08d577d95983ec934c34ddf19f17bb89c73bf52aa60bb3a7""}, ""visuals"": 19}"
41,Dishwasher,12559,/mnt/zsn/lyb/arti-skill/exp/PartNet-Mobility/data/dataset/12559,12559,/mnt/zsn/lyb/arti-skill/exp/PartNet-Mobility/data/dataset/12559/mobility.urdf,12559/mobility.urdf,2718,beab4b082d277307a8dc3b706051a596403a1575a0a861b22bdc5f88c718f019,63,3583085,7d97f19c7507eb09edbcf334d8ccaf3a46b99b4d09b03a13ba3ee6d73fc0e80d,676327ad7f56f71320ca4f62ed2dbe5604aae7d273fb6a8ccf9c38d9e4dee61f,0288882479c94a60d4777e326f4eb8a60ece5cbc88ed0e6e5b84946f29b16b3d,True,/mnt/zsn/lyb/arti-skill/exp/partnet_mobility_uniform_n5_studio_256_v1/Dishwasher/12559/imgs/000.png,1435,partnet_mobility:Dishwasher:12559:1,8,8,Dishwasher,partnet_mobility,1,Dishwasher:1,0288882479c94a60d4777e326f4eb8a60ece5cbc88ed0e6e5b84946f29b16b3d:12559,71075,d2798a56a964945625ec44176a28968aba90ee531fd342818983240efc8911bf,reused_valid,0.0,2026-08-31T10:58:57.811433Z,2026-08-31T10:58:57.816904Z,,"{""asset_dir"": ""/mnt/zsn/lyb/arti-skill/exp/PartNet-Mobility/data/dataset/12559"", ""base_renderer"": {""path"": ""/mnt/zsn/lyb/arti-skill/exp/scripts/render_articraft10k_asset_blender.py"", ""sha256"": ""24669921702ddf11c9668e16692f3a4cb7e5b40e040e215a878b92cdd294fe22""}, ""camera_distance"": 3.3674476412976904, ""device"": ""OPTIX"", ""geometry"": {""mesh_visual_count"": 7, ""primitive_counts"": {""box"": 0, ""cylinder"": 0, ""sphere"": 0}}, ""material_policy"": ""native OBJ/MTL diffuse materials, forced opaque; neutral fallback"", ""materials"": 23, ""objects"": 7, ""output"": ""/mnt/zsn/lyb/arti-skill/exp/partnet_mobility_uniform_n5_studio_256_v1/Dishwasher/12559/imgs/000.png"", ""radius"": 1.0226994393876914, ""root_link"": ""base"", ""shared_renderer"": {""path"": ""/mnt/zsn/lyb/arti-skill/arti-template/scripts/render_exported_asset_blender.py"", ""sha256"": ""f418515a9817218b08d577d95983ec934c34ddf19f17bb89c73bf52aa60bb3a7""}, ""visuals"": 7}"
42,Dishwasher,12085,/mnt/zsn/lyb/arti-skill/exp/PartNet-Mobility/data/dataset/12085,12085,/mnt/zsn/lyb/arti-skill/exp/PartNet-Mobility/data/dataset/12085/mobility.urdf,12085/mobility.urdf,7653,33c756e39005ec6d32735d3c3f0acc21f430da8df1a0a67cc63ad7871c189c11,101,6524115,01c28708093fbab44d71be7790b7cad812e04a2c194612bdaec13803573b8e95,ce393ff163ab858846b96392b4e24e62dd69ff69e63b7d6b002992f1e7bfb6da,0b6bffaea9287ff7cc7ae3bbe60ef20b69cbb27b80f941d874dbbcde96e2267f,False,/mnt/zsn/lyb/arti-skill/exp/partnet_mobility_uniform_n5_studio_256_v1/Dishwasher/12085/imgs/000.png,1407,partnet_mobility:Dishwasher:12085:2,8,8,Dishwasher,partnet_mobility,2,Dishwasher:2,0b6bffaea9287ff7cc7ae3bbe60ef20b69cbb27b80f941d874dbbcde96e2267f:12085,78059,529ce3d210223bc47670bfc2f7b60a813e924654be9981e72fc3affaf6a88bb8,reused_valid,0.0,2026-08-31T10:58:57.811524Z,2026-08-31T10:58:57.817652Z,,"{""asset_dir"": ""/mnt/zsn/lyb/arti-skill/exp/PartNet-Mobility/data/dataset/12085"", ""base_renderer"": {""path"": ""/mnt/zsn/lyb/arti-skill/exp/scripts/render_articraft10k_asset_blender.py"", ""sha256"": ""24669921702ddf11c9668e16692f3a4cb7e5b40e040e215a878b92cdd294fe22""}, ""camera_distance"": 3.5899363435563076, ""device"": ""OPTIX"", ""geometry"": {""mesh_visual_count"": 19, ""primitive_counts"": {""box"": 0, ""cylinder"": 0, ""sphere"": 0}}, ""material_policy"": ""native OBJ/MTL diffuse materials, forced opaque; neutral fallback"", ""materials"": 39, ""objects"": 19, ""output"": ""/mnt/zsn/lyb/arti-skill/exp/partnet_mobility_uniform_n5_studio_256_v1/Dishwasher/12085/imgs/000.png"", ""radius"": 1.0902696276452577, ""root_link"": ""base"", ""shared_renderer"": {""path"": ""/mnt/zsn/lyb/arti-skill/arti-template/scripts/render_exported_asset_blender.py"", ""sha256"": ""f418515a9817218b08d577d95983ec934c34ddf19f17bb89c73bf52aa60bb3a7""}, ""visuals"": 19}"
43,Dishwasher,12563,/mnt/zsn/lyb/arti-skill/exp/PartNet-Mobility/data/dataset/12563,12563,/mnt/zsn/lyb/arti-skill/exp/PartNet-Mobility/data/dataset/12563/mobility.urdf,12563/mobility.urdf,2147,2bdce88a880e0cffbbb943f8560b4791dcfcd5507f66f8f0f988f626e0772a56,63,3776306,db486c505818996e09ca4e6c6009fab1b216b59697953e1c5508ebfa0589f554,b5f935f5089cb38d51e2612acbcb47aaea4d2e791de7971aa78793ed7723673f,0c21ef17ddceb95887a0a3ef17bf4208df4a54701ff442829a238571cc3438f4,False,/mnt/zsn/lyb/arti-skill/exp/partnet_mobility_uniform_n5_studio_256_v1/Dishwasher/12563/imgs/000.png,1439,partnet_mobility:Dishwasher:12563:3,8,8,Dishwasher,partnet_mobility,3,Dishwasher:3,0c21ef17ddceb95887a0a3ef17bf4208df4a54701ff442829a238571cc3438f4:12563,69332,d62fd89ef2587607c5dcb9ec55af6d59f2f96fbe63355d3c2523b3bed49614ca,reused_valid,0.0,2026-08-31T10:58:57.814055Z,2026-08-31T10:58:57.819462Z,,"{""asset_dir"": ""/mnt/zsn/lyb/arti-skill/exp/PartNet-Mobility/data/dataset/12563"", ""base_renderer"": {""path"": ""/mnt/zsn/lyb/arti-skill/exp/scripts/render_articraft10k_asset_blender.py"", ""sha256"": ""24669921702ddf11c9668e16692f3a4cb7e5b40e040e215a878b92cdd294fe22""}, ""camera_distance"": 3.4368940979616935, ""device"": ""OPTIX"", ""geometry"": {""mesh_visual_count"": 5, ""primitive_counts"": {""box"": 0, ""cylinder"": 0, ""sphere"": 0}}, ""material_policy"": ""native OBJ/MTL diffuse materials, forced opaque; neutral fallback"", ""materials"": 10, ""objects"": 5, ""output"": ""/mnt/zsn/lyb/arti-skill/exp/partnet_mobility_uniform_n5_studio_256_v1/Dishwasher/12563/imgs/000.png"", ""radius"": 1.043790443573392, ""root_link"": ""base"", ""shared_renderer"": {""path"": ""/mnt/zsn/lyb/arti-skill/arti-template/scripts/render_exported_asset_blender.py"", ""sha256"": ""f418515a9817218b08d577d95983ec934c34ddf19f17bb89c73bf52aa60bb3a7""}, ""visuals"": 5}"
44,Dishwasher,12592,/mnt/zsn/lyb/arti-skill/exp/PartNet-Mobility/data/dataset/12592,12592,/mnt/zsn/lyb/arti-skill/exp/PartNet-Mobility/data/dataset/12592/mobility.urdf,12592/mobility.urdf,2274,97b7abd591e6538f1a931fffa012353d504c90e3d5031df9e3841d80712671a9,53,3599085,d0af47c864add95622773b0a037226de9ee01ae95b753addad4d1e5abc5b7559,6e9cde4b7bcc9bf746d66bf6055b57e0d8370d537708672ec46abdaa0c40622b,0fa74b85a2a2ecc65d2e527e807be6afc0f102eb021cd65b7c7294c4023c2829,False,/mnt/zsn/lyb/arti-skill/exp/partnet_mobility_uniform_n5_studio_256_v1/Dishwasher/12592/imgs/000.png,1448,partnet_mobility:Dishwasher:12592:4,8,8,Dishwasher,partnet_mobility,4,Dishwasher:4,0fa74b85a2a2ecc65d2e527e807be6afc0f102eb021cd65b7c7294c4023c2829:12592,70967,b6a1a75ef6e8b80cb482b3ae22dcede5b548064ba06de61a04e22cdcd7bf4999,reused_valid,0.0,2026-08-31T10:58:57.814390Z,2026-08-31T10:58:57.819727Z,,"{""asset_dir"": ""/mnt/zsn/lyb/arti-skill/exp/PartNet-Mobility/data/dataset/12592"", ""base_renderer"": {""path"": ""/mnt/zsn/lyb/arti-skill/exp/scripts/render_articraft10k_asset_blender.py"", ""sha256"": ""24669921702ddf11c9668e16692f3a4cb7e5b40e040e215a878b92cdd294fe22""}, ""camera_distance"": 3.4503847224954263, ""device"": ""OPTIX"", ""geometry"": {""mesh_visual_count"": 5, ""primitive_counts"": {""box"": 0, ""cylinder"": 0, ""sphere"": 0}}, ""material_policy"": ""native OBJ/MTL diffuse materials, forced opaque; neutral fallback"", ""materials"": 15, ""objects"": 5, ""output"": ""/mnt/zsn/lyb/arti-skill/exp/partnet_mobility_uniform_n5_studio_256_v1/Dishwasher/12592/imgs/000.png"", ""radius"": 1.0478875686417781, ""root_link"": ""base"", ""shared_renderer"": {""path"": ""/mnt/zsn/lyb/arti-skill/arti-template/scripts/render_exported_asset_blender.py"", ""sha256"": ""f418515a9817218b08d577d95983ec934c34ddf19f17bb89c73bf52aa60bb3a7""}, ""visuals"": 5}"
45,Dishwasher,12349,/mnt/zsn/lyb/arti-skill/exp/PartNet-Mobility/data/dataset/12349,12349,/mnt/zsn/lyb/arti-skill/exp/PartNet-Mobility/data/dataset/12349/mobility.urdf,12349/mobility.urdf,90515,ceb1e5e68342a743c71ceccd2b5f7a8d97d57254dd25168b9bc883a2650e25db,696,7794921,38d6c16bc996136405b0b186ae60da20947a1c20b74405de9cbe3f1fe288abcd,63182fc1c63b44339a47d584a59572c0a2d2c02005795bb588fbc52f2577df70,133a0bfd1812bddbeb47ff8f3725b73db0143fd7c8b1cf8cb1e965fc44adf3f9,False,/mnt/zsn/lyb/arti-skill/exp/partnet_mobility_uniform_n5_studio_256_v1/Dishwasher/12349/imgs/000.png,1417,partnet_mobility:Dishwasher:12349:5,8,8,Dishwasher,partnet_mobility,5,Dishwasher:5,133a0bfd1812bddbeb47ff8f3725b73db0143fd7c8b1cf8cb1e965fc44adf3f9:12349,84164,c417e64449ca952ed17b3c199e155bc9d49d072fcc0bae55a824b6fec36a2884,rendered,15.91,2026-08-31T10:58:57.816931Z,2026-08-31T10:59:13.726970Z,,"{""asset_dir"": ""/mnt/zsn/lyb/arti-skill/exp/PartNet-Mobility/data/dataset/12349"", ""base_renderer"": {""path"": ""/mnt/zsn/lyb/arti-skill/exp/scripts/render_articraft10k_asset_blender.py"", ""sha256"": ""24669921702ddf11c9668e16692f3a4cb7e5b40e040e215a878b92cdd294fe22""}, ""camera_distance"": 3.257895428209467, ""device"": ""OPTIX"", ""geometry"": {""mesh_visual_count"": 314, ""primitive_counts"": {""box"": 0, ""cylinder"": 0, ""sphere"": 0}}, ""material_policy"": ""native OBJ/MTL diffuse materials, forced opaque; neutral fallback"", ""materials"": 317, ""objects"": 314, ""output"": ""/mnt/zsn/lyb/arti-skill/exp/partnet_mobility_uniform_n5_studio_256_v1/Dishwasher/12349/imgs/000.png"", ""radius"": 0.9894282503913179, ""root_link"": ""base"", ""shared_renderer"": {""path"": ""/mnt/zsn/lyb/arti-skill/arti-template/scripts/render_exported_asset_blender.py"", ""sha256"": ""f418515a9817218b08d577d95983ec934c34ddf19f17bb89c73bf52aa60bb3a7""}, ""visuals"": 314}"
46,Dispenser,103354,/mnt/zsn/lyb/arti-skill/exp/PartNet-Mobility/data/dataset/103354,103354,/mnt/zsn/lyb/arti-skill/exp/PartNet-Mobility/data/dataset/103354/mobility.urdf,103354/mobility.urdf,4962,fce5feaf49588706363066676b8eeb8f2098e31c96fba2508f56e6127c66e07a,33,4676482,da4fd42124299d41f244aca474e8a183880221d028b9716895348c0c8d3d29ce,ec71f29e8de99f942a08f72cef48ba7ef1859caa2b33ed9ac5d271c314703f04,051959721c788df6528b151abbf29a9bcd58d72cd368ceee216a5ee00301b100,True,/mnt/zsn/lyb/arti-skill/exp/partnet_mobility_uniform_n5_studio_256_v1/Dispenser/103354/imgs/000.png,1116,partnet_mobility:Dispenser:103354:1,9,9,Dispenser,partnet_mobility,1,Dispenser:1,051959721c788df6528b151abbf29a9bcd58d72cd368ceee216a5ee00301b100:103354,73199,47b724996a4417f792909dccc4dd2b1bb42fbc63275985f145686d740c282703,reused_valid,0.0,2026-08-31T10:58:57.817678Z,2026-08-31T10:58:57.822322Z,,"{""asset_dir"": ""/mnt/zsn/lyb/arti-skill/exp/PartNet-Mobility/data/dataset/103354"", ""base_renderer"": {""path"": ""/mnt/zsn/lyb/arti-skill/exp/scripts/render_articraft10k_asset_blender.py"", ""sha256"": ""24669921702ddf11c9668e16692f3a4cb7e5b40e040e215a878b92cdd294fe22""}, ""camera_distance"": 3.208748919593836, ""device"": ""OPTIX"", ""geometry"": {""mesh_visual_count"": 12, ""primitive_counts"": {""box"": 0, ""cylinder"": 0, ""sphere"": 0}}, ""material_policy"": ""native OBJ/MTL diffuse materials, forced opaque; neutral fallback"", ""materials"": 20, ""objects"": 12, ""output"": ""/mnt/zsn/lyb/arti-skill/exp/partnet_mobility_uniform_n5_studio_256_v1/Dispenser/103354/imgs/000.png"", ""radius"": 0.9745023741304182, ""root_link"": ""base"", ""shared_renderer"": {""path"": ""/mnt/zsn/lyb/arti-skill/arti-template/scripts/render_exported_asset_blender.py"", ""sha256"": ""f418515a9817218b08d577d95983ec934c34ddf19f17bb89c73bf52aa60bb3a7""}, ""visuals"": 12}"
47,Dispenser,103419,/mnt/zsn/lyb/arti-skill/exp/PartNet-Mobility/data/dataset/103419,103419,/mnt/zsn/lyb/arti-skill/exp/PartNet-Mobility/data/dataset/103419/mobility.urdf,103419/mobility.urdf,1391,3feb9fd74ce4f2c7fcc0fc102aad07b5af474ef0c6f1090ccce68ee273eb1793,13,191707,89031a86f93ed452b2c3fd53e1be4c2ce7ef3c5a9afcd4cda1ac44ff8d1a5191,2ca9610aaaff766417dae8878bfdc65f16dc1e22b1876a01c1ae1c60c570454f,08f1fd167b4c230616adb312ae991d3996d5b6b80cb08acae5ed55eed93a0228,False,/mnt/zsn/lyb/arti-skill/exp/partnet_mobility_uniform_n5_studio_256_v1/Dispenser/103419/imgs/000.png,1143,partnet_mobility:Dispenser:103419:2,9,9,Dispenser,partnet_mobility,2,Dispenser:2,08f1fd167b4c230616adb312ae991d3996d5b6b80cb08acae5ed55eed93a0228:103419,74925,3a1619a78a7178e8bbc3abdf4d72609a889954bdf193eddb3497068b3b7d26ff,reused_valid,0.0,2026-08-31T10:58:57.819487Z,2026-08-31T10:58:57.824510Z,,"{""asset_dir"": ""/mnt/zsn/lyb/arti-skill/exp/PartNet-Mobility/data/dataset/103419"", ""base_renderer"": {""path"": ""/mnt/zsn/lyb/arti-skill/exp/scripts/render_articraft10k_asset_blender.py"", ""sha256"": ""24669921702ddf11c9668e16692f3a4cb7e5b40e040e215a878b92cdd294fe22""}, ""camera_distance"": 3.5994874533026877, ""device"": ""OPTIX"", ""geometry"": {""mesh_visual_count"": 3, ""primitive_counts"": {""box"": 0, ""cylinder"": 0, ""sphere"": 0}}, ""material_policy"": ""native OBJ/MTL diffuse materials, forced opaque; neutral fallback"", ""materials"": 3, ""objects"": 3, ""output"": ""/mnt/zsn/lyb/arti-skill/exp/partnet_mobility_uniform_n5_studio_256_v1/Dispenser/103419/imgs/000.png"", ""radius"": 1.093170315532238, ""root_link"": ""base"", ""shared_renderer"": {""path"": ""/mnt/zsn/lyb/arti-skill/arti-template/scripts/render_exported_asset_blender.py"", ""sha256"": ""f418515a9817218b08d577d95983ec934c34ddf19f17bb89c73bf52aa60bb3a7""}, ""visuals"": 3}"
48,Dispenser,101557,/mnt/zsn/lyb/arti-skill/exp/PartNet-Mobility/data/dataset/101557,101557,/mnt/zsn/lyb/arti-skill/exp/PartNet-Mobility/data/dataset/101557/mobility.urdf,101557/mobility.urdf,6061,cdf3a5d24f0c31e10c7173fa8f5bf019c306dbf2f63923d28a4d648e93e47ed6,39,151388,a6635e8148126e9b588edbcb319fc7da9b108327bfc1c4c6d1f65e294c2660c6,1a6ddaa6f9daef78f5f505165d0c24812ae9f92e23bc9cffb6a5be718e101b49,0dba1361bb4a500f5f4291000fd3a7e83a6240ef6f836ef5b1b4959e26f57b4d,False,/mnt/zsn/lyb/arti-skill/exp/partnet_mobility_uniform_n5_studio_256_v1/Dispenser/101557/imgs/000.png,533,partnet_mobility:Dispenser:101557:3,9,9,Dispenser,partnet_mobility,3,Dispenser:3,0dba1361bb4a500f5f4291000fd3a7e83a6240ef6f836ef5b1b4959e26f57b4d:101557,71080,7050925539d7f512a1009078a02da4c53b31876021a828036dcc8ffa9657fe01,reused_valid,0.0,2026-08-31T10:58:57.819754Z,2026-08-31T10:58:57.825159Z,,"{""asset_dir"": ""/mnt/zsn/lyb/arti-skill/exp/PartNet-Mobility/data/dataset/101557"", ""base_renderer"": {""path"": ""/mnt/zsn/lyb/arti-skill/exp/scripts/render_articraft10k_asset_blender.py"", ""sha256"": ""24669921702ddf11c9668e16692f3a4cb7e5b40e040e215a878b92cdd294fe22""}, ""camera_distance"": 3.2024342902584086, ""device"": ""OPTIX"", ""geometry"": {""mesh_visual_count"": 16, ""primitive_counts"": {""box"": 0, ""cylinder"": 0, ""sphere"": 0}}, ""material_policy"": ""native OBJ/MTL diffuse materials, forced opaque; neutral fallback"", ""materials"": 16, ""objects"": 16, ""output"": ""/mnt/zsn/lyb/arti-skill/exp/partnet_mobility_uniform_n5_studio_256_v1/Dispenser/101557/imgs/000.png"", ""radius"": 0.9725846107175342, ""root_link"": ""base"", ""shared_renderer"": {""path"": ""/mnt/zsn/lyb/arti-skill/arti-template/scripts/render_exported_asset_blender.py"", ""sha256"": ""f418515a9817218b08d577d95983ec934c34ddf19f17bb89c73bf52aa60bb3a7""}, ""visuals"": 16}"
49,Dispenser,101560,/mnt/zsn/lyb/arti-skill/exp/PartNet-Mobility/data/dataset/101560,101560,/mnt/zsn/lyb/arti-skill/exp/PartNet-Mobility/data/dataset/101560/mobility.urdf,101560/mobility.urdf,6420,c143ebd1d9720ebbc060187a389c0c3741f4a4b8a4a58a7394cf084da7520912,43,283950,c6edf5255846ea095a28753d23887d446b2695121f471893c8ea07d0c1d8c446,bc4c6405a7e3c0780f196760c353346a102a92aa7e8be59174cfc97bf8ee7e5d,149d586408ff8dc1738f552cb1980b61e9e7564c476ea5dc18f9660648ab04d1,False,/mnt/zsn/lyb/arti-skill/exp/partnet_mobility_uniform_n5_studio_256_v1/Dispenser/101560/imgs/000.png,535,partnet_mobility:Dispenser:101560:4,9,9,Dispenser,partnet_mobility,4,Dispenser:4,149d586408ff8dc1738f552cb1980b61e9e7564c476ea5dc18f9660648ab04d1:101560,74505,45f368448560f95693a4a9c27fed5a389fe3382cb1469eb8e2491d47093b851a,reused_valid,0.0,2026-08-31T10:58:57.822346Z,2026-08-31T10:58:57.828327Z,,"{""asset_dir"": ""/mnt/zsn/lyb/arti-skill/exp/PartNet-Mobility/data/dataset/101560"", ""base_renderer"": {""path"": ""/mnt/zsn/lyb/arti-skill/exp/scripts/render_articraft10k_asset_blender.py"", ""sha256"": ""24669921702ddf11c9668e16692f3a4cb7e5b40e040e215a878b92cdd294fe22""}, ""camera_distance"": 3.2879104302192643, ""device"": ""OPTIX"", ""geometry"": {""mesh_visual_count"": 18, ""primitive_counts"": {""box"": 0, ""cylinder"": 0, ""sphere"": 0}}, ""material_policy"": ""native OBJ/MTL diffuse materials, forced opaque; neutral fallback"", ""materials"": 20, ""objects"": 18, ""output"": ""/mnt/zsn/lyb/arti-skill/exp/partnet_mobility_uniform_n5_studio_256_v1/Dispenser/101560/imgs/000.png"", ""radius"": 0.998543856333393, ""root_link"": ""base"", ""shared_renderer"": {""path"": ""/mnt/zsn/lyb/arti-skill/arti-template/scripts/render_exported_asset_blender.py"", ""sha256"": ""f418515a9817218b08d577d95983ec934c34ddf19f17bb89c73bf52aa60bb3a7""}, ""visuals"": 18}"
50,Dispenser,103397,/mnt/zsn/lyb/arti-skill/exp/PartNet-Mobility/data/dataset/103397,103397,/mnt/zsn/lyb/arti-skill/exp/PartNet-Mobility/data/dataset/103397/mobility.urdf,103397/mobility.urdf,2914,b1d35c65b6f10ab356ef2337880f35ae4b2be1a0912d884ae3b834c9371b5694,17,1183901,25bddce853a26dae7272851664a929b8bfeb25c17164e4d10166e69e93e8b05c,5a25f12e37ae2e1a80250c22dc59c3dc51c9ebc529ce406d639397202cf569e5,1becdaef01e3ed930106debaa7ebbba9338a832a216d1dcd30e3b4d796d8a884,False,/mnt/zsn/lyb/arti-skill/exp/partnet_mobility_uniform_n5_studio_256_v1/Dispenser/103397/imgs/000.png,1132,partnet_mobility:Dispenser:103397:5,9,9,Dispenser,partnet_mobility,5,Dispenser:5,1becdaef01e3ed930106debaa7ebbba9338a832a216d1dcd30e3b4d796d8a884:103397,78694,524d872f8105f11b3f98a6ecd35919f7869ad98a3c7ae8f3611ceac1a322814b,reused_valid,0.0,2026-08-31T10:58:57.824535Z,2026-08-31T10:58:57.829899Z,,"{""asset_dir"": ""/mnt/zsn/lyb/arti-skill/exp/PartNet-Mobility/data/dataset/103397"", ""base_renderer"": {""path"": ""/mnt/zsn/lyb/arti-skill/exp/scripts/render_articraft10k_asset_blender.py"", ""sha256"": ""24669921702ddf11c9668e16692f3a4cb7e5b40e040e215a878b92cdd294fe22""}, ""camera_distance"": 3.268361093222286, ""device"": ""OPTIX"", ""geometry"": {""mesh_visual_count"": 5, ""primitive_counts"": {""box"": 0, ""cylinder"": 0, ""sphere"": 0}}, ""material_policy"": ""native OBJ/MTL diffuse materials, forced opaque; neutral fallback"", ""materials"": 5, ""objects"": 5, ""output"": ""/mnt/zsn/lyb/arti-skill/exp/partnet_mobility_uniform_n5_studio_256_v1/Dispenser/103397/imgs/000.png"", ""radius"": 0.9926066902310847, ""root_link"": ""base"", ""shared_renderer"": {""path"": ""/mnt/zsn/lyb/arti-skill/arti-template/scripts/render_exported_asset_blender.py"", ""sha256"": ""f418515a9817218b08d577d95983ec934c34ddf19f17bb89c73bf52aa60bb3a7""}, ""visuals"": 5}"
51,Display,4541,/mnt/zsn/lyb/arti-skill/exp/PartNet-Mobility/data/dataset/4541,4541,/mnt/zsn/lyb/arti-skill/exp/PartNet-Mobility/data/dataset/4541/mobility.urdf,4541/mobility.urdf,1830,f01f06f35a29ffad5684a112531a656390754e731ae7b4217716236c76d2ba61,60,3652869,79d64e7499d891ae3b079b44354bf1983237d0b3f379ddca5b950a5a5af4b83b,c0b0369f25eb0d426f13eb32d74d0b1c1a44e5c5ce0ab8b12667d481ef9b4f3f,00f7f5c26f42ca17edf82c887506be0b504abb777a51c52b17c923b810ea992a,True,/mnt/zsn/lyb/arti-skill/exp/partnet_mobility_uniform_n5_studio_256_v1/Display/4541/imgs/000.png,1904,partnet_mobility:Display:4541:1,10,10,Display,partnet_mobility,1,Display:1,00f7f5c26f42ca17edf82c887506be0b504abb777a51c52b17c923b810ea992a:4541,78240,755c176bdea02e2e87268467302aee2781723111998350db3f6cd49104a8b497,reused_valid,0.0,2026-08-31T10:58:57.825186Z,2026-08-31T10:58:57.829711Z,,"{""asset_dir"": ""/mnt/zsn/lyb/arti-skill/exp/PartNet-Mobility/data/dataset/4541"", ""base_renderer"": {""path"": ""/mnt/zsn/lyb/arti-skill/exp/scripts/render_articraft10k_asset_blender.py"", ""sha256"": ""24669921702ddf11c9668e16692f3a4cb7e5b40e040e215a878b92cdd294fe22""}, ""camera_distance"": 3.4231429219201917, ""device"": ""OPTIX"", ""geometry"": {""mesh_visual_count"": 4, ""primitive_counts"": {""box"": 0, ""cylinder"": 0, ""sphere"": 0}}, ""material_policy"": ""native OBJ/MTL diffuse materials, forced opaque; neutral fallback"", ""materials"": 15, ""objects"": 4, ""output"": ""/mnt/zsn/lyb/arti-skill/exp/partnet_mobility_uniform_n5_studio_256_v1/Display/4541/imgs/000.png"", ""radius"": 1.0396141885795218, ""root_link"": ""base"", ""shared_renderer"": {""path"": ""/mnt/zsn/lyb/arti-skill/arti-template/scripts/render_exported_asset_blender.py"", ""sha256"": ""f418515a9817218b08d577d95983ec934c34ddf19f17bb89c73bf52aa60bb3a7""}, ""visuals"": 4}"
52,Display,4566,/mnt/zsn/lyb/arti-skill/exp/PartNet-Mobility/data/dataset/4566,4566,/mnt/zsn/lyb/arti-skill/exp/PartNet-Mobility/data/dataset/4566/mobility.urdf,4566/mobility.urdf,2700,1902dd94bcf6c2081e13b7013805d5dacc9187af11d3f61ebe30ed22a77b3a3f,61,3537940,ab01ac26ecc6eaf29c24c09e9b00f607ae3fe8b1900c97d44efd342e167d5d29,836a14ffd0e320f106acc618d69269b76a48e076dee1854fe73871aa9b5a149e,0454a8d72f0fda8244e7ec5754978037816c3118b0a1316d1cd352bd5d76c159,False,/mnt/zsn/lyb/arti-skill/exp/partnet_mobility_uniform_n5_studio_256_v1/Display/4566/imgs/000.png,1944,partnet_mobility:Display:4566:2,10,10,Display,partnet_mobility,2,Display:2,0454a8d72f0fda8244e7ec5754978037816c3118b0a1316d1cd352bd5d76c159:4566,71534,6e9c5f01325f20c35a9e24af60a8db09bb7ff2ceb69dbe8cf87d5b902d46f3e7,reused_valid,0.0,2026-08-31T10:58:57.828353Z,2026-08-31T10:58:57.833027Z,,"{""asset_dir"": ""/mnt/zsn/lyb/arti-skill/exp/PartNet-Mobility/data/dataset/4566"", ""base_renderer"": {""path"": ""/mnt/zsn/lyb/arti-skill/exp/scripts/render_articraft10k_asset_blender.py"", ""sha256"": ""24669921702ddf11c9668e16692f3a4cb7e5b40e040e215a878b92cdd294fe22""}, ""camera_distance"": 3.4371858913274083, ""device"": ""OPTIX"", ""geometry"": {""mesh_visual_count"": 6, ""primitive_counts"": {""box"": 0, ""cylinder"": 0, ""sphere"": 0}}, ""material_policy"": ""native OBJ/MTL diffuse materials, forced opaque; neutral fallback"", ""materials"": 13, ""objects"": 6, ""output"": ""/mnt/zsn/lyb/arti-skill/exp/partnet_mobility_uniform_n5_studio_256_v1/Display/4566/imgs/000.png"", ""radius"": 1.0438790617030025, ""root_link"": ""base"", ""shared_renderer"": {""path"": ""/mnt/zsn/lyb/arti-skill/arti-template/scripts/render_exported_asset_blender.py"", ""sha256"": ""f418515a9817218b08d577d95983ec934c34ddf19f17bb89c73bf52aa60bb3a7""}, ""visuals"": 6}"
53,Display,4681,/mnt/zsn/lyb/arti-skill/exp/PartNet-Mobility/data/dataset/4681,4681,/mnt/zsn/lyb/arti-skill/exp/PartNet-Mobility/data/dataset/4681/mobility.urdf,4681/mobility.urdf,2226,47673215e4961c018151c9a3b436ca109fa94f77bbbb25942e9e7ade0555da75,60,4489595,74aa51f6752155f189c5a927b416de9a10a5c8986ed52df7956a76cd5a079841,fedb8ee347120d1341246ccbfae0a2d169049688f1838a26d229b46c8a5a4782,061b4fe85b47a13e1887f386477e0e0d5c9f3003f53e4b20472bbaa8b46ce766,False,/mnt/zsn/lyb/arti-skill/exp/partnet_mobility_uniform_n5_studio_256_v1/Display/4681/imgs/000.png,2079,partnet_mobility:Display:4681:3,10,10,Display,partnet_mobility,3,Display:3,061b4fe85b47a13e1887f386477e0e0d5c9f3003f53e4b20472bbaa8b46ce766:4681,77344,7a5f5771913df4270c4a476b760d364d391135661b043765ca4e6b48173e8c6d,reused_valid,0.0,2026-08-31T10:58:57.829737Z,2026-08-31T10:58:57.835097Z,,"{""asset_dir"": ""/mnt/zsn/lyb/arti-skill/exp/PartNet-Mobility/data/dataset/4681"", ""base_renderer"": {""path"": ""/mnt/zsn/lyb/arti-skill/exp/scripts/render_articraft10k_asset_blender.py"", ""sha256"": ""24669921702ddf11c9668e16692f3a4cb7e5b40e040e215a878b92cdd294fe22""}, ""camera_distance"": 3.75390734172758, ""device"": ""OPTIX"", ""geometry"": {""mesh_visual_count"": 5, ""primitive_counts"": {""box"": 0, ""cylinder"": 0, ""sphere"": 0}}, ""material_policy"": ""native OBJ/MTL diffuse materials, forced opaque; neutral fallback"", ""materials"": 10, ""objects"": 5, ""output"": ""/mnt/zsn/lyb/arti-skill/exp/partnet_mobility_uniform_n5_studio_256_v1/Display/4681/imgs/000.png"", ""radius"": 1.1400678920188583, ""root_link"": ""base"", ""shared_renderer"": {""path"": ""/mnt/zsn/lyb/arti-skill/arti-template/scripts/render_exported_asset_blender.py"", ""sha256"": ""f418515a9817218b08d577d95983ec934c34ddf19f17bb89c73bf52aa60bb3a7""}, ""visuals"": 5}"
54,Display,4564,/mnt/zsn/lyb/arti-skill/exp/PartNet-Mobility/data/dataset/4564,4564,/mnt/zsn/lyb/arti-skill/exp/PartNet-Mobility/data/dataset/4564/mobility.urdf,4564/mobility.urdf,1897,35c17104ed9c8971630986c7b524105aeeaab68d7656e3fdf93c63c49d190c20,60,3653498,95f2d5548f7cb2b0cc4447c6e31b26ae9a3f3310700be280898dbb44439fee8c,45aebebc8eac71b804b50e31bad15cf834db4602b9d7b68fbf8c4be5f84bc233,09b56f21e3c4370acc15a9e76ed4064f50d06085b630f7b2e736d8a90b369923,False,/mnt/zsn/lyb/arti-skill/exp/partnet_mobility_uniform_n5_studio_256_v1/Display/4564/imgs/000.png,1941,partnet_mobility:Display:4564:4,10,10,Display,partnet_mobility,4,Display:4,09b56f21e3c4370acc15a9e76ed4064f50d06085b630f7b2e736d8a90b369923:4564,70064,e3369834bb71766f8b940ac845dc44e90e45674d6b4b5ebe714dd967c24898fd,reused_valid,0.0,2026-08-31T10:58:57.829925Z,2026-08-31T10:58:57.834862Z,,"{""asset_dir"": ""/mnt/zsn/lyb/arti-skill/exp/PartNet-Mobility/data/dataset/4564"", ""base_renderer"": {""path"": ""/mnt/zsn/lyb/arti-skill/exp/scripts/render_articraft10k_asset_blender.py"", ""sha256"": ""24669921702ddf11c9668e16692f3a4cb7e5b40e040e215a878b92cdd294fe22""}, ""camera_distance"": 3.737411493800786, ""device"": ""OPTIX"", ""geometry"": {""mesh_visual_count"": 4, ""primitive_counts"": {""box"": 0, ""cylinder"": 0, ""sphere"": 0}}, ""material_policy"": ""native OBJ/MTL diffuse materials, forced opaque; neutral fallback"", ""materials"": 15, ""objects"": 4, ""output"": ""/mnt/zsn/lyb/arti-skill/exp/partnet_mobility_uniform_n5_studio_256_v1/Display/4564/imgs/000.png"", ""radius"": 1.1350580756166482, ""root_link"": ""base"", ""shared_renderer"": {""path"": ""/mnt/zsn/lyb/arti-skill/arti-template/scripts/render_exported_asset_blender.py"", ""sha256"": ""f418515a9817218b08d577d95983ec934c34ddf19f17bb89c73bf52aa60bb3a7""}, ""visuals"": 4}"
55,Display,4578,/mnt/zsn/lyb/arti-skill/exp/PartNet-Mobility/data/dataset/4578,4578,/mnt/zsn/lyb/arti-skill/exp/PartNet-Mobility/data/dataset/4578/mobility.urdf,4578/mobility.urdf,1915,79aa828887f6ecba39432b1f2f84bfe7937965ba8d2384c4ee03d6610dcb5bb0,60,3631353,a9857eb6a334d188cdafbc0a6d9580a89f8c9b1daee7b6087790ce4151462e03,396dc84491474b1199635b258e5df7f9f4f8ddcef0fa6f299b1236e44c68ea9e,243b8a8b497f312601438c161449961cad5dbc3baf3704c16c0d2ab44c3be5df,False,/mnt/zsn/lyb/arti-skill/exp/partnet_mobility_uniform_n5_studio_256_v1/Display/4578/imgs/000.png,1974,partnet_mobility:Display:4578:5,10,10,Display,partnet_mobility,5,Display:5,243b8a8b497f312601438c161449961cad5dbc3baf3704c16c0d2ab44c3be5df:4578,78880,492e754d24bcc6c65ce3b9dd699ee21b9c94df45465ebf129a91994c9b51001d,reused_valid,0.0,2026-08-31T10:58:57.833050Z,2026-08-31T10:58:57.837926Z,,"{""asset_dir"": ""/mnt/zsn/lyb/arti-skill/exp/PartNet-Mobility/data/dataset/4578"", ""base_renderer"": {""path"": ""/mnt/zsn/lyb/arti-skill/exp/scripts/render_articraft10k_asset_blender.py"", ""sha256"": ""24669921702ddf11c9668e16692f3a4cb7e5b40e040e215a878b92cdd294fe22""}, ""camera_distance"": 3.402304802907618, ""device"": ""OPTIX"", ""geometry"": {""mesh_visual_count"": 4, ""primitive_counts"": {""box"": 0, ""cylinder"": 0, ""sphere"": 0}}, ""material_policy"": ""native OBJ/MTL diffuse materials, forced opaque; neutral fallback"", ""materials"": 12, ""objects"": 4, ""output"": ""/mnt/zsn/lyb/arti-skill/exp/partnet_mobility_uniform_n5_studio_256_v1/Display/4578/imgs/000.png"", ""radius"": 1.0332856172394074, ""root_link"": ""base"", ""shared_renderer"": {""path"": ""/mnt/zsn/lyb/arti-skill/arti-template/scripts/render_exported_asset_blender.py"", ""sha256"": ""f418515a9817218b08d577d95983ec934c34ddf19f17bb89c73bf52aa60bb3a7""}, ""visuals"": 4}"
56,Door,9277,/mnt/zsn/lyb/arti-skill/exp/PartNet-Mobility/data/dataset/9277,9277,/mnt/zsn/lyb/arti-skill/exp/PartNet-Mobility/data/dataset/9277/mobility.urdf,9277/mobility.urdf,2987,78fc2bc332b2e4bd3dc7d032a173fa61d33152c4dc04825720bc1a5987388070,59,3593800,af36d149cf9564ce866c860e0ac7c14c36c1fc32ee2fc358b39c9b288a852eb3,9f6c2130f3894f384d910a4fa18c3ce9f82c2e34f4af7f34656a5734b9fd295a,087741e65b10b020c63ab8d960058b503ca9bee74dbd7a343f4eaddd67380833,True,/mnt/zsn/lyb/arti-skill/exp/partnet_mobility_uniform_n5_studio_256_v1/Door/9277/imgs/000.png,2327,partnet_mobility:Door:9277:1,11,11,Door,partnet_mobility,1,Door:1,087741e65b10b020c63ab8d960058b503ca9bee74dbd7a343f4eaddd67380833:9277,72707,6131af0062e999c5a7a8e3df7738eb5e253df6ed5a7dc1c7915e4b4df21e9ca5,reused_valid,0.0,2026-08-31T10:58:57.834889Z,2026-08-31T10:58:57.839903Z,,"{""asset_dir"": ""/mnt/zsn/lyb/arti-skill/exp/PartNet-Mobility/data/dataset/9277"", ""base_renderer"": {""path"": ""/mnt/zsn/lyb/arti-skill/exp/scripts/render_articraft10k_asset_blender.py"", ""sha256"": ""24669921702ddf11c9668e16692f3a4cb7e5b40e040e215a878b92cdd294fe22""}, ""camera_distance"": 3.219003775886646, ""device"": ""OPTIX"", ""geometry"": {""mesh_visual_count"": 6, ""primitive_counts"": {""box"": 0, ""cylinder"": 0, ""sphere"": 0}}, ""material_policy"": ""native OBJ/MTL diffuse materials, forced opaque; neutral fallback"", ""materials"": 6, ""objects"": 6, ""output"": ""/mnt/zsn/lyb/arti-skill/exp/partnet_mobility_uniform_n5_studio_256_v1/Door/9277/imgs/000.png"", ""radius"": 0.9776167910119279, ""root_link"": ""base"", ""shared_renderer"": {""path"": ""/mnt/zsn/lyb/arti-skill/arti-template/scripts/render_exported_asset_blender.py"", ""sha256"": ""f418515a9817218b08d577d95983ec934c34ddf19f17bb89c73bf52aa60bb3a7""}, ""visuals"": 6}"
57,Door,8936,/mnt/zsn/lyb/arti-skill/exp/PartNet-Mobility/data/dataset/8936,8936,/mnt/zsn/lyb/arti-skill/exp/PartNet-Mobility/data/dataset/8936/mobility.urdf,8936/mobility.urdf,2482,c72cae581a133d99315c510e81bd3aa253c5c21996b02d8afc94d212d4a1851a,68,3539778,e03388ba197c5c32e9e5531df3adfce3dae69595666dabf8cc778fc369239056,5fd603352dfe94a72747344e11992808e9570eae39928c5ef9adda63d2e6f1c2,198827a292ed00760ac15129ed19557df176cc76063a68d15d390bf7170bb201,False,/mnt/zsn/lyb/arti-skill/exp/partnet_mobility_uniform_n5_studio_256_v1/Door/8936/imgs/000.png,2303,partnet_mobility:Door:8936:2,11,11,Door,partnet_mobility,2,Door:2,198827a292ed00760ac15129ed19557df176cc76063a68d15d390bf7170bb201:8936,68614,0db63c1da608f2e7b45c851d9ba797a08eed4ba40a8ba48472ef19d2e853580f,reused_valid,0.0,2026-08-31T10:58:57.835122Z,2026-08-31T10:58:57.842986Z,,"{""asset_dir"": ""/mnt/zsn/lyb/arti-skill/exp/PartNet-Mobility/data/dataset/8936"", ""base_renderer"": {""path"": ""/mnt/zsn/lyb/arti-skill/exp/scripts/render_articraft10k_asset_blender.py"", ""sha256"": ""24669921702ddf11c9668e16692f3a4cb7e5b40e040e215a878b92cdd294fe22""}, ""camera_distance"": 3.316592825647757, ""device"": ""OPTIX"", ""geometry"": {""mesh_visual_count"": 5, ""primitive_counts"": {""box"": 0, ""cylinder"": 0, ""sphere"": 0}}, ""material_policy"": ""native OBJ/MTL diffuse materials, forced opaque; neutral fallback"", ""materials"": 13, ""objects"": 5, ""output"": ""/mnt/zsn/lyb/arti-skill/exp/partnet_mobility_uniform_n5_studio_256_v1/Door/8936/imgs/000.png"", ""radius"": 1.0072547474442972, ""root_link"": ""base"", ""shared_renderer"": {""path"": ""/mnt/zsn/lyb/arti-skill/arti-template/scripts/render_exported_asset_blender.py"", ""sha256"": ""f418515a9817218b08d577d95983ec934c34ddf19f17bb89c73bf52aa60bb3a7""}, ""visuals"": 5}"
58,Door,8877,/mnt/zsn/lyb/arti-skill/exp/PartNet-Mobility/data/dataset/8877,8877,/mnt/zsn/lyb/arti-skill/exp/PartNet-Mobility/data/dataset/8877/mobility.urdf,8877/mobility.urdf,2390,a802e8f27ec139eaf801e62858ae27400c932e6afacd0f4cf9102fa92cfb1494,61,3376727,1caa3db930467fdbbb6ae9d4ea0db1c6ee9ed1ec274864694105e5e281ecd5e7,9181280d4f60cedab97f786032ea7a9a89048b3170f5e2b567449e7bd019f47c,1d5830bae2f8d81b1b0079c352ceab7df22f6f82453e6a2a736cd8b3649c10cf,False,/mnt/zsn/lyb/arti-skill/exp/partnet_mobility_uniform_n5_studio_256_v1/Door/8877/imgs/000.png,2297,partnet_mobility:Door:8877:3,11,11,Door,partnet_mobility,3,Door:3,1d5830bae2f8d81b1b0079c352ceab7df22f6f82453e6a2a736cd8b3649c10cf:8877,81332,1d2630cf88ec8b704f056bd8e39548ff8b6bef9e9a4818665f19d11065f497e2,reused_valid,0.0,2026-08-31T10:58:57.837951Z,2026-08-31T10:58:57.842804Z,,"{""asset_dir"": ""/mnt/zsn/lyb/arti-skill/exp/PartNet-Mobility/data/dataset/8877"", ""base_renderer"": {""path"": ""/mnt/zsn/lyb/arti-skill/exp/scripts/render_articraft10k_asset_blender.py"", ""sha256"": ""24669921702ddf11c9668e16692f3a4cb7e5b40e040e215a878b92cdd294fe22""}, ""camera_distance"": 3.3195171481755836, ""device"": ""OPTIX"", ""geometry"": {""mesh_visual_count"": 5, ""primitive_counts"": {""box"": 0, ""cylinder"": 0, ""sphere"": 0}}, ""material_policy"": ""native OBJ/MTL diffuse materials, forced opaque; neutral fallback"", ""materials"": 6, ""objects"": 5, ""output"": ""/mnt/zsn/lyb/arti-skill/exp/partnet_mobility_uniform_n5_studio_256_v1/Door/8877/imgs/000.png"", ""radius"": 1.008142869051036, ""root_link"": ""base"", ""shared_renderer"": {""path"": ""/mnt/zsn/lyb/arti-skill/arti-template/scripts/render_exported_asset_blender.py"", ""sha256"": ""f418515a9817218b08d577d95983ec934c34ddf19f17bb89c73bf52aa60bb3a7""}, ""visuals"": 5}"
59,Door,8961,/mnt/zsn/lyb/arti-skill/exp/PartNet-Mobility/data/dataset/8961,8961,/mnt/zsn/lyb/arti-skill/exp/PartNet-Mobility/data/dataset/8961/mobility.urdf,8961/mobility.urdf,3836,8f4a78379590088bd635fb309b3789cf0593753f142cc612cd4870101ca8425e,75,4283447,7f25a1a41a887644d63c2e3f7e47dfa5707b599181f463484f4739870203dca8,99e97599c1f3df21d4fbfdcacf1548f3e9738d9fb4082c325189d9e0a7bb7efd,1e99cdb6763d2cc33df6fe17772a2bf14cc4ee4364415b07a58dc6bf361d4922,False,/mnt/zsn/lyb/arti-skill/exp/partnet_mobility_uniform_n5_studio_256_v1/Door/8961/imgs/000.png,2304,partnet_mobility:Door:8961:4,11,11,Door,partnet_mobility,4,Door:4,1e99cdb6763d2cc33df6fe17772a2bf14cc4ee4364415b07a58dc6bf361d4922:8961,90262,897c733e0ba342c4223a6450df5066fd3a60fe77c5294e12ea79f14ef21f71a6,reused_valid,0.0,2026-08-31T10:58:57.839929Z,2026-08-31T10:58:57.844997Z,,"{""asset_dir"": ""/mnt/zsn/lyb/arti-skill/exp/PartNet-Mobility/data/dataset/8961"", ""base_renderer"": {""path"": ""/mnt/zsn/lyb/arti-skill/exp/scripts/render_articraft10k_asset_blender.py"", ""sha256"": ""24669921702ddf11c9668e16692f3a4cb7e5b40e040e215a878b92cdd294fe22""}, ""camera_distance"": 3.3849398813461766, ""device"": ""OPTIX"", ""geometry"": {""mesh_visual_count"": 8, ""primitive_counts"": {""box"": 0, ""cylinder"": 0, ""sphere"": 0}}, ""material_policy"": ""native OBJ/MTL diffuse materials, forced opaque; neutral fallback"", ""materials"": 8, ""objects"": 8, ""output"": ""/mnt/zsn/lyb/arti-skill/exp/partnet_mobility_uniform_n5_studio_256_v1/Door/8961/imgs/000.png"", ""radius"": 1.0280118617314957, ""root_link"": ""base"", ""shared_renderer"": {""path"": ""/mnt/zsn/lyb/arti-skill/arti-template/scripts/render_exported_asset_blender.py"", ""sha256"": ""f418515a9817218b08d577d95983ec934c34ddf19f17bb89c73bf52aa60bb3a7""}, ""visuals"": 8}"
60,Door,8930,/mnt/zsn/lyb/arti-skill/exp/PartNet-Mobility/data/dataset/8930,8930,/mnt/zsn/lyb/arti-skill/exp/PartNet-Mobility/data/dataset/8930/mobility.urdf,8930/mobility.urdf,6057,aee05abb7e30a86f9054aa9bcad4b7c6aa3a2ac5cab0c085bfc324bff636c730,98,7383656,e8d4e76b546a68cf955cec25a0ad0b36e42b8dc132aab5e7119a578a60cf7baf,aeb22c35e50da49041dbac02d2df3c72957cca0e4fa4874d6624e613f77b7b37,1f329cb02948dbcd0abe5d6f8550c283aa40fa0908ec853c92f27b547fbceafd,False,/mnt/zsn/lyb/arti-skill/exp/partnet_mobility_uniform_n5_studio_256_v1/Door/8930/imgs/000.png,2302,partnet_mobility:Door:8930:5,11,11,Door,partnet_mobility,5,Door:5,1f329cb02948dbcd0abe5d6f8550c283aa40fa0908ec853c92f27b547fbceafd:8930,84546,444f718cef19232df8205f9a3337ebbaaa1ed72f78875fff51adf2176b05478c,reused_valid,0.0,2026-08-31T10:58:57.842830Z,2026-08-31T10:58:57.848106Z,,"{""asset_dir"": ""/mnt/zsn/lyb/arti-skill/exp/PartNet-Mobility/data/dataset/8930"", ""base_renderer"": {""path"": ""/mnt/zsn/lyb/arti-skill/exp/scripts/render_articraft10k_asset_blender.py"", ""sha256"": ""24669921702ddf11c9668e16692f3a4cb7e5b40e040e215a878b92cdd294fe22""}, ""camera_distance"": 3.3028658229743613, ""device"": ""OPTIX"", ""geometry"": {""mesh_visual_count"": 12, ""primitive_counts"": {""box"": 0, ""cylinder"": 0, ""sphere"": 0}}, ""material_policy"": ""native OBJ/MTL diffuse materials, forced opaque; neutral fallback"", ""materials"": 32, ""objects"": 12, ""output"": ""/mnt/zsn/lyb/arti-skill/exp/partnet_mobility_uniform_n5_studio_256_v1/Door/8930/imgs/000.png"", ""radius"": 1.0030858339424544, ""root_link"": ""base"", ""shared_renderer"": {""path"": ""/mnt/zsn/lyb/arti-skill/arti-template/scripts/render_exported_asset_blender.py"", ""sha256"": ""f418515a9817218b08d577d95983ec934c34ddf19f17bb89c73bf52aa60bb3a7""}, ""visuals"": 12}"
61,Eyeglasses,101285,/mnt/zsn/lyb/arti-skill/exp/PartNet-Mobility/data/dataset/101285,101285,/mnt/zsn/lyb/arti-skill/exp/PartNet-Mobility/data/dataset/101285/mobility.urdf,101285/mobility.urdf,2153,1e689d7a88119b3c7a7c92e486b905f0a317aa96ad9db388e852cc9bb24bf71b,15,237766,8b443d6069b535ea18a21984cf8cca61efe11ab070d79dcbb3a15eb7d8a42de9,02c18ee26bff306cc7ca94b9bf50f6793dea253d5025e00430fce06930d3b361,02de0ef19690b9d95b3b4902c0d8c598d8402047e4480a40db7c22e95047f7ae,True,/mnt/zsn/lyb/arti-skill/exp/partnet_mobility_uniform_n5_studio_256_v1/Eyeglasses/101285/imgs/000.png,413,partnet_mobility:Eyeglasses:101285:1,12,12,Eyeglasses,partnet_mobility,1,Eyeglasses:1,02de0ef19690b9d95b3b4902c0d8c598d8402047e4480a40db7c22e95047f7ae:101285,73245,64bd59469f3c2f8fa609a6c48bbcfc06435b40c14adc29444bf57d34d689460c,reused_valid,0.0,2026-08-31T10:58:57.843011Z,2026-08-31T10:58:57.848689Z,,"{""asset_dir"": ""/mnt/zsn/lyb/arti-skill/exp/PartNet-Mobility/data/dataset/101285"", ""base_renderer"": {""path"": ""/mnt/zsn/lyb/arti-skill/exp/scripts/render_articraft10k_asset_blender.py"", ""sha256"": ""24669921702ddf11c9668e16692f3a4cb7e5b40e040e215a878b92cdd294fe22""}, ""camera_distance"": 2.7118402567896562, ""device"": ""OPTIX"", ""geometry"": {""mesh_visual_count"": 4, ""primitive_counts"": {""box"": 0, ""cylinder"": 0, ""sphere"": 0}}, ""material_policy"": ""native OBJ/MTL diffuse materials, forced opaque; neutral fallback"", ""materials"": 4, ""objects"": 4, ""output"": ""/mnt/zsn/lyb/arti-skill/exp/partnet_mobility_uniform_n5_studio_256_v1/Eyeglasses/101285/imgs/000.png"", ""radius"": 0.8235903882558926, ""root_link"": ""base"", ""shared_renderer"": {""path"": ""/mnt/zsn/lyb/arti-skill/arti-template/scripts/render_exported_asset_blender.py"", ""sha256"": ""f418515a9817218b08d577d95983ec934c34ddf19f17bb89c73bf52aa60bb3a7""}, ""visuals"": 4}"
62,Eyeglasses,101869,/mnt/zsn/lyb/arti-skill/exp/PartNet-Mobility/data/dataset/101869,101869,/mnt/zsn/lyb/arti-skill/exp/PartNet-Mobility/data/dataset/101869/mobility.urdf,101869/mobility.urdf,3275,0de51e1477fd39834bd1e579407a5491e21e88690f988e20f94ee5905ec6926e,21,75583,7bf52f95fa7709c4b2a1cf22acd311e336e51991b5775c56a89c1fb40467c60d,40575844ba2eed816f1f043070f4e2094e3006c2eb5cf3c82891fe9a18f123b8,0607365aa91a5cc81925d30641fd3790f944e801e8c1aa8b70df22d29384d6c0,False,/mnt/zsn/lyb/arti-skill/exp/partnet_mobility_uniform_n5_studio_256_v1/Eyeglasses/101869/imgs/000.png,600,partnet_mobility:Eyeglasses:101869:2,12,12,Eyeglasses,partnet_mobility,2,Eyeglasses:2,0607365aa91a5cc81925d30641fd3790f944e801e8c1aa8b70df22d29384d6c0:101869,73318,96d3fbf322ea201a41881e08fd6ef36cc05f5c88010248a5dfd1f19cf67964f3,reused_valid,0.0,2026-08-31T10:58:57.845022Z,2026-08-31T10:58:57.850659Z,,"{""asset_dir"": ""/mnt/zsn/lyb/arti-skill/exp/PartNet-Mobility/data/dataset/101869"", ""base_renderer"": {""path"": ""/mnt/zsn/lyb/arti-skill/exp/scripts/render_articraft10k_asset_blender.py"", ""sha256"": ""24669921702ddf11c9668e16692f3a4cb7e5b40e040e215a878b92cdd294fe22""}, ""camera_distance"": 2.85903861367511, ""device"": ""OPTIX"", ""geometry"": {""mesh_visual_count"": 7, ""primitive_counts"": {""box"": 0, ""cylinder"": 0, ""sphere"": 0}}, ""material_policy"": ""native OBJ/MTL diffuse materials, forced opaque; neutral fallback"", ""materials"": 9, ""objects"": 7, ""output"": ""/mnt/zsn/lyb/arti-skill/exp/partnet_mobility_uniform_n5_studio_256_v1/Eyeglasses/101869/imgs/000.png"", ""radius"": 0.8682947736246076, ""root_link"": ""base"", ""shared_renderer"": {""path"": ""/mnt/zsn/lyb/arti-skill/arti-template/scripts/render_exported_asset_blender.py"", ""sha256"": ""f418515a9817218b08d577d95983ec934c34ddf19f17bb89c73bf52aa60bb3a7""}, ""visuals"": 7}"
63,Eyeglasses,102608,/mnt/zsn/lyb/arti-skill/exp/PartNet-Mobility/data/dataset/102608,102608,/mnt/zsn/lyb/arti-skill/exp/PartNet-Mobility/data/dataset/102608/mobility.urdf,102608/mobility.urdf,7837,6699ae2d2b2128e3289e3730a9cfb057f50b8943d65f9533d8abfdfc58d6dc78,54,3515171,791f97d302591781cd5f8a61d652d16b55e6da27b504b697f1af3b17e908a369,0e0e4903475e37b890341a5b6a39537787b83e97e22821358570076ba249cb01,099091cfaab141833caf9f6b57e26c8df2a2b1bdfab49ce83a6d8e5d2cebf875,False,/mnt/zsn/lyb/arti-skill/exp/partnet_mobility_uniform_n5_studio_256_v1/Eyeglasses/102608/imgs/000.png,802,partnet_mobility:Eyeglasses:102608:3,12,12,Eyeglasses,partnet_mobility,3,Eyeglasses:3,099091cfaab141833caf9f6b57e26c8df2a2b1bdfab49ce83a6d8e5d2cebf875:102608,73970,2f906a0da1ca8af166a3560f663f2ac98f1ef826097f2f2b68c867d97f9d1cd8,reused_valid,0.0,2026-08-31T10:58:57.848130Z,2026-08-31T10:58:57.853017Z,,"{""asset_dir"": ""/mnt/zsn/lyb/arti-skill/exp/PartNet-Mobility/data/dataset/102608"", ""base_renderer"": {""path"": ""/mnt/zsn/lyb/arti-skill/exp/scripts/render_articraft10k_asset_blender.py"", ""sha256"": ""24669921702ddf11c9668e16692f3a4cb7e5b40e040e215a878b92cdd294fe22""}, ""camera_distance"": 2.599760246788785, ""device"": ""OPTIX"", ""geometry"": {""mesh_visual_count"": 23, ""primitive_counts"": {""box"": 0, ""cylinder"": 0, ""sphere"": 0}}, ""material_policy"": ""native OBJ/MTL diffuse materials, forced opaque; neutral fallback"", ""materials"": 27, ""objects"": 23, ""output"": ""/mnt/zsn/lyb/arti-skill/exp/partnet_mobility_uniform_n5_studio_256_v1/Eyeglasses/102608/imgs/000.png"", ""radius"": 0.7895515031404327, ""root_link"": ""base"", ""shared_renderer"": {""path"": ""/mnt/zsn/lyb/arti-skill/arti-template/scripts/render_exported_asset_blender.py"", ""sha256"": ""f418515a9817218b08d577d95983ec934c34ddf19f17bb89c73bf52aa60bb3a7""}, ""visuals"": 23}"
64,Eyeglasses,101868,/mnt/zsn/lyb/arti-skill/exp/PartNet-Mobility/data/dataset/101868,101868,/mnt/zsn/lyb/arti-skill/exp/PartNet-Mobility/data/dataset/101868/mobility.urdf,101868/mobility.urdf,2209,b11b0ea4df4ea1e3b5e66716929e5e75ba03316d98a61db161f305a904d628bf,15,166106,450a6b652ff9cb30ae6c8d898b9fdb53f54b4a8f1189907740dca54927c4bfa6,83a400834b1638ceb00bd247d570daa118a358496f1748f01559c016b55aa78b,0a4a8767d2fe0cf7b935ecd6921ad02b6fc5430a6fb586d6fd30e3fe673a6a0e,False,/mnt/zsn/lyb/arti-skill/exp/partnet_mobility_uniform_n5_studio_256_v1/Eyeglasses/101868/imgs/000.png,599,partnet_mobility:Eyeglasses:101868:4,12,12,Eyeglasses,partnet_mobility,4,Eyeglasses:4,0a4a8767d2fe0cf7b935ecd6921ad02b6fc5430a6fb586d6fd30e3fe673a6a0e:101868,73848,30668557712a5c4a0afff3b2c4f723ef2293e57e7e5349a3b5b99c3416b0be4b,reused_valid,0.0,2026-08-31T10:58:57.848716Z,2026-08-31T10:58:57.854771Z,,"{""asset_dir"": ""/mnt/zsn/lyb/arti-skill/exp/PartNet-Mobility/data/dataset/101868"", ""base_renderer"": {""path"": ""/mnt/zsn/lyb/arti-skill/exp/scripts/render_articraft10k_asset_blender.py"", ""sha256"": ""24669921702ddf11c9668e16692f3a4cb7e5b40e040e215a878b92cdd294fe22""}, ""camera_distance"": 2.592329211784629, ""device"": ""OPTIX"", ""geometry"": {""mesh_visual_count"": 4, ""primitive_counts"": {""box"": 0, ""cylinder"": 0, ""sphere"": 0}}, ""material_policy"": ""native OBJ/MTL diffuse materials, forced opaque; neutral fallback"", ""materials"": 4, ""objects"": 4, ""output"": ""/mnt/zsn/lyb/arti-skill/exp/partnet_mobility_uniform_n5_studio_256_v1/Eyeglasses/101868/imgs/000.png"", ""radius"": 0.7872946854724698, ""root_link"": ""base"", ""shared_renderer"": {""path"": ""/mnt/zsn/lyb/arti-skill/arti-template/scripts/render_exported_asset_blender.py"", ""sha256"": ""f418515a9817218b08d577d95983ec934c34ddf19f17bb89c73bf52aa60bb3a7""}, ""visuals"": 4}"
65,Eyeglasses,101866,/mnt/zsn/lyb/arti-skill/exp/PartNet-Mobility/data/dataset/101866,101866,/mnt/zsn/lyb/arti-skill/exp/PartNet-Mobility/data/dataset/101866/mobility.urdf,101866/mobility.urdf,6453,74a82f9c3d8dd8dd2a2a18a4d572a4ec7d17c285f176c2a85eb89f8248e362be,43,6474065,36ad3c7e97e14d413e95abf91c0cb2584678bccd15b20d6061f9086a154496c7,a16afbf4bfab691b1b7ef299b398976d1524227e01bc85de3fa56974cbfc1f49,0e318ad23a37df15981139bc847b71f126d4de84f53ef5ec981af20c8bfcaf0d,False,/mnt/zsn/lyb/arti-skill/exp/partnet_mobility_uniform_n5_studio_256_v1/Eyeglasses/101866/imgs/000.png,598,partnet_mobility:Eyeglasses:101866:5,12,12,Eyeglasses,partnet_mobility,5,Eyeglasses:5,0e318ad23a37df15981139bc847b71f126d4de84f53ef5ec981af20c8bfcaf0d:101866,72807,c7872d9dccfda0141340e201cb035d8059e331f4898237a536df211f5416e0a3,reused_valid,0.0,2026-08-31T10:58:57.850685Z,2026-08-31T10:58:57.855434Z,,"{""asset_dir"": ""/mnt/zsn/lyb/arti-skill/exp/PartNet-Mobility/data/dataset/101866"", ""base_renderer"": {""path"": ""/mnt/zsn/lyb/arti-skill/exp/scripts/render_articraft10k_asset_blender.py"", ""sha256"": ""24669921702ddf11c9668e16692f3a4cb7e5b40e040e215a878b92cdd294fe22""}, ""camera_distance"": 3.402405444977449, ""device"": ""OPTIX"", ""geometry"": {""mesh_visual_count"": 18, ""primitive_counts"": {""box"": 0, ""cylinder"": 0, ""sphere"": 0}}, ""material_policy"": ""native OBJ/MTL diffuse materials, forced opaque; neutral fallback"", ""materials"": 32, ""objects"": 18, ""output"": ""/mnt/zsn/lyb/arti-skill/exp/partnet_mobility_uniform_n5_studio_256_v1/Eyeglasses/101866/imgs/000.png"", ""radius"": 1.0333161824031036, ""root_link"": ""base"", ""shared_renderer"": {""path"": ""/mnt/zsn/lyb/arti-skill/arti-template/scripts/render_exported_asset_blender.py"", ""sha256"": ""f418515a9817218b08d577d95983ec934c34ddf19f17bb89c73bf52aa60bb3a7""}, ""visuals"": 18}"
66,Fan,101433,/mnt/zsn/lyb/arti-skill/exp/PartNet-Mobility/data/dataset/101433,101433,/mnt/zsn/lyb/arti-skill/exp/PartNet-Mobility/data/dataset/101433/mobility.urdf,101433/mobility.urdf,2373,5383bef0e9e93de6ba22eefefa99eea0f9db4583d821ba48877dcb29d4d6c15f,19,675210,8f22e011cac0c6bdca186b1e488772b29e6f9a89714368d96436ed8c9d522d42,c0106cd1af84c6850bd009b6806493b52ac77f147249f9792958eead11b2cfe6,024c5f34b1557b5b94d4576b949ded333b7734bf95e712c9c74868fc7d242277,True,/mnt/zsn/lyb/arti-skill/exp/partnet_mobility_uniform_n5_studio_256_v1/Fan/101433/imgs/000.png,476,partnet_mobility:Fan:101433:1,13,13,Fan,partnet_mobility,1,Fan:1,024c5f34b1557b5b94d4576b949ded333b7734bf95e712c9c74868fc7d242277:101433,86896,ba9553c79d7f64d96f4522fc2ac0c96f5c8ad2a961a6129274eba25ece860a53,reused_valid,0.0,2026-08-31T10:58:57.853041Z,2026-08-31T10:58:57.858144Z,,"{""asset_dir"": ""/mnt/zsn/lyb/arti-skill/exp/PartNet-Mobility/data/dataset/101433"", ""base_renderer"": {""path"": ""/mnt/zsn/lyb/arti-skill/exp/scripts/render_articraft10k_asset_blender.py"", ""sha256"": ""24669921702ddf11c9668e16692f3a4cb7e5b40e040e215a878b92cdd294fe22""}, ""camera_distance"": 3.398835722472368, ""device"": ""OPTIX"", ""geometry"": {""mesh_visual_count"": 6, ""primitive_counts"": {""box"": 0, ""cylinder"": 0, ""sphere"": 0}}, ""material_policy"": ""native OBJ/MTL diffuse materials, forced opaque; neutral fallback"", ""materials"": 6, ""objects"": 6, ""output"": ""/mnt/zsn/lyb/arti-skill/exp/partnet_mobility_uniform_n5_studio_256_v1/Fan/101433/imgs/000.png"", ""radius"": 1.032232051751763, ""root_link"": ""base"", ""shared_renderer"": {""path"": ""/mnt/zsn/lyb/arti-skill/arti-template/scripts/render_exported_asset_blender.py"", ""sha256"": ""f418515a9817218b08d577d95983ec934c34ddf19f17bb89c73bf52aa60bb3a7""}, ""visuals"": 6}"
67,Fan,101374,/mnt/zsn/lyb/arti-skill/exp/PartNet-Mobility/data/dataset/101374,101374,/mnt/zsn/lyb/arti-skill/exp/PartNet-Mobility/data/dataset/101374/mobility.urdf,101374/mobility.urdf,3143,dea671d629f89db55b08a97a1cab8e04e7e8bb4f76a299be13430214cf44b2bc,25,338435,7ab57bea60efc9fcbf95d4c3d10bb55d1a784344b51754427241a85a072b2077,5af23ce03f5bef6fefbb79bf1c5717d8acd69ad12ab764fc883f8f6b65c24611,08439db09f50d558ef6c1b52db54c51bfab91e97bb9281c2e384dae29fdb8177,False,/mnt/zsn/lyb/arti-skill/exp/partnet_mobility_uniform_n5_studio_256_v1/Fan/101374/imgs/000.png,442,partnet_mobility:Fan:101374:2,13,13,Fan,partnet_mobility,2,Fan:2,08439db09f50d558ef6c1b52db54c51bfab91e97bb9281c2e384dae29fdb8177:101374,69385,ca5b4750b626740e33e22f8a7b53141e437aee080692b10e9389aa248e7be504,reused_valid,0.0,2026-08-31T10:58:57.854796Z,2026-08-31T10:58:57.859653Z,,"{""asset_dir"": ""/mnt/zsn/lyb/arti-skill/exp/PartNet-Mobility/data/dataset/101374"", ""base_renderer"": {""path"": ""/mnt/zsn/lyb/arti-skill/exp/scripts/render_articraft10k_asset_blender.py"", ""sha256"": ""24669921702ddf11c9668e16692f3a4cb7e5b40e040e215a878b92cdd294fe22""}, ""camera_distance"": 4.218472725646108, ""device"": ""OPTIX"", ""geometry"": {""mesh_visual_count"": 9, ""primitive_counts"": {""box"": 0, ""cylinder"": 0, ""sphere"": 0}}, ""material_policy"": ""native OBJ/MTL diffuse materials, forced opaque; neutral fallback"", ""materials"": 9, ""objects"": 9, ""output"": ""/mnt/zsn/lyb/arti-skill/exp/partnet_mobility_uniform_n5_studio_256_v1/Fan/101374/imgs/000.png"", ""radius"": 1.281157170398645, ""root_link"": ""base"", ""shared_renderer"": {""path"": ""/mnt/zsn/lyb/arti-skill/arti-template/scripts/render_exported_asset_blender.py"", ""sha256"": ""f418515a9817218b08d577d95983ec934c34ddf19f17bb89c73bf52aa60bb3a7""}, ""visuals"": 9}"
68,Fan,101548,/mnt/zsn/lyb/arti-skill/exp/PartNet-Mobility/data/dataset/101548,101548,/mnt/zsn/lyb/arti-skill/exp/PartNet-Mobility/data/dataset/101548/mobility.urdf,101548/mobility.urdf,6871,44d3f8902b677fa44287b9b4cb38e8b5b2d7a23c70a675ad1a60ece2ca73fa18,45,2311502,80437175f7e157124a838ddee526282c89f7cd99233bc55e83cc9916dcfa418e,6f6c5c6dbf889cd4d58dfad3540229fe239b5e9a2a8d291a630a2cab8501fbd6,0b54d6691d1e4f5dfb2d4cd3206a9fc3395b81a8f0819861397fdeede20f7b06,False,/mnt/zsn/lyb/arti-skill/exp/partnet_mobility_uniform_n5_studio_256_v1/Fan/101548/imgs/000.png,532,partnet_mobility:Fan:101548:3,13,13,Fan,partnet_mobility,3,Fan:3,0b54d6691d1e4f5dfb2d4cd3206a9fc3395b81a8f0819861397fdeede20f7b06:101548,69096,63842ab8553f1b59f143f8e94ae4e45bf73d4eff0cb78a878f98949a405143b9,reused_valid,0.0,2026-08-31T10:58:57.855459Z,2026-08-31T10:58:57.860268Z,,"{""asset_dir"": ""/mnt/zsn/lyb/arti-skill/exp/PartNet-Mobility/data/dataset/101548"", ""base_renderer"": {""path"": ""/mnt/zsn/lyb/arti-skill/exp/scripts/render_articraft10k_asset_blender.py"", ""sha256"": ""24669921702ddf11c9668e16692f3a4cb7e5b40e040e215a878b92cdd294fe22""}, ""camera_distance"": 4.764105539083131, ""device"": ""OPTIX"", ""geometry"": {""mesh_visual_count"": 19, ""primitive_counts"": {""box"": 0, ""cylinder"": 0, ""sphere"": 0}}, ""material_policy"": ""native OBJ/MTL diffuse materials, forced opaque; neutral fallback"", ""materials"": 35, ""objects"": 19, ""output"": ""/mnt/zsn/lyb/arti-skill/exp/partnet_mobility_uniform_n5_studio_256_v1/Fan/101548/imgs/000.png"", ""radius"": 1.446866761713488, ""root_link"": ""base"", ""shared_renderer"": {""path"": ""/mnt/zsn/lyb/arti-skill/arti-template/scripts/render_exported_asset_blender.py"", ""sha256"": ""f418515a9817218b08d577d95983ec934c34ddf19f17bb89c73bf52aa60bb3a7""}, ""visuals"": 19}"
69,Fan,101421,/mnt/zsn/lyb/arti-skill/exp/PartNet-Mobility/data/dataset/101421,101421,/mnt/zsn/lyb/arti-skill/exp/PartNet-Mobility/data/dataset/101421/mobility.urdf,101421/mobility.urdf,8247,c952d9e08d4b271c196e4e43130e9092aef9a63840c46e525259e8f7cc933a9c,56,131602,a06789e7540b49234729fbb7862ea2236a9a53fef86a4419419cd1b136514ae1,856a21fcec1ae6e2c6728b976df21ce294957a9462fa6f3c50e74099140a07b4,13514113513955cf34cee5d513e8cc13df6be7209914d871bae0dac2a7435c25,False,/mnt/zsn/lyb/arti-skill/exp/partnet_mobility_uniform_n5_studio_256_v1/Fan/101421/imgs/000.png,468,partnet_mobility:Fan:101421:4,13,13,Fan,partnet_mobility,4,Fan:4,13514113513955cf34cee5d513e8cc13df6be7209914d871bae0dac2a7435c25:101421,73176,e534fb0b6fc970ab06d5770c972b784e89e1979cef765f25b3cf0699fd322d1b,reused_valid,0.0,2026-08-31T10:58:57.858167Z,2026-08-31T10:58:57.862787Z,,"{""asset_dir"": ""/mnt/zsn/lyb/arti-skill/exp/PartNet-Mobility/data/dataset/101421"", ""base_renderer"": {""path"": ""/mnt/zsn/lyb/arti-skill/exp/scripts/render_articraft10k_asset_blender.py"", ""sha256"": ""24669921702ddf11c9668e16692f3a4cb7e5b40e040e215a878b92cdd294fe22""}, ""camera_distance"": 4.587495697409271, ""device"": ""OPTIX"", ""geometry"": {""mesh_visual_count"": 23, ""primitive_counts"": {""box"": 0, ""cylinder"": 0, ""sphere"": 0}}, ""material_policy"": ""native OBJ/MTL diffuse materials, forced opaque; neutral fallback"", ""materials"": 30, ""objects"": 23, ""output"": ""/mnt/zsn/lyb/arti-skill/exp/partnet_mobility_uniform_n5_studio_256_v1/Fan/101421/imgs/000.png"", ""radius"": 1.3932300595848097, ""root_link"": ""base"", ""shared_renderer"": {""path"": ""/mnt/zsn/lyb/arti-skill/arti-template/scripts/render_exported_asset_blender.py"", ""sha256"": ""f418515a9817218b08d577d95983ec934c34ddf19f17bb89c73bf52aa60bb3a7""}, ""visuals"": 23}"
70,Fan,101428,/mnt/zsn/lyb/arti-skill/exp/PartNet-Mobility/data/dataset/101428,101428,/mnt/zsn/lyb/arti-skill/exp/PartNet-Mobility/data/dataset/101428/mobility.urdf,101428/mobility.urdf,6606,1d1b15a69106d54b085f72aa5f6149a74b8d7b9794dcd34ec957b7db6ca2b961,45,123997,2deb79b9da7b93813d29cca0d2c00dccf95a87c141c367b57ff2074b974dcc78,73345a18131a7ee2016c5fca518dc7ecc7f7cad2bea8bdcda5822d9a954f8a80,150aba8d857407e6d4c425da7ad60c5119ecba55d2bf683a1e0f82c08fa90ea6,False,/mnt/zsn/lyb/arti-skill/exp/partnet_mobility_uniform_n5_studio_256_v1/Fan/101428/imgs/000.png,472,partnet_mobility:Fan:101428:5,13,13,Fan,partnet_mobility,5,Fan:5,150aba8d857407e6d4c425da7ad60c5119ecba55d2bf683a1e0f82c08fa90ea6:101428,83551,7e8d25d74db7aac9b8ec302f9fcfe3877acbd13c64de58bc3c6828e57c8082ce,reused_valid,0.0,2026-08-31T10:58:57.859677Z,2026-08-31T10:58:57.864889Z,,"{""asset_dir"": ""/mnt/zsn/lyb/arti-skill/exp/PartNet-Mobility/data/dataset/101428"", ""base_renderer"": {""path"": ""/mnt/zsn/lyb/arti-skill/exp/scripts/render_articraft10k_asset_blender.py"", ""sha256"": ""24669921702ddf11c9668e16692f3a4cb7e5b40e040e215a878b92cdd294fe22""}, ""camera_distance"": 3.289902214845513, ""device"": ""OPTIX"", ""geometry"": {""mesh_visual_count"": 19, ""primitive_counts"": {""box"": 0, ""cylinder"": 0, ""sphere"": 0}}, ""material_policy"": ""native OBJ/MTL diffuse materials, forced opaque; neutral fallback"", ""materials"": 19, ""objects"": 19, ""output"": ""/mnt/zsn/lyb/arti-skill/exp/partnet_mobility_uniform_n5_studio_256_v1/Fan/101428/imgs/000.png"", ""radius"": 0.9991487646311984, ""root_link"": ""base"", ""shared_renderer"": {""path"": ""/mnt/zsn/lyb/arti-skill/arti-template/scripts/render_exported_asset_blender.py"", ""sha256"": ""f418515a9817218b08d577d95983ec934c34ddf19f17bb89c73bf52aa60bb3a7""}, ""visuals"": 19}"
71,Faucet,1885,/mnt/zsn/lyb/arti-skill/exp/PartNet-Mobility/data/dataset/1885,1885,/mnt/zsn/lyb/arti-skill/exp/PartNet-Mobility/data/dataset/1885/mobility.urdf,1885/mobility.urdf,7178,0b32d842c8c0a2b1bf3dc3b7c73c5f0cf139720c21513ab0ba8c47dd088b2656,95,3610298,7c2ed5417aa3882b40025e86e4d8343a3146326bcd8b7638abc8664c36eb2a4a,c591d7f83a040d717ae9f1e0cb5c498b7e9b6086e18b5c471c26d65b1e9f902f,0359bdb72fa3b3ee4adfdfcae848c4b5cc3c889bc7400efc01051e9cd67482c9,True,/mnt/zsn/lyb/arti-skill/exp/partnet_mobility_uniform_n5_studio_256_v1/Faucet/1885/imgs/000.png,1583,partnet_mobility:Faucet:1885:1,14,14,Faucet,partnet_mobility,1,Faucet:1,0359bdb72fa3b3ee4adfdfcae848c4b5cc3c889bc7400efc01051e9cd67482c9:1885,69717,c2bbdd58b88540c22928448ae92be27494002d4a3bdf124e380c30bf9ba3e4b7,reused_valid,0.0,2026-08-31T10:58:57.860293Z,2026-08-31T10:58:57.865007Z,,"{""asset_dir"": ""/mnt/zsn/lyb/arti-skill/exp/PartNet-Mobility/data/dataset/1885"", ""base_renderer"": {""path"": ""/mnt/zsn/lyb/arti-skill/exp/scripts/render_articraft10k_asset_blender.py"", ""sha256"": ""24669921702ddf11c9668e16692f3a4cb7e5b40e040e215a878b92cdd294fe22""}, ""camera_distance"": 3.4092120828103587, ""device"": ""OPTIX"", ""geometry"": {""mesh_visual_count"": 20, ""primitive_counts"": {""box"": 0, ""cylinder"": 0, ""sphere"": 0}}, ""material_policy"": ""native OBJ/MTL diffuse materials, forced opaque; neutral fallback"", ""materials"": 20, ""objects"": 20, ""output"": ""/mnt/zsn/lyb/arti-skill/exp/partnet_mobility_uniform_n5_studio_256_v1/Faucet/1885/imgs/000.png"", ""radius"": 1.0353833696135184, ""root_link"": ""base"", ""shared_renderer"": {""path"": ""/mnt/zsn/lyb/arti-skill/arti-template/scripts/render_exported_asset_blender.py"", ""sha256"": ""f418515a9817218b08d577d95983ec934c34ddf19f17bb89c73bf52aa60bb3a7""}, ""visuals"": 20}"
72,Faucet,152,/mnt/zsn/lyb/arti-skill/exp/PartNet-Mobility/data/dataset/152,152,/mnt/zsn/lyb/arti-skill/exp/PartNet-Mobility/data/dataset/152/mobility.urdf,152/mobility.urdf,4120,83a387a864b4144a88969cecbb83acc99bbb8e36c6a7e20fdc8b71f4a39cdcba,100,4438671,215fce6d0a5637bbbdf9cdc7ed54d4d146b5bc6bfa79e3400dd1a670f24cb2a2,377d88bd4b04f0435ddb2e899e93fee1362e8cff58f94cfb06e584bb486719ed,043066daf2109523a7490d4bfad4766da5719950a2b5f96d192fc0537e84f32a,False,/mnt/zsn/lyb/arti-skill/exp/partnet_mobility_uniform_n5_studio_256_v1/Faucet/152/imgs/000.png,1537,partnet_mobility:Faucet:152:2,14,14,Faucet,partnet_mobility,2,Faucet:2,043066daf2109523a7490d4bfad4766da5719950a2b5f96d192fc0537e84f32a:152,73307,806190bb3b1694d94f7c043852e50ed05f932b72abcf5c3743df13fa650a4cd7,reused_valid,0.0,2026-08-31T10:58:57.862811Z,2026-08-31T10:58:57.867624Z,,"{""asset_dir"": ""/mnt/zsn/lyb/arti-skill/exp/PartNet-Mobility/data/dataset/152"", ""base_renderer"": {""path"": ""/mnt/zsn/lyb/arti-skill/exp/scripts/render_articraft10k_asset_blender.py"", ""sha256"": ""24669921702ddf11c9668e16692f3a4cb7e5b40e040e215a878b92cdd294fe22""}, ""camera_distance"": 3.9139647817893493, ""device"": ""OPTIX"", ""geometry"": {""mesh_visual_count"": 11, ""primitive_counts"": {""box"": 0, ""cylinder"": 0, ""sphere"": 0}}, ""material_policy"": ""native OBJ/MTL diffuse materials, forced opaque; neutral fallback"", ""materials"": 14, ""objects"": 11, ""output"": ""/mnt/zsn/lyb/arti-skill/exp/partnet_mobility_uniform_n5_studio_256_v1/Faucet/152/imgs/000.png"", ""radius"": 1.1886776022972103, ""root_link"": ""base"", ""shared_renderer"": {""path"": ""/mnt/zsn/lyb/arti-skill/arti-template/scripts/render_exported_asset_blender.py"", ""sha256"": ""f418515a9817218b08d577d95983ec934c34ddf19f17bb89c73bf52aa60bb3a7""}, ""visuals"": 11}"
73,Faucet,149,/mnt/zsn/lyb/arti-skill/exp/PartNet-Mobility/data/dataset/149,149,/mnt/zsn/lyb/arti-skill/exp/PartNet-Mobility/data/dataset/149/mobility.urdf,149/mobility.urdf,5010,9e8b8f442ea78244e92e8002024e4305f1c0184978a34fb5cf6cd26c212cce02,107,4153805,4ba139dd001974b7af14466e3b989eb70d0176a13fb200aea84f9984334a574f,2d567798ed443669c0b6731217fed3e3ac63dec1f2067a249f74530657f8de7f,05ada863a4cf9660fd8c68e2295f1d35b2264815f5b605003d6625bd9e0492cf,False,/mnt/zsn/lyb/arti-skill/exp/partnet_mobility_uniform_n5_studio_256_v1/Faucet/149/imgs/000.png,1527,partnet_mobility:Faucet:149:3,14,14,Faucet,partnet_mobility,3,Faucet:3,05ada863a4cf9660fd8c68e2295f1d35b2264815f5b605003d6625bd9e0492cf:149,71026,d279ff0492a02e912cb55c06709ad127124aa42d5d6ea9bda3181a54671b0ecc,reused_valid,0.0,2026-08-31T10:58:57.864914Z,2026-08-31T10:58:57.869454Z,,"{""asset_dir"": ""/mnt/zsn/lyb/arti-skill/exp/PartNet-Mobility/data/dataset/149"", ""base_renderer"": {""path"": ""/mnt/zsn/lyb/arti-skill/exp/scripts/render_articraft10k_asset_blender.py"", ""sha256"": ""24669921702ddf11c9668e16692f3a4cb7e5b40e040e215a878b92cdd294fe22""}, ""camera_distance"": 3.9181411655876923, ""device"": ""OPTIX"", ""geometry"": {""mesh_visual_count"": 13, ""primitive_counts"": {""box"": 0, ""cylinder"": 0, ""sphere"": 0}}, ""material_policy"": ""native OBJ/MTL diffuse materials, forced opaque; neutral fallback"", ""materials"": 13, ""objects"": 13, ""output"": ""/mnt/zsn/lyb/arti-skill/exp/partnet_mobility_uniform_n5_studio_256_v1/Faucet/149/imgs/000.png"", ""radius"": 1.1899459769905099, ""root_link"": ""base"", ""shared_renderer"": {""path"": ""/mnt/zsn/lyb/arti-skill/arti-template/scripts/render_exported_asset_blender.py"", ""sha256"": ""f418515a9817218b08d577d95983ec934c34ddf19f17bb89c73bf52aa60bb3a7""}, ""visuals"": 13}"
74,Faucet,1370,/mnt/zsn/lyb/arti-skill/exp/PartNet-Mobility/data/dataset/1370,1370,/mnt/zsn/lyb/arti-skill/exp/PartNet-Mobility/data/dataset/1370/mobility.urdf,1370/mobility.urdf,5626,7bd7d0b3e7315aef24ce69394dfc7bec3e2d9c9c5a1922d135cb1384e2dd27a3,81,4165460,28451444ce6367693c8a1e9d37abddcf7055d0278f3ea1508dfe3d2a7d1b01a9,2a61c535a756f369ab1f8483bc443adba54239f6424dee3dff1d892e79f6617b,07e9bba1c63a7a01f935ee06d931c453e0864fc0fcc11ec445a8af60a36cc6c8,False,/mnt/zsn/lyb/arti-skill/exp/partnet_mobility_uniform_n5_studio_256_v1/Faucet/1370/imgs/000.png,1501,partnet_mobility:Faucet:1370:4,14,14,Faucet,partnet_mobility,4,Faucet:4,07e9bba1c63a7a01f935ee06d931c453e0864fc0fcc11ec445a8af60a36cc6c8:1370,71107,588bc9df6d0a0974d19b46773042b9573ef85a4bb68a508356ce34eee39234f9,reused_valid,0.0,2026-08-31T10:58:57.865030Z,2026-08-31T10:58:57.870236Z,,"{""asset_dir"": ""/mnt/zsn/lyb/arti-skill/exp/PartNet-Mobility/data/dataset/1370"", ""base_renderer"": {""path"": ""/mnt/zsn/lyb/arti-skill/exp/scripts/render_articraft10k_asset_blender.py"", ""sha256"": ""24669921702ddf11c9668e16692f3a4cb7e5b40e040e215a878b92cdd294fe22""}, ""camera_distance"": 3.625751593447587, ""device"": ""OPTIX"", ""geometry"": {""mesh_visual_count"": 14, ""primitive_counts"": {""box"": 0, ""cylinder"": 0, ""sphere"": 0}}, ""material_policy"": ""native OBJ/MTL diffuse materials, forced opaque; neutral fallback"", ""materials"": 14, ""objects"": 14, ""output"": ""/mnt/zsn/lyb/arti-skill/exp/partnet_mobility_uniform_n5_studio_256_v1/Faucet/1370/imgs/000.png"", ""radius"": 1.1011467784986637, ""root_link"": ""base"", ""shared_renderer"": {""path"": ""/mnt/zsn/lyb/arti-skill/arti-template/scripts/render_exported_asset_blender.py"", ""sha256"": ""f418515a9817218b08d577d95983ec934c34ddf19f17bb89c73bf52aa60bb3a7""}, ""visuals"": 14}"
75,Faucet,2108,/mnt/zsn/lyb/arti-skill/exp/PartNet-Mobility/data/dataset/2108,2108,/mnt/zsn/lyb/arti-skill/exp/PartNet-Mobility/data/dataset/2108/mobility.urdf,2108/mobility.urdf,14863,2c7070f0560275bce07f1c2625744a3e648c111e01182e99bf5c9e7ac9ccb4ec,153,3753378,d321eaff228a66dab49610430eea3f9272bb63a976c83c7ca97e5c30d1e77782,f048f3f4dfeade3987e5eacae60504d73d9555bfb4da1f79f65b952bb08ac48c,0f70422e0f7cb2e5887b8e901eeba1b212031be53bec3d2891ef341e419ca66d,False,/mnt/zsn/lyb/arti-skill/exp/partnet_mobility_uniform_n5_studio_256_v1/Faucet/2108/imgs/000.png,1617,partnet_mobility:Faucet:2108:5,14,14,Faucet,partnet_mobility,5,Faucet:5,0f70422e0f7cb2e5887b8e901eeba1b212031be53bec3d2891ef341e419ca66d:2108,71546,af3092d96a7e77a6f1e817ea96fdf789df6dbe80ea9f0b0b29208ce0e3f92943,reused_valid,0.0,2026-08-31T10:58:57.867649Z,2026-08-31T10:58:57.872965Z,,"{""asset_dir"": ""/mnt/zsn/lyb/arti-skill/exp/PartNet-Mobility/data/dataset/2108"", ""base_renderer"": {""path"": ""/mnt/zsn/lyb/arti-skill/exp/scripts/render_articraft10k_asset_blender.py"", ""sha256"": ""24669921702ddf11c9668e16692f3a4cb7e5b40e040e215a878b92cdd294fe22""}, ""camera_distance"": 3.0869514338421458, ""device"": ""OPTIX"", ""geometry"": {""mesh_visual_count"": 46, ""primitive_counts"": {""box"": 0, ""cylinder"": 0, ""sphere"": 0}}, ""material_policy"": ""native OBJ/MTL diffuse materials, forced opaque; neutral fallback"", ""materials"": 46, ""objects"": 46, ""output"": ""/mnt/zsn/lyb/arti-skill/exp/partnet_mobility_uniform_n5_studio_256_v1/Faucet/2108/imgs/000.png"", ""radius"": 0.9375122754962246, ""root_link"": ""base"", ""shared_renderer"": {""path"": ""/mnt/zsn/lyb/arti-skill/arti-template/scripts/render_exported_asset_blender.py"", ""sha256"": ""f418515a9817218b08d577d95983ec934c34ddf19f17bb89c73bf52aa60bb3a7""}, ""visuals"": 46}"
76,FoldingChair,102269,/mnt/zsn/lyb/arti-skill/exp/PartNet-Mobility/data/dataset/102269,102269,/mnt/zsn/lyb/arti-skill/exp/PartNet-Mobility/data/dataset/102269/mobility.urdf,102269/mobility.urdf,3448,776ff8b1e1d23ca7bff0297e274f55501d2a892ba53ecb4a59a1623f75948c6a,23,800915,efdbf3d69fed02dc2184f8a179be2740d06bac6fba8555d2b87d65e5f532bb07,26101441f06bb9c380b2a21fc04fe48078a9fc4c85e011aa99f09cbb4a5efbc0,21b075ece71498dd667e53afaef0f2f0bc377568c9880b7ac31a0b68acca10db,True,/mnt/zsn/lyb/arti-skill/exp/partnet_mobility_uniform_n5_studio_256_v1/FoldingChair/102269/imgs/000.png,710,partnet_mobility:FoldingChair:102269:1,15,15,FoldingChair,partnet_mobility,1,FoldingChair:1,21b075ece71498dd667e53afaef0f2f0bc377568c9880b7ac31a0b68acca10db:102269,82220,fa2570d216adf18d5dc1c010bbad39f685a683d41db1466dcbf31b3b25804f7e,reused_valid,0.0,2026-08-31T10:58:57.869483Z,2026-08-31T10:58:57.875357Z,,"{""asset_dir"": ""/mnt/zsn/lyb/arti-skill/exp/PartNet-Mobility/data/dataset/102269"", ""base_renderer"": {""path"": ""/mnt/zsn/lyb/arti-skill/exp/scripts/render_articraft10k_asset_blender.py"", ""sha256"": ""24669921702ddf11c9668e16692f3a4cb7e5b40e040e215a878b92cdd294fe22""}, ""camera_distance"": 3.1510873864911693, ""device"": ""OPTIX"", ""geometry"": {""mesh_visual_count"": 8, ""primitive_counts"": {""box"": 0, ""cylinder"": 0, ""sphere"": 0}}, ""material_policy"": ""native OBJ/MTL diffuse materials, forced opaque; neutral fallback"", ""materials"": 13, ""objects"": 8, ""output"": ""/mnt/zsn/lyb/arti-skill/exp/partnet_mobility_uniform_n5_studio_256_v1/FoldingChair/102269/imgs/000.png"", ""radius"": 0.956990470795937, ""root_link"": ""base"", ""shared_renderer"": {""path"": ""/mnt/zsn/lyb/arti-skill/arti-template/scripts/render_exported_asset_blender.py"", ""sha256"": ""f418515a9817218b08d577d95983ec934c34ddf19f17bb89c73bf52aa60bb3a7""}, ""visuals"": 8}"
77,FoldingChair,100608,/mnt/zsn/lyb/arti-skill/exp/PartNet-Mobility/data/dataset/100608,100608,/mnt/zsn/lyb/arti-skill/exp/PartNet-Mobility/data/dataset/100608/mobility.urdf,100608/mobility.urdf,3464,eaf71667905a47164997e196ab76860101a50dd1989f9d750bb2c3bd74b6b1a6,24,1575849,ca94567390019d5f300a15ab78fae4d52a6a8713b90a7189feb43dbefa346b60,c83243bac939efb19527376675481aff0350fe198a77cf6255aaf80062225e1d,2bf947e7c9880b7bc46d04ffb60b354a74c1049b1aaa210801ebea82b5066452,False,/mnt/zsn/lyb/arti-skill/exp/partnet_mobility_uniform_n5_studio_256_v1/FoldingChair/100608/imgs/000.png,180,partnet_mobility:FoldingChair:100608:2,15,15,FoldingChair,partnet_mobility,2,FoldingChair:2,2bf947e7c9880b7bc46d04ffb60b354a74c1049b1aaa210801ebea82b5066452:100608,87227,18d45dc6b60246f67208c84b3ce0c9ed634bdb9ae12243579aa9379121ca6882,reused_valid,0.0,2026-08-31T10:58:57.870266Z,2026-08-31T10:58:57.876667Z,,"{""asset_dir"": ""/mnt/zsn/lyb/arti-skill/exp/PartNet-Mobility/data/dataset/100608"", ""base_renderer"": {""path"": ""/mnt/zsn/lyb/arti-skill/exp/scripts/render_articraft10k_asset_blender.py"", ""sha256"": ""24669921702ddf11c9668e16692f3a4cb7e5b40e040e215a878b92cdd294fe22""}, ""camera_distance"": 3.776019325168695, ""device"": ""OPTIX"", ""geometry"": {""mesh_visual_count"": 8, ""primitive_counts"": {""box"": 0, ""cylinder"": 0, ""sphere"": 0}}, ""material_policy"": ""native OBJ/MTL diffuse materials, forced opaque; neutral fallback"", ""materials"": 8, ""objects"": 8, ""output"": ""/mnt/zsn/lyb/arti-skill/exp/partnet_mobility_uniform_n5_studio_256_v1/FoldingChair/100608/imgs/000.png"", ""radius"": 1.1467833381008243, ""root_link"": ""base"", ""shared_renderer"": {""path"": ""/mnt/zsn/lyb/arti-skill/arti-template/scripts/render_exported_asset_blender.py"", ""sha256"": ""f418515a9817218b08d577d95983ec934c34ddf19f17bb89c73bf52aa60bb3a7""}, ""visuals"": 8}"
78,FoldingChair,100586,/mnt/zsn/lyb/arti-skill/exp/PartNet-Mobility/data/dataset/100586,100586,/mnt/zsn/lyb/arti-skill/exp/PartNet-Mobility/data/dataset/100586/mobility.urdf,100586/mobility.urdf,6606,592bbb882bdfb799dc4c690d01c6340b714de3e7ce81d2649b05f7839f7c7930,49,1023535,77e6072df750c1090775e6f3dd79c6d567ca67d9d41f0a97a2e898307fc8d9a5,a5ffe5b2696d357994b26eb357e31c7a48acd557af5e8e44dfdbbcb3efbc8be9,31da98e35e6c11e65e02f2c6007621789d1affaeff03f90801ed4f7f2651ba54,False,/mnt/zsn/lyb/arti-skill/exp/partnet_mobility_uniform_n5_studio_256_v1/FoldingChair/100586/imgs/000.png,174,partnet_mobility:FoldingChair:100586:3,15,15,FoldingChair,partnet_mobility,3,FoldingChair:3,31da98e35e6c11e65e02f2c6007621789d1affaeff03f90801ed4f7f2651ba54:100586,77340,976a5122254e1e0bdc6168e0613f749985fd5e0af39762235fbcc041d0bf8fae,reused_valid,0.0,2026-08-31T10:58:57.872997Z,2026-08-31T10:58:57.878260Z,,"{""asset_dir"": ""/mnt/zsn/lyb/arti-skill/exp/PartNet-Mobility/data/dataset/100586"", ""base_renderer"": {""path"": ""/mnt/zsn/lyb/arti-skill/exp/scripts/render_articraft10k_asset_blender.py"", ""sha256"": ""24669921702ddf11c9668e16692f3a4cb7e5b40e040e215a878b92cdd294fe22""}, ""camera_distance"": 3.591412715141916, ""device"": ""OPTIX"", ""geometry"": {""mesh_visual_count"": 21, ""primitive_counts"": {""box"": 0, ""cylinder"": 0, ""sphere"": 0}}, ""material_policy"": ""native OBJ/MTL diffuse materials, forced opaque; neutral fallback"", ""materials"": 40, ""objects"": 21, ""output"": ""/mnt/zsn/lyb/arti-skill/exp/partnet_mobility_uniform_n5_studio_256_v1/FoldingChair/100586/imgs/000.png"", ""radius"": 1.090718004146918, ""root_link"": ""base"", ""shared_renderer"": {""path"": ""/mnt/zsn/lyb/arti-skill/arti-template/scripts/render_exported_asset_blender.py"", ""sha256"": ""f418515a9817218b08d577d95983ec934c34ddf19f17bb89c73bf52aa60bb3a7""}, ""visuals"": 21}"
79,FoldingChair,100616,/mnt/zsn/lyb/arti-skill/exp/PartNet-Mobility/data/dataset/100616,100616,/mnt/zsn/lyb/arti-skill/exp/PartNet-Mobility/data/dataset/100616/mobility.urdf,100616/mobility.urdf,2056,d41f33393c3e6710fe4c61389519f66fc89eae9e45515c36ef577f3502bf4f23,17,245661,fd1d82b0325804878e926d75c30ea1f5a9c497324d9f00b9dfbdc5ab7cef51fc,cb84d1b2d1c39ca8435ae36cd9bcee8de80045a6899b8d1f21a2da72735908bb,3c758b75a077b1f049623d698f561f4ccdc3df65827281c85c463e0bec9520c7,False,/mnt/zsn/lyb/arti-skill/exp/partnet_mobility_uniform_n5_studio_256_v1/FoldingChair/100616/imgs/000.png,184,partnet_mobility:FoldingChair:100616:4,15,15,FoldingChair,partnet_mobility,4,FoldingChair:4,3c758b75a077b1f049623d698f561f4ccdc3df65827281c85c463e0bec9520c7:100616,76191,248c38f3261041a80fb37fcbb47d24614a0d29c7bfeb7310a800fbac13e3bfac,reused_valid,0.0,2026-08-31T10:58:57.875390Z,2026-08-31T10:58:57.880419Z,,"{""asset_dir"": ""/mnt/zsn/lyb/arti-skill/exp/PartNet-Mobility/data/dataset/100616"", ""base_renderer"": {""path"": ""/mnt/zsn/lyb/arti-skill/exp/scripts/render_articraft10k_asset_blender.py"", ""sha256"": ""24669921702ddf11c9668e16692f3a4cb7e5b40e040e215a878b92cdd294fe22""}, ""camera_distance"": 3.4720626045642424, ""device"": ""OPTIX"", ""geometry"": {""mesh_visual_count"": 5, ""primitive_counts"": {""box"": 0, ""cylinder"": 0, ""sphere"": 0}}, ""material_policy"": ""native OBJ/MTL diffuse materials, forced opaque; neutral fallback"", ""materials"": 7, ""objects"": 5, ""output"": ""/mnt/zsn/lyb/arti-skill/exp/partnet_mobility_uniform_n5_studio_256_v1/FoldingChair/100616/imgs/000.png"", ""radius"": 1.0544711774162703, ""root_link"": ""base"", ""shared_renderer"": {""path"": ""/mnt/zsn/lyb/arti-skill/arti-template/scripts/render_exported_asset_blender.py"", ""sha256"": ""f418515a9817218b08d577d95983ec934c34ddf19f17bb89c73bf52aa60bb3a7""}, ""visuals"": 5}"
80,FoldingChair,100526,/mnt/zsn/lyb/arti-skill/exp/PartNet-Mobility/data/dataset/100526,100526,/mnt/zsn/lyb/arti-skill/exp/PartNet-Mobility/data/dataset/100526/mobility.urdf,100526/mobility.urdf,2056,4cd345bf67b04d6cb77e9e0e0b74e583de8f54d9e26d92a014c417243c735c7b,18,153431,f5a7b971721e35c435fbbc2595e20358296ba4ff4f66bdc66a90ffbfca43c194,fad99df3b43bc7e3d1beff210013383316b149f66d2ce4d3d57ede8aa7ebff55,3f09b4c684c4115fde94193515d5cb8884d7e5ce43e60f1daed727ce75534065,False,/mnt/zsn/lyb/arti-skill/exp/partnet_mobility_uniform_n5_studio_256_v1/FoldingChair/100526/imgs/000.png,165,partnet_mobility:FoldingChair:100526:5,15,15,FoldingChair,partnet_mobility,5,FoldingChair:5,3f09b4c684c4115fde94193515d5cb8884d7e5ce43e60f1daed727ce75534065:100526,76138,056df8a3c3b5d4453c45ef8c5c194f90221047bc80901494cc934be9a2d63ed0,reused_valid,0.0,2026-08-31T10:58:57.876700Z,2026-08-31T10:58:57.882384Z,,"{""asset_dir"": ""/mnt/zsn/lyb/arti-skill/exp/PartNet-Mobility/data/dataset/100526"", ""base_renderer"": {""path"": ""/mnt/zsn/lyb/arti-skill/exp/scripts/render_articraft10k_asset_blender.py"", ""sha256"": ""24669921702ddf11c9668e16692f3a4cb7e5b40e040e215a878b92cdd294fe22""}, ""camera_distance"": 2.869018100613168, ""device"": ""OPTIX"", ""geometry"": {""mesh_visual_count"": 5, ""primitive_counts"": {""box"": 0, ""cylinder"": 0, ""sphere"": 0}}, ""material_policy"": ""native OBJ/MTL diffuse materials, forced opaque; neutral fallback"", ""materials"": 9, ""objects"": 5, ""output"": ""/mnt/zsn/lyb/arti-skill/exp/partnet_mobility_uniform_n5_studio_256_v1/FoldingChair/100526/imgs/000.png"", ""radius"": 0.8713255603759039, ""root_link"": ""base"", ""shared_renderer"": {""path"": ""/mnt/zsn/lyb/arti-skill/arti-template/scripts/render_exported_asset_blender.py"", ""sha256"": ""f418515a9817218b08d577d95983ec934c34ddf19f17bb89c73bf52aa60bb3a7""}, ""visuals"": 5}"
81,Globe,100788,/mnt/zsn/lyb/arti-skill/exp/PartNet-Mobility/data/dataset/100788,100788,/mnt/zsn/lyb/arti-skill/exp/PartNet-Mobility/data/dataset/100788/mobility.urdf,100788/mobility.urdf,1790,0f1176c9f0b61305a1b9018f16a8b9be3edad0213b46b2bb4983846a8eb91484,16,1625278,2e550492fc8d0c71ea7f8692ffdae7655a2c295f6e81647af65c3f7f8f68980a,db6d264a0e677348a6b4d17b5768a12ded884c515b09f4e84c616980aee84221,098f5adf02e6694491ce9ea9e5b4d8d6763995f17a67a0bad5d539763ff9db7a,True,/mnt/zsn/lyb/arti-skill/exp/partnet_mobility_uniform_n5_studio_256_v1/Globe/100788/imgs/000.png,240,partnet_mobility:Globe:100788:1,16,16,Globe,partnet_mobility,1,Globe:1,098f5adf02e6694491ce9ea9e5b4d8d6763995f17a67a0bad5d539763ff9db7a:100788,85101,b7a29ba927066074e825bee73ea1148c60b2fbf9eb11d12a6596eaa5418798a2,reused_valid,0.0,2026-08-31T10:58:57.878287Z,2026-08-31T10:58:57.883963Z,,"{""asset_dir"": ""/mnt/zsn/lyb/arti-skill/exp/PartNet-Mobility/data/dataset/100788"", ""base_renderer"": {""path"": ""/mnt/zsn/lyb/arti-skill/exp/scripts/render_articraft10k_asset_blender.py"", ""sha256"": ""24669921702ddf11c9668e16692f3a4cb7e5b40e040e215a878b92cdd294fe22""}, ""camera_distance"": 4.0958846609647, ""device"": ""OPTIX"", ""geometry"": {""mesh_visual_count"": 4, ""primitive_counts"": {""box"": 0, ""cylinder"": 0, ""sphere"": 0}}, ""material_policy"": ""native OBJ/MTL diffuse materials, forced opaque; neutral fallback"", ""materials"": 4, ""objects"": 4, ""output"": ""/mnt/zsn/lyb/arti-skill/exp/partnet_mobility_uniform_n5_studio_256_v1/Globe/100788/imgs/000.png"", ""radius"": 1.243926971630956, ""root_link"": ""base"", ""shared_renderer"": {""path"": ""/mnt/zsn/lyb/arti-skill/arti-template/scripts/render_exported_asset_blender.py"", ""sha256"": ""f418515a9817218b08d577d95983ec934c34ddf19f17bb89c73bf52aa60bb3a7""}, ""visuals"": 4}"
82,Globe,100785,/mnt/zsn/lyb/arti-skill/exp/PartNet-Mobility/data/dataset/100785,100785,/mnt/zsn/lyb/arti-skill/exp/PartNet-Mobility/data/dataset/100785/mobility.urdf,100785/mobility.urdf,2945,f1a6118cda16eec14a99f4547ee70ce3ecd3bfb61f46b1388e25e724f9fbe36e,26,998523,e2cbbc94df9729ee9ff4e545d8b667c96b322c80cef841d9030c6fbf6f13154d,156bf8630466574e0e8fe2bc8e796c6feee6c3b3e2451f2e8a1c9a8ca69a0b5f,09d93364ce5260426b433568d214ca6ff2198f0ccda2f6baa9af08adef14aa5b,False,/mnt/zsn/lyb/arti-skill/exp/partnet_mobility_uniform_n5_studio_256_v1/Globe/100785/imgs/000.png,237,partnet_mobility:Globe:100785:2,16,16,Globe,partnet_mobility,2,Globe:2,09d93364ce5260426b433568d214ca6ff2198f0ccda2f6baa9af08adef14aa5b:100785,87316,2b529ddc0efdbfddf17be92f8c303e322e2cdee7ad654dd6971f03c226086c87,reused_valid,0.0,2026-08-31T10:58:57.880449Z,2026-08-31T10:58:57.886870Z,,"{""asset_dir"": ""/mnt/zsn/lyb/arti-skill/exp/PartNet-Mobility/data/dataset/100785"", ""base_renderer"": {""path"": ""/mnt/zsn/lyb/arti-skill/exp/scripts/render_articraft10k_asset_blender.py"", ""sha256"": ""24669921702ddf11c9668e16692f3a4cb7e5b40e040e215a878b92cdd294fe22""}, ""camera_distance"": 4.172463867009949, ""device"": ""OPTIX"", ""geometry"": {""mesh_visual_count"": 8, ""primitive_counts"": {""box"": 0, ""cylinder"": 0, ""sphere"": 0}}, ""material_policy"": ""native OBJ/MTL diffuse materials, forced opaque; neutral fallback"", ""materials"": 16, ""objects"": 8, ""output"": ""/mnt/zsn/lyb/arti-skill/exp/partnet_mobility_uniform_n5_studio_256_v1/Globe/100785/imgs/000.png"", ""radius"": 1.2671842036457204, ""root_link"": ""base"", ""shared_renderer"": {""path"": ""/mnt/zsn/lyb/arti-skill/arti-template/scripts/render_exported_asset_blender.py"", ""sha256"": ""f418515a9817218b08d577d95983ec934c34ddf19f17bb89c73bf52aa60bb3a7""}, ""visuals"": 8}"
83,Globe,100768,/mnt/zsn/lyb/arti-skill/exp/PartNet-Mobility/data/dataset/100768,100768,/mnt/zsn/lyb/arti-skill/exp/PartNet-Mobility/data/dataset/100768/mobility.urdf,100768/mobility.urdf,5927,254984745a4b93f3ecadfd36a89f9b9d122ad63dbe237a8d0beb2028f86783b6,41,17719868,97e8053301b422929cbc8293fc2607676d5092e453cf5242b4b0ffbba96f064e,0f1a880c112ec9fd9a9bfd3927601f9afef64f1065b9869ceb46fe0caaeb0a27,0ec4a1f2b3745a656e81c0f33c0578c4ba5c730a5f9c49505b20384844ead584,False,/mnt/zsn/lyb/arti-skill/exp/partnet_mobility_uniform_n5_studio_256_v1/Globe/100768/imgs/000.png,228,partnet_mobility:Globe:100768:3,16,16,Globe,partnet_mobility,3,Globe:3,0ec4a1f2b3745a656e81c0f33c0578c4ba5c730a5f9c49505b20384844ead584:100768,84587,8deba84e0922835e0f70c1cb286f42966251c872ff49186bfd31ec85cae9250e,reused_valid,0.0,2026-08-31T10:58:57.882413Z,2026-08-31T10:58:57.887603Z,,"{""asset_dir"": ""/mnt/zsn/lyb/arti-skill/exp/PartNet-Mobility/data/dataset/100768"", ""base_renderer"": {""path"": ""/mnt/zsn/lyb/arti-skill/exp/scripts/render_articraft10k_asset_blender.py"", ""sha256"": ""24669921702ddf11c9668e16692f3a4cb7e5b40e040e215a878b92cdd294fe22""}, ""camera_distance"": 3.4666163520198494, ""device"": ""OPTIX"", ""geometry"": {""mesh_visual_count"": 16, ""primitive_counts"": {""box"": 0, ""cylinder"": 0, ""sphere"": 0}}, ""material_policy"": ""native OBJ/MTL diffuse materials, forced opaque; neutral fallback"", ""materials"": 35, ""objects"": 16, ""output"": ""/mnt/zsn/lyb/arti-skill/exp/partnet_mobility_uniform_n5_studio_256_v1/Globe/100768/imgs/000.png"", ""radius"": 1.0528171414765257, ""root_link"": ""base"", ""shared_renderer"": {""path"": ""/mnt/zsn/lyb/arti-skill/arti-template/scripts/render_exported_asset_blender.py"", ""sha256"": ""f418515a9817218b08d577d95983ec934c34ddf19f17bb89c73bf52aa60bb3a7""}, ""visuals"": 16}"
84,Globe,100763,/mnt/zsn/lyb/arti-skill/exp/PartNet-Mobility/data/dataset/100763,100763,/mnt/zsn/lyb/arti-skill/exp/PartNet-Mobility/data/dataset/100763/mobility.urdf,100763/mobility.urdf,2113,31586b583d9bf224588826e1fdda11cf985959a07ceaa9dd2f86550a20e314b8,19,602529,f0de837740444fa1863f9f50cc1b265465b425cb47edf275a42e3bd8eef14f2f,7c412873e29e20e1cf99c949a9b8892206244c3d0a726d392622144381c2fea9,173ecbad546e878783be875c50af3b8bec33895b4fd25ff1456cf837fcb56447,False,/mnt/zsn/lyb/arti-skill/exp/partnet_mobility_uniform_n5_studio_256_v1/Globe/100763/imgs/000.png,224,partnet_mobility:Globe:100763:4,16,16,Globe,partnet_mobility,4,Globe:4,173ecbad546e878783be875c50af3b8bec33895b4fd25ff1456cf837fcb56447:100763,90156,5a0c03bc6b06a49849b8599591aa82c6d094997658cc97d2b4b471c5ecb12017,reused_valid,0.0,2026-08-31T10:58:57.883988Z,2026-08-31T10:58:57.889250Z,,"{""asset_dir"": ""/mnt/zsn/lyb/arti-skill/exp/PartNet-Mobility/data/dataset/100763"", ""base_renderer"": {""path"": ""/mnt/zsn/lyb/arti-skill/exp/scripts/render_articraft10k_asset_blender.py"", ""sha256"": ""24669921702ddf11c9668e16692f3a4cb7e5b40e040e215a878b92cdd294fe22""}, ""camera_distance"": 4.317601224628789, ""device"": ""OPTIX"", ""geometry"": {""mesh_visual_count"": 5, ""primitive_counts"": {""box"": 0, ""cylinder"": 0, ""sphere"": 0}}, ""material_policy"": ""native OBJ/MTL diffuse materials, forced opaque; neutral fallback"", ""materials"": 10, ""objects"": 5, ""output"": ""/mnt/zsn/lyb/arti-skill/exp/partnet_mobility_uniform_n5_studio_256_v1/Globe/100763/imgs/000.png"", ""radius"": 1.3112626601154396, ""root_link"": ""base"", ""shared_renderer"": {""path"": ""/mnt/zsn/lyb/arti-skill/arti-template/scripts/render_exported_asset_blender.py"", ""sha256"": ""f418515a9817218b08d577d95983ec934c34ddf19f17bb89c73bf52aa60bb3a7""}, ""visuals"": 5}"
85,Globe,103963,/mnt/zsn/lyb/arti-skill/exp/PartNet-Mobility/data/dataset/103963,103963,/mnt/zsn/lyb/arti-skill/exp/PartNet-Mobility/data/dataset/103963/mobility.urdf,103963/mobility.urdf,5824,d44f0db31552e64595ceaa2478f34ab789e3fd33bb9fae46c976fe0a36ca3df2,47,7728337,e93b836556b8b4e3a5d40ecd1aeefd42cfb265016fbdcdd15384526eda5a2e17,c696048782bdfabc6fd692c50e636f07efdaaec4940524254d43ab881c6f5648,1d25e4e97219d803a04208d8b357bc2c5b3588303aec5702541eeb2eb20281f0,False,/mnt/zsn/lyb/arti-skill/exp/partnet_mobility_uniform_n5_studio_256_v1/Globe/103963/imgs/000.png,1250,partnet_mobility:Globe:103963:5,16,16,Globe,partnet_mobility,5,Globe:5,1d25e4e97219d803a04208d8b357bc2c5b3588303aec5702541eeb2eb20281f0:103963,87412,276fd573b87d7bbc8e4e93e1d5fac679cd1b1c99409e48a2c93d8579f29d594d,reused_valid,0.0,2026-08-31T10:58:57.886903Z,2026-08-31T10:58:57.892908Z,,"{""asset_dir"": ""/mnt/zsn/lyb/arti-skill/exp/PartNet-Mobility/data/dataset/103963"", ""base_renderer"": {""path"": ""/mnt/zsn/lyb/arti-skill/exp/scripts/render_articraft10k_asset_blender.py"", ""sha256"": ""24669921702ddf11c9668e16692f3a4cb7e5b40e040e215a878b92cdd294fe22""}, ""camera_distance"": 4.402342200583835, ""device"": ""OPTIX"", ""geometry"": {""mesh_visual_count"": 18, ""primitive_counts"": {""box"": 0, ""cylinder"": 0, ""sphere"": 0}}, ""material_policy"": ""native OBJ/MTL diffuse materials, forced opaque; neutral fallback"", ""materials"": 23, ""objects"": 18, ""output"": ""/mnt/zsn/lyb/arti-skill/exp/partnet_mobility_uniform_n5_studio_256_v1/Globe/103963/imgs/000.png"", ""radius"": 1.336998635202195, ""root_link"": ""base"", ""shared_renderer"": {""path"": ""/mnt/zsn/lyb/arti-skill/arti-template/scripts/render_exported_asset_blender.py"", ""sha256"": ""f418515a9817218b08d577d95983ec934c34ddf19f17bb89c73bf52aa60bb3a7""}, ""visuals"": 18}"
86,Kettle,101305,/mnt/zsn/lyb/arti-skill/exp/PartNet-Mobility/data/dataset/101305,101305,/mnt/zsn/lyb/arti-skill/exp/PartNet-Mobility/data/dataset/101305/mobility.urdf,101305/mobility.urdf,1656,084fee1e25343337d513ebff08918d5140643c4967b1183049be22c25a5ab0ba,15,553324,63b635cd2897d0e31505c332554d66f6e60bcf909d85e7bc5a4fcf37e9e5de3c,60d06ec883b2c638104255db80f743b178096ae72298dcc7b65c4c824d8f2848,0642b7879d714395faabc19bc0eb1196822935f9c176a1b6f0ac790f2bc2ab42,True,/mnt/zsn/lyb/arti-skill/exp/partnet_mobility_uniform_n5_studio_256_v1/Kettle/101305/imgs/000.png,421,partnet_mobility:Kettle:101305:1,17,17,Kettle,partnet_mobility,1,Kettle:1,0642b7879d714395faabc19bc0eb1196822935f9c176a1b6f0ac790f2bc2ab42:101305,71329,583d14d780ccaf12daa964ec6c1b25f9225b09a52a799422cc1a812ac29c1b1d,reused_valid,0.0,2026-08-31T10:58:57.887635Z,2026-08-31T10:58:57.893024Z,,"{""asset_dir"": ""/mnt/zsn/lyb/arti-skill/exp/PartNet-Mobility/data/dataset/101305"", ""base_renderer"": {""path"": ""/mnt/zsn/lyb/arti-skill/exp/scripts/render_articraft10k_asset_blender.py"", ""sha256"": ""24669921702ddf11c9668e16692f3a4cb7e5b40e040e215a878b92cdd294fe22""}, ""camera_distance"": 3.8527158422293426, ""device"": ""OPTIX"", ""geometry"": {""mesh_visual_count"": 4, ""primitive_counts"": {""box"": 0, ""cylinder"": 0, ""sphere"": 0}}, ""material_policy"": ""native OBJ/MTL diffuse materials, forced opaque; neutral fallback"", ""materials"": 4, ""objects"": 4, ""output"": ""/mnt/zsn/lyb/arti-skill/exp/partnet_mobility_uniform_n5_studio_256_v1/Kettle/101305/imgs/000.png"", ""radius"": 1.170076197665728, ""root_link"": ""base"", ""shared_renderer"": {""path"": ""/mnt/zsn/lyb/arti-skill/arti-template/scripts/render_exported_asset_blender.py"", ""sha256"": ""f418515a9817218b08d577d95983ec934c34ddf19f17bb89c73bf52aa60bb3a7""}, ""visuals"": 4}"
87,Kettle,102761,/mnt/zsn/lyb/arti-skill/exp/PartNet-Mobility/data/dataset/102761,102761,/mnt/zsn/lyb/arti-skill/exp/PartNet-Mobility/data/dataset/102761/mobility.urdf,102761/mobility.urdf,1656,50100981f55228fc822fc0e506a5884edf766c9c6b08980f3d5223cbb2d6004b,15,2333874,c24b4fe322223fc93183342f2e9484fbfecdd5589df002e01a9d90c663cd0564,59d2f1e4c6f0790402a787dc4c2b60f3d7528f7f5a60492235b1ec0b0e223d42,167811fb83eb48b9f56ab4ae501cd6affdd236288310bdb46d3d6e5681aadafb,False,/mnt/zsn/lyb/arti-skill/exp/partnet_mobility_uniform_n5_studio_256_v1/Kettle/102761/imgs/000.png,882,partnet_mobility:Kettle:102761:2,17,17,Kettle,partnet_mobility,2,Kettle:2,167811fb83eb48b9f56ab4ae501cd6affdd236288310bdb46d3d6e5681aadafb:102761,73397,5cd4daf29564f2d5effad254804856eecfeba2c9447b99858718f46dbfc769f2,reused_valid,0.0,2026-08-31T10:58:57.889274Z,2026-08-31T10:58:57.895273Z,,"{""asset_dir"": ""/mnt/zsn/lyb/arti-skill/exp/PartNet-Mobility/data/dataset/102761"", ""base_renderer"": {""path"": ""/mnt/zsn/lyb/arti-skill/exp/scripts/render_articraft10k_asset_blender.py"", ""sha256"": ""24669921702ddf11c9668e16692f3a4cb7e5b40e040e215a878b92cdd294fe22""}, ""camera_distance"": 3.567219354686027, ""device"": ""OPTIX"", ""geometry"": {""mesh_visual_count"": 4, ""primitive_counts"": {""box"": 0, ""cylinder"": 0, ""sphere"": 0}}, ""material_policy"": ""native OBJ/MTL diffuse materials, forced opaque; neutral fallback"", ""materials"": 8, ""objects"": 4, ""output"": ""/mnt/zsn/lyb/arti-skill/exp/partnet_mobility_uniform_n5_studio_256_v1/Kettle/102761/imgs/000.png"", ""radius"": 1.083370440410008, ""root_link"": ""base"", ""shared_renderer"": {""path"": ""/mnt/zsn/lyb/arti-skill/arti-template/scripts/render_exported_asset_blender.py"", ""sha256"": ""f418515a9817218b08d577d95983ec934c34ddf19f17bb89c73bf52aa60bb3a7""}, ""visuals"": 4}"
88,Kettle,102786,/mnt/zsn/lyb/arti-skill/exp/PartNet-Mobility/data/dataset/102786,102786,/mnt/zsn/lyb/arti-skill/exp/PartNet-Mobility/data/dataset/102786/mobility.urdf,102786/mobility.urdf,1657,a6bae3fcb93ffdae6bff2d8cbe69c5f3bb44befa0673b1f88fe3e750348ac272,16,1939852,efcbc1f911c3c3dbcc95648e318b0ca82222631434f538cd0712c0cafd38f836,d7f297aa281c7032ebb03d010bb1d94bfec202d95ae8b1c3530fd93be5e4b5c7,17a5dad6e975a693c16c0734879964840e6f8728760fe236b0b1db2452ea6c74,False,/mnt/zsn/lyb/arti-skill/exp/partnet_mobility_uniform_n5_studio_256_v1/Kettle/102786/imgs/000.png,887,partnet_mobility:Kettle:102786:3,17,17,Kettle,partnet_mobility,3,Kettle:3,17a5dad6e975a693c16c0734879964840e6f8728760fe236b0b1db2452ea6c74:102786,80983,84a77b72524dc4eb2724324bab9080fe05922007ae4f57c8aa48e08f7dfb1720,reused_valid,0.0,2026-08-31T10:58:57.892939Z,2026-08-31T10:58:57.898495Z,,"{""asset_dir"": ""/mnt/zsn/lyb/arti-skill/exp/PartNet-Mobility/data/dataset/102786"", ""base_renderer"": {""path"": ""/mnt/zsn/lyb/arti-skill/exp/scripts/render_articraft10k_asset_blender.py"", ""sha256"": ""24669921702ddf11c9668e16692f3a4cb7e5b40e040e215a878b92cdd294fe22""}, ""camera_distance"": 3.947859476819901, ""device"": ""OPTIX"", ""geometry"": {""mesh_visual_count"": 4, ""primitive_counts"": {""box"": 0, ""cylinder"": 0, ""sphere"": 0}}, ""material_policy"": ""native OBJ/MTL diffuse materials, forced opaque; neutral fallback"", ""materials"": 5, ""objects"": 4, ""output"": ""/mnt/zsn/lyb/arti-skill/exp/partnet_mobility_uniform_n5_studio_256_v1/Kettle/102786/imgs/000.png"", ""radius"": 1.1989714774508575, ""root_link"": ""base"", ""shared_renderer"": {""path"": ""/mnt/zsn/lyb/arti-skill/arti-template/scripts/render_exported_asset_blender.py"", ""sha256"": ""f418515a9817218b08d577d95983ec934c34ddf19f17bb89c73bf52aa60bb3a7""}, ""visuals"": 4}"
89,Kettle,102720,/mnt/zsn/lyb/arti-skill/exp/PartNet-Mobility/data/dataset/102720,102720,/mnt/zsn/lyb/arti-skill/exp/PartNet-Mobility/data/dataset/102720/mobility.urdf,102720/mobility.urdf,2483,5350c0f2fc025a823c7384e60824b53388d0a770a2c377fbd1273647c4f44a3d,22,696513,8260c25ec496e17a0974033b647f90735dbbbfc40dd47b895c7c94a411ef9106,1a6ba1d19b9b4a8fc4b87df5a0ab4120dd0d838b78e7a43eeeae07ecd15816c1,1b769c684c461973205140b1e4df6dd3287587d361e6108ef19da2104ab95428,False,/mnt/zsn/lyb/arti-skill/exp/partnet_mobility_uniform_n5_studio_256_v1/Kettle/102720/imgs/000.png,872,partnet_mobility:Kettle:102720:4,17,17,Kettle,partnet_mobility,4,Kettle:4,1b769c684c461973205140b1e4df6dd3287587d361e6108ef19da2104ab95428:102720,86098,f1cc63ecf11f65c8c5567d09057e40c26d5965a63d1a66364c4f151c1d87c277,reused_valid,0.0,2026-08-31T10:58:57.893056Z,2026-08-31T10:58:57.898100Z,,"{""asset_dir"": ""/mnt/zsn/lyb/arti-skill/exp/PartNet-Mobility/data/dataset/102720"", ""base_renderer"": {""path"": ""/mnt/zsn/lyb/arti-skill/exp/scripts/render_articraft10k_asset_blender.py"", ""sha256"": ""24669921702ddf11c9668e16692f3a4cb7e5b40e040e215a878b92cdd294fe22""}, ""camera_distance"": 3.9784067068300146, ""device"": ""OPTIX"", ""geometry"": {""mesh_visual_count"": 7, ""primitive_counts"": {""box"": 0, ""cylinder"": 0, ""sphere"": 0}}, ""material_policy"": ""native OBJ/MTL diffuse materials, forced opaque; neutral fallback"", ""materials"": 9, ""objects"": 7, ""output"": ""/mnt/zsn/lyb/arti-skill/exp/partnet_mobility_uniform_n5_studio_256_v1/Kettle/102720/imgs/000.png"", ""radius"": 1.2082487219202476, ""root_link"": ""base"", ""shared_renderer"": {""path"": ""/mnt/zsn/lyb/arti-skill/arti-template/scripts/render_exported_asset_blender.py"", ""sha256"": ""f418515a9817218b08d577d95983ec934c34ddf19f17bb89c73bf52aa60bb3a7""}, ""visuals"": 7}"
90,Kettle,102756,/mnt/zsn/lyb/arti-skill/exp/PartNet-Mobility/data/dataset/102756,102756,/mnt/zsn/lyb/arti-skill/exp/PartNet-Mobility/data/dataset/102756/mobility.urdf,102756/mobility.urdf,5404,2d570111831d5132afe918c2deac26852710db43550cca751ffe472841fd9c0a,41,991310,3bdefff5d1511a1122f1a2c2dbcbcc81f942353a2124ddd275aeab7573f0d772,0f865c1874db29f64ce133c17b7d88fe168c87c09600ade2c3f2c10851ee07ce,1fee255a21c4dd13116c3ec4ed59bd11ec8cc3094335b5deb5b6903ed6c45650,False,/mnt/zsn/lyb/arti-skill/exp/partnet_mobility_uniform_n5_studio_256_v1/Kettle/102756/imgs/000.png,881,partnet_mobility:Kettle:102756:5,17,17,Kettle,partnet_mobility,5,Kettle:5,1fee255a21c4dd13116c3ec4ed59bd11ec8cc3094335b5deb5b6903ed6c45650:102756,80797,82506d22972fda6d50cb5b5f2321abb2dea5ab5e30b54ce497668f5ed459bc7c,reused_valid,0.0,2026-08-31T10:58:57.895303Z,2026-08-31T10:58:57.905886Z,,"{""asset_dir"": ""/mnt/zsn/lyb/arti-skill/exp/PartNet-Mobility/data/dataset/102756"", ""base_renderer"": {""path"": ""/mnt/zsn/lyb/arti-skill/exp/scripts/render_articraft10k_asset_blender.py"", ""sha256"": ""24669921702ddf11c9668e16692f3a4cb7e5b40e040e215a878b92cdd294fe22""}, ""camera_distance"": 3.3740075964319143, ""device"": ""OPTIX"", ""geometry"": {""mesh_visual_count"": 16, ""primitive_counts"": {""box"": 0, ""cylinder"": 0, ""sphere"": 0}}, ""material_policy"": ""native OBJ/MTL diffuse materials, forced opaque; neutral fallback"", ""materials"": 25, ""objects"": 16, ""output"": ""/mnt/zsn/lyb/arti-skill/exp/partnet_mobility_uniform_n5_studio_256_v1/Kettle/102756/imgs/000.png"", ""radius"": 1.024691708652966, ""root_link"": ""base"", ""shared_renderer"": {""path"": ""/mnt/zsn/lyb/arti-skill/arti-template/scripts/render_exported_asset_blender.py"", ""sha256"": ""f418515a9817218b08d577d95983ec934c34ddf19f17bb89c73bf52aa60bb3a7""}, ""visuals"": 16}"
91,Keyboard,13082,/mnt/zsn/lyb/arti-skill/exp/PartNet-Mobility/data/dataset/13082,13082,/mnt/zsn/lyb/arti-skill/exp/PartNet-Mobility/data/dataset/13082/mobility.urdf,13082/mobility.urdf,41730,d6f4001a501a85b1020473dd7e22dea2bc047f6cb1cbe60f4a8085f518482388,405,6890571,9abb9ef75aa6812f1a834b24deca3251f9b257c6f971c541c0fbadf8dd215ecd,961e1e426c7d5623ed5a31c81e0d6ea7bd51f9ce8680d57da2b4c755c77b6ea1,05ef5b1d7918f02845436ae128fec21e6e694785b8c279a19179e1ed29c88250,True,/mnt/zsn/lyb/arti-skill/exp/partnet_mobility_uniform_n5_studio_256_v1/Keyboard/13082/imgs/000.png,1488,partnet_mobility:Keyboard:13082:1,18,18,Keyboard,partnet_mobility,1,Keyboard:1,05ef5b1d7918f02845436ae128fec21e6e694785b8c279a19179e1ed29c88250:13082,80487,33045464d484157dbc343e08b8a6c1b55c4d1fba8897c53ba7b35403b60b77aa,reused_valid,0.0,2026-08-31T10:58:57.898130Z,2026-08-31T10:58:57.902611Z,,"{""asset_dir"": ""/mnt/zsn/lyb/arti-skill/exp/PartNet-Mobility/data/dataset/13082"", ""base_renderer"": {""path"": ""/mnt/zsn/lyb/arti-skill/exp/scripts/render_articraft10k_asset_blender.py"", ""sha256"": ""24669921702ddf11c9668e16692f3a4cb7e5b40e040e215a878b92cdd294fe22""}, ""camera_distance"": 2.545315033168674, ""device"": ""OPTIX"", ""geometry"": {""mesh_visual_count"": 63, ""primitive_counts"": {""box"": 0, ""cylinder"": 0, ""sphere"": 0}}, ""material_policy"": ""native OBJ/MTL diffuse materials, forced opaque; neutral fallback"", ""materials"": 130, ""objects"": 63, ""output"": ""/mnt/zsn/lyb/arti-skill/exp/partnet_mobility_uniform_n5_studio_256_v1/Keyboard/13082/imgs/000.png"", ""radius"": 0.7730164013726223, ""root_link"": ""base"", ""shared_renderer"": {""path"": ""/mnt/zsn/lyb/arti-skill/arti-template/scripts/render_exported_asset_blender.py"", ""sha256"": ""f418515a9817218b08d577d95983ec934c34ddf19f17bb89c73bf52aa60bb3a7""}, ""visuals"": 63}"
92,Keyboard,13064,/mnt/zsn/lyb/arti-skill/exp/PartNet-Mobility/data/dataset/13064,13064,/mnt/zsn/lyb/arti-skill/exp/PartNet-Mobility/data/dataset/13064/mobility.urdf,13064/mobility.urdf,72448,cb06fe995d024e43b04ac252f90c0d839728018713a2749da1c21c5ae3d97851,651,9267164,a89da0afa019681473bfb109fb6b305b1b828210f8c992533b2997d1f5beb2a6,7ce0202ffb76dc6d9b874ad06d084b07f3c0e2ed232db5a974c3c81a0684cf34,08c52bb3453d7d61c0badb8abdd3c66bf8c8d1ca5bbe9b25841e841cdc9de705,False,/mnt/zsn/lyb/arti-skill/exp/partnet_mobility_uniform_n5_studio_256_v1/Keyboard/13064/imgs/000.png,1486,partnet_mobility:Keyboard:13064:2,18,18,Keyboard,partnet_mobility,2,Keyboard:2,08c52bb3453d7d61c0badb8abdd3c66bf8c8d1ca5bbe9b25841e841cdc9de705:13064,69316,c3cfdb714244436858b841ffa751a8611d99b5a0e6c6255d8e692935f59a3096,reused_valid,0.0,2026-08-31T10:58:57.898526Z,2026-08-31T10:58:57.904006Z,,"{""asset_dir"": ""/mnt/zsn/lyb/arti-skill/exp/PartNet-Mobility/data/dataset/13064"", ""base_renderer"": {""path"": ""/mnt/zsn/lyb/arti-skill/exp/scripts/render_articraft10k_asset_blender.py"", ""sha256"": ""24669921702ddf11c9668e16692f3a4cb7e5b40e040e215a878b92cdd294fe22""}, ""camera_distance"": 3.301765861614255, ""device"": ""OPTIX"", ""geometry"": {""mesh_visual_count"": 105, ""primitive_counts"": {""box"": 0, ""cylinder"": 0, ""sphere"": 0}}, ""material_policy"": ""native OBJ/MTL diffuse materials, forced opaque; neutral fallback"", ""materials"": 105, ""objects"": 105, ""output"": ""/mnt/zsn/lyb/arti-skill/exp/partnet_mobility_uniform_n5_studio_256_v1/Keyboard/13064/imgs/000.png"", ""radius"": 1.0027517738512053, ""root_link"": ""base"", ""shared_renderer"": {""path"": ""/mnt/zsn/lyb/arti-skill/arti-template/scripts/render_exported_asset_blender.py"", ""sha256"": ""f418515a9817218b08d577d95983ec934c34ddf19f17bb89c73bf52aa60bb3a7""}, ""visuals"": 105}"
93,Keyboard,12956,/mnt/zsn/lyb/arti-skill/exp/PartNet-Mobility/data/dataset/12956,12956,/mnt/zsn/lyb/arti-skill/exp/PartNet-Mobility/data/dataset/12956/mobility.urdf,12956/mobility.urdf,73081,2673cdd8b8a7e6bf7988b26e540aee5b164ba33143ed708653288b05f790956a,682,9136543,4766a2587fab33cd8c6c3d40a3ad01dbefebb1d0c0ab1210cfc3b156e719a9a0,75419fe1788f9c3128292bfb730fedc16a5ee67eac170931282a87996940e505,0dd3ce9dbf346132e921c89adc305397e5b1f6dfb90ebc4494ba7b992213da11,False,/mnt/zsn/lyb/arti-skill/exp/partnet_mobility_uniform_n5_studio_256_v1/Keyboard/12956/imgs/000.png,1475,partnet_mobility:Keyboard:12956:3,18,18,Keyboard,partnet_mobility,3,Keyboard:3,0dd3ce9dbf346132e921c89adc305397e5b1f6dfb90ebc4494ba7b992213da11:12956,71655,e875856e0cb4563846ef9618dbca9d124133730df886c60f6922e0fc119f3c0a,reused_valid,0.0,2026-08-31T10:58:57.902643Z,2026-08-31T10:58:57.908290Z,,"{""asset_dir"": ""/mnt/zsn/lyb/arti-skill/exp/PartNet-Mobility/data/dataset/12956"", ""base_renderer"": {""path"": ""/mnt/zsn/lyb/arti-skill/exp/scripts/render_articraft10k_asset_blender.py"", ""sha256"": ""24669921702ddf11c9668e16692f3a4cb7e5b40e040e215a878b92cdd294fe22""}, ""camera_distance"": 3.307818615146205, ""device"": ""OPTIX"", ""geometry"": {""mesh_visual_count"": 110, ""primitive_counts"": {""box"": 0, ""cylinder"": 0, ""sphere"": 0}}, ""material_policy"": ""native OBJ/MTL diffuse materials, forced opaque; neutral fallback"", ""materials"": 115, ""objects"": 110, ""output"": ""/mnt/zsn/lyb/arti-skill/exp/partnet_mobility_uniform_n5_studio_256_v1/Keyboard/12956/imgs/000.png"", ""radius"": 1.0045900051477998, ""root_link"": ""base"", ""shared_renderer"": {""path"": ""/mnt/zsn/lyb/arti-skill/arti-template/scripts/render_exported_asset_blender.py"", ""sha256"": ""f418515a9817218b08d577d95983ec934c34ddf19f17bb89c73bf52aa60bb3a7""}, ""visuals"": 110}"
94,Keyboard,12923,/mnt/zsn/lyb/arti-skill/exp/PartNet-Mobility/data/dataset/12923,12923,/mnt/zsn/lyb/arti-skill/exp/PartNet-Mobility/data/dataset/12923/mobility.urdf,12923/mobility.urdf,54198,9e2a5deed77130a1084c85bdaf8ebba7b7617a2e633c7a0ca2b33b721f50c47d,521,8027412,53b258430f90500c3dd3fb2d629e56ed35110b279f2411f86eb7dfc9321b3a5b,3d21b90688b78bb69291dde114f1a2918a92549c4b1e4a911661dd55ba46c422,10e61101ca88272111a9f9016a24bc5a5eb10826427c009e6b78a51aea8b26da,False,/mnt/zsn/lyb/arti-skill/exp/partnet_mobility_uniform_n5_studio_256_v1/Keyboard/12923/imgs/000.png,1472,partnet_mobility:Keyboard:12923:4,18,18,Keyboard,partnet_mobility,4,Keyboard:4,10e61101ca88272111a9f9016a24bc5a5eb10826427c009e6b78a51aea8b26da:12923,79889,28523f36a8fd8831513ee1f87c66d3df4beb7e3f5d20d7dde02968d9a260e0f4,reused_valid,0.0,2026-08-31T10:58:57.904042Z,2026-08-31T10:58:57.909058Z,,"{""asset_dir"": ""/mnt/zsn/lyb/arti-skill/exp/PartNet-Mobility/data/dataset/12923"", ""base_renderer"": {""path"": ""/mnt/zsn/lyb/arti-skill/exp/scripts/render_articraft10k_asset_blender.py"", ""sha256"": ""24669921702ddf11c9668e16692f3a4cb7e5b40e040e215a878b92cdd294fe22""}, ""camera_distance"": 2.537684406053304, ""device"": ""OPTIX"", ""geometry"": {""mesh_visual_count"": 83, ""primitive_counts"": {""box"": 0, ""cylinder"": 0, ""sphere"": 0}}, ""material_policy"": ""native OBJ/MTL diffuse materials, forced opaque; neutral fallback"", ""materials"": 170, ""objects"": 83, ""output"": ""/mnt/zsn/lyb/arti-skill/exp/partnet_mobility_uniform_n5_studio_256_v1/Keyboard/12923/imgs/000.png"", ""radius"": 0.7706989672491157, ""root_link"": ""base"", ""shared_renderer"": {""path"": ""/mnt/zsn/lyb/arti-skill/arti-template/scripts/render_exported_asset_blender.py"", ""sha256"": ""f418515a9817218b08d577d95983ec934c34ddf19f17bb89c73bf52aa60bb3a7""}, ""visuals"": 83}"
95,Keyboard,12738,/mnt/zsn/lyb/arti-skill/exp/PartNet-Mobility/data/dataset/12738,12738,/mnt/zsn/lyb/arti-skill/exp/PartNet-Mobility/data/dataset/12738/mobility.urdf,12738/mobility.urdf,68642,46365141ce66de0de0d7a443e34ae250b7d2e5b7279cfca85a341ea94dcc8e82,688,8360826,3aeeda5ba2011ad7accc5681e283856fb643018f69930bde80f6f66d7bf13ca8,1f3f9abc228ede982583d125e3be8f09a0d0d62e898d6f31d2befdd9749f3ff0,14360a3834ac8ec67f45166563bb54b38fddcc647a1e1c491e89c6b132d300d4,False,/mnt/zsn/lyb/arti-skill/exp/partnet_mobility_uniform_n5_studio_256_v1/Keyboard/12738/imgs/000.png,1460,partnet_mobility:Keyboard:12738:5,18,18,Keyboard,partnet_mobility,5,Keyboard:5,14360a3834ac8ec67f45166563bb54b38fddcc647a1e1c491e89c6b132d300d4:12738,78703,e639c04888233fcb09a52892a86f35bc0200f6e31a7e5fb32e862cef6e7805ec,reused_valid,0.0,2026-08-31T10:58:57.905912Z,2026-08-31T10:58:57.910743Z,,"{""asset_dir"": ""/mnt/zsn/lyb/arti-skill/exp/PartNet-Mobility/data/dataset/12738"", ""base_renderer"": {""path"": ""/mnt/zsn/lyb/arti-skill/exp/scripts/render_articraft10k_asset_blender.py"", ""sha256"": ""24669921702ddf11c9668e16692f3a4cb7e5b40e040e215a878b92cdd294fe22""}, ""camera_distance"": 3.2516263944265082, ""device"": ""OPTIX"", ""geometry"": {""mesh_visual_count"": 104, ""primitive_counts"": {""box"": 0, ""cylinder"": 0, ""sphere"": 0}}, ""material_policy"": ""native OBJ/MTL diffuse materials, forced opaque; neutral fallback"", ""materials"": 193, ""objects"": 104, ""output"": ""/mnt/zsn/lyb/arti-skill/exp/partnet_mobility_uniform_n5_studio_256_v1/Keyboard/12738/imgs/000.png"", ""radius"": 0.9875243344234178, ""root_link"": ""base"", ""shared_renderer"": {""path"": ""/mnt/zsn/lyb/arti-skill/arti-template/scripts/render_exported_asset_blender.py"", ""sha256"": ""f418515a9817218b08d577d95983ec934c34ddf19f17bb89c73bf52aa60bb3a7""}, ""visuals"": 104}"
96,KitchenPot,100015,/mnt/zsn/lyb/arti-skill/exp/PartNet-Mobility/data/dataset/100015,100015,/mnt/zsn/lyb/arti-skill/exp/PartNet-Mobility/data/dataset/100015/mobility.urdf,100015/mobility.urdf,6728,5e0ca1386e8314571f4596f10bebc38e777e3072d5d4fe74312f6028ce6282f2,54,1929442,461550ffbc5f9c5dd513216eac69a32bb1869231e4a547c3917b19d7b12ae2ea,55f82c49129b02210f5c03cb14bfd74b551e5da3887a66ff51a309410cec9bed,0189782e2d72a44a603d97e504deeca637b1bbc6f9d52eb2fb6aff0d27cf8b36,True,/mnt/zsn/lyb/arti-skill/exp/partnet_mobility_uniform_n5_studio_256_v1/KitchenPot/100015/imgs/000.png,1,partnet_mobility:KitchenPot:100015:1,19,19,KitchenPot,partnet_mobility,1,KitchenPot:1,0189782e2d72a44a603d97e504deeca637b1bbc6f9d52eb2fb6aff0d27cf8b36:100015,77962,922300dd2818205b616882467aeafac33457ccc46f67b2017b6f6ecbce25ee60,reused_valid,0.0,2026-08-31T10:58:57.908331Z,2026-08-31T10:58:57.913921Z,,"{""asset_dir"": ""/mnt/zsn/lyb/arti-skill/exp/PartNet-Mobility/data/dataset/100015"", ""base_renderer"": {""path"": ""/mnt/zsn/lyb/arti-skill/exp/scripts/render_articraft10k_asset_blender.py"", ""sha256"": ""24669921702ddf11c9668e16692f3a4cb7e5b40e040e215a878b92cdd294fe22""}, ""camera_distance"": 3.8428998406189248, ""device"": ""OPTIX"", ""geometry"": {""mesh_visual_count"": 22, ""primitive_counts"": {""box"": 0, ""cylinder"": 0, ""sphere"": 0}}, ""material_policy"": ""native OBJ/MTL diffuse materials, forced opaque; neutral fallback"", ""materials"": 24, ""objects"": 22, ""output"": ""/mnt/zsn/lyb/arti-skill/exp/partnet_mobility_uniform_n5_studio_256_v1/KitchenPot/100015/imgs/000.png"", ""radius"": 1.1670950616798585, ""root_link"": ""base"", ""shared_renderer"": {""path"": ""/mnt/zsn/lyb/arti-skill/arti-template/scripts/render_exported_asset_blender.py"", ""sha256"": ""f418515a9817218b08d577d95983ec934c34ddf19f17bb89c73bf52aa60bb3a7""}, ""visuals"": 22}"
97,KitchenPot,100033,/mnt/zsn/lyb/arti-skill/exp/PartNet-Mobility/data/dataset/100033,100033,/mnt/zsn/lyb/arti-skill/exp/PartNet-Mobility/data/dataset/100033/mobility.urdf,100033/mobility.urdf,3051,5629bf16ced98760baf968dea0bad1f054130b15d151e0d5f1fa4e920a6f147e,28,2438319,57e14c37af3b3378d149042793a90aa7220ea9a6fdaa158e0911a4b4d1a585e3,4d93d15eea5d79a98b659d5d3ce59d93961a647133c645226f76a4905d597434,0644ac826b5232b9b680c652e4aaf7a6e9366d84b3e786e586b570045530cf99,False,/mnt/zsn/lyb/arti-skill/exp/partnet_mobility_uniform_n5_studio_256_v1/KitchenPot/100033/imgs/000.png,9,partnet_mobility:KitchenPot:100033:2,19,19,KitchenPot,partnet_mobility,2,KitchenPot:2,0644ac826b5232b9b680c652e4aaf7a6e9366d84b3e786e586b570045530cf99:100033,74763,da2ccaac1277ae4ffa381f4677e35193c333e25e84afa856a7656246a6f898f1,reused_valid,0.0,2026-08-31T10:58:57.909090Z,2026-08-31T10:58:57.914302Z,,"{""asset_dir"": ""/mnt/zsn/lyb/arti-skill/exp/PartNet-Mobility/data/dataset/100033"", ""base_renderer"": {""path"": ""/mnt/zsn/lyb/arti-skill/exp/scripts/render_articraft10k_asset_blender.py"", ""sha256"": ""24669921702ddf11c9668e16692f3a4cb7e5b40e040e215a878b92cdd294fe22""}, ""camera_distance"": 4.551636488492425, ""device"": ""OPTIX"", ""geometry"": {""mesh_visual_count"": 9, ""primitive_counts"": {""box"": 0, ""cylinder"": 0, ""sphere"": 0}}, ""material_policy"": ""native OBJ/MTL diffuse materials, forced opaque; neutral fallback"", ""materials"": 14, ""objects"": 9, ""output"": ""/mnt/zsn/lyb/arti-skill/exp/partnet_mobility_uniform_n5_studio_256_v1/KitchenPot/100033/imgs/000.png"", ""radius"": 1.382339558302357, ""root_link"": ""base"", ""shared_renderer"": {""path"": ""/mnt/zsn/lyb/arti-skill/arti-template/scripts/render_exported_asset_blender.py"", ""sha256"": ""f418515a9817218b08d577d95983ec934c34ddf19f17bb89c73bf52aa60bb3a7""}, ""visuals"": 9}"
98,KitchenPot,100040,/mnt/zsn/lyb/arti-skill/exp/PartNet-Mobility/data/dataset/100040,100040,/mnt/zsn/lyb/arti-skill/exp/PartNet-Mobility/data/dataset/100040/mobility.urdf,100040/mobility.urdf,2780,f668e1e97b872565a2a695ebf6b48242807e154b9f90200c4adf4c6fc206adfd,24,1598203,8271a14126ac216b3065017368269a27350b5c0b362c267982be5f12a39d34dd,d9bbb8cd163cc0c69e63ec33512f7ec3db735b5adc78feeaf61749f43e54f4b7,09cd7494ba6d3a13d8181e6ab41e5d06bab8c876d66acc112c9201ee017bf95e,False,/mnt/zsn/lyb/arti-skill/exp/partnet_mobility_uniform_n5_studio_256_v1/KitchenPot/100040/imgs/000.png,11,partnet_mobility:KitchenPot:100040:3,19,19,KitchenPot,partnet_mobility,3,KitchenPot:3,09cd7494ba6d3a13d8181e6ab41e5d06bab8c876d66acc112c9201ee017bf95e:100040,79315,899a9f2c83d1331f039f7271e14edb6857020f043ff3233df2eb10c246c55782,reused_valid,0.0,2026-08-31T10:58:57.910767Z,2026-08-31T10:58:57.916385Z,,"{""asset_dir"": ""/mnt/zsn/lyb/arti-skill/exp/PartNet-Mobility/data/dataset/100040"", ""base_renderer"": {""path"": ""/mnt/zsn/lyb/arti-skill/exp/scripts/render_articraft10k_asset_blender.py"", ""sha256"": ""24669921702ddf11c9668e16692f3a4cb7e5b40e040e215a878b92cdd294fe22""}, ""camera_distance"": 4.656917837108613, ""device"": ""OPTIX"", ""geometry"": {""mesh_visual_count"": 8, ""primitive_counts"": {""box"": 0, ""cylinder"": 0, ""sphere"": 0}}, ""material_policy"": ""native OBJ/MTL diffuse materials, forced opaque; neutral fallback"", ""materials"": 8, ""objects"": 8, ""output"": ""/mnt/zsn/lyb/arti-skill/exp/partnet_mobility_uniform_n5_studio_256_v1/KitchenPot/100040/imgs/000.png"", ""radius"": 1.4143136786679706, ""root_link"": ""base"", ""shared_renderer"": {""path"": ""/mnt/zsn/lyb/arti-skill/arti-template/scripts/render_exported_asset_blender.py"", ""sha256"": ""f418515a9817218b08d577d95983ec934c34ddf19f17bb89c73bf52aa60bb3a7""}, ""visuals"": 8}"
99,KitchenPot,100060,/mnt/zsn/lyb/arti-skill/exp/PartNet-Mobility/data/dataset/100060,100060,/mnt/zsn/lyb/arti-skill/exp/PartNet-Mobility/data/dataset/100060/mobility.urdf,100060/mobility.urdf,9631,b7324e80a9bd4194570534899b1e0b51840ad40a7fd77c0c1c9e7c426db38756,69,5543603,36c6ec5945001fb0e5e2aa557298c082eacf473c60ab087f870b8f2724e7d3d9,e1a024f6152e0d55ea835e86f8e5456c453d8edb0996c4b870d3c1a36c7065fe,1a446246d0889a95ac9e0453cebd87a2db84baf5b7cfabfd4a3eec4e68bb836b,False,/mnt/zsn/lyb/arti-skill/exp/partnet_mobility_uniform_n5_studio_256_v1/KitchenPot/100060/imgs/000.png,20,partnet_mobility:KitchenPot:100060:4,19,19,KitchenPot,partnet_mobility,4,KitchenPot:4,1a446246d0889a95ac9e0453cebd87a2db84baf5b7cfabfd4a3eec4e68bb836b:100060,71129,d707d222fe76541357a7cbe17ac1bc0e8e20c5993b6525e91836c6f9f6116f8b,reused_valid,0.0,2026-08-31T10:58:57.913951Z,2026-08-31T10:58:57.919447Z,,"{""asset_dir"": ""/mnt/zsn/lyb/arti-skill/exp/PartNet-Mobility/data/dataset/100060"", ""base_renderer"": {""path"": ""/mnt/zsn/lyb/arti-skill/exp/scripts/render_articraft10k_asset_blender.py"", ""sha256"": ""24669921702ddf11c9668e16692f3a4cb7e5b40e040e215a878b92cdd294fe22""}, ""camera_distance"": 4.611313393068233, ""device"": ""OPTIX"", ""geometry"": {""mesh_visual_count"": 31, ""primitive_counts"": {""box"": 0, ""cylinder"": 0, ""sphere"": 0}}, ""material_policy"": ""native OBJ/MTL diffuse materials, forced opaque; neutral fallback"", ""materials"": 31, ""objects"": 31, ""output"": ""/mnt/zsn/lyb/arti-skill/exp/partnet_mobility_uniform_n5_studio_256_v1/KitchenPot/100060/imgs/000.png"", ""radius"": 1.4004635332992041, ""root_link"": ""base"", ""shared_renderer"": {""path"": ""/mnt/zsn/lyb/arti-skill/arti-template/scripts/render_exported_asset_blender.py"", ""sha256"": ""f418515a9817218b08d577d95983ec934c34ddf19f17bb89c73bf52aa60bb3a7""}, ""visuals"": 31}"
100,KitchenPot,100017,/mnt/zsn/lyb/arti-skill/exp/PartNet-Mobility/data/dataset/100017,100017,/mnt/zsn/lyb/arti-skill/exp/PartNet-Mobility/data/dataset/100017/mobility.urdf,100017/mobility.urdf,4199,7f73dd82cddfefb1769d5ea04857e1242fd3b8bc98a3c9321c6d7dcdb03f9b1c,36,330357,229a8791add2f130d551fb06b3686dd15e6a19e766091f69776dbfebe53e6df5,c867cba74b342c215f627dd4025acfbba569cf00c20369d60779e7b2c782c6e2,1acbb3962a15a2e44003b169c53a252549e1a0a46bc74d381f61cab4a0aa11c4,False,/mnt/zsn/lyb/arti-skill/exp/partnet_mobility_uniform_n5_studio_256_v1/KitchenPot/100017/imgs/000.png,2,partnet_mobility:KitchenPot:100017:5,19,19,KitchenPot,partnet_mobility,5,KitchenPot:5,1acbb3962a15a2e44003b169c53a252549e1a0a46bc74d381f61cab4a0aa11c4:100017,73060,b3f53b3d286c45f64c5af1558c3f9c68f813693a41eb87976289e471c5f96ee6,reused_valid,0.0,2026-08-31T10:58:57.914332Z,2026-08-31T10:58:57.919712Z,,"{""asset_dir"": ""/mnt/zsn/lyb/arti-skill/exp/PartNet-Mobility/data/dataset/100017"", ""base_renderer"": {""path"": ""/mnt/zsn/lyb/arti-skill/exp/scripts/render_articraft10k_asset_blender.py"", ""sha256"": ""24669921702ddf11c9668e16692f3a4cb7e5b40e040e215a878b92cdd294fe22""}, ""camera_distance"": 4.768736114507422, ""device"": ""OPTIX"", ""geometry"": {""mesh_visual_count"": 13, ""primitive_counts"": {""box"": 0, ""cylinder"": 0, ""sphere"": 0}}, ""material_policy"": ""native OBJ/MTL diffuse materials, forced opaque; neutral fallback"", ""materials"": 23, ""objects"": 13, ""output"": ""/mnt/zsn/lyb/arti-skill/exp/partnet_mobility_uniform_n5_studio_256_v1/KitchenPot/100017/imgs/000.png"", ""radius"": 1.448273075157649, ""root_link"": ""base"", ""shared_renderer"": {""path"": ""/mnt/zsn/lyb/arti-skill/arti-template/scripts/render_exported_asset_blender.py"", ""sha256"": ""f418515a9817218b08d577d95983ec934c34ddf19f17bb89c73bf52aa60bb3a7""}, ""visuals"": 13}"
101,Knife,101659,/mnt/zsn/lyb/arti-skill/exp/PartNet-Mobility/data/dataset/101659,101659,/mnt/zsn/lyb/arti-skill/exp/PartNet-Mobility/data/dataset/101659/mobility.urdf,101659/mobility.urdf,4230,10c71ad6bffa16a7e8f5836bbfe0d09a3f7b971a4963f94aa235d7b0a84a0142,34,635258,3295f30ca9f440730e7ac8123cb732756dcc6d50eebc199737265d3672d8e354,01cc09d57bfcd9dddcdeadad41e4417b84e34e2358149c3d45e3c3fb9c76e687,036d975af833c05e663b55ef9fce014c4cdc2c0a632269e940bf7c90c561bcde,True,/mnt/zsn/lyb/arti-skill/exp/partnet_mobility_uniform_n5_studio_256_v1/Knife/101659/imgs/000.png,556,partnet_mobility:Knife:101659:1,20,20,Knife,partnet_mobility,1,Knife:1,036d975af833c05e663b55ef9fce014c4cdc2c0a632269e940bf7c90c561bcde:101659,73379,caa5131acc19913bbf738ca929e32f2bc6e7f3fde3cb3a07f3040522b96694ac,reused_valid,0.0,2026-08-31T10:58:57.916409Z,2026-08-31T10:58:57.921799Z,,"{""asset_dir"": ""/mnt/zsn/lyb/arti-skill/exp/PartNet-Mobility/data/dataset/101659"", ""base_renderer"": {""path"": ""/mnt/zsn/lyb/arti-skill/exp/scripts/render_articraft10k_asset_blender.py"", ""sha256"": ""24669921702ddf11c9668e16692f3a4cb7e5b40e040e215a878b92cdd294fe22""}, ""camera_distance"": 2.8823548856535037, ""device"": ""OPTIX"", ""geometry"": {""mesh_visual_count"": 12, ""primitive_counts"": {""box"": 0, ""cylinder"": 0, ""sphere"": 0}}, ""material_policy"": ""native OBJ/MTL diffuse materials, forced opaque; neutral fallback"", ""materials"": 20, ""objects"": 12, ""output"": ""/mnt/zsn/lyb/arti-skill/exp/partnet_mobility_uniform_n5_studio_256_v1/Knife/101659/imgs/000.png"", ""radius"": 0.8753759641347368, ""root_link"": ""base"", ""shared_renderer"": {""path"": ""/mnt/zsn/lyb/arti-skill/arti-template/scripts/render_exported_asset_blender.py"", ""sha256"": ""f418515a9817218b08d577d95983ec934c34ddf19f17bb89c73bf52aa60bb3a7""}, ""visuals"": 12}"
102,Knife,101660,/mnt/zsn/lyb/arti-skill/exp/PartNet-Mobility/data/dataset/101660,101660,/mnt/zsn/lyb/arti-skill/exp/PartNet-Mobility/data/dataset/101660/mobility.urdf,101660/mobility.urdf,7696,1091175de8c3d43b27f07f2141a27a90692adb36140390f038c363e53e1a5100,59,391881,0753f259f5ce0dd7fff71bc80c5baa92ce2af78ee14da657af3e5f8f5ebd59a8,7cbeebddca5d671a2342a4c3bf029e900d76a3157f423280fdd5060cb6c4f27a,0ef90d749cea202183649a162775c9a09f27530bff6355044335c14979b1c386,False,/mnt/zsn/lyb/arti-skill/exp/partnet_mobility_uniform_n5_studio_256_v1/Knife/101660/imgs/000.png,557,partnet_mobility:Knife:101660:2,20,20,Knife,partnet_mobility,2,Knife:2,0ef90d749cea202183649a162775c9a09f27530bff6355044335c14979b1c386:101660,71308,c71d1cba7bf0d67e518f47794fcbfb298ba49d9dc5d3d740111ef01fc6988950,reused_valid,0.0,2026-08-31T10:58:57.919476Z,2026-08-31T10:58:57.924184Z,,"{""asset_dir"": ""/mnt/zsn/lyb/arti-skill/exp/PartNet-Mobility/data/dataset/101660"", ""base_renderer"": {""path"": ""/mnt/zsn/lyb/arti-skill/exp/scripts/render_articraft10k_asset_blender.py"", ""sha256"": ""24669921702ddf11c9668e16692f3a4cb7e5b40e040e215a878b92cdd294fe22""}, ""camera_distance"": 3.2886334883126254, ""device"": ""OPTIX"", ""geometry"": {""mesh_visual_count"": 25, ""primitive_counts"": {""box"": 0, ""cylinder"": 0, ""sphere"": 0}}, ""material_policy"": ""native OBJ/MTL diffuse materials, forced opaque; neutral fallback"", ""materials"": 34, ""objects"": 25, ""output"": ""/mnt/zsn/lyb/arti-skill/exp/partnet_mobility_uniform_n5_studio_256_v1/Knife/101660/imgs/000.png"", ""radius"": 0.998763450276787, ""root_link"": ""base"", ""shared_renderer"": {""path"": ""/mnt/zsn/lyb/arti-skill/arti-template/scripts/render_exported_asset_blender.py"", ""sha256"": ""f418515a9817218b08d577d95983ec934c34ddf19f17bb89c73bf52aa60bb3a7""}, ""visuals"": 25}"
103,Knife,103733,/mnt/zsn/lyb/arti-skill/exp/PartNet-Mobility/data/dataset/103733,103733,/mnt/zsn/lyb/arti-skill/exp/PartNet-Mobility/data/dataset/103733/mobility.urdf,103733/mobility.urdf,4086,01c4e07cc85c5edc45321812eef1cbf5c85fced4750c944d9a9ca06ee2d5b927,30,804666,31cc61a6d68454a3c7b10f81616e22c44fbbb614cdd5d14a19d758716ad0cbf3,ff057918bcdedaf713aff832e0041fd504b6f96cf3e2b830ebc25f51b47009f2,11edd97b2fad7d2a3b4627663ecc34f6d4b80d1064781181b525ce2dd52ab149,False,/mnt/zsn/lyb/arti-skill/exp/partnet_mobility_uniform_n5_studio_256_v1/Knife/103733/imgs/000.png,1213,partnet_mobility:Knife:103733:3,20,20,Knife,partnet_mobility,3,Knife:3,11edd97b2fad7d2a3b4627663ecc34f6d4b80d1064781181b525ce2dd52ab149:103733,73361,7e496fd1cfcee8d43d30da2fa162c52695005d4a405624136c11195066d88677,reused_valid,0.0,2026-08-31T10:58:57.919749Z,2026-08-31T10:58:57.925794Z,,"{""asset_dir"": ""/mnt/zsn/lyb/arti-skill/exp/PartNet-Mobility/data/dataset/103733"", ""base_renderer"": {""path"": ""/mnt/zsn/lyb/arti-skill/exp/scripts/render_articraft10k_asset_blender.py"", ""sha256"": ""24669921702ddf11c9668e16692f3a4cb7e5b40e040e215a878b92cdd294fe22""}, ""camera_distance"": 3.3068941576497206, ""device"": ""OPTIX"", ""geometry"": {""mesh_visual_count"": 10, ""primitive_counts"": {""box"": 0, ""cylinder"": 0, ""sphere"": 0}}, ""material_policy"": ""native OBJ/MTL diffuse materials, forced opaque; neutral fallback"", ""materials"": 10, ""objects"": 10, ""output"": ""/mnt/zsn/lyb/arti-skill/exp/partnet_mobility_uniform_n5_studio_256_v1/Knife/103733/imgs/000.png"", ""radius"": 1.0043092458713088, ""root_link"": ""base"", ""shared_renderer"": {""path"": ""/mnt/zsn/lyb/arti-skill/arti-template/scripts/render_exported_asset_blender.py"", ""sha256"": ""f418515a9817218b08d577d95983ec934c34ddf19f17bb89c73bf52aa60bb3a7""}, ""visuals"": 10}"
104,Knife,103713,/mnt/zsn/lyb/arti-skill/exp/PartNet-Mobility/data/dataset/103713,103713,/mnt/zsn/lyb/arti-skill/exp/PartNet-Mobility/data/dataset/103713/mobility.urdf,103713/mobility.urdf,1575,523e654906812e9dd0614fe8d4bb00bc79e4741554aa83e69f46682d68ed52df,13,371446,5c285f1af17c4554da3ba85f5954645f53c9e8d5172667e504c63800093b8475,56870c96304eb5a060d45c760b0924599ca286c66f369fc8fb0f39bab26daf92,14a4c294ccb1440c0711c72b24dba7926e78bb9c4308cd6f4e8b8195eb5c8edc,False,/mnt/zsn/lyb/arti-skill/exp/partnet_mobility_uniform_n5_studio_256_v1/Knife/103713/imgs/000.png,1206,partnet_mobility:Knife:103713:4,20,20,Knife,partnet_mobility,4,Knife:4,14a4c294ccb1440c0711c72b24dba7926e78bb9c4308cd6f4e8b8195eb5c8edc:103713,70976,6e5f3d8bb5154f6aa9ce1c87b9cdb713deef882874546e7f8ea43971f26441d1,reused_valid,0.0,2026-08-31T10:58:57.921828Z,2026-08-31T10:58:57.927179Z,,"{""asset_dir"": ""/mnt/zsn/lyb/arti-skill/exp/PartNet-Mobility/data/dataset/103713"", ""base_renderer"": {""path"": ""/mnt/zsn/lyb/arti-skill/exp/scripts/render_articraft10k_asset_blender.py"", ""sha256"": ""24669921702ddf11c9668e16692f3a4cb7e5b40e040e215a878b92cdd294fe22""}, ""camera_distance"": 2.8496143980989466, ""device"": ""OPTIX"", ""geometry"": {""mesh_visual_count"": 3, ""primitive_counts"": {""box"": 0, ""cylinder"": 0, ""sphere"": 0}}, ""material_policy"": ""native OBJ/MTL diffuse materials, forced opaque; neutral fallback"", ""materials"": 9, ""objects"": 3, ""output"": ""/mnt/zsn/lyb/arti-skill/exp/partnet_mobility_uniform_n5_studio_256_v1/Knife/103713/imgs/000.png"", ""radius"": 0.8654326237077951, ""root_link"": ""base"", ""shared_renderer"": {""path"": ""/mnt/zsn/lyb/arti-skill/arti-template/scripts/render_exported_asset_blender.py"", ""sha256"": ""f418515a9817218b08d577d95983ec934c34ddf19f17bb89c73bf52aa60bb3a7""}, ""visuals"": 3}"
105,Knife,102401,/mnt/zsn/lyb/arti-skill/exp/PartNet-Mobility/data/dataset/102401,102401,/mnt/zsn/lyb/arti-skill/exp/PartNet-Mobility/data/dataset/102401/mobility.urdf,102401/mobility.urdf,1563,87f321688cc8cc326c049e4660705176057a2bc0c13dfb6eb71554d8426c56f5,15,313137,32ba5241d147e2cbdba5a45620f118e2363c3501270caaa4dd675b6dd7904724,52ec8d5902fe6424840f7fb5bfc4aec3def27dd2a02cb00f17ed15b3e7e69092,1e2e16d6fb64a6d454482e2acae33d575e6745b005622c24a6e8aeb6ebfac0c7,False,/mnt/zsn/lyb/arti-skill/exp/partnet_mobility_uniform_n5_studio_256_v1/Knife/102401/imgs/000.png,747,partnet_mobility:Knife:102401:5,20,20,Knife,partnet_mobility,5,Knife:5,1e2e16d6fb64a6d454482e2acae33d575e6745b005622c24a6e8aeb6ebfac0c7:102401,69401,d287bee77f4c416fe050b0c7754ba9ba66cb38988d5e40222fe595e2da172421,reused_valid,0.0,2026-08-31T10:58:57.924211Z,2026-08-31T10:58:57.928797Z,,"{""asset_dir"": ""/mnt/zsn/lyb/arti-skill/exp/PartNet-Mobility/data/dataset/102401"", ""base_renderer"": {""path"": ""/mnt/zsn/lyb/arti-skill/exp/scripts/render_articraft10k_asset_blender.py"", ""sha256"": ""24669921702ddf11c9668e16692f3a4cb7e5b40e040e215a878b92cdd294fe22""}, ""camera_distance"": 2.7085929430475884, ""device"": ""OPTIX"", ""geometry"": {""mesh_visual_count"": 3, ""primitive_counts"": {""box"": 0, ""cylinder"": 0, ""sphere"": 0}}, ""material_policy"": ""native OBJ/MTL diffuse materials, forced opaque; neutral fallback"", ""materials"": 13, ""objects"": 3, ""output"": ""/mnt/zsn/lyb/arti-skill/exp/partnet_mobility_uniform_n5_studio_256_v1/Knife/102401/imgs/000.png"", ""radius"": 0.8226041736811504, ""root_link"": ""base"", ""shared_renderer"": {""path"": ""/mnt/zsn/lyb/arti-skill/arti-template/scripts/render_exported_asset_blender.py"", ""sha256"": ""f418515a9817218b08d577d95983ec934c34ddf19f17bb89c73bf52aa60bb3a7""}, ""visuals"": 3}"
106,Lamp,16237,/mnt/zsn/lyb/arti-skill/exp/PartNet-Mobility/data/dataset/16237,16237,/mnt/zsn/lyb/arti-skill/exp/PartNet-Mobility/data/dataset/16237/mobility.urdf,16237/mobility.urdf,3525,2d07c4d63250fdf97e019ec9cbc98e8680ed2f5a3140d854c5c4addc1d1003cd,97,3702502,02c7b588be6b0cffe460855b43757e46db8c17687c6006effa581588d9f69940,349c2c22e4057f6e3ca8547680eb3c31116e3963637e78126126346a3f49312b,00e5004a5c26f18cfc896ad50d8ff7de56f238f6f505ccceac662dff2aa8a29a,True,/mnt/zsn/lyb/arti-skill/exp/partnet_mobility_uniform_n5_studio_256_v1/Lamp/16237/imgs/000.png,1556,partnet_mobility:Lamp:16237:1,21,21,Lamp,partnet_mobility,1,Lamp:1,00e5004a5c26f18cfc896ad50d8ff7de56f238f6f505ccceac662dff2aa8a29a:16237,71848,dc10673ba0da04b855ac2cc879ef4700be82346fb0ab7546694e4020d2d13eb8,reused_valid,0.0,2026-08-31T10:58:57.925826Z,2026-08-31T10:58:57.932899Z,,"{""asset_dir"": ""/mnt/zsn/lyb/arti-skill/exp/PartNet-Mobility/data/dataset/16237"", ""base_renderer"": {""path"": ""/mnt/zsn/lyb/arti-skill/exp/scripts/render_articraft10k_asset_blender.py"", ""sha256"": ""24669921702ddf11c9668e16692f3a4cb7e5b40e040e215a878b92cdd294fe22""}, ""camera_distance"": 3.7462671442798015, ""device"": ""OPTIX"", ""geometry"": {""mesh_visual_count"": 10, ""primitive_counts"": {""box"": 0, ""cylinder"": 0, ""sphere"": 0}}, ""material_policy"": ""native OBJ/MTL diffuse materials, forced opaque; neutral fallback"", ""materials"": 10, ""objects"": 10, ""output"": ""/mnt/zsn/lyb/arti-skill/exp/partnet_mobility_uniform_n5_studio_256_v1/Lamp/16237/imgs/000.png"", ""radius"": 1.1377475513695101, ""root_link"": ""base"", ""shared_renderer"": {""path"": ""/mnt/zsn/lyb/arti-skill/arti-template/scripts/render_exported_asset_blender.py"", ""sha256"": ""f418515a9817218b08d577d95983ec934c34ddf19f17bb89c73bf52aa60bb3a7""}, ""visuals"": 10}"
107,Lamp,16794,/mnt/zsn/lyb/arti-skill/exp/PartNet-Mobility/data/dataset/16794,16794,/mnt/zsn/lyb/arti-skill/exp/PartNet-Mobility/data/dataset/16794/mobility.urdf,16794/mobility.urdf,5334,4cd12a731eba1dd448e81b1a0ecb3243dae0ff2787cd4dc512902f5a8c22dee0,89,3742529,91919ecba2c1f59c0e3de0c925181db4d5403dca02c5053960ec194255d651f9,70052f2ab36a8a5cd349cf51bdfc41c7d1d34796dc688c2a93e04132ff3fb7bd,0929e8b8a5ba31f6d0f1d28255ae5d954df462103adac486543089f5290a4553,False,/mnt/zsn/lyb/arti-skill/exp/partnet_mobility_uniform_n5_studio_256_v1/Lamp/16794/imgs/000.png,1568,partnet_mobility:Lamp:16794:2,21,21,Lamp,partnet_mobility,2,Lamp:2,0929e8b8a5ba31f6d0f1d28255ae5d954df462103adac486543089f5290a4553:16794,70116,42489e46906ef5b784aae967ff64fc6c1f9d4c72444b3e47b9fc16ebc93e9128,reused_valid,0.0,2026-08-31T10:58:57.927209Z,2026-08-31T10:58:57.932075Z,,"{""asset_dir"": ""/mnt/zsn/lyb/arti-skill/exp/PartNet-Mobility/data/dataset/16794"", ""base_renderer"": {""path"": ""/mnt/zsn/lyb/arti-skill/exp/scripts/render_articraft10k_asset_blender.py"", ""sha256"": ""24669921702ddf11c9668e16692f3a4cb7e5b40e040e215a878b92cdd294fe22""}, ""camera_distance"": 3.0527417100533247, ""device"": ""OPTIX"", ""geometry"": {""mesh_visual_count"": 13, ""primitive_counts"": {""box"": 0, ""cylinder"": 0, ""sphere"": 0}}, ""material_policy"": ""native OBJ/MTL diffuse materials, forced opaque; neutral fallback"", ""materials"": 13, ""objects"": 13, ""output"": ""/mnt/zsn/lyb/arti-skill/exp/partnet_mobility_uniform_n5_studio_256_v1/Lamp/16794/imgs/000.png"", ""radius"": 0.927122725585672, ""root_link"": ""base"", ""shared_renderer"": {""path"": ""/mnt/zsn/lyb/arti-skill/arti-template/scripts/render_exported_asset_blender.py"", ""sha256"": ""f418515a9817218b08d577d95983ec934c34ddf19f17bb89c73bf52aa60bb3a7""}, ""visuals"": 13}"
108,Lamp,14402,/mnt/zsn/lyb/arti-skill/exp/PartNet-Mobility/data/dataset/14402,14402,/mnt/zsn/lyb/arti-skill/exp/PartNet-Mobility/data/dataset/14402/mobility.urdf,14402/mobility.urdf,4817,e2c07c4501b40cf335bdb209fbc407c2ca71a7a1cba85127e291ef40f15105e6,120,5361737,85b4b4e3fc771212920c5cf69c2876f809b198307b0d22f785d05173ee33fde2,55498f10b2e81f73e1e42fbd97a9514c3c31303f63be4817482716da267d84e4,1190191b857e9a1436e1fce7930d233366a06406e5209494e3a614ae1e745e8a,False,/mnt/zsn/lyb/arti-skill/exp/partnet_mobility_uniform_n5_studio_256_v1/Lamp/14402/imgs/000.png,1516,partnet_mobility:Lamp:14402:3,21,21,Lamp,partnet_mobility,3,Lamp:3,1190191b857e9a1436e1fce7930d233366a06406e5209494e3a614ae1e745e8a:14402,73472,c3c480e3b2bf694cb4f912c6b2425bc60d962fdb394207b10c5239fa4a65f7e4,reused_valid,0.0,2026-08-31T10:58:57.928822Z,2026-08-31T10:58:57.933767Z,,"{""asset_dir"": ""/mnt/zsn/lyb/arti-skill/exp/PartNet-Mobility/data/dataset/14402"", ""base_renderer"": {""path"": ""/mnt/zsn/lyb/arti-skill/exp/scripts/render_articraft10k_asset_blender.py"", ""sha256"": ""24669921702ddf11c9668e16692f3a4cb7e5b40e040e215a878b92cdd294fe22""}, ""camera_distance"": 2.848815357441837, ""device"": ""OPTIX"", ""geometry"": {""mesh_visual_count"": 11, ""primitive_counts"": {""box"": 0, ""cylinder"": 0, ""sphere"": 0}}, ""material_policy"": ""native OBJ/MTL diffuse materials, forced opaque; neutral fallback"", ""materials"": 17, ""objects"": 11, ""output"": ""/mnt/zsn/lyb/arti-skill/exp/partnet_mobility_uniform_n5_studio_256_v1/Lamp/14402/imgs/000.png"", ""radius"": 0.8651899537336424, ""root_link"": ""base"", ""shared_renderer"": {""path"": ""/mnt/zsn/lyb/arti-skill/arti-template/scripts/render_exported_asset_blender.py"", ""sha256"": ""f418515a9817218b08d577d95983ec934c34ddf19f17bb89c73bf52aa60bb3a7""}, ""visuals"": 11}"
109,Lamp,14351,/mnt/zsn/lyb/arti-skill/exp/PartNet-Mobility/data/dataset/14351,14351,/mnt/zsn/lyb/arti-skill/exp/PartNet-Mobility/data/dataset/14351/mobility.urdf,14351/mobility.urdf,9221,7d4fe5726097530ab1bdd533237f03aab29c680ef74eee2a2273260dea7e5fd9,133,7927752,60af7053bca00202547e71cb4c0ec0037ee186911adba50b6126f98b37cd67c5,16bd743e5a49c756d970af70f8a8b8ed8e45c7128f22bebe1454ef1e0187ff64,1e117b396c77c6bc7008981f806a4560b9fffa2bc5a6ac21ffd7d7c6fba52531,False,/mnt/zsn/lyb/arti-skill/exp/partnet_mobility_uniform_n5_studio_256_v1/Lamp/14351/imgs/000.png,1513,partnet_mobility:Lamp:14351:4,21,21,Lamp,partnet_mobility,4,Lamp:4,1e117b396c77c6bc7008981f806a4560b9fffa2bc5a6ac21ffd7d7c6fba52531:14351,69835,7877f4e4b87c5a7bc5bf02d0df1d4c210d30d8fbc3428dbba3222653b57a51ac,reused_valid,0.0,2026-08-31T10:58:57.932103Z,2026-08-31T10:58:57.937666Z,,"{""asset_dir"": ""/mnt/zsn/lyb/arti-skill/exp/PartNet-Mobility/data/dataset/14351"", ""base_renderer"": {""path"": ""/mnt/zsn/lyb/arti-skill/exp/scripts/render_articraft10k_asset_blender.py"", ""sha256"": ""24669921702ddf11c9668e16692f3a4cb7e5b40e040e215a878b92cdd294fe22""}, ""camera_distance"": 3.509505587302799, ""device"": ""OPTIX"", ""geometry"": {""mesh_visual_count"": 20, ""primitive_counts"": {""box"": 0, ""cylinder"": 0, ""sphere"": 0}}, ""material_policy"": ""native OBJ/MTL diffuse materials, forced opaque; neutral fallback"", ""materials"": 20, ""objects"": 20, ""output"": ""/mnt/zsn/lyb/arti-skill/exp/partnet_mobility_uniform_n5_studio_256_v1/Lamp/14351/imgs/000.png"", ""radius"": 1.0658426734377997, ""root_link"": ""base"", ""shared_renderer"": {""path"": ""/mnt/zsn/lyb/arti-skill/arti-template/scripts/render_exported_asset_blender.py"", ""sha256"": ""f418515a9817218b08d577d95983ec934c34ddf19f17bb89c73bf52aa60bb3a7""}, ""visuals"": 20}"
110,Lamp,16032,/mnt/zsn/lyb/arti-skill/exp/PartNet-Mobility/data/dataset/16032,16032,/mnt/zsn/lyb/arti-skill/exp/PartNet-Mobility/data/dataset/16032/mobility.urdf,16032/mobility.urdf,13427,ab732887421fcdb46ab0813f378cb2a73c074db303a5841399f94134e9652586,179,6162632,5cac5c007aec8a7cecb393cddf99d131407bb0c90a49b6946f673d16004d5ec6,edfcff56caf635493da3a5f9cfaa601997ff57c09f34a481812ede8f045d354e,201b7ed6b01e2de5041d48cd6d21e0697437ce88545140edfe7212211647f1e5,False,/mnt/zsn/lyb/arti-skill/exp/partnet_mobility_uniform_n5_studio_256_v1/Lamp/16032/imgs/000.png,1553,partnet_mobility:Lamp:16032:5,21,21,Lamp,partnet_mobility,5,Lamp:5,201b7ed6b01e2de5041d48cd6d21e0697437ce88545140edfe7212211647f1e5:16032,73527,b499dd9f96f63ade4a05d2985a5d3392afc2415cee9f7153ffed0858aa2128c7,reused_valid,0.0,2026-08-31T10:58:57.932932Z,2026-08-31T10:58:57.938429Z,,"{""asset_dir"": ""/mnt/zsn/lyb/arti-skill/exp/PartNet-Mobility/data/dataset/16032"", ""base_renderer"": {""path"": ""/mnt/zsn/lyb/arti-skill/exp/scripts/render_articraft10k_asset_blender.py"", ""sha256"": ""24669921702ddf11c9668e16692f3a4cb7e5b40e040e215a878b92cdd294fe22""}, ""camera_distance"": 3.7018431519267967, ""device"": ""OPTIX"", ""geometry"": {""mesh_visual_count"": 33, ""primitive_counts"": {""box"": 0, ""cylinder"": 0, ""sphere"": 0}}, ""material_policy"": ""native OBJ/MTL diffuse materials, forced opaque; neutral fallback"", ""materials"": 49, ""objects"": 33, ""output"": ""/mnt/zsn/lyb/arti-skill/exp/partnet_mobility_uniform_n5_studio_256_v1/Lamp/16032/imgs/000.png"", ""radius"": 1.1242559111380164, ""root_link"": ""base"", ""shared_renderer"": {""path"": ""/mnt/zsn/lyb/arti-skill/arti-template/scripts/render_exported_asset_blender.py"", ""sha256"": ""f418515a9817218b08d577d95983ec934c34ddf19f17bb89c73bf52aa60bb3a7""}, ""visuals"": 33}"
111,Laptop,10383,/mnt/zsn/lyb/arti-skill/exp/PartNet-Mobility/data/dataset/10383,10383,/mnt/zsn/lyb/arti-skill/exp/PartNet-Mobility/data/dataset/10383/mobility.urdf,10383/mobility.urdf,27701,34fd5bbb4e783327e4e73b7c0875e3a2b44523a9ede23067e7cc774af0cc56c2,250,19876695,9c61ec825715c8aaf864abb7085f2a0937fa9cf5045b6640a48665a0db4b3be5,6e352ab3013e68ecea93e7ab473800893292775065b8b1bb0ae243a7bc6a87d8,020edc693b9754ca3969c1396bd41dd0b40fbbb4391c827615e4fdb0fd13834e,True,/mnt/zsn/lyb/arti-skill/exp/partnet_mobility_uniform_n5_studio_256_v1/Laptop/10383/imgs/000.png,1232,partnet_mobility:Laptop:10383:1,22,22,Laptop,partnet_mobility,1,Laptop:1,020edc693b9754ca3969c1396bd41dd0b40fbbb4391c827615e4fdb0fd13834e:10383,75383,76a03b797d5d7dea29a755f660e80753560e66e74f48a3f7e094771164117eb0,reused_valid,0.0,2026-08-31T10:58:57.933795Z,2026-08-31T10:58:57.939276Z,,"{""asset_dir"": ""/mnt/zsn/lyb/arti-skill/exp/PartNet-Mobility/data/dataset/10383"", ""base_renderer"": {""path"": ""/mnt/zsn/lyb/arti-skill/exp/scripts/render_articraft10k_asset_blender.py"", ""sha256"": ""24669921702ddf11c9668e16692f3a4cb7e5b40e040e215a878b92cdd294fe22""}, ""camera_distance"": 3.3857114774387056, ""device"": ""OPTIX"", ""geometry"": {""mesh_visual_count"": 95, ""primitive_counts"": {""box"": 0, ""cylinder"": 0, ""sphere"": 0}}, ""material_policy"": ""native OBJ/MTL diffuse materials, forced opaque; neutral fallback"", ""materials"": 202, ""objects"": 95, ""output"": ""/mnt/zsn/lyb/arti-skill/exp/partnet_mobility_uniform_n5_studio_256_v1/Laptop/10383/imgs/000.png"", ""radius"": 1.0282461967458212, ""root_link"": ""base"", ""shared_renderer"": {""path"": ""/mnt/zsn/lyb/arti-skill/arti-template/scripts/render_exported_asset_blender.py"", ""sha256"": ""f418515a9817218b08d577d95983ec934c34ddf19f17bb89c73bf52aa60bb3a7""}, ""visuals"": 95}"
112,Laptop,10306,/mnt/zsn/lyb/arti-skill/exp/PartNet-Mobility/data/dataset/10306,10306,/mnt/zsn/lyb/arti-skill/exp/PartNet-Mobility/data/dataset/10306/mobility.urdf,10306/mobility.urdf,22692,796ca34651509c21b1b1292a593af894f98748104961dc7bb8169008181d21ac,219,5326484,f9ec4f91c243892b379a2f5d3e44ea1c19098a490f59b2d4dbe71dd2c3fe88e9,e0983b975094f655d5e252f0d496f0a7c1736a3c8c848c7b941dbbf697987c0e,0680e388fc5bfaa7161d842630086b2b49b6d4d48c6ff9c402c409bba72f9192,False,/mnt/zsn/lyb/arti-skill/exp/partnet_mobility_uniform_n5_studio_256_v1/Laptop/10306/imgs/000.png,1000,partnet_mobility:Laptop:10306:2,22,22,Laptop,partnet_mobility,2,Laptop:2,0680e388fc5bfaa7161d842630086b2b49b6d4d48c6ff9c402c409bba72f9192:10306,78408,ff1981efde09101820f3c3c3ed0c7b3de9bc43fcbe20de130d19bbcacdfc3e86,reused_valid,0.0,2026-08-31T10:58:57.937694Z,2026-08-31T10:58:57.943466Z,,"{""asset_dir"": ""/mnt/zsn/lyb/arti-skill/exp/PartNet-Mobility/data/dataset/10306"", ""base_renderer"": {""path"": ""/mnt/zsn/lyb/arti-skill/exp/scripts/render_articraft10k_asset_blender.py"", ""sha256"": ""24669921702ddf11c9668e16692f3a4cb7e5b40e040e215a878b92cdd294fe22""}, ""camera_distance"": 3.1303118233955685, ""device"": ""OPTIX"", ""geometry"": {""mesh_visual_count"": 78, ""primitive_counts"": {""box"": 0, ""cylinder"": 0, ""sphere"": 0}}, ""material_policy"": ""native OBJ/MTL diffuse materials, forced opaque; neutral fallback"", ""materials"": 157, ""objects"": 78, ""output"": ""/mnt/zsn/lyb/arti-skill/exp/partnet_mobility_uniform_n5_studio_256_v1/Laptop/10306/imgs/000.png"", ""radius"": 0.950680897791664, ""root_link"": ""base"", ""shared_renderer"": {""path"": ""/mnt/zsn/lyb/arti-skill/arti-template/scripts/render_exported_asset_blender.py"", ""sha256"": ""f418515a9817218b08d577d95983ec934c34ddf19f17bb89c73bf52aa60bb3a7""}, ""visuals"": 78}"
113,Laptop,10270,/mnt/zsn/lyb/arti-skill/exp/PartNet-Mobility/data/dataset/10270,10270,/mnt/zsn/lyb/arti-skill/exp/PartNet-Mobility/data/dataset/10270/mobility.urdf,10270/mobility.urdf,29495,83c03be83026e95775a05158ac9cb4f7ce9ab86494ba3a62e9e47882830a04f3,256,4299525,084028b6bd59f2b44b7c0c83889cc6f1f6d8e74283445258613176b8c379d80d,eac19208f375f44ced3b9b1cbfa81c618dab2365daeb1161eb86ae6e9ce8a9b0,08494e72f5bf74296af076dfb7ef2eb47660ba2cfaf3bf9de4b107941e83f074,False,/mnt/zsn/lyb/arti-skill/exp/partnet_mobility_uniform_n5_studio_256_v1/Laptop/10270/imgs/000.png,861,partnet_mobility:Laptop:10270:3,22,22,Laptop,partnet_mobility,3,Laptop:3,08494e72f5bf74296af076dfb7ef2eb47660ba2cfaf3bf9de4b107941e83f074:10270,73889,3aeb85e3ac2f8f8f2fdffe591aaafd6b3dadcb6f0b704af82eee8c58845f2113,reused_valid,0.0,2026-08-31T10:58:57.938460Z,2026-08-31T10:58:57.943909Z,,"{""asset_dir"": ""/mnt/zsn/lyb/arti-skill/exp/PartNet-Mobility/data/dataset/10270"", ""base_renderer"": {""path"": ""/mnt/zsn/lyb/arti-skill/exp/scripts/render_articraft10k_asset_blender.py"", ""sha256"": ""24669921702ddf11c9668e16692f3a4cb7e5b40e040e215a878b92cdd294fe22""}, ""camera_distance"": 3.2727962584513435, ""device"": ""OPTIX"", ""geometry"": {""mesh_visual_count"": 98, ""primitive_counts"": {""box"": 0, ""cylinder"": 0, ""sphere"": 0}}, ""material_policy"": ""native OBJ/MTL diffuse materials, forced opaque; neutral fallback"", ""materials"": 116, ""objects"": 98, ""output"": ""/mnt/zsn/lyb/arti-skill/exp/partnet_mobility_uniform_n5_studio_256_v1/Laptop/10270/imgs/000.png"", ""radius"": 0.9939536572745281, ""root_link"": ""base"", ""shared_renderer"": {""path"": ""/mnt/zsn/lyb/arti-skill/arti-template/scripts/render_exported_asset_blender.py"", ""sha256"": ""f418515a9817218b08d577d95983ec934c34ddf19f17bb89c73bf52aa60bb3a7""}, ""visuals"": 98}"
114,Laptop,9968,/mnt/zsn/lyb/arti-skill/exp/PartNet-Mobility/data/dataset/9968,9968,/mnt/zsn/lyb/arti-skill/exp/PartNet-Mobility/data/dataset/9968/mobility.urdf,9968/mobility.urdf,65125,96fb142f1bd18644cef657bbfcbb229425c7ae5d7e86fb1eecb6555c1f860d60,511,4514387,1c52dfa64a0a5280a9459f285fa72425bfe974532b07474d6cd6f6f3ebc18ad6,99599c17dc4a65ce0fd10c73e2b20a75e7734c356290c6fd7bfc71c55d29c4ff,0b6b2a784da2f04ac816130c772789c49623a02816c9ba1bfb993f0fa52873fb,False,/mnt/zsn/lyb/arti-skill/exp/partnet_mobility_uniform_n5_studio_256_v1/Laptop/9968/imgs/000.png,2343,partnet_mobility:Laptop:9968:4,22,22,Laptop,partnet_mobility,4,Laptop:4,0b6b2a784da2f04ac816130c772789c49623a02816c9ba1bfb993f0fa52873fb:9968,82030,c5b431f2861219d05b6ff20192a03a18bc9cd1418fd33333d48f72f1c7b002ae,reused_valid,0.0,2026-08-31T10:58:57.939309Z,2026-08-31T10:58:57.944859Z,,"{""asset_dir"": ""/mnt/zsn/lyb/arti-skill/exp/PartNet-Mobility/data/dataset/9968"", ""base_renderer"": {""path"": ""/mnt/zsn/lyb/arti-skill/exp/scripts/render_articraft10k_asset_blender.py"", ""sha256"": ""24669921702ddf11c9668e16692f3a4cb7e5b40e040e215a878b92cdd294fe22""}, ""camera_distance"": 3.094953055330251, ""device"": ""OPTIX"", ""geometry"": {""mesh_visual_count"": 225, ""primitive_counts"": {""box"": 0, ""cylinder"": 0, ""sphere"": 0}}, ""material_policy"": ""native OBJ/MTL diffuse materials, forced opaque; neutral fallback"", ""materials"": 253, ""objects"": 225, ""output"": ""/mnt/zsn/lyb/arti-skill/exp/partnet_mobility_uniform_n5_studio_256_v1/Laptop/9968/imgs/000.png"", ""radius"": 0.9399423812266656, ""root_link"": ""base"", ""shared_renderer"": {""path"": ""/mnt/zsn/lyb/arti-skill/arti-template/scripts/render_exported_asset_blender.py"", ""sha256"": ""f418515a9817218b08d577d95983ec934c34ddf19f17bb89c73bf52aa60bb3a7""}, ""visuals"": 225}"
115,Laptop,9992,/mnt/zsn/lyb/arti-skill/exp/PartNet-Mobility/data/dataset/9992,9992,/mnt/zsn/lyb/arti-skill/exp/PartNet-Mobility/data/dataset/9992/mobility.urdf,9992/mobility.urdf,19631,d1cf65bb8540aa01ee1ddc7ae0bb401118868a6598f4788de6dc27637a0589a9,190,6437448,095cc97cbb8e54460ace37247f61b2538032c7c287c9f876e87693af7b6a86e0,69ca8a0d15c29d8e776fd5f9f97cd62c9a51ab92e35ea2e8bac0d9f630ae5d2d,1847156f43b87388d1e03aad1441dbc7a0338d9ec6b562cdca8d1c8974e8080f,False,/mnt/zsn/lyb/arti-skill/exp/partnet_mobility_uniform_n5_studio_256_v1/Laptop/9992/imgs/000.png,2345,partnet_mobility:Laptop:9992:5,22,22,Laptop,partnet_mobility,5,Laptop:5,1847156f43b87388d1e03aad1441dbc7a0338d9ec6b562cdca8d1c8974e8080f:9992,78785,17d83e4ddd79cd5fa0b4147e58bcaf7f6c930b91030f93ab97a39bdeceab3aac,reused_valid,0.0,2026-08-31T10:58:57.943495Z,2026-08-31T10:58:57.949144Z,,"{""asset_dir"": ""/mnt/zsn/lyb/arti-skill/exp/PartNet-Mobility/data/dataset/9992"", ""base_renderer"": {""path"": ""/mnt/zsn/lyb/arti-skill/exp/scripts/render_articraft10k_asset_blender.py"", ""sha256"": ""24669921702ddf11c9668e16692f3a4cb7e5b40e040e215a878b92cdd294fe22""}, ""camera_distance"": 3.253073061163693, ""device"": ""OPTIX"", ""geometry"": {""mesh_visual_count"": 65, ""primitive_counts"": {""box"": 0, ""cylinder"": 0, ""sphere"": 0}}, ""material_policy"": ""native OBJ/MTL diffuse materials, forced opaque; neutral fallback"", ""materials"": 199, ""objects"": 65, ""output"": ""/mnt/zsn/lyb/arti-skill/exp/partnet_mobility_uniform_n5_studio_256_v1/Laptop/9992/imgs/000.png"", ""radius"": 0.987963689513295, ""root_link"": ""base"", ""shared_renderer"": {""path"": ""/mnt/zsn/lyb/arti-skill/arti-template/scripts/render_exported_asset_blender.py"", ""sha256"": ""f418515a9817218b08d577d95983ec934c34ddf19f17bb89c73bf52aa60bb3a7""}, ""visuals"": 65}"
116,Lighter,100319,/mnt/zsn/lyb/arti-skill/exp/PartNet-Mobility/data/dataset/100319,100319,/mnt/zsn/lyb/arti-skill/exp/PartNet-Mobility/data/dataset/100319/mobility.urdf,100319/mobility.urdf,1840,375d7261dd19a5f2108529671a5533f54e9afda9d603bf4c67beba6e8d2783a7,17,234841,554e608b7b4c7c2165728be3142e461e6b670c86f0af8a138fec5cab7b70dbd4,468ffe88e1b3749dbefe7c01265789e83e104b838c715d6e7cb143203e771cdd,006cf29f5da7146bc6bf2f415d23705af2ccd72351ad0ba57d00eb86ab2361f8,True,/mnt/zsn/lyb/arti-skill/exp/partnet_mobility_uniform_n5_studio_256_v1/Lighter/100319/imgs/000.png,92,partnet_mobility:Lighter:100319:1,23,23,Lighter,partnet_mobility,1,Lighter:1,006cf29f5da7146bc6bf2f415d23705af2ccd72351ad0ba57d00eb86ab2361f8:100319,86800,83b1356412e27bd94fe65112e45486d76ef488000efddc16b15e60b4b8de0cbc,reused_valid,0.0,2026-08-31T10:58:57.943945Z,2026-08-31T10:58:57.949511Z,,"{""asset_dir"": ""/mnt/zsn/lyb/arti-skill/exp/PartNet-Mobility/data/dataset/100319"", ""base_renderer"": {""path"": ""/mnt/zsn/lyb/arti-skill/exp/scripts/render_articraft10k_asset_blender.py"", ""sha256"": ""24669921702ddf11c9668e16692f3a4cb7e5b40e040e215a878b92cdd294fe22""}, ""camera_distance"": 3.377308567542718, ""device"": ""OPTIX"", ""geometry"": {""mesh_visual_count"": 3, ""primitive_counts"": {""box"": 0, ""cylinder"": 0, ""sphere"": 0}}, ""material_policy"": ""native OBJ/MTL diffuse materials, forced opaque; neutral fallback"", ""materials"": 7, ""objects"": 3, ""output"": ""/mnt/zsn/lyb/arti-skill/exp/partnet_mobility_uniform_n5_studio_256_v1/Lighter/100319/imgs/000.png"", ""radius"": 1.0256942190596765, ""root_link"": ""base"", ""shared_renderer"": {""path"": ""/mnt/zsn/lyb/arti-skill/arti-template/scripts/render_exported_asset_blender.py"", ""sha256"": ""f418515a9817218b08d577d95983ec934c34ddf19f17bb89c73bf52aa60bb3a7""}, ""visuals"": 3}"
117,Lighter,100350,/mnt/zsn/lyb/arti-skill/exp/PartNet-Mobility/data/dataset/100350,100350,/mnt/zsn/lyb/arti-skill/exp/PartNet-Mobility/data/dataset/100350/mobility.urdf,100350/mobility.urdf,22384,71eb24ce58449c41f0e0360bdd4d1713f8424bae2172c1c7dd77c5be62f2d2ec,155,1147484,35d68594304b3e4df12a8586189fa77df3b8c86de9e22f43c2e2b151b0294036,37312d163fcbd842a2eaecbffd03f083f76e70679b4a21d39b231c52ca4571f7,0edfdd5470e604a3eb41d9713be4c0e737752aad0439ddf733cb09902d2b8710,False,/mnt/zsn/lyb/arti-skill/exp/partnet_mobility_uniform_n5_studio_256_v1/Lighter/100350/imgs/000.png,101,partnet_mobility:Lighter:100350:2,23,23,Lighter,partnet_mobility,2,Lighter:2,0edfdd5470e604a3eb41d9713be4c0e737752aad0439ddf733cb09902d2b8710:100350,87171,c2212b95a242390f0dec8c77de945cc90dcf6007abe1f55fc7811873590df037,reused_valid,0.0,2026-08-31T10:58:57.944885Z,2026-08-31T10:58:57.951410Z,,"{""asset_dir"": ""/mnt/zsn/lyb/arti-skill/exp/PartNet-Mobility/data/dataset/100350"", ""base_renderer"": {""path"": ""/mnt/zsn/lyb/arti-skill/exp/scripts/render_articraft10k_asset_blender.py"", ""sha256"": ""24669921702ddf11c9668e16692f3a4cb7e5b40e040e215a878b92cdd294fe22""}, ""camera_distance"": 3.099939470212173, ""device"": ""OPTIX"", ""geometry"": {""mesh_visual_count"": 73, ""primitive_counts"": {""box"": 0, ""cylinder"": 0, ""sphere"": 0}}, ""material_policy"": ""native OBJ/MTL diffuse materials, forced opaque; neutral fallback"", ""materials"": 109, ""objects"": 73, ""output"": ""/mnt/zsn/lyb/arti-skill/exp/partnet_mobility_uniform_n5_studio_256_v1/Lighter/100350/imgs/000.png"", ""radius"": 0.9414567637048833, ""root_link"": ""base"", ""shared_renderer"": {""path"": ""/mnt/zsn/lyb/arti-skill/arti-template/scripts/render_exported_asset_blender.py"", ""sha256"": ""f418515a9817218b08d577d95983ec934c34ddf19f17bb89c73bf52aa60bb3a7""}, ""visuals"": 73}"
118,Lighter,103516,/mnt/zsn/lyb/arti-skill/exp/PartNet-Mobility/data/dataset/103516,103516,/mnt/zsn/lyb/arti-skill/exp/PartNet-Mobility/data/dataset/103516/mobility.urdf,103516/mobility.urdf,37995,1c4cb8ffbe833205dd93621925ee7b398a82936d989e463dd8d307ed6f9ce765,264,9769630,cf78654f02a8d0125eec837f5057704ac38789f51262ef50391d96a539771ee9,bf5294f67394b4fadce80eded5510f83c7a848f05861c27cfab327adaaeb2140,16cc5c8171a303f55e747a891d1e042b2893967c46d4818c36df76641d61481e,False,/mnt/zsn/lyb/arti-skill/exp/partnet_mobility_uniform_n5_studio_256_v1/Lighter/103516/imgs/000.png,1169,partnet_mobility:Lighter:103516:3,23,23,Lighter,partnet_mobility,3,Lighter:3,16cc5c8171a303f55e747a891d1e042b2893967c46d4818c36df76641d61481e:103516,78415,d3912f4d39c628c032c736d7c3c913a3b0f237101968a421abba9ac4738d7aaf,reused_valid,0.0,2026-08-31T10:58:57.949174Z,2026-08-31T10:58:57.954649Z,,"{""asset_dir"": ""/mnt/zsn/lyb/arti-skill/exp/PartNet-Mobility/data/dataset/103516"", ""base_renderer"": {""path"": ""/mnt/zsn/lyb/arti-skill/exp/scripts/render_articraft10k_asset_blender.py"", ""sha256"": ""24669921702ddf11c9668e16692f3a4cb7e5b40e040e215a878b92cdd294fe22""}, ""camera_distance"": 3.471450787278707, ""device"": ""OPTIX"", ""geometry"": {""mesh_visual_count"": 128, ""primitive_counts"": {""box"": 0, ""cylinder"": 0, ""sphere"": 0}}, ""material_policy"": ""native OBJ/MTL diffuse materials, forced opaque; neutral fallback"", ""materials"": 143, ""objects"": 128, ""output"": ""/mnt/zsn/lyb/arti-skill/exp/partnet_mobility_uniform_n5_studio_256_v1/Lighter/103516/imgs/000.png"", ""radius"": 1.054285367490898, ""root_link"": ""base"", ""shared_renderer"": {""path"": ""/mnt/zsn/lyb/arti-skill/arti-template/scripts/render_exported_asset_blender.py"", ""sha256"": ""f418515a9817218b08d577d95983ec934c34ddf19f17bb89c73bf52aa60bb3a7""}, ""visuals"": 128}"
119,Lighter,100294,/mnt/zsn/lyb/arti-skill/exp/PartNet-Mobility/data/dataset/100294,100294,/mnt/zsn/lyb/arti-skill/exp/PartNet-Mobility/data/dataset/100294/mobility.urdf,100294/mobility.urdf,1839,31a07a90c92c9af92a65991e29c613772092f27069be041da20a484244ad2a55,14,906169,fff4daf713990fcb1e18c282125fc223fe3b1d12d0493b758fddf3e50a382cac,8019382bd18da20bff1ba81ad52e8ddb3059d6644807265d80525e61a3185cc2,16de83e973f0c9b15f3ff280a51432f22dd6d7a6d9ceb6401599ebafc7f56bff,False,/mnt/zsn/lyb/arti-skill/exp/partnet_mobility_uniform_n5_studio_256_v1/Lighter/100294/imgs/000.png,84,partnet_mobility:Lighter:100294:4,23,23,Lighter,partnet_mobility,4,Lighter:4,16de83e973f0c9b15f3ff280a51432f22dd6d7a6d9ceb6401599ebafc7f56bff:100294,72193,217d9c4500a9709ac41d0af1ca5500f661f4f3ab46460c885766f218eb99e866,reused_valid,0.0,2026-08-31T10:58:57.949581Z,2026-08-31T10:58:57.955001Z,,"{""asset_dir"": ""/mnt/zsn/lyb/arti-skill/exp/PartNet-Mobility/data/dataset/100294"", ""base_renderer"": {""path"": ""/mnt/zsn/lyb/arti-skill/exp/scripts/render_articraft10k_asset_blender.py"", ""sha256"": ""24669921702ddf11c9668e16692f3a4cb7e5b40e040e215a878b92cdd294fe22""}, ""camera_distance"": 3.3236254896803614, ""device"": ""OPTIX"", ""geometry"": {""mesh_visual_count"": 3, ""primitive_counts"": {""box"": 0, ""cylinder"": 0, ""sphere"": 0}}, ""material_policy"": ""native OBJ/MTL diffuse materials, forced opaque; neutral fallback"", ""materials"": 12, ""objects"": 3, ""output"": ""/mnt/zsn/lyb/arti-skill/exp/partnet_mobility_uniform_n5_studio_256_v1/Lighter/100294/imgs/000.png"", ""radius"": 1.009390579186814, ""root_link"": ""base"", ""shared_renderer"": {""path"": ""/mnt/zsn/lyb/arti-skill/arti-template/scripts/render_exported_asset_blender.py"", ""sha256"": ""f418515a9817218b08d577d95983ec934c34ddf19f17bb89c73bf52aa60bb3a7""}, ""visuals"": 3}"
120,Lighter,100330,/mnt/zsn/lyb/arti-skill/exp/PartNet-Mobility/data/dataset/100330,100330,/mnt/zsn/lyb/arti-skill/exp/PartNet-Mobility/data/dataset/100330/mobility.urdf,100330/mobility.urdf,8776,d56d50d81664a304202ce88e0a3a9ff43a0e60357020f92db4918cdebb3bb199,68,4772622,b6a600c311c04827a09bb65f38fe85a206092fa2fb49963ab3815e058f29eeb9,aae15cbacea1f00ee06f7ffb2cd68ce4dc6c7dea9f79f528f89153eff4a81658,19df1be502e0d12e5a6369dfc2ec3a898d15fddd8681db77cefa1474f3cddcdd,False,/mnt/zsn/lyb/arti-skill/exp/partnet_mobility_uniform_n5_studio_256_v1/Lighter/100330/imgs/000.png,95,partnet_mobility:Lighter:100330:5,23,23,Lighter,partnet_mobility,5,Lighter:5,19df1be502e0d12e5a6369dfc2ec3a898d15fddd8681db77cefa1474f3cddcdd:100330,69398,e6f55cb6491edaefb736f34a646427b5ffabbb344c95135a9414926aedace4d1,reused_valid,0.0,2026-08-31T10:58:57.951445Z,2026-08-31T10:58:57.956816Z,,"{""asset_dir"": ""/mnt/zsn/lyb/arti-skill/exp/PartNet-Mobility/data/dataset/100330"", ""base_renderer"": {""path"": ""/mnt/zsn/lyb/arti-skill/exp/scripts/render_articraft10k_asset_blender.py"", ""sha256"": ""24669921702ddf11c9668e16692f3a4cb7e5b40e040e215a878b92cdd294fe22""}, ""camera_distance"": 3.3291094655438913, ""device"": ""OPTIX"", ""geometry"": {""mesh_visual_count"": 29, ""primitive_counts"": {""box"": 0, ""cylinder"": 0, ""sphere"": 0}}, ""material_policy"": ""native OBJ/MTL diffuse materials, forced opaque; neutral fallback"", ""materials"": 42, ""objects"": 29, ""output"": ""/mnt/zsn/lyb/arti-skill/exp/partnet_mobility_uniform_n5_studio_256_v1/Lighter/100330/imgs/000.png"", ""radius"": 1.0110560717612098, ""root_link"": ""base"", ""shared_renderer"": {""path"": ""/mnt/zsn/lyb/arti-skill/arti-template/scripts/render_exported_asset_blender.py"", ""sha256"": ""f418515a9817218b08d577d95983ec934c34ddf19f17bb89c73bf52aa60bb3a7""}, ""visuals"": 29}"
121,Microwave,7167,/mnt/zsn/lyb/arti-skill/exp/PartNet-Mobility/data/dataset/7167,7167,/mnt/zsn/lyb/arti-skill/exp/PartNet-Mobility/data/dataset/7167/mobility.urdf,7167/mobility.urdf,5403,99a142371cbcfe78e9ba6442fb1be560e84973e94868786ceae88101cd424d31,103,4145011,cc28c862f80137feca2eed1a76b0bcb9e6df60c7704e34a6ca7a5faa633a4d45,fbf93d0aaa0779fee803b996e62af3d6ecfd474e2fed6159eecc1ddcb9992dd7,092f9c63081260484a3484957e476c71551b7f5fe1e9026a85661c55f88a6a60,True,/mnt/zsn/lyb/arti-skill/exp/partnet_mobility_uniform_n5_studio_256_v1/Microwave/7167/imgs/000.png,2264,partnet_mobility:Microwave:7167:1,24,24,Microwave,partnet_mobility,1,Microwave:1,092f9c63081260484a3484957e476c71551b7f5fe1e9026a85661c55f88a6a60:7167,74433,671059b8c4136ffd622db73cebd2fd8a969047681f054d9cca304a7122edfe8d,reused_valid,0.0,2026-08-31T10:58:57.954698Z,2026-08-31T10:58:57.960204Z,,"{""asset_dir"": ""/mnt/zsn/lyb/arti-skill/exp/PartNet-Mobility/data/dataset/7167"", ""base_renderer"": {""path"": ""/mnt/zsn/lyb/arti-skill/exp/scripts/render_articraft10k_asset_blender.py"", ""sha256"": ""24669921702ddf11c9668e16692f3a4cb7e5b40e040e215a878b92cdd294fe22""}, ""camera_distance"": 3.57867424663398, ""device"": ""OPTIX"", ""geometry"": {""mesh_visual_count"": 13, ""primitive_counts"": {""box"": 0, ""cylinder"": 0, ""sphere"": 0}}, ""material_policy"": ""native OBJ/MTL diffuse materials, forced opaque; neutral fallback"", ""materials"": 33, ""objects"": 13, ""output"": ""/mnt/zsn/lyb/arti-skill/exp/partnet_mobility_uniform_n5_studio_256_v1/Microwave/7167/imgs/000.png"", ""radius"": 1.0868493101123158, ""root_link"": ""base"", ""shared_renderer"": {""path"": ""/mnt/zsn/lyb/arti-skill/arti-template/scripts/render_exported_asset_blender.py"", ""sha256"": ""f418515a9817218b08d577d95983ec934c34ddf19f17bb89c73bf52aa60bb3a7""}, ""visuals"": 13}"
122,Microwave,7366,/mnt/zsn/lyb/arti-skill/exp/PartNet-Mobility/data/dataset/7366,7366,/mnt/zsn/lyb/arti-skill/exp/PartNet-Mobility/data/dataset/7366/mobility.urdf,7366/mobility.urdf,15197,e034434c0aafc6e0562109a197e40de2728b4bff5fb9b621e8e706fa65fe7dfd,145,4085866,93e825bbcb033b7a751cc6ba66fe2ccc6b35460251ca558db2bad1e6a6da5b09,ab9da29d608ac3f8fadf04bf71d24f1eaca7602e2e5fbf22052bdcf902e45af5,1503dad2817e57a90fb386274b241871003b7054bb9533aa7f1bfca2b2d8a5c1,False,/mnt/zsn/lyb/arti-skill/exp/partnet_mobility_uniform_n5_studio_256_v1/Microwave/7366/imgs/000.png,2285,partnet_mobility:Microwave:7366:2,24,24,Microwave,partnet_mobility,2,Microwave:2,1503dad2817e57a90fb386274b241871003b7054bb9533aa7f1bfca2b2d8a5c1:7366,72569,c4d3e539c3e81054812940cb330575c6d86f3cfcc999ca5bc67654526eee3651,reused_valid,0.0,2026-08-31T10:58:57.955034Z,2026-08-31T10:58:57.960860Z,,"{""asset_dir"": ""/mnt/zsn/lyb/arti-skill/exp/PartNet-Mobility/data/dataset/7366"", ""base_renderer"": {""path"": ""/mnt/zsn/lyb/arti-skill/exp/scripts/render_articraft10k_asset_blender.py"", ""sha256"": ""24669921702ddf11c9668e16692f3a4cb7e5b40e040e215a878b92cdd294fe22""}, ""camera_distance"": 3.4264546988777314, ""device"": ""OPTIX"", ""geometry"": {""mesh_visual_count"": 45, ""primitive_counts"": {""box"": 0, ""cylinder"": 0, ""sphere"": 0}}, ""material_policy"": ""native OBJ/MTL diffuse materials, forced opaque; neutral fallback"", ""materials"": 57, ""objects"": 45, ""output"": ""/mnt/zsn/lyb/arti-skill/exp/partnet_mobility_uniform_n5_studio_256_v1/Microwave/7366/imgs/000.png"", ""radius"": 1.0406199807398264, ""root_link"": ""base"", ""shared_renderer"": {""path"": ""/mnt/zsn/lyb/arti-skill/arti-template/scripts/render_exported_asset_blender.py"", ""sha256"": ""f418515a9817218b08d577d95983ec934c34ddf19f17bb89c73bf52aa60bb3a7""}, ""visuals"": 45}"
123,Microwave,7128,/mnt/zsn/lyb/arti-skill/exp/PartNet-Mobility/data/dataset/7128,7128,/mnt/zsn/lyb/arti-skill/exp/PartNet-Mobility/data/dataset/7128/mobility.urdf,7128/mobility.urdf,12380,f4aae28352bab3abe4d0cbfbbade2aa82ac8d5dc616a86bf8d14726f4621a212,126,5848516,a4963dc5b219acf2efb5d4ee12eb7af35a6512fb0d1e5b61ea743f7b6bef9317,728efdf745b05094615bdd049408b3b59c873b2c59be8dfbc8dd1d46a0afcd37,2e2195595695ad1b86da7180e2921842c9434740987dcfec23c51c0506acc3b3,False,/mnt/zsn/lyb/arti-skill/exp/partnet_mobility_uniform_n5_studio_256_v1/Microwave/7128/imgs/000.png,2261,partnet_mobility:Microwave:7128:3,24,24,Microwave,partnet_mobility,3,Microwave:3,2e2195595695ad1b86da7180e2921842c9434740987dcfec23c51c0506acc3b3:7128,77363,1ffdd71c82b3df506ec8925755f679207b314a45da6b49a9bb8cef77dcc54f57,reused_valid,0.0,2026-08-31T10:58:57.956856Z,2026-08-31T10:58:57.962785Z,,"{""asset_dir"": ""/mnt/zsn/lyb/arti-skill/exp/PartNet-Mobility/data/dataset/7128"", ""base_renderer"": {""path"": ""/mnt/zsn/lyb/arti-skill/exp/scripts/render_articraft10k_asset_blender.py"", ""sha256"": ""24669921702ddf11c9668e16692f3a4cb7e5b40e040e215a878b92cdd294fe22""}, ""camera_distance"": 3.2750542590567053, ""device"": ""OPTIX"", ""geometry"": {""mesh_visual_count"": 32, ""primitive_counts"": {""box"": 0, ""cylinder"": 0, ""sphere"": 0}}, ""material_policy"": ""native OBJ/MTL diffuse materials, forced opaque; neutral fallback"", ""materials"": 39, ""objects"": 32, ""output"": ""/mnt/zsn/lyb/arti-skill/exp/partnet_mobility_uniform_n5_studio_256_v1/Microwave/7128/imgs/000.png"", ""radius"": 0.9946394158071689, ""root_link"": ""base"", ""shared_renderer"": {""path"": ""/mnt/zsn/lyb/arti-skill/arti-template/scripts/render_exported_asset_blender.py"", ""sha256"": ""f418515a9817218b08d577d95983ec934c34ddf19f17bb89c73bf52aa60bb3a7""}, ""visuals"": 32}"
124,Microwave,7119,/mnt/zsn/lyb/arti-skill/exp/PartNet-Mobility/data/dataset/7119,7119,/mnt/zsn/lyb/arti-skill/exp/PartNet-Mobility/data/dataset/7119/mobility.urdf,7119/mobility.urdf,20553,803b83d8b6daa0d221411e0c3c71d6ff374eb3469b8c8eaa46806801adce4883,187,3737807,04ae484e72deb81159041e0af454a6e56f2a8181c2505a2b86ac7aa4716c8c91,63a2f139a1a8b2fc03ab93e05981581de1c3deb183ed191cedef97fe12bd3eda,46d4b8ad705c555d8f4e8191b5c54a489818548f3157151a9abba25d7fa93e87,False,/mnt/zsn/lyb/arti-skill/exp/partnet_mobility_uniform_n5_studio_256_v1/Microwave/7119/imgs/000.png,2259,partnet_mobility:Microwave:7119:4,24,24,Microwave,partnet_mobility,4,Microwave:4,46d4b8ad705c555d8f4e8191b5c54a489818548f3157151a9abba25d7fa93e87:7119,71975,28c5d1d1c99d8c30218b4717cac4a2d2886e6fabaa60a6d8bf1d5aa86dbe44a3,reused_valid,0.0,2026-08-31T10:58:57.960237Z,2026-08-31T10:58:57.966503Z,,"{""asset_dir"": ""/mnt/zsn/lyb/arti-skill/exp/PartNet-Mobility/data/dataset/7119"", ""base_renderer"": {""path"": ""/mnt/zsn/lyb/arti-skill/exp/scripts/render_articraft10k_asset_blender.py"", ""sha256"": ""24669921702ddf11c9668e16692f3a4cb7e5b40e040e215a878b92cdd294fe22""}, ""camera_distance"": 3.3901463768884015, ""device"": ""OPTIX"", ""geometry"": {""mesh_visual_count"": 54, ""primitive_counts"": {""box"": 0, ""cylinder"": 0, ""sphere"": 0}}, ""material_policy"": ""native OBJ/MTL diffuse materials, forced opaque; neutral fallback"", ""materials"": 57, ""objects"": 54, ""output"": ""/mnt/zsn/lyb/arti-skill/exp/partnet_mobility_uniform_n5_studio_256_v1/Microwave/7119/imgs/000.png"", ""radius"": 1.0295930830716309, ""root_link"": ""base"", ""shared_renderer"": {""path"": ""/mnt/zsn/lyb/arti-skill/arti-template/scripts/render_exported_asset_blender.py"", ""sha256"": ""f418515a9817218b08d577d95983ec934c34ddf19f17bb89c73bf52aa60bb3a7""}, ""visuals"": 54}"
125,Microwave,7273,/mnt/zsn/lyb/arti-skill/exp/PartNet-Mobility/data/dataset/7273,7273,/mnt/zsn/lyb/arti-skill/exp/PartNet-Mobility/data/dataset/7273/mobility.urdf,7273/mobility.urdf,6973,bd9422f289ca67ca669200cd311127be2e032814066d5b1c2fc288f22f24ed0d,101,3868491,7a925cf0c8814811031ab1545fed637547b008475f8390cf2aabb5acff1f98c7,ce79ff6d4727d1447f010609e62f1c7302d52602b0f9913e2f950d00dd77f739,53f66b6783cb7552d83015df01b0d5229569fce1dd7d1856335c7244b9a3ded6,False,/mnt/zsn/lyb/arti-skill/exp/partnet_mobility_uniform_n5_studio_256_v1/Microwave/7273/imgs/000.png,2274,partnet_mobility:Microwave:7273:5,24,24,Microwave,partnet_mobility,5,Microwave:5,53f66b6783cb7552d83015df01b0d5229569fce1dd7d1856335c7244b9a3ded6:7273,71573,be206c9a7e4a8366ffd7d18cbba2666c45b5580c5cade634e0ebef60c6576a68,reused_valid,0.0,2026-08-31T10:58:57.960896Z,2026-08-31T10:58:57.966981Z,,"{""asset_dir"": ""/mnt/zsn/lyb/arti-skill/exp/PartNet-Mobility/data/dataset/7273"", ""base_renderer"": {""path"": ""/mnt/zsn/lyb/arti-skill/exp/scripts/render_articraft10k_asset_blender.py"", ""sha256"": ""24669921702ddf11c9668e16692f3a4cb7e5b40e040e215a878b92cdd294fe22""}, ""camera_distance"": 3.427692018929204, ""device"": ""OPTIX"", ""geometry"": {""mesh_visual_count"": 18, ""primitive_counts"": {""box"": 0, ""cylinder"": 0, ""sphere"": 0}}, ""material_policy"": ""native OBJ/MTL diffuse materials, forced opaque; neutral fallback"", ""materials"": 20, ""objects"": 18, ""output"": ""/mnt/zsn/lyb/arti-skill/exp/partnet_mobility_uniform_n5_studio_256_v1/Microwave/7273/imgs/000.png"", ""radius"": 1.04099575689369, ""root_link"": ""base"", ""shared_renderer"": {""path"": ""/mnt/zsn/lyb/arti-skill/arti-template/scripts/render_exported_asset_blender.py"", ""sha256"": ""f418515a9817218b08d577d95983ec934c34ddf19f17bb89c73bf52aa60bb3a7""}, ""visuals"": 18}"
126,Mouse,101416,/mnt/zsn/lyb/arti-skill/exp/PartNet-Mobility/data/dataset/101416,101416,/mnt/zsn/lyb/arti-skill/exp/PartNet-Mobility/data/dataset/101416/mobility.urdf,101416/mobility.urdf,6585,6223c5cc913ac5e02db7517e0c733d9535865d36ab56bdd619a5087891b52ffe,43,1278262,f099f7f9e4384a5a180b93be7dd20bebd36104e054e8c1d85968d3ce819a4f3c,fbb3c46981a18d9a309beb7410554fd4ee27beec7767997327d74e33e958b971,177242631d082f87c4941ac5d74cb351859b33871295c5d31b975ba7d4596f8a,True,/mnt/zsn/lyb/arti-skill/exp/partnet_mobility_uniform_n5_studio_256_v1/Mouse/101416/imgs/000.png,464,partnet_mobility:Mouse:101416:1,25,25,Mouse,partnet_mobility,1,Mouse:1,177242631d082f87c4941ac5d74cb351859b33871295c5d31b975ba7d4596f8a:101416,70507,82a89c0b3ce32c041c146681fa51658e19acaecb2a934670512164c070426566,reused_valid,0.0,2026-08-31T10:58:57.962820Z,2026-08-31T10:58:57.967755Z,,"{""asset_dir"": ""/mnt/zsn/lyb/arti-skill/exp/PartNet-Mobility/data/dataset/101416"", ""base_renderer"": {""path"": ""/mnt/zsn/lyb/arti-skill/exp/scripts/render_articraft10k_asset_blender.py"", ""sha256"": ""24669921702ddf11c9668e16692f3a4cb7e5b40e040e215a878b92cdd294fe22""}, ""camera_distance"": 2.3934752125960177, ""device"": ""OPTIX"", ""geometry"": {""mesh_visual_count"": 18, ""primitive_counts"": {""box"": 0, ""cylinder"": 0, ""sphere"": 0}}, ""material_policy"": ""native OBJ/MTL diffuse materials, forced opaque; neutral fallback"", ""materials"": 32, ""objects"": 18, ""output"": ""/mnt/zsn/lyb/arti-skill/exp/partnet_mobility_uniform_n5_studio_256_v1/Mouse/101416/imgs/000.png"", ""radius"": 0.7269023957762231, ""root_link"": ""base"", ""shared_renderer"": {""path"": ""/mnt/zsn/lyb/arti-skill/arti-template/scripts/render_exported_asset_blender.py"", ""sha256"": ""f418515a9817218b08d577d95983ec934c34ddf19f17bb89c73bf52aa60bb3a7""}, ""visuals"": 18}"
127,Mouse,103026,/mnt/zsn/lyb/arti-skill/exp/PartNet-Mobility/data/dataset/103026,103026,/mnt/zsn/lyb/arti-skill/exp/PartNet-Mobility/data/dataset/103026/mobility.urdf,103026/mobility.urdf,5935,2ca8aa0348bf9266746605c992ac0ecbd3ce0c340d1fe380b577277ed8fb3688,39,3378144,7ac7ef61ffad605cef96d81d847a0d25247b2ba9ec5e9ab748cc8cbbf2da9820,d45cee887b4cbdf6cba1db8c37619983578784a79952007c052d5b9e9e52e025,30586165e3cb1bb0a91d1f10226ee336ed752f7f109e992822327f17de2c22c7,False,/mnt/zsn/lyb/arti-skill/exp/partnet_mobility_uniform_n5_studio_256_v1/Mouse/103026/imgs/000.png,978,partnet_mobility:Mouse:103026:2,25,25,Mouse,partnet_mobility,2,Mouse:2,30586165e3cb1bb0a91d1f10226ee336ed752f7f109e992822327f17de2c22c7:103026,67755,0b25f36b6f277ef13b8994ddd44efb516eb7f904b01fd39644a5acf9afe0c241,reused_valid,0.0,2026-08-31T10:58:57.966542Z,2026-08-31T10:58:57.971224Z,,"{""asset_dir"": ""/mnt/zsn/lyb/arti-skill/exp/PartNet-Mobility/data/dataset/103026"", ""base_renderer"": {""path"": ""/mnt/zsn/lyb/arti-skill/exp/scripts/render_articraft10k_asset_blender.py"", ""sha256"": ""24669921702ddf11c9668e16692f3a4cb7e5b40e040e215a878b92cdd294fe22""}, ""camera_distance"": 2.386156782459785, ""device"": ""OPTIX"", ""geometry"": {""mesh_visual_count"": 16, ""primitive_counts"": {""box"": 0, ""cylinder"": 0, ""sphere"": 0}}, ""material_policy"": ""native OBJ/MTL diffuse materials, forced opaque; neutral fallback"", ""materials"": 21, ""objects"": 16, ""output"": ""/mnt/zsn/lyb/arti-skill/exp/partnet_mobility_uniform_n5_studio_256_v1/Mouse/103026/imgs/000.png"", ""radius"": 0.724679776393598, ""root_link"": ""base"", ""shared_renderer"": {""path"": ""/mnt/zsn/lyb/arti-skill/arti-template/scripts/render_exported_asset_blender.py"", ""sha256"": ""f418515a9817218b08d577d95983ec934c34ddf19f17bb89c73bf52aa60bb3a7""}, ""visuals"": 16}"
128,Mouse,102276,/mnt/zsn/lyb/arti-skill/exp/PartNet-Mobility/data/dataset/102276,102276,/mnt/zsn/lyb/arti-skill/exp/PartNet-Mobility/data/dataset/102276/mobility.urdf,102276/mobility.urdf,8004,c6b19b3a50c815ef7556957b79ebc751f8ac5ee26d9aaf817ff3411c21a9f2b1,44,3232103,b47e11b4b60900a156109a2096488991f6418e5cf7858bbcb30943a5916ada16,5a594d0c2202d87aaf3280258b0aab667af80ffc4b621e68c984c0108c9bea65,41500c8179e0f32e3daf9e97a3c21af2e4746e60c0566ab07bf7631113a5f747,False,/mnt/zsn/lyb/arti-skill/exp/partnet_mobility_uniform_n5_studio_256_v1/Mouse/102276/imgs/000.png,713,partnet_mobility:Mouse:102276:3,25,25,Mouse,partnet_mobility,3,Mouse:3,41500c8179e0f32e3daf9e97a3c21af2e4746e60c0566ab07bf7631113a5f747:102276,69384,370ad684acd915ceaeb3750997623ae88dc9ef42e4f6323dee419e9beb4caffb,reused_valid,0.0,2026-08-31T10:58:57.967017Z,2026-08-31T10:58:57.973652Z,,"{""asset_dir"": ""/mnt/zsn/lyb/arti-skill/exp/PartNet-Mobility/data/dataset/102276"", ""base_renderer"": {""path"": ""/mnt/zsn/lyb/arti-skill/exp/scripts/render_articraft10k_asset_blender.py"", ""sha256"": ""24669921702ddf11c9668e16692f3a4cb7e5b40e040e215a878b92cdd294fe22""}, ""camera_distance"": 2.3001189859042284, ""device"": ""OPTIX"", ""geometry"": {""mesh_visual_count"": 18, ""primitive_counts"": {""box"": 0, ""cylinder"": 0, ""sphere"": 0}}, ""material_policy"": ""native OBJ/MTL diffuse materials, forced opaque; neutral fallback"", ""materials"": 34, ""objects"": 18, ""output"": ""/mnt/zsn/lyb/arti-skill/exp/partnet_mobility_uniform_n5_studio_256_v1/Mouse/102276/imgs/000.png"", ""radius"": 0.6985499547374514, ""root_link"": ""base"", ""shared_renderer"": {""path"": ""/mnt/zsn/lyb/arti-skill/arti-template/scripts/render_exported_asset_blender.py"", ""sha256"": ""f418515a9817218b08d577d95983ec934c34ddf19f17bb89c73bf52aa60bb3a7""}, ""visuals"": 18}"
129,Mouse,101403,/mnt/zsn/lyb/arti-skill/exp/PartNet-Mobility/data/dataset/101403,101403,/mnt/zsn/lyb/arti-skill/exp/PartNet-Mobility/data/dataset/101403/mobility.urdf,101403/mobility.urdf,4359,3df3d1633075fbf33b5ecb6ec7e0de82b20d676eb9fb0062a618d66dd52c1403,32,399233,95ebb94b31af1c56e5a5f5884b8fc590d6ea4414945658a74574ab80019753f7,a15ef7424132f13d02a14cf491ea40fe93a21f8cb67dc750aa4e09eb1cca397a,53d62c8db9486c207a309d3d8d3e883a1757c460694c71011e50681b2e508dd5,False,/mnt/zsn/lyb/arti-skill/exp/partnet_mobility_uniform_n5_studio_256_v1/Mouse/101403/imgs/000.png,459,partnet_mobility:Mouse:101403:4,25,25,Mouse,partnet_mobility,4,Mouse:4,53d62c8db9486c207a309d3d8d3e883a1757c460694c71011e50681b2e508dd5:101403,73972,f2c75544bf706eac52673a29ab819f5d319f22af7e883d67c28f5186cdafd1ba,reused_valid,0.0,2026-08-31T10:58:57.967784Z,2026-08-31T10:58:57.972919Z,,"{""asset_dir"": ""/mnt/zsn/lyb/arti-skill/exp/PartNet-Mobility/data/dataset/101403"", ""base_renderer"": {""path"": ""/mnt/zsn/lyb/arti-skill/exp/scripts/render_articraft10k_asset_blender.py"", ""sha256"": ""24669921702ddf11c9668e16692f3a4cb7e5b40e040e215a878b92cdd294fe22""}, ""camera_distance"": 2.471738425693621, ""device"": ""OPTIX"", ""geometry"": {""mesh_visual_count"": 12, ""primitive_counts"": {""box"": 0, ""cylinder"": 0, ""sphere"": 0}}, ""material_policy"": ""native OBJ/MTL diffuse materials, forced opaque; neutral fallback"", ""materials"": 18, ""objects"": 12, ""output"": ""/mnt/zsn/lyb/arti-skill/exp/partnet_mobility_uniform_n5_studio_256_v1/Mouse/101403/imgs/000.png"", ""radius"": 0.7506710635286202, ""root_link"": ""base"", ""shared_renderer"": {""path"": ""/mnt/zsn/lyb/arti-skill/arti-template/scripts/render_exported_asset_blender.py"", ""sha256"": ""f418515a9817218b08d577d95983ec934c34ddf19f17bb89c73bf52aa60bb3a7""}, ""visuals"": 12}"
130,Mouse,103022,/mnt/zsn/lyb/arti-skill/exp/PartNet-Mobility/data/dataset/103022,103022,/mnt/zsn/lyb/arti-skill/exp/PartNet-Mobility/data/dataset/103022/mobility.urdf,103022/mobility.urdf,8093,71315eab9dc3e38dffd3a0b19e6fac75355d48903837c86dc8f6508e3e13e300,44,3231727,9bfff5036545b2211854fe3bd3103cc56bf1e3775df22e68adfa8d736540d73c,57a9d11275edcf10c72f5d92fc5918f2884ff80c846b849bf69927d9c00c752f,68f30033227ae9f8c85a621cffeab90a376673a54a18fea4cc91f9d7bc72f34e,False,/mnt/zsn/lyb/arti-skill/exp/partnet_mobility_uniform_n5_studio_256_v1/Mouse/103022/imgs/000.png,974,partnet_mobility:Mouse:103022:5,25,25,Mouse,partnet_mobility,5,Mouse:5,68f30033227ae9f8c85a621cffeab90a376673a54a18fea4cc91f9d7bc72f34e:103022,69218,06c4e03a2954987039fea507e858295a0f5a5aa80f9c3c38140c4fb67b9fcaa2,reused_valid,0.0,2026-08-31T10:58:57.971257Z,2026-08-31T10:58:57.976365Z,,"{""asset_dir"": ""/mnt/zsn/lyb/arti-skill/exp/PartNet-Mobility/data/dataset/103022"", ""base_renderer"": {""path"": ""/mnt/zsn/lyb/arti-skill/exp/scripts/render_articraft10k_asset_blender.py"", ""sha256"": ""24669921702ddf11c9668e16692f3a4cb7e5b40e040e215a878b92cdd294fe22""}, ""camera_distance"": 2.295858091007256, ""device"": ""OPTIX"", ""geometry"": {""mesh_visual_count"": 18, ""primitive_counts"": {""box"": 0, ""cylinder"": 0, ""sphere"": 0}}, ""material_policy"": ""native OBJ/MTL diffuse materials, forced opaque; neutral fallback"", ""materials"": 34, ""objects"": 18, ""output"": ""/mnt/zsn/lyb/arti-skill/exp/partnet_mobility_uniform_n5_studio_256_v1/Mouse/103022/imgs/000.png"", ""radius"": 0.6972559138831905, ""root_link"": ""base"", ""shared_renderer"": {""path"": ""/mnt/zsn/lyb/arti-skill/arti-template/scripts/render_exported_asset_blender.py"", ""sha256"": ""f418515a9817218b08d577d95983ec934c34ddf19f17bb89c73bf52aa60bb3a7""}, ""visuals"": 18}"
131,Oven,101808,/mnt/zsn/lyb/arti-skill/exp/PartNet-Mobility/data/dataset/101808,101808,/mnt/zsn/lyb/arti-skill/exp/PartNet-Mobility/data/dataset/101808/mobility.urdf,101808/mobility.urdf,46527,30313e5403a29f9dad3e9abbdbb09d043cd36f95354805da8963d24793d0bc0a,287,2912131,c656e9d62f1eea76ed63a0b94ed62a23995f7b9bac025abb265a34f24adb6be4,1c28e2b85a1fdf7e66ca3254131f0ed3b3cdc2299483d055bc0ff27752c0331c,0550b18d135da3b3a62f59f5dcb899b7ac73fbbf0c8951c0886db09791413ec9,True,/mnt/zsn/lyb/arti-skill/exp/partnet_mobility_uniform_n5_studio_256_v1/Oven/101808/imgs/000.png,581,partnet_mobility:Oven:101808:1,26,26,Oven,partnet_mobility,1,Oven:1,0550b18d135da3b3a62f59f5dcb899b7ac73fbbf0c8951c0886db09791413ec9:101808,75656,aa9cb74001ff3232d8adeb9a39ee0df5cb3205903fe1c8e769aff99dfb5a4c00,reused_valid,0.0,2026-08-31T10:58:57.972949Z,2026-08-31T10:58:57.978047Z,,"{""asset_dir"": ""/mnt/zsn/lyb/arti-skill/exp/PartNet-Mobility/data/dataset/101808"", ""base_renderer"": {""path"": ""/mnt/zsn/lyb/arti-skill/exp/scripts/render_articraft10k_asset_blender.py"", ""sha256"": ""24669921702ddf11c9668e16692f3a4cb7e5b40e040e215a878b92cdd294fe22""}, ""camera_distance"": 3.538456851163121, ""device"": ""OPTIX"", ""geometry"": {""mesh_visual_count"": 140, ""primitive_counts"": {""box"": 0, ""cylinder"": 0, ""sphere"": 0}}, ""material_policy"": ""native OBJ/MTL diffuse materials, forced opaque; neutral fallback"", ""materials"": 262, ""objects"": 140, ""output"": ""/mnt/zsn/lyb/arti-skill/exp/partnet_mobility_uniform_n5_studio_256_v1/Oven/101808/imgs/000.png"", ""radius"": 1.0746352203378329, ""root_link"": ""base"", ""shared_renderer"": {""path"": ""/mnt/zsn/lyb/arti-skill/arti-template/scripts/render_exported_asset_blender.py"", ""sha256"": ""f418515a9817218b08d577d95983ec934c34ddf19f17bb89c73bf52aa60bb3a7""}, ""visuals"": 140}"
132,Oven,101921,/mnt/zsn/lyb/arti-skill/exp/PartNet-Mobility/data/dataset/101921,101921,/mnt/zsn/lyb/arti-skill/exp/PartNet-Mobility/data/dataset/101921/mobility.urdf,101921/mobility.urdf,14862,621add928d7a35da5dd0e09c084cc698deb74ca7d531965ceb548027da7a77b3,90,532068,33699151437e955c9791ee67c0ed323b5a9bf780f81b858b32f82f364ae35133,be60a6ba3a0804ecd2277b3a207f8979bcf89ba67b1f3139b0a70013d7aeab7b,0c8d07f664ba5e92554c3fd0d9d406efbc9a00de900722e8fdec626f8f1362c5,False,/mnt/zsn/lyb/arti-skill/exp/partnet_mobility_uniform_n5_studio_256_v1/Oven/101921/imgs/000.png,609,partnet_mobility:Oven:101921:2,26,26,Oven,partnet_mobility,2,Oven:2,0c8d07f664ba5e92554c3fd0d9d406efbc9a00de900722e8fdec626f8f1362c5:101921,91744,19bd4a3b329664991c218492bfa3112881a9cfd85fabbdf2761b31ad66cb81cc,reused_valid,0.0,2026-08-31T10:58:57.973681Z,2026-08-31T10:58:57.979353Z,,"{""asset_dir"": ""/mnt/zsn/lyb/arti-skill/exp/PartNet-Mobility/data/dataset/101921"", ""base_renderer"": {""path"": ""/mnt/zsn/lyb/arti-skill/exp/scripts/render_articraft10k_asset_blender.py"", ""sha256"": ""24669921702ddf11c9668e16692f3a4cb7e5b40e040e215a878b92cdd294fe22""}, ""camera_distance"": 3.2503008895331673, ""device"": ""OPTIX"", ""geometry"": {""mesh_visual_count"": 40, ""primitive_counts"": {""box"": 0, ""cylinder"": 0, ""sphere"": 0}}, ""material_policy"": ""native OBJ/MTL diffuse materials, forced opaque; neutral fallback"", ""materials"": 48, ""objects"": 40, ""output"": ""/mnt/zsn/lyb/arti-skill/exp/partnet_mobility_uniform_n5_studio_256_v1/Oven/101921/imgs/000.png"", ""radius"": 0.9871217763866719, ""root_link"": ""base"", ""shared_renderer"": {""path"": ""/mnt/zsn/lyb/arti-skill/arti-template/scripts/render_exported_asset_blender.py"", ""sha256"": ""f418515a9817218b08d577d95983ec934c34ddf19f17bb89c73bf52aa60bb3a7""}, ""visuals"": 40}"
133,Oven,102044,/mnt/zsn/lyb/arti-skill/exp/PartNet-Mobility/data/dataset/102044,102044,/mnt/zsn/lyb/arti-skill/exp/PartNet-Mobility/data/dataset/102044/mobility.urdf,102044/mobility.urdf,41831,78d7a9b482a8f24bff3ab9a03a885a1d547a289b74710bafda04b9d757751965,288,1685046,9bd4184ab7ac1402862a92e92dc52543172077341a2cb728969f9b8d0ebe7f43,f4c6c070acf7dc925a4e413d84c1649770035b79017e9c89cd500774b3e8b0a5,2225160b423d96658b0d507a4972d5be6fe91a2f5bb1e3619879f98e32556d79,False,/mnt/zsn/lyb/arti-skill/exp/partnet_mobility_uniform_n5_studio_256_v1/Oven/102044/imgs/000.png,639,partnet_mobility:Oven:102044:3,26,26,Oven,partnet_mobility,3,Oven:3,2225160b423d96658b0d507a4972d5be6fe91a2f5bb1e3619879f98e32556d79:102044,98300,dbfbb3b105a28e587d41d47b7a99f58feb5866c165e43af758df658336d221c6,reused_valid,0.0,2026-08-31T10:58:57.976403Z,2026-08-31T10:58:57.981846Z,,"{""asset_dir"": ""/mnt/zsn/lyb/arti-skill/exp/PartNet-Mobility/data/dataset/102044"", ""base_renderer"": {""path"": ""/mnt/zsn/lyb/arti-skill/exp/scripts/render_articraft10k_asset_blender.py"", ""sha256"": ""24669921702ddf11c9668e16692f3a4cb7e5b40e040e215a878b92cdd294fe22""}, ""camera_distance"": 3.366910721961514, ""device"": ""OPTIX"", ""geometry"": {""mesh_visual_count"": 138, ""primitive_counts"": {""box"": 0, ""cylinder"": 0, ""sphere"": 0}}, ""material_policy"": ""native OBJ/MTL diffuse materials, forced opaque; neutral fallback"", ""materials"": 163, ""objects"": 138, ""output"": ""/mnt/zsn/lyb/arti-skill/exp/partnet_mobility_uniform_n5_studio_256_v1/Oven/102044/imgs/000.png"", ""radius"": 1.0225363760938868, ""root_link"": ""base"", ""shared_renderer"": {""path"": ""/mnt/zsn/lyb/arti-skill/arti-template/scripts/render_exported_asset_blender.py"", ""sha256"": ""f418515a9817218b08d577d95983ec934c34ddf19f17bb89c73bf52aa60bb3a7""}, ""visuals"": 138}"
134,Oven,101773,/mnt/zsn/lyb/arti-skill/exp/PartNet-Mobility/data/dataset/101773,101773,/mnt/zsn/lyb/arti-skill/exp/PartNet-Mobility/data/dataset/101773/mobility.urdf,101773/mobility.urdf,29490,ea3ef337073b4396d7739f405e0324956fe9035fd53310b7768fa0ea6b258cff,195,801331,99c469477dd47d5b939b08fd74cff2055ee675ddc1f94bf3d83295acfea8ef52,bcebdde0a23e494df16d51c3e0fcc9f23640ae014d1eb5eba32cd76f74065615,2b30fa0e01c8d1bbec3431d5f376db1f5ef1d7525b19cf7013d82087f8a5f16a,False,/mnt/zsn/lyb/arti-skill/exp/partnet_mobility_uniform_n5_studio_256_v1/Oven/101773/imgs/000.png,576,partnet_mobility:Oven:101773:4,26,26,Oven,partnet_mobility,4,Oven:4,2b30fa0e01c8d1bbec3431d5f376db1f5ef1d7525b19cf7013d82087f8a5f16a:101773,88207,70493ce43c58009fe6a2e1d7c8eef12687c546bad732e093383887409634d095,reused_valid,0.0,2026-08-31T10:58:57.978076Z,2026-08-31T10:58:57.985156Z,,"{""asset_dir"": ""/mnt/zsn/lyb/arti-skill/exp/PartNet-Mobility/data/dataset/101773"", ""base_renderer"": {""path"": ""/mnt/zsn/lyb/arti-skill/exp/scripts/render_articraft10k_asset_blender.py"", ""sha256"": ""24669921702ddf11c9668e16692f3a4cb7e5b40e040e215a878b92cdd294fe22""}, ""camera_distance"": 3.4430649545976286, ""device"": ""OPTIX"", ""geometry"": {""mesh_visual_count"": 92, ""primitive_counts"": {""box"": 0, ""cylinder"": 0, ""sphere"": 0}}, ""material_policy"": ""native OBJ/MTL diffuse materials, forced opaque; neutral fallback"", ""materials"": 113, ""objects"": 92, ""output"": ""/mnt/zsn/lyb/arti-skill/exp/partnet_mobility_uniform_n5_studio_256_v1/Oven/101773/imgs/000.png"", ""radius"": 1.0456645429787448, ""root_link"": ""base"", ""shared_renderer"": {""path"": ""/mnt/zsn/lyb/arti-skill/arti-template/scripts/render_exported_asset_blender.py"", ""sha256"": ""f418515a9817218b08d577d95983ec934c34ddf19f17bb89c73bf52aa60bb3a7""}, ""visuals"": 92}"
135,Oven,101940,/mnt/zsn/lyb/arti-skill/exp/PartNet-Mobility/data/dataset/101940,101940,/mnt/zsn/lyb/arti-skill/exp/PartNet-Mobility/data/dataset/101940/mobility.urdf,101940/mobility.urdf,13872,b777a3b36778d6c408893c2c6bacd223750da3b275c345e6d7ac5507929a6ea1,85,456600,fac782e8bdeadf1895d88f68c09f903c86a62e683dafd2af8702977667f5de44,7f8b489647439c15c9ac15120e411d3fb1788ac476a4f3008c12342c0f632d55,2c8a09f36e13c79dc1001d46f46a86f46f4017e625f2b1117566e8906c212547,False,/mnt/zsn/lyb/arti-skill/exp/partnet_mobility_uniform_n5_studio_256_v1/Oven/101940/imgs/000.png,613,partnet_mobility:Oven:101940:5,26,26,Oven,partnet_mobility,5,Oven:5,2c8a09f36e13c79dc1001d46f46a86f46f4017e625f2b1117566e8906c212547:101940,90408,871e8df29a24e949ec0e75c4d8e1e987ce82ff52cfb1a22d1b931908bd849266,reused_valid,0.0,2026-08-31T10:58:57.979381Z,2026-08-31T10:58:57.984367Z,,"{""asset_dir"": ""/mnt/zsn/lyb/arti-skill/exp/PartNet-Mobility/data/dataset/101940"", ""base_renderer"": {""path"": ""/mnt/zsn/lyb/arti-skill/exp/scripts/render_articraft10k_asset_blender.py"", ""sha256"": ""24669921702ddf11c9668e16692f3a4cb7e5b40e040e215a878b92cdd294fe22""}, ""camera_distance"": 3.464890561845632, ""device"": ""OPTIX"", ""geometry"": {""mesh_visual_count"": 38, ""primitive_counts"": {""box"": 0, ""cylinder"": 0, ""sphere"": 0}}, ""material_policy"": ""native OBJ/MTL diffuse materials, forced opaque; neutral fallback"", ""materials"": 71, ""objects"": 38, ""output"": ""/mnt/zsn/lyb/arti-skill/exp/partnet_mobility_uniform_n5_studio_256_v1/Oven/101940/imgs/000.png"", ""radius"": 1.0522930161354134, ""root_link"": ""base"", ""shared_renderer"": {""path"": ""/mnt/zsn/lyb/arti-skill/arti-template/scripts/render_exported_asset_blender.py"", ""sha256"": ""f418515a9817218b08d577d95983ec934c34ddf19f17bb89c73bf52aa60bb3a7""}, ""visuals"": 38}"
136,Pen,102915,/mnt/zsn/lyb/arti-skill/exp/PartNet-Mobility/data/dataset/102915,102915,/mnt/zsn/lyb/arti-skill/exp/PartNet-Mobility/data/dataset/102915/mobility.urdf,102915/mobility.urdf,2248,e27c0be4a1f6c632a41cfbbf5787e0c5688d7b24d84e2535d4357df803a7c202,19,369461,967e461e101d4cfea6413984deb833c88adc0febacb724f13721d1488ec3604f,7c1d3e5dd28a76d34021bc443da32b24a4897ebd76d950dc4f589d6fa2bb9393,024aa9dc9aea79b54f9a68acd64a21b56e4b4f27b36ffdc1a6d2564c7015d394,True,/mnt/zsn/lyb/arti-skill/exp/partnet_mobility_uniform_n5_studio_256_v1/Pen/102915/imgs/000.png,928,partnet_mobility:Pen:102915:1,27,27,Pen,partnet_mobility,1,Pen:1,024aa9dc9aea79b54f9a68acd64a21b56e4b4f27b36ffdc1a6d2564c7015d394:102915,68722,8c48296a96fc1fbddbabea6218b77328c7f2b92bba63fbf9d88b0ec353e055de,reused_valid,0.0,2026-08-31T10:58:57.981879Z,2026-08-31T10:58:57.986648Z,,"{""asset_dir"": ""/mnt/zsn/lyb/arti-skill/exp/PartNet-Mobility/data/dataset/102915"", ""base_renderer"": {""path"": ""/mnt/zsn/lyb/arti-skill/exp/scripts/render_articraft10k_asset_blender.py"", ""sha256"": ""24669921702ddf11c9668e16692f3a4cb7e5b40e040e215a878b92cdd294fe22""}, ""camera_distance"": 3.234836195167838, ""device"": ""OPTIX"", ""geometry"": {""mesh_visual_count"": 6, ""primitive_counts"": {""box"": 0, ""cylinder"": 0, ""sphere"": 0}}, ""material_policy"": ""native OBJ/MTL diffuse materials, forced opaque; neutral fallback"", ""materials"": 9, ""objects"": 6, ""output"": ""/mnt/zsn/lyb/arti-skill/exp/partnet_mobility_uniform_n5_studio_256_v1/Pen/102915/imgs/000.png"", ""radius"": 0.982425123033027, ""root_link"": ""base"", ""shared_renderer"": {""path"": ""/mnt/zsn/lyb/arti-skill/arti-template/scripts/render_exported_asset_blender.py"", ""sha256"": ""f418515a9817218b08d577d95983ec934c34ddf19f17bb89c73bf52aa60bb3a7""}, ""visuals"": 6}"
137,Pen,101735,/mnt/zsn/lyb/arti-skill/exp/PartNet-Mobility/data/dataset/101735,101735,/mnt/zsn/lyb/arti-skill/exp/PartNet-Mobility/data/dataset/101735/mobility.urdf,101735/mobility.urdf,2815,3263d4365223b85565f333892626a1b881927267b8ff6d316e2dd536c3616535,25,328458,85e1b41a47338686e7aa684addef7f563cb9df9f1391946dccc72255474deb11,d67dd5944926e524336d3c63ae09055411e2ccedfe7c1cee9f2f4e0775f53c06,04ed0baac6ab0a2350b50fecefd778a4cd6791579f1ea6a839a0b18fc8b3da55,False,/mnt/zsn/lyb/arti-skill/exp/partnet_mobility_uniform_n5_studio_256_v1/Pen/101735/imgs/000.png,571,partnet_mobility:Pen:101735:2,27,27,Pen,partnet_mobility,2,Pen:2,04ed0baac6ab0a2350b50fecefd778a4cd6791579f1ea6a839a0b18fc8b3da55:101735,69397,1d3d16f7111446fd1539fd3abac1ea46b90b599626251fd0d486e9f196d1ed03,reused_valid,0.0,2026-08-31T10:58:57.984395Z,2026-08-31T10:58:57.989349Z,,"{""asset_dir"": ""/mnt/zsn/lyb/arti-skill/exp/PartNet-Mobility/data/dataset/101735"", ""base_renderer"": {""path"": ""/mnt/zsn/lyb/arti-skill/exp/scripts/render_articraft10k_asset_blender.py"", ""sha256"": ""24669921702ddf11c9668e16692f3a4cb7e5b40e040e215a878b92cdd294fe22""}, ""camera_distance"": 2.964218796553652, ""device"": ""OPTIX"", ""geometry"": {""mesh_visual_count"": 8, ""primitive_counts"": {""box"": 0, ""cylinder"": 0, ""sphere"": 0}}, ""material_policy"": ""native OBJ/MTL diffuse materials, forced opaque; neutral fallback"", ""materials"": 10, ""objects"": 8, ""output"": ""/mnt/zsn/lyb/arti-skill/exp/partnet_mobility_uniform_n5_studio_256_v1/Pen/101735/imgs/000.png"", ""radius"": 0.9002381697877406, ""root_link"": ""base"", ""shared_renderer"": {""path"": ""/mnt/zsn/lyb/arti-skill/arti-template/scripts/render_exported_asset_blender.py"", ""sha256"": ""f418515a9817218b08d577d95983ec934c34ddf19f17bb89c73bf52aa60bb3a7""}, ""visuals"": 8}"
138,Pen,102909,/mnt/zsn/lyb/arti-skill/exp/PartNet-Mobility/data/dataset/102909,102909,/mnt/zsn/lyb/arti-skill/exp/PartNet-Mobility/data/dataset/102909/mobility.urdf,102909/mobility.urdf,5931,8dcc78e7cedf4344c7ff7f1a46b4634150b21845467157ed1e812d4a1ed275f2,45,783255,00addc5f8b9cbe8297260c55ebbd26098b719ac600f8a02eb27d5a87c19014c8,e2869a5b5ef0798e4281c8c1ef5c776b92b3d9cb8056c3c2331677eec3130a73,09dffc034e4e9073adce010cb8985f0a8765b5ca48dde866544c537bf94e3d0b,False,/mnt/zsn/lyb/arti-skill/exp/partnet_mobility_uniform_n5_studio_256_v1/Pen/102909/imgs/000.png,925,partnet_mobility:Pen:102909:3,27,27,Pen,partnet_mobility,3,Pen:3,09dffc034e4e9073adce010cb8985f0a8765b5ca48dde866544c537bf94e3d0b:102909,69878,4fc21572c6791ec135a7f6d3162a57b4469c8228973ec18021be84d73aca956e,reused_valid,0.0,2026-08-31T10:58:57.985181Z,2026-08-31T10:58:57.990208Z,,"{""asset_dir"": ""/mnt/zsn/lyb/arti-skill/exp/PartNet-Mobility/data/dataset/102909"", ""base_renderer"": {""path"": ""/mnt/zsn/lyb/arti-skill/exp/scripts/render_articraft10k_asset_blender.py"", ""sha256"": ""24669921702ddf11c9668e16692f3a4cb7e5b40e040e215a878b92cdd294fe22""}, ""camera_distance"": 3.032487872645432, ""device"": ""OPTIX"", ""geometry"": {""mesh_visual_count"": 19, ""primitive_counts"": {""box"": 0, ""cylinder"": 0, ""sphere"": 0}}, ""material_policy"": ""native OBJ/MTL diffuse materials, forced opaque; neutral fallback"", ""materials"": 28, ""objects"": 19, ""output"": ""/mnt/zsn/lyb/arti-skill/exp/partnet_mobility_uniform_n5_studio_256_v1/Pen/102909/imgs/000.png"", ""radius"": 0.9209716015389389, ""root_link"": ""base"", ""shared_renderer"": {""path"": ""/mnt/zsn/lyb/arti-skill/arti-template/scripts/render_exported_asset_blender.py"", ""sha256"": ""f418515a9817218b08d577d95983ec934c34ddf19f17bb89c73bf52aa60bb3a7""}, ""visuals"": 19}"
139,Pen,101793,/mnt/zsn/lyb/arti-skill/exp/PartNet-Mobility/data/dataset/101793,101793,/mnt/zsn/lyb/arti-skill/exp/PartNet-Mobility/data/dataset/101793/mobility.urdf,101793/mobility.urdf,7361,ecab61f2479d0848c4c00f6b44f1511c6520faa0af00ef9e50d093bfb0bcdd9d,56,1339897,df8d7ee63c491c6e0dcbce21758e94faa100e2ba864225e12276ed44fe784504,c28d006b93db1de2ecf6bf221784575f6fda22881bb6b04c7001c86da1d7d8df,0cb7b889ca2060061986f29024c3d1127871b01f4f6f15955390c1e486b4d59e,False,/mnt/zsn/lyb/arti-skill/exp/partnet_mobility_uniform_n5_studio_256_v1/Pen/101793/imgs/000.png,579,partnet_mobility:Pen:101793:4,27,27,Pen,partnet_mobility,4,Pen:4,0cb7b889ca2060061986f29024c3d1127871b01f4f6f15955390c1e486b4d59e:101793,68103,eb78a17d56241ba324208264c8ab814a288f699475487aab9a955193656edbc2,reused_valid,0.0,2026-08-31T10:58:57.986674Z,2026-08-31T10:58:57.991351Z,,"{""asset_dir"": ""/mnt/zsn/lyb/arti-skill/exp/PartNet-Mobility/data/dataset/101793"", ""base_renderer"": {""path"": ""/mnt/zsn/lyb/arti-skill/exp/scripts/render_articraft10k_asset_blender.py"", ""sha256"": ""24669921702ddf11c9668e16692f3a4cb7e5b40e040e215a878b92cdd294fe22""}, ""camera_distance"": 2.9627134535297537, ""device"": ""OPTIX"", ""geometry"": {""mesh_visual_count"": 24, ""primitive_counts"": {""box"": 0, ""cylinder"": 0, ""sphere"": 0}}, ""material_policy"": ""native OBJ/MTL diffuse materials, forced opaque; neutral fallback"", ""materials"": 28, ""objects"": 24, ""output"": ""/mnt/zsn/lyb/arti-skill/exp/partnet_mobility_uniform_n5_studio_256_v1/Pen/101793/imgs/000.png"", ""radius"": 0.8997809946121723, ""root_link"": ""base"", ""shared_renderer"": {""path"": ""/mnt/zsn/lyb/arti-skill/arti-template/scripts/render_exported_asset_blender.py"", ""sha256"": ""f418515a9817218b08d577d95983ec934c34ddf19f17bb89c73bf52aa60bb3a7""}, ""visuals"": 24}"
140,Pen,102966,/mnt/zsn/lyb/arti-skill/exp/PartNet-Mobility/data/dataset/102966,102966,/mnt/zsn/lyb/arti-skill/exp/PartNet-Mobility/data/dataset/102966/mobility.urdf,102966/mobility.urdf,11051,c2a84b07090d479baf3fc7ffb0bfffb29513177a4015e9e799c634b3c65361a9,82,935727,c2d55a4d129bd276c9e0da5f5da927b2c402d77df44ff5d3eeca57e57822d31e,3f9b481e32c4023ac853910929856023c56908dd7bbc1db5b3a8543badb5c8da,112bec5989304ed9f4c5d9f9ddd4a3423de9a99e74049231a6d098c6c5344255,False,/mnt/zsn/lyb/arti-skill/exp/partnet_mobility_uniform_n5_studio_256_v1/Pen/102966/imgs/000.png,949,partnet_mobility:Pen:102966:5,27,27,Pen,partnet_mobility,5,Pen:5,112bec5989304ed9f4c5d9f9ddd4a3423de9a99e74049231a6d098c6c5344255:102966,67514,bbacb5ae8665a05c428aa27da5535e8e1afcb1d1f828e48729ad39e3bb627aed,reused_valid,0.0,2026-08-31T10:58:57.989380Z,2026-08-31T10:58:57.994308Z,,"{""asset_dir"": ""/mnt/zsn/lyb/arti-skill/exp/PartNet-Mobility/data/dataset/102966"", ""base_renderer"": {""path"": ""/mnt/zsn/lyb/arti-skill/exp/scripts/render_articraft10k_asset_blender.py"", ""sha256"": ""24669921702ddf11c9668e16692f3a4cb7e5b40e040e215a878b92cdd294fe22""}, ""camera_distance"": 3.2390588845586015, ""device"": ""OPTIX"", ""geometry"": {""mesh_visual_count"": 37, ""primitive_counts"": {""box"": 0, ""cylinder"": 0, ""sphere"": 0}}, ""material_policy"": ""native OBJ/MTL diffuse materials, forced opaque; neutral fallback"", ""materials"": 58, ""objects"": 37, ""output"": ""/mnt/zsn/lyb/arti-skill/exp/partnet_mobility_uniform_n5_studio_256_v1/Pen/102966/imgs/000.png"", ""radius"": 0.9837075608116226, ""root_link"": ""base"", ""shared_renderer"": {""path"": ""/mnt/zsn/lyb/arti-skill/arti-template/scripts/render_exported_asset_blender.py"", ""sha256"": ""f418515a9817218b08d577d95983ec934c34ddf19f17bb89c73bf52aa60bb3a7""}, ""visuals"": 37}"
141,Phone,103925,/mnt/zsn/lyb/arti-skill/exp/PartNet-Mobility/data/dataset/103925,103925,/mnt/zsn/lyb/arti-skill/exp/PartNet-Mobility/data/dataset/103925/mobility.urdf,103925/mobility.urdf,10580,96ee356a9c3501dbd98bfcb5eba5fed10e04428b9a4a1cd3c4bcf8129a417200,55,9451083,197b4055e3ec3948c07e06049e605fb85ce273504d3c11e717b563c65fa425aa,d730441b2b8e2f09eab766d18e20c63c03ffc3a5a2055ee52f07e37a0cf2fd43,17200bc2f7d810d1fedd1b45912c33a789ae10e693f489a8826a8b16c90b9dea,True,/mnt/zsn/lyb/arti-skill/exp/partnet_mobility_uniform_n5_studio_256_v1/Phone/103925/imgs/000.png,1246,partnet_mobility:Phone:103925:1,28,28,Phone,partnet_mobility,1,Phone:1,17200bc2f7d810d1fedd1b45912c33a789ae10e693f489a8826a8b16c90b9dea:103925,68671,2a90030a4e0e841a5e0b821f0190c48fd6ad2a11c1bf9a78352fc27a495422da,reused_valid,0.0,2026-08-31T10:58:57.990236Z,2026-08-31T10:58:57.995255Z,,"{""asset_dir"": ""/mnt/zsn/lyb/arti-skill/exp/PartNet-Mobility/data/dataset/103925"", ""base_renderer"": {""path"": ""/mnt/zsn/lyb/arti-skill/exp/scripts/render_articraft10k_asset_blender.py"", ""sha256"": ""24669921702ddf11c9668e16692f3a4cb7e5b40e040e215a878b92cdd294fe22""}, ""camera_distance"": 3.2007355157016195, ""device"": ""OPTIX"", ""geometry"": {""mesh_visual_count"": 24, ""primitive_counts"": {""box"": 0, ""cylinder"": 0, ""sphere"": 0}}, ""material_policy"": ""native OBJ/MTL diffuse materials, forced opaque; neutral fallback"", ""materials"": 24, ""objects"": 24, ""output"": ""/mnt/zsn/lyb/arti-skill/exp/partnet_mobility_uniform_n5_studio_256_v1/Phone/103925/imgs/000.png"", ""radius"": 0.9720686900642871, ""root_link"": ""base"", ""shared_renderer"": {""path"": ""/mnt/zsn/lyb/arti-skill/arti-template/scripts/render_exported_asset_blender.py"", ""sha256"": ""f418515a9817218b08d577d95983ec934c34ddf19f17bb89c73bf52aa60bb3a7""}, ""visuals"": 24}"
142,Phone,103347,/mnt/zsn/lyb/arti-skill/exp/PartNet-Mobility/data/dataset/103347,103347,/mnt/zsn/lyb/arti-skill/exp/PartNet-Mobility/data/dataset/103347/mobility.urdf,103347/mobility.urdf,41940,e974e11aec8f5fe32bd4fa3161f9122199ecb8740256ccddfad9a77efa4f56fe,273,1026372,93bfa42460dd96921ef8198e96d39fe21df966728ecf178acf40472e2f30231a,a4d7b85aedec4d93375766eed4579530ff99c9fc36012bffbf4dc5b629f1dc89,25772509a62deca8b2ceeee2bf858ac6dfe293303619e87ab404281652566e7e,False,/mnt/zsn/lyb/arti-skill/exp/partnet_mobility_uniform_n5_studio_256_v1/Phone/103347/imgs/000.png,1111,partnet_mobility:Phone:103347:2,28,28,Phone,partnet_mobility,2,Phone:2,25772509a62deca8b2ceeee2bf858ac6dfe293303619e87ab404281652566e7e:103347,71637,f344061eb115e08307811ed8886137b29581df93c02b4bb3429f801c7b258622,reused_valid,0.0,2026-08-31T10:58:57.991378Z,2026-08-31T10:58:57.997798Z,,"{""asset_dir"": ""/mnt/zsn/lyb/arti-skill/exp/PartNet-Mobility/data/dataset/103347"", ""base_renderer"": {""path"": ""/mnt/zsn/lyb/arti-skill/exp/scripts/render_articraft10k_asset_blender.py"", ""sha256"": ""24669921702ddf11c9668e16692f3a4cb7e5b40e040e215a878b92cdd294fe22""}, ""camera_distance"": 3.26632297229095, ""device"": ""OPTIX"", ""geometry"": {""mesh_visual_count"": 132, ""primitive_counts"": {""box"": 0, ""cylinder"": 0, ""sphere"": 0}}, ""material_policy"": ""native OBJ/MTL diffuse materials, forced opaque; neutral fallback"", ""materials"": 164, ""objects"": 132, ""output"": ""/mnt/zsn/lyb/arti-skill/exp/partnet_mobility_uniform_n5_studio_256_v1/Phone/103347/imgs/000.png"", ""radius"": 0.9919877095204959, ""root_link"": ""base"", ""shared_renderer"": {""path"": ""/mnt/zsn/lyb/arti-skill/arti-template/scripts/render_exported_asset_blender.py"", ""sha256"": ""f418515a9817218b08d577d95983ec934c34ddf19f17bb89c73bf52aa60bb3a7""}, ""visuals"": 132}"
143,Phone,103593,/mnt/zsn/lyb/arti-skill/exp/PartNet-Mobility/data/dataset/103593,103593,/mnt/zsn/lyb/arti-skill/exp/PartNet-Mobility/data/dataset/103593/mobility.urdf,103593/mobility.urdf,9206,f41b13743e90e0bdb413b704a0d871fdb3ff36bac5280f13984d48a01920b8bf,61,1431714,05def6766c393258121110c2f28b0256a5a12f742d2615fd0539e875fb209c02,c537a7f75c657d62210a3985d255705fbf75424917837e04324579c51e658ef3,2a41a87a4c6c55ef748c5e0f5c30f00512070e498fce37d6bf16884f3a4873ef,False,/mnt/zsn/lyb/arti-skill/exp/partnet_mobility_uniform_n5_studio_256_v1/Phone/103593/imgs/000.png,1193,partnet_mobility:Phone:103593:3,28,28,Phone,partnet_mobility,3,Phone:3,2a41a87a4c6c55ef748c5e0f5c30f00512070e498fce37d6bf16884f3a4873ef:103593,84839,1c73e487a91d8eb311bdff258d0eaf8c6d88f99bff94ef0aaaa4a7d1a2cb510c,reused_valid,0.0,2026-08-31T10:58:57.994337Z,2026-08-31T10:58:58.000352Z,,"{""asset_dir"": ""/mnt/zsn/lyb/arti-skill/exp/PartNet-Mobility/data/dataset/103593"", ""base_renderer"": {""path"": ""/mnt/zsn/lyb/arti-skill/exp/scripts/render_articraft10k_asset_blender.py"", ""sha256"": ""24669921702ddf11c9668e16692f3a4cb7e5b40e040e215a878b92cdd294fe22""}, ""camera_distance"": 3.562957573179164, ""device"": ""OPTIX"", ""geometry"": {""mesh_visual_count"": 26, ""primitive_counts"": {""box"": 0, ""cylinder"": 0, ""sphere"": 0}}, ""material_policy"": ""native OBJ/MTL diffuse materials, forced opaque; neutral fallback"", ""materials"": 47, ""objects"": 26, ""output"": ""/mnt/zsn/lyb/arti-skill/exp/partnet_mobility_uniform_n5_studio_256_v1/Phone/103593/imgs/000.png"", ""radius"": 1.0820761302908515, ""root_link"": ""base"", ""shared_renderer"": {""path"": ""/mnt/zsn/lyb/arti-skill/arti-template/scripts/render_exported_asset_blender.py"", ""sha256"": ""f418515a9817218b08d577d95983ec934c34ddf19f17bb89c73bf52aa60bb3a7""}, ""visuals"": 26}"
144,Phone,103814,/mnt/zsn/lyb/arti-skill/exp/PartNet-Mobility/data/dataset/103814,103814,/mnt/zsn/lyb/arti-skill/exp/PartNet-Mobility/data/dataset/103814/mobility.urdf,103814/mobility.urdf,11626,3e786f759f381873ca40500e315a308fe916d47f0098bc6e2e3a5b881ec04fd4,62,1906514,f5041368c2a2a2c267407befe18cdc7f2fdb3d445993f0b828733be56668927b,1609069dfae1bd9d17c5ea25dab647022a9e887d8b6b33bbe3ea180a8898f6a5,2f82f725d40f368fb0334b06e48a940df4d9759a20117f50196b8908a99cecf1,False,/mnt/zsn/lyb/arti-skill/exp/partnet_mobility_uniform_n5_studio_256_v1/Phone/103814/imgs/000.png,1230,partnet_mobility:Phone:103814:4,28,28,Phone,partnet_mobility,4,Phone:4,2f82f725d40f368fb0334b06e48a940df4d9759a20117f50196b8908a99cecf1:103814,82780,a46ef75ad9565929df555989278f06a6aee9edb21cb56134b955889a4f434ea4,reused_valid,0.0,2026-08-31T10:58:57.995293Z,2026-08-31T10:58:58.001110Z,,"{""asset_dir"": ""/mnt/zsn/lyb/arti-skill/exp/PartNet-Mobility/data/dataset/103814"", ""base_renderer"": {""path"": ""/mnt/zsn/lyb/arti-skill/exp/scripts/render_articraft10k_asset_blender.py"", ""sha256"": ""24669921702ddf11c9668e16692f3a4cb7e5b40e040e215a878b92cdd294fe22""}, ""camera_distance"": 3.4269983206354273, ""device"": ""OPTIX"", ""geometry"": {""mesh_visual_count"": 27, ""primitive_counts"": {""box"": 0, ""cylinder"": 0, ""sphere"": 0}}, ""material_policy"": ""native OBJ/MTL diffuse materials, forced opaque; neutral fallback"", ""materials"": 53, ""objects"": 27, ""output"": ""/mnt/zsn/lyb/arti-skill/exp/partnet_mobility_uniform_n5_studio_256_v1/Phone/103814/imgs/000.png"", ""radius"": 1.0407850795701739, ""root_link"": ""base"", ""shared_renderer"": {""path"": ""/mnt/zsn/lyb/arti-skill/arti-template/scripts/render_exported_asset_blender.py"", ""sha256"": ""f418515a9817218b08d577d95983ec934c34ddf19f17bb89c73bf52aa60bb3a7""}, ""visuals"": 27}"
145,Phone,103699,/mnt/zsn/lyb/arti-skill/exp/PartNet-Mobility/data/dataset/103699,103699,/mnt/zsn/lyb/arti-skill/exp/PartNet-Mobility/data/dataset/103699/mobility.urdf,103699/mobility.urdf,15158,11c69ad13bbce39261531fc0babf8c3175d43c8e62e0fa427960c76010b36538,89,168365,7f42ca4bd80a4a5d220aa06188402df2ff1227d13657dbf9434ec28574a4d4b8,d38cd6477f942adaac759994d59b5052c2101c218ff68a6e5c8a7fdb741b52aa,3c557a8d21148a52e4a3846f07e261f297ec552f570385eac43d5fd9787ddfe6,False,/mnt/zsn/lyb/arti-skill/exp/partnet_mobility_uniform_n5_studio_256_v1/Phone/103699/imgs/000.png,1203,partnet_mobility:Phone:103699:5,28,28,Phone,partnet_mobility,5,Phone:5,3c557a8d21148a52e4a3846f07e261f297ec552f570385eac43d5fd9787ddfe6:103699,70670,b6605f8d4085f96a23f789150fd35bf9eaa7ccc3c365d496076b59792e8341cf,reused_valid,0.0,2026-08-31T10:58:57.997827Z,2026-08-31T10:58:58.002868Z,,"{""asset_dir"": ""/mnt/zsn/lyb/arti-skill/exp/PartNet-Mobility/data/dataset/103699"", ""base_renderer"": {""path"": ""/mnt/zsn/lyb/arti-skill/exp/scripts/render_articraft10k_asset_blender.py"", ""sha256"": ""24669921702ddf11c9668e16692f3a4cb7e5b40e040e215a878b92cdd294fe22""}, ""camera_distance"": 3.623054102596616, ""device"": ""OPTIX"", ""geometry"": {""mesh_visual_count"": 41, ""primitive_counts"": {""box"": 0, ""cylinder"": 0, ""sphere"": 0}}, ""material_policy"": ""native OBJ/MTL diffuse materials, forced opaque; neutral fallback"", ""materials"": 42, ""objects"": 41, ""output"": ""/mnt/zsn/lyb/arti-skill/exp/partnet_mobility_uniform_n5_studio_256_v1/Phone/103699/imgs/000.png"", ""radius"": 1.1003275460487782, ""root_link"": ""base"", ""shared_renderer"": {""path"": ""/mnt/zsn/lyb/arti-skill/arti-template/scripts/render_exported_asset_blender.py"", ""sha256"": ""f418515a9817218b08d577d95983ec934c34ddf19f17bb89c73bf52aa60bb3a7""}, ""visuals"": 41}"
146,Pliers,102221,/mnt/zsn/lyb/arti-skill/exp/PartNet-Mobility/data/dataset/102221,102221,/mnt/zsn/lyb/arti-skill/exp/PartNet-Mobility/data/dataset/102221/mobility.urdf,102221/mobility.urdf,4686,c4f64b0adaf62071d266a0cfe462abbc0cebe277339d0037b447eb2c03a9a261,35,469894,6af1aa04467e828787e86999bcb42f5fdeec799248d70a21fa0ccf13167200f3,13842df8cddbf9770f3a2a25a8873b0f3f412b63bf1da5c52713c47034dd518f,0ecae6b1866e98c5a7e7c0ca3b97cfffd323ad1a2ea1548f120b4f0980b79acb,True,/mnt/zsn/lyb/arti-skill/exp/partnet_mobility_uniform_n5_studio_256_v1/Pliers/102221/imgs/000.png,691,partnet_mobility:Pliers:102221:1,29,29,Pliers,partnet_mobility,1,Pliers:1,0ecae6b1866e98c5a7e7c0ca3b97cfffd323ad1a2ea1548f120b4f0980b79acb:102221,74055,377adf46c69830d4ac625cc6fe4c7a544d13a4cf6977253df588ce2fe28eb29f,reused_valid,0.0,2026-08-31T10:58:58.000385Z,2026-08-31T10:58:58.004987Z,,"{""asset_dir"": ""/mnt/zsn/lyb/arti-skill/exp/PartNet-Mobility/data/dataset/102221"", ""base_renderer"": {""path"": ""/mnt/zsn/lyb/arti-skill/exp/scripts/render_articraft10k_asset_blender.py"", ""sha256"": ""24669921702ddf11c9668e16692f3a4cb7e5b40e040e215a878b92cdd294fe22""}, ""camera_distance"": 3.028016860129993, ""device"": ""OPTIX"", ""geometry"": {""mesh_visual_count"": 14, ""primitive_counts"": {""box"": 0, ""cylinder"": 0, ""sphere"": 0}}, ""material_policy"": ""native OBJ/MTL diffuse materials, forced opaque; neutral fallback"", ""materials"": 14, ""objects"": 14, ""output"": ""/mnt/zsn/lyb/arti-skill/exp/partnet_mobility_uniform_n5_studio_256_v1/Pliers/102221/imgs/000.png"", ""radius"": 0.9196137476151068, ""root_link"": ""base"", ""shared_renderer"": {""path"": ""/mnt/zsn/lyb/arti-skill/arti-template/scripts/render_exported_asset_blender.py"", ""sha256"": ""f418515a9817218b08d577d95983ec934c34ddf19f17bb89c73bf52aa60bb3a7""}, ""visuals"": 14}"
147,Pliers,100178,/mnt/zsn/lyb/arti-skill/exp/PartNet-Mobility/data/dataset/100178,100178,/mnt/zsn/lyb/arti-skill/exp/PartNet-Mobility/data/dataset/100178/mobility.urdf,100178/mobility.urdf,6654,a73f65cf4ef72028a20024ceaf9dea1e2166d3519f847159c6d4b0430f7d2910,51,2373169,3ffb33d9286738dc109eb6f951468b5b3a2cefad2f1f357cf76e4497dc7e0f51,5b0b0c43ca8eb564396eede03bb96fd4f63446adb0ddd711efb2e287824bdf9d,10768682d2911c0a79d67e93d9639d18eb6223c101ec2a65786318b0941cdc01,False,/mnt/zsn/lyb/arti-skill/exp/partnet_mobility_uniform_n5_studio_256_v1/Pliers/100178/imgs/000.png,57,partnet_mobility:Pliers:100178:2,29,29,Pliers,partnet_mobility,2,Pliers:2,10768682d2911c0a79d67e93d9639d18eb6223c101ec2a65786318b0941cdc01:100178,71228,a829755b289917928b2c14810fb054e803632460699e7d0a23b7ebb25d654f78,reused_valid,0.0,2026-08-31T10:58:58.001138Z,2026-08-31T10:58:58.005711Z,,"{""asset_dir"": ""/mnt/zsn/lyb/arti-skill/exp/PartNet-Mobility/data/dataset/100178"", ""base_renderer"": {""path"": ""/mnt/zsn/lyb/arti-skill/exp/scripts/render_articraft10k_asset_blender.py"", ""sha256"": ""24669921702ddf11c9668e16692f3a4cb7e5b40e040e215a878b92cdd294fe22""}, ""camera_distance"": 2.6686920288561367, ""device"": ""OPTIX"", ""geometry"": {""mesh_visual_count"": 21, ""primitive_counts"": {""box"": 0, ""cylinder"": 0, ""sphere"": 0}}, ""material_policy"": ""native OBJ/MTL diffuse materials, forced opaque; neutral fallback"", ""materials"": 32, ""objects"": 21, ""output"": ""/mnt/zsn/lyb/arti-skill/exp/partnet_mobility_uniform_n5_studio_256_v1/Pliers/100178/imgs/000.png"", ""radius"": 0.810486199796654, ""root_link"": ""base"", ""shared_renderer"": {""path"": ""/mnt/zsn/lyb/arti-skill/arti-template/scripts/render_exported_asset_blender.py"", ""sha256"": ""f418515a9817218b08d577d95983ec934c34ddf19f17bb89c73bf52aa60bb3a7""}, ""visuals"": 21}"
148,Pliers,100705,/mnt/zsn/lyb/arti-skill/exp/PartNet-Mobility/data/dataset/100705,100705,/mnt/zsn/lyb/arti-skill/exp/PartNet-Mobility/data/dataset/100705/mobility.urdf,100705/mobility.urdf,26012,0ed21eaf1baa57fa615d35899efdf2886736e2bd7f079c643adc3be79a6ce77f,179,2362227,f201259daa89adc962073922d78caaf303d4dc325004b51b7989c04212dde5b1,ab3bfd28ca728a0068c442a0baeaecdad6c7a784b26ecd36a083b8bd90138dbd,1148ee8b6a9f178421e986a4d763a8f3daa1bb114e0ae91755a295eeeb6945cc,False,/mnt/zsn/lyb/arti-skill/exp/partnet_mobility_uniform_n5_studio_256_v1/Pliers/100705/imgs/000.png,194,partnet_mobility:Pliers:100705:3,29,29,Pliers,partnet_mobility,3,Pliers:3,1148ee8b6a9f178421e986a4d763a8f3daa1bb114e0ae91755a295eeeb6945cc:100705,80127,b961eaed930d4521740ea675f007235e88dba10ecd5fbc66584325d1a86342e8,reused_valid,0.0,2026-08-31T10:58:58.002894Z,2026-08-31T10:58:58.007826Z,,"{""asset_dir"": ""/mnt/zsn/lyb/arti-skill/exp/PartNet-Mobility/data/dataset/100705"", ""base_renderer"": {""path"": ""/mnt/zsn/lyb/arti-skill/exp/scripts/render_articraft10k_asset_blender.py"", ""sha256"": ""24669921702ddf11c9668e16692f3a4cb7e5b40e040e215a878b92cdd294fe22""}, ""camera_distance"": 2.845962314682455, ""device"": ""OPTIX"", ""geometry"": {""mesh_visual_count"": 86, ""primitive_counts"": {""box"": 0, ""cylinder"": 0, ""sphere"": 0}}, ""material_policy"": ""native OBJ/MTL diffuse materials, forced opaque; neutral fallback"", ""materials"": 103, ""objects"": 86, ""output"": ""/mnt/zsn/lyb/arti-skill/exp/partnet_mobility_uniform_n5_studio_256_v1/Pliers/100705/imgs/000.png"", ""radius"": 0.8643234799109211, ""root_link"": ""base"", ""shared_renderer"": {""path"": ""/mnt/zsn/lyb/arti-skill/arti-template/scripts/render_exported_asset_blender.py"", ""sha256"": ""f418515a9817218b08d577d95983ec934c34ddf19f17bb89c73bf52aa60bb3a7""}, ""visuals"": 86}"
149,Pliers,100144,/mnt/zsn/lyb/arti-skill/exp/PartNet-Mobility/data/dataset/100144,100144,/mnt/zsn/lyb/arti-skill/exp/PartNet-Mobility/data/dataset/100144/mobility.urdf,100144/mobility.urdf,1742,f2b540609860bcc93e47ba44df157a51a2409f31d50ed8b3b73983099bd711c7,16,111742,9d13dceefa8f512346fc0ca8e5e597ba9ab54d6e884bff25a48019bce9746ed9,ff03439331fb85c1f18b29823d31d594844a09ec4af934acb1321f018436b8e2,16a57e5d8d61070e2d6959c7a302fa701734fd2fe71f423574fdda3d94ae5758,False,/mnt/zsn/lyb/arti-skill/exp/partnet_mobility_uniform_n5_studio_256_v1/Pliers/100144/imgs/000.png,50,partnet_mobility:Pliers:100144:4,29,29,Pliers,partnet_mobility,4,Pliers:4,16a57e5d8d61070e2d6959c7a302fa701734fd2fe71f423574fdda3d94ae5758:100144,72489,117f0d2b810bef1c5bfd6439052e4cdfd536618e27a5393f51047a70c85fb635,reused_valid,0.0,2026-08-31T10:58:58.005013Z,2026-08-31T10:58:58.009864Z,,"{""asset_dir"": ""/mnt/zsn/lyb/arti-skill/exp/PartNet-Mobility/data/dataset/100144"", ""base_renderer"": {""path"": ""/mnt/zsn/lyb/arti-skill/exp/scripts/render_articraft10k_asset_blender.py"", ""sha256"": ""24669921702ddf11c9668e16692f3a4cb7e5b40e040e215a878b92cdd294fe22""}, ""camera_distance"": 3.263591325793848, ""device"": ""OPTIX"", ""geometry"": {""mesh_visual_count"": 4, ""primitive_counts"": {""box"": 0, ""cylinder"": 0, ""sphere"": 0}}, ""material_policy"": ""native OBJ/MTL diffuse materials, forced opaque; neutral fallback"", ""materials"": 4, ""objects"": 4, ""output"": ""/mnt/zsn/lyb/arti-skill/exp/partnet_mobility_uniform_n5_studio_256_v1/Pliers/100144/imgs/000.png"", ""radius"": 0.9911581039441741, ""root_link"": ""base"", ""shared_renderer"": {""path"": ""/mnt/zsn/lyb/arti-skill/arti-template/scripts/render_exported_asset_blender.py"", ""sha256"": ""f418515a9817218b08d577d95983ec934c34ddf19f17bb89c73bf52aa60bb3a7""}, ""visuals"": 4}"
150,Pliers,100150,/mnt/zsn/lyb/arti-skill/exp/PartNet-Mobility/data/dataset/100150,100150,/mnt/zsn/lyb/arti-skill/exp/PartNet-Mobility/data/dataset/100150/mobility.urdf,100150/mobility.urdf,5794,ed00c89f810970e5038804ab20eba9052cb3d2a0036358538a803c7bcb2f1ad8,45,1899831,f7ef014df3c170634130dca925e5a9db99305e4ac25fcf73ee3b477fdb6af250,fba36450c15212c9804f30c4e6fe859788f4a03e62f8d519849404a5e7721d26,2080415a4cacef9a74a65e502cc76195a4e0938a5f8895378339d009e2a8af85,False,/mnt/zsn/lyb/arti-skill/exp/partnet_mobility_uniform_n5_studio_256_v1/Pliers/100150/imgs/000.png,52,partnet_mobility:Pliers:100150:5,29,29,Pliers,partnet_mobility,5,Pliers:5,2080415a4cacef9a74a65e502cc76195a4e0938a5f8895378339d009e2a8af85:100150,73353,68b68d594e7604beb2bc258f15c18dbccdcc687b16ad7136d5794316949669ec,reused_valid,0.0,2026-08-31T10:58:58.005737Z,2026-08-31T10:58:58.010580Z,,"{""asset_dir"": ""/mnt/zsn/lyb/arti-skill/exp/PartNet-Mobility/data/dataset/100150"", ""base_renderer"": {""path"": ""/mnt/zsn/lyb/arti-skill/exp/scripts/render_articraft10k_asset_blender.py"", ""sha256"": ""24669921702ddf11c9668e16692f3a4cb7e5b40e040e215a878b92cdd294fe22""}, ""camera_distance"": 3.040731341581317, ""device"": ""OPTIX"", ""geometry"": {""mesh_visual_count"": 18, ""primitive_counts"": {""box"": 0, ""cylinder"": 0, ""sphere"": 0}}, ""material_policy"": ""native OBJ/MTL diffuse materials, forced opaque; neutral fallback"", ""materials"": 20, ""objects"": 18, ""output"": ""/mnt/zsn/lyb/arti-skill/exp/partnet_mobility_uniform_n5_studio_256_v1/Pliers/100150/imgs/000.png"", ""radius"": 0.9234751567407922, ""root_link"": ""base"", ""shared_renderer"": {""path"": ""/mnt/zsn/lyb/arti-skill/arti-template/scripts/render_exported_asset_blender.py"", ""sha256"": ""f418515a9817218b08d577d95983ec934c34ddf19f17bb89c73bf52aa60bb3a7""}, ""visuals"": 18}"
151,Printer,104009,/mnt/zsn/lyb/arti-skill/exp/PartNet-Mobility/data/dataset/104009,104009,/mnt/zsn/lyb/arti-skill/exp/PartNet-Mobility/data/dataset/104009/mobility.urdf,104009/mobility.urdf,63635,17caeb3aff363b3b7e51926e9657d8e5fad8260c23b568d64c56b350e31a2e85,423,594974,5fa655334c619daf1eb4a45243ebf01594ccc1f916f6e34ee8752a265359d1c8,b397708436871455327b883eedaa755d31f1109ac93ab5f161827b91c0f73a38,07b9e6f47fbfa4a4fa4dae36114e81fe072aba30e85501afa2d285cebe121fe6,True,/mnt/zsn/lyb/arti-skill/exp/partnet_mobility_uniform_n5_studio_256_v1/Printer/104009/imgs/000.png,1269,partnet_mobility:Printer:104009:1,30,30,Printer,partnet_mobility,1,Printer:1,07b9e6f47fbfa4a4fa4dae36114e81fe072aba30e85501afa2d285cebe121fe6:104009,73644,4c5e99e654f0a0630260f0df25d32c8d247ea6b1cb7d496d3c3fa3edd8c40493,reused_valid,0.0,2026-08-31T10:58:58.007852Z,2026-08-31T10:58:58.012940Z,,"{""asset_dir"": ""/mnt/zsn/lyb/arti-skill/exp/PartNet-Mobility/data/dataset/104009"", ""base_renderer"": {""path"": ""/mnt/zsn/lyb/arti-skill/exp/scripts/render_articraft10k_asset_blender.py"", ""sha256"": ""24669921702ddf11c9668e16692f3a4cb7e5b40e040e215a878b92cdd294fe22""}, ""camera_distance"": 3.4878954484938536, ""device"": ""OPTIX"", ""geometry"": {""mesh_visual_count"": 208, ""primitive_counts"": {""box"": 0, ""cylinder"": 0, ""sphere"": 0}}, ""material_policy"": ""native OBJ/MTL diffuse materials, forced opaque; neutral fallback"", ""materials"": 214, ""objects"": 208, ""output"": ""/mnt/zsn/lyb/arti-skill/exp/partnet_mobility_uniform_n5_studio_256_v1/Printer/104009/imgs/000.png"", ""radius"": 1.0592796384037992, ""root_link"": ""base"", ""shared_renderer"": {""path"": ""/mnt/zsn/lyb/arti-skill/arti-template/scripts/render_exported_asset_blender.py"", ""sha256"": ""f418515a9817218b08d577d95983ec934c34ddf19f17bb89c73bf52aa60bb3a7""}, ""visuals"": 208}"
152,Printer,103988,/mnt/zsn/lyb/arti-skill/exp/PartNet-Mobility/data/dataset/103988,103988,/mnt/zsn/lyb/arti-skill/exp/PartNet-Mobility/data/dataset/103988/mobility.urdf,103988/mobility.urdf,11415,9596eddbb2d313d8799656d038cba0daa9295cfc59ab1abea1d2928e512bde81,63,161731,03dab4d4667d6630659663367c9303894725bfd0b40b7f529209487d365f0223,fddeba3b3efa31025f226444d30dd56ed6c4ddfa06adb927cd69586665db8ea2,1731848ef0a631b4a361db27ef6a37c4e0eb3c7c72d65f990317f80ec002aa0e,False,/mnt/zsn/lyb/arti-skill/exp/partnet_mobility_uniform_n5_studio_256_v1/Printer/103988/imgs/000.png,1261,partnet_mobility:Printer:103988:2,30,30,Printer,partnet_mobility,2,Printer:2,1731848ef0a631b4a361db27ef6a37c4e0eb3c7c72d65f990317f80ec002aa0e:103988,73858,11fbe3e1fd80e9254a1b0a2c1485bc5fa5e7e1186d512c300aa3f5309a583a80,reused_valid,0.0,2026-08-31T10:58:58.009890Z,2026-08-31T10:58:58.015030Z,,"{""asset_dir"": ""/mnt/zsn/lyb/arti-skill/exp/PartNet-Mobility/data/dataset/103988"", ""base_renderer"": {""path"": ""/mnt/zsn/lyb/arti-skill/exp/scripts/render_articraft10k_asset_blender.py"", ""sha256"": ""24669921702ddf11c9668e16692f3a4cb7e5b40e040e215a878b92cdd294fe22""}, ""camera_distance"": 3.51985819707982, ""device"": ""OPTIX"", ""geometry"": {""mesh_visual_count"": 28, ""primitive_counts"": {""box"": 0, ""cylinder"": 0, ""sphere"": 0}}, ""material_policy"": ""native OBJ/MTL diffuse materials, forced opaque; neutral fallback"", ""materials"": 47, ""objects"": 28, ""output"": ""/mnt/zsn/lyb/arti-skill/exp/partnet_mobility_uniform_n5_studio_256_v1/Printer/103988/imgs/000.png"", ""radius"": 1.0689867782147573, ""root_link"": ""base"", ""shared_renderer"": {""path"": ""/mnt/zsn/lyb/arti-skill/arti-template/scripts/render_exported_asset_blender.py"", ""sha256"": ""f418515a9817218b08d577d95983ec934c34ddf19f17bb89c73bf52aa60bb3a7""}, ""visuals"": 28}"
153,Printer,103894,/mnt/zsn/lyb/arti-skill/exp/PartNet-Mobility/data/dataset/103894,103894,/mnt/zsn/lyb/arti-skill/exp/PartNet-Mobility/data/dataset/103894/mobility.urdf,103894/mobility.urdf,21267,e3851bc6b777f88c99886bd602146fc74d8e9713b3061d2f013bd2f5c2fce106,152,2468960,1c1487be890d427d06a3cfd98c735de274633af2d283926bf2ef6c925b931c8e,857d717f04317042ac3593757af5020a4e8ac27e7bd56da5758b67f7a55698a1,2b8bf57d9d7f6d47adef63c8bdfe353975c7bd7fb5685d0cb627444aca1cc1af,False,/mnt/zsn/lyb/arti-skill/exp/partnet_mobility_uniform_n5_studio_256_v1/Printer/103894/imgs/000.png,1243,partnet_mobility:Printer:103894:3,30,30,Printer,partnet_mobility,3,Printer:3,2b8bf57d9d7f6d47adef63c8bdfe353975c7bd7fb5685d0cb627444aca1cc1af:103894,77033,d1865fd37dbd2286c893ab0cb913af68c1d9c6ebd53f410b1fa4309f3a4b04ed,reused_valid,0.0,2026-08-31T10:58:58.010605Z,2026-08-31T10:58:58.015798Z,,"{""asset_dir"": ""/mnt/zsn/lyb/arti-skill/exp/PartNet-Mobility/data/dataset/103894"", ""base_renderer"": {""path"": ""/mnt/zsn/lyb/arti-skill/exp/scripts/render_articraft10k_asset_blender.py"", ""sha256"": ""24669921702ddf11c9668e16692f3a4cb7e5b40e040e215a878b92cdd294fe22""}, ""camera_distance"": 5.218731757897188, ""device"": ""OPTIX"", ""geometry"": {""mesh_visual_count"": 72, ""primitive_counts"": {""box"": 0, ""cylinder"": 0, ""sphere"": 0}}, ""material_policy"": ""native OBJ/MTL diffuse materials, forced opaque; neutral fallback"", ""materials"": 87, ""objects"": 72, ""output"": ""/mnt/zsn/lyb/arti-skill/exp/partnet_mobility_uniform_n5_studio_256_v1/Printer/103894/imgs/000.png"", ""radius"": 1.5849374991497824, ""root_link"": ""base"", ""shared_renderer"": {""path"": ""/mnt/zsn/lyb/arti-skill/arti-template/scripts/render_exported_asset_blender.py"", ""sha256"": ""f418515a9817218b08d577d95983ec934c34ddf19f17bb89c73bf52aa60bb3a7""}, ""visuals"": 72}"
154,Printer,104006,/mnt/zsn/lyb/arti-skill/exp/PartNet-Mobility/data/dataset/104006,104006,/mnt/zsn/lyb/arti-skill/exp/PartNet-Mobility/data/dataset/104006/mobility.urdf,104006/mobility.urdf,35725,5614116b98b8adfceaad8435a80227037d7ddcf4c6b959456e22130b5b8102ab,234,1134688,bc7215fbfb7fd479518b768ea278cc81f8d92bc2d2d8a52dada9c0df2efa7c5c,193ae13a241878726dd22a1715f1e70d438e6ec9f66705b81c639bd00ee09d3c,591f72bdd0b29822555845bcfabb1e926e9098ec70e891bb1b7a072654f36161,False,/mnt/zsn/lyb/arti-skill/exp/partnet_mobility_uniform_n5_studio_256_v1/Printer/104006/imgs/000.png,1267,partnet_mobility:Printer:104006:4,30,30,Printer,partnet_mobility,4,Printer:4,591f72bdd0b29822555845bcfabb1e926e9098ec70e891bb1b7a072654f36161:104006,79976,ef21409e8c67ddd95f40872cbca9da2078c6b06aa62bea61a3f838806f2e4073,reused_valid,0.0,2026-08-31T10:58:58.012964Z,2026-08-31T10:58:58.018852Z,,"{""asset_dir"": ""/mnt/zsn/lyb/arti-skill/exp/PartNet-Mobility/data/dataset/104006"", ""base_renderer"": {""path"": ""/mnt/zsn/lyb/arti-skill/exp/scripts/render_articraft10k_asset_blender.py"", ""sha256"": ""24669921702ddf11c9668e16692f3a4cb7e5b40e040e215a878b92cdd294fe22""}, ""camera_distance"": 3.330084238016491, ""device"": ""OPTIX"", ""geometry"": {""mesh_visual_count"": 112, ""primitive_counts"": {""box"": 0, ""cylinder"": 0, ""sphere"": 0}}, ""material_policy"": ""native OBJ/MTL diffuse materials, forced opaque; neutral fallback"", ""materials"": 115, ""objects"": 112, ""output"": ""/mnt/zsn/lyb/arti-skill/exp/partnet_mobility_uniform_n5_studio_256_v1/Printer/104006/imgs/000.png"", ""radius"": 1.0113521117794813, ""root_link"": ""base"", ""shared_renderer"": {""path"": ""/mnt/zsn/lyb/arti-skill/arti-template/scripts/render_exported_asset_blender.py"", ""sha256"": ""f418515a9817218b08d577d95983ec934c34ddf19f17bb89c73bf52aa60bb3a7""}, ""visuals"": 112}"
155,Printer,103869,/mnt/zsn/lyb/arti-skill/exp/PartNet-Mobility/data/dataset/103869,103869,/mnt/zsn/lyb/arti-skill/exp/PartNet-Mobility/data/dataset/103869/mobility.urdf,103869/mobility.urdf,54772,1ef04f6b4784319918221f26918b5aefa9cbe4081ecb2ff7d06f8b01a6c65ad8,277,472058,9bd5dbf4a13f7b3ac9e97e2b843f461e7468d5635db7c18738b60577f5a80049,9c92bc3b322b4f37fc01850759f9d9a5e66eb21bfd76cc2164fd9e1fba103ac5,599b09e18e3daeb4fcb9acd497dfcd7d59ac0e548ebaf5734287829deceb36eb,False,/mnt/zsn/lyb/arti-skill/exp/partnet_mobility_uniform_n5_studio_256_v1/Printer/103869/imgs/000.png,1238,partnet_mobility:Printer:103869:5,30,30,Printer,partnet_mobility,5,Printer:5,599b09e18e3daeb4fcb9acd497dfcd7d59ac0e548ebaf5734287829deceb36eb:103869,75848,301953dac163eb2385d7e16b52598cfa4252e7245ede5b7bb3d808492d2920f4,reused_valid,0.0,2026-08-31T10:58:58.015063Z,2026-08-31T10:58:58.021646Z,,"{""asset_dir"": ""/mnt/zsn/lyb/arti-skill/exp/PartNet-Mobility/data/dataset/103869"", ""base_renderer"": {""path"": ""/mnt/zsn/lyb/arti-skill/exp/scripts/render_articraft10k_asset_blender.py"", ""sha256"": ""24669921702ddf11c9668e16692f3a4cb7e5b40e040e215a878b92cdd294fe22""}, ""camera_distance"": 3.660294406200641, ""device"": ""OPTIX"", ""geometry"": {""mesh_visual_count"": 135, ""primitive_counts"": {""box"": 0, ""cylinder"": 0, ""sphere"": 0}}, ""material_policy"": ""native OBJ/MTL diffuse materials, forced opaque; neutral fallback"", ""materials"": 135, ""objects"": 135, ""output"": ""/mnt/zsn/lyb/arti-skill/exp/partnet_mobility_uniform_n5_studio_256_v1/Printer/103869/imgs/000.png"", ""radius"": 1.111637488080657, ""root_link"": ""base"", ""shared_renderer"": {""path"": ""/mnt/zsn/lyb/arti-skill/arti-template/scripts/render_exported_asset_blender.py"", ""sha256"": ""f418515a9817218b08d577d95983ec934c34ddf19f17bb89c73bf52aa60bb3a7""}, ""visuals"": 135}"
156,Refrigerator,10068,/mnt/zsn/lyb/arti-skill/exp/PartNet-Mobility/data/dataset/10068,10068,/mnt/zsn/lyb/arti-skill/exp/PartNet-Mobility/data/dataset/10068/mobility.urdf,10068/mobility.urdf,6036,62ac52e846b36fb16b82bb810f295d297cb19fcdb2d843dbab4571a9450fed3d,92,3812666,cdd136a66cc6d24cb4b72bfe0b13cf9c4e90fffce6ce7098d497a0229264ccc2,640f185dbda9a7a10b1bffc3446f6159efc956c11c402d90b505603e58d8c31d,12007f07fca5e79c600461f5d013e4143e770a83d58c237bd5ffbe4c158be297,True,/mnt/zsn/lyb/arti-skill/exp/partnet_mobility_uniform_n5_studio_256_v1/Refrigerator/10068/imgs/000.png,191,partnet_mobility:Refrigerator:10068:1,31,31,Refrigerator,partnet_mobility,1,Refrigerator:1,12007f07fca5e79c600461f5d013e4143e770a83d58c237bd5ffbe4c158be297:10068,83140,ce73e258a42b914744ebd122002e061363f8640676928d0592b0603d5a3a1a0f,reused_valid,0.0,2026-08-31T10:58:58.015823Z,2026-08-31T10:58:58.021471Z,,"{""asset_dir"": ""/mnt/zsn/lyb/arti-skill/exp/PartNet-Mobility/data/dataset/10068"", ""base_renderer"": {""path"": ""/mnt/zsn/lyb/arti-skill/exp/scripts/render_articraft10k_asset_blender.py"", ""sha256"": ""24669921702ddf11c9668e16692f3a4cb7e5b40e040e215a878b92cdd294fe22""}, ""camera_distance"": 3.303559532917885, ""device"": ""OPTIX"", ""geometry"": {""mesh_visual_count"": 14, ""primitive_counts"": {""box"": 0, ""cylinder"": 0, ""sphere"": 0}}, ""material_policy"": ""native OBJ/MTL diffuse materials, forced opaque; neutral fallback"", ""materials"": 33, ""objects"": 14, ""output"": ""/mnt/zsn/lyb/arti-skill/exp/partnet_mobility_uniform_n5_studio_256_v1/Refrigerator/10068/imgs/000.png"", ""radius"": 1.003296514804018, ""root_link"": ""base"", ""shared_renderer"": {""path"": ""/mnt/zsn/lyb/arti-skill/arti-template/scripts/render_exported_asset_blender.py"", ""sha256"": ""f418515a9817218b08d577d95983ec934c34ddf19f17bb89c73bf52aa60bb3a7""}, ""visuals"": 14}"
157,Refrigerator,10638,/mnt/zsn/lyb/arti-skill/exp/PartNet-Mobility/data/dataset/10638,10638,/mnt/zsn/lyb/arti-skill/exp/PartNet-Mobility/data/dataset/10638/mobility.urdf,10638/mobility.urdf,2925,a522fe0d8491943fc7debee189f47958d1212df7fd2ad21e2debdd862453ff8d,65,3668056,e6ee738fe9691faeed23c859108684481ca37c1161998ab0e7df852d3445f9f3,6ae401415b98001b25492738da0a9c71f657a5e50bd2c7cbf858289ac790e62d,19f2fb46a8b8dc3ca62c453fbd22cd6051cd6dcebefa103a15ee40c93b022d0d,False,/mnt/zsn/lyb/arti-skill/exp/partnet_mobility_uniform_n5_studio_256_v1/Refrigerator/10638/imgs/000.png,1308,partnet_mobility:Refrigerator:10638:2,31,31,Refrigerator,partnet_mobility,2,Refrigerator:2,19f2fb46a8b8dc3ca62c453fbd22cd6051cd6dcebefa103a15ee40c93b022d0d:10638,69006,fd7cff70ec5699b7b5ce941d21b5a24a74fc57e4e1983b6d6c1431721bf08d21,reused_valid,0.0,2026-08-31T10:58:58.018877Z,2026-08-31T10:58:58.024041Z,,"{""asset_dir"": ""/mnt/zsn/lyb/arti-skill/exp/PartNet-Mobility/data/dataset/10638"", ""base_renderer"": {""path"": ""/mnt/zsn/lyb/arti-skill/exp/scripts/render_articraft10k_asset_blender.py"", ""sha256"": ""24669921702ddf11c9668e16692f3a4cb7e5b40e040e215a878b92cdd294fe22""}, ""camera_distance"": 3.339805237779463, ""device"": ""OPTIX"", ""geometry"": {""mesh_visual_count"": 6, ""primitive_counts"": {""box"": 0, ""cylinder"": 0, ""sphere"": 0}}, ""material_policy"": ""native OBJ/MTL diffuse materials, forced opaque; neutral fallback"", ""materials"": 6, ""objects"": 6, ""output"": ""/mnt/zsn/lyb/arti-skill/exp/partnet_mobility_uniform_n5_studio_256_v1/Refrigerator/10638/imgs/000.png"", ""radius"": 1.0143043955465567, ""root_link"": ""base"", ""shared_renderer"": {""path"": ""/mnt/zsn/lyb/arti-skill/arti-template/scripts/render_exported_asset_blender.py"", ""sha256"": ""f418515a9817218b08d577d95983ec934c34ddf19f17bb89c73bf52aa60bb3a7""}, ""visuals"": 6}"
158,Refrigerator,10905,/mnt/zsn/lyb/arti-skill/exp/PartNet-Mobility/data/dataset/10905,10905,/mnt/zsn/lyb/arti-skill/exp/PartNet-Mobility/data/dataset/10905/mobility.urdf,10905/mobility.urdf,5176,223e60f153afc57fffa79720034c744f654435abf64f265ba64948932b184834,116,4168592,7b463e8f0a70313ad493b22923e41f02672671c1bf0d60f08965b9fa2be8e614,6a68c495bd90332fc96026597f245d52fc1f4473eb41657f3abd478b4ce7fc7d,21515b45897c411db7f2374ad1316e25711b26fcc728ba511f35779f5267b1ea,False,/mnt/zsn/lyb/arti-skill/exp/partnet_mobility_uniform_n5_studio_256_v1/Refrigerator/10905/imgs/000.png,1326,partnet_mobility:Refrigerator:10905:3,31,31,Refrigerator,partnet_mobility,3,Refrigerator:3,21515b45897c411db7f2374ad1316e25711b26fcc728ba511f35779f5267b1ea:10905,73408,13db7f42db8d210529ae42e49c7fb9f3f109351df2e3ceffe70c7b0472576b10,reused_valid,0.0,2026-08-31T10:58:58.021496Z,2026-08-31T10:58:58.026881Z,,"{""asset_dir"": ""/mnt/zsn/lyb/arti-skill/exp/PartNet-Mobility/data/dataset/10905"", ""base_renderer"": {""path"": ""/mnt/zsn/lyb/arti-skill/exp/scripts/render_articraft10k_asset_blender.py"", ""sha256"": ""24669921702ddf11c9668e16692f3a4cb7e5b40e040e215a878b92cdd294fe22""}, ""camera_distance"": 3.1485756049412195, ""device"": ""OPTIX"", ""geometry"": {""mesh_visual_count"": 15, ""primitive_counts"": {""box"": 0, ""cylinder"": 0, ""sphere"": 0}}, ""material_policy"": ""native OBJ/MTL diffuse materials, forced opaque; neutral fallback"", ""materials"": 52, ""objects"": 15, ""output"": ""/mnt/zsn/lyb/arti-skill/exp/partnet_mobility_uniform_n5_studio_256_v1/Refrigerator/10905/imgs/000.png"", ""radius"": 0.956227638569091, ""root_link"": ""base"", ""shared_renderer"": {""path"": ""/mnt/zsn/lyb/arti-skill/arti-template/scripts/render_exported_asset_blender.py"", ""sha256"": ""f418515a9817218b08d577d95983ec934c34ddf19f17bb89c73bf52aa60bb3a7""}, ""visuals"": 15}"
159,Refrigerator,12036,/mnt/zsn/lyb/arti-skill/exp/PartNet-Mobility/data/dataset/12036,12036,/mnt/zsn/lyb/arti-skill/exp/PartNet-Mobility/data/dataset/12036/mobility.urdf,12036/mobility.urdf,4464,c23a888da1fae6616292b2cc82351852f8c7eb06ca828770286d38db32d0b750,99,4358929,ed650d3b205952c44c8a21248547e54b91772bc322b96c179e4151c1e80167f2,0aa7bb74c99868a32c46f722adfed488a6206560c5d8d44e6c51ed4ab2e8ae99,24ac4a663447e96bddd145e7ac12775c1764e439d27fd011eeb3b761204c90d1,False,/mnt/zsn/lyb/arti-skill/exp/partnet_mobility_uniform_n5_studio_256_v1/Refrigerator/12036/imgs/000.png,1395,partnet_mobility:Refrigerator:12036:4,31,31,Refrigerator,partnet_mobility,4,Refrigerator:4,24ac4a663447e96bddd145e7ac12775c1764e439d27fd011eeb3b761204c90d1:12036,69065,f66b4ca5d1fa42a0fa2bf6cab956250fd9ef5c662e022692d3d8c80ee308a3f5,reused_valid,0.0,2026-08-31T10:58:58.021673Z,2026-08-31T10:58:58.027758Z,,"{""asset_dir"": ""/mnt/zsn/lyb/arti-skill/exp/PartNet-Mobility/data/dataset/12036"", ""base_renderer"": {""path"": ""/mnt/zsn/lyb/arti-skill/exp/scripts/render_articraft10k_asset_blender.py"", ""sha256"": ""24669921702ddf11c9668e16692f3a4cb7e5b40e040e215a878b92cdd294fe22""}, ""camera_distance"": 3.3601151712389963, ""device"": ""OPTIX"", ""geometry"": {""mesh_visual_count"": 11, ""primitive_counts"": {""box"": 0, ""cylinder"": 0, ""sphere"": 0}}, ""material_policy"": ""native OBJ/MTL diffuse materials, forced opaque; neutral fallback"", ""materials"": 22, ""objects"": 11, ""output"": ""/mnt/zsn/lyb/arti-skill/exp/partnet_mobility_uniform_n5_studio_256_v1/Refrigerator/12036/imgs/000.png"", ""radius"": 1.0204725560573054, ""root_link"": ""base"", ""shared_renderer"": {""path"": ""/mnt/zsn/lyb/arti-skill/arti-template/scripts/render_exported_asset_blender.py"", ""sha256"": ""f418515a9817218b08d577d95983ec934c34ddf19f17bb89c73bf52aa60bb3a7""}, ""visuals"": 11}"
160,Refrigerator,12252,/mnt/zsn/lyb/arti-skill/exp/PartNet-Mobility/data/dataset/12252,12252,/mnt/zsn/lyb/arti-skill/exp/PartNet-Mobility/data/dataset/12252/mobility.urdf,12252/mobility.urdf,5555,83d9a25c000add9ceb3a01551d923a853e34b8326d0634d9b3306fbac2db0121,96,5083480,85e587798f26dda64376aadd27b5fe91c6f0136c2e381da7f8aaf7cabe9827e1,7ca7897e391ccbcd41f655ece6fb1cc11cf94e6aadd812cc8612c6323484b9af,2a211a812c39565575f77a9eb15c88499fbd759e80b42c98d47ab37ea6f9bdcc,False,/mnt/zsn/lyb/arti-skill/exp/partnet_mobility_uniform_n5_studio_256_v1/Refrigerator/12252/imgs/000.png,1414,partnet_mobility:Refrigerator:12252:5,31,31,Refrigerator,partnet_mobility,5,Refrigerator:5,2a211a812c39565575f77a9eb15c88499fbd759e80b42c98d47ab37ea6f9bdcc:12252,72858,82def611efdd819f4abf1150909dafb3333290f1873777b45bfd5c10c25ee37e,reused_valid,0.0,2026-08-31T10:58:58.024066Z,2026-08-31T10:58:58.029654Z,,"{""asset_dir"": ""/mnt/zsn/lyb/arti-skill/exp/PartNet-Mobility/data/dataset/12252"", ""base_renderer"": {""path"": ""/mnt/zsn/lyb/arti-skill/exp/scripts/render_articraft10k_asset_blender.py"", ""sha256"": ""24669921702ddf11c9668e16692f3a4cb7e5b40e040e215a878b92cdd294fe22""}, ""camera_distance"": 3.601817658933343, ""device"": ""OPTIX"", ""geometry"": {""mesh_visual_count"": 15, ""primitive_counts"": {""box"": 0, ""cylinder"": 0, ""sphere"": 0}}, ""material_policy"": ""native OBJ/MTL diffuse materials, forced opaque; neutral fallback"", ""materials"": 22, ""objects"": 15, ""output"": ""/mnt/zsn/lyb/arti-skill/exp/partnet_mobility_uniform_n5_studio_256_v1/Refrigerator/12252/imgs/000.png"", ""radius"": 1.0938780028509372, ""root_link"": ""base"", ""shared_renderer"": {""path"": ""/mnt/zsn/lyb/arti-skill/arti-template/scripts/render_exported_asset_blender.py"", ""sha256"": ""f418515a9817218b08d577d95983ec934c34ddf19f17bb89c73bf52aa60bb3a7""}, ""visuals"": 15}"
161,Remote,104044,/mnt/zsn/lyb/arti-skill/exp/PartNet-Mobility/data/dataset/104044,104044,/mnt/zsn/lyb/arti-skill/exp/PartNet-Mobility/data/dataset/104044/mobility.urdf,104044/mobility.urdf,56816,261e40bf4ad351f8ddfcce4f6b9a10e3899f31a79946ffb4567919da52ece64a,333,1004761,852bce7a8ad13ea9d4317decfae5fb62390aca22e79a785c2affba00e9f78c65,59497532b95682b6cb07feb8b1ed6d02ad2b3396207b6ccec6754dfaf8f40128,05f42fb9f2afeae6dc60799ede39033df0c1247ac981bad2b087351f8332ead3,True,/mnt/zsn/lyb/arti-skill/exp/partnet_mobility_uniform_n5_studio_256_v1/Remote/104044/imgs/000.png,1281,partnet_mobility:Remote:104044:1,32,32,Remote,partnet_mobility,1,Remote:1,05f42fb9f2afeae6dc60799ede39033df0c1247ac981bad2b087351f8332ead3:104044,75634,9c0c1dfbbcfb4a18b2e3052c134c47e51d07b8cb19045664b786aa74d204575e,reused_valid,0.0,2026-08-31T10:58:58.026907Z,2026-08-31T10:58:58.032867Z,,"{""asset_dir"": ""/mnt/zsn/lyb/arti-skill/exp/PartNet-Mobility/data/dataset/104044"", ""base_renderer"": {""path"": ""/mnt/zsn/lyb/arti-skill/exp/scripts/render_articraft10k_asset_blender.py"", ""sha256"": ""24669921702ddf11c9668e16692f3a4cb7e5b40e040e215a878b92cdd294fe22""}, ""camera_distance"": 3.2184694152562443, ""device"": ""OPTIX"", ""geometry"": {""mesh_visual_count"": 163, ""primitive_counts"": {""box"": 0, ""cylinder"": 0, ""sphere"": 0}}, ""material_policy"": ""native OBJ/MTL diffuse materials, forced opaque; neutral fallback"", ""materials"": 232, ""objects"": 163, ""output"": ""/mnt/zsn/lyb/arti-skill/exp/partnet_mobility_uniform_n5_studio_256_v1/Remote/104044/imgs/000.png"", ""radius"": 0.9774545048013153, ""root_link"": ""base"", ""shared_renderer"": {""path"": ""/mnt/zsn/lyb/arti-skill/arti-template/scripts/render_exported_asset_blender.py"", ""sha256"": ""f418515a9817218b08d577d95983ec934c34ddf19f17bb89c73bf52aa60bb3a7""}, ""visuals"": 163}"
162,Remote,100811,/mnt/zsn/lyb/arti-skill/exp/PartNet-Mobility/data/dataset/100811,100811,/mnt/zsn/lyb/arti-skill/exp/PartNet-Mobility/data/dataset/100811/mobility.urdf,100811/mobility.urdf,30015,b5234a1bfdb554b7bad143c12cf77d3c430f3aa5ebd5b23155839ccf2baef814,149,1859792,ac64c89eb3b2d1e267a50f6f9e0fdc6460b8b9359c4bb5f40a92dc70ff4d1bd7,649358d38e94036746c31d595e608487b192e3bc4cc2cf69df3812bc40f82a9b,14874b59527b10745a3bc85b8307da1201e28a2d0ba09520f24c7cd544b13048,False,/mnt/zsn/lyb/arti-skill/exp/partnet_mobility_uniform_n5_studio_256_v1/Remote/100811/imgs/000.png,255,partnet_mobility:Remote:100811:2,32,32,Remote,partnet_mobility,2,Remote:2,14874b59527b10745a3bc85b8307da1201e28a2d0ba09520f24c7cd544b13048:100811,85083,b197991c087c8af7cb1e96840172d0ef9b3eca5b84dae0caf507d475cdc1bd31,reused_valid,0.0,2026-08-31T10:58:58.027784Z,2026-08-31T10:58:58.033397Z,,"{""asset_dir"": ""/mnt/zsn/lyb/arti-skill/exp/PartNet-Mobility/data/dataset/100811"", ""base_renderer"": {""path"": ""/mnt/zsn/lyb/arti-skill/exp/scripts/render_articraft10k_asset_blender.py"", ""sha256"": ""24669921702ddf11c9668e16692f3a4cb7e5b40e040e215a878b92cdd294fe22""}, ""camera_distance"": 3.2920431290391736, ""device"": ""OPTIX"", ""geometry"": {""mesh_visual_count"": 71, ""primitive_counts"": {""box"": 0, ""cylinder"": 0, ""sphere"": 0}}, ""material_policy"": ""native OBJ/MTL diffuse materials, forced opaque; neutral fallback"", ""materials"": 126, ""objects"": 71, ""output"": ""/mnt/zsn/lyb/arti-skill/exp/partnet_mobility_uniform_n5_studio_256_v1/Remote/100811/imgs/000.png"", ""radius"": 0.9997989638262154, ""root_link"": ""base"", ""shared_renderer"": {""path"": ""/mnt/zsn/lyb/arti-skill/arti-template/scripts/render_exported_asset_blender.py"", ""sha256"": ""f418515a9817218b08d577d95983ec934c34ddf19f17bb89c73bf52aa60bb3a7""}, ""visuals"": 71}"
163,Remote,101004,/mnt/zsn/lyb/arti-skill/exp/PartNet-Mobility/data/dataset/101004,101004,/mnt/zsn/lyb/arti-skill/exp/PartNet-Mobility/data/dataset/101004/mobility.urdf,101004/mobility.urdf,3559,288981065d9fdf46164ac69ce181b59d646ff24dbb345a96f58dc3452744d1e4,27,93713,50f6d062360753155bd02b5d22b27ddc900e2784e74ea880e3e7a09704737fb5,6d2ea02bc26aaf1a386947a631e47824700d3ce9d0d03641c25a6df651fb6887,1e2d73409594bb951b0503995b36c120bfa3cece7cdf618dff0f68341dcff7d1,False,/mnt/zsn/lyb/arti-skill/exp/partnet_mobility_uniform_n5_studio_256_v1/Remote/101004/imgs/000.png,340,partnet_mobility:Remote:101004:3,32,32,Remote,partnet_mobility,3,Remote:3,1e2d73409594bb951b0503995b36c120bfa3cece7cdf618dff0f68341dcff7d1:101004,68146,f1491a21bd9ba48f53e66100823a6e0783d3a800b6d88c22821868295344754d,reused_valid,0.0,2026-08-31T10:58:58.029678Z,2026-08-31T10:58:58.034935Z,,"{""asset_dir"": ""/mnt/zsn/lyb/arti-skill/exp/PartNet-Mobility/data/dataset/101004"", ""base_renderer"": {""path"": ""/mnt/zsn/lyb/arti-skill/exp/scripts/render_articraft10k_asset_blender.py"", ""sha256"": ""24669921702ddf11c9668e16692f3a4cb7e5b40e040e215a878b92cdd294fe22""}, ""camera_distance"": 3.2098505297820576, ""device"": ""OPTIX"", ""geometry"": {""mesh_visual_count"": 10, ""primitive_counts"": {""box"": 0, ""cylinder"": 0, ""sphere"": 0}}, ""material_policy"": ""native OBJ/MTL diffuse materials, forced opaque; neutral fallback"", ""materials"": 16, ""objects"": 10, ""output"": ""/mnt/zsn/lyb/arti-skill/exp/partnet_mobility_uniform_n5_studio_256_v1/Remote/101004/imgs/000.png"", ""radius"": 0.9748369349735034, ""root_link"": ""base"", ""shared_renderer"": {""path"": ""/mnt/zsn/lyb/arti-skill/arti-template/scripts/render_exported_asset_blender.py"", ""sha256"": ""f418515a9817218b08d577d95983ec934c34ddf19f17bb89c73bf52aa60bb3a7""}, ""visuals"": 10}"
164,Remote,101016,/mnt/zsn/lyb/arti-skill/exp/PartNet-Mobility/data/dataset/101016,101016,/mnt/zsn/lyb/arti-skill/exp/PartNet-Mobility/data/dataset/101016/mobility.urdf,101016/mobility.urdf,26477,71e32eba830bbbf970b3d7f34a0fc1fa8019e506df63312cfb1b78a23fd9505c,120,334558,0e5e989a2f5aa5860cd007dd2ecdd6561db9cdd8915f0e3029f3498824bb1dbc,175aced4afaea7bb89fe1ea86c2438ed3e1ffbd3a163bcae5d1fb654328eb33c,28476ed4a0be5f88e213af8a86ca873368445f55021296e051a054fad85902c2,False,/mnt/zsn/lyb/arti-skill/exp/partnet_mobility_uniform_n5_studio_256_v1/Remote/101016/imgs/000.png,347,partnet_mobility:Remote:101016:4,32,32,Remote,partnet_mobility,4,Remote:4,28476ed4a0be5f88e213af8a86ca873368445f55021296e051a054fad85902c2:101016,71556,bb3a9ca11e29ed3159ac8200be4deb2bedf547a43e12682e32d08099b2b43737,reused_valid,0.0,2026-08-31T10:58:58.032892Z,2026-08-31T10:58:58.038044Z,,"{""asset_dir"": ""/mnt/zsn/lyb/arti-skill/exp/PartNet-Mobility/data/dataset/101016"", ""base_renderer"": {""path"": ""/mnt/zsn/lyb/arti-skill/exp/scripts/render_articraft10k_asset_blender.py"", ""sha256"": ""24669921702ddf11c9668e16692f3a4cb7e5b40e040e215a878b92cdd294fe22""}, ""camera_distance"": 3.279854596644521, ""device"": ""OPTIX"", ""geometry"": {""mesh_visual_count"": 56, ""primitive_counts"": {""box"": 0, ""cylinder"": 0, ""sphere"": 0}}, ""material_policy"": ""native OBJ/MTL diffuse materials, forced opaque; neutral fallback"", ""materials"": 112, ""objects"": 56, ""output"": ""/mnt/zsn/lyb/arti-skill/exp/partnet_mobility_uniform_n5_studio_256_v1/Remote/101016/imgs/000.png"", ""radius"": 0.9960972863022357, ""root_link"": ""base"", ""shared_renderer"": {""path"": ""/mnt/zsn/lyb/arti-skill/arti-template/scripts/render_exported_asset_blender.py"", ""sha256"": ""f418515a9817218b08d577d95983ec934c34ddf19f17bb89c73bf52aa60bb3a7""}, ""visuals"": 56}"
165,Remote,101010,/mnt/zsn/lyb/arti-skill/exp/PartNet-Mobility/data/dataset/101010,101010,/mnt/zsn/lyb/arti-skill/exp/PartNet-Mobility/data/dataset/101010/mobility.urdf,101010/mobility.urdf,87936,1e74910d301f979e3f24a11e065f6c2b8e89f06e9d7bf75eadea54175f7489f3,533,1917295,f708cd8ca1361d049bda7f5dfcbb52e629ac8f6b1f7a7b6a72d4d86c7c1adafa,a30e060f84018d7312aeffacc8927a264ea26304f518730359a9931554a5e6c1,2a057642222a878bc360f52f8e1f0dfd2af93196f123269397423155a4ec4884,False,/mnt/zsn/lyb/arti-skill/exp/partnet_mobility_uniform_n5_studio_256_v1/Remote/101010/imgs/000.png,343,partnet_mobility:Remote:101010:5,32,32,Remote,partnet_mobility,5,Remote:5,2a057642222a878bc360f52f8e1f0dfd2af93196f123269397423155a4ec4884:101010,69302,c4cce67c93d36b1e7e22041855d5cb3287b928830a3eb5b1a924572f29d2cc32,reused_valid,0.0,2026-08-31T10:58:58.033424Z,2026-08-31T10:58:58.038124Z,,"{""asset_dir"": ""/mnt/zsn/lyb/arti-skill/exp/PartNet-Mobility/data/dataset/101010"", ""base_renderer"": {""path"": ""/mnt/zsn/lyb/arti-skill/exp/scripts/render_articraft10k_asset_blender.py"", ""sha256"": ""24669921702ddf11c9668e16692f3a4cb7e5b40e040e215a878b92cdd294fe22""}, ""camera_distance"": 3.317985056264301, ""device"": ""OPTIX"", ""geometry"": {""mesh_visual_count"": 263, ""primitive_counts"": {""box"": 0, ""cylinder"": 0, ""sphere"": 0}}, ""material_policy"": ""native OBJ/MTL diffuse materials, forced opaque; neutral fallback"", ""materials"": 340, ""objects"": 263, ""output"": ""/mnt/zsn/lyb/arti-skill/exp/partnet_mobility_uniform_n5_studio_256_v1/Remote/101010/imgs/000.png"", ""radius"": 1.0076775701939598, ""root_link"": ""base"", ""shared_renderer"": {""path"": ""/mnt/zsn/lyb/arti-skill/arti-template/scripts/render_exported_asset_blender.py"", ""sha256"": ""f418515a9817218b08d577d95983ec934c34ddf19f17bb89c73bf52aa60bb3a7""}, ""visuals"": 263}"
166,Safe,101619,/mnt/zsn/lyb/arti-skill/exp/PartNet-Mobility/data/dataset/101619,101619,/mnt/zsn/lyb/arti-skill/exp/PartNet-Mobility/data/dataset/101619/mobility.urdf,101619/mobility.urdf,14360,7f16815a0e14210a8b0b790a3ce586bf5507b2bd944227519d91c54031d876f5,84,439804,c4e0d7d5a63ad39ff6663d9ec396156546884ab4cd63d66c68bf317561a8bc20,fdd53cdfdc8dd04d8063008d98b3e7c32d3dee8c90515a19c5e958dafec9bc18,00c06efc1edcc4e5f1b63ad36070a191e1942204db1ec016421b26841882acf6,True,/mnt/zsn/lyb/arti-skill/exp/partnet_mobility_uniform_n5_studio_256_v1/Safe/101619/imgs/000.png,554,partnet_mobility:Safe:101619:1,33,33,Safe,partnet_mobility,1,Safe:1,00c06efc1edcc4e5f1b63ad36070a191e1942204db1ec016421b26841882acf6:101619,84146,dc5056c64f743ac69fc578505d941bdbe7ac18ab94c6901c0550a881c0d1a911,reused_valid,0.0,2026-08-31T10:58:58.034960Z,2026-08-31T10:58:58.040918Z,,"{""asset_dir"": ""/mnt/zsn/lyb/arti-skill/exp/PartNet-Mobility/data/dataset/101619"", ""base_renderer"": {""path"": ""/mnt/zsn/lyb/arti-skill/exp/scripts/render_articraft10k_asset_blender.py"", ""sha256"": ""24669921702ddf11c9668e16692f3a4cb7e5b40e040e215a878b92cdd294fe22""}, ""camera_distance"": 3.4325587338931176, ""device"": ""OPTIX"", ""geometry"": {""mesh_visual_count"": 38, ""primitive_counts"": {""box"": 0, ""cylinder"": 0, ""sphere"": 0}}, ""material_policy"": ""native OBJ/MTL diffuse materials, forced opaque; neutral fallback"", ""materials"": 59, ""objects"": 38, ""output"": ""/mnt/zsn/lyb/arti-skill/exp/partnet_mobility_uniform_n5_studio_256_v1/Safe/101619/imgs/000.png"", ""radius"": 1.0424737863080795, ""root_link"": ""base"", ""shared_renderer"": {""path"": ""/mnt/zsn/lyb/arti-skill/arti-template/scripts/render_exported_asset_blender.py"", ""sha256"": ""f418515a9817218b08d577d95983ec934c34ddf19f17bb89c73bf52aa60bb3a7""}, ""visuals"": 38}"
167,Safe,102318,/mnt/zsn/lyb/arti-skill/exp/PartNet-Mobility/data/dataset/102318,102318,/mnt/zsn/lyb/arti-skill/exp/PartNet-Mobility/data/dataset/102318/mobility.urdf,102318/mobility.urdf,31147,183ee22d64f917065f648a1cc9aec5ea862f58c87e35caae6be0192c07605caf,147,808748,2b0152287dede65a2cea9108838c93f6875b61455f3982a97494f073b591e665,bc6ab112d3cdcae49cfd3242086b13db990d033ce9a1bc41f61b5073f99db56b,125852d43f386f2c246f3c656fe9a1872b6bac23108cfff0ba48f19d9041912c,False,/mnt/zsn/lyb/arti-skill/exp/partnet_mobility_uniform_n5_studio_256_v1/Safe/102318/imgs/000.png,724,partnet_mobility:Safe:102318:2,33,33,Safe,partnet_mobility,2,Safe:2,125852d43f386f2c246f3c656fe9a1872b6bac23108cfff0ba48f19d9041912c:102318,86690,2a5447555ecec5780b2f4488e05eab6877ec4688d7d2fec76651717c78aa3bca,reused_valid,0.0,2026-08-31T10:58:58.038071Z,2026-08-31T10:58:58.043931Z,,"{""asset_dir"": ""/mnt/zsn/lyb/arti-skill/exp/PartNet-Mobility/data/dataset/102318"", ""base_renderer"": {""path"": ""/mnt/zsn/lyb/arti-skill/exp/scripts/render_articraft10k_asset_blender.py"", ""sha256"": ""24669921702ddf11c9668e16692f3a4cb7e5b40e040e215a878b92cdd294fe22""}, ""camera_distance"": 3.3265234643025208, ""device"": ""OPTIX"", ""geometry"": {""mesh_visual_count"": 70, ""primitive_counts"": {""box"": 0, ""cylinder"": 0, ""sphere"": 0}}, ""material_policy"": ""native OBJ/MTL diffuse materials, forced opaque; neutral fallback"", ""materials"": 99, ""objects"": 70, ""output"": ""/mnt/zsn/lyb/arti-skill/exp/partnet_mobility_uniform_n5_studio_256_v1/Safe/102318/imgs/000.png"", ""radius"": 1.0102706988908579, ""root_link"": ""base"", ""shared_renderer"": {""path"": ""/mnt/zsn/lyb/arti-skill/arti-template/scripts/render_exported_asset_blender.py"", ""sha256"": ""f418515a9817218b08d577d95983ec934c34ddf19f17bb89c73bf52aa60bb3a7""}, ""visuals"": 70}"
168,Safe,102309,/mnt/zsn/lyb/arti-skill/exp/PartNet-Mobility/data/dataset/102309,102309,/mnt/zsn/lyb/arti-skill/exp/PartNet-Mobility/data/dataset/102309/mobility.urdf,102309/mobility.urdf,10602,c51fa626ca50e1cfd564c774fe5a43bba1f688ae46b87e58a78b0bb640a9821d,78,397320,bf7c608a50e14cd68dae79ff71be7b73e89bec6278b7d6c430c29330d0eddbd2,9e87ba609252e2e4d46658642f132d5a12deba1fd2d9cc9c9ad70a0bc725ed65,1ba62ab2dffe94e75d4f3fd695a17f7113a67215c7685aac10dfac2302d73c30,False,/mnt/zsn/lyb/arti-skill/exp/partnet_mobility_uniform_n5_studio_256_v1/Safe/102309/imgs/000.png,720,partnet_mobility:Safe:102309:3,33,33,Safe,partnet_mobility,3,Safe:3,1ba62ab2dffe94e75d4f3fd695a17f7113a67215c7685aac10dfac2302d73c30:102309,84096,47c0fd1261fbe7cf3343110d5b49389297af2426f3a475e80fda7b5706207cab,reused_valid,0.0,2026-08-31T10:58:58.038150Z,2026-08-31T10:58:58.043638Z,,"{""asset_dir"": ""/mnt/zsn/lyb/arti-skill/exp/PartNet-Mobility/data/dataset/102309"", ""base_renderer"": {""path"": ""/mnt/zsn/lyb/arti-skill/exp/scripts/render_articraft10k_asset_blender.py"", ""sha256"": ""24669921702ddf11c9668e16692f3a4cb7e5b40e040e215a878b92cdd294fe22""}, ""camera_distance"": 3.3289100555806717, ""device"": ""OPTIX"", ""geometry"": {""mesh_visual_count"": 31, ""primitive_counts"": {""box"": 0, ""cylinder"": 0, ""sphere"": 0}}, ""material_policy"": ""native OBJ/MTL diffuse materials, forced opaque; neutral fallback"", ""materials"": 43, ""objects"": 31, ""output"": ""/mnt/zsn/lyb/arti-skill/exp/partnet_mobility_uniform_n5_studio_256_v1/Safe/102309/imgs/000.png"", ""radius"": 1.0109955106243143, ""root_link"": ""base"", ""shared_renderer"": {""path"": ""/mnt/zsn/lyb/arti-skill/arti-template/scripts/render_exported_asset_blender.py"", ""sha256"": ""f418515a9817218b08d577d95983ec934c34ddf19f17bb89c73bf52aa60bb3a7""}, ""visuals"": 31}"
169,Safe,102380,/mnt/zsn/lyb/arti-skill/exp/PartNet-Mobility/data/dataset/102380,102380,/mnt/zsn/lyb/arti-skill/exp/PartNet-Mobility/data/dataset/102380/mobility.urdf,102380/mobility.urdf,13476,cd40a243031a34b6a8b3a512873a786f8872afce52dbd47a9b107fde102bf952,79,2116033,db808938de387d51a22b1c59fd76bce9dea88c9bf5099b3f9dbd1857a889ba63,4a11a2e7a2b330d64e10a03e9e89a8c9a51d009a33ef9e8089a32ade316aa570,23a64cccaac35e84a854f89a07ef58b3b1dc56c6e919f17e4f095807216dc2a7,False,/mnt/zsn/lyb/arti-skill/exp/partnet_mobility_uniform_n5_studio_256_v1/Safe/102380/imgs/000.png,738,partnet_mobility:Safe:102380:4,33,33,Safe,partnet_mobility,4,Safe:4,23a64cccaac35e84a854f89a07ef58b3b1dc56c6e919f17e4f095807216dc2a7:102380,83943,f68d861dd2ff384a533a3464a7edd0a10406426158d57b0473d7eb1c4ab9baca,reused_valid,0.0,2026-08-31T10:58:58.040945Z,2026-08-31T10:58:58.046350Z,,"{""asset_dir"": ""/mnt/zsn/lyb/arti-skill/exp/PartNet-Mobility/data/dataset/102380"", ""base_renderer"": {""path"": ""/mnt/zsn/lyb/arti-skill/exp/scripts/render_articraft10k_asset_blender.py"", ""sha256"": ""24669921702ddf11c9668e16692f3a4cb7e5b40e040e215a878b92cdd294fe22""}, ""camera_distance"": 3.11280503180124, ""device"": ""OPTIX"", ""geometry"": {""mesh_visual_count"": 34, ""primitive_counts"": {""box"": 0, ""cylinder"": 0, ""sphere"": 0}}, ""material_policy"": ""native OBJ/MTL diffuse materials, forced opaque; neutral fallback"", ""materials"": 50, ""objects"": 34, ""output"": ""/mnt/zsn/lyb/arti-skill/exp/partnet_mobility_uniform_n5_studio_256_v1/Safe/102380/imgs/000.png"", ""radius"": 0.9453640561192284, ""root_link"": ""base"", ""shared_renderer"": {""path"": ""/mnt/zsn/lyb/arti-skill/arti-template/scripts/render_exported_asset_blender.py"", ""sha256"": ""f418515a9817218b08d577d95983ec934c34ddf19f17bb89c73bf52aa60bb3a7""}, ""visuals"": 34}"
170,Safe,102389,/mnt/zsn/lyb/arti-skill/exp/PartNet-Mobility/data/dataset/102389,102389,/mnt/zsn/lyb/arti-skill/exp/PartNet-Mobility/data/dataset/102389/mobility.urdf,102389/mobility.urdf,30296,179db62746672910b4b59177adf99ee9a2d164ea84b50071cc8d246ab1449721,144,831280,5c9941ff2ee26fe70169fad791363047869ce9efabc909a099a2a703be01989e,8a0abcca00c6d68761885a9c977832b1309451d7572e9e2b5babdf5f179f1016,2efea79336c8d9e144e813e4ccb82974fb9b6d2ce2cfe9ade904362f80dbe887,False,/mnt/zsn/lyb/arti-skill/exp/partnet_mobility_uniform_n5_studio_256_v1/Safe/102389/imgs/000.png,742,partnet_mobility:Safe:102389:5,33,33,Safe,partnet_mobility,5,Safe:5,2efea79336c8d9e144e813e4ccb82974fb9b6d2ce2cfe9ade904362f80dbe887:102389,84944,cd4d23176dcd6edc1c070f15e2f13ae350d5d76f5da98d0e7a021ef69b110562,reused_valid,0.0,2026-08-31T10:58:58.043668Z,2026-08-31T10:58:58.049238Z,,"{""asset_dir"": ""/mnt/zsn/lyb/arti-skill/exp/PartNet-Mobility/data/dataset/102389"", ""base_renderer"": {""path"": ""/mnt/zsn/lyb/arti-skill/exp/scripts/render_articraft10k_asset_blender.py"", ""sha256"": ""24669921702ddf11c9668e16692f3a4cb7e5b40e040e215a878b92cdd294fe22""}, ""camera_distance"": 3.423724810887338, ""device"": ""OPTIX"", ""geometry"": {""mesh_visual_count"": 68, ""primitive_counts"": {""box"": 0, ""cylinder"": 0, ""sphere"": 0}}, ""material_policy"": ""native OBJ/MTL diffuse materials, forced opaque; neutral fallback"", ""materials"": 84, ""objects"": 68, ""output"": ""/mnt/zsn/lyb/arti-skill/exp/partnet_mobility_uniform_n5_studio_256_v1/Safe/102389/imgs/000.png"", ""radius"": 1.0397909092249118, ""root_link"": ""base"", ""shared_renderer"": {""path"": ""/mnt/zsn/lyb/arti-skill/arti-template/scripts/render_exported_asset_blender.py"", ""sha256"": ""f418515a9817218b08d577d95983ec934c34ddf19f17bb89c73bf52aa60bb3a7""}, ""visuals"": 68}"
171,Scissors,10567,/mnt/zsn/lyb/arti-skill/exp/PartNet-Mobility/data/dataset/10567,10567,/mnt/zsn/lyb/arti-skill/exp/PartNet-Mobility/data/dataset/10567/mobility.urdf,10567/mobility.urdf,2955,9a2ba9f7c7df6b86594f4d18574955b2d71d10445ebf331a2e219cd9af723750,66,3602750,0493c4aca099864ba91af2d447eb9c9ebace1b80016486863505c0185ba95670,7233c3e175f6deb3cf01e211c2725616c2413e190d9792d16b69af28f3584e3d,00b290841fbcd69cc784a8ef3ee21becc9e35f40d82495a05036e9c53ebbeef3,True,/mnt/zsn/lyb/arti-skill/exp/partnet_mobility_uniform_n5_studio_256_v1/Scissors/10567/imgs/000.png,1299,partnet_mobility:Scissors:10567:1,34,34,Scissors,partnet_mobility,1,Scissors:1,00b290841fbcd69cc784a8ef3ee21becc9e35f40d82495a05036e9c53ebbeef3:10567,70030,bfdf198cc0d138c0ecfbc9e805297819d476f68da574eea1126be61ca8c348ac,reused_valid,0.0,2026-08-31T10:58:58.043957Z,2026-08-31T10:58:58.050181Z,,"{""asset_dir"": ""/mnt/zsn/lyb/arti-skill/exp/PartNet-Mobility/data/dataset/10567"", ""base_renderer"": {""path"": ""/mnt/zsn/lyb/arti-skill/exp/scripts/render_articraft10k_asset_blender.py"", ""sha256"": ""24669921702ddf11c9668e16692f3a4cb7e5b40e040e215a878b92cdd294fe22""}, ""camera_distance"": 3.4630413459704745, ""device"": ""OPTIX"", ""geometry"": {""mesh_visual_count"": 8, ""primitive_counts"": {""box"": 0, ""cylinder"": 0, ""sphere"": 0}}, ""material_policy"": ""native OBJ/MTL diffuse materials, forced opaque; neutral fallback"", ""materials"": 16, ""objects"": 8, ""output"": ""/mnt/zsn/lyb/arti-skill/exp/partnet_mobility_uniform_n5_studio_256_v1/Scissors/10567/imgs/000.png"", ""radius"": 1.051731406204011, ""root_link"": ""base"", ""shared_renderer"": {""path"": ""/mnt/zsn/lyb/arti-skill/arti-template/scripts/render_exported_asset_blender.py"", ""sha256"": ""f418515a9817218b08d577d95983ec934c34ddf19f17bb89c73bf52aa60bb3a7""}, ""visuals"": 8}"
172,Scissors,11036,/mnt/zsn/lyb/arti-skill/exp/PartNet-Mobility/data/dataset/11036,11036,/mnt/zsn/lyb/arti-skill/exp/PartNet-Mobility/data/dataset/11036/mobility.urdf,11036/mobility.urdf,3227,d7e25661e226ed04f89c2d0753fcc7962aade6f09de1198bcc7e4fb314f56ad9,68,3667879,7c6d3c213a27e7b4bb740e208d33dc2c32ec06bf3163dbb63d12c2dee0ff07da,47f123b88a8b44ec3830637709c3c370bf28cb3250b09c9edb131d0809541d47,078c16a1e55e9b1ed90cd19c62903717caefe809f973914b68a3f329a8937dfe,False,/mnt/zsn/lyb/arti-skill/exp/partnet_mobility_uniform_n5_studio_256_v1/Scissors/11036/imgs/000.png,1342,partnet_mobility:Scissors:11036:2,34,34,Scissors,partnet_mobility,2,Scissors:2,078c16a1e55e9b1ed90cd19c62903717caefe809f973914b68a3f329a8937dfe:11036,69644,0e494970813a6ae9ea57beda549f7bed9b43e041aa227c7c49219b38ebf8248a,reused_valid,0.0,2026-08-31T10:58:58.046375Z,2026-08-31T10:58:58.050936Z,,"{""asset_dir"": ""/mnt/zsn/lyb/arti-skill/exp/PartNet-Mobility/data/dataset/11036"", ""base_renderer"": {""path"": ""/mnt/zsn/lyb/arti-skill/exp/scripts/render_articraft10k_asset_blender.py"", ""sha256"": ""24669921702ddf11c9668e16692f3a4cb7e5b40e040e215a878b92cdd294fe22""}, ""camera_distance"": 3.442712548598797, ""device"": ""OPTIX"", ""geometry"": {""mesh_visual_count"": 9, ""primitive_counts"": {""box"": 0, ""cylinder"": 0, ""sphere"": 0}}, ""material_policy"": ""native OBJ/MTL diffuse materials, forced opaque; neutral fallback"", ""materials"": 10, ""objects"": 9, ""output"": ""/mnt/zsn/lyb/arti-skill/exp/partnet_mobility_uniform_n5_studio_256_v1/Scissors/11036/imgs/000.png"", ""radius"": 1.0455575166918258, ""root_link"": ""base"", ""shared_renderer"": {""path"": ""/mnt/zsn/lyb/arti-skill/arti-template/scripts/render_exported_asset_blender.py"", ""sha256"": ""f418515a9817218b08d577d95983ec934c34ddf19f17bb89c73bf52aa60bb3a7""}, ""visuals"": 9}"
173,Scissors,10622,/mnt/zsn/lyb/arti-skill/exp/PartNet-Mobility/data/dataset/10622,10622,/mnt/zsn/lyb/arti-skill/exp/PartNet-Mobility/data/dataset/10622/mobility.urdf,10622/mobility.urdf,1905,d1c5bac486b4826a3b9104c26fe52ece9570018ea30580593dd1482b1022621e,54,3478016,0c27206ff990f9a49c2dccf921a6717f9d2dbc9cc974052afbf26658803b8567,5ac664760109e457f6fcdb946d49115cf0bf61bb52a247f6737a7d0c1b02b4f1,0871c8a3bfa762bb93a4fbbae71907b0f037f402f4234ae067279fca644dc09a,False,/mnt/zsn/lyb/arti-skill/exp/partnet_mobility_uniform_n5_studio_256_v1/Scissors/10622/imgs/000.png,1305,partnet_mobility:Scissors:10622:3,34,34,Scissors,partnet_mobility,3,Scissors:3,0871c8a3bfa762bb93a4fbbae71907b0f037f402f4234ae067279fca644dc09a:10622,70055,ca182ed6897c2d6075e36868b4e9d7fda532263a6046591c6004f60b10cfeda5,reused_valid,0.0,2026-08-31T10:58:58.049264Z,2026-08-31T10:58:58.053905Z,,"{""asset_dir"": ""/mnt/zsn/lyb/arti-skill/exp/PartNet-Mobility/data/dataset/10622"", ""base_renderer"": {""path"": ""/mnt/zsn/lyb/arti-skill/exp/scripts/render_articraft10k_asset_blender.py"", ""sha256"": ""24669921702ddf11c9668e16692f3a4cb7e5b40e040e215a878b92cdd294fe22""}, ""camera_distance"": 3.1921904991064345, ""device"": ""OPTIX"", ""geometry"": {""mesh_visual_count"": 4, ""primitive_counts"": {""box"": 0, ""cylinder"": 0, ""sphere"": 0}}, ""material_policy"": ""native OBJ/MTL diffuse materials, forced opaque; neutral fallback"", ""materials"": 8, ""objects"": 4, ""output"": ""/mnt/zsn/lyb/arti-skill/exp/partnet_mobility_uniform_n5_studio_256_v1/Scissors/10622/imgs/000.png"", ""radius"": 0.9694735543376669, ""root_link"": ""base"", ""shared_renderer"": {""path"": ""/mnt/zsn/lyb/arti-skill/arti-template/scripts/render_exported_asset_blender.py"", ""sha256"": ""f418515a9817218b08d577d95983ec934c34ddf19f17bb89c73bf52aa60bb3a7""}, ""visuals"": 4}"
174,Scissors,10975,/mnt/zsn/lyb/arti-skill/exp/PartNet-Mobility/data/dataset/10975,10975,/mnt/zsn/lyb/arti-skill/exp/PartNet-Mobility/data/dataset/10975/mobility.urdf,10975/mobility.urdf,2429,aaf627d6eb688f095f48c440085cb63828c9ec9a2f93a09143240e280f955266,62,3438727,99895d8e04731f45946778e94693492f071ab9a0badf27552898b9fc1c2fc0e6,8f989f7d4330d9f72395ae8275600f4abc0f22bb588bb1091dbdbc42f7557e0a,130fcb665ac6c3ffed78d7b73b588254b971c2338c5506aa68db2279e1a55a5a,False,/mnt/zsn/lyb/arti-skill/exp/partnet_mobility_uniform_n5_studio_256_v1/Scissors/10975/imgs/000.png,1334,partnet_mobility:Scissors:10975:4,34,34,Scissors,partnet_mobility,4,Scissors:4,130fcb665ac6c3ffed78d7b73b588254b971c2338c5506aa68db2279e1a55a5a:10975,70763,c851d4ef4e3c58aa65ad818f7710da09811d32a0dd892e03704b9e5cae0ea33f,reused_valid,0.0,2026-08-31T10:58:58.050207Z,2026-08-31T10:58:58.054780Z,,"{""asset_dir"": ""/mnt/zsn/lyb/arti-skill/exp/PartNet-Mobility/data/dataset/10975"", ""base_renderer"": {""path"": ""/mnt/zsn/lyb/arti-skill/exp/scripts/render_articraft10k_asset_blender.py"", ""sha256"": ""24669921702ddf11c9668e16692f3a4cb7e5b40e040e215a878b92cdd294fe22""}, ""camera_distance"": 2.8721244125171213, ""device"": ""OPTIX"", ""geometry"": {""mesh_visual_count"": 6, ""primitive_counts"": {""box"": 0, ""cylinder"": 0, ""sphere"": 0}}, ""material_policy"": ""native OBJ/MTL diffuse materials, forced opaque; neutral fallback"", ""materials"": 20, ""objects"": 6, ""output"": ""/mnt/zsn/lyb/arti-skill/exp/partnet_mobility_uniform_n5_studio_256_v1/Scissors/10975/imgs/000.png"", ""radius"": 0.8722689524583156, ""root_link"": ""base"", ""shared_renderer"": {""path"": ""/mnt/zsn/lyb/arti-skill/arti-template/scripts/render_exported_asset_blender.py"", ""sha256"": ""f418515a9817218b08d577d95983ec934c34ddf19f17bb89c73bf52aa60bb3a7""}, ""visuals"": 6}"
175,Scissors,10449,/mnt/zsn/lyb/arti-skill/exp/PartNet-Mobility/data/dataset/10449,10449,/mnt/zsn/lyb/arti-skill/exp/PartNet-Mobility/data/dataset/10449/mobility.urdf,10449/mobility.urdf,2584,6530ff51fb65753aff30bca36710cf3b497641947bb049f3e7c6985e7f306c31,59,3423846,264a3a2084e36287baf1b305b89e35b8bfd0d147f3765c0a13665389b74e367f,fd7a1e45165bda16a0b0b995811846f15de14574be58c406363e454005c8b8fc,1af49351b7e3f68d55fe46fce06930cc407ed2740825f5116725c002782a08b9,False,/mnt/zsn/lyb/arti-skill/exp/partnet_mobility_uniform_n5_studio_256_v1/Scissors/10449/imgs/000.png,1283,partnet_mobility:Scissors:10449:5,34,34,Scissors,partnet_mobility,5,Scissors:5,1af49351b7e3f68d55fe46fce06930cc407ed2740825f5116725c002782a08b9:10449,70200,ebfeefeae6dfd04ba5a029175387b7cb4cbe2e4ccabb2ba2e73c266556bd6ca5,reused_valid,0.0,2026-08-31T10:58:58.050961Z,2026-08-31T10:58:58.055421Z,,"{""asset_dir"": ""/mnt/zsn/lyb/arti-skill/exp/PartNet-Mobility/data/dataset/10449"", ""base_renderer"": {""path"": ""/mnt/zsn/lyb/arti-skill/exp/scripts/render_articraft10k_asset_blender.py"", ""sha256"": ""24669921702ddf11c9668e16692f3a4cb7e5b40e040e215a878b92cdd294fe22""}, ""camera_distance"": 3.4991674673930464, ""device"": ""OPTIX"", ""geometry"": {""mesh_visual_count"": 6, ""primitive_counts"": {""box"": 0, ""cylinder"": 0, ""sphere"": 0}}, ""material_policy"": ""native OBJ/MTL diffuse materials, forced opaque; neutral fallback"", ""materials"": 9, ""objects"": 6, ""output"": ""/mnt/zsn/lyb/arti-skill/exp/partnet_mobility_uniform_n5_studio_256_v1/Scissors/10449/imgs/000.png"", ""radius"": 1.0627029692575878, ""root_link"": ""base"", ""shared_renderer"": {""path"": ""/mnt/zsn/lyb/arti-skill/arti-template/scripts/render_exported_asset_blender.py"", ""sha256"": ""f418515a9817218b08d577d95983ec934c34ddf19f17bb89c73bf52aa60bb3a7""}, ""visuals"": 6}"
176,Stapler,103293,/mnt/zsn/lyb/arti-skill/exp/PartNet-Mobility/data/dataset/103293,103293,/mnt/zsn/lyb/arti-skill/exp/PartNet-Mobility/data/dataset/103293/mobility.urdf,103293/mobility.urdf,8066,794532345fae5746cc7b9fa6ea4be48199e9b2cde25cf763e92a08a1a76e965a,46,220732,029cacd05af755a3496d5fa2a6aa9f383ed7935420df87432155a14c5a0b7f54,8d01354bc8438b9bee16c9679eec0e4995ca6b3c0087115c607cb2650aee74ed,0324472c580550eab69396bf6864ec450c0aa41b89995127513cbe62a7eaad86,True,/mnt/zsn/lyb/arti-skill/exp/partnet_mobility_uniform_n5_studio_256_v1/Stapler/103293/imgs/000.png,1089,partnet_mobility:Stapler:103293:1,35,35,Stapler,partnet_mobility,1,Stapler:1,0324472c580550eab69396bf6864ec450c0aa41b89995127513cbe62a7eaad86:103293,74507,ca7e61c2fdd4e844acdfd27d683892bd2f9aaa3a9f57016b7977eaaa12ba7b79,reused_valid,0.0,2026-08-31T10:58:58.053931Z,2026-08-31T10:58:58.058473Z,,"{""asset_dir"": ""/mnt/zsn/lyb/arti-skill/exp/PartNet-Mobility/data/dataset/103293"", ""base_renderer"": {""path"": ""/mnt/zsn/lyb/arti-skill/exp/scripts/render_articraft10k_asset_blender.py"", ""sha256"": ""24669921702ddf11c9668e16692f3a4cb7e5b40e040e215a878b92cdd294fe22""}, ""camera_distance"": 3.3595805003380663, ""device"": ""OPTIX"", ""geometry"": {""mesh_visual_count"": 19, ""primitive_counts"": {""box"": 0, ""cylinder"": 0, ""sphere"": 0}}, ""material_policy"": ""native OBJ/MTL diffuse materials, forced opaque; neutral fallback"", ""materials"": 22, ""objects"": 19, ""output"": ""/mnt/zsn/lyb/arti-skill/exp/partnet_mobility_uniform_n5_studio_256_v1/Stapler/103293/imgs/000.png"", ""radius"": 1.020310175617018, ""root_link"": ""base"", ""shared_renderer"": {""path"": ""/mnt/zsn/lyb/arti-skill/arti-template/scripts/render_exported_asset_blender.py"", ""sha256"": ""f418515a9817218b08d577d95983ec934c34ddf19f17bb89c73bf52aa60bb3a7""}, ""visuals"": 19}"
177,Stapler,103307,/mnt/zsn/lyb/arti-skill/exp/PartNet-Mobility/data/dataset/103307,103307,/mnt/zsn/lyb/arti-skill/exp/PartNet-Mobility/data/dataset/103307/mobility.urdf,103307/mobility.urdf,9121,34d18dc21ec707d0645251552d057db822f9e2ff6b5fffb7e9361490c52cefdc,63,876424,26749d577c291b6419d3450c69287f9cf40751602be3dd002209a54dad64efb5,7f5223c2a8f08c88947194fc9d98a0faca0c2b1a1e7398261e6d6b9526c5383a,0e5e097b91d05f70fb89ef03c817d702c62541d428f2daf44e046e06b84e540b,False,/mnt/zsn/lyb/arti-skill/exp/partnet_mobility_uniform_n5_studio_256_v1/Stapler/103307/imgs/000.png,1095,partnet_mobility:Stapler:103307:2,35,35,Stapler,partnet_mobility,2,Stapler:2,0e5e097b91d05f70fb89ef03c817d702c62541d428f2daf44e046e06b84e540b:103307,80106,b75b1405e0f078def8f5370f8689f79d32da8deb89a460a6a2aa004624962b56,reused_valid,0.0,2026-08-31T10:58:58.054807Z,2026-08-31T10:58:58.059661Z,,"{""asset_dir"": ""/mnt/zsn/lyb/arti-skill/exp/PartNet-Mobility/data/dataset/103307"", ""base_renderer"": {""path"": ""/mnt/zsn/lyb/arti-skill/exp/scripts/render_articraft10k_asset_blender.py"", ""sha256"": ""24669921702ddf11c9668e16692f3a4cb7e5b40e040e215a878b92cdd294fe22""}, ""camera_distance"": 3.780548631627633, ""device"": ""OPTIX"", ""geometry"": {""mesh_visual_count"": 27, ""primitive_counts"": {""box"": 0, ""cylinder"": 0, ""sphere"": 0}}, ""material_policy"": ""native OBJ/MTL diffuse materials, forced opaque; neutral fallback"", ""materials"": 28, ""objects"": 27, ""output"": ""/mnt/zsn/lyb/arti-skill/exp/partnet_mobility_uniform_n5_studio_256_v1/Stapler/103307/imgs/000.png"", ""radius"": 1.148158895992078, ""root_link"": ""base"", ""shared_renderer"": {""path"": ""/mnt/zsn/lyb/arti-skill/arti-template/scripts/render_exported_asset_blender.py"", ""sha256"": ""f418515a9817218b08d577d95983ec934c34ddf19f17bb89c73bf52aa60bb3a7""}, ""visuals"": 27}"
178,Stapler,103789,/mnt/zsn/lyb/arti-skill/exp/PartNet-Mobility/data/dataset/103789,103789,/mnt/zsn/lyb/arti-skill/exp/PartNet-Mobility/data/dataset/103789/mobility.urdf,103789/mobility.urdf,6054,7a8590a8bd6fc94d582f3b84aa805b9947e0ed7d84a83c3438a086f2bfbff00e,45,224630,22501269473fbfd117978f7d338da2634fa3f650233e9c0c23d1ab1015411027,8b640cba084a48cf611eb5db750afe86cd0a828f73ae672c17e862f6482ad08c,0ef94d623c8ed87f60db5427b8456b8b773e192f2276419e236d8065f671558e,False,/mnt/zsn/lyb/arti-skill/exp/partnet_mobility_uniform_n5_studio_256_v1/Stapler/103789/imgs/000.png,1226,partnet_mobility:Stapler:103789:3,35,35,Stapler,partnet_mobility,3,Stapler:3,0ef94d623c8ed87f60db5427b8456b8b773e192f2276419e236d8065f671558e:103789,82513,5a9f283198341a2d331892eca42fcbb45a7a9412ee7dd4c4a6d91d39f746e9af,reused_valid,0.0,2026-08-31T10:58:58.055447Z,2026-08-31T10:58:58.060880Z,,"{""asset_dir"": ""/mnt/zsn/lyb/arti-skill/exp/PartNet-Mobility/data/dataset/103789"", ""base_renderer"": {""path"": ""/mnt/zsn/lyb/arti-skill/exp/scripts/render_articraft10k_asset_blender.py"", ""sha256"": ""24669921702ddf11c9668e16692f3a4cb7e5b40e040e215a878b92cdd294fe22""}, ""camera_distance"": 3.2417732434578737, ""device"": ""OPTIX"", ""geometry"": {""mesh_visual_count"": 17, ""primitive_counts"": {""box"": 0, ""cylinder"": 0, ""sphere"": 0}}, ""material_policy"": ""native OBJ/MTL diffuse materials, forced opaque; neutral fallback"", ""materials"": 24, ""objects"": 17, ""output"": ""/mnt/zsn/lyb/arti-skill/exp/partnet_mobility_uniform_n5_studio_256_v1/Stapler/103789/imgs/000.png"", ""radius"": 0.9845319161157817, ""root_link"": ""base"", ""shared_renderer"": {""path"": ""/mnt/zsn/lyb/arti-skill/arti-template/scripts/render_exported_asset_blender.py"", ""sha256"": ""f418515a9817218b08d577d95983ec934c34ddf19f17bb89c73bf52aa60bb3a7""}, ""visuals"": 17}"
179,Stapler,103792,/mnt/zsn/lyb/arti-skill/exp/PartNet-Mobility/data/dataset/103792,103792,/mnt/zsn/lyb/arti-skill/exp/PartNet-Mobility/data/dataset/103792/mobility.urdf,103792/mobility.urdf,20977,b0011b290cc94eea6ce63281becde7222520c4d760774ed23a74944f3262c05c,137,2010041,ad22fe4c81278e11b71399b1f1c05ca36808b85b886a90c496d7ecf89f4609fd,8ae755a92c53611c6255b75d10f7859f72bb9fc1d0341ecde1245d784489e6ac,1c21740f5d50c1c0e934e1997d615de40865bc5dc0cf62b6c58113334024fd81,False,/mnt/zsn/lyb/arti-skill/exp/partnet_mobility_uniform_n5_studio_256_v1/Stapler/103792/imgs/000.png,1227,partnet_mobility:Stapler:103792:4,35,35,Stapler,partnet_mobility,4,Stapler:4,1c21740f5d50c1c0e934e1997d615de40865bc5dc0cf62b6c58113334024fd81:103792,87247,a611e729e58fb81a61fc45ba53abc3aa6c7bb296c6f311d4755454524c8b7d67,reused_valid,0.0,2026-08-31T10:58:58.058500Z,2026-08-31T10:58:58.063419Z,,"{""asset_dir"": ""/mnt/zsn/lyb/arti-skill/exp/PartNet-Mobility/data/dataset/103792"", ""base_renderer"": {""path"": ""/mnt/zsn/lyb/arti-skill/exp/scripts/render_articraft10k_asset_blender.py"", ""sha256"": ""24669921702ddf11c9668e16692f3a4cb7e5b40e040e215a878b92cdd294fe22""}, ""camera_distance"": 3.376486040627971, ""device"": ""OPTIX"", ""geometry"": {""mesh_visual_count"": 65, ""primitive_counts"": {""box"": 0, ""cylinder"": 0, ""sphere"": 0}}, ""material_policy"": ""native OBJ/MTL diffuse materials, forced opaque; neutral fallback"", ""materials"": 103, ""objects"": 65, ""output"": ""/mnt/zsn/lyb/arti-skill/exp/partnet_mobility_uniform_n5_studio_256_v1/Stapler/103792/imgs/000.png"", ""radius"": 1.0254444162700869, ""root_link"": ""base"", ""shared_renderer"": {""path"": ""/mnt/zsn/lyb/arti-skill/arti-template/scripts/render_exported_asset_blender.py"", ""sha256"": ""f418515a9817218b08d577d95983ec934c34ddf19f17bb89c73bf52aa60bb3a7""}, ""visuals"": 65}"
180,Stapler,103104,/mnt/zsn/lyb/arti-skill/exp/PartNet-Mobility/data/dataset/103104,103104,/mnt/zsn/lyb/arti-skill/exp/PartNet-Mobility/data/dataset/103104/mobility.urdf,103104/mobility.urdf,9695,9de0bacc8a0d89213687bf1369cfd7e2deef33dfc1e8bf0ce2ed5a525574e879,66,325417,ff54d6abff8701ba9d03475ecc186cf6e3b567dbe2f6685498b564bb337718e4,fbc032e8fa2ebd996a1ba659d788d4d04f03ecaa83dcc4a757bfa5ee12827cb9,234da2630507aa809d65f15599545fd009f5bcc6cdfd30c4850d40ac57b71a17,False,/mnt/zsn/lyb/arti-skill/exp/partnet_mobility_uniform_n5_studio_256_v1/Stapler/103104/imgs/000.png,1027,partnet_mobility:Stapler:103104:5,35,35,Stapler,partnet_mobility,5,Stapler:5,234da2630507aa809d65f15599545fd009f5bcc6cdfd30c4850d40ac57b71a17:103104,81277,e2c54157f700244f9c531a14c486fa1d37adec6e16b03e1f75cf258052d1b59c,reused_valid,0.0,2026-08-31T10:58:58.059686Z,2026-08-31T10:58:58.064269Z,,"{""asset_dir"": ""/mnt/zsn/lyb/arti-skill/exp/PartNet-Mobility/data/dataset/103104"", ""base_renderer"": {""path"": ""/mnt/zsn/lyb/arti-skill/exp/scripts/render_articraft10k_asset_blender.py"", ""sha256"": ""24669921702ddf11c9668e16692f3a4cb7e5b40e040e215a878b92cdd294fe22""}, ""camera_distance"": 3.2246807585108663, ""device"": ""OPTIX"", ""geometry"": {""mesh_visual_count"": 28, ""primitive_counts"": {""box"": 0, ""cylinder"": 0, ""sphere"": 0}}, ""material_policy"": ""native OBJ/MTL diffuse materials, forced opaque; neutral fallback"", ""materials"": 49, ""objects"": 28, ""output"": ""/mnt/zsn/lyb/arti-skill/exp/partnet_mobility_uniform_n5_studio_256_v1/Stapler/103104/imgs/000.png"", ""radius"": 0.9793409000599804, ""root_link"": ""base"", ""shared_renderer"": {""path"": ""/mnt/zsn/lyb/arti-skill/arti-template/scripts/render_exported_asset_blender.py"", ""sha256"": ""f418515a9817218b08d577d95983ec934c34ddf19f17bb89c73bf52aa60bb3a7""}, ""visuals"": 28}"
181,StorageFurniture,45378,/mnt/zsn/lyb/arti-skill/exp/PartNet-Mobility/data/dataset/45378,45378,/mnt/zsn/lyb/arti-skill/exp/PartNet-Mobility/data/dataset/45378/mobility.urdf,45378/mobility.urdf,19024,ff5ab4923ede79c651a8095dd20c442908547d51d61b26c7887f5a1b41858088,244,6024014,1f4fe57c90b6435022688fb3e08fef14cacb1d80f07315e67683fbd10574b250,e4a21ef49233b711c7ffb39defe9eb46ab561afc9186324f0bf9cc54924b2240,00dac25e149aeb9574d765248d7442b4c4dbaf6a6fc54bd9e26106f1d329079b,True,/mnt/zsn/lyb/arti-skill/exp/partnet_mobility_uniform_n5_studio_256_v1/StorageFurniture/45378/imgs/000.png,1898,partnet_mobility:StorageFurniture:45378:1,36,36,StorageFurniture,partnet_mobility,1,StorageFurniture:1,00dac25e149aeb9574d765248d7442b4c4dbaf6a6fc54bd9e26106f1d329079b:45378,80014,d5b5678cbfd1656626e238d5cc962716e7531f6c3d328fd013eac7338b921005,reused_valid,0.0,2026-08-31T10:58:58.060906Z,2026-08-31T10:58:58.065631Z,,"{""asset_dir"": ""/mnt/zsn/lyb/arti-skill/exp/PartNet-Mobility/data/dataset/45378"", ""base_renderer"": {""path"": ""/mnt/zsn/lyb/arti-skill/exp/scripts/render_articraft10k_asset_blender.py"", ""sha256"": ""24669921702ddf11c9668e16692f3a4cb7e5b40e040e215a878b92cdd294fe22""}, ""camera_distance"": 3.437374754717977, ""device"": ""OPTIX"", ""geometry"": {""mesh_visual_count"": 51, ""primitive_counts"": {""box"": 0, ""cylinder"": 0, ""sphere"": 0}}, ""material_policy"": ""native OBJ/MTL diffuse materials, forced opaque; neutral fallback"", ""materials"": 120, ""objects"": 51, ""output"": ""/mnt/zsn/lyb/arti-skill/exp/partnet_mobility_uniform_n5_studio_256_v1/StorageFurniture/45378/imgs/000.png"", ""radius"": 1.0439364198282743, ""root_link"": ""base"", ""shared_renderer"": {""path"": ""/mnt/zsn/lyb/arti-skill/arti-template/scripts/render_exported_asset_blender.py"", ""sha256"": ""f418515a9817218b08d577d95983ec934c34ddf19f17bb89c73bf52aa60bb3a7""}, ""visuals"": 51}"
182,StorageFurniture,47238,/mnt/zsn/lyb/arti-skill/exp/PartNet-Mobility/data/dataset/47238,47238,/mnt/zsn/lyb/arti-skill/exp/PartNet-Mobility/data/dataset/47238/mobility.urdf,47238/mobility.urdf,7694,f1eb35b09a0b406afc3acc476fce363a67ae305e645c37bb7c441e59fad1e5d7,151,4142395,6de075b0145b08f031f1ddaabd4f043d67d4461ae2d8350ee2cec30ed0d44e9a,0bb1d4ea04b47bb14fe68ee6176e05ed414b7d96aacc5f606faa8a048d23b827,00f6659b268cf5635100cdb37b6d225c0fe4581c9f6933bec9d896740040ebb7,False,/mnt/zsn/lyb/arti-skill/exp/partnet_mobility_uniform_n5_studio_256_v1/StorageFurniture/47238/imgs/000.png,2113,partnet_mobility:StorageFurniture:47238:2,36,36,StorageFurniture,partnet_mobility,2,StorageFurniture:2,00f6659b268cf5635100cdb37b6d225c0fe4581c9f6933bec9d896740040ebb7:47238,73151,53fa30d7b20854e177d20b1856a1476f0e51f75c03aa9657e47e56975368e536,reused_valid,0.0,2026-08-31T10:58:58.063445Z,2026-08-31T10:58:58.068054Z,,"{""asset_dir"": ""/mnt/zsn/lyb/arti-skill/exp/PartNet-Mobility/data/dataset/47238"", ""base_renderer"": {""path"": ""/mnt/zsn/lyb/arti-skill/exp/scripts/render_articraft10k_asset_blender.py"", ""sha256"": ""24669921702ddf11c9668e16692f3a4cb7e5b40e040e215a878b92cdd294fe22""}, ""camera_distance"": 3.4862125505267865, ""device"": ""OPTIX"", ""geometry"": {""mesh_visual_count"": 23, ""primitive_counts"": {""box"": 0, ""cylinder"": 0, ""sphere"": 0}}, ""material_policy"": ""native OBJ/MTL diffuse materials, forced opaque; neutral fallback"", ""materials"": 23, ""objects"": 23, ""output"": ""/mnt/zsn/lyb/arti-skill/exp/partnet_mobility_uniform_n5_studio_256_v1/StorageFurniture/47238/imgs/000.png"", ""radius"": 1.0587685394972093, ""root_link"": ""base"", ""shared_renderer"": {""path"": ""/mnt/zsn/lyb/arti-skill/arti-template/scripts/render_exported_asset_blender.py"", ""sha256"": ""f418515a9817218b08d577d95983ec934c34ddf19f17bb89c73bf52aa60bb3a7""}, ""visuals"": 23}"
183,StorageFurniture,45784,/mnt/zsn/lyb/arti-skill/exp/PartNet-Mobility/data/dataset/45784,45784,/mnt/zsn/lyb/arti-skill/exp/PartNet-Mobility/data/dataset/45784/mobility.urdf,45784/mobility.urdf,19165,f5927fd180c7e567aa7dc6116a51b89870a7ffc7163ef4311dc323e0fb554504,264,5785256,6bab072db43818a544dd46f436c0bea27907726fcef46d0b21fd0fc8ff820e3d,8a1c4c3fd0671137bf7aeee127c290f7ac53d1e7e02b29f9df5fc1f2ee438c77,0143d968767f5d38906951b4c4457531b55f295e695d7782ebfe560986fa78a5,False,/mnt/zsn/lyb/arti-skill/exp/partnet_mobility_uniform_n5_studio_256_v1/StorageFurniture/45784/imgs/000.png,1977,partnet_mobility:StorageFurniture:45784:3,36,36,StorageFurniture,partnet_mobility,3,StorageFurniture:3,0143d968767f5d38906951b4c4457531b55f295e695d7782ebfe560986fa78a5:45784,76593,a3218cb74b396af1cfa451acd57435ce8eeead70b4cf463f5cd09fff03134af1,reused_valid,0.0,2026-08-31T10:58:58.064302Z,2026-08-31T10:58:58.068801Z,,"{""asset_dir"": ""/mnt/zsn/lyb/arti-skill/exp/PartNet-Mobility/data/dataset/45784"", ""base_renderer"": {""path"": ""/mnt/zsn/lyb/arti-skill/exp/scripts/render_articraft10k_asset_blender.py"", ""sha256"": ""24669921702ddf11c9668e16692f3a4cb7e5b40e040e215a878b92cdd294fe22""}, ""camera_distance"": 3.431594968171625, ""device"": ""OPTIX"", ""geometry"": {""mesh_visual_count"": 51, ""primitive_counts"": {""box"": 0, ""cylinder"": 0, ""sphere"": 0}}, ""material_policy"": ""native OBJ/MTL diffuse materials, forced opaque; neutral fallback"", ""materials"": 113, ""objects"": 51, ""output"": ""/mnt/zsn/lyb/arti-skill/exp/partnet_mobility_uniform_n5_studio_256_v1/StorageFurniture/45784/imgs/000.png"", ""radius"": 1.042181089058393, ""root_link"": ""base"", ""shared_renderer"": {""path"": ""/mnt/zsn/lyb/arti-skill/arti-template/scripts/render_exported_asset_blender.py"", ""sha256"": ""f418515a9817218b08d577d95983ec934c34ddf19f17bb89c73bf52aa60bb3a7""}, ""visuals"": 51}"
184,StorageFurniture,48258,/mnt/zsn/lyb/arti-skill/exp/PartNet-Mobility/data/dataset/48258,48258,/mnt/zsn/lyb/arti-skill/exp/PartNet-Mobility/data/dataset/48258/mobility.urdf,48258/mobility.urdf,20013,11e96ef51d325c9a9ea11402e9bd314ea2cf9d4c18793e340be060a922d773ec,377,6833767,5edb08ec6e13baa5ce81adab14385925ffabc4517a48b072fd71e2757821bde3,aba6f2dfedc54001359f8b2d384cfcd3be13e9b6d293008a9c6b20ed06228505,040375b685e55c43d2d980864ad3fa4823c045b5ab4bc5456a2935c02f88e335,False,/mnt/zsn/lyb/arti-skill/exp/partnet_mobility_uniform_n5_studio_256_v1/StorageFurniture/48258/imgs/000.png,2169,partnet_mobility:StorageFurniture:48258:4,36,36,StorageFurniture,partnet_mobility,4,StorageFurniture:4,040375b685e55c43d2d980864ad3fa4823c045b5ab4bc5456a2935c02f88e335:48258,78776,d9757a35b33e2387a60719ae6174de7298870ac4a8a37b3541455316e94983bd,reused_valid,0.0,2026-08-31T10:58:58.065656Z,2026-08-31T10:58:58.070189Z,,"{""asset_dir"": ""/mnt/zsn/lyb/arti-skill/exp/PartNet-Mobility/data/dataset/48258"", ""base_renderer"": {""path"": ""/mnt/zsn/lyb/arti-skill/exp/scripts/render_articraft10k_asset_blender.py"", ""sha256"": ""24669921702ddf11c9668e16692f3a4cb7e5b40e040e215a878b92cdd294fe22""}, ""camera_distance"": 3.405002210845468, ""device"": ""OPTIX"", ""geometry"": {""mesh_visual_count"": 65, ""primitive_counts"": {""box"": 0, ""cylinder"": 0, ""sphere"": 0}}, ""material_policy"": ""native OBJ/MTL diffuse materials, forced opaque; neutral fallback"", ""materials"": 142, ""objects"": 65, ""output"": ""/mnt/zsn/lyb/arti-skill/exp/partnet_mobility_uniform_n5_studio_256_v1/StorageFurniture/48258/imgs/000.png"", ""radius"": 1.0341048245084403, ""root_link"": ""base"", ""shared_renderer"": {""path"": ""/mnt/zsn/lyb/arti-skill/arti-template/scripts/render_exported_asset_blender.py"", ""sha256"": ""f418515a9817218b08d577d95983ec934c34ddf19f17bb89c73bf52aa60bb3a7""}, ""visuals"": 65}"
185,StorageFurniture,46014,/mnt/zsn/lyb/arti-skill/exp/PartNet-Mobility/data/dataset/46014,46014,/mnt/zsn/lyb/arti-skill/exp/PartNet-Mobility/data/dataset/46014/mobility.urdf,46014/mobility.urdf,18141,86c0be1d95772a1a60af7c5b2ed7a5833dac90c1782f6b20aca622930b51286e,320,5844690,b02510418511e07b376385d3a42955e6624136125c580959715dd0580ce95465,a852271d3564ea522029fe76c1cae3f9d138f8e957babbf31d78859d45ea14cb,046f565fb94e3458c4566dd857c088945ffcfbbf34fe32655dfa28e0172b8a07,False,/mnt/zsn/lyb/arti-skill/exp/partnet_mobility_uniform_n5_studio_256_v1/StorageFurniture/46014/imgs/000.png,2006,partnet_mobility:StorageFurniture:46014:5,36,36,StorageFurniture,partnet_mobility,5,StorageFurniture:5,046f565fb94e3458c4566dd857c088945ffcfbbf34fe32655dfa28e0172b8a07:46014,75273,8103b8f6126a6f2fb4410f26ead1d475972f31f919545966302ef2ed01660f3a,reused_valid,0.0,2026-08-31T10:58:58.068080Z,2026-08-31T10:58:58.072819Z,,"{""asset_dir"": ""/mnt/zsn/lyb/arti-skill/exp/PartNet-Mobility/data/dataset/46014"", ""base_renderer"": {""path"": ""/mnt/zsn/lyb/arti-skill/exp/scripts/render_articraft10k_asset_blender.py"", ""sha256"": ""24669921702ddf11c9668e16692f3a4cb7e5b40e040e215a878b92cdd294fe22""}, ""camera_distance"": 3.4897918024103327, ""device"": ""OPTIX"", ""geometry"": {""mesh_visual_count"": 59, ""primitive_counts"": {""box"": 0, ""cylinder"": 0, ""sphere"": 0}}, ""material_policy"": ""native OBJ/MTL diffuse materials, forced opaque; neutral fallback"", ""materials"": 69, ""objects"": 59, ""output"": ""/mnt/zsn/lyb/arti-skill/exp/partnet_mobility_uniform_n5_studio_256_v1/StorageFurniture/46014/imgs/000.png"", ""radius"": 1.0598555642366108, ""root_link"": ""base"", ""shared_renderer"": {""path"": ""/mnt/zsn/lyb/arti-skill/arti-template/scripts/render_exported_asset_blender.py"", ""sha256"": ""f418515a9817218b08d577d95983ec934c34ddf19f17bb89c73bf52aa60bb3a7""}, ""visuals"": 59}"
186,Suitcase,103755,/mnt/zsn/lyb/arti-skill/exp/PartNet-Mobility/data/dataset/103755,103755,/mnt/zsn/lyb/arti-skill/exp/PartNet-Mobility/data/dataset/103755/mobility.urdf,103755/mobility.urdf,4840,187675b57dcf2270b9ab3e2ccf10281e8bf7708e7f297ec6fe772f1c1d6d7726,33,242866,dcc5de07edaf989e1180d5ab4ccf115880d16f6c0c760b5135c7125cd85c54d9,bcdadf03d97fef1c531b0e2b94463b95c3c519ec783be78621cf14cd4e27db21,0ab4965552955e14c572237200150299681cf57184f0a2cb7aa5eef5b4992404,True,/mnt/zsn/lyb/arti-skill/exp/partnet_mobility_uniform_n5_studio_256_v1/Suitcase/103755/imgs/000.png,1217,partnet_mobility:Suitcase:103755:1,37,37,Suitcase,partnet_mobility,1,Suitcase:1,0ab4965552955e14c572237200150299681cf57184f0a2cb7aa5eef5b4992404:103755,79843,b7a980e07af81750176031f461a1ce3dc7b39a552c4ed79360499c94fde88e8b,reused_valid,0.0,2026-08-31T10:58:58.068826Z,2026-08-31T10:58:58.073423Z,,"{""asset_dir"": ""/mnt/zsn/lyb/arti-skill/exp/PartNet-Mobility/data/dataset/103755"", ""base_renderer"": {""path"": ""/mnt/zsn/lyb/arti-skill/exp/scripts/render_articraft10k_asset_blender.py"", ""sha256"": ""24669921702ddf11c9668e16692f3a4cb7e5b40e040e215a878b92cdd294fe22""}, ""camera_distance"": 3.567373153959662, ""device"": ""OPTIX"", ""geometry"": {""mesh_visual_count"": 12, ""primitive_counts"": {""box"": 0, ""cylinder"": 0, ""sphere"": 0}}, ""material_policy"": ""native OBJ/MTL diffuse materials, forced opaque; neutral fallback"", ""materials"": 16, ""objects"": 12, ""output"": ""/mnt/zsn/lyb/arti-skill/exp/partnet_mobility_uniform_n5_studio_256_v1/Suitcase/103755/imgs/000.png"", ""radius"": 1.0834171495047527, ""root_link"": ""base"", ""shared_renderer"": {""path"": ""/mnt/zsn/lyb/arti-skill/arti-template/scripts/render_exported_asset_blender.py"", ""sha256"": ""f418515a9817218b08d577d95983ec934c34ddf19f17bb89c73bf52aa60bb3a7""}, ""visuals"": 12}"
187,Suitcase,100836,/mnt/zsn/lyb/arti-skill/exp/PartNet-Mobility/data/dataset/100836,100836,/mnt/zsn/lyb/arti-skill/exp/PartNet-Mobility/data/dataset/100836/mobility.urdf,100836/mobility.urdf,231104,7b4d15ccd2c84b2298da70cd302f9e2424614dca4245f90a6b9bfd2135af5939,1607,10465616,32d42becb1b27c68be150de67051f64aab766e6aa0f8f205cb328d89cd261c74,74c7a681666e051209a3fa2f90c519495c942945fdcf249f58ca839a89398329,12eb5b41ea715200694fb7165e2ac16a9f202aea8839ecc7d9f826b167ae690c,False,/mnt/zsn/lyb/arti-skill/exp/partnet_mobility_uniform_n5_studio_256_v1/Suitcase/100836/imgs/000.png,261,partnet_mobility:Suitcase:100836:2,37,37,Suitcase,partnet_mobility,2,Suitcase:2,12eb5b41ea715200694fb7165e2ac16a9f202aea8839ecc7d9f826b167ae690c:100836,75529,58bd35b42fe0f1bbfd01f1052116940930638faaa2ccf888b81add5328644b53,reused_valid,0.0,2026-08-31T10:58:58.070214Z,2026-08-31T10:58:58.075026Z,,"{""asset_dir"": ""/mnt/zsn/lyb/arti-skill/exp/PartNet-Mobility/data/dataset/100836"", ""base_renderer"": {""path"": ""/mnt/zsn/lyb/arti-skill/exp/scripts/render_articraft10k_asset_blender.py"", ""sha256"": ""24669921702ddf11c9668e16692f3a4cb7e5b40e040e215a878b92cdd294fe22""}, ""camera_distance"": 3.2919412209342593, ""device"": ""OPTIX"", ""geometry"": {""mesh_visual_count"": 800, ""primitive_counts"": {""box"": 0, ""cylinder"": 0, ""sphere"": 0}}, ""material_policy"": ""native OBJ/MTL diffuse materials, forced opaque; neutral fallback"", ""materials"": 800, ""objects"": 800, ""output"": ""/mnt/zsn/lyb/arti-skill/exp/partnet_mobility_uniform_n5_studio_256_v1/Suitcase/100836/imgs/000.png"", ""radius"": 0.9997680141655623, ""root_link"": ""base"", ""shared_renderer"": {""path"": ""/mnt/zsn/lyb/arti-skill/arti-template/scripts/render_exported_asset_blender.py"", ""sha256"": ""f418515a9817218b08d577d95983ec934c34ddf19f17bb89c73bf52aa60bb3a7""}, ""visuals"": 800}"
188,Suitcase,103757,/mnt/zsn/lyb/arti-skill/exp/PartNet-Mobility/data/dataset/103757,103757,/mnt/zsn/lyb/arti-skill/exp/PartNet-Mobility/data/dataset/103757/mobility.urdf,103757/mobility.urdf,5860,13d99c31813ee4476a04c8bb5026a41365d6035bc35fa79623f545f133dc05b5,43,81225,ba37fc19d023f442883ab678896058f2d24ce57e1ecbff0a1ec78022635c1b62,a15a527be080569855b4fac8e638bca7e032a7bcb7adf26eb265c6473b2f20ac,133e8bc70e27bdd83c744ca2ff9a0f29c78a007a7ecfab9ebb66acf685106881,False,/mnt/zsn/lyb/arti-skill/exp/partnet_mobility_uniform_n5_studio_256_v1/Suitcase/103757/imgs/000.png,1218,partnet_mobility:Suitcase:103757:3,37,37,Suitcase,partnet_mobility,3,Suitcase:3,133e8bc70e27bdd83c744ca2ff9a0f29c78a007a7ecfab9ebb66acf685106881:103757,78345,f63e020286e5d7be92b77285b17c20e4acbca0f5901dfaea2fe515d199bb0562,reused_valid,0.0,2026-08-31T10:58:58.072845Z,2026-08-31T10:58:58.077553Z,,"{""asset_dir"": ""/mnt/zsn/lyb/arti-skill/exp/PartNet-Mobility/data/dataset/103757"", ""base_renderer"": {""path"": ""/mnt/zsn/lyb/arti-skill/exp/scripts/render_articraft10k_asset_blender.py"", ""sha256"": ""24669921702ddf11c9668e16692f3a4cb7e5b40e040e215a878b92cdd294fe22""}, ""camera_distance"": 4.049080774575272, ""device"": ""OPTIX"", ""geometry"": {""mesh_visual_count"": 18, ""primitive_counts"": {""box"": 0, ""cylinder"": 0, ""sphere"": 0}}, ""material_policy"": ""native OBJ/MTL diffuse materials, forced opaque; neutral fallback"", ""materials"": 18, ""objects"": 18, ""output"": ""/mnt/zsn/lyb/arti-skill/exp/partnet_mobility_uniform_n5_studio_256_v1/Suitcase/103757/imgs/000.png"", ""radius"": 1.2297125536294378, ""root_link"": ""base"", ""shared_renderer"": {""path"": ""/mnt/zsn/lyb/arti-skill/arti-template/scripts/render_exported_asset_blender.py"", ""sha256"": ""f418515a9817218b08d577d95983ec934c34ddf19f17bb89c73bf52aa60bb3a7""}, ""visuals"": 18}"
189,Suitcase,100248,/mnt/zsn/lyb/arti-skill/exp/PartNet-Mobility/data/dataset/100248,100248,/mnt/zsn/lyb/arti-skill/exp/PartNet-Mobility/data/dataset/100248/mobility.urdf,100248/mobility.urdf,10039,c3986c7acd25107c073b08cede0f5f8ce77cfb9901bf4f40b7a59b8834a3e7e6,71,734767,a5492ea0a688615c81822d46faa16145777f373d2ddaf26e31758fd71f54235f,1f334f8ad43b89bcc038c1b7d93a9d71382f6671615c7366883f9d35263b85ee,15b90f719d215624df861ea049d666992227ad8c44c11b6d9d555682967a48c5,False,/mnt/zsn/lyb/arti-skill/exp/partnet_mobility_uniform_n5_studio_256_v1/Suitcase/100248/imgs/000.png,73,partnet_mobility:Suitcase:100248:4,37,37,Suitcase,partnet_mobility,4,Suitcase:4,15b90f719d215624df861ea049d666992227ad8c44c11b6d9d555682967a48c5:100248,77842,7d10a0c5ee8faabc3e95a865deabc977b925d68d9d8ab01c6726fa13157d26cc,reused_valid,0.0,2026-08-31T10:58:58.073449Z,2026-08-31T10:58:58.077792Z,,"{""asset_dir"": ""/mnt/zsn/lyb/arti-skill/exp/PartNet-Mobility/data/dataset/100248"", ""base_renderer"": {""path"": ""/mnt/zsn/lyb/arti-skill/exp/scripts/render_articraft10k_asset_blender.py"", ""sha256"": ""24669921702ddf11c9668e16692f3a4cb7e5b40e040e215a878b92cdd294fe22""}, ""camera_distance"": 3.2454638965167355, ""device"": ""OPTIX"", ""geometry"": {""mesh_visual_count"": 32, ""primitive_counts"": {""box"": 0, ""cylinder"": 0, ""sphere"": 0}}, ""material_policy"": ""native OBJ/MTL diffuse materials, forced opaque; neutral fallback"", ""materials"": 32, ""objects"": 32, ""output"": ""/mnt/zsn/lyb/arti-skill/exp/partnet_mobility_uniform_n5_studio_256_v1/Suitcase/100248/imgs/000.png"", ""radius"": 0.9856527735770779, ""root_link"": ""base"", ""shared_renderer"": {""path"": ""/mnt/zsn/lyb/arti-skill/arti-template/scripts/render_exported_asset_blender.py"", ""sha256"": ""f418515a9817218b08d577d95983ec934c34ddf19f17bb89c73bf52aa60bb3a7""}, ""visuals"": 32}"
190,Suitcase,100840,/mnt/zsn/lyb/arti-skill/exp/PartNet-Mobility/data/dataset/100840,100840,/mnt/zsn/lyb/arti-skill/exp/PartNet-Mobility/data/dataset/100840/mobility.urdf,100840/mobility.urdf,5414,6afed4f5680c2f7b0fda6c8485fc25ee8cb598054c1092e6a1380623530e9329,36,287581,c95b103265d0966127ce691630b2dcba36fa668588398d4b1ab3dd4285086139,7b06bd15ee5f08ea5b14201aa36b835b290f66400415f677c7d92a3fb0a3c24a,21f0ba8f71e54778903370412428d6f682e8fc65e56388ff10804fce681887a1,False,/mnt/zsn/lyb/arti-skill/exp/partnet_mobility_uniform_n5_studio_256_v1/Suitcase/100840/imgs/000.png,265,partnet_mobility:Suitcase:100840:5,37,37,Suitcase,partnet_mobility,5,Suitcase:5,21f0ba8f71e54778903370412428d6f682e8fc65e56388ff10804fce681887a1:100840,83635,8adb192fb13b3c654043e99b9941deb5c5801a32a3c7118d7fb8f282fab10993,reused_valid,0.0,2026-08-31T10:58:58.075051Z,2026-08-31T10:58:58.079871Z,,"{""asset_dir"": ""/mnt/zsn/lyb/arti-skill/exp/PartNet-Mobility/data/dataset/100840"", ""base_renderer"": {""path"": ""/mnt/zsn/lyb/arti-skill/exp/scripts/render_articraft10k_asset_blender.py"", ""sha256"": ""24669921702ddf11c9668e16692f3a4cb7e5b40e040e215a878b92cdd294fe22""}, ""camera_distance"": 2.803418295028135, ""device"": ""OPTIX"", ""geometry"": {""mesh_visual_count"": 14, ""primitive_counts"": {""box"": 0, ""cylinder"": 0, ""sphere"": 0}}, ""material_policy"": ""native OBJ/MTL diffuse materials, forced opaque; neutral fallback"", ""materials"": 24, ""objects"": 14, ""output"": ""/mnt/zsn/lyb/arti-skill/exp/partnet_mobility_uniform_n5_studio_256_v1/Suitcase/100840/imgs/000.png"", ""radius"": 0.8514027905091982, ""root_link"": ""base"", ""shared_renderer"": {""path"": ""/mnt/zsn/lyb/arti-skill/arti-template/scripts/render_exported_asset_blender.py"", ""sha256"": ""f418515a9817218b08d577d95983ec934c34ddf19f17bb89c73bf52aa60bb3a7""}, ""visuals"": 14}"
191,Switch,100965,/mnt/zsn/lyb/arti-skill/exp/PartNet-Mobility/data/dataset/100965,100965,/mnt/zsn/lyb/arti-skill/exp/PartNet-Mobility/data/dataset/100965/mobility.urdf,100965/mobility.urdf,6958,7675677042f76edddaa8847b21b6da9aa4fb44f930f582aeee4a430615186bcd,51,157593,eb978d381c31a319da664c36cde8b3e46afb2890151b9ca070985fe48459ff61,1b93523502638cb85c64f1fe871db51b280d63cd043ebf1a96df04b43549679c,021a793633725adb58281ade54fab6a5309f0d36c8f75ec04b3c886df2759216,True,/mnt/zsn/lyb/arti-skill/exp/partnet_mobility_uniform_n5_studio_256_v1/Switch/100965/imgs/000.png,322,partnet_mobility:Switch:100965:1,38,38,Switch,partnet_mobility,1,Switch:1,021a793633725adb58281ade54fab6a5309f0d36c8f75ec04b3c886df2759216:100965,78658,f6dd3e659c80716252a99e08dbd9be665ceb2fad3735c05328e4bac64823653c,reused_valid,0.0,2026-08-31T10:58:58.077585Z,2026-08-31T10:58:58.082443Z,,"{""asset_dir"": ""/mnt/zsn/lyb/arti-skill/exp/PartNet-Mobility/data/dataset/100965"", ""base_renderer"": {""path"": ""/mnt/zsn/lyb/arti-skill/exp/scripts/render_articraft10k_asset_blender.py"", ""sha256"": ""24669921702ddf11c9668e16692f3a4cb7e5b40e040e215a878b92cdd294fe22""}, ""camera_distance"": 2.8953873568703643, ""device"": ""OPTIX"", ""geometry"": {""mesh_visual_count"": 22, ""primitive_counts"": {""box"": 0, ""cylinder"": 0, ""sphere"": 0}}, ""material_policy"": ""native OBJ/MTL diffuse materials, forced opaque; neutral fallback"", ""materials"": 22, ""objects"": 22, ""output"": ""/mnt/zsn/lyb/arti-skill/exp/partnet_mobility_uniform_n5_studio_256_v1/Switch/100965/imgs/000.png"", ""radius"": 0.8793339472801506, ""root_link"": ""base"", ""shared_renderer"": {""path"": ""/mnt/zsn/lyb/arti-skill/arti-template/scripts/render_exported_asset_blender.py"", ""sha256"": ""f418515a9817218b08d577d95983ec934c34ddf19f17bb89c73bf52aa60bb3a7""}, ""visuals"": 22}"
192,Switch,100871,/mnt/zsn/lyb/arti-skill/exp/PartNet-Mobility/data/dataset/100871,100871,/mnt/zsn/lyb/arti-skill/exp/PartNet-Mobility/data/dataset/100871/mobility.urdf,100871/mobility.urdf,1449,24f12a184958325bb15dfaba45ad297b709c4e07f3c9c4871baf4fac9b9cd2d9,13,36115,412955b1e42bd3b0d10fafb64f46cc1c6d0a28695a9e46ca8ba3f712f0c71e22,337b19fd2e233ab1dac2708174baf38aac2e23d05b31a068f6f9eee452fa420f,023ab3e9cad99bb385468c9af36feeae9b337c6a54b82ab51d6a44883926c00f,False,/mnt/zsn/lyb/arti-skill/exp/partnet_mobility_uniform_n5_studio_256_v1/Switch/100871/imgs/000.png,282,partnet_mobility:Switch:100871:2,38,38,Switch,partnet_mobility,2,Switch:2,023ab3e9cad99bb385468c9af36feeae9b337c6a54b82ab51d6a44883926c00f:100871,74639,1daad95e9b8a2f086098dbb1d76d72b85127600c46f9c9976347da42605873c6,reused_valid,0.0,2026-08-31T10:58:58.077818Z,2026-08-31T10:58:58.082543Z,,"{""asset_dir"": ""/mnt/zsn/lyb/arti-skill/exp/PartNet-Mobility/data/dataset/100871"", ""base_renderer"": {""path"": ""/mnt/zsn/lyb/arti-skill/exp/scripts/render_articraft10k_asset_blender.py"", ""sha256"": ""24669921702ddf11c9668e16692f3a4cb7e5b40e040e215a878b92cdd294fe22""}, ""camera_distance"": 4.1515442355191015, ""device"": ""OPTIX"", ""geometry"": {""mesh_visual_count"": 3, ""primitive_counts"": {""box"": 0, ""cylinder"": 0, ""sphere"": 0}}, ""material_policy"": ""native OBJ/MTL diffuse materials, forced opaque; neutral fallback"", ""materials"": 5, ""objects"": 3, ""output"": ""/mnt/zsn/lyb/arti-skill/exp/partnet_mobility_uniform_n5_studio_256_v1/Switch/100871/imgs/000.png"", ""radius"": 1.260830876830625, ""root_link"": ""base"", ""shared_renderer"": {""path"": ""/mnt/zsn/lyb/arti-skill/arti-template/scripts/render_exported_asset_blender.py"", ""sha256"": ""f418515a9817218b08d577d95983ec934c34ddf19f17bb89c73bf52aa60bb3a7""}, ""visuals"": 3}"
193,Switch,100850,/mnt/zsn/lyb/arti-skill/exp/PartNet-Mobility/data/dataset/100850,100850,/mnt/zsn/lyb/arti-skill/exp/PartNet-Mobility/data/dataset/100850/mobility.urdf,100850/mobility.urdf,2336,6d7eacd4743c9783d53f22c5409bdb35c0f4ae524ad7b1ed46a1dffd7f4655bf,17,60250,05be16e459d23dee249acec28f75e2cf5eb7b2a8575b2b21b9361c04e5a98635,f042eb757d9709785926f7e882a65a426668f002e955cd3b899d86d9c0d7573b,02d2fdcb8c1396bb9a73f9805345c9a73a3c8b5dd5ca90c13c236abe107f3450,False,/mnt/zsn/lyb/arti-skill/exp/partnet_mobility_uniform_n5_studio_256_v1/Switch/100850/imgs/000.png,272,partnet_mobility:Switch:100850:3,38,38,Switch,partnet_mobility,3,Switch:3,02d2fdcb8c1396bb9a73f9805345c9a73a3c8b5dd5ca90c13c236abe107f3450:100850,70687,3b6d1784f11869ef536f751f28196039a0b9821717ed592d16429c10003b9ae6,reused_valid,0.0,2026-08-31T10:58:58.079896Z,2026-08-31T10:58:58.084911Z,,"{""asset_dir"": ""/mnt/zsn/lyb/arti-skill/exp/PartNet-Mobility/data/dataset/100850"", ""base_renderer"": {""path"": ""/mnt/zsn/lyb/arti-skill/exp/scripts/render_articraft10k_asset_blender.py"", ""sha256"": ""24669921702ddf11c9668e16692f3a4cb7e5b40e040e215a878b92cdd294fe22""}, ""camera_distance"": 3.5199980821365315, ""device"": ""OPTIX"", ""geometry"": {""mesh_visual_count"": 5, ""primitive_counts"": {""box"": 0, ""cylinder"": 0, ""sphere"": 0}}, ""material_policy"": ""native OBJ/MTL diffuse materials, forced opaque; neutral fallback"", ""materials"": 6, ""objects"": 5, ""output"": ""/mnt/zsn/lyb/arti-skill/exp/partnet_mobility_uniform_n5_studio_256_v1/Switch/100850/imgs/000.png"", ""radius"": 1.0690292615387214, ""root_link"": ""base"", ""shared_renderer"": {""path"": ""/mnt/zsn/lyb/arti-skill/arti-template/scripts/render_exported_asset_blender.py"", ""sha256"": ""f418515a9817218b08d577d95983ec934c34ddf19f17bb89c73bf52aa60bb3a7""}, ""visuals"": 5}"
194,Switch,100952,/mnt/zsn/lyb/arti-skill/exp/PartNet-Mobility/data/dataset/100952,100952,/mnt/zsn/lyb/arti-skill/exp/PartNet-Mobility/data/dataset/100952/mobility.urdf,100952/mobility.urdf,1502,5c4aa56d89836306bc938bbf1c2a00c83c9adb207d00e2d52ed93553e51de89d,13,158792,67a3a1860f9d43c49d5976503eb4a1462192c4f6049a473e52d12762eb697789,1c2726001f93fd6b9bf4e7aa228e04f9ca9c5299b835843854b31ef8578e9ac5,075b4ffd92215faac6b2b069a17986f0b3e847e339f2f37c32d14f5c26cbe5f3,False,/mnt/zsn/lyb/arti-skill/exp/partnet_mobility_uniform_n5_studio_256_v1/Switch/100952/imgs/000.png,315,partnet_mobility:Switch:100952:4,38,38,Switch,partnet_mobility,4,Switch:4,075b4ffd92215faac6b2b069a17986f0b3e847e339f2f37c32d14f5c26cbe5f3:100952,80053,fe06683a619dffa2a76aff795eb39620040924fa95a5f80ed28b6be962686785,reused_valid,0.0,2026-08-31T10:58:58.082470Z,2026-08-31T10:58:58.087293Z,,"{""asset_dir"": ""/mnt/zsn/lyb/arti-skill/exp/PartNet-Mobility/data/dataset/100952"", ""base_renderer"": {""path"": ""/mnt/zsn/lyb/arti-skill/exp/scripts/render_articraft10k_asset_blender.py"", ""sha256"": ""24669921702ddf11c9668e16692f3a4cb7e5b40e040e215a878b92cdd294fe22""}, ""camera_distance"": 3.699324215242617, ""device"": ""OPTIX"", ""geometry"": {""mesh_visual_count"": 3, ""primitive_counts"": {""box"": 0, ""cylinder"": 0, ""sphere"": 0}}, ""material_policy"": ""native OBJ/MTL diffuse materials, forced opaque; neutral fallback"", ""materials"": 6, ""objects"": 3, ""output"": ""/mnt/zsn/lyb/arti-skill/exp/partnet_mobility_uniform_n5_studio_256_v1/Switch/100952/imgs/000.png"", ""radius"": 1.1234909058850258, ""root_link"": ""base"", ""shared_renderer"": {""path"": ""/mnt/zsn/lyb/arti-skill/arti-template/scripts/render_exported_asset_blender.py"", ""sha256"": ""f418515a9817218b08d577d95983ec934c34ddf19f17bb89c73bf52aa60bb3a7""}, ""visuals"": 3}"
195,Switch,100915,/mnt/zsn/lyb/arti-skill/exp/PartNet-Mobility/data/dataset/100915,100915,/mnt/zsn/lyb/arti-skill/exp/PartNet-Mobility/data/dataset/100915/mobility.urdf,100915/mobility.urdf,3540,a7e14038eb611fd537129530a4297e14897c4ccd9078d941fefce07b7aba38d5,29,118689,1530f72647b020ca3ae301c2ad0e9c3d4975404cf39d2bdd5e186be708119573,1b959d65561709a2d26619e2e1f8e286d8d92271a409349ab24b8463c08ed2fd,0ad5d27f59fc86eff1b6183472817b993d182e0107e753e04dc57d5184df9998,False,/mnt/zsn/lyb/arti-skill/exp/partnet_mobility_uniform_n5_studio_256_v1/Switch/100915/imgs/000.png,301,partnet_mobility:Switch:100915:5,38,38,Switch,partnet_mobility,5,Switch:5,0ad5d27f59fc86eff1b6183472817b993d182e0107e753e04dc57d5184df9998:100915,71853,aa90104f2187201a504c3ba82a1e99f283186166a9188ffdc1771441038c70d7,reused_valid,0.0,2026-08-31T10:58:58.082568Z,2026-08-31T10:58:58.087376Z,,"{""asset_dir"": ""/mnt/zsn/lyb/arti-skill/exp/PartNet-Mobility/data/dataset/100915"", ""base_renderer"": {""path"": ""/mnt/zsn/lyb/arti-skill/exp/scripts/render_articraft10k_asset_blender.py"", ""sha256"": ""24669921702ddf11c9668e16692f3a4cb7e5b40e040e215a878b92cdd294fe22""}, ""camera_distance"": 3.3709362341069506, ""device"": ""OPTIX"", ""geometry"": {""mesh_visual_count"": 10, ""primitive_counts"": {""box"": 0, ""cylinder"": 0, ""sphere"": 0}}, ""material_policy"": ""native OBJ/MTL diffuse materials, forced opaque; neutral fallback"", ""materials"": 11, ""objects"": 10, ""output"": ""/mnt/zsn/lyb/arti-skill/exp/partnet_mobility_uniform_n5_studio_256_v1/Switch/100915/imgs/000.png"", ""radius"": 1.0237589308157176, ""root_link"": ""base"", ""shared_renderer"": {""path"": ""/mnt/zsn/lyb/arti-skill/arti-template/scripts/render_exported_asset_blender.py"", ""sha256"": ""f418515a9817218b08d577d95983ec934c34ddf19f17bb89c73bf52aa60bb3a7""}, ""visuals"": 10}"
196,Table,30869,/mnt/zsn/lyb/arti-skill/exp/PartNet-Mobility/data/dataset/30869,30869,/mnt/zsn/lyb/arti-skill/exp/PartNet-Mobility/data/dataset/30869/mobility.urdf,30869/mobility.urdf,17627,e0dc47b0a9cc0d43c2c6a8680d7777df4558a18b1768e13f451fd80dd1a29de9,274,6436148,8056d2cceb0c3f8ae89614398ed1e18cc3fbfba35d4b2fa016adab243f56c31c,eb398d772980cc1902ece47e260023c2061e1db7c2821cb6ce1f86c7047a56f4,02d302da58989caf078fe7e3e8591123e9634d2fb06a5bf43282cd4584ca193b,True,/mnt/zsn/lyb/arti-skill/exp/partnet_mobility_uniform_n5_studio_256_v1/Table/30869/imgs/000.png,1693,partnet_mobility:Table:30869:1,39,39,Table,partnet_mobility,1,Table:1,02d302da58989caf078fe7e3e8591123e9634d2fb06a5bf43282cd4584ca193b:30869,82032,c1b9953eb4d7a35305a777a648b9268c98ae7725438c99b74a25c0d24cd30408,reused_valid,0.0,2026-08-31T10:58:58.084937Z,2026-08-31T10:58:58.089890Z,,"{""asset_dir"": ""/mnt/zsn/lyb/arti-skill/exp/PartNet-Mobility/data/dataset/30869"", ""base_renderer"": {""path"": ""/mnt/zsn/lyb/arti-skill/exp/scripts/render_articraft10k_asset_blender.py"", ""sha256"": ""24669921702ddf11c9668e16692f3a4cb7e5b40e040e215a878b92cdd294fe22""}, ""camera_distance"": 3.43418497507608, ""device"": ""OPTIX"", ""geometry"": {""mesh_visual_count"": 60, ""primitive_counts"": {""box"": 0, ""cylinder"": 0, ""sphere"": 0}}, ""material_policy"": ""native OBJ/MTL diffuse materials, forced opaque; neutral fallback"", ""materials"": 77, ""objects"": 60, ""output"": ""/mnt/zsn/lyb/arti-skill/exp/partnet_mobility_uniform_n5_studio_256_v1/Table/30869/imgs/000.png"", ""radius"": 1.0429676784552737, ""root_link"": ""base"", ""shared_renderer"": {""path"": ""/mnt/zsn/lyb/arti-skill/arti-template/scripts/render_exported_asset_blender.py"", ""sha256"": ""f418515a9817218b08d577d95983ec934c34ddf19f17bb89c73bf52aa60bb3a7""}, ""visuals"": 60}"
197,Table,29133,/mnt/zsn/lyb/arti-skill/exp/PartNet-Mobility/data/dataset/29133,29133,/mnt/zsn/lyb/arti-skill/exp/PartNet-Mobility/data/dataset/29133/mobility.urdf,29133/mobility.urdf,7746,e660ce8edc81a3d61ef2e292169bf63611109e90a8f0e2dd4a632522dac071d4,183,4423072,8c6e7485a97068cfe02d099cbad31b78257cf4c272e50707f9f5806cde952718,3bc11b833730386783e60624e612af71d18b9f156eea2acca2c10f7a1482fed2,0515184d18351241c379cd1ebe5cb4d5ea76c36c463a90e6e5c188007955494b,False,/mnt/zsn/lyb/arti-skill/exp/partnet_mobility_uniform_n5_studio_256_v1/Table/29133/imgs/000.png,1682,partnet_mobility:Table:29133:2,39,39,Table,partnet_mobility,2,Table:2,0515184d18351241c379cd1ebe5cb4d5ea76c36c463a90e6e5c188007955494b:29133,75189,dad53530f0ad531d27c2a940aa877cebb963cc7858469e9f7d2c84db382b9fb2,reused_valid,0.0,2026-08-31T10:58:58.087326Z,2026-08-31T10:58:58.092659Z,,"{""asset_dir"": ""/mnt/zsn/lyb/arti-skill/exp/PartNet-Mobility/data/dataset/29133"", ""base_renderer"": {""path"": ""/mnt/zsn/lyb/arti-skill/exp/scripts/render_articraft10k_asset_blender.py"", ""sha256"": ""24669921702ddf11c9668e16692f3a4cb7e5b40e040e215a878b92cdd294fe22""}, ""camera_distance"": 3.164721192330818, ""device"": ""OPTIX"", ""geometry"": {""mesh_visual_count"": 25, ""primitive_counts"": {""box"": 0, ""cylinder"": 0, ""sphere"": 0}}, ""material_policy"": ""native OBJ/MTL diffuse materials, forced opaque; neutral fallback"", ""materials"": 30, ""objects"": 25, ""output"": ""/mnt/zsn/lyb/arti-skill/exp/partnet_mobility_uniform_n5_studio_256_v1/Table/29133/imgs/000.png"", ""radius"": 0.9611310802646431, ""root_link"": ""base"", ""shared_renderer"": {""path"": ""/mnt/zsn/lyb/arti-skill/arti-template/scripts/render_exported_asset_blender.py"", ""sha256"": ""f418515a9817218b08d577d95983ec934c34ddf19f17bb89c73bf52aa60bb3a7""}, ""visuals"": 25}"
198,Table,26652,/mnt/zsn/lyb/arti-skill/exp/PartNet-Mobility/data/dataset/26652,26652,/mnt/zsn/lyb/arti-skill/exp/PartNet-Mobility/data/dataset/26652/mobility.urdf,26652/mobility.urdf,5387,9860c5b6439342a8fd39857da1a4086132900a7d6dc2b5d2bcab7f3cc689c31f,148,4250220,150e1bd7d097d6fb9c6323493ec869d358a52a7564b2ed3fc3ca3a44ba1eb9c0,8fa59d6677aec9d67ea052115be0290327ec98652a5bd8e93c6a4a257bf2e446,0b557b9524c551aca605ec49028bff1fa4956dd62360935d4581c30dcc775084,False,/mnt/zsn/lyb/arti-skill/exp/partnet_mobility_uniform_n5_studio_256_v1/Table/26652/imgs/000.png,1664,partnet_mobility:Table:26652:3,39,39,Table,partnet_mobility,3,Table:3,0b557b9524c551aca605ec49028bff1fa4956dd62360935d4581c30dcc775084:26652,81755,1f5bc68d8b5b514a13ceb139f35757dba55783ab6a9c6b508f8f61f24aace9f9,reused_valid,0.0,2026-08-31T10:58:58.087399Z,2026-08-31T10:58:58.092457Z,,"{""asset_dir"": ""/mnt/zsn/lyb/arti-skill/exp/PartNet-Mobility/data/dataset/26652"", ""base_renderer"": {""path"": ""/mnt/zsn/lyb/arti-skill/exp/scripts/render_articraft10k_asset_blender.py"", ""sha256"": ""24669921702ddf11c9668e16692f3a4cb7e5b40e040e215a878b92cdd294fe22""}, ""camera_distance"": 2.5355736396868847, ""device"": ""OPTIX"", ""geometry"": {""mesh_visual_count"": 17, ""primitive_counts"": {""box"": 0, ""cylinder"": 0, ""sphere"": 0}}, ""material_policy"": ""native OBJ/MTL diffuse materials, forced opaque; neutral fallback"", ""materials"": 17, ""objects"": 17, ""output"": ""/mnt/zsn/lyb/arti-skill/exp/partnet_mobility_uniform_n5_studio_256_v1/Table/26652/imgs/000.png"", ""radius"": 0.7700579239992839, ""root_link"": ""base"", ""shared_renderer"": {""path"": ""/mnt/zsn/lyb/arti-skill/arti-template/scripts/render_exported_asset_blender.py"", ""sha256"": ""f418515a9817218b08d577d95983ec934c34ddf19f17bb89c73bf52aa60bb3a7""}, ""visuals"": 17}"
199,Table,26886,/mnt/zsn/lyb/arti-skill/exp/PartNet-Mobility/data/dataset/26886,26886,/mnt/zsn/lyb/arti-skill/exp/PartNet-Mobility/data/dataset/26886/mobility.urdf,26886/mobility.urdf,51375,a3fa4f4e7177d6bc3533d3676ebebe748575b8974440610896acc71b6f7d6478,508,7751962,b6197e6e677b03137e89331da638ed3257383d24a70ff68c37893cd6687e90e0,12f61456a2e37aaa9d836a73dda790971aaee1cce05db7d726ffe50a8cbb303e,0baf1dd5fd90c2cf69f02730331d9ca95993ff7311afab5cd96d8b1041ddd869,False,/mnt/zsn/lyb/arti-skill/exp/partnet_mobility_uniform_n5_studio_256_v1/Table/26886/imgs/000.png,1671,partnet_mobility:Table:26886:4,39,39,Table,partnet_mobility,4,Table:4,0baf1dd5fd90c2cf69f02730331d9ca95993ff7311afab5cd96d8b1041ddd869:26886,83573,f7da2dd850564db5d8098da587021a4981ecb7601d9736b67a84b71057481a43,reused_valid,0.0,2026-08-31T10:58:58.089915Z,2026-08-31T10:58:58.095396Z,,"{""asset_dir"": ""/mnt/zsn/lyb/arti-skill/exp/PartNet-Mobility/data/dataset/26886"", ""base_renderer"": {""path"": ""/mnt/zsn/lyb/arti-skill/exp/scripts/render_articraft10k_asset_blender.py"", ""sha256"": ""24669921702ddf11c9668e16692f3a4cb7e5b40e040e215a878b92cdd294fe22""}, ""camera_distance"": 3.355907607119804, ""device"": ""OPTIX"", ""geometry"": {""mesh_visual_count"": 171, ""primitive_counts"": {""box"": 0, ""cylinder"": 0, ""sphere"": 0}}, ""material_policy"": ""native OBJ/MTL diffuse materials, forced opaque; neutral fallback"", ""materials"": 257, ""objects"": 171, ""output"": ""/mnt/zsn/lyb/arti-skill/exp/partnet_mobility_uniform_n5_studio_256_v1/Table/26886/imgs/000.png"", ""radius"": 1.0191947118487974, ""root_link"": ""base"", ""shared_renderer"": {""path"": ""/mnt/zsn/lyb/arti-skill/arti-template/scripts/render_exported_asset_blender.py"", ""sha256"": ""f418515a9817218b08d577d95983ec934c34ddf19f17bb89c73bf52aa60bb3a7""}, ""visuals"": 171}"
200,Table,26899,/mnt/zsn/lyb/arti-skill/exp/PartNet-Mobility/data/dataset/26899,26899,/mnt/zsn/lyb/arti-skill/exp/PartNet-Mobility/data/dataset/26899/mobility.urdf,26899/mobility.urdf,6710,f387c31a8a809fe6df11d6f488c10fc771fa70f00ef17fa201ae018d6a9fd891,161,4062705,5fb94ac6d751df1b35ab78cc197c71dfc3961bccade7fd09253e629f7cc4f885,a96f1745dfc842e2fccb81d0ef0b6b224ba87583bf2570ff6a2dc293525dfb41,0c1de86a1cc8eaaf7d9561b07ba8dda295aa515acc0727b591998ab2c05048b0,False,/mnt/zsn/lyb/arti-skill/exp/partnet_mobility_uniform_n5_studio_256_v1/Table/26899/imgs/000.png,1672,partnet_mobility:Table:26899:5,39,39,Table,partnet_mobility,5,Table:5,0c1de86a1cc8eaaf7d9561b07ba8dda295aa515acc0727b591998ab2c05048b0:26899,74757,b33fba915c8f28a0b44bb44b1096251f6a96c002eaf188a94ac59c3a1e721f15,reused_valid,0.0,2026-08-31T10:58:58.092485Z,2026-08-31T10:58:58.097453Z,,"{""asset_dir"": ""/mnt/zsn/lyb/arti-skill/exp/PartNet-Mobility/data/dataset/26899"", ""base_renderer"": {""path"": ""/mnt/zsn/lyb/arti-skill/exp/scripts/render_articraft10k_asset_blender.py"", ""sha256"": ""24669921702ddf11c9668e16692f3a4cb7e5b40e040e215a878b92cdd294fe22""}, ""camera_distance"": 3.8246314055694457, ""device"": ""OPTIX"", ""geometry"": {""mesh_visual_count"": 21, ""primitive_counts"": {""box"": 0, ""cylinder"": 0, ""sphere"": 0}}, ""material_policy"": ""native OBJ/MTL diffuse materials, forced opaque; neutral fallback"", ""materials"": 46, ""objects"": 21, ""output"": ""/mnt/zsn/lyb/arti-skill/exp/partnet_mobility_uniform_n5_studio_256_v1/Table/26899/imgs/000.png"", ""radius"": 1.161546907625593, ""root_link"": ""base"", ""shared_renderer"": {""path"": ""/mnt/zsn/lyb/arti-skill/arti-template/scripts/render_exported_asset_blender.py"", ""sha256"": ""f418515a9817218b08d577d95983ec934c34ddf19f17bb89c73bf52aa60bb3a7""}, ""visuals"": 21}"
201,Toaster,103553,/mnt/zsn/lyb/arti-skill/exp/PartNet-Mobility/data/dataset/103553,103553,/mnt/zsn/lyb/arti-skill/exp/PartNet-Mobility/data/dataset/103553/mobility.urdf,103553/mobility.urdf,18316,2d9bb1eb38e936c5502a60c554e609712d1b60147ac93bd8d01e453c264c5b33,113,636532,9b8148dadc507e8a1e19ff56bfe776395eb3d4e27db556efd9b991248eaa463a,2cd2f84885e3dd5487e52b91b4a5baa58535b19ad3c059036e7bc2024e26247c,00b2ca47cfcb0d3173d7a602d87ed56f1fbeb7f4d1597c3b599f0ae53b648529,True,/mnt/zsn/lyb/arti-skill/exp/partnet_mobility_uniform_n5_studio_256_v1/Toaster/103553/imgs/000.png,1179,partnet_mobility:Toaster:103553:1,40,40,Toaster,partnet_mobility,1,Toaster:1,00b2ca47cfcb0d3173d7a602d87ed56f1fbeb7f4d1597c3b599f0ae53b648529:103553,85501,043ffeef3b551764df91c1f95ac9a2cfcfddc17343d6ade50b8207dff74bdd54,reused_valid,0.0,2026-08-31T10:58:58.092693Z,2026-08-31T10:58:58.097595Z,,"{""asset_dir"": ""/mnt/zsn/lyb/arti-skill/exp/PartNet-Mobility/data/dataset/103553"", ""base_renderer"": {""path"": ""/mnt/zsn/lyb/arti-skill/exp/scripts/render_articraft10k_asset_blender.py"", ""sha256"": ""24669921702ddf11c9668e16692f3a4cb7e5b40e040e215a878b92cdd294fe22""}, ""camera_distance"": 3.503509763559741, ""device"": ""OPTIX"", ""geometry"": {""mesh_visual_count"": 53, ""primitive_counts"": {""box"": 0, ""cylinder"": 0, ""sphere"": 0}}, ""material_policy"": ""native OBJ/MTL diffuse materials, forced opaque; neutral fallback"", ""materials"": 83, ""objects"": 53, ""output"": ""/mnt/zsn/lyb/arti-skill/exp/partnet_mobility_uniform_n5_studio_256_v1/Toaster/103553/imgs/000.png"", ""radius"": 1.0640217318126077, ""root_link"": ""base"", ""shared_renderer"": {""path"": ""/mnt/zsn/lyb/arti-skill/arti-template/scripts/render_exported_asset_blender.py"", ""sha256"": ""f418515a9817218b08d577d95983ec934c34ddf19f17bb89c73bf52aa60bb3a7""}, ""visuals"": 53}"
202,Toaster,103486,/mnt/zsn/lyb/arti-skill/exp/PartNet-Mobility/data/dataset/103486,103486,/mnt/zsn/lyb/arti-skill/exp/PartNet-Mobility/data/dataset/103486/mobility.urdf,103486/mobility.urdf,10980,ade702bd85ce33f45ef7aae1946c40b9cb6199d6ab158c8454d22a37da93043e,73,2116507,8b5c91692a371a9722f2f939296edcbabec5c14eaa0dbb072a74cc50bf08db97,99db2735894412663fc41e5572771df0f147c2509635dacfa51d2764a340a21d,04ca891a160c735ebcd63ef0b6396cb2176a236c01ad83ceb92c7107490e2e19,False,/mnt/zsn/lyb/arti-skill/exp/partnet_mobility_uniform_n5_studio_256_v1/Toaster/103486/imgs/000.png,1160,partnet_mobility:Toaster:103486:2,40,40,Toaster,partnet_mobility,2,Toaster:2,04ca891a160c735ebcd63ef0b6396cb2176a236c01ad83ceb92c7107490e2e19:103486,75102,6a362b6c76a909d942742c673feec34769b543082bca789c7bf6273f3ece4205,reused_valid,0.0,2026-08-31T10:58:58.095421Z,2026-08-31T10:58:58.099781Z,,"{""asset_dir"": ""/mnt/zsn/lyb/arti-skill/exp/PartNet-Mobility/data/dataset/103486"", ""base_renderer"": {""path"": ""/mnt/zsn/lyb/arti-skill/exp/scripts/render_articraft10k_asset_blender.py"", ""sha256"": ""24669921702ddf11c9668e16692f3a4cb7e5b40e040e215a878b92cdd294fe22""}, ""camera_distance"": 3.9558981243447326, ""device"": ""OPTIX"", ""geometry"": {""mesh_visual_count"": 33, ""primitive_counts"": {""box"": 0, ""cylinder"": 0, ""sphere"": 0}}, ""material_policy"": ""native OBJ/MTL diffuse materials, forced opaque; neutral fallback"", ""materials"": 51, ""objects"": 33, ""output"": ""/mnt/zsn/lyb/arti-skill/exp/partnet_mobility_uniform_n5_studio_256_v1/Toaster/103486/imgs/000.png"", ""radius"": 1.201412828050124, ""root_link"": ""base"", ""shared_renderer"": {""path"": ""/mnt/zsn/lyb/arti-skill/arti-template/scripts/render_exported_asset_blender.py"", ""sha256"": ""f418515a9817218b08d577d95983ec934c34ddf19f17bb89c73bf52aa60bb3a7""}, ""visuals"": 33}"
203,Toaster,103547,/mnt/zsn/lyb/arti-skill/exp/PartNet-Mobility/data/dataset/103547,103547,/mnt/zsn/lyb/arti-skill/exp/PartNet-Mobility/data/dataset/103547/mobility.urdf,103547/mobility.urdf,6980,1e506d85274abc7b30ec72c1797b00ad522fd8fd83b37e6019f7d818d293a1f5,47,249749,7a53f69d6aac3ad802ac2ec1c91614c223e551c448e9193f67bd64203e65c521,b76d0ed8eb105fac2149393f2103bd57bc599affbcb1a4cf5d75687e31c00790,08434dbdd7a7db96c91aff5dfb658deb70af8c998ee5bbd8ceb5d412d79d1df0,False,/mnt/zsn/lyb/arti-skill/exp/partnet_mobility_uniform_n5_studio_256_v1/Toaster/103547/imgs/000.png,1176,partnet_mobility:Toaster:103547:3,40,40,Toaster,partnet_mobility,3,Toaster:3,08434dbdd7a7db96c91aff5dfb658deb70af8c998ee5bbd8ceb5d412d79d1df0:103547,72738,f3c54f4c99db2a9b0009e9577068ffa8dbea2a3a441dbaaac983b4d04fa5b0e3,reused_valid,0.0,2026-08-31T10:58:58.097478Z,2026-08-31T10:58:58.102264Z,,"{""asset_dir"": ""/mnt/zsn/lyb/arti-skill/exp/PartNet-Mobility/data/dataset/103547"", ""base_renderer"": {""path"": ""/mnt/zsn/lyb/arti-skill/exp/scripts/render_articraft10k_asset_blender.py"", ""sha256"": ""24669921702ddf11c9668e16692f3a4cb7e5b40e040e215a878b92cdd294fe22""}, ""camera_distance"": 3.9856185284217944, ""device"": ""OPTIX"", ""geometry"": {""mesh_visual_count"": 20, ""primitive_counts"": {""box"": 0, ""cylinder"": 0, ""sphere"": 0}}, ""material_policy"": ""native OBJ/MTL diffuse materials, forced opaque; neutral fallback"", ""materials"": 24, ""objects"": 20, ""output"": ""/mnt/zsn/lyb/arti-skill/exp/partnet_mobility_uniform_n5_studio_256_v1/Toaster/103547/imgs/000.png"", ""radius"": 1.2104389641109279, ""root_link"": ""base"", ""shared_renderer"": {""path"": ""/mnt/zsn/lyb/arti-skill/arti-template/scripts/render_exported_asset_blender.py"", ""sha256"": ""f418515a9817218b08d577d95983ec934c34ddf19f17bb89c73bf52aa60bb3a7""}, ""visuals"": 20}"
204,Toaster,103555,/mnt/zsn/lyb/arti-skill/exp/PartNet-Mobility/data/dataset/103555,103555,/mnt/zsn/lyb/arti-skill/exp/PartNet-Mobility/data/dataset/103555/mobility.urdf,103555/mobility.urdf,15900,2135668757e37f96f7a420219a2bcc8baff32d63db68c9605b9679b999580d1c,113,825315,572e8afbb8086aff16bb6ac35a49aa2bd685137180c4e0730eac4d6d386dfaf4,7f44ead3f789d62bf81c8de4441d886c37710ad2eca4e4f3c02081091d28bf60,2c3601230f6d99b6f97b4fec272390b817fafa43d58aa219846d7571a254fd6c,False,/mnt/zsn/lyb/arti-skill/exp/partnet_mobility_uniform_n5_studio_256_v1/Toaster/103555/imgs/000.png,1180,partnet_mobility:Toaster:103555:4,40,40,Toaster,partnet_mobility,4,Toaster:4,2c3601230f6d99b6f97b4fec272390b817fafa43d58aa219846d7571a254fd6c:103555,72742,a3302ec38c4862423ad3cc066d9d4df19f86d7827b1c90ee754358ade5f621d1,reused_valid,0.0,2026-08-31T10:58:58.097622Z,2026-08-31T10:58:58.102518Z,,"{""asset_dir"": ""/mnt/zsn/lyb/arti-skill/exp/PartNet-Mobility/data/dataset/103555"", ""base_renderer"": {""path"": ""/mnt/zsn/lyb/arti-skill/exp/scripts/render_articraft10k_asset_blender.py"", ""sha256"": ""24669921702ddf11c9668e16692f3a4cb7e5b40e040e215a878b92cdd294fe22""}, ""camera_distance"": 3.530974103190705, ""device"": ""OPTIX"", ""geometry"": {""mesh_visual_count"": 53, ""primitive_counts"": {""box"": 0, ""cylinder"": 0, ""sphere"": 0}}, ""material_policy"": ""native OBJ/MTL diffuse materials, forced opaque; neutral fallback"", ""materials"": 53, ""objects"": 53, ""output"": ""/mnt/zsn/lyb/arti-skill/exp/partnet_mobility_uniform_n5_studio_256_v1/Toaster/103555/imgs/000.png"", ""radius"": 1.0723626973555542, ""root_link"": ""base"", ""shared_renderer"": {""path"": ""/mnt/zsn/lyb/arti-skill/arti-template/scripts/render_exported_asset_blender.py"", ""sha256"": ""f418515a9817218b08d577d95983ec934c34ddf19f17bb89c73bf52aa60bb3a7""}, ""visuals"": 53}"
205,Toaster,103545,/mnt/zsn/lyb/arti-skill/exp/PartNet-Mobility/data/dataset/103545,103545,/mnt/zsn/lyb/arti-skill/exp/PartNet-Mobility/data/dataset/103545/mobility.urdf,103545/mobility.urdf,6841,f7925f394d2fd0a697e2e2116b92f9b1dec0aacd0c96a2cd5f8419ffd3b04b96,47,67252,3ac23fe53c9bbfb6b269f698e1eadf5742c56748f7fb256e7ef0a0acbaa127c3,fd83f7622d1eb85deb71a3e38192759a89a36fcca3720e93d6dba8c6c13fd15f,4d48f3eddfd487b5f6474fe22f414df6bd1108c4801e6e6aec9c8967ce4638f5,False,/mnt/zsn/lyb/arti-skill/exp/partnet_mobility_uniform_n5_studio_256_v1/Toaster/103545/imgs/000.png,1175,partnet_mobility:Toaster:103545:5,40,40,Toaster,partnet_mobility,5,Toaster:5,4d48f3eddfd487b5f6474fe22f414df6bd1108c4801e6e6aec9c8967ce4638f5:103545,74964,b1622cfef092e470a994a563aab819674f4a1e75c290a47e3da6e96ed841a632,reused_valid,0.0,2026-08-31T10:58:58.099806Z,2026-08-31T10:58:58.104327Z,,"{""asset_dir"": ""/mnt/zsn/lyb/arti-skill/exp/PartNet-Mobility/data/dataset/103545"", ""base_renderer"": {""path"": ""/mnt/zsn/lyb/arti-skill/exp/scripts/render_articraft10k_asset_blender.py"", ""sha256"": ""24669921702ddf11c9668e16692f3a4cb7e5b40e040e215a878b92cdd294fe22""}, ""camera_distance"": 3.254587451558106, ""device"": ""OPTIX"", ""geometry"": {""mesh_visual_count"": 20, ""primitive_counts"": {""box"": 0, ""cylinder"": 0, ""sphere"": 0}}, ""material_policy"": ""native OBJ/MTL diffuse materials, forced opaque; neutral fallback"", ""materials"": 21, ""objects"": 20, ""output"": ""/mnt/zsn/lyb/arti-skill/exp/partnet_mobility_uniform_n5_studio_256_v1/Toaster/103545/imgs/000.png"", ""radius"": 0.9884236123903093, ""root_link"": ""base"", ""shared_renderer"": {""path"": ""/mnt/zsn/lyb/arti-skill/arti-template/scripts/render_exported_asset_blender.py"", ""sha256"": ""f418515a9817218b08d577d95983ec934c34ddf19f17bb89c73bf52aa60bb3a7""}, ""visuals"": 20}"
206,Toilet,102622,/mnt/zsn/lyb/arti-skill/exp/PartNet-Mobility/data/dataset/102622,102622,/mnt/zsn/lyb/arti-skill/exp/PartNet-Mobility/data/dataset/102622/mobility.urdf,102622/mobility.urdf,2694,c043d1c92f5bc912a42813a36f3462710164daf18e7d6a47a90134ee5fdf6e5f,19,818843,d6dc46df5542aefc275a6b0a16d2736d2c78b7c7c6f84ec54d29540a4eab73c0,ece6665c31f801856f0639435f75ad78a1f8e270353e8ef78eb7ba4e8f8777fb,002490b030794b97498a9118a7503fd1e39e5108d2c0c634764b6c438652e521,True,/mnt/zsn/lyb/arti-skill/exp/partnet_mobility_uniform_n5_studio_256_v1/Toilet/102622/imgs/000.png,809,partnet_mobility:Toilet:102622:1,41,41,Toilet,partnet_mobility,1,Toilet:1,002490b030794b97498a9118a7503fd1e39e5108d2c0c634764b6c438652e521:102622,71417,b905d22e101b71ebd658692f7408949c4c12ab9bc658080e6a109167b41aa657,reused_valid,0.0,2026-08-31T10:58:58.102290Z,2026-08-31T10:58:58.107310Z,,"{""asset_dir"": ""/mnt/zsn/lyb/arti-skill/exp/PartNet-Mobility/data/dataset/102622"", ""base_renderer"": {""path"": ""/mnt/zsn/lyb/arti-skill/exp/scripts/render_articraft10k_asset_blender.py"", ""sha256"": ""24669921702ddf11c9668e16692f3a4cb7e5b40e040e215a878b92cdd294fe22""}, ""camera_distance"": 3.737562447460598, ""device"": ""OPTIX"", ""geometry"": {""mesh_visual_count"": 6, ""primitive_counts"": {""box"": 0, ""cylinder"": 0, ""sphere"": 0}}, ""material_policy"": ""native OBJ/MTL diffuse materials, forced opaque; neutral fallback"", ""materials"": 6, ""objects"": 6, ""output"": ""/mnt/zsn/lyb/arti-skill/exp/partnet_mobility_uniform_n5_studio_256_v1/Toilet/102622/imgs/000.png"", ""radius"": 1.1351039204937503, ""root_link"": ""base"", ""shared_renderer"": {""path"": ""/mnt/zsn/lyb/arti-skill/arti-template/scripts/render_exported_asset_blender.py"", ""sha256"": ""f418515a9817218b08d577d95983ec934c34ddf19f17bb89c73bf52aa60bb3a7""}, ""visuals"": 6}"
207,Toilet,102692,/mnt/zsn/lyb/arti-skill/exp/PartNet-Mobility/data/dataset/102692,102692,/mnt/zsn/lyb/arti-skill/exp/PartNet-Mobility/data/dataset/102692/mobility.urdf,102692/mobility.urdf,4003,426d6c77744ad0ef1309f99090bc27705b38b0262ad0903c5ed82b26e7986e2e,25,143046,df9750851e99c693b8ab5775d27ebf497ea08376ee0dd5d906869124353ccc70,97805082c95532b4da3c24299b842241b5866254a1207fead96ef663ba7cd3d2,0145952d093905790bdd9ae5d1e57215ba03b999b362667d53e44ac38f2a6bd7,False,/mnt/zsn/lyb/arti-skill/exp/partnet_mobility_uniform_n5_studio_256_v1/Toilet/102692/imgs/000.png,856,partnet_mobility:Toilet:102692:2,41,41,Toilet,partnet_mobility,2,Toilet:2,0145952d093905790bdd9ae5d1e57215ba03b999b362667d53e44ac38f2a6bd7:102692,70582,3d90d108fa57635097f0e31071f3af813fd1b76c07fac856e607f2ce6ae60015,reused_valid,0.0,2026-08-31T10:58:58.102544Z,2026-08-31T10:58:58.106992Z,,"{""asset_dir"": ""/mnt/zsn/lyb/arti-skill/exp/PartNet-Mobility/data/dataset/102692"", ""base_renderer"": {""path"": ""/mnt/zsn/lyb/arti-skill/exp/scripts/render_articraft10k_asset_blender.py"", ""sha256"": ""24669921702ddf11c9668e16692f3a4cb7e5b40e040e215a878b92cdd294fe22""}, ""camera_distance"": 3.8591653381059516, ""device"": ""OPTIX"", ""geometry"": {""mesh_visual_count"": 9, ""primitive_counts"": {""box"": 0, ""cylinder"": 0, ""sphere"": 0}}, ""material_policy"": ""native OBJ/MTL diffuse materials, forced opaque; neutral fallback"", ""materials"": 11, ""objects"": 9, ""output"": ""/mnt/zsn/lyb/arti-skill/exp/partnet_mobility_uniform_n5_studio_256_v1/Toilet/102692/imgs/000.png"", ""radius"": 1.1720349202710776, ""root_link"": ""base"", ""shared_renderer"": {""path"": ""/mnt/zsn/lyb/arti-skill/arti-template/scripts/render_exported_asset_blender.py"", ""sha256"": ""f418515a9817218b08d577d95983ec934c34ddf19f17bb89c73bf52aa60bb3a7""}, ""visuals"": 9}"
208,Toilet,102645,/mnt/zsn/lyb/arti-skill/exp/PartNet-Mobility/data/dataset/102645,102645,/mnt/zsn/lyb/arti-skill/exp/PartNet-Mobility/data/dataset/102645/mobility.urdf,102645/mobility.urdf,5024,8e82eb1df28eee2cb9e143409a29eefa98d0c8aa64c3882967328fae75152864,31,490893,5233b128d0b6c5e2bfe5b907fcd93ccd8a00a73d8aad5968e46e17a699cae7ed,167a1ef0f32a368bd5decdb93562875102ee3694d66906dfcc369ad0019ab6e1,04a4e2f8d988571f0c06205dad6f083ffbdeb47e68b847bc360682591a65672b,False,/mnt/zsn/lyb/arti-skill/exp/partnet_mobility_uniform_n5_studio_256_v1/Toilet/102645/imgs/000.png,821,partnet_mobility:Toilet:102645:3,41,41,Toilet,partnet_mobility,3,Toilet:3,04a4e2f8d988571f0c06205dad6f083ffbdeb47e68b847bc360682591a65672b:102645,72150,db3c597364f7b71ab7b17440a93689a90517891bad5c05e9615f0bed45b93df1,reused_valid,0.0,2026-08-31T10:58:58.104352Z,2026-08-31T10:58:58.108451Z,,"{""asset_dir"": ""/mnt/zsn/lyb/arti-skill/exp/PartNet-Mobility/data/dataset/102645"", ""base_renderer"": {""path"": ""/mnt/zsn/lyb/arti-skill/exp/scripts/render_articraft10k_asset_blender.py"", ""sha256"": ""24669921702ddf11c9668e16692f3a4cb7e5b40e040e215a878b92cdd294fe22""}, ""camera_distance"": 3.803057413429301, ""device"": ""OPTIX"", ""geometry"": {""mesh_visual_count"": 12, ""primitive_counts"": {""box"": 0, ""cylinder"": 0, ""sphere"": 0}}, ""material_policy"": ""native OBJ/MTL diffuse materials, forced opaque; neutral fallback"", ""materials"": 12, ""objects"": 12, ""output"": ""/mnt/zsn/lyb/arti-skill/exp/partnet_mobility_uniform_n5_studio_256_v1/Toilet/102645/imgs/000.png"", ""radius"": 1.1549948503949192, ""root_link"": ""base"", ""shared_renderer"": {""path"": ""/mnt/zsn/lyb/arti-skill/arti-template/scripts/render_exported_asset_blender.py"", ""sha256"": ""f418515a9817218b08d577d95983ec934c34ddf19f17bb89c73bf52aa60bb3a7""}, ""visuals"": 12}"
209,Toilet,102655,/mnt/zsn/lyb/arti-skill/exp/PartNet-Mobility/data/dataset/102655,102655,/mnt/zsn/lyb/arti-skill/exp/PartNet-Mobility/data/dataset/102655/mobility.urdf,102655/mobility.urdf,2080,6a297c1dc92dffc330bf6be35d3d0dfc92ad75ad787c4d5b632b01660b4c8269,15,1297510,efdf8b93baecd63f6f92aa3300a8479826453f613dac7efc63d32c1f862bfa81,c9fa6aafb1d3cc72483d259321a69427875215d9515055efa3fdaa4340ff73bc,05e75aa258b4c043548a6b97dc712152031cd71a44f0bdbcd125843e5fd5901a,False,/mnt/zsn/lyb/arti-skill/exp/partnet_mobility_uniform_n5_studio_256_v1/Toilet/102655/imgs/000.png,830,partnet_mobility:Toilet:102655:4,41,41,Toilet,partnet_mobility,4,Toilet:4,05e75aa258b4c043548a6b97dc712152031cd71a44f0bdbcd125843e5fd5901a:102655,72560,96e0e14220dca13288610aa4378dbcbbefa735632cf5e7c605baeb02843c9ea2,reused_valid,0.0,2026-08-31T10:58:58.107019Z,2026-08-31T10:58:58.111928Z,,"{""asset_dir"": ""/mnt/zsn/lyb/arti-skill/exp/PartNet-Mobility/data/dataset/102655"", ""base_renderer"": {""path"": ""/mnt/zsn/lyb/arti-skill/exp/scripts/render_articraft10k_asset_blender.py"", ""sha256"": ""24669921702ddf11c9668e16692f3a4cb7e5b40e040e215a878b92cdd294fe22""}, ""camera_distance"": 3.8138155032471586, ""device"": ""OPTIX"", ""geometry"": {""mesh_visual_count"": 4, ""primitive_counts"": {""box"": 0, ""cylinder"": 0, ""sphere"": 0}}, ""material_policy"": ""native OBJ/MTL diffuse materials, forced opaque; neutral fallback"", ""materials"": 4, ""objects"": 4, ""output"": ""/mnt/zsn/lyb/arti-skill/exp/partnet_mobility_uniform_n5_studio_256_v1/Toilet/102655/imgs/000.png"", ""radius"": 1.1582621001334676, ""root_link"": ""base"", ""shared_renderer"": {""path"": ""/mnt/zsn/lyb/arti-skill/arti-template/scripts/render_exported_asset_blender.py"", ""sha256"": ""f418515a9817218b08d577d95983ec934c34ddf19f17bb89c73bf52aa60bb3a7""}, ""visuals"": 4}"
210,Toilet,102654,/mnt/zsn/lyb/arti-skill/exp/PartNet-Mobility/data/dataset/102654,102654,/mnt/zsn/lyb/arti-skill/exp/PartNet-Mobility/data/dataset/102654/mobility.urdf,102654/mobility.urdf,2825,dbd52f25c5ec546db57ea59a7f74c5daf18c283658571da251d313ebfce14be1,17,875825,1473fa0890e37bddfdcb82285e198596270447ef224b6a88b666a2a1e2aae1e9,3cd997c514b4fcc31d5513cb90694dd37e59ea5f46a8674725b2f47f785f82d4,064f44d46485e8d353352983939aac3dc7170504ab1fc415bc748c80dfaf8d36,False,/mnt/zsn/lyb/arti-skill/exp/partnet_mobility_uniform_n5_studio_256_v1/Toilet/102654/imgs/000.png,829,partnet_mobility:Toilet:102654:5,41,41,Toilet,partnet_mobility,5,Toilet:5,064f44d46485e8d353352983939aac3dc7170504ab1fc415bc748c80dfaf8d36:102654,70945,20c7b0fd641ac3c73ac7a8fdf369eb48ab986b2e163c13267a8354577a595169,reused_valid,0.0,2026-08-31T10:58:58.107335Z,2026-08-31T10:58:58.113342Z,,"{""asset_dir"": ""/mnt/zsn/lyb/arti-skill/exp/PartNet-Mobility/data/dataset/102654"", ""base_renderer"": {""path"": ""/mnt/zsn/lyb/arti-skill/exp/scripts/render_articraft10k_asset_blender.py"", ""sha256"": ""24669921702ddf11c9668e16692f3a4cb7e5b40e040e215a878b92cdd294fe22""}, ""camera_distance"": 3.7443747168839576, ""device"": ""OPTIX"", ""geometry"": {""mesh_visual_count"": 5, ""primitive_counts"": {""box"": 0, ""cylinder"": 0, ""sphere"": 0}}, ""material_policy"": ""native OBJ/MTL diffuse materials, forced opaque; neutral fallback"", ""materials"": 6, ""objects"": 5, ""output"": ""/mnt/zsn/lyb/arti-skill/exp/partnet_mobility_uniform_n5_studio_256_v1/Toilet/102654/imgs/000.png"", ""radius"": 1.1371728180275344, ""root_link"": ""base"", ""shared_renderer"": {""path"": ""/mnt/zsn/lyb/arti-skill/arti-template/scripts/render_exported_asset_blender.py"", ""sha256"": ""f418515a9817218b08d577d95983ec934c34ddf19f17bb89c73bf52aa60bb3a7""}, ""visuals"": 5}"
211,TrashCan,102209,/mnt/zsn/lyb/arti-skill/exp/PartNet-Mobility/data/dataset/102209,102209,/mnt/zsn/lyb/arti-skill/exp/PartNet-Mobility/data/dataset/102209/mobility.urdf,102209/mobility.urdf,4169,6570a379e86cdb6d8ab74e04e33b67e76cc990f6e419df6adf484600b04a29f2,26,1153461,45fcf9ab7d6ecde2e6be21b047219a6b29f1f92780e39572f916d597050f986a,d055d995532d0983b819d7bff63fa9adf453142363f789d0917b2cf1e3104f84,00b774946bf9e7af8592edd3174d4782b65ed3d1fb1eb390527ce3c7fb6549f8,True,/mnt/zsn/lyb/arti-skill/exp/partnet_mobility_uniform_n5_studio_256_v1/TrashCan/102209/imgs/000.png,687,partnet_mobility:TrashCan:102209:1,42,42,TrashCan,partnet_mobility,1,TrashCan:1,00b774946bf9e7af8592edd3174d4782b65ed3d1fb1eb390527ce3c7fb6549f8:102209,81690,eacad5dd7bb8e92dd444544c4789c6c22ebf73beb388d869b2ee8eb5fc770572,reused_valid,0.0,2026-08-31T10:58:58.108476Z,2026-08-31T10:58:58.113123Z,,"{""asset_dir"": ""/mnt/zsn/lyb/arti-skill/exp/PartNet-Mobility/data/dataset/102209"", ""base_renderer"": {""path"": ""/mnt/zsn/lyb/arti-skill/exp/scripts/render_articraft10k_asset_blender.py"", ""sha256"": ""24669921702ddf11c9668e16692f3a4cb7e5b40e040e215a878b92cdd294fe22""}, ""camera_distance"": 3.644370170323888, ""device"": ""OPTIX"", ""geometry"": {""mesh_visual_count"": 9, ""primitive_counts"": {""box"": 0, ""cylinder"": 0, ""sphere"": 0}}, ""material_policy"": ""native OBJ/MTL diffuse materials, forced opaque; neutral fallback"", ""materials"": 9, ""objects"": 9, ""output"": ""/mnt/zsn/lyb/arti-skill/exp/partnet_mobility_uniform_n5_studio_256_v1/TrashCan/102209/imgs/000.png"", ""radius"": 1.1068012712070499, ""root_link"": ""base"", ""shared_renderer"": {""path"": ""/mnt/zsn/lyb/arti-skill/arti-template/scripts/render_exported_asset_blender.py"", ""sha256"": ""f418515a9817218b08d577d95983ec934c34ddf19f17bb89c73bf52aa60bb3a7""}, ""visuals"": 9}"
212,TrashCan,103633,/mnt/zsn/lyb/arti-skill/exp/PartNet-Mobility/data/dataset/103633,103633,/mnt/zsn/lyb/arti-skill/exp/PartNet-Mobility/data/dataset/103633/mobility.urdf,103633/mobility.urdf,4979,51110bfc68390bbc579043778e16a569063980e891dae9ddf03ba199e9258be2,35,255210,3ac75342d9ebdaa472be2bf127a0f880ea7fbda6b6b2818d6fc8928f4de4e553,ca6ea8fdf715c5a2d19f262d5e319e48061de2d68037178314df635ea98f8995,01f053ff17d720c756de3bb524f41496d8f72b204660b4170f5fde63da038ddf,False,/mnt/zsn/lyb/arti-skill/exp/partnet_mobility_uniform_n5_studio_256_v1/TrashCan/103633/imgs/000.png,1195,partnet_mobility:TrashCan:103633:2,42,42,TrashCan,partnet_mobility,2,TrashCan:2,01f053ff17d720c756de3bb524f41496d8f72b204660b4170f5fde63da038ddf:103633,71794,b1ac6504a9439d64e417a1d6879b099b27a827b597e81068e2559a12b7fe771d,reused_valid,0.0,2026-08-31T10:58:58.111953Z,2026-08-31T10:58:58.117892Z,,"{""asset_dir"": ""/mnt/zsn/lyb/arti-skill/exp/PartNet-Mobility/data/dataset/103633"", ""base_renderer"": {""path"": ""/mnt/zsn/lyb/arti-skill/exp/scripts/render_articraft10k_asset_blender.py"", ""sha256"": ""24669921702ddf11c9668e16692f3a4cb7e5b40e040e215a878b92cdd294fe22""}, ""camera_distance"": 3.6993051250569966, ""device"": ""OPTIX"", ""geometry"": {""mesh_visual_count"": 13, ""primitive_counts"": {""box"": 0, ""cylinder"": 0, ""sphere"": 0}}, ""material_policy"": ""native OBJ/MTL diffuse materials, forced opaque; neutral fallback"", ""materials"": 13, ""objects"": 13, ""output"": ""/mnt/zsn/lyb/arti-skill/exp/partnet_mobility_uniform_n5_studio_256_v1/TrashCan/103633/imgs/000.png"", ""radius"": 1.1234851081639587, ""root_link"": ""base"", ""shared_renderer"": {""path"": ""/mnt/zsn/lyb/arti-skill/arti-template/scripts/render_exported_asset_blender.py"", ""sha256"": ""f418515a9817218b08d577d95983ec934c34ddf19f17bb89c73bf52aa60bb3a7""}, ""visuals"": 13}"
213,TrashCan,102992,/mnt/zsn/lyb/arti-skill/exp/PartNet-Mobility/data/dataset/102992,102992,/mnt/zsn/lyb/arti-skill/exp/PartNet-Mobility/data/dataset/102992/mobility.urdf,102992/mobility.urdf,2517,e6079b8e5ea2a4da1169ffd59609344fc3578b2efcaccd8a957afdb564a116b5,18,30325,cd94df33102a35eb7936e67d8917c618b17b3adfa0d5c1c0aa4875f100facdc2,243164a3e3e5beaa888cc67ef0aa978ac83172fcb443c836c8ed5345cf40d768,084ab9b45ff2514058485c797fa51d875ea709e189fb5729e19b67bdeb602fa8,False,/mnt/zsn/lyb/arti-skill/exp/partnet_mobility_uniform_n5_studio_256_v1/TrashCan/102992/imgs/000.png,961,partnet_mobility:TrashCan:102992:3,42,42,TrashCan,partnet_mobility,3,TrashCan:3,084ab9b45ff2514058485c797fa51d875ea709e189fb5729e19b67bdeb602fa8:102992,78751,4164e7794a0523a46869b3c4424b6d5c18066739bc9ed6bcdaa7fbdcad5c46f4,reused_valid,0.0,2026-08-31T10:58:58.113149Z,2026-08-31T10:58:58.118085Z,,"{""asset_dir"": ""/mnt/zsn/lyb/arti-skill/exp/PartNet-Mobility/data/dataset/102992"", ""base_renderer"": {""path"": ""/mnt/zsn/lyb/arti-skill/exp/scripts/render_articraft10k_asset_blender.py"", ""sha256"": ""24669921702ddf11c9668e16692f3a4cb7e5b40e040e215a878b92cdd294fe22""}, ""camera_distance"": 3.4920559405558094, ""device"": ""OPTIX"", ""geometry"": {""mesh_visual_count"": 5, ""primitive_counts"": {""box"": 0, ""cylinder"": 0, ""sphere"": 0}}, ""material_policy"": ""native OBJ/MTL diffuse materials, forced opaque; neutral fallback"", ""materials"": 5, ""objects"": 5, ""output"": ""/mnt/zsn/lyb/arti-skill/exp/partnet_mobility_uniform_n5_studio_256_v1/TrashCan/102992/imgs/000.png"", ""radius"": 1.060543186750374, ""root_link"": ""base"", ""shared_renderer"": {""path"": ""/mnt/zsn/lyb/arti-skill/arti-template/scripts/render_exported_asset_blender.py"", ""sha256"": ""f418515a9817218b08d577d95983ec934c34ddf19f17bb89c73bf52aa60bb3a7""}, ""visuals"": 5}"
214,TrashCan,102254,/mnt/zsn/lyb/arti-skill/exp/PartNet-Mobility/data/dataset/102254,102254,/mnt/zsn/lyb/arti-skill/exp/PartNet-Mobility/data/dataset/102254/mobility.urdf,102254/mobility.urdf,10699,070af91e10c5bedec5b2450a937629ea5586dc1a6f438a79ab1fc8c87a0c7caf,61,261360,42dedebc8f4aee6cb127c4cac165cc65062586293fa1ff769a4aba61a32557ef,79cc96b30f4a185ac7a9f747fd3681f1ac2ce70a7998dfbe8b10b2ce6406d40b,089f7af392bdd8792af712bcf5e26b494cc8a9d6cc1732cb7d29ff1780372264,False,/mnt/zsn/lyb/arti-skill/exp/partnet_mobility_uniform_n5_studio_256_v1/TrashCan/102254/imgs/000.png,701,partnet_mobility:TrashCan:102254:4,42,42,TrashCan,partnet_mobility,4,TrashCan:4,089f7af392bdd8792af712bcf5e26b494cc8a9d6cc1732cb7d29ff1780372264:102254,75041,c511273623a1698afa9f8c31ff56762a907e73f125306417b69fa05db2b15e23,reused_valid,0.0,2026-08-31T10:58:58.113367Z,2026-08-31T10:58:58.118377Z,,"{""asset_dir"": ""/mnt/zsn/lyb/arti-skill/exp/PartNet-Mobility/data/dataset/102254"", ""base_renderer"": {""path"": ""/mnt/zsn/lyb/arti-skill/exp/scripts/render_articraft10k_asset_blender.py"", ""sha256"": ""24669921702ddf11c9668e16692f3a4cb7e5b40e040e215a878b92cdd294fe22""}, ""camera_distance"": 3.5602966839709675, ""device"": ""OPTIX"", ""geometry"": {""mesh_visual_count"": 27, ""primitive_counts"": {""box"": 0, ""cylinder"": 0, ""sphere"": 0}}, ""material_policy"": ""native OBJ/MTL diffuse materials, forced opaque; neutral fallback"", ""materials"": 27, ""objects"": 27, ""output"": ""/mnt/zsn/lyb/arti-skill/exp/partnet_mobility_uniform_n5_studio_256_v1/TrashCan/102254/imgs/000.png"", ""radius"": 1.0812680138206436, ""root_link"": ""base"", ""shared_renderer"": {""path"": ""/mnt/zsn/lyb/arti-skill/arti-template/scripts/render_exported_asset_blender.py"", ""sha256"": ""f418515a9817218b08d577d95983ec934c34ddf19f17bb89c73bf52aa60bb3a7""}, ""visuals"": 27}"
215,TrashCan,102257,/mnt/zsn/lyb/arti-skill/exp/PartNet-Mobility/data/dataset/102257,102257,/mnt/zsn/lyb/arti-skill/exp/PartNet-Mobility/data/dataset/102257/mobility.urdf,102257/mobility.urdf,8580,7cfce48443912667b7225e1fab65e55cc3f014013f79fc68b36f71378763da0c,62,514859,719763cd47f9c062db1a58f80764168338f728a3b2450657186fb06ce8f82168,f73cd2cefd1603c8ec459c3a507b7a4a792912b59f4ba4a65772b6598204f00c,0eac45aadbb86974a8ce2ece1b36bf99e25fbe1d11a98797f9106e8c35d349ba,False,/mnt/zsn/lyb/arti-skill/exp/partnet_mobility_uniform_n5_studio_256_v1/TrashCan/102257/imgs/000.png,704,partnet_mobility:TrashCan:102257:5,42,42,TrashCan,partnet_mobility,5,TrashCan:5,0eac45aadbb86974a8ce2ece1b36bf99e25fbe1d11a98797f9106e8c35d349ba:102257,78393,f761fa62446e1202447e05b4592b0a9990b611472b663dde500988b3a8eb273e,reused_valid,0.0,2026-08-31T10:58:58.117917Z,2026-08-31T10:58:58.122659Z,,"{""asset_dir"": ""/mnt/zsn/lyb/arti-skill/exp/PartNet-Mobility/data/dataset/102257"", ""base_renderer"": {""path"": ""/mnt/zsn/lyb/arti-skill/exp/scripts/render_articraft10k_asset_blender.py"", ""sha256"": ""24669921702ddf11c9668e16692f3a4cb7e5b40e040e215a878b92cdd294fe22""}, ""camera_distance"": 3.5562281360211982, ""device"": ""OPTIX"", ""geometry"": {""mesh_visual_count"": 27, ""primitive_counts"": {""box"": 0, ""cylinder"": 0, ""sphere"": 0}}, ""material_policy"": ""native OBJ/MTL diffuse materials, forced opaque; neutral fallback"", ""materials"": 34, ""objects"": 27, ""output"": ""/mnt/zsn/lyb/arti-skill/exp/partnet_mobility_uniform_n5_studio_256_v1/TrashCan/102257/imgs/000.png"", ""radius"": 1.080032389053588, ""root_link"": ""base"", ""shared_renderer"": {""path"": ""/mnt/zsn/lyb/arti-skill/arti-template/scripts/render_exported_asset_blender.py"", ""sha256"": ""f418515a9817218b08d577d95983ec934c34ddf19f17bb89c73bf52aa60bb3a7""}, ""visuals"": 27}"
216,USB,100123,/mnt/zsn/lyb/arti-skill/exp/PartNet-Mobility/data/dataset/100123,100123,/mnt/zsn/lyb/arti-skill/exp/PartNet-Mobility/data/dataset/100123/mobility.urdf,100123/mobility.urdf,1111,29a66cdd7ef95ae71e815a51cbedafb7a161310c5f209adda6738b0e5887e896,11,48290,577980cd3272826bcc6d648d0370728d3b1b61dfa29937d5979f5cd73fdbfc08,085adba424f919f08ca7c1e3dfde645005927d1078520b568c3260fdb9b4bd97,01c90f21760e2946cf11b659b904ca32ee50e320961ffa8971b6af945ed7e2fe,True,/mnt/zsn/lyb/arti-skill/exp/partnet_mobility_uniform_n5_studio_256_v1/USB/100123/imgs/000.png,44,partnet_mobility:USB:100123:1,43,43,USB,partnet_mobility,1,USB:1,01c90f21760e2946cf11b659b904ca32ee50e320961ffa8971b6af945ed7e2fe:100123,75766,fedf333ea12cd7285ff2bbd2432b653dd4122d0831873a367b1aa1e66140fa22,reused_valid,0.0,2026-08-31T10:58:58.118111Z,2026-08-31T10:58:58.122421Z,,"{""asset_dir"": ""/mnt/zsn/lyb/arti-skill/exp/PartNet-Mobility/data/dataset/100123"", ""base_renderer"": {""path"": ""/mnt/zsn/lyb/arti-skill/exp/scripts/render_articraft10k_asset_blender.py"", ""sha256"": ""24669921702ddf11c9668e16692f3a4cb7e5b40e040e215a878b92cdd294fe22""}, ""camera_distance"": 3.230535576941074, ""device"": ""OPTIX"", ""geometry"": {""mesh_visual_count"": 2, ""primitive_counts"": {""box"": 0, ""cylinder"": 0, ""sphere"": 0}}, ""material_policy"": ""native OBJ/MTL diffuse materials, forced opaque; neutral fallback"", ""materials"": 7, ""objects"": 2, ""output"": ""/mnt/zsn/lyb/arti-skill/exp/partnet_mobility_uniform_n5_studio_256_v1/USB/100123/imgs/000.png"", ""radius"": 0.9811190181375588, ""root_link"": ""base"", ""shared_renderer"": {""path"": ""/mnt/zsn/lyb/arti-skill/arti-template/scripts/render_exported_asset_blender.py"", ""sha256"": ""f418515a9817218b08d577d95983ec934c34ddf19f17bb89c73bf52aa60bb3a7""}, ""visuals"": 2}"
217,USB,102008,/mnt/zsn/lyb/arti-skill/exp/PartNet-Mobility/data/dataset/102008,102008,/mnt/zsn/lyb/arti-skill/exp/PartNet-Mobility/data/dataset/102008/mobility.urdf,102008/mobility.urdf,4434,9a6f5bc85e8b4a32595916af27d08ff8595b4ffa880e713f3cfa026fba6386b7,33,73032,393e8b22b14f2eeebe0cffa7c0bbea90db4f1055b1069eccd5580345ab32d530,d1964959cc5c20704016c287aa10990df3b706d061fe90e49641a8e685523027,02042220aa9d231b5eb7b770aba24ae15d35c8ec3fcfcaf5b116f62058de894c,False,/mnt/zsn/lyb/arti-skill/exp/partnet_mobility_uniform_n5_studio_256_v1/USB/102008/imgs/000.png,628,partnet_mobility:USB:102008:2,43,43,USB,partnet_mobility,2,USB:2,02042220aa9d231b5eb7b770aba24ae15d35c8ec3fcfcaf5b116f62058de894c:102008,70744,e6e9a820a884ecd9fea75c19b8d6522741495deede2b5359ead4cd6e0782205f,reused_valid,0.0,2026-08-31T10:58:58.118402Z,2026-08-31T10:58:58.123460Z,,"{""asset_dir"": ""/mnt/zsn/lyb/arti-skill/exp/PartNet-Mobility/data/dataset/102008"", ""base_renderer"": {""path"": ""/mnt/zsn/lyb/arti-skill/exp/scripts/render_articraft10k_asset_blender.py"", ""sha256"": ""24669921702ddf11c9668e16692f3a4cb7e5b40e040e215a878b92cdd294fe22""}, ""camera_distance"": 3.4952930160064826, ""device"": ""OPTIX"", ""geometry"": {""mesh_visual_count"": 13, ""primitive_counts"": {""box"": 0, ""cylinder"": 0, ""sphere"": 0}}, ""material_policy"": ""native OBJ/MTL diffuse materials, forced opaque; neutral fallback"", ""materials"": 16, ""objects"": 13, ""output"": ""/mnt/zsn/lyb/arti-skill/exp/partnet_mobility_uniform_n5_studio_256_v1/USB/102008/imgs/000.png"", ""radius"": 1.0615262919390218, ""root_link"": ""base"", ""shared_renderer"": {""path"": ""/mnt/zsn/lyb/arti-skill/arti-template/scripts/render_exported_asset_blender.py"", ""sha256"": ""f418515a9817218b08d577d95983ec934c34ddf19f17bb89c73bf52aa60bb3a7""}, ""visuals"": 13}"
218,USB,100103,/mnt/zsn/lyb/arti-skill/exp/PartNet-Mobility/data/dataset/100103,100103,/mnt/zsn/lyb/arti-skill/exp/PartNet-Mobility/data/dataset/100103/mobility.urdf,100103/mobility.urdf,1099,f8e868d1cd97e70143ae7c76fe746c705c851caae5063443e3c550d64fa013e9,11,17308,c7680df34bfcc2b7f7c012e7efd6913aa3c28e26f59df974c1a963ad79dcd7ff,4d020b610f2598ece5d2273dee85aef28a9e9fe5ba4b1d291baed00b3b071abb,0431e9b4b15a2f0c7bf2de0707640a7ef542531e2d33915776e43a186547779d,False,/mnt/zsn/lyb/arti-skill/exp/partnet_mobility_uniform_n5_studio_256_v1/USB/100103/imgs/000.png,38,partnet_mobility:USB:100103:3,43,43,USB,partnet_mobility,3,USB:3,0431e9b4b15a2f0c7bf2de0707640a7ef542531e2d33915776e43a186547779d:100103,72140,29968dbee0bbf25a9592205f20cd6ed814c8b7dd6063c727910cd74f7aad940a,reused_valid,0.0,2026-08-31T10:58:58.122447Z,2026-08-31T10:58:58.126967Z,,"{""asset_dir"": ""/mnt/zsn/lyb/arti-skill/exp/PartNet-Mobility/data/dataset/100103"", ""base_renderer"": {""path"": ""/mnt/zsn/lyb/arti-skill/exp/scripts/render_articraft10k_asset_blender.py"", ""sha256"": ""24669921702ddf11c9668e16692f3a4cb7e5b40e040e215a878b92cdd294fe22""}, ""camera_distance"": 3.351252769285334, ""device"": ""OPTIX"", ""geometry"": {""mesh_visual_count"": 2, ""primitive_counts"": {""box"": 0, ""cylinder"": 0, ""sphere"": 0}}, ""material_policy"": ""native OBJ/MTL diffuse materials, forced opaque; neutral fallback"", ""materials"": 6, ""objects"": 2, ""output"": ""/mnt/zsn/lyb/arti-skill/exp/partnet_mobility_uniform_n5_studio_256_v1/USB/100103/imgs/000.png"", ""radius"": 1.017781029870384, ""root_link"": ""base"", ""shared_renderer"": {""path"": ""/mnt/zsn/lyb/arti-skill/arti-template/scripts/render_exported_asset_blender.py"", ""sha256"": ""f418515a9817218b08d577d95983ec934c34ddf19f17bb89c73bf52aa60bb3a7""}, ""visuals"": 2}"
219,USB,100078,/mnt/zsn/lyb/arti-skill/exp/PartNet-Mobility/data/dataset/100078,100078,/mnt/zsn/lyb/arti-skill/exp/PartNet-Mobility/data/dataset/100078/mobility.urdf,100078/mobility.urdf,7327,8bb6291f6a5239a15557f63c2cb7fe195cbfd2eaea35f8205e77ee2963de5001,52,3926799,71d0c8a0a261b99b412c8bc30394797c098440a5d1de584e27fd9ca0f57c5cae,b29e8c90726370e996d399aa865f98eb34eb5c20ebe4b1222fb208a262f404ac,06f7680f644133ff444b6d362ae6d0b995b380b4ad83240f972d8005787540aa,False,/mnt/zsn/lyb/arti-skill/exp/partnet_mobility_uniform_n5_studio_256_v1/USB/100078/imgs/000.png,29,partnet_mobility:USB:100078:4,43,43,USB,partnet_mobility,4,USB:4,06f7680f644133ff444b6d362ae6d0b995b380b4ad83240f972d8005787540aa:100078,72434,95a237cf3820ce96559ceb8457ddca469123dcb0b341cbf256f2f9422cde9f3d,reused_valid,0.0,2026-08-31T10:58:58.122685Z,2026-08-31T10:58:58.127201Z,,"{""asset_dir"": ""/mnt/zsn/lyb/arti-skill/exp/PartNet-Mobility/data/dataset/100078"", ""base_renderer"": {""path"": ""/mnt/zsn/lyb/arti-skill/exp/scripts/render_articraft10k_asset_blender.py"", ""sha256"": ""24669921702ddf11c9668e16692f3a4cb7e5b40e040e215a878b92cdd294fe22""}, ""camera_distance"": 3.5117128794387718, ""device"": ""OPTIX"", ""geometry"": {""mesh_visual_count"": 22, ""primitive_counts"": {""box"": 0, ""cylinder"": 0, ""sphere"": 0}}, ""material_policy"": ""native OBJ/MTL diffuse materials, forced opaque; neutral fallback"", ""materials"": 22, ""objects"": 22, ""output"": ""/mnt/zsn/lyb/arti-skill/exp/partnet_mobility_uniform_n5_studio_256_v1/USB/100078/imgs/000.png"", ""radius"": 1.0665130317240994, ""root_link"": ""base"", ""shared_renderer"": {""path"": ""/mnt/zsn/lyb/arti-skill/arti-template/scripts/render_exported_asset_blender.py"", ""sha256"": ""f418515a9817218b08d577d95983ec934c34ddf19f17bb89c73bf52aa60bb3a7""}, ""visuals"": 22}"
220,USB,100109,/mnt/zsn/lyb/arti-skill/exp/PartNet-Mobility/data/dataset/100109,100109,/mnt/zsn/lyb/arti-skill/exp/PartNet-Mobility/data/dataset/100109/mobility.urdf,100109/mobility.urdf,11534,d034ce9a1a7b112908ab6a56291ac7bc112ba9ed58beed90a5a839ed0b3fbb61,75,856602,f70060507ee9bf3e57f4624f40cad044c67750582d51d8a6a798e9a7dd0e4522,7a8565aa9601c11c2b9b3d4d82838438c315d4e8efb1e8cb766a2fadd4f9ffe4,08936563aaa2e39c721bfb074529904ffae85d2869493405d51442e25b5f1551,False,/mnt/zsn/lyb/arti-skill/exp/partnet_mobility_uniform_n5_studio_256_v1/USB/100109/imgs/000.png,41,partnet_mobility:USB:100109:5,43,43,USB,partnet_mobility,5,USB:5,08936563aaa2e39c721bfb074529904ffae85d2869493405d51442e25b5f1551:100109,77659,6d92ecdc4a85068d9342f657d3f00c911f5f53959572ab6ce386160d20023323,reused_valid,0.0,2026-08-31T10:58:58.123485Z,2026-08-31T10:58:58.128027Z,,"{""asset_dir"": ""/mnt/zsn/lyb/arti-skill/exp/PartNet-Mobility/data/dataset/100109"", ""base_renderer"": {""path"": ""/mnt/zsn/lyb/arti-skill/exp/scripts/render_articraft10k_asset_blender.py"", ""sha256"": ""24669921702ddf11c9668e16692f3a4cb7e5b40e040e215a878b92cdd294fe22""}, ""camera_distance"": 3.441824577013748, ""device"": ""OPTIX"", ""geometry"": {""mesh_visual_count"": 34, ""primitive_counts"": {""box"": 0, ""cylinder"": 0, ""sphere"": 0}}, ""material_policy"": ""native OBJ/MTL diffuse materials, forced opaque; neutral fallback"", ""materials"": 47, ""objects"": 34, ""output"": ""/mnt/zsn/lyb/arti-skill/exp/partnet_mobility_uniform_n5_studio_256_v1/USB/100109/imgs/000.png"", ""radius"": 1.0452878382472126, ""root_link"": ""base"", ""shared_renderer"": {""path"": ""/mnt/zsn/lyb/arti-skill/arti-template/scripts/render_exported_asset_blender.py"", ""sha256"": ""f418515a9817218b08d577d95983ec934c34ddf19f17bb89c73bf52aa60bb3a7""}, ""visuals"": 34}"
221,WashingMachine,100282,/mnt/zsn/lyb/arti-skill/exp/PartNet-Mobility/data/dataset/100282,100282,/mnt/zsn/lyb/arti-skill/exp/PartNet-Mobility/data/dataset/100282/mobility.urdf,100282/mobility.urdf,14543,efbdb15daee623d83eaa2a10b18c0a700e8f591323d3a9347555ca37c52113ac,77,1045905,209b756034fe06e14d3f9374c8aea05edba20c76dae105d5e9bce8299053df22,647eca2bb01c0033855d2090f32fe974622e5b7a39ee2d9b1c689cc79d0c903c,1eab531ffb85767616a370fbbc078738f98e440e166c5e5cd3d3a99a45ae5c53,True,/mnt/zsn/lyb/arti-skill/exp/partnet_mobility_uniform_n5_studio_256_v1/WashingMachine/100282/imgs/000.png,78,partnet_mobility:WashingMachine:100282:1,44,44,WashingMachine,partnet_mobility,1,WashingMachine:1,1eab531ffb85767616a370fbbc078738f98e440e166c5e5cd3d3a99a45ae5c53:100282,84861,e056e87a4632555be5e02d1d54e585cdf5d20a2604bc547ec3d8e44de4e2bccc,reused_valid,0.0,2026-08-31T10:58:58.126992Z,2026-08-31T10:58:58.131868Z,,"{""asset_dir"": ""/mnt/zsn/lyb/arti-skill/exp/PartNet-Mobility/data/dataset/100282"", ""base_renderer"": {""path"": ""/mnt/zsn/lyb/arti-skill/exp/scripts/render_articraft10k_asset_blender.py"", ""sha256"": ""24669921702ddf11c9668e16692f3a4cb7e5b40e040e215a878b92cdd294fe22""}, ""camera_distance"": 3.409691936244317, ""device"": ""OPTIX"", ""geometry"": {""mesh_visual_count"": 35, ""primitive_counts"": {""box"": 0, ""cylinder"": 0, ""sphere"": 0}}, ""material_policy"": ""native OBJ/MTL diffuse materials, forced opaque; neutral fallback"", ""materials"": 61, ""objects"": 35, ""output"": ""/mnt/zsn/lyb/arti-skill/exp/partnet_mobility_uniform_n5_studio_256_v1/WashingMachine/100282/imgs/000.png"", ""radius"": 1.035529101898077, ""root_link"": ""base"", ""shared_renderer"": {""path"": ""/mnt/zsn/lyb/arti-skill/arti-template/scripts/render_exported_asset_blender.py"", ""sha256"": ""f418515a9817218b08d577d95983ec934c34ddf19f17bb89c73bf52aa60bb3a7""}, ""visuals"": 35}"
222,WashingMachine,100283,/mnt/zsn/lyb/arti-skill/exp/PartNet-Mobility/data/dataset/100283,100283,/mnt/zsn/lyb/arti-skill/exp/PartNet-Mobility/data/dataset/100283/mobility.urdf,100283/mobility.urdf,76767,e286de1a32f3c4644ad8b8e61366aea5e747751b5fa1971228d50af38518ad25,505,11163459,f931fa3b1ff27e97c93e9db39404f60be19101fd21a666058b574f816fd04fea,5d35ab95123b12fd0367894f67c8d39c2d5471bbdb94799fa39ae9fa53aeb548,42ee38be9e8632f654dee66999eb553efc39779f6605e8f735fb2f3ed3eeba75,False,/mnt/zsn/lyb/arti-skill/exp/partnet_mobility_uniform_n5_studio_256_v1/WashingMachine/100283/imgs/000.png,79,partnet_mobility:WashingMachine:100283:2,44,44,WashingMachine,partnet_mobility,2,WashingMachine:2,42ee38be9e8632f654dee66999eb553efc39779f6605e8f735fb2f3ed3eeba75:100283,73523,14576eb23fc6faa24b18384e6d6af3c22fdd10e1d3fa6508cece2819d1bbfd76,reused_valid,0.0,2026-08-31T10:58:58.127227Z,2026-08-31T10:58:58.132078Z,,"{""asset_dir"": ""/mnt/zsn/lyb/arti-skill/exp/PartNet-Mobility/data/dataset/100283"", ""base_renderer"": {""path"": ""/mnt/zsn/lyb/arti-skill/exp/scripts/render_articraft10k_asset_blender.py"", ""sha256"": ""24669921702ddf11c9668e16692f3a4cb7e5b40e040e215a878b92cdd294fe22""}, ""camera_distance"": 3.1229806357195007, ""device"": ""OPTIX"", ""geometry"": {""mesh_visual_count"": 249, ""primitive_counts"": {""box"": 0, ""cylinder"": 0, ""sphere"": 0}}, ""material_policy"": ""native OBJ/MTL diffuse materials, forced opaque; neutral fallback"", ""materials"": 262, ""objects"": 249, ""output"": ""/mnt/zsn/lyb/arti-skill/exp/partnet_mobility_uniform_n5_studio_256_v1/WashingMachine/100283/imgs/000.png"", ""radius"": 0.9484544039230106, ""root_link"": ""base"", ""shared_renderer"": {""path"": ""/mnt/zsn/lyb/arti-skill/arti-template/scripts/render_exported_asset_blender.py"", ""sha256"": ""f418515a9817218b08d577d95983ec934c34ddf19f17bb89c73bf52aa60bb3a7""}, ""visuals"": 249}"
223,WashingMachine,103351,/mnt/zsn/lyb/arti-skill/exp/PartNet-Mobility/data/dataset/103351,103351,/mnt/zsn/lyb/arti-skill/exp/PartNet-Mobility/data/dataset/103351/mobility.urdf,103351/mobility.urdf,48255,2cd02e84715a1501f4aa1863b3caf4b7bf7ad5066980a943517d847d97c5791b,315,6529806,65cd2c86b25908c5ee762de9bc385c391d9df1592b66e91fa04859bcd8076257,233143205779d754003ad42addaf1cd75f4c49211c5e7157786af21d458f5b89,477795a455f4cb96eb484054962b3dcbba294390ddb72b30c008c015531ed9f9,False,/mnt/zsn/lyb/arti-skill/exp/partnet_mobility_uniform_n5_studio_256_v1/WashingMachine/103351/imgs/000.png,1113,partnet_mobility:WashingMachine:103351:3,44,44,WashingMachine,partnet_mobility,3,WashingMachine:3,477795a455f4cb96eb484054962b3dcbba294390ddb72b30c008c015531ed9f9:103351,72335,eae548206a5fa85fffe63300de4d3f305d106273638e9dc09247e82e4485bc77,reused_valid,0.0,2026-08-31T10:58:58.128051Z,2026-08-31T10:58:58.133049Z,,"{""asset_dir"": ""/mnt/zsn/lyb/arti-skill/exp/PartNet-Mobility/data/dataset/103351"", ""base_renderer"": {""path"": ""/mnt/zsn/lyb/arti-skill/exp/scripts/render_articraft10k_asset_blender.py"", ""sha256"": ""24669921702ddf11c9668e16692f3a4cb7e5b40e040e215a878b92cdd294fe22""}, ""camera_distance"": 3.4225221206899756, ""device"": ""OPTIX"", ""geometry"": {""mesh_visual_count"": 149, ""primitive_counts"": {""box"": 0, ""cylinder"": 0, ""sphere"": 0}}, ""material_policy"": ""native OBJ/MTL diffuse materials, forced opaque; neutral fallback"", ""materials"": 182, ""objects"": 149, ""output"": ""/mnt/zsn/lyb/arti-skill/exp/partnet_mobility_uniform_n5_studio_256_v1/WashingMachine/103351/imgs/000.png"", ""radius"": 1.0394256502152346, ""root_link"": ""base"", ""shared_renderer"": {""path"": ""/mnt/zsn/lyb/arti-skill/arti-template/scripts/render_exported_asset_blender.py"", ""sha256"": ""f418515a9817218b08d577d95983ec934c34ddf19f17bb89c73bf52aa60bb3a7""}, ""visuals"": 149}"
224,WashingMachine,103776,/mnt/zsn/lyb/arti-skill/exp/PartNet-Mobility/data/dataset/103776,103776,/mnt/zsn/lyb/arti-skill/exp/PartNet-Mobility/data/dataset/103776/mobility.urdf,103776/mobility.urdf,36250,f6d507948d6c6cafa47eb77234dd34401ffc2c9772aecc734a35e0b213589db6,247,2042756,47f975eba884eafee3393eb468235345aeca45d84db29ba81952cc104f46ed04,d1c6f06ffb585de9ee34e918d71082dd16f881205e92b0b1439f544a29caa302,5ec5e66aaab862b16445487e2b7966342ad58a21411d266cc0f9ca25fa3fc321,False,/mnt/zsn/lyb/arti-skill/exp/partnet_mobility_uniform_n5_studio_256_v1/WashingMachine/103776/imgs/000.png,1223,partnet_mobility:WashingMachine:103776:4,44,44,WashingMachine,partnet_mobility,4,WashingMachine:4,5ec5e66aaab862b16445487e2b7966342ad58a21411d266cc0f9ca25fa3fc321:103776,79211,ab4aab6651821d8d95e5ccc668f00a35f554d95392780d35e6221083fa657d49,reused_valid,0.0,2026-08-31T10:58:58.131896Z,2026-08-31T10:58:58.137537Z,,"{""asset_dir"": ""/mnt/zsn/lyb/arti-skill/exp/PartNet-Mobility/data/dataset/103776"", ""base_renderer"": {""path"": ""/mnt/zsn/lyb/arti-skill/exp/scripts/render_articraft10k_asset_blender.py"", ""sha256"": ""24669921702ddf11c9668e16692f3a4cb7e5b40e040e215a878b92cdd294fe22""}, ""camera_distance"": 3.2860565211453454, ""device"": ""OPTIX"", ""geometry"": {""mesh_visual_count"": 120, ""primitive_counts"": {""box"": 0, ""cylinder"": 0, ""sphere"": 0}}, ""material_policy"": ""native OBJ/MTL diffuse materials, forced opaque; neutral fallback"", ""materials"": 147, ""objects"": 120, ""output"": ""/mnt/zsn/lyb/arti-skill/exp/partnet_mobility_uniform_n5_studio_256_v1/WashingMachine/103776/imgs/000.png"", ""radius"": 0.9979808210697351, ""root_link"": ""base"", ""shared_renderer"": {""path"": ""/mnt/zsn/lyb/arti-skill/arti-template/scripts/render_exported_asset_blender.py"", ""sha256"": ""f418515a9817218b08d577d95983ec934c34ddf19f17bb89c73bf52aa60bb3a7""}, ""visuals"": 120}"
225,WashingMachine,103778,/mnt/zsn/lyb/arti-skill/exp/PartNet-Mobility/data/dataset/103778,103778,/mnt/zsn/lyb/arti-skill/exp/PartNet-Mobility/data/dataset/103778/mobility.urdf,103778/mobility.urdf,17355,97608106aebf3a2c2e4e0e3a809eb8804d02916887a23ad47e57c8e247ee4dca,100,551016,9deb3d1916131e2c60cf5ab0d34955fb1603df70bef0799b585cb743448d313a,0bda75a4980434bbcf4e8713dc53462fa0088b07667432a5b52bc0c47d6b4c0c,6be4bb8a34d260bc6713bc0e17cf7c0511be01a9af9639e9b131398077d48553,False,/mnt/zsn/lyb/arti-skill/exp/partnet_mobility_uniform_n5_studio_256_v1/WashingMachine/103778/imgs/000.png,1224,partnet_mobility:WashingMachine:103778:5,44,44,WashingMachine,partnet_mobility,5,WashingMachine:5,6be4bb8a34d260bc6713bc0e17cf7c0511be01a9af9639e9b131398077d48553:103778,72973,59486561ae43afcf4c2f3dd6bebbf2663d7f5c9e3965efd5023a2ed32b75adba,reused_valid,0.0,2026-08-31T10:58:58.132104Z,2026-08-31T10:58:58.137409Z,,"{""asset_dir"": ""/mnt/zsn/lyb/arti-skill/exp/PartNet-Mobility/data/dataset/103778"", ""base_renderer"": {""path"": ""/mnt/zsn/lyb/arti-skill/exp/scripts/render_articraft10k_asset_blender.py"", ""sha256"": ""24669921702ddf11c9668e16692f3a4cb7e5b40e040e215a878b92cdd294fe22""}, ""camera_distance"": 3.581128265873407, ""device"": ""OPTIX"", ""geometry"": {""mesh_visual_count"": 45, ""primitive_counts"": {""box"": 0, ""cylinder"": 0, ""sphere"": 0}}, ""material_policy"": ""native OBJ/MTL diffuse materials, forced opaque; neutral fallback"", ""materials"": 72, ""objects"": 45, ""output"": ""/mnt/zsn/lyb/arti-skill/exp/partnet_mobility_uniform_n5_studio_256_v1/WashingMachine/103778/imgs/000.png"", ""radius"": 1.0875945998295573, ""root_link"": ""base"", ""shared_renderer"": {""path"": ""/mnt/zsn/lyb/arti-skill/arti-template/scripts/render_exported_asset_blender.py"", ""sha256"": ""f418515a9817218b08d577d95983ec934c34ddf19f17bb89c73bf52aa60bb3a7""}, ""visuals"": 45}"
226,Window,103070,/mnt/zsn/lyb/arti-skill/exp/PartNet-Mobility/data/dataset/103070,103070,/mnt/zsn/lyb/arti-skill/exp/PartNet-Mobility/data/dataset/103070/mobility.urdf,103070/mobility.urdf,13865,dbd8597d8af0f0249b702f2701f3c374b3adfc9b8f93281d4df417faae924aed,96,71964,052ab8ee025ff7242d6a1889a9a579cd74bd5e7e959c1f67c757f6a915b46280,4729080f1f4059211fb79a1b7f17d80ee7a6fad0a93194f06fefdaa687e24fdc,05d8be6b8c00f8564a311e7f02a0fd33d4bb76d97a865e80042d58542512d20f,True,/mnt/zsn/lyb/arti-skill/exp/partnet_mobility_uniform_n5_studio_256_v1/Window/103070/imgs/000.png,1008,partnet_mobility:Window:103070:1,45,45,Window,partnet_mobility,1,Window:1,05d8be6b8c00f8564a311e7f02a0fd33d4bb76d97a865e80042d58542512d20f:103070,71788,51614ddbe1da7e95c13fa51dfdcc9b77e4d3cd0641553480f6d611297ed3ab18,reused_valid,0.0,2026-08-31T10:58:58.133074Z,2026-08-31T10:58:58.138309Z,,"{""asset_dir"": ""/mnt/zsn/lyb/arti-skill/exp/PartNet-Mobility/data/dataset/103070"", ""base_renderer"": {""path"": ""/mnt/zsn/lyb/arti-skill/exp/scripts/render_articraft10k_asset_blender.py"", ""sha256"": ""24669921702ddf11c9668e16692f3a4cb7e5b40e040e215a878b92cdd294fe22""}, ""camera_distance"": 3.3160546164110043, ""device"": ""OPTIX"", ""geometry"": {""mesh_visual_count"": 44, ""primitive_counts"": {""box"": 0, ""cylinder"": 0, ""sphere"": 0}}, ""material_policy"": ""native OBJ/MTL diffuse materials, forced opaque; neutral fallback"", ""materials"": 44, ""objects"": 44, ""output"": ""/mnt/zsn/lyb/arti-skill/exp/partnet_mobility_uniform_n5_studio_256_v1/Window/103070/imgs/000.png"", ""radius"": 1.0070912924055464, ""root_link"": ""base"", ""shared_renderer"": {""path"": ""/mnt/zsn/lyb/arti-skill/arti-template/scripts/render_exported_asset_blender.py"", ""sha256"": ""f418515a9817218b08d577d95983ec934c34ddf19f17bb89c73bf52aa60bb3a7""}, ""visuals"": 44}"
227,Window,103255,/mnt/zsn/lyb/arti-skill/exp/PartNet-Mobility/data/dataset/103255,103255,/mnt/zsn/lyb/arti-skill/exp/PartNet-Mobility/data/dataset/103255/mobility.urdf,103255/mobility.urdf,20558,a42041d6f803d54cea70e1b867cd76635fdc5afdcedd1957039e803a3a7862aa,145,292966,b76a011fc064d62173eeabd6e0da432d33623b1587cd4419867507ddae9c518b,20280d9873374573804ede539f40fd744ee8d77aaee497429395821c5bd4fa5d,0b33e3af92a24816f43054ff3cebfa7e43ab021bae00954cfabdf16d5df27219,False,/mnt/zsn/lyb/arti-skill/exp/partnet_mobility_uniform_n5_studio_256_v1/Window/103255/imgs/000.png,1079,partnet_mobility:Window:103255:2,45,45,Window,partnet_mobility,2,Window:2,0b33e3af92a24816f43054ff3cebfa7e43ab021bae00954cfabdf16d5df27219:103255,73220,d4e48d313e85a59901d6217064c24ab91ea4910197802bfaea013a9af84ad110,reused_valid,0.0,2026-08-31T10:58:58.137436Z,2026-08-31T10:58:58.143160Z,,"{""asset_dir"": ""/mnt/zsn/lyb/arti-skill/exp/PartNet-Mobility/data/dataset/103255"", ""base_renderer"": {""path"": ""/mnt/zsn/lyb/arti-skill/exp/scripts/render_articraft10k_asset_blender.py"", ""sha256"": ""24669921702ddf11c9668e16692f3a4cb7e5b40e040e215a878b92cdd294fe22""}, ""camera_distance"": 3.307529123127708, ""device"": ""OPTIX"", ""geometry"": {""mesh_visual_count"": 69, ""primitive_counts"": {""box"": 0, ""cylinder"": 0, ""sphere"": 0}}, ""material_policy"": ""native OBJ/MTL diffuse materials, forced opaque; neutral fallback"", ""materials"": 69, ""objects"": 69, ""output"": ""/mnt/zsn/lyb/arti-skill/exp/partnet_mobility_uniform_n5_studio_256_v1/Window/103255/imgs/000.png"", ""radius"": 1.00450208594116, ""root_link"": ""base"", ""shared_renderer"": {""path"": ""/mnt/zsn/lyb/arti-skill/arti-template/scripts/render_exported_asset_blender.py"", ""sha256"": ""f418515a9817218b08d577d95983ec934c34ddf19f17bb89c73bf52aa60bb3a7""}, ""visuals"": 69}"
228,Window,103684,/mnt/zsn/lyb/arti-skill/exp/PartNet-Mobility/data/dataset/103684,103684,/mnt/zsn/lyb/arti-skill/exp/PartNet-Mobility/data/dataset/103684/mobility.urdf,103684/mobility.urdf,29672,27f45709b32a9d216f88aa1231a1460c345ec751ff1448631346e4c7d44d9f73,207,388560,716e8478d9c92f75a9d3bc79b9ea985d1990e9f7daf050941d7a3b407fa08cff,7106a45775ee3d4ddb8df63d1123349c596bf9b379bcf970e3e5be8f5c511396,123668480bdf035a1585e5ac89f3383f36f7716092dfc54272ff26a6ef8677ca,False,/mnt/zsn/lyb/arti-skill/exp/partnet_mobility_uniform_n5_studio_256_v1/Window/103684/imgs/000.png,1202,partnet_mobility:Window:103684:3,45,45,Window,partnet_mobility,3,Window:3,123668480bdf035a1585e5ac89f3383f36f7716092dfc54272ff26a6ef8677ca:103684,75027,e8a5d78c81c30169d510ea205058c6e159bb1bf500da96a806547e96d391950f,reused_valid,0.0,2026-08-31T10:58:58.137560Z,2026-08-31T10:58:58.142807Z,,"{""asset_dir"": ""/mnt/zsn/lyb/arti-skill/exp/PartNet-Mobility/data/dataset/103684"", ""base_renderer"": {""path"": ""/mnt/zsn/lyb/arti-skill/exp/scripts/render_articraft10k_asset_blender.py"", ""sha256"": ""24669921702ddf11c9668e16692f3a4cb7e5b40e040e215a878b92cdd294fe22""}, ""camera_distance"": 3.265302060434859, ""device"": ""OPTIX"", ""geometry"": {""mesh_visual_count"": 100, ""primitive_counts"": {""box"": 0, ""cylinder"": 0, ""sphere"": 0}}, ""material_policy"": ""native OBJ/MTL diffuse materials, forced opaque; neutral fallback"", ""materials"": 112, ""objects"": 100, ""output"": ""/mnt/zsn/lyb/arti-skill/exp/partnet_mobility_uniform_n5_studio_256_v1/Window/103684/imgs/000.png"", ""radius"": 0.9916776568948561, ""root_link"": ""base"", ""shared_renderer"": {""path"": ""/mnt/zsn/lyb/arti-skill/arti-template/scripts/render_exported_asset_blender.py"", ""sha256"": ""f418515a9817218b08d577d95983ec934c34ddf19f17bb89c73bf52aa60bb3a7""}, ""visuals"": 100}"
229,Window,103077,/mnt/zsn/lyb/arti-skill/exp/PartNet-Mobility/data/dataset/103077,103077,/mnt/zsn/lyb/arti-skill/exp/PartNet-Mobility/data/dataset/103077/mobility.urdf,103077/mobility.urdf,17410,3b602de73f1b4a361f4ed8719f56beac4360f208f2d7fb5ef5b8e4b10bb5b82a,125,998814,331597154749f0a7d321650b9900f25087c51cdbed67d0433aa028285e1896e8,4377dde835654070383aa35d63a1b4f54e5dfd3204bfdd25eb45cbc9a58a7976,1286c0c8b51eb12c3971a4a75e7f755aa1f8e6f9a3ad7de9d1a8689e6f72c28b,False,/mnt/zsn/lyb/arti-skill/exp/partnet_mobility_uniform_n5_studio_256_v1/Window/103077/imgs/000.png,1013,partnet_mobility:Window:103077:4,45,45,Window,partnet_mobility,4,Window:4,1286c0c8b51eb12c3971a4a75e7f755aa1f8e6f9a3ad7de9d1a8689e6f72c28b:103077,78916,dcc5b4d329f24ccc9082c710f8cc04443d484c2ad61c528c6fa2f14c30309378,reused_valid,0.0,2026-08-31T10:58:58.138334Z,2026-08-31T10:58:58.143807Z,,"{""asset_dir"": ""/mnt/zsn/lyb/arti-skill/exp/PartNet-Mobility/data/dataset/103077"", ""base_renderer"": {""path"": ""/mnt/zsn/lyb/arti-skill/exp/scripts/render_articraft10k_asset_blender.py"", ""sha256"": ""24669921702ddf11c9668e16692f3a4cb7e5b40e040e215a878b92cdd294fe22""}, ""camera_distance"": 3.3122606961110783, ""device"": ""OPTIX"", ""geometry"": {""mesh_visual_count"": 58, ""primitive_counts"": {""box"": 0, ""cylinder"": 0, ""sphere"": 0}}, ""material_policy"": ""native OBJ/MTL diffuse materials, forced opaque; neutral fallback"", ""materials"": 107, ""objects"": 58, ""output"": ""/mnt/zsn/lyb/arti-skill/exp/partnet_mobility_uniform_n5_studio_256_v1/Window/103077/imgs/000.png"", ""radius"": 1.0059390725116921, ""root_link"": ""base"", ""shared_renderer"": {""path"": ""/mnt/zsn/lyb/arti-skill/arti-template/scripts/render_exported_asset_blender.py"", ""sha256"": ""f418515a9817218b08d577d95983ec934c34ddf19f17bb89c73bf52aa60bb3a7""}, ""visuals"": 58}"
230,Window,103312,/mnt/zsn/lyb/arti-skill/exp/PartNet-Mobility/data/dataset/103312,103312,/mnt/zsn/lyb/arti-skill/exp/PartNet-Mobility/data/dataset/103312/mobility.urdf,103312/mobility.urdf,5381,418b4d63f03f18d3bff4d7999cbac645086170bc3093b832c54a649df764fdd4,41,95308,60b23ee0d894fad46b050a6d54d5b7c30304e0290c897250f8efb985e352d5d0,aca8c6ab1dd866819dcc878ab20f7c7474289989e8374b7300dbb0858da664fd,15e7504d19d277e7d328dd2d3cddab38a72b4e90f96e6366d5908f90c6475c79,False,/mnt/zsn/lyb/arti-skill/exp/partnet_mobility_uniform_n5_studio_256_v1/Window/103312/imgs/000.png,1097,partnet_mobility:Window:103312:5,45,45,Window,partnet_mobility,5,Window:5,15e7504d19d277e7d328dd2d3cddab38a72b4e90f96e6366d5908f90c6475c79:103312,72592,70e10a6a1c5f1a7bec6aa467aa985926fce5da64631f0b285d8c27693e7ddd15,reused_valid,0.0,2026-08-31T10:58:58.142832Z,2026-08-31T10:58:58.147771Z,,"{""asset_dir"": ""/mnt/zsn/lyb/arti-skill/exp/PartNet-Mobility/data/dataset/103312"", ""base_renderer"": {""path"": ""/mnt/zsn/lyb/arti-skill/exp/scripts/render_articraft10k_asset_blender.py"", ""sha256"": ""24669921702ddf11c9668e16692f3a4cb7e5b40e040e215a878b92cdd294fe22""}, ""camera_distance"": 3.083033093979843, ""device"": ""OPTIX"", ""geometry"": {""mesh_visual_count"": 17, ""primitive_counts"": {""box"": 0, ""cylinder"": 0, ""sphere"": 0}}, ""material_policy"": ""native OBJ/MTL diffuse materials, forced opaque; neutral fallback"", ""materials"": 17, ""objects"": 17, ""output"": ""/mnt/zsn/lyb/arti-skill/exp/partnet_mobility_uniform_n5_studio_256_v1/Window/103312/imgs/000.png"", ""radius"": 0.9363222691747118, ""root_link"": ""base"", ""shared_renderer"": {""path"": ""/mnt/zsn/lyb/arti-skill/arti-template/scripts/render_exported_asset_blender.py"", ""sha256"": ""f418515a9817218b08d577d95983ec934c34ddf19f17bb89c73bf52aa60bb3a7""}, ""visuals"": 17}"
